distributor_id,part_number,week_start,units_sold,resale_value
D01,IG-1008,2024-01-01,103.0,4474.88
D01,IG-1008,2024-01-08,115.0,4675.28
D01,IG-1008,2024-01-15,131.0,5326.01
D01,IG-1008,2024-01-22,147.0,6345.22
D01,IG-1008,2024-01-29,168.0,7506.469999999999
D01,IG-1008,2024-02-05,127.0,5351.0
D01,IG-1008,2024-02-12,152.0,6761.95
D01,IG-1008,2024-02-19,151.0,6352.45
D01,IG-1008,2024-02-26,150.0,6135.2
D01,IG-1008,2024-03-04,139.0,5850.34
D01,IG-1008,2024-03-11,134.0,5402.13
D01,IG-1008,2024-03-18,122.0,4932.3
D01,IG-1008,2024-03-25,123.0,5209.29
D01,IG-1008,2024-04-01,155.0,6956.24
D01,IG-1008,2024-04-08,148.0,6353.91
D01,IG-1008,2024-04-15,142.0,6359.27
D01,IG-1008,2024-04-22,169.0,7237.3
D01,IG-1008,2024-04-29,150.0,6529.54
D01,IG-1008,2024-05-06,136.0,5989.24
D01,IG-1008,2024-05-13,151.0,6093.51
D01,IG-1008,2024-05-20,179.0,7325.0
D01,IG-1008,2024-05-27,137.0,5552.88
D01,IG-1008,2024-06-03,165.0,7197.83
D01,IG-1008,2024-06-10,159.0,7015.34
D01,IG-1008,2024-06-17,144.0,6302.02
D01,IG-1008,2024-06-24,155.0,6682.04
D01,IG-1008,2024-07-01,128.0,5581.54
D01,IG-1008,2024-07-08,164.0,7204.879999999999
D01,IG-1008,2024-07-15,132.0,5734.46
D01,IG-1008,2024-07-22,189.0,8124.77
D01,IG-1008,2024-07-29,159.0,7054.36
D01,IG-1008,2024-08-05,147.0,6140.56
D01,IG-1008,2024-08-12,190.0,8241.3
D01,IG-1008,2024-08-19,136.0,5863.639999999999
D01,IG-1008,2024-08-26,141.0,6249.9
D01,IG-1008,2024-09-02,119.0,5223.34
D01,IG-1008,2024-09-09,190.0,7881.37
D01,IG-1008,2024-09-16,205.0,9195.630000000001
D01,IG-1008,2024-09-23,120.0,5243.93
D01,IG-1008,2024-09-30,135.0,5815.58
D01,IG-1008,2024-10-07,154.0,6512.65
D01,IG-1008,2024-10-14,140.0,5660.86
D01,IG-1008,2024-10-21,150.0,6065.58
D01,IG-1008,2024-10-28,148.0,6009.21
D01,IG-1008,2024-11-04,159.0,6865.7
D01,IG-1008,2024-11-11,129.0,5332.5
D01,IG-1008,2024-11-18,154.0,6768.41
D01,IG-1008,2024-11-25,126.0,5431.9
D01,IG-1008,2024-12-02,141.0,5915.6
D01,IG-1008,2024-12-09,116.0,4905.27
D01,IG-1008,2024-12-16,142.0,6233.3099999999995
D01,IG-1008,2024-12-23,139.0,5901.17
D01,IG-1008,2024-12-30,176.0,7380.110000000001
D01,IG-1008,2025-01-06,152.0,6583.370000000001
D01,IG-1008,2025-01-13,158.0,6632.29
D01,IG-1008,2025-01-20,156.0,6693.5
D01,IG-1008,2025-01-27,115.0,4720.22
D01,IG-1008,2025-02-03,118.0,4771.7300000000005
D01,IG-1008,2025-02-10,154.0,6301.09
D01,IG-1008,2025-02-17,171.0,7195.379999999999
D01,IG-1008,2025-02-24,160.0,6531.379999999999
D01,IG-1008,2025-03-03,148.0,6014.81
D01,IG-1008,2025-03-10,164.0,6812.73
D01,IG-1008,2025-03-17,164.0,7242.67
D01,IG-1008,2025-03-24,196.0,8334.5
D01,IG-1008,2025-03-31,197.0,8027.09
D01,IG-1008,2025-04-07,164.0,7355.880000000001
D01,IG-1008,2025-04-14,179.0,7691.7
D01,IG-1008,2025-04-21,190.0,8039.33
D01,IG-1008,2025-04-28,196.0,8635.619999999999
D01,IG-1008,2025-05-05,238.0,10493.470000000001
D01,IG-1008,2025-05-12,187.0,8169.889999999999
D01,IG-1008,2025-05-19,225.0,9559.869999999999
D01,IG-1008,2025-05-26,159.0,6594.32
D01,IG-1008,2025-06-02,173.0,7581.4
D01,IG-1008,2025-06-09,139.0,6033.0199999999995
D01,IG-1008,2025-06-16,196.0,8669.47
D01,IG-1008,2025-06-23,212.0,9086.03
D01,IG-1008,2025-06-30,131.0,5512.349999999999
D01,IG-1008,2025-07-07,150.0,6356.07
D01,IG-1008,2025-07-14,158.0,6721.62
D01,IG-1008,2025-07-21,155.0,6863.4400000000005
D01,IG-1008,2025-07-28,117.0,4946.45
D01,IG-1008,2025-08-04,156.0,6459.14
D01,IG-1008,2025-08-11,137.0,5926.5
D01,IG-1008,2025-08-18,147.0,6177.51
D01,IG-1008,2025-08-25,130.0,5540.08
D01,IG-1008,2025-09-01,138.0,6063.42
D01,IG-1008,2025-09-08,151.0,6086.14
D01,IG-1008,2025-09-15,122.0,4895.41
D01,IG-1008,2025-09-22,129.0,5650.4
D01,IG-1008,2025-09-29,146.0,6491.349999999999
D01,IG-1008,2025-10-06,117.0,4965.2
D01,IG-1008,2025-10-13,99.0,4100.81
D01,IG-1008,2025-10-20,128.0,5183.74
D01,IG-1008,2025-10-27,141.0,6318.24
D01,IG-1008,2025-11-03,136.0,5605.55
D01,IG-1008,2025-11-10,123.0,5204.64
D01,IG-1008,2025-11-17,77.0,3380.67
D01,IG-1008,2025-11-24,98.0,4335.06
D01,IG-1008,2025-12-01,98.0,4038.55
D01,IG-1008,2025-12-08,107.0,4521.54
D01,IG-1008,2025-12-15,136.0,5935.42
D01,IG-1008,2025-12-22,89.0,3870.33
D01,IG-1008,2025-12-29,146.0,5952.860000000001
D01,IG-1008,2026-01-05,98.0,4003.48
D01,IG-1008,2026-01-12,92.0,3934.49
D01,IG-1008,2026-01-19,117.0,4978.08
D01,IG-1008,2026-01-26,118.0,5296.370000000001
D01,IG-1008,2026-02-02,113.0,4633.2
D01,IG-1008,2026-02-09,92.0,3699.92
D01,IG-1008,2026-02-16,111.0,4939.849999999999
D01,IG-1008,2026-02-23,88.0,3773.45
D01,IG-1008,2026-03-02,91.0,4033.99
D01,IG-1008,2026-03-09,101.0,4357.6
D01,IG-1008,2026-03-16,91.0,3947.2299999999996
D01,IG-1008,2026-03-23,121.0,4998.360000000001
D01,IG-1008,2026-03-30,94.0,3899.28
D01,IG-1010,2024-01-01,162.0,10175.68
D01,IG-1010,2024-01-08,201.0,12305.88
D01,IG-1010,2024-01-15,195.0,11844.29
D01,IG-1010,2024-01-22,250.0,14661.67
D01,IG-1010,2024-01-29,177.0,10511.25
D01,IG-1010,2024-02-05,197.0,12176.18
D01,IG-1010,2024-02-12,190.0,11806.2
D01,IG-1010,2024-02-19,273.0,16937.010000000002
D01,IG-1010,2024-02-26,196.0,11880.79
D01,IG-1010,2024-03-04,246.0,15764.5
D01,IG-1010,2024-03-11,265.0,17038.33
D01,IG-1010,2024-03-18,227.0,14084.86
D01,IG-1010,2024-03-25,191.0,11944.06
D01,IG-1010,2024-04-01,194.0,12480.77
D01,IG-1010,2024-04-08,275.0,16625.41
D01,IG-1010,2024-04-15,202.0,11974.91
D01,IG-1010,2024-04-22,262.0,16510.29
D01,IG-1010,2024-04-29,254.0,14834.07
D01,IG-1010,2024-05-06,266.0,17098.36
D01,IG-1010,2024-05-13,272.0,16065.41
D01,IG-1010,2024-05-20,222.0,13505.62
D01,IG-1010,2024-05-27,222.0,13761.970000000001
D01,IG-1010,2024-06-03,288.0,17456.15
D01,IG-1010,2024-06-10,236.0,15199.560000000001
D01,IG-1010,2024-06-17,173.0,10772.92
D01,IG-1010,2024-06-24,288.0,17207.440000000002
D01,IG-1010,2024-07-01,224.0,13289.1
D01,IG-1010,2024-07-08,280.0,17494.01
D01,IG-1010,2024-07-15,322.0,18702.05
D01,IG-1010,2024-07-22,261.0,16657.25
D01,IG-1010,2024-07-29,302.0,19374.91
D01,IG-1010,2024-08-05,265.0,16768.99
D01,IG-1010,2024-08-12,327.0,20224.620000000003
D01,IG-1010,2024-08-19,219.0,13253.230000000001
D01,IG-1010,2024-08-26,255.0,16008.84
D01,IG-1010,2024-09-02,281.0,17813.76
D01,IG-1010,2024-09-09,245.0,14268.12
D01,IG-1010,2024-09-16,298.0,19051.05
D01,IG-1010,2024-09-23,233.0,14760.15
D01,IG-1010,2024-09-30,338.0,19935.91
D01,IG-1010,2024-10-07,338.0,21822.18
D01,IG-1010,2024-10-14,255.0,15512.74
D01,IG-1010,2024-10-21,265.0,16356.51
D01,IG-1010,2024-10-28,290.0,17777.8
D01,IG-1010,2024-11-04,203.0,12254.96
D01,IG-1010,2024-11-11,198.0,12381.73
D01,IG-1010,2024-11-18,291.0,17726.36
D01,IG-1010,2024-11-25,252.0,15845.55
D01,IG-1010,2024-12-02,234.0,15075.98
D01,IG-1010,2024-12-09,243.0,15360.51
D01,IG-1010,2024-12-16,170.0,10920.2
D01,IG-1010,2024-12-23,238.0,15087.59
D01,IG-1010,2024-12-30,220.0,13015.54
D01,IG-1010,2025-01-06,285.0,17446.34
D01,IG-1010,2025-01-13,291.0,18667.52
D01,IG-1010,2025-01-20,276.0,17516.17
D01,IG-1010,2025-01-27,271.0,17130.440000000002
D01,IG-1010,2025-02-03,206.0,11981.64
D01,IG-1010,2025-02-10,286.0,17342.92
D01,IG-1010,2025-02-17,291.0,17440.58
D01,IG-1010,2025-02-24,323.0,19646.2
D01,IG-1010,2025-03-03,373.0,21825.059999999998
D01,IG-1010,2025-03-10,213.0,13717.529999999999
D01,IG-1010,2025-03-17,263.0,16790.91
D01,IG-1010,2025-03-24,252.0,15727.07
D01,IG-1010,2025-03-31,293.0,17955.65
D01,IG-1010,2025-04-07,289.0,17570.01
D01,IG-1010,2025-04-14,282.0,17180.8
D01,IG-1010,2025-04-21,344.0,21211.91
D01,IG-1010,2025-04-28,253.0,15983.78
D01,IG-1010,2025-05-05,257.0,16114.14
D01,IG-1010,2025-05-12,260.0,16100.52
D01,IG-1010,2025-05-19,289.0,16744.5
D01,IG-1010,2025-05-26,255.0,15942.36
D01,IG-1010,2025-06-02,306.0,19487.42
D01,IG-1010,2025-06-09,302.0,18272.69
D01,IG-1010,2025-06-16,276.0,16155.439999999999
D01,IG-1010,2025-06-23,354.0,20826.780000000002
D01,IG-1010,2025-06-30,308.0,18379.07
D01,IG-1010,2025-07-07,277.0,16451.97
D01,IG-1010,2025-07-14,226.0,13391.8
D01,IG-1010,2025-07-21,229.0,14062.34
D01,IG-1010,2025-07-28,209.0,12942.14
D01,IG-1010,2025-08-04,224.0,13927.560000000001
D01,IG-1010,2025-08-11,245.0,15527.35
D01,IG-1010,2025-08-18,204.0,12828.08
D01,IG-1010,2025-08-25,231.0,13830.779999999999
D01,IG-1010,2025-09-01,186.0,11857.09
D01,IG-1010,2025-09-08,231.0,13870.0
D01,IG-1010,2025-09-15,186.0,11076.75
D01,IG-1010,2025-09-22,227.0,14445.419999999998
D01,IG-1010,2025-09-29,198.0,12064.96
D01,IG-1010,2025-10-06,242.0,15334.32
D01,IG-1010,2025-10-13,160.0,9517.75
D01,IG-1010,2025-10-20,150.0,9202.71
D01,IG-1010,2025-10-27,168.0,9712.74
D01,IG-1010,2025-11-03,147.0,9370.96
D01,IG-1010,2025-11-10,145.0,8773.89
D01,IG-1010,2025-11-17,194.0,11416.88
D01,IG-1010,2025-11-24,175.0,10627.64
D01,IG-1010,2025-12-01,161.0,10266.16
D01,IG-1010,2025-12-08,162.0,9866.6
D01,IG-1010,2025-12-15,156.0,9456.21
D01,IG-1010,2025-12-22,217.0,13504.34
D01,IG-1010,2025-12-29,151.0,8885.42
D01,IG-1010,2026-01-05,137.0,8058.82
D01,IG-1010,2026-01-12,188.0,11810.25
D01,IG-1010,2026-01-19,161.0,9708.16
D01,IG-1010,2026-01-26,226.0,14385.67
D01,IG-1010,2026-02-02,154.0,9384.9
D01,IG-1010,2026-02-09,189.0,11280.46
D01,IG-1010,2026-02-16,195.0,12214.41
D01,IG-1010,2026-02-23,154.0,9879.51
D01,IG-1010,2026-03-02,149.0,8799.53
D01,IG-1010,2026-03-09,186.0,11113.73
D01,IG-1010,2026-03-16,181.0,11342.77
D01,IG-1010,2026-03-23,135.0,7962.49
D01,IG-1010,2026-03-30,140.0,8250.869999999999
D01,IG-1012,2024-01-01,207.0,14432.17
D01,IG-1012,2024-01-08,153.0,10448.08
D01,IG-1012,2024-01-15,177.0,12729.380000000001
D01,IG-1012,2024-01-22,215.0,15449.76
D01,IG-1012,2024-01-29,180.0,12293.44
D01,IG-1012,2024-02-05,166.0,11037.36
D01,IG-1012,2024-02-12,196.0,12745.33
D01,IG-1012,2024-02-19,174.0,12234.57
D01,IG-1012,2024-02-26,195.0,13722.81
D01,IG-1012,2024-03-04,177.0,12010.57
D01,IG-1012,2024-03-11,211.0,14284.939999999999
D01,IG-1012,2024-03-18,153.0,10235.57
D01,IG-1012,2024-03-25,164.0,11717.08
D01,IG-1012,2024-04-01,156.0,10123.150000000001
D01,IG-1012,2024-04-08,194.0,13199.04
D01,IG-1012,2024-04-15,157.0,10381.07
D01,IG-1012,2024-04-22,180.0,12342.69
D01,IG-1012,2024-04-29,171.0,11350.32
D01,IG-1012,2024-05-06,254.0,17162.11
D01,IG-1012,2024-05-13,177.0,12054.51
D01,IG-1012,2024-05-20,171.0,11205.56
D01,IG-1012,2024-05-27,216.0,14809.85
D01,IG-1012,2024-06-03,270.0,19415.58
D01,IG-1012,2024-06-10,207.0,13380.029999999999
D01,IG-1012,2024-06-17,210.0,14004.49
D01,IG-1012,2024-06-24,257.0,16935.45
D01,IG-1012,2024-07-01,241.0,15886.34
D01,IG-1012,2024-07-08,226.0,16231.3
D01,IG-1012,2024-07-15,194.0,12855.0
D01,IG-1012,2024-07-22,226.0,15394.52
D01,IG-1012,2024-07-29,172.0,12230.43
D01,IG-1012,2024-08-05,191.0,13683.93
D01,IG-1012,2024-08-12,259.0,17035.0
D01,IG-1012,2024-08-19,252.0,16421.44
D01,IG-1012,2024-08-26,221.0,15531.2
D01,IG-1012,2024-09-02,154.0,10704.95
D01,IG-1012,2024-09-09,170.0,11850.48
D01,IG-1012,2024-09-16,183.0,12456.25
D01,IG-1012,2024-09-23,196.0,13843.550000000001
D01,IG-1012,2024-09-30,166.0,11942.61
D01,IG-1012,2024-10-07,192.0,12749.550000000001
D01,IG-1012,2024-10-14,258.0,17022.72
D01,IG-1012,2024-10-21,209.0,14657.33
D01,IG-1012,2024-10-28,203.0,14065.76
D01,IG-1012,2024-11-04,168.0,10852.19
D01,IG-1012,2024-11-11,153.0,10597.18
D01,IG-1012,2024-11-18,163.0,11484.93
D01,IG-1012,2024-11-25,152.0,10074.94
D01,IG-1012,2024-12-02,198.0,13398.880000000001
D01,IG-1012,2024-12-09,208.0,13582.69
D01,IG-1012,2024-12-16,170.0,11015.35
D01,IG-1012,2024-12-23,203.0,13652.87
D01,IG-1012,2024-12-30,248.0,16160.24
D01,IG-1012,2025-01-06,269.0,19039.35
D01,IG-1012,2025-01-13,227.0,14744.45
D01,IG-1012,2025-01-20,199.0,14074.1
D01,IG-1012,2025-01-27,231.0,16034.42
D01,IG-1012,2025-02-03,256.0,17828.91
D01,IG-1012,2025-02-10,157.0,10651.42
D01,IG-1012,2025-02-17,268.0,17343.65
D01,IG-1012,2025-02-24,200.0,13867.210000000001
D01,IG-1012,2025-03-03,203.0,13421.65
D01,IG-1012,2025-03-10,211.0,14255.96
D01,IG-1012,2025-03-17,237.0,16808.81
D01,IG-1012,2025-03-24,193.0,13850.16
D01,IG-1012,2025-03-31,221.0,14420.91
D01,IG-1012,2025-04-07,253.0,16957.17
D01,IG-1012,2025-04-14,244.0,16018.33
D01,IG-1012,2025-04-21,253.0,16498.18
D01,IG-1012,2025-04-28,230.0,16104.78
D01,IG-1012,2025-05-05,270.0,17620.97
D01,IG-1012,2025-05-12,287.0,19872.989999999998
D01,IG-1012,2025-05-19,287.0,19290.02
D01,IG-1012,2025-05-26,265.0,18491.35
D01,IG-1012,2025-06-02,287.0,20513.870000000003
D01,IG-1012,2025-06-09,285.0,19087.42
D01,IG-1012,2025-06-16,375.0,24974.190000000002
D01,IG-1012,2025-06-23,302.0,20929.28
D01,IG-1012,2025-06-30,248.0,16659.32
D01,IG-1012,2025-07-07,167.0,11319.03
D01,IG-1012,2025-07-14,182.0,12186.92
D01,IG-1012,2025-07-21,177.0,11707.51
D01,IG-1012,2025-07-28,199.0,13360.74
D01,IG-1012,2025-08-04,163.0,11321.35
D01,IG-1012,2025-08-11,213.0,14553.99
D01,IG-1012,2025-08-18,143.0,10104.050000000001
D01,IG-1012,2025-08-25,135.0,9645.93
D01,IG-1012,2025-09-01,167.0,11346.82
D01,IG-1012,2025-09-08,147.0,10583.210000000001
D01,IG-1012,2025-09-15,136.0,8847.56
D01,IG-1012,2025-09-22,147.0,9770.48
D01,IG-1012,2025-09-29,142.0,9576.45
D01,IG-1012,2025-10-06,156.0,10766.949999999999
D01,IG-1012,2025-10-13,140.0,9597.77
D01,IG-1012,2025-10-20,139.0,9586.4
D01,IG-1012,2025-10-27,149.0,10596.42
D01,IG-1012,2025-11-03,171.0,11379.960000000001
D01,IG-1012,2025-11-10,181.0,12754.22
D01,IG-1012,2025-11-17,146.0,10046.97
D01,IG-1012,2025-11-24,146.0,9977.5
D01,IG-1012,2025-12-01,136.0,9095.26
D01,IG-1012,2025-12-08,149.0,9964.88
D01,IG-1012,2025-12-15,146.0,9846.9
D01,IG-1012,2025-12-22,167.0,11600.949999999999
D01,IG-1012,2025-12-29,103.0,7138.05
D01,IG-1012,2026-01-05,131.0,8869.82
D01,IG-1012,2026-01-12,142.0,9318.22
D01,IG-1012,2026-01-19,134.0,9654.21
D01,IG-1012,2026-01-26,117.0,7653.28
D01,IG-1012,2026-02-02,111.0,7766.16
D01,IG-1012,2026-02-09,152.0,10047.189999999999
D01,IG-1012,2026-02-16,120.0,8157.530000000001
D01,IG-1012,2026-02-23,103.0,7381.17
D01,IG-1012,2026-03-02,153.0,10132.15
D01,IG-1012,2026-03-09,144.0,9418.64
D01,IG-1012,2026-03-16,132.0,8742.58
D01,IG-1012,2026-03-23,117.0,8360.49
D01,IG-1012,2026-03-30,132.0,8682.66
D01,IG-1012,2026-04-06,161.0,11603.33
D01,IG-1012,2026-04-13,105.0,6966.52
D01,IG-1012,2026-04-20,107.0,7282.610000000001
D01,IG-1012,2026-04-27,124.0,8516.03
D01,IG-1012,2026-05-04,136.0,9798.31
D01,IG-1012,2026-05-11,128.0,8759.1
D01,IG-1012,2026-05-18,152.0,10707.89
D01,IG-1012,2026-05-25,163.0,10670.86
D01,IG-1012,2026-06-01,145.0,9554.27
D01,IG-1012,2026-06-08,151.0,10092.66
D01,IG-1012,2026-06-15,144.0,9896.009999999998
D01,IG-1012,2026-06-22,139.0,9784.85
D01,IG-1013,2024-01-01,51.0,2847.86
D01,IG-1013,2024-01-08,55.0,3166.97
D01,IG-1013,2024-01-15,52.0,3034.01
D01,IG-1013,2024-01-22,64.0,3613.27
D01,IG-1013,2024-01-29,56.0,3323.26
D01,IG-1013,2024-02-05,59.0,3452.9
D01,IG-1013,2024-02-12,46.0,2660.08
D01,IG-1013,2024-02-19,66.0,3947.59
D01,IG-1013,2024-02-26,53.0,3211.64
D01,IG-1013,2024-03-04,50.0,3097.9700000000003
D01,IG-1013,2024-03-11,76.0,4301.82
D01,IG-1013,2024-03-18,67.0,3890.65
D01,IG-1013,2024-03-25,71.0,3961.0599999999995
D01,IG-1013,2024-04-01,66.0,4030.5
D01,IG-1013,2024-04-08,62.0,3535.1
D01,IG-1013,2024-04-15,61.0,3449.9300000000003
D01,IG-1013,2024-04-22,72.0,4400.08
D01,IG-1013,2024-04-29,77.0,4752.59
D01,IG-1013,2024-05-06,65.0,3954.96
D01,IG-1013,2024-05-13,90.0,5282.59
D01,IG-1013,2024-05-20,64.0,3605.85
D01,IG-1013,2024-05-27,54.0,3097.79
D01,IG-1013,2024-06-03,52.0,2928.0
D01,IG-1013,2024-06-10,52.0,3117.02
D01,IG-1013,2024-06-17,64.0,3922.51
D01,IG-1013,2024-06-24,65.0,3928.26
D01,IG-1013,2024-07-01,75.0,4646.41
D01,IG-1013,2024-07-08,68.0,4150.719999999999
D01,IG-1013,2024-07-15,77.0,4774.92
D01,IG-1013,2024-07-22,68.0,4171.04
D01,IG-1013,2024-07-29,68.0,3830.32
D01,IG-1013,2024-08-05,62.0,3745.27
D01,IG-1013,2024-08-12,83.0,4714.68
D01,IG-1013,2024-08-19,53.0,2962.59
D01,IG-1013,2024-08-26,69.0,3948.04
D01,IG-1013,2024-09-02,64.0,3837.65
D01,IG-1013,2024-09-09,74.0,4428.93
D01,IG-1013,2024-09-16,65.0,3818.14
D01,IG-1013,2024-09-23,65.0,3851.65
D01,IG-1013,2024-09-30,62.0,3544.13
D01,IG-1013,2024-10-07,79.0,4844.95
D01,IG-1013,2024-10-14,64.0,3853.53
D01,IG-1013,2024-10-21,85.0,5026.3
D01,IG-1013,2024-10-28,66.0,3852.31
D01,IG-1013,2024-11-04,63.0,3705.23
D01,IG-1013,2024-11-11,61.0,3427.87
D01,IG-1013,2024-11-18,68.0,3886.8900000000003
D01,IG-1013,2024-11-25,57.0,3220.2700000000004
D01,IG-1013,2024-12-02,64.0,3618.4
D01,IG-1013,2024-12-09,63.0,3798.63
D01,IG-1013,2024-12-16,66.0,4084.4500000000003
D01,IG-1013,2024-12-23,67.0,3870.43
D01,IG-1013,2024-12-30,68.0,3935.81
D01,IG-1013,2025-01-06,65.0,4027.09
D01,IG-1013,2025-01-13,82.0,4881.59
D01,IG-1013,2025-01-20,70.0,4181.09
D01,IG-1013,2025-01-27,98.0,5640.36
D01,IG-1013,2025-02-03,68.0,3872.7300000000005
D01,IG-1013,2025-02-10,78.0,4449.69
D01,IG-1013,2025-02-17,62.0,3545.07
D01,IG-1013,2025-02-24,86.0,4976.38
D01,IG-1013,2025-03-03,63.0,3700.46
D01,IG-1013,2025-03-10,76.0,4660.2
D01,IG-1013,2025-03-17,69.0,4077.97
D01,IG-1013,2025-03-24,78.0,4476.8
D01,IG-1013,2025-03-31,72.0,4166.45
D01,IG-1013,2025-04-07,67.0,3893.7599999999998
D01,IG-1013,2025-04-14,73.0,4292.47
D01,IG-1013,2025-04-21,97.0,5654.07
D01,IG-1013,2025-04-28,83.0,4899.29
D01,IG-1013,2025-05-05,64.0,3614.66
D01,IG-1013,2025-05-12,93.0,5289.92
D01,IG-1013,2025-05-19,69.0,3889.59
D01,IG-1013,2025-05-26,89.0,5261.629999999999
D01,IG-1013,2025-06-02,87.0,5219.27
D01,IG-1013,2025-06-09,88.0,5241.96
D01,IG-1013,2025-06-16,106.0,6243.17
D01,IG-1013,2025-06-23,71.0,4134.5
D01,IG-1013,2025-06-30,88.0,5130.67
D01,IG-1013,2025-07-07,74.0,4198.12
D01,IG-1013,2025-07-14,55.0,3209.42
D01,IG-1013,2025-07-21,53.0,3239.13
D01,IG-1013,2025-07-28,56.0,3143.15
D01,IG-1013,2025-08-04,61.0,3641.36
D01,IG-1013,2025-08-11,46.0,2771.83
D01,IG-1013,2025-08-18,61.0,3701.8
D01,IG-1013,2025-08-25,45.0,2764.14
D01,IG-1013,2025-09-01,66.0,4002.93
D01,IG-1013,2025-09-08,58.0,3492.91
D01,IG-1013,2025-09-15,70.0,4018.55
D01,IG-1013,2025-09-22,57.0,3550.58
D01,IG-1013,2025-09-29,49.0,2851.63
D01,IG-1013,2025-10-06,44.0,2589.32
D01,IG-1013,2025-10-13,51.0,3004.11
D01,IG-1013,2025-10-20,48.0,2972.7799999999997
D01,IG-1013,2025-10-27,57.0,3315.3
D01,IG-1013,2025-11-03,41.0,2385.1
D01,IG-1013,2025-11-10,63.0,3531.7400000000002
D01,IG-1013,2025-11-17,56.0,3321.24
D01,IG-1013,2025-11-24,44.0,2450.3199999999997
D01,IG-1013,2025-12-01,59.0,3474.51
D01,IG-1013,2025-12-08,40.0,2224.1
D01,IG-1013,2025-12-15,46.0,2662.37
D01,IG-1013,2025-12-22,36.0,2196.51
D01,IG-1013,2025-12-29,58.0,3429.21
D01,IG-1013,2026-01-05,34.0,1982.84
D01,IG-1013,2026-01-12,35.0,2112.11
D01,IG-1013,2026-01-19,39.0,2418.33
D01,IG-1013,2026-01-26,53.0,3114.51
D01,IG-1013,2026-02-02,50.0,2867.7
D01,IG-1013,2026-02-09,44.0,2691.13
D01,IG-1013,2026-02-16,50.0,3078.2
D01,IG-1013,2026-02-23,42.0,2566.2400000000002
D01,IG-1013,2026-03-02,46.0,2749.77
D01,IG-1013,2026-03-09,55.0,3077.67
D01,IG-1013,2026-03-16,42.0,2337.0600000000004
D01,IG-1013,2026-03-23,38.0,2175.32
D01,IG-1013,2026-03-30,46.0,2815.58
D01,IG-1013,2026-04-06,48.0,2963.8
D01,IG-1013,2026-04-13,44.0,2678.3
D01,IG-1013,2026-04-20,50.0,2933.54
D01,IG-1013,2026-04-27,42.0,2409.74
D01,IG-1013,2026-05-04,45.0,2539.0299999999997
D01,IG-1013,2026-05-11,47.0,2663.31
D01,IG-1013,2026-05-18,46.0,2829.36
D01,IG-1013,2026-05-25,57.0,3243.01
D01,IG-1013,2026-06-01,47.0,2802.61
D01,IG-1013,2026-06-08,42.0,2368.59
D01,IG-1013,2026-06-15,48.0,2930.84
D01,IG-1013,2026-06-22,52.0,3115.27
D01,IG-1014,2024-01-01,71.0,2993.65
D01,IG-1014,2024-01-08,97.0,4103.14
D01,IG-1014,2024-01-15,83.0,3705.7
D01,IG-1014,2024-01-22,66.0,2841.3399999999997
D01,IG-1014,2024-01-29,74.0,3229.72
D01,IG-1014,2024-02-05,101.0,4401.8
D01,IG-1014,2024-02-12,90.0,3803.71
D01,IG-1014,2024-02-19,72.0,3106.57
D01,IG-1014,2024-02-26,80.0,3420.14
D01,IG-1014,2024-03-04,82.0,3545.0699999999997
D01,IG-1014,2024-03-11,79.0,3527.4
D01,IG-1014,2024-03-18,67.0,2997.5
D01,IG-1014,2024-03-25,79.0,3551.38
D01,IG-1014,2024-04-01,110.0,4614.96
D01,IG-1014,2024-04-08,85.0,3667.09
D01,IG-1014,2024-04-15,90.0,4060.73
D01,IG-1014,2024-04-22,94.0,4118.43
D01,IG-1014,2024-04-29,130.0,5770.57
D01,IG-1014,2024-05-06,94.0,3959.62
D01,IG-1014,2024-05-13,112.0,4999.9
D01,IG-1014,2024-05-20,87.0,3705.92
D01,IG-1014,2024-05-27,93.0,3937.02
D01,IG-1014,2024-06-03,97.0,4318.74
D01,IG-1014,2024-06-10,86.0,3604.97
D01,IG-1014,2024-06-17,94.0,4122.28
D01,IG-1014,2024-06-24,112.0,4994.72
D01,IG-1014,2024-07-01,87.0,3741.75
D01,IG-1014,2024-07-08,98.0,4043.4500000000003
D01,IG-1014,2024-07-15,109.0,4803.74
D01,IG-1014,2024-07-22,86.0,3766.03
D01,IG-1014,2024-07-29,114.0,4780.76
D01,IG-1014,2024-08-05,98.0,4207.35
D01,IG-1014,2024-08-12,94.0,4112.04
D01,IG-1014,2024-08-19,71.0,3029.56
D01,IG-1014,2024-08-26,90.0,3930.15
D01,IG-1014,2024-09-02,100.0,4614.4
D01,IG-1014,2024-09-09,122.0,5629.139999999999
D01,IG-1014,2024-09-16,102.0,4233.94
D01,IG-1014,2024-09-23,110.0,4928.38
D01,IG-1014,2024-09-30,77.0,3205.8
D01,IG-1014,2024-10-07,90.0,3794.85
D01,IG-1014,2024-10-14,110.0,4759.74
D01,IG-1014,2024-10-21,80.0,3422.58
D01,IG-1014,2024-10-28,105.0,4617.12
D01,IG-1014,2024-11-04,101.0,4632.18
D01,IG-1014,2024-11-11,94.0,4081.58
D01,IG-1014,2024-11-18,86.0,3845.07
D01,IG-1014,2024-11-25,78.0,3331.69
D01,IG-1014,2024-12-02,118.0,5242.18
D01,IG-1014,2024-12-09,100.0,4293.52
D01,IG-1014,2024-12-16,96.0,4002.49
D01,IG-1014,2024-12-23,86.0,3823.22
D01,IG-1014,2024-12-30,93.0,4136.13
D01,IG-1014,2025-01-06,95.0,4375.04
D01,IG-1014,2025-01-13,99.0,4142.51
D01,IG-1014,2025-01-20,105.0,4744.2
D01,IG-1014,2025-01-27,85.0,3619.15
D01,IG-1014,2025-02-03,77.0,3285.55
D01,IG-1014,2025-02-10,99.0,4455.12
D01,IG-1014,2025-02-17,76.0,3249.96
D01,IG-1014,2025-02-24,95.0,4247.0599999999995
D01,IG-1014,2025-03-03,94.0,4108.82
D01,IG-1014,2025-03-10,111.0,4951.38
D01,IG-1014,2025-03-17,140.0,5905.17
D01,IG-1014,2025-03-24,79.0,3408.54
D01,IG-1014,2025-03-31,150.0,6624.25
D01,IG-1014,2025-04-07,104.0,4687.52
D01,IG-1014,2025-04-14,115.0,5107.11
D01,IG-1014,2025-04-21,89.0,3870.1499999999996
D01,IG-1014,2025-04-28,129.0,5470.700000000001
D01,IG-1014,2025-05-05,113.0,4883.99
D01,IG-1014,2025-05-12,112.0,5081.82
D01,IG-1014,2025-05-19,85.0,3600.7200000000003
D01,IG-1014,2025-05-26,116.0,5254.04
D01,IG-1014,2025-06-02,131.0,5855.57
D01,IG-1014,2025-06-09,112.0,5022.69
D01,IG-1014,2025-06-16,138.0,6049.01
D01,IG-1014,2025-06-23,138.0,5713.25
D01,IG-1014,2025-06-30,105.0,4509.07
D01,IG-1014,2025-07-07,112.0,4916.61
D01,IG-1014,2025-07-14,88.0,3912.19
D01,IG-1014,2025-07-21,87.0,3978.39
D01,IG-1014,2025-07-28,86.0,3604.54
D01,IG-1014,2025-08-04,85.0,3828.07
D01,IG-1014,2025-08-11,56.0,2534.13
D01,IG-1014,2025-08-18,79.0,3566.91
D01,IG-1014,2025-08-25,65.0,2936.21
D01,IG-1014,2025-09-01,100.0,4307.08
D01,IG-1014,2025-09-08,98.0,4373.87
D01,IG-1014,2025-09-15,86.0,3795.71
D01,IG-1014,2025-09-22,72.0,3114.68
D01,IG-1014,2025-09-29,63.0,2899.79
D01,IG-1014,2025-10-06,65.0,2785.65
D01,IG-1014,2025-10-13,95.0,4103.52
D01,IG-1014,2025-10-20,63.0,2824.8500000000004
D01,IG-1014,2025-10-27,48.0,2147.17
D01,IG-1014,2025-11-03,79.0,3518.33
D01,IG-1014,2025-11-10,84.0,3841.18
D01,IG-1014,2025-11-17,85.0,3636.83
D01,IG-1014,2025-11-24,76.0,3175.1
D01,IG-1014,2025-12-01,77.0,3199.9
D01,IG-1014,2025-12-08,65.0,2866.84
D01,IG-1014,2025-12-15,47.0,1972.82
D01,IG-1014,2025-12-22,63.0,2626.4
D01,IG-1014,2025-12-29,69.0,2862.11
D01,IG-1014,2026-01-05,61.0,2533.37
D01,IG-1014,2026-01-12,61.0,2689.4
D01,IG-1014,2026-01-19,54.0,2305.91
D01,IG-1014,2026-01-26,53.0,2404.88
D01,IG-1014,2026-02-02,82.0,3450.01
D01,IG-1014,2026-02-09,82.0,3657.23
D01,IG-1014,2026-02-16,62.0,2647.41
D01,IG-1014,2026-02-23,65.0,2883.0099999999998
D01,IG-1014,2026-03-02,54.0,2430.18
D01,IG-1014,2026-03-09,68.0,2984.72
D01,IG-1014,2026-03-16,81.0,3517.44
D01,IG-1014,2026-03-23,49.0,2204.99
D01,IG-1014,2026-03-30,67.0,2778.59
D01,IG-1014,2026-04-06,67.0,2864.23
D01,IG-1014,2026-04-13,67.0,2773.67
D01,IG-1014,2026-04-20,80.0,3469.83
D01,IG-1014,2026-04-27,85.0,3543.25
D01,IG-1014,2026-05-04,32.0,1357.6100000000001
D01,IG-1014,2026-05-11,70.0,3077.46
D01,IG-1014,2026-05-18,65.0,2776.35
D01,IG-1014,2026-05-25,58.0,2458.58
D01,IG-1014,2026-06-01,67.0,2913.62
D01,IG-1014,2026-06-08,71.0,3123.2000000000003
D01,IG-1014,2026-06-15,66.0,2854.42
D01,IG-1014,2026-06-22,56.0,2440.78
D01,IS-1022,2024-01-01,663.0,8677.85
D01,IS-1022,2024-01-08,599.0,8501.84
D01,IS-1022,2024-01-15,731.0,9857.65
D01,IS-1022,2024-01-22,663.0,9206.32
D01,IS-1022,2024-01-29,776.0,10361.68
D01,IS-1022,2024-02-05,633.0,8998.18
D01,IS-1022,2024-02-12,1065.0,15010.810000000001
D01,IS-1022,2024-02-19,626.0,8903.44
D01,IS-1022,2024-02-26,602.0,8078.49
D01,IS-1022,2024-03-04,597.0,8129.34
D01,IS-1022,2024-03-11,682.0,8938.61
D01,IS-1022,2024-03-18,550.0,7485.210000000001
D01,IS-1022,2024-03-25,752.0,10523.82
D01,IS-1022,2024-04-01,546.0,7351.799999999999
D01,IS-1022,2024-04-08,752.0,10338.41
D01,IS-1022,2024-04-15,605.0,8641.71
D01,IS-1022,2024-04-22,705.0,9506.85
D01,IS-1022,2024-04-29,824.0,10665.470000000001
D01,IS-1022,2024-05-06,1070.0,15002.15
D01,IS-1022,2024-05-13,648.0,9235.49
D01,IS-1022,2024-05-20,748.0,9762.56
D01,IS-1022,2024-05-27,689.0,9827.96
D01,IS-1022,2024-06-03,675.0,9253.21
D01,IS-1022,2024-06-10,692.0,9767.48
D01,IS-1022,2024-06-17,872.0,12017.45
D01,IS-1022,2024-06-24,715.0,9767.01
D01,IS-1022,2024-07-01,1076.0,15381.3
D01,IS-1022,2024-07-08,814.0,10780.3
D01,IS-1022,2024-07-15,655.0,8547.45
D01,IS-1022,2024-07-22,717.0,9696.56
D01,IS-1022,2024-07-29,668.0,9346.9
D01,IS-1022,2024-08-05,843.0,11049.230000000001
D01,IS-1022,2024-08-12,580.0,8102.34
D01,IS-1022,2024-08-19,601.0,8571.800000000001
D01,IS-1022,2024-08-26,667.0,8986.77
D01,IS-1022,2024-09-02,799.0,10860.3
D01,IS-1022,2024-09-09,860.0,11719.04
D01,IS-1022,2024-09-16,870.0,12307.76
D01,IS-1022,2024-09-23,758.0,9861.619999999999
D01,IS-1022,2024-09-30,685.0,9573.2
D01,IS-1022,2024-10-07,774.0,10580.76
D01,IS-1022,2024-10-14,573.0,8067.17
D01,IS-1022,2024-10-21,511.0,6792.4400000000005
D01,IS-1022,2024-10-28,714.0,9470.25
D01,IS-1022,2024-11-04,571.0,7948.25
D01,IS-1022,2024-11-11,654.0,8990.029999999999
D01,IS-1022,2024-11-18,669.0,9359.3
D01,IS-1022,2024-11-25,679.0,8977.23
D01,IS-1022,2024-12-02,750.0,10060.98
D01,IS-1022,2024-12-09,737.0,10037.24
D01,IS-1022,2024-12-16,670.0,8914.42
D01,IS-1022,2024-12-23,609.0,8246.62
D01,IS-1022,2024-12-30,663.0,8694.93
D01,IS-1022,2025-01-06,598.0,7944.08
D01,IS-1022,2025-01-13,638.0,8221.35
D01,IS-1022,2025-01-20,978.0,13042.83
D01,IS-1022,2025-01-27,682.0,9235.75
D01,IS-1022,2025-02-03,715.0,10108.82
D01,IS-1022,2025-02-10,606.0,8513.6
D01,IS-1022,2025-02-17,791.0,10367.449999999999
D01,IS-1022,2025-02-24,766.0,10126.8
D01,IS-1022,2025-03-03,773.0,10268.34
D01,IS-1022,2025-03-10,718.0,9844.41
D01,IS-1022,2025-03-17,818.0,11416.18
D01,IS-1022,2025-03-24,855.0,11108.38
D01,IS-1022,2025-03-31,742.0,10298.45
D01,IS-1022,2025-04-07,704.0,9089.69
D01,IS-1022,2025-04-14,825.0,11016.18
D01,IS-1022,2025-04-21,633.0,8733.99
D01,IS-1022,2025-04-28,655.0,9096.08
D01,IS-1022,2025-05-05,726.0,9781.97
D01,IS-1022,2025-05-12,566.0,7795.97
D01,IS-1022,2025-05-19,834.0,11556.630000000001
D01,IS-1022,2025-05-26,638.0,8478.939999999999
D01,IS-1022,2025-06-02,687.0,8875.91
D01,IS-1022,2025-06-09,714.0,10035.07
D01,IS-1022,2025-06-16,740.0,10048.88
D01,IS-1022,2025-06-23,697.0,9743.14
D01,IS-1022,2025-06-30,723.0,10205.87
D01,IS-1022,2025-07-07,721.0,10190.63
D01,IS-1022,2025-07-14,676.0,9450.86
D01,IS-1022,2025-07-21,640.0,8599.03
D01,IS-1022,2025-07-28,839.0,11781.8
D01,IS-1022,2025-08-04,516.0,7125.99
D01,IS-1022,2025-08-11,680.0,9674.91
D01,IS-1022,2025-08-18,648.0,8316.49
D01,IS-1022,2025-08-25,733.0,9731.34
D01,IS-1022,2025-09-01,548.0,7327.47
D01,IS-1022,2025-09-08,626.0,8397.48
D01,IS-1022,2025-09-15,657.0,9342.61
D01,IS-1022,2025-09-22,776.0,11049.44
D01,IS-1022,2025-09-29,688.0,9050.42
D01,IS-1022,2025-10-06,543.0,7719.88
D01,IS-1022,2025-10-13,597.0,8552.26
D01,IS-1022,2025-10-20,728.0,9934.65
D01,IS-1022,2025-10-27,529.0,7108.51
D01,IS-1022,2025-11-03,622.0,8547.63
D01,IS-1022,2025-11-10,625.0,8564.74
D01,IS-1022,2025-11-17,588.0,8178.55
D01,IS-1022,2025-11-24,931.0,13204.49
D01,IS-1022,2025-12-01,583.0,8228.73
D01,IS-1022,2025-12-08,664.0,9425.11
D01,IS-1022,2025-12-15,554.0,7211.38
D01,IS-1022,2025-12-22,674.0,9226.08
D01,IS-1022,2025-12-29,712.0,9755.99
D01,IS-1022,2026-01-05,575.0,7757.969999999999
D01,IS-1022,2026-01-12,627.0,8722.74
D01,IS-1022,2026-01-19,557.0,7464.57
D01,IS-1022,2026-01-26,541.0,7157.51
D01,IS-1022,2026-02-02,757.0,10843.39
D01,IS-1022,2026-02-09,602.0,8140.58
D01,IS-1022,2026-02-16,460.0,6416.370000000001
D01,IS-1022,2026-02-23,871.0,11549.45
D01,IS-1022,2026-03-02,599.0,8018.94
D01,IS-1022,2026-03-09,658.0,8860.04
D01,IS-1022,2026-03-16,883.0,12568.48
D01,IS-1022,2026-03-23,683.0,9056.31
D01,IS-1022,2026-03-30,688.0,9261.41
D01,IS-1022,2026-04-06,592.0,7892.92
D01,IS-1022,2026-04-13,562.0,7412.45
D01,IS-1022,2026-04-20,707.0,9826.24
D01,IS-1022,2026-04-27,772.0,10904.970000000001
D01,IS-1022,2026-05-04,770.0,10323.009999999998
D01,IS-1022,2026-05-11,689.0,9290.070000000002
D01,IS-1022,2026-05-18,747.0,10552.04
D01,IS-1022,2026-05-25,567.0,7591.75
D01,IS-1022,2026-06-01,803.0,11096.15
D01,IS-1022,2026-06-08,770.0,10650.87
D01,IS-1022,2026-06-15,1011.0,14421.59
D01,IS-1022,2026-06-22,753.0,10552.2
D01,IS-1023,2024-01-01,822.0,12413.67
D01,IS-1023,2024-01-08,575.0,9146.85
D01,IS-1023,2024-01-15,611.0,8867.89
D01,IS-1023,2024-01-22,772.0,12053.7
D01,IS-1023,2024-01-29,755.0,11680.95
D01,IS-1023,2024-02-05,711.0,11137.65
D01,IS-1023,2024-02-12,1030.0,16164.97
D01,IS-1023,2024-02-19,795.0,11961.9
D01,IS-1023,2024-02-26,858.0,13487.16
D01,IS-1023,2024-03-04,927.0,14840.62
D01,IS-1023,2024-03-11,815.0,12317.130000000001
D01,IS-1023,2024-03-18,1206.0,18350.739999999998
D01,IS-1023,2024-03-25,717.0,10957.029999999999
D01,IS-1023,2024-04-01,762.0,11118.34
D01,IS-1023,2024-04-08,732.0,10900.490000000002
D01,IS-1023,2024-04-15,1075.0,16670.75
D01,IS-1023,2024-04-22,967.0,14125.16
D01,IS-1023,2024-04-29,796.0,12386.87
D01,IS-1023,2024-05-06,764.0,12248.68
D01,IS-1023,2024-05-13,1076.0,16629.79
D01,IS-1023,2024-05-20,927.0,13872.52
D01,IS-1023,2024-05-27,1089.0,16863.63
D01,IS-1023,2024-06-03,875.0,12946.35
D01,IS-1023,2024-06-10,955.0,14764.9
D01,IS-1023,2024-06-17,925.0,14580.9
D01,IS-1023,2024-06-24,805.0,12358.66
D01,IS-1023,2024-07-01,863.0,12875.63
D01,IS-1023,2024-07-08,736.0,11446.849999999999
D01,IS-1023,2024-07-15,942.0,13645.8
D01,IS-1023,2024-07-22,975.0,15595.24
D01,IS-1023,2024-07-29,1003.0,15594.06
D01,IS-1023,2024-08-05,949.0,14204.34
D01,IS-1023,2024-08-12,835.0,12963.79
D01,IS-1023,2024-08-19,1066.0,15956.12
D01,IS-1023,2024-08-26,956.0,14974.24
D01,IS-1023,2024-09-02,1020.0,16406.7
D01,IS-1023,2024-09-09,1020.0,15059.69
D01,IS-1023,2024-09-16,797.0,12664.65
D01,IS-1023,2024-09-23,852.0,12627.85
D01,IS-1023,2024-09-30,894.0,13395.62
D01,IS-1023,2024-10-07,664.0,9977.15
D01,IS-1023,2024-10-14,660.0,10098.39
D01,IS-1023,2024-10-21,637.0,10245.650000000001
D01,IS-1023,2024-10-28,756.0,11856.960000000001
D01,IS-1023,2024-11-04,725.0,11669.82
D01,IS-1023,2024-11-11,611.0,9010.77
D01,IS-1023,2024-11-18,771.0,12112.74
D01,IS-1023,2024-11-25,740.0,11367.4
D01,IS-1023,2024-12-02,894.0,14157.880000000001
D01,IS-1023,2024-12-09,1011.0,15533.54
D01,IS-1023,2024-12-16,800.0,12419.24
D01,IS-1023,2024-12-23,673.0,10661.91
D01,IS-1023,2024-12-30,825.0,12513.03
D01,IS-1023,2025-01-06,752.0,11275.05
D01,IS-1023,2025-01-13,727.0,11463.43
D01,IS-1023,2025-01-20,666.0,9855.55
D01,IS-1023,2025-01-27,711.0,11398.59
D01,IS-1023,2025-02-03,747.0,11581.98
D01,IS-1023,2025-02-10,872.0,13162.390000000001
D01,IS-1023,2025-02-17,841.0,13366.92
D01,IS-1023,2025-02-24,1032.0,16249.69
D01,IS-1023,2025-03-03,876.0,13439.289999999999
D01,IS-1023,2025-03-10,851.0,12560.02
D01,IS-1023,2025-03-17,768.0,11979.5
D01,IS-1023,2025-03-24,694.0,10784.14
D01,IS-1023,2025-03-31,750.0,11245.91
D01,IS-1023,2025-04-07,741.0,10895.77
D01,IS-1023,2025-04-14,564.0,8605.32
D01,IS-1023,2025-04-21,716.0,11228.03
D01,IS-1023,2025-04-28,1065.0,15753.509999999998
D01,IS-1023,2025-05-05,888.0,13933.76
D01,IS-1023,2025-05-12,797.0,12181.94
D01,IS-1023,2025-05-19,897.0,13491.31
D01,IS-1023,2025-05-26,631.0,9404.55
D01,IS-1023,2025-06-02,883.0,13157.359999999999
D01,IS-1023,2025-06-09,1025.0,15754.12
D01,IS-1023,2025-06-16,829.0,12656.52
D01,IS-1023,2025-06-23,646.0,9812.35
D01,IS-1023,2025-06-30,789.0,11776.79
D01,IS-1023,2025-07-07,1012.0,16158.0
D01,IS-1023,2025-07-14,863.0,13636.47
D01,IS-1023,2025-07-21,667.0,10180.460000000001
D01,IS-1023,2025-07-28,1168.0,18507.78
D01,IS-1023,2025-08-04,673.0,10639.02
D01,IS-1023,2025-08-11,776.0,11987.369999999999
D01,IS-1023,2025-08-18,683.0,10548.21
D01,IS-1023,2025-08-25,676.0,10811.33
D01,IS-1023,2025-09-01,731.0,11478.54
D01,IS-1023,2025-09-08,852.0,13640.6
D01,IS-1023,2025-09-15,930.0,14843.72
D01,IS-1023,2025-09-22,716.0,10866.13
D01,IS-1023,2025-09-29,646.0,10289.41
D01,IS-1023,2025-10-06,800.0,12745.83
D01,IS-1023,2025-10-13,797.0,11562.39
D01,IS-1023,2025-10-20,759.0,11003.9
D01,IS-1023,2025-10-27,758.0,11109.44
D01,IS-1023,2025-11-03,710.0,11268.340000000002
D01,IS-1023,2025-11-10,729.0,11106.09
D01,IS-1023,2025-11-17,696.0,10229.77
D01,IS-1023,2025-11-24,838.0,12871.44
D01,IS-1023,2025-12-01,996.0,15534.16
D01,IS-1023,2025-12-08,732.0,10578.62
D01,IS-1023,2025-12-15,713.0,11110.15
D01,IS-1023,2025-12-22,743.0,11967.210000000001
D01,IS-1023,2025-12-29,650.0,10341.33
D01,IS-1023,2026-01-05,809.0,12226.630000000001
D01,IS-1023,2026-01-12,776.0,12043.46
D01,IS-1023,2026-01-19,687.0,10378.28
D01,IS-1023,2026-01-26,844.0,12535.3
D01,IS-1023,2026-02-02,746.0,11247.900000000001
D01,IS-1023,2026-02-09,649.0,10255.09
D01,IS-1023,2026-02-16,800.0,12660.31
D01,IS-1023,2026-02-23,795.0,12509.56
D01,IS-1023,2026-03-02,896.0,13193.4
D01,IS-1023,2026-03-09,888.0,13457.57
D01,IS-1023,2026-03-16,780.0,12201.74
D01,IS-1023,2026-03-23,746.0,11125.58
D01,IS-1023,2026-03-30,810.0,12674.91
D01,IS-1023,2026-04-06,863.0,13532.3
D01,IS-1023,2026-04-13,887.0,13920.34
D01,IS-1023,2026-04-20,871.0,12606.56
D01,IS-1023,2026-04-27,828.0,13089.79
D01,IS-1023,2026-05-04,981.0,15658.68
D01,IS-1023,2026-05-11,768.0,12216.64
D01,IS-1023,2026-05-18,1240.0,18613.13
D01,IS-1023,2026-05-25,962.0,14164.77
D01,IS-1023,2026-06-01,727.0,10677.96
D01,IS-1023,2026-06-08,887.0,14128.689999999999
D01,IS-1023,2026-06-15,970.0,15457.28
D01,IS-1023,2026-06-22,819.0,12172.98
D01,IS-1025,2024-01-01,514.0,6576.5599999999995
D01,IS-1025,2024-01-08,488.0,6827.76
D01,IS-1025,2024-01-15,483.0,6124.88
D01,IS-1025,2024-01-22,514.0,7126.56
D01,IS-1025,2024-01-29,535.0,6812.94
D01,IS-1025,2024-02-05,393.0,5062.43
D01,IS-1025,2024-02-12,505.0,6418.22
D01,IS-1025,2024-02-19,478.0,6247.25
D01,IS-1025,2024-02-26,469.0,6562.82
D01,IS-1025,2024-03-04,611.0,8427.7
D01,IS-1025,2024-03-11,455.0,5850.14
D01,IS-1025,2024-03-18,417.0,5313.53
D01,IS-1025,2024-03-25,585.0,7599.62
D01,IS-1025,2024-04-01,424.0,5779.95
D01,IS-1025,2024-04-08,397.0,5026.16
D01,IS-1025,2024-04-15,613.0,7900.889999999999
D01,IS-1025,2024-04-22,552.0,7231.82
D01,IS-1025,2024-04-29,583.0,7567.19
D01,IS-1025,2024-05-06,512.0,6670.71
D01,IS-1025,2024-05-13,447.0,6025.09
D01,IS-1025,2024-05-20,462.0,6371.73
D01,IS-1025,2024-05-27,532.0,7267.18
D01,IS-1025,2024-06-03,459.0,6420.74
D01,IS-1025,2024-06-10,582.0,7597.35
D01,IS-1025,2024-06-17,519.0,6709.18
D01,IS-1025,2024-06-24,571.0,7278.389999999999
D01,IS-1025,2024-07-01,567.0,7782.98
D01,IS-1025,2024-07-08,585.0,8049.24
D01,IS-1025,2024-07-15,593.0,8207.69
D01,IS-1025,2024-07-22,519.0,6761.88
D01,IS-1025,2024-07-29,559.0,7495.87
D01,IS-1025,2024-08-05,559.0,7855.64
D01,IS-1025,2024-08-12,372.0,5116.59
D01,IS-1025,2024-08-19,585.0,7806.75
D01,IS-1025,2024-08-26,538.0,7086.170000000001
D01,IS-1025,2024-09-02,567.0,7189.51
D01,IS-1025,2024-09-09,425.0,5873.98
D01,IS-1025,2024-09-16,487.0,6306.45
D01,IS-1025,2024-09-23,429.0,5857.07
D01,IS-1025,2024-09-30,560.0,7458.48
D01,IS-1025,2024-10-07,401.0,5294.92
D01,IS-1025,2024-10-14,427.0,5638.57
D01,IS-1025,2024-10-21,527.0,7207.59
D01,IS-1025,2024-10-28,439.0,5928.29
D01,IS-1025,2024-11-04,417.0,5639.99
D01,IS-1025,2024-11-11,546.0,7448.22
D01,IS-1025,2024-11-18,546.0,7257.780000000001
D01,IS-1025,2024-11-25,526.0,6928.9400000000005
D01,IS-1025,2024-12-02,535.0,7028.280000000001
D01,IS-1025,2024-12-09,454.0,6146.44
D01,IS-1025,2024-12-16,455.0,5825.12
D01,IS-1025,2024-12-23,426.0,5768.4400000000005
D01,IS-1025,2024-12-30,483.0,6201.81
D01,IS-1025,2025-01-06,436.0,5873.450000000001
D01,IS-1025,2025-01-13,444.0,5998.09
D01,IS-1025,2025-01-20,521.0,6631.240000000001
D01,IS-1025,2025-01-27,572.0,7436.41
D01,IS-1025,2025-02-03,512.0,7013.030000000001
D01,IS-1025,2025-02-10,636.0,8617.91
D01,IS-1025,2025-02-17,440.0,6121.91
D01,IS-1025,2025-02-24,375.0,5151.139999999999
D01,IS-1025,2025-03-03,554.0,7307.93
D01,IS-1025,2025-03-10,447.0,5883.639999999999
D01,IS-1025,2025-03-17,485.0,6223.24
D01,IS-1025,2025-03-24,391.0,5417.879999999999
D01,IS-1025,2025-03-31,449.0,6028.0
D01,IS-1025,2025-04-07,413.0,5543.7
D01,IS-1025,2025-04-14,488.0,6437.889999999999
D01,IS-1025,2025-04-21,494.0,6696.9400000000005
D01,IS-1025,2025-04-28,533.0,7008.83
D01,IS-1025,2025-05-05,636.0,8235.22
D01,IS-1025,2025-05-12,587.0,7571.950000000001
D01,IS-1025,2025-05-19,417.0,5575.5199999999995
D01,IS-1025,2025-05-26,583.0,7927.4
D01,IS-1025,2025-06-02,541.0,7542.25
D01,IS-1025,2025-06-09,524.0,6841.09
D01,IS-1025,2025-06-16,529.0,6862.02
D01,IS-1025,2025-06-23,546.0,7000.86
D01,IS-1025,2025-06-30,475.0,6675.33
D01,IS-1025,2025-07-07,511.0,6899.34
D01,IS-1025,2025-07-14,623.0,8564.07
D01,IS-1025,2025-07-21,467.0,6150.96
D01,IS-1025,2025-07-28,441.0,5836.5599999999995
D01,IS-1025,2025-08-04,506.0,6696.99
D01,IS-1025,2025-08-11,427.0,5962.9
D01,IS-1025,2025-08-18,387.0,5363.110000000001
D01,IS-1025,2025-08-25,472.0,6088.15
D01,IS-1025,2025-09-01,611.0,8216.89
D01,IS-1025,2025-09-08,484.0,6365.94
D01,IS-1025,2025-09-15,495.0,6584.79
D01,IS-1025,2025-09-22,347.0,4483.82
D01,IS-1025,2025-09-29,505.0,6471.35
D01,IS-1025,2025-10-06,475.0,6637.7300000000005
D01,IS-1025,2025-10-13,420.0,5774.4
D01,IS-1025,2025-10-20,473.0,5985.16
D01,IS-1025,2025-10-27,469.0,6035.83
D01,IS-1025,2025-11-03,387.0,5253.55
D01,IS-1025,2025-11-10,475.0,6432.17
D01,IS-1025,2025-11-17,538.0,7220.79
D01,IS-1025,2025-11-24,434.0,5480.360000000001
D01,IS-1025,2025-12-01,393.0,5490.82
D01,IS-1025,2025-12-08,436.0,5845.48
D01,IS-1025,2025-12-15,510.0,6611.3099999999995
D01,IS-1025,2025-12-22,374.0,5255.79
D01,IS-1025,2025-12-29,492.0,6344.88
D01,IS-1025,2026-01-05,410.0,5184.34
D01,IS-1025,2026-01-12,473.0,6210.0
D01,IS-1025,2026-01-19,422.0,5745.09
D01,IS-1025,2026-01-26,426.0,5696.599999999999
D01,IS-1025,2026-02-02,588.0,7844.349999999999
D01,IS-1025,2026-02-09,382.0,4852.62
D01,IS-1025,2026-02-16,513.0,6569.75
D01,IS-1025,2026-02-23,625.0,8657.42
D01,IS-1025,2026-03-02,540.0,7529.61
D01,IS-1025,2026-03-09,404.0,5225.139999999999
D01,IS-1025,2026-03-16,411.0,5207.69
D01,IS-1025,2026-03-23,450.0,5949.629999999999
D01,IS-1025,2026-03-30,521.0,6972.83
D01,IS-1025,2026-04-06,532.0,6876.370000000001
D01,IS-1025,2026-04-13,429.0,5698.5599999999995
D01,IS-1025,2026-04-20,459.0,6369.52
D01,IS-1025,2026-04-27,467.0,6238.86
D01,IS-1025,2026-05-04,517.0,6611.23
D01,IS-1025,2026-05-11,720.0,9736.99
D01,IS-1025,2026-05-18,467.0,6363.9
D01,IS-1025,2026-05-25,466.0,5965.81
D01,IS-1025,2026-06-01,457.0,5950.85
D01,IS-1025,2026-06-08,597.0,7749.08
D01,IS-1025,2026-06-15,539.0,7231.27
D01,IS-1025,2026-06-22,474.0,6117.6
D01,IS-1028,2024-01-01,874.0,11618.3
D01,IS-1028,2024-01-08,791.0,10569.64
D01,IS-1028,2024-01-15,590.0,8232.28
D01,IS-1028,2024-01-22,767.0,10770.45
D01,IS-1028,2024-01-29,571.0,7698.55
D01,IS-1028,2024-02-05,867.0,11760.95
D01,IS-1028,2024-02-12,700.0,9433.31
D01,IS-1028,2024-02-19,653.0,8602.57
D01,IS-1028,2024-02-26,897.0,12084.37
D01,IS-1028,2024-03-04,872.0,11291.55
D01,IS-1028,2024-03-11,840.0,11263.81
D01,IS-1028,2024-03-18,1139.0,16083.02
D01,IS-1028,2024-03-25,911.0,12444.1
D01,IS-1028,2024-04-01,760.0,10278.72
D01,IS-1028,2024-04-08,913.0,12074.58
D01,IS-1028,2024-04-15,817.0,10551.869999999999
D01,IS-1028,2024-04-22,1040.0,13971.93
D01,IS-1028,2024-04-29,904.0,12112.53
D01,IS-1028,2024-05-06,923.0,12273.58
D01,IS-1028,2024-05-13,706.0,9630.62
D01,IS-1028,2024-05-20,889.0,11962.09
D01,IS-1028,2024-05-27,876.0,11665.06
D01,IS-1028,2024-06-03,760.0,10267.89
D01,IS-1028,2024-06-10,858.0,11078.29
D01,IS-1028,2024-06-17,947.0,13075.61
D01,IS-1028,2024-06-24,885.0,12739.82
D01,IS-1028,2024-07-01,715.0,9471.8
D01,IS-1028,2024-07-08,846.0,11491.970000000001
D01,IS-1028,2024-07-15,818.0,10936.08
D01,IS-1028,2024-07-22,898.0,12005.279999999999
D01,IS-1028,2024-07-29,878.0,11616.69
D01,IS-1028,2024-08-05,809.0,10998.17
D01,IS-1028,2024-08-12,798.0,10422.54
D01,IS-1028,2024-08-19,855.0,11619.17
D01,IS-1028,2024-08-26,969.0,13939.210000000001
D01,IS-1028,2024-09-02,866.0,12210.85
D01,IS-1028,2024-09-09,1018.0,14163.08
D01,IS-1028,2024-09-16,965.0,13196.470000000001
D01,IS-1028,2024-09-23,1009.0,14323.96
D01,IS-1028,2024-09-30,980.0,12893.94
D01,IS-1028,2024-10-07,999.0,14138.68
D01,IS-1028,2024-10-14,659.0,8639.53
D01,IS-1028,2024-10-21,856.0,12237.01
D01,IS-1028,2024-10-28,925.0,12312.39
D01,IS-1028,2024-11-04,943.0,12861.41
D01,IS-1028,2024-11-11,677.0,9186.94
D01,IS-1028,2024-11-18,834.0,11724.55
D01,IS-1028,2024-11-25,761.0,10895.46
D01,IS-1028,2024-12-02,990.0,13330.72
D01,IS-1028,2024-12-09,609.0,8651.960000000001
D01,IS-1028,2024-12-16,667.0,9509.56
D01,IS-1028,2024-12-23,571.0,7452.09
D01,IS-1028,2024-12-30,767.0,10642.45
D01,IS-1028,2025-01-06,1058.0,15093.84
D01,IS-1028,2025-01-13,751.0,9828.779999999999
D01,IS-1028,2025-01-20,772.0,10423.69
D01,IS-1028,2025-01-27,830.0,11002.119999999999
D01,IS-1028,2025-02-03,756.0,10502.35
D01,IS-1028,2025-02-10,819.0,10726.95
D01,IS-1028,2025-02-17,828.0,11478.49
D01,IS-1028,2025-02-24,693.0,9853.78
D01,IS-1028,2025-03-03,783.0,10882.46
D01,IS-1028,2025-03-10,894.0,11865.27
D01,IS-1028,2025-03-17,927.0,13107.73
D01,IS-1028,2025-03-24,988.0,13796.44
D01,IS-1028,2025-03-31,862.0,12216.54
D01,IS-1028,2025-04-07,870.0,12217.359999999999
D01,IS-1028,2025-04-14,929.0,12835.48
D01,IS-1028,2025-04-21,764.0,10418.5
D01,IS-1028,2025-04-28,763.0,10506.7
D01,IS-1028,2025-05-05,827.0,11093.779999999999
D01,IS-1028,2025-05-12,698.0,9455.73
D01,IS-1028,2025-05-19,901.0,12071.359999999999
D01,IS-1028,2025-05-26,993.0,12928.689999999999
D01,IS-1028,2025-06-02,763.0,10906.4
D01,IS-1028,2025-06-09,906.0,11753.76
D01,IS-1028,2025-06-16,771.0,10621.76
D01,IS-1028,2025-06-23,725.0,9712.99
D01,IS-1028,2025-06-30,1145.0,15102.49
D01,IS-1028,2025-07-07,720.0,9766.96
D01,IS-1028,2025-07-14,687.0,9628.65
D01,IS-1028,2025-07-21,854.0,12044.0
D01,IS-1028,2025-07-28,855.0,11125.51
D01,IS-1028,2025-08-04,900.0,12068.130000000001
D01,IS-1028,2025-08-11,1090.0,15346.75
D01,IS-1028,2025-08-18,712.0,10066.48
D01,IS-1028,2025-08-25,726.0,9483.26
D01,IS-1028,2025-09-01,998.0,13692.89
D01,IS-1028,2025-09-08,894.0,12704.11
D01,IS-1028,2025-09-15,867.0,11549.59
D01,IS-1028,2025-09-22,697.0,9842.72
D01,IS-1028,2025-09-29,892.0,12199.150000000001
D01,IS-1028,2025-10-06,842.0,11505.0
D01,IS-1028,2025-10-13,761.0,10366.51
D01,IS-1028,2025-10-20,672.0,9050.67
D01,IS-1028,2025-10-27,741.0,9858.47
D01,IS-1028,2025-11-03,928.0,12116.42
D01,IS-1028,2025-11-10,612.0,8625.35
D01,IS-1028,2025-11-17,637.0,8687.2
D01,IS-1028,2025-11-24,651.0,8896.71
D01,IS-1028,2025-12-01,672.0,8831.34
D01,IS-1028,2025-12-08,713.0,10081.79
D01,IS-1028,2025-12-15,826.0,10939.68
D01,IS-1028,2025-12-22,769.0,10947.49
D01,IS-1028,2025-12-29,726.0,9727.41
D01,IS-1028,2026-01-05,754.0,10232.55
D01,IS-1028,2026-01-12,799.0,10747.75
D01,IS-1028,2026-01-19,570.0,7438.73
D01,IS-1028,2026-01-26,868.0,11499.26
D01,IS-1028,2026-02-02,659.0,8928.03
D01,IS-1028,2026-02-09,705.0,10016.09
D01,IS-1028,2026-02-16,801.0,11049.15
D01,IS-1028,2026-02-23,760.0,10179.509999999998
D01,IS-1028,2026-03-02,836.0,11167.630000000001
D01,IS-1028,2026-03-09,803.0,10954.73
D01,IS-1028,2026-03-16,761.0,10958.22
D01,IS-1028,2026-03-23,1010.0,13357.41
D01,IS-1028,2026-03-30,903.0,12383.140000000001
D01,IS-1028,2026-04-06,858.0,12043.47
D01,IS-1028,2026-04-13,918.0,12837.92
D01,IS-1028,2026-04-20,751.0,10402.89
D01,IS-1028,2026-04-27,1166.0,16074.01
D01,IS-1028,2026-05-04,720.0,10143.24
D01,IS-1028,2026-05-11,867.0,11281.42
D01,IS-1028,2026-05-18,821.0,11111.18
D01,IS-1028,2026-05-25,820.0,11639.88
D01,IS-1028,2026-06-01,806.0,10966.98
D01,IS-1028,2026-06-08,770.0,10586.43
D01,IS-1028,2026-06-15,1035.0,13572.66
D01,IS-1028,2026-06-22,723.0,9477.470000000001
D01,LD-1037,2024-01-01,3807.0,2226.76
D01,LD-1037,2024-01-08,3877.0,2452.0
D01,LD-1037,2024-01-15,4082.0,2457.98
D01,LD-1037,2024-01-22,3566.0,2263.16
D01,LD-1037,2024-01-29,3393.0,2160.4300000000003
D01,LD-1037,2024-02-05,3921.0,2445.4500000000003
D01,LD-1037,2024-02-12,3706.0,2210.69
D01,LD-1037,2024-02-19,5043.0,2935.76
D01,LD-1037,2024-02-26,3842.0,2484.94
D01,LD-1037,2024-03-04,4040.0,2389.01
D01,LD-1037,2024-03-11,5962.0,3475.2000000000003
D01,LD-1037,2024-03-18,4033.0,2364.64
D01,LD-1037,2024-03-25,4556.0,2872.7799999999997
D01,LD-1037,2024-04-01,4660.0,2814.38
D01,LD-1037,2024-04-08,4760.0,2978.09
D01,LD-1037,2024-04-15,4490.0,2826.21
D01,LD-1037,2024-04-22,4458.0,2689.7200000000003
D01,LD-1037,2024-04-29,4425.0,2821.26
D01,LD-1037,2024-05-06,4020.0,2533.3999999999996
D01,LD-1037,2024-05-13,4624.0,2885.1800000000003
D01,LD-1037,2024-05-20,5992.0,3727.34
D01,LD-1037,2024-05-27,5314.0,3230.3
D01,LD-1037,2024-06-03,4646.0,2837.11
D01,LD-1037,2024-06-10,5050.0,3156.65
D01,LD-1037,2024-06-17,3896.0,2269.02
D01,LD-1037,2024-06-24,4262.0,2488.6400000000003
D01,LD-1037,2024-07-01,5095.0,3299.32
D01,LD-1037,2024-07-08,5504.0,3505.3900000000003
D01,LD-1037,2024-07-15,3905.0,2461.99
D01,LD-1037,2024-07-22,4054.0,2501.61
D01,LD-1037,2024-07-29,6007.0,3866.62
D01,LD-1037,2024-08-05,4362.0,2802.7
D01,LD-1037,2024-08-12,5607.0,3399.93
D01,LD-1037,2024-08-19,4362.0,2830.03
D01,LD-1037,2024-08-26,4349.0,2760.87
D01,LD-1037,2024-09-02,3966.0,2316.14
D01,LD-1037,2024-09-09,4737.0,3007.62
D01,LD-1037,2024-09-16,4993.0,3132.22
D01,LD-1037,2024-09-23,3454.0,2166.96
D01,LD-1037,2024-09-30,3790.0,2394.49
D01,LD-1037,2024-10-07,4542.0,2681.1
D01,LD-1037,2024-10-14,3850.0,2333.42
D01,LD-1037,2024-10-21,3617.0,2304.05
D01,LD-1037,2024-10-28,4498.0,2656.75
D01,LD-1037,2024-11-04,4533.0,2755.75
D01,LD-1037,2024-11-11,3572.0,2193.75
D01,LD-1037,2024-11-18,3928.0,2404.15
D01,LD-1037,2024-11-25,3164.0,1947.02
D01,LD-1037,2024-12-02,3310.0,2052.4
D01,LD-1037,2024-12-09,3855.0,2403.34
D01,LD-1037,2024-12-16,3804.0,2302.32
D01,LD-1037,2024-12-23,3281.0,1971.06
D01,LD-1037,2024-12-30,3417.0,2123.5299999999997
D01,LD-1037,2025-01-06,3257.0,1964.09
D01,LD-1037,2025-01-13,4113.0,2580.41
D01,LD-1037,2025-01-20,2878.0,1745.74
D01,LD-1037,2025-01-27,3346.0,2166.17
D01,LD-1037,2025-02-03,2969.0,1773.02
D01,LD-1037,2025-02-10,4216.0,2617.47
D01,LD-1037,2025-02-17,3049.0,1807.19
D01,LD-1037,2025-02-24,4053.0,2401.5699999999997
D01,LD-1037,2025-03-03,5208.0,3301.83
D01,LD-1037,2025-03-10,5286.0,3426.09
D01,LD-1037,2025-03-17,3167.0,2003.52
D01,LD-1037,2025-03-24,4383.0,2626.26
D01,LD-1037,2025-03-31,3646.0,2193.31
D01,LD-1037,2025-04-07,3566.0,2159.51
D01,LD-1037,2025-04-14,4227.0,2528.92
D01,LD-1037,2025-04-21,5207.0,3067.31
D01,LD-1037,2025-04-28,4769.0,3026.7599999999998
D01,LD-1037,2025-05-05,3937.0,2473.22
D01,LD-1037,2025-05-12,4895.0,3105.9399999999996
D01,LD-1037,2025-05-19,3157.0,2030.3200000000002
D01,LD-1037,2025-05-26,3959.0,2333.82
D01,LD-1037,2025-06-02,3923.0,2536.7000000000003
D01,LD-1037,2025-06-09,4494.0,2794.45
D01,LD-1037,2025-06-16,4306.0,2575.22
D01,LD-1037,2025-06-23,4339.0,2585.37
D01,LD-1037,2025-06-30,4306.0,2791.1
D01,LD-1037,2025-07-07,4419.0,2783.59
D01,LD-1037,2025-07-14,4753.0,2785.69
D01,LD-1037,2025-07-21,4457.0,2606.58
D01,LD-1037,2025-07-28,4150.0,2692.0
D01,LD-1037,2025-08-04,4566.0,2925.45
D01,LD-1037,2025-08-11,4828.0,3037.94
D01,LD-1037,2025-08-18,3891.0,2508.7200000000003
D01,LD-1037,2025-08-25,4154.0,2485.2000000000003
D01,LD-1037,2025-09-01,4943.0,3185.03
D01,LD-1037,2025-09-08,3485.0,2087.4
D01,LD-1037,2025-09-15,5339.0,3227.31
D01,LD-1037,2025-09-22,3300.0,1949.73
D01,LD-1037,2025-09-29,3794.0,2222.35
D01,LD-1037,2025-10-06,3434.0,2085.16
D01,LD-1037,2025-10-13,5450.0,3372.47
D01,LD-1037,2025-10-20,3611.0,2149.4900000000002
D01,LD-1037,2025-10-27,3586.0,2255.44
D01,LD-1037,2025-11-03,3634.0,2292.3
D01,LD-1037,2025-11-10,3876.0,2413.55
D01,LD-1037,2025-11-17,3622.0,2124.08
D01,LD-1037,2025-11-24,3718.0,2354.54
D01,LD-1037,2025-12-01,2230.0,1413.17
D01,LD-1037,2025-12-08,3816.0,2448.85
D01,LD-1037,2025-12-15,3796.0,2229.8199999999997
D01,LD-1037,2025-12-22,4432.0,2877.4
D01,LD-1037,2025-12-29,4630.0,2824.58
D01,LD-1037,2026-01-05,3715.0,2383.59
D01,LD-1037,2026-01-12,4342.0,2688.0
D01,LD-1037,2026-01-19,3277.0,2097.6
D01,LD-1037,2026-01-26,4369.0,2696.72
D01,LD-1037,2026-02-02,3603.0,2126.52
D01,LD-1037,2026-02-09,3315.0,1983.61
D01,LD-1037,2026-02-16,3886.0,2454.0
D01,LD-1037,2026-02-23,4977.0,2963.39
D01,LD-1037,2026-03-02,4185.0,2629.08
D01,LD-1037,2026-03-09,5147.0,3152.38
D01,LD-1037,2026-03-16,3711.0,2288.55
D01,LD-1037,2026-03-23,4905.0,2952.08
D01,LD-1037,2026-03-30,3835.0,2295.0
D01,LD-1037,2026-04-06,4412.0,2765.4
D01,LD-1037,2026-04-13,4441.0,2759.66
D01,LD-1037,2026-04-20,4782.0,3097.1099999999997
D01,LD-1037,2026-04-27,4526.0,2701.8
D01,LD-1037,2026-05-04,3923.0,2540.52
D01,LD-1037,2026-05-11,5025.0,3251.29
D01,LD-1037,2026-05-18,5731.0,3431.5299999999997
D01,LD-1037,2026-05-25,4060.0,2470.75
D01,LD-1037,2026-06-01,3371.0,1997.51
D01,LD-1037,2026-06-08,4787.0,3007.98
D01,LD-1037,2026-06-15,4224.0,2635.59
D01,LD-1037,2026-06-22,4346.0,2701.45
D01,LD-1039,2024-01-01,3437.0,1123.21
D01,LD-1039,2024-01-08,2583.0,825.23
D01,LD-1039,2024-01-15,2829.0,885.3599999999999
D01,LD-1039,2024-01-22,2921.0,971.61
D01,LD-1039,2024-01-29,3177.0,1063.68
D01,LD-1039,2024-02-05,2948.0,923.68
D01,LD-1039,2024-02-12,3705.0,1249.87
D01,LD-1039,2024-02-19,2643.0,819.88
D01,LD-1039,2024-02-26,2679.0,859.47
D01,LD-1039,2024-03-04,3260.0,1065.93
D01,LD-1039,2024-03-11,3371.0,1037.8
D01,LD-1039,2024-03-18,2810.0,902.55
D01,LD-1039,2024-03-25,3221.0,1019.07
D01,LD-1039,2024-04-01,3352.0,1144.77
D01,LD-1039,2024-04-08,3384.0,1129.1
D01,LD-1039,2024-04-15,3702.0,1164.93
D01,LD-1039,2024-04-22,3301.0,1037.64
D01,LD-1039,2024-04-29,4579.0,1569.38
D01,LD-1039,2024-05-06,3969.0,1311.67
D01,LD-1039,2024-05-13,3284.0,1051.12
D01,LD-1039,2024-05-20,3773.0,1255.74
D01,LD-1039,2024-05-27,3800.0,1217.98
D01,LD-1039,2024-06-03,4483.0,1444.63
D01,LD-1039,2024-06-10,3416.0,1148.25
D01,LD-1039,2024-06-17,4192.0,1294.04
D01,LD-1039,2024-06-24,3754.0,1258.21
D01,LD-1039,2024-07-01,4653.0,1506.49
D01,LD-1039,2024-07-08,4498.0,1450.6
D01,LD-1039,2024-07-15,3800.0,1272.0
D01,LD-1039,2024-07-22,3527.0,1104.17
D01,LD-1039,2024-07-29,3933.0,1223.79
D01,LD-1039,2024-08-05,3522.0,1165.53
D01,LD-1039,2024-08-12,4619.0,1492.69
D01,LD-1039,2024-08-19,3602.0,1186.73
D01,LD-1039,2024-08-26,3319.0,1102.8
D01,LD-1039,2024-09-02,3262.0,1044.6599999999999
D01,LD-1039,2024-09-09,2885.0,888.81
D01,LD-1039,2024-09-16,3726.0,1170.38
D01,LD-1039,2024-09-23,3002.0,941.08
D01,LD-1039,2024-09-30,3965.0,1265.84
D01,LD-1039,2024-10-07,2745.0,869.89
D01,LD-1039,2024-10-14,3368.0,1148.68
D01,LD-1039,2024-10-21,3895.0,1239.43
D01,LD-1039,2024-10-28,2356.0,749.2
D01,LD-1039,2024-11-04,4377.0,1379.58
D01,LD-1039,2024-11-11,3017.0,1019.26
D01,LD-1039,2024-11-18,3271.0,1056.57
D01,LD-1039,2024-11-25,3478.0,1190.1100000000001
D01,LD-1039,2024-12-02,3553.0,1216.32
D01,LD-1039,2024-12-09,3318.0,1119.93
D01,LD-1039,2024-12-16,3701.0,1156.54
D01,LD-1039,2024-12-23,3451.0,1172.06
D01,LD-1039,2024-12-30,4170.0,1326.22
D01,LD-1039,2025-01-06,3478.0,1191.11
D01,LD-1039,2025-01-13,4342.0,1454.86
D01,LD-1039,2025-01-20,3725.0,1243.41
D01,LD-1039,2025-01-27,2500.0,794.5
D01,LD-1039,2025-02-03,4888.0,1631.6
D01,LD-1039,2025-02-10,3058.0,1043.02
D01,LD-1039,2025-02-17,4209.0,1398.8899999999999
D01,LD-1039,2025-02-24,3409.0,1108.01
D01,LD-1039,2025-03-03,4019.0,1366.44
D01,LD-1039,2025-03-10,3122.0,966.48
D01,LD-1039,2025-03-17,3839.0,1210.16
D01,LD-1039,2025-03-24,3396.0,1139.83
D01,LD-1039,2025-03-31,4511.0,1545.8200000000002
D01,LD-1039,2025-04-07,3834.0,1283.87
D01,LD-1039,2025-04-14,4164.0,1305.54
D01,LD-1039,2025-04-21,2635.0,834.62
D01,LD-1039,2025-04-28,3622.0,1199.6
D01,LD-1039,2025-05-05,3924.0,1300.03
D01,LD-1039,2025-05-12,3833.0,1208.69
D01,LD-1039,2025-05-19,4297.0,1337.7
D01,LD-1039,2025-05-26,3531.0,1166.05
D01,LD-1039,2025-06-02,3764.0,1206.74
D01,LD-1039,2025-06-09,4463.0,1409.0900000000001
D01,LD-1039,2025-06-16,2655.0,888.6300000000001
D01,LD-1039,2025-06-23,4075.0,1310.37
D01,LD-1039,2025-06-30,3538.0,1163.21
D01,LD-1039,2025-07-07,3232.0,1021.19
D01,LD-1039,2025-07-14,3880.0,1205.21
D01,LD-1039,2025-07-21,4410.0,1498.66
D01,LD-1039,2025-07-28,4260.0,1352.8700000000001
D01,LD-1039,2025-08-04,3546.0,1197.14
D01,LD-1039,2025-08-11,4094.0,1308.98
D01,LD-1039,2025-08-18,4054.0,1286.73
D01,LD-1039,2025-08-25,3482.0,1191.43
D01,LD-1039,2025-09-01,3150.0,1074.99
D01,LD-1039,2025-09-08,3147.0,989.69
D01,LD-1039,2025-09-15,3887.0,1225.49
D01,LD-1039,2025-09-22,3374.0,1101.87
D01,LD-1039,2025-09-29,2875.0,925.76
D01,LD-1039,2025-10-06,2588.0,830.52
D01,LD-1039,2025-10-13,3743.0,1186.5500000000002
D01,LD-1039,2025-10-20,3020.0,952.0
D01,LD-1039,2025-10-27,3419.0,1054.59
D01,LD-1039,2025-11-03,3894.0,1273.77
D01,LD-1039,2025-11-10,2643.0,855.16
D01,LD-1039,2025-11-17,3181.0,1051.09
D01,LD-1039,2025-11-24,3112.0,979.28
D01,LD-1039,2025-12-01,3373.0,1153.05
D01,LD-1039,2025-12-08,3835.0,1224.73
D01,LD-1039,2025-12-15,2610.0,883.8199999999999
D01,LD-1039,2025-12-22,3477.0,1102.98
D01,LD-1039,2025-12-29,3738.0,1221.82
D01,LD-1039,2026-01-05,3127.0,1049.51
D01,LD-1039,2026-01-12,3167.0,1042.68
D01,LD-1039,2026-01-19,3465.0,1122.2
D01,LD-1039,2026-01-26,3452.0,1064.9099999999999
D01,LD-1039,2026-02-02,3606.0,1124.0100000000002
D01,LD-1039,2026-02-09,3625.0,1149.52
D01,LD-1039,2026-02-16,2902.0,929.26
D01,LD-1039,2026-02-23,3939.0,1285.71
D01,LD-1039,2026-03-02,4084.0,1350.53
D01,LD-1039,2026-03-09,3559.0,1139.44
D01,LD-1039,2026-03-16,2793.0,877.05
D01,LD-1039,2026-03-23,3467.0,1187.42
D01,LD-1039,2026-03-30,3665.0,1254.46
D01,LD-1039,2026-04-06,3024.0,971.76
D01,LD-1039,2026-04-13,3428.0,1076.22
D01,LD-1039,2026-04-20,2950.0,965.38
D01,LD-1039,2026-04-27,4018.0,1265.75
D01,LD-1039,2026-05-04,3782.0,1211.3
D01,LD-1039,2026-05-11,2896.0,986.26
D01,LD-1039,2026-05-18,3922.0,1291.1
D01,LD-1039,2026-05-25,3699.0,1184.1999999999998
D01,LD-1039,2026-06-01,4037.0,1278.07
D01,LD-1039,2026-06-08,3525.0,1147.49
D01,LD-1039,2026-06-15,3313.0,1080.2
D01,LD-1039,2026-06-22,3323.0,1134.8
D01,LD-1040,2024-01-01,5372.0,2577.23
D01,LD-1040,2024-01-08,6767.0,3149.82
D01,LD-1040,2024-01-15,8202.0,3863.21
D01,LD-1040,2024-01-22,6742.0,3133.01
D01,LD-1040,2024-01-29,7049.0,3284.6
D01,LD-1040,2024-02-05,6547.0,2884.88
D01,LD-1040,2024-02-12,5647.0,2633.85
D01,LD-1040,2024-02-19,6176.0,2996.99
D01,LD-1040,2024-02-26,5595.0,2536.11
D01,LD-1040,2024-03-04,5592.0,2460.81
D01,LD-1040,2024-03-11,7266.0,3451.65
D01,LD-1040,2024-03-18,5836.0,2744.11
D01,LD-1040,2024-03-25,7314.0,3258.65
D01,LD-1040,2024-04-01,5787.0,2571.41
D01,LD-1040,2024-04-08,7418.0,3530.2000000000003
D01,LD-1040,2024-04-15,6646.0,2957.73
D01,LD-1040,2024-04-22,8896.0,4271.13
D01,LD-1040,2024-04-29,7611.0,3415.33
D01,LD-1040,2024-05-06,8776.0,4012.57
D01,LD-1040,2024-05-13,6540.0,3097.8
D01,LD-1040,2024-05-20,7415.0,3260.66
D01,LD-1040,2024-05-27,6363.0,2989.34
D01,LD-1040,2024-06-03,6940.0,3058.47
D01,LD-1040,2024-06-10,7103.0,3432.85
D01,LD-1040,2024-06-17,6622.0,3068.1800000000003
D01,LD-1040,2024-06-24,6143.0,2703.72
D01,LD-1040,2024-07-01,5948.0,2667.9
D01,LD-1040,2024-07-08,5157.0,2403.67
D01,LD-1040,2024-07-15,6223.0,2820.52
D01,LD-1040,2024-07-22,7966.0,3775.82
D01,LD-1040,2024-07-29,5668.0,2707.0699999999997
D01,LD-1040,2024-08-05,5825.0,2620.14
D01,LD-1040,2024-08-12,9282.0,4406.12
D01,LD-1040,2024-08-19,6394.0,3099.5
D01,LD-1040,2024-08-26,7316.0,3437.35
D01,LD-1040,2024-09-02,7605.0,3495.21
D01,LD-1040,2024-09-09,7556.0,3498.84
D01,LD-1040,2024-09-16,5392.0,2401.7
D01,LD-1040,2024-09-23,6481.0,3028.3399999999997
D01,LD-1040,2024-09-30,5214.0,2501.31
D01,LD-1040,2024-10-07,9506.0,4555.360000000001
D01,LD-1040,2024-10-14,5141.0,2418.94
D01,LD-1040,2024-10-21,5536.0,2639.56
D01,LD-1040,2024-10-28,5502.0,2434.44
D01,LD-1040,2024-11-04,5105.0,2374.49
D01,LD-1040,2024-11-11,7786.0,3740.3599999999997
D01,LD-1040,2024-11-18,9102.0,4334.969999999999
D01,LD-1040,2024-11-25,5875.0,2828.49
D01,LD-1040,2024-12-02,5166.0,2503.02
D01,LD-1040,2024-12-09,4500.0,2134.06
D01,LD-1040,2024-12-16,6071.0,2960.05
D01,LD-1040,2024-12-23,6017.0,2807.8500000000004
D01,LD-1040,2024-12-30,5740.0,2659.14
D01,LD-1040,2025-01-06,6571.0,2924.64
D01,LD-1040,2025-01-13,6781.0,3227.0099999999998
D01,LD-1040,2025-01-20,6751.0,3041.17
D01,LD-1040,2025-01-27,6178.0,2760.9
D01,LD-1040,2025-02-03,5535.0,2576.6
D01,LD-1040,2025-02-10,7278.0,3476.04
D01,LD-1040,2025-02-17,6659.0,2930.25
D01,LD-1040,2025-02-24,7666.0,3512.52
D01,LD-1040,2025-03-03,7627.0,3637.25
D01,LD-1040,2025-03-10,5527.0,2430.49
D01,LD-1040,2025-03-17,5570.0,2619.54
D01,LD-1040,2025-03-24,6225.0,2776.73
D01,LD-1040,2025-03-31,6004.0,2749.85
D01,LD-1040,2025-04-07,7946.0,3608.7200000000003
D01,LD-1040,2025-04-14,7539.0,3660.12
D01,LD-1040,2025-04-21,8495.0,3969.76
D01,LD-1040,2025-04-28,7695.0,3637.26
D01,LD-1040,2025-05-05,7523.0,3320.12
D01,LD-1040,2025-05-12,8770.0,4283.46
D01,LD-1040,2025-05-19,7889.0,3862.46
D01,LD-1040,2025-05-26,7448.0,3285.27
D01,LD-1040,2025-06-02,9220.0,4437.29
D01,LD-1040,2025-06-09,7517.0,3392.6800000000003
D01,LD-1040,2025-06-16,7055.0,3200.9
D01,LD-1040,2025-06-23,6502.0,2889.95
D01,LD-1040,2025-06-30,8170.0,3943.52
D01,LD-1040,2025-07-07,8819.0,3930.58
D01,LD-1040,2025-07-14,7236.0,3295.44
D01,LD-1040,2025-07-21,8822.0,3924.57
D01,LD-1040,2025-07-28,5361.0,2420.56
D01,LD-1040,2025-08-04,7092.0,3144.5
D01,LD-1040,2025-08-11,7053.0,3296.86
D01,LD-1040,2025-08-18,6308.0,3017.21
D01,LD-1040,2025-08-25,9969.0,4422.38
D01,LD-1040,2025-09-01,6839.0,3019.34
D01,LD-1040,2025-09-08,6435.0,2915.3399999999997
D01,LD-1040,2025-09-15,6801.0,3010.46
D01,LD-1040,2025-09-22,4969.0,2376.35
D01,LD-1040,2025-09-29,5931.0,2677.15
D01,LD-1040,2025-10-06,7633.0,3644.96
D01,LD-1040,2025-10-13,5942.0,2874.15
D01,LD-1040,2025-10-20,5721.0,2750.99
D01,LD-1040,2025-10-27,7827.0,3467.92
D01,LD-1040,2025-11-03,7813.0,3768.7599999999998
D01,LD-1040,2025-11-10,6869.0,3335.14
D01,LD-1040,2025-11-17,5911.0,2815.21
D01,LD-1040,2025-11-24,6087.0,2728.75
D01,LD-1040,2025-12-01,5582.0,2731.33
D01,LD-1040,2025-12-08,5421.0,2440.26
D01,LD-1040,2025-12-15,5384.0,2549.19
D01,LD-1040,2025-12-22,5751.0,2685.81
D01,LD-1040,2025-12-29,5419.0,2555.6
D01,LD-1040,2026-01-05,5027.0,2437.64
D01,LD-1040,2026-01-12,6604.0,2965.1899999999996
D01,LD-1040,2026-01-19,6661.0,3016.75
D01,LD-1040,2026-01-26,8360.0,3764.7
D01,LD-1040,2026-02-02,5907.0,2675.58
D01,LD-1040,2026-02-09,6886.0,3185.76
D01,LD-1040,2026-02-16,6966.0,3206.2599999999998
D01,LD-1040,2026-02-23,6459.0,2887.0699999999997
D01,LD-1040,2026-03-02,7575.0,3549.37
D01,LD-1040,2026-03-09,7684.0,3480.92
D01,LD-1040,2026-03-16,7254.0,3237.58
D01,LD-1040,2026-03-23,6709.0,2961.65
D01,LD-1040,2026-03-30,6668.0,3024.31
D01,LD-1040,2026-04-06,5779.0,2609.27
D01,LD-1040,2026-04-13,6337.0,2911.59
D01,LD-1040,2026-04-20,6562.0,3029.5699999999997
D01,LD-1040,2026-04-27,6126.0,2716.33
D01,LD-1040,2026-05-04,7789.0,3517.09
D01,LD-1040,2026-05-11,8766.0,4002.46
D01,LD-1040,2026-05-18,6416.0,2994.54
D01,LD-1040,2026-05-25,7692.0,3478.89
D01,LD-1040,2026-06-01,6323.0,2886.69
D01,LD-1040,2026-06-08,7058.0,3116.45
D01,LD-1040,2026-06-15,6658.0,3187.34
D01,LD-1040,2026-06-22,8069.0,3899.7599999999998
D01,LD-1042,2024-01-01,2243.0,1281.84
D01,LD-1042,2024-01-08,3227.0,1878.68
D01,LD-1042,2024-01-15,3210.0,1866.3400000000001
D01,LD-1042,2024-01-22,2924.0,1832.84
D01,LD-1042,2024-01-29,2320.0,1377.62
D01,LD-1042,2024-02-05,3505.0,2031.55
D01,LD-1042,2024-02-12,2716.0,1676.42
D01,LD-1042,2024-02-19,3738.0,2281.8999999999996
D01,LD-1042,2024-02-26,2995.0,1843.67
D01,LD-1042,2024-03-04,3135.0,1920.58
D01,LD-1042,2024-03-11,2738.0,1631.62
D01,LD-1042,2024-03-18,3659.0,2102.79
D01,LD-1042,2024-03-25,3276.0,1910.32
D01,LD-1042,2024-04-01,3747.0,2295.16
D01,LD-1042,2024-04-08,3125.0,1882.43
D01,LD-1042,2024-04-15,3046.0,1935.7
D01,LD-1042,2024-04-22,3378.0,2070.29
D01,LD-1042,2024-04-29,3861.0,2304.05
D01,LD-1042,2024-05-06,3643.0,2260.06
D01,LD-1042,2024-05-13,3208.0,2037.35
D01,LD-1042,2024-05-20,2387.0,1507.98
D01,LD-1042,2024-05-27,3571.0,2172.15
D01,LD-1042,2024-06-03,2552.0,1474.03
D01,LD-1042,2024-06-10,3186.0,1953.98
D01,LD-1042,2024-06-17,3113.0,1796.69
D01,LD-1042,2024-06-24,2556.0,1551.3
D01,LD-1042,2024-07-01,3335.0,2069.8199999999997
D01,LD-1042,2024-07-08,4341.0,2670.92
D01,LD-1042,2024-07-15,2984.0,1781.2800000000002
D01,LD-1042,2024-07-22,3489.0,2134.09
D01,LD-1042,2024-07-29,4399.0,2636.71
D01,LD-1042,2024-08-05,3491.0,2001.02
D01,LD-1042,2024-08-12,2763.0,1736.52
D01,LD-1042,2024-08-19,3127.0,1899.95
D01,LD-1042,2024-08-26,3214.0,1853.94
D01,LD-1042,2024-09-02,3673.0,2120.43
D01,LD-1042,2024-09-09,3520.0,2036.7
D01,LD-1042,2024-09-16,1918.0,1101.98
D01,LD-1042,2024-09-23,2531.0,1500.92
D01,LD-1042,2024-09-30,2821.0,1778.9199999999998
D01,LD-1042,2024-10-07,2426.0,1517.54
D01,LD-1042,2024-10-14,1608.0,978.8599999999999
D01,LD-1042,2024-10-21,2492.0,1502.31
D01,LD-1042,2024-10-28,2757.0,1754.9
D01,LD-1042,2024-11-04,2533.0,1567.11
D01,LD-1042,2024-11-11,2348.0,1488.1
D01,LD-1042,2024-11-18,2732.0,1591.24
D01,LD-1042,2024-11-25,2849.0,1752.29
D01,LD-1042,2024-12-02,2518.0,1576.92
D01,LD-1042,2024-12-09,3316.0,2048.46
D01,LD-1042,2024-12-16,2725.0,1648.63
D01,LD-1042,2024-12-23,2375.0,1477.77
D01,LD-1042,2024-12-30,2293.0,1316.67
D01,LD-1042,2025-01-06,2641.0,1599.5
D01,LD-1042,2025-01-13,3239.0,2062.5
D01,LD-1042,2025-01-20,2438.0,1494.4
D01,LD-1042,2025-01-27,3038.0,1807.15
D01,LD-1042,2025-02-03,2841.0,1755.93
D01,LD-1042,2025-02-10,3810.0,2178.81
D01,LD-1042,2025-02-17,3023.0,1864.06
D01,LD-1042,2025-02-24,2592.0,1525.59
D01,LD-1042,2025-03-03,3245.0,1883.54
D01,LD-1042,2025-03-10,3293.0,1903.2
D01,LD-1042,2025-03-17,2791.0,1619.19
D01,LD-1042,2025-03-24,2511.0,1446.12
D01,LD-1042,2025-03-31,3270.0,2011.0
D01,LD-1042,2025-04-07,3072.0,1845.57
D01,LD-1042,2025-04-14,2443.0,1401.46
D01,LD-1042,2025-04-21,3210.0,1864.6599999999999
D01,LD-1042,2025-04-28,2827.0,1625.6799999999998
D01,LD-1042,2025-05-05,2491.0,1584.54
D01,LD-1042,2025-05-12,2980.0,1767.35
D01,LD-1042,2025-05-19,3823.0,2226.3
D01,LD-1042,2025-05-26,3790.0,2252.26
D01,LD-1042,2025-06-02,3651.0,2248.65
D01,LD-1042,2025-06-09,3300.0,1885.51
D01,LD-1042,2025-06-16,3463.0,2133.92
D01,LD-1042,2025-06-23,3209.0,2013.5900000000001
D01,LD-1042,2025-06-30,2672.0,1692.79
D01,LD-1042,2025-07-07,2743.0,1689.5900000000001
D01,LD-1042,2025-07-14,2855.0,1630.7199999999998
D01,LD-1042,2025-07-21,3837.0,2204.03
D01,LD-1042,2025-07-28,3631.0,2209.3
D01,LD-1042,2025-08-04,2609.0,1571.83
D01,LD-1042,2025-08-11,3068.0,1926.01
D01,LD-1042,2025-08-18,2841.0,1764.4699999999998
D01,LD-1042,2025-08-25,2922.0,1747.71
D01,LD-1042,2025-09-01,2734.0,1592.3
D01,LD-1042,2025-09-08,3623.0,2226.19
D01,LD-1042,2025-09-15,2898.0,1808.03
D01,LD-1042,2025-09-22,2973.0,1756.15
D01,LD-1042,2025-09-29,2948.0,1858.7
D01,LD-1042,2025-10-06,2421.0,1491.56
D01,LD-1042,2025-10-13,2847.0,1734.77
D01,LD-1042,2025-10-20,3259.0,1975.83
D01,LD-1042,2025-10-27,3440.0,2160.48
D01,LD-1042,2025-11-03,2307.0,1354.32
D01,LD-1042,2025-11-10,2171.0,1330.96
D01,LD-1042,2025-11-17,2740.0,1729.96
D01,LD-1042,2025-11-24,3196.0,2033.31
D01,LD-1042,2025-12-01,2851.0,1773.3999999999999
D01,LD-1042,2025-12-08,2989.0,1860.56
D01,LD-1042,2025-12-15,2203.0,1378.35
D01,LD-1042,2025-12-22,2484.0,1523.91
D01,LD-1042,2025-12-29,1953.0,1193.84
D01,LD-1042,2026-01-05,2669.0,1675.75
D01,LD-1042,2026-01-12,1981.0,1213.54
D01,LD-1042,2026-01-19,3369.0,2085.01
D01,LD-1042,2026-01-26,3508.0,2100.96
D01,LD-1042,2026-02-02,2861.0,1634.1
D01,LD-1042,2026-02-09,2252.0,1424.31
D01,LD-1042,2026-02-16,3016.0,1859.8899999999999
D01,LD-1042,2026-02-23,3804.0,2255.8
D01,LD-1042,2026-03-02,3121.0,1807.31
D01,LD-1042,2026-03-09,3505.0,2014.71
D01,LD-1042,2026-03-16,2755.0,1724.27
D01,LD-1042,2026-03-23,2624.0,1607.19
D01,LD-1042,2026-03-30,2986.0,1887.45
D01,LD-1042,2026-04-06,2279.0,1376.29
D01,LD-1042,2026-04-13,4308.0,2528.6
D01,LD-1042,2026-04-20,3155.0,1880.71
D01,LD-1042,2026-04-27,3542.0,2144.4100000000003
D01,LD-1042,2026-05-04,2918.0,1752.07
D01,LD-1042,2026-05-11,2493.0,1554.7
D01,LD-1042,2026-05-18,3906.0,2294.3
D01,LD-1042,2026-05-25,2671.0,1628.52
D01,LD-1042,2026-06-01,3337.0,1959.02
D01,LD-1042,2026-06-08,3387.0,1988.2
D01,LD-1042,2026-06-15,3203.0,1839.58
D01,LD-1042,2026-06-22,2811.0,1656.81
D01,PM-1001,2024-01-01,1323.0,1480.42
D01,PM-1001,2024-01-08,1465.0,1642.74
D01,PM-1001,2024-01-15,1510.0,1800.53
D01,PM-1001,2024-01-22,1745.0,2017.75
D01,PM-1001,2024-01-29,1970.0,2321.35
D01,PM-1001,2024-02-05,1834.0,2059.39
D01,PM-1001,2024-02-12,1917.0,2216.95
D01,PM-1001,2024-02-19,1661.0,2013.89
D01,PM-1001,2024-02-26,1910.0,2318.01
D01,PM-1001,2024-03-04,1723.0,1996.64
D01,PM-1001,2024-03-11,1665.0,2020.81
D01,PM-1001,2024-03-18,2387.0,2669.71
D01,PM-1001,2024-03-25,1278.0,1508.33
D01,PM-1001,2024-04-01,1381.0,1566.41
D01,PM-1001,2024-04-08,1954.0,2295.98
D01,PM-1001,2024-04-15,1787.0,2039.53
D01,PM-1001,2024-04-22,1510.0,1821.5900000000001
D01,PM-1001,2024-04-29,1610.0,1926.37
D01,PM-1001,2024-05-06,1651.0,2038.5
D01,PM-1001,2024-05-13,2178.0,2536.06
D01,PM-1001,2024-05-20,2293.0,2543.2200000000003
D01,PM-1001,2024-05-27,2452.0,2726.68
D01,PM-1001,2024-06-03,1513.0,1761.16
D01,PM-1001,2024-06-10,1565.0,1822.81
D01,PM-1001,2024-06-17,1548.0,1758.23
D01,PM-1001,2024-06-24,2326.0,2593.23
D01,PM-1001,2024-07-01,2036.0,2478.09
D01,PM-1001,2024-07-08,1928.0,2177.08
D01,PM-1001,2024-07-15,1963.0,2349.0699999999997
D01,PM-1001,2024-07-22,1870.0,2075.79
D01,PM-1001,2024-07-29,1583.0,1781.95
D01,PM-1001,2024-08-05,2009.0,2330.63
D01,PM-1001,2024-08-12,1794.0,2058.37
D01,PM-1001,2024-08-19,1528.0,1714.36
D01,PM-1001,2024-08-26,1976.0,2231.4300000000003
D01,PM-1001,2024-09-02,1685.0,2003.47
D01,PM-1001,2024-09-09,1841.0,2046.23
D01,PM-1001,2024-09-16,1729.0,1940.8
D01,PM-1001,2024-09-23,1995.0,2226.12
D01,PM-1001,2024-09-30,1787.0,2201.4
D01,PM-1001,2024-10-07,1500.0,1722.38
D01,PM-1001,2024-10-14,1782.0,2097.86
D01,PM-1001,2024-10-21,1777.0,2149.3
D01,PM-1001,2024-10-28,1806.0,2019.31
D01,PM-1001,2024-11-04,1941.0,2260.53
D01,PM-1001,2024-11-11,1507.0,1722.65
D01,PM-1001,2024-11-18,1819.0,2186.08
D01,PM-1001,2024-11-25,1267.0,1527.25
D01,PM-1001,2024-12-02,1608.0,1872.48
D01,PM-1001,2024-12-09,1571.0,1880.55
D01,PM-1001,2024-12-16,2035.0,2507.92
D01,PM-1001,2024-12-23,1603.0,1797.88
D01,PM-1001,2024-12-30,1803.0,2181.28
D01,PM-1001,2025-01-06,1269.0,1503.22
D01,PM-1001,2025-01-13,1576.0,1932.5
D01,PM-1001,2025-01-20,1473.0,1789.66
D01,PM-1001,2025-01-27,2442.0,2759.0299999999997
D01,PM-1001,2025-02-03,1536.0,1838.51
D01,PM-1001,2025-02-10,1732.0,2005.67
D01,PM-1001,2025-02-17,1762.0,2172.51
D01,PM-1001,2025-02-24,1375.0,1531.3
D01,PM-1001,2025-03-03,1628.0,1961.81
D01,PM-1001,2025-03-10,1890.0,2133.02
D01,PM-1001,2025-03-17,1819.0,2125.72
D01,PM-1001,2025-03-24,1284.0,1533.32
D01,PM-1001,2025-03-31,1680.0,2010.6399999999999
D01,PM-1001,2025-04-07,2150.0,2540.41
D01,PM-1001,2025-04-14,2031.0,2384.71
D01,PM-1001,2025-04-21,2249.0,2579.13
D01,PM-1001,2025-04-28,1626.0,1976.86
D01,PM-1001,2025-05-05,2298.0,2653.14
D01,PM-1001,2025-05-12,1892.0,2101.2
D01,PM-1001,2025-05-19,2428.0,2924.46
D01,PM-1001,2025-05-26,1918.0,2312.34
D01,PM-1001,2025-06-02,1412.0,1648.4
D01,PM-1001,2025-06-09,2182.0,2642.55
D01,PM-1001,2025-06-16,1797.0,2191.55
D01,PM-1001,2025-06-23,1812.0,2170.35
D01,PM-1001,2025-06-30,1538.0,1887.6
D01,PM-1001,2025-07-07,2430.0,2819.7
D01,PM-1001,2025-07-14,1754.0,2071.91
D01,PM-1001,2025-07-21,2388.0,2917.87
D01,PM-1001,2025-07-28,1756.0,1985.04
D01,PM-1001,2025-08-04,1618.0,1907.95
D01,PM-1001,2025-08-11,2249.0,2512.98
D01,PM-1001,2025-08-18,1809.0,2090.0299999999997
D01,PM-1001,2025-08-25,1796.0,2103.6
D01,PM-1001,2025-09-01,1482.0,1818.3000000000002
D01,PM-1001,2025-09-08,1661.0,1994.92
D01,PM-1001,2025-09-15,1879.0,2208.88
D01,PM-1001,2025-09-22,1436.0,1750.8
D01,PM-1001,2025-09-29,1594.0,1767.97
D01,PM-1001,2025-10-06,1608.0,1796.3
D01,PM-1001,2025-10-13,1715.0,2074.68
D01,PM-1001,2025-10-20,2103.0,2592.41
D01,PM-1001,2025-10-27,1599.0,1975.57
D01,PM-1001,2025-11-03,1498.0,1734.6100000000001
D01,PM-1001,2025-11-10,2496.0,2799.7
D01,PM-1001,2025-11-17,1542.0,1827.3200000000002
D01,PM-1001,2025-11-24,1595.0,1910.25
D01,PM-1001,2025-12-01,1552.0,1744.79
D01,PM-1001,2025-12-08,1570.0,1941.74
D01,PM-1001,2025-12-15,1657.0,1961.23
D01,PM-1001,2025-12-22,1884.0,2262.32
D01,PM-1001,2025-12-29,1749.0,1972.27
D01,PM-1001,2026-01-05,1943.0,2246.99
D01,PM-1001,2026-01-12,1944.0,2162.1
D01,PM-1001,2026-01-19,1726.0,2035.32
D01,PM-1001,2026-01-26,1782.0,2007.23
D01,PM-1001,2026-02-02,2005.0,2263.63
D01,PM-1001,2026-02-09,1450.0,1776.42
D01,PM-1001,2026-02-16,2514.0,2855.49
D01,PM-1001,2026-02-23,1616.0,1942.67
D01,PM-1001,2026-03-02,1671.0,1896.0300000000002
D01,PM-1001,2026-03-09,1483.0,1727.08
D01,PM-1001,2026-03-16,1504.0,1805.72
D01,PM-1001,2026-03-23,2098.0,2540.53
D01,PM-1001,2026-03-30,2572.0,3021.87
D01,PM-1001,2026-04-06,1695.0,1880.77
D01,PM-1001,2026-04-13,1959.0,2378.64
D01,PM-1001,2026-04-20,1936.0,2349.13
D01,PM-1001,2026-04-27,2191.0,2624.44
D01,PM-1001,2026-05-04,2645.0,3162.13
D01,PM-1001,2026-05-11,2393.0,2880.7
D01,PM-1001,2026-05-18,1845.0,2221.36
D01,PM-1001,2026-05-25,2075.0,2334.11
D01,PM-1001,2026-06-01,2110.0,2346.71
D01,PM-1001,2026-06-08,1916.0,2345.4700000000003
D01,PM-1001,2026-06-15,1629.0,1916.93
D01,PM-1001,2026-06-22,1701.0,1887.58
D01,PM-1002,2024-01-01,2731.0,3365.84
D01,PM-1002,2024-01-08,2989.0,3854.35
D01,PM-1002,2024-01-15,2945.0,3553.45
D01,PM-1002,2024-01-22,4077.0,5313.81
D01,PM-1002,2024-01-29,2982.0,3863.15
D01,PM-1002,2024-02-05,3761.0,4576.27
D01,PM-1002,2024-02-12,3315.0,4037.09
D01,PM-1002,2024-02-19,3333.0,4024.06
D01,PM-1002,2024-02-26,2987.0,3545.1899999999996
D01,PM-1002,2024-03-04,3389.0,4050.47
D01,PM-1002,2024-03-11,3078.0,3845.76
D01,PM-1002,2024-03-18,3576.0,4348.88
D01,PM-1002,2024-03-25,3396.0,4321.47
D01,PM-1002,2024-04-01,3081.0,4015.05
D01,PM-1002,2024-04-08,4155.0,5021.86
D01,PM-1002,2024-04-15,3848.0,4912.37
D01,PM-1002,2024-04-22,3399.0,4333.860000000001
D01,PM-1002,2024-04-29,3740.0,4538.43
D01,PM-1002,2024-05-06,3634.0,4550.79
D01,PM-1002,2024-05-13,3246.0,4240.25
D01,PM-1002,2024-05-20,3750.0,4611.59
D01,PM-1002,2024-05-27,3390.0,4262.87
D01,PM-1002,2024-06-03,3234.0,4227.32
D01,PM-1002,2024-06-10,2923.0,3625.0200000000004
D01,PM-1002,2024-06-17,3531.0,4263.49
D01,PM-1002,2024-06-24,4051.0,4868.93
D01,PM-1002,2024-07-01,3343.0,4240.6
D01,PM-1002,2024-07-08,5396.0,6503.78
D01,PM-1002,2024-07-15,4203.0,5141.4400000000005
D01,PM-1002,2024-07-22,4450.0,5584.5599999999995
D01,PM-1002,2024-07-29,4096.0,5052.86
D01,PM-1002,2024-08-05,4766.0,5683.11
D01,PM-1002,2024-08-12,3182.0,4182.42
D01,PM-1002,2024-08-19,2418.0,2987.51
D01,PM-1002,2024-08-26,3291.0,4351.32
D01,PM-1002,2024-09-02,3790.0,4942.28
D01,PM-1002,2024-09-09,3532.0,4460.29
D01,PM-1002,2024-09-16,3563.0,4304.78
D01,PM-1002,2024-09-23,4128.0,5241.49
D01,PM-1002,2024-09-30,3552.0,4504.93
D01,PM-1002,2024-10-07,3747.0,4600.21
D01,PM-1002,2024-10-14,2862.0,3566.07
D01,PM-1002,2024-10-21,2774.0,3355.06
D01,PM-1002,2024-10-28,4135.0,4932.94
D01,PM-1002,2024-11-04,3274.0,4134.9800000000005
D01,PM-1002,2024-11-11,2922.0,3823.38
D01,PM-1002,2024-11-18,2910.0,3484.62
D01,PM-1002,2024-11-25,2889.0,3612.79
D01,PM-1002,2024-12-02,2858.0,3566.4
D01,PM-1002,2024-12-09,2620.0,3255.55
D01,PM-1002,2024-12-16,2538.0,3051.56
D01,PM-1002,2024-12-23,3092.0,3685.74
D01,PM-1002,2024-12-30,2922.0,3728.71
D01,PM-1002,2025-01-06,3787.0,4940.96
D01,PM-1002,2025-01-13,3370.0,4276.99
D01,PM-1002,2025-01-20,3377.0,4456.38
D01,PM-1002,2025-01-27,2924.0,3570.15
D01,PM-1002,2025-02-03,3236.0,3845.02
D01,PM-1002,2025-02-10,3509.0,4277.9400000000005
D01,PM-1002,2025-02-17,3735.0,4620.15
D01,PM-1002,2025-02-24,3339.0,4215.68
D01,PM-1002,2025-03-03,4020.0,4841.31
D01,PM-1002,2025-03-10,3457.0,4532.79
D01,PM-1002,2025-03-17,3926.0,4753.25
D01,PM-1002,2025-03-24,3269.0,4007.2999999999997
D01,PM-1002,2025-03-31,2705.0,3396.2999999999997
D01,PM-1002,2025-04-07,3728.0,4450.88
D01,PM-1002,2025-04-14,4024.0,5103.62
D01,PM-1002,2025-04-21,3963.0,5017.1
D01,PM-1002,2025-04-28,3898.0,4797.01
D01,PM-1002,2025-05-05,3492.0,4560.3
D01,PM-1002,2025-05-12,3276.0,4143.11
D01,PM-1002,2025-05-19,4031.0,4946.0
D01,PM-1002,2025-05-26,3966.0,5130.110000000001
D01,PM-1002,2025-06-02,3426.0,4272.4
D01,PM-1002,2025-06-09,4404.0,5820.88
D01,PM-1002,2025-06-16,3264.0,4145.08
D01,PM-1002,2025-06-23,3409.0,4178.92
D01,PM-1002,2025-06-30,4743.0,5848.81
D01,PM-1002,2025-07-07,4211.0,5524.15
D01,PM-1002,2025-07-14,3487.0,4548.37
D01,PM-1002,2025-07-21,3820.0,5012.889999999999
D01,PM-1002,2025-07-28,3721.0,4537.18
D01,PM-1002,2025-08-04,2391.0,3053.24
D01,PM-1002,2025-08-11,3126.0,4061.7200000000003
D01,PM-1002,2025-08-18,3523.0,4310.97
D01,PM-1002,2025-08-25,3335.0,3985.47
D01,PM-1002,2025-09-01,3617.0,4648.04
D01,PM-1002,2025-09-08,4090.0,5271.88
D01,PM-1002,2025-09-15,3258.0,4129.21
D01,PM-1002,2025-09-22,2890.0,3455.98
D01,PM-1002,2025-09-29,3522.0,4382.3099999999995
D01,PM-1002,2025-10-06,3165.0,4186.15
D01,PM-1002,2025-10-13,3219.0,3929.36
D01,PM-1002,2025-10-20,3129.0,4009.42
D01,PM-1002,2025-10-27,4543.0,5439.13
D01,PM-1002,2025-11-03,2304.0,2854.68
D01,PM-1002,2025-11-10,3026.0,3994.8200000000006
D01,PM-1002,2025-11-17,3192.0,3927.35
D01,PM-1002,2025-11-24,2832.0,3414.37
D01,PM-1002,2025-12-01,3637.0,4425.28
D01,PM-1002,2025-12-08,3588.0,4346.77
D01,PM-1002,2025-12-15,3156.0,3894.04
D01,PM-1002,2025-12-22,3058.0,4016.7200000000003
D01,PM-1002,2025-12-29,3141.0,4002.5
D01,PM-1002,2026-01-05,3158.0,3898.55
D01,PM-1002,2026-01-12,3187.0,3818.66
D01,PM-1002,2026-01-19,3155.0,3796.54
D01,PM-1002,2026-01-26,3395.0,4151.35
D01,PM-1002,2026-02-02,3690.0,4376.75
D01,PM-1002,2026-02-09,2764.0,3478.06
D01,PM-1002,2026-02-16,2865.0,3666.8
D01,PM-1002,2026-02-23,2605.0,3378.33
D01,PM-1002,2026-03-02,3894.0,4954.42
D01,PM-1002,2026-03-09,3584.0,4312.37
D01,PM-1002,2026-03-16,3760.0,4470.72
D01,PM-1002,2026-03-23,2839.0,3722.44
D01,PM-1002,2026-03-30,4640.0,5700.28
D01,PM-1002,2026-04-06,3268.0,3986.82
D01,PM-1002,2026-04-13,3702.0,4645.93
D01,PM-1002,2026-04-20,4133.0,4994.68
D01,PM-1002,2026-04-27,3156.0,3973.92
D01,PM-1002,2026-05-04,3390.0,4100.87
D01,PM-1002,2026-05-11,3798.0,4632.18
D01,PM-1002,2026-05-18,5696.0,6992.61
D01,PM-1002,2026-05-25,3892.0,5064.820000000001
D01,PM-1002,2026-06-01,4742.0,5815.47
D01,PM-1002,2026-06-08,4468.0,5663.96
D01,PM-1002,2026-06-15,3938.0,5005.08
D01,PM-1002,2026-06-22,3208.0,3956.7799999999997
D01,PM-1003,2024-01-01,5412.0,2571.54
D01,PM-1003,2024-01-08,4800.0,2305.5299999999997
D01,PM-1003,2024-01-15,5889.0,2869.87
D01,PM-1003,2024-01-22,5539.0,2853.85
D01,PM-1003,2024-01-29,5127.0,2644.24
D01,PM-1003,2024-02-05,5716.0,2962.69
D01,PM-1003,2024-02-12,5619.0,2766.23
D01,PM-1003,2024-02-19,5650.0,2854.48
D01,PM-1003,2024-02-26,5486.0,2642.29
D01,PM-1003,2024-03-04,4845.0,2461.94
D01,PM-1003,2024-03-11,6018.0,3104.95
D01,PM-1003,2024-03-18,5326.0,2552.72
D01,PM-1003,2024-03-25,5204.0,2628.17
D01,PM-1003,2024-04-01,5902.0,2864.7799999999997
D01,PM-1003,2024-04-08,6890.0,3452.28
D01,PM-1003,2024-04-15,6396.0,3149.96
D01,PM-1003,2024-04-22,5786.0,2765.04
D01,PM-1003,2024-04-29,5789.0,2789.52
D01,PM-1003,2024-05-06,6977.0,3536.8599999999997
D01,PM-1003,2024-05-13,4448.0,2156.88
D01,PM-1003,2024-05-20,7208.0,3408.95
D01,PM-1003,2024-05-27,4841.0,2446.03
D01,PM-1003,2024-06-03,5194.0,2647.99
D01,PM-1003,2024-06-10,5949.0,2932.2599999999998
D01,PM-1003,2024-06-17,8894.0,4200.38
D01,PM-1003,2024-06-24,8247.0,4133.61
D01,PM-1003,2024-07-01,7110.0,3533.18
D01,PM-1003,2024-07-08,6722.0,3434.3
D01,PM-1003,2024-07-15,4796.0,2487.27
D01,PM-1003,2024-07-22,6457.0,3388.7799999999997
D01,PM-1003,2024-07-29,5771.0,2789.93
D01,PM-1003,2024-08-05,5504.0,2608.43
D01,PM-1003,2024-08-12,6317.0,3017.85
D01,PM-1003,2024-08-19,5702.0,2720.7200000000003
D01,PM-1003,2024-08-26,6909.0,3510.29
D01,PM-1003,2024-09-02,4494.0,2244.1000000000004
D01,PM-1003,2024-09-09,6018.0,2859.9500000000003
D01,PM-1003,2024-09-16,5165.0,2660.16
D01,PM-1003,2024-09-23,5489.0,2665.56
D01,PM-1003,2024-09-30,6052.0,2914.43
D01,PM-1003,2024-10-07,4845.0,2378.56
D01,PM-1003,2024-10-14,5822.0,2760.1400000000003
D01,PM-1003,2024-10-21,5458.0,2844.46
D01,PM-1003,2024-10-28,5066.0,2583.49
D01,PM-1003,2024-11-04,5180.0,2586.9900000000002
D01,PM-1003,2024-11-11,5402.0,2644.04
D01,PM-1003,2024-11-18,4906.0,2383.58
D01,PM-1003,2024-11-25,5494.0,2625.5199999999995
D01,PM-1003,2024-12-02,5254.0,2491.44
D01,PM-1003,2024-12-09,4995.0,2574.68
D01,PM-1003,2024-12-16,6953.0,3359.71
D01,PM-1003,2024-12-23,5841.0,3002.3
D01,PM-1003,2024-12-30,5198.0,2616.55
D01,PM-1003,2025-01-06,5651.0,2862.77
D01,PM-1003,2025-01-13,4765.0,2376.0
D01,PM-1003,2025-01-20,5239.0,2600.92
D01,PM-1003,2025-01-27,5371.0,2822.05
D01,PM-1003,2025-02-03,4711.0,2269.88
D01,PM-1003,2025-02-10,6072.0,2977.7599999999998
D01,PM-1003,2025-02-17,5359.0,2560.35
D01,PM-1003,2025-02-24,5533.0,2795.79
D01,PM-1003,2025-03-03,5411.0,2653.17
D01,PM-1003,2025-03-10,9275.0,4558.38
D01,PM-1003,2025-03-17,5439.0,2710.5200000000004
D01,PM-1003,2025-03-24,4447.0,2172.62
D01,PM-1003,2025-03-31,4814.0,2355.95
D01,PM-1003,2025-04-07,6916.0,3303.29
D01,PM-1003,2025-04-14,7602.0,3658.51
D01,PM-1003,2025-04-21,5657.0,2709.94
D01,PM-1003,2025-04-28,7640.0,3847.5199999999995
D01,PM-1003,2025-05-05,7088.0,3711.26
D01,PM-1003,2025-05-12,6193.0,2928.14
D01,PM-1003,2025-05-19,6150.0,3061.62
D01,PM-1003,2025-05-26,6589.0,3110.25
D01,PM-1003,2025-06-02,7327.0,3527.33
D01,PM-1003,2025-06-09,6821.0,3549.53
D01,PM-1003,2025-06-16,5803.0,2864.8
D01,PM-1003,2025-06-23,6247.0,3258.98
D01,PM-1003,2025-06-30,8609.0,4325.79
D01,PM-1003,2025-07-07,6617.0,3204.56
D01,PM-1003,2025-07-14,7226.0,3686.1099999999997
D01,PM-1003,2025-07-21,6839.0,3266.39
D01,PM-1003,2025-07-28,6528.0,3094.13
D01,PM-1003,2025-08-04,6323.0,3251.37
D01,PM-1003,2025-08-11,7061.0,3458.97
D01,PM-1003,2025-08-18,6816.0,3327.95
D01,PM-1003,2025-08-25,6309.0,3165.3
D01,PM-1003,2025-09-01,5414.0,2592.83
D01,PM-1003,2025-09-08,6305.0,3107.95
D01,PM-1003,2025-09-15,5834.0,2931.5199999999995
D01,PM-1003,2025-09-22,5573.0,2644.3
D01,PM-1003,2025-09-29,8641.0,4323.66
D01,PM-1003,2025-10-06,4548.0,2265.21
D01,PM-1003,2025-10-13,6558.0,3417.77
D01,PM-1003,2025-10-20,4951.0,2468.9
D01,PM-1003,2025-10-27,5705.0,2867.96
D01,PM-1003,2025-11-03,8171.0,4262.32
D01,PM-1003,2025-11-10,4786.0,2342.05
D01,PM-1003,2025-11-17,4939.0,2355.04
D01,PM-1003,2025-11-24,5474.0,2766.2699999999995
D01,PM-1003,2025-12-01,4824.0,2333.05
D01,PM-1003,2025-12-08,6251.0,3033.3599999999997
D01,PM-1003,2025-12-15,5056.0,2516.76
D01,PM-1003,2025-12-22,6054.0,3065.83
D01,PM-1003,2025-12-29,4510.0,2249.41
D01,PM-1003,2026-01-05,4216.0,2152.05
D01,PM-1003,2026-01-12,5371.0,2702.1800000000003
D01,PM-1003,2026-01-19,4421.0,2088.97
D01,PM-1003,2026-01-26,7076.0,3608.43
D01,PM-1003,2026-02-02,4515.0,2308.63
D01,PM-1003,2026-02-09,4903.0,2512.47
D01,PM-1003,2026-02-16,6152.0,3160.4
D01,PM-1003,2026-02-23,5345.0,2763.0699999999997
D01,PM-1003,2026-03-02,4693.0,2215.6800000000003
D01,PM-1003,2026-03-09,8081.0,3834.7200000000003
D01,PM-1003,2026-03-16,5170.0,2697.69
D01,PM-1003,2026-03-23,5888.0,2911.65
D01,PM-1003,2026-03-30,5930.0,2820.46
D01,PM-1003,2026-04-06,6866.0,3349.93
D01,PM-1003,2026-04-13,6668.0,3367.4
D01,PM-1003,2026-04-20,5535.0,2754.71
D01,PM-1003,2026-04-27,6006.0,2978.77
D01,PM-1003,2026-05-04,6130.0,3192.59
D01,PM-1003,2026-05-11,7130.0,3695.33
D01,PM-1003,2026-05-18,5367.0,2657.93
D01,PM-1003,2026-05-25,8680.0,4387.04
D01,PM-1003,2026-06-01,5732.0,2743.7999999999997
D01,PM-1003,2026-06-08,6418.0,3380.36
D01,PM-1003,2026-06-15,5397.0,2835.38
D01,PM-1003,2026-06-22,5278.0,2658.86
D01,PM-1006,2024-01-01,3292.0,2504.91
D01,PM-1006,2024-01-08,3984.0,3242.36
D01,PM-1006,2024-01-15,3757.0,2918.82
D01,PM-1006,2024-01-22,4955.0,3678.72
D01,PM-1006,2024-01-29,4910.0,3842.08
D01,PM-1006,2024-02-05,3103.0,2363.31
D01,PM-1006,2024-02-12,4485.0,3639.91
D01,PM-1006,2024-02-19,5339.0,3971.62
D01,PM-1006,2024-02-26,4887.0,3652.76
D01,PM-1006,2024-03-04,4933.0,3724.59
D01,PM-1006,2024-03-11,4613.0,3573.05
D01,PM-1006,2024-03-18,4197.0,3206.19
D01,PM-1006,2024-03-25,4954.0,3694.06
D01,PM-1006,2024-04-01,5051.0,4051.3
D01,PM-1006,2024-04-08,5543.0,4412.610000000001
D01,PM-1006,2024-04-15,5656.0,4424.76
D01,PM-1006,2024-04-22,5198.0,3851.17
D01,PM-1006,2024-04-29,6087.0,4563.67
D01,PM-1006,2024-05-06,4910.0,3612.31
D01,PM-1006,2024-05-13,4202.0,3208.93
D01,PM-1006,2024-05-20,5626.0,4555.42
D01,PM-1006,2024-05-27,5352.0,4289.02
D01,PM-1006,2024-06-03,5667.0,4264.93
D01,PM-1006,2024-06-10,4354.0,3258.2000000000003
D01,PM-1006,2024-06-17,6881.0,5368.51
D01,PM-1006,2024-06-24,5842.0,4791.129999999999
D01,PM-1006,2024-07-01,5016.0,3869.18
D01,PM-1006,2024-07-08,4535.0,3532.68
D01,PM-1006,2024-07-15,6105.0,4801.07
D01,PM-1006,2024-07-22,4378.0,3540.8599999999997
D01,PM-1006,2024-07-29,7204.0,5619.44
D01,PM-1006,2024-08-05,4647.0,3789.81
D01,PM-1006,2024-08-12,6542.0,5101.32
D01,PM-1006,2024-08-19,4874.0,3860.14
D01,PM-1006,2024-08-26,6295.0,4841.83
D01,PM-1006,2024-09-02,4406.0,3403.79
D01,PM-1006,2024-09-09,4887.0,4004.92
D01,PM-1006,2024-09-16,5445.0,4265.09
D01,PM-1006,2024-09-23,5279.0,4270.2
D01,PM-1006,2024-09-30,5585.0,4130.06
D01,PM-1006,2024-10-07,4361.0,3494.26
D01,PM-1006,2024-10-14,4711.0,3510.59
D01,PM-1006,2024-10-21,5565.0,4381.62
D01,PM-1006,2024-10-28,4121.0,3266.3100000000004
D01,PM-1006,2024-11-04,4960.0,3759.0
D01,PM-1006,2024-11-11,4381.0,3538.5
D01,PM-1006,2024-11-18,4650.0,3583.13
D01,PM-1006,2024-11-25,4552.0,3634.1499999999996
D01,PM-1006,2024-12-02,3986.0,3104.06
D01,PM-1006,2024-12-09,4311.0,3444.9700000000003
D01,PM-1006,2024-12-16,4585.0,3467.33
D01,PM-1006,2024-12-23,4426.0,3324.8
D01,PM-1006,2024-12-30,5708.0,4617.58
D01,PM-1006,2025-01-06,5268.0,3945.08
D01,PM-1006,2025-01-13,4755.0,3865.8100000000004
D01,PM-1006,2025-01-20,4086.0,3187.63
D01,PM-1006,2025-01-27,4078.0,3111.9
D01,PM-1006,2025-02-03,6254.0,4868.24
D01,PM-1006,2025-02-10,4032.0,3018.26
D01,PM-1006,2025-02-17,4816.0,3612.07
D01,PM-1006,2025-02-24,5046.0,3951.31
D01,PM-1006,2025-03-03,4606.0,3408.31
D01,PM-1006,2025-03-10,4193.0,3214.03
D01,PM-1006,2025-03-17,4374.0,3450.75
D01,PM-1006,2025-03-24,4575.0,3659.78
D01,PM-1006,2025-03-31,4505.0,3510.84
D01,PM-1006,2025-04-07,6168.0,4745.41
D01,PM-1006,2025-04-14,5087.0,3981.6899999999996
D01,PM-1006,2025-04-21,4744.0,3833.5
D01,PM-1006,2025-04-28,5248.0,4013.08
D01,PM-1006,2025-05-05,5741.0,4233.2699999999995
D01,PM-1006,2025-05-12,4955.0,4025.05
D01,PM-1006,2025-05-19,5996.0,4609.05
D01,PM-1006,2025-05-26,4340.0,3516.01
D01,PM-1006,2025-06-02,6270.0,4983.99
D01,PM-1006,2025-06-09,5256.0,3875.9
D01,PM-1006,2025-06-16,5222.0,4261.09
D01,PM-1006,2025-06-23,4733.0,3806.77
D01,PM-1006,2025-06-30,4357.0,3575.0
D01,PM-1006,2025-07-07,4064.0,3182.09
D01,PM-1006,2025-07-14,4632.0,3586.35
D01,PM-1006,2025-07-21,5641.0,4474.21
D01,PM-1006,2025-07-28,4442.0,3638.14
D01,PM-1006,2025-08-04,4039.0,3300.76
D01,PM-1006,2025-08-11,4410.0,3602.63
D01,PM-1006,2025-08-18,4730.0,3626.73
D01,PM-1006,2025-08-25,4715.0,3620.44
D01,PM-1006,2025-09-01,4826.0,3850.02
D01,PM-1006,2025-09-08,5689.0,4415.79
D01,PM-1006,2025-09-15,5821.0,4700.43
D01,PM-1006,2025-09-22,6457.0,5224.19
D01,PM-1006,2025-09-29,3711.0,2865.01
D01,PM-1006,2025-10-06,4127.0,3327.58
D01,PM-1006,2025-10-13,5165.0,3845.24
D01,PM-1006,2025-10-20,4311.0,3330.82
D01,PM-1006,2025-10-27,5213.0,4164.28
D01,PM-1006,2025-11-03,4696.0,3638.25
D01,PM-1006,2025-11-10,5738.0,4503.5
D01,PM-1006,2025-11-17,5272.0,4194.95
D01,PM-1006,2025-11-24,5270.0,3960.22
D01,PM-1006,2025-12-01,4217.0,3112.51
D01,PM-1006,2025-12-08,4418.0,3448.54
D01,PM-1006,2025-12-15,4285.0,3467.0099999999998
D01,PM-1006,2025-12-22,3586.0,2850.32
D01,PM-1006,2025-12-29,5622.0,4599.530000000001
D01,PM-1006,2026-01-05,5063.0,3750.87
D01,PM-1006,2026-01-12,4323.0,3354.46
D01,PM-1006,2026-01-19,5571.0,4544.360000000001
D01,PM-1006,2026-01-26,4198.0,3397.29
D01,PM-1006,2026-02-02,3531.0,2741.39
D01,PM-1006,2026-02-09,5457.0,4248.97
D01,PM-1006,2026-02-16,3908.0,3153.65
D01,PM-1006,2026-02-23,4641.0,3521.4
D01,PM-1006,2026-03-02,4978.0,3976.48
D01,PM-1006,2026-03-09,5163.0,4072.01
D01,PM-1006,2026-03-16,5588.0,4372.7300000000005
D01,PM-1006,2026-03-23,5418.0,4107.29
D01,PM-1006,2026-03-30,5442.0,4256.92
D01,PM-1006,2026-04-06,4489.0,3622.16
D01,PM-1006,2026-04-13,5324.0,4064.0399999999995
D01,PM-1006,2026-04-20,4094.0,3287.63
D01,PM-1006,2026-04-27,6529.0,4907.06
D01,PM-1006,2026-05-04,4208.0,3423.79
D01,PM-1006,2026-05-11,4954.0,3963.44
D01,PM-1006,2026-05-18,4297.0,3351.06
D01,PM-1006,2026-05-25,4707.0,3813.9
D01,PM-1006,2026-06-01,5271.0,4259.24
D01,PM-1006,2026-06-08,4862.0,3710.32
D01,PM-1006,2026-06-15,6245.0,5016.61
D01,PM-1006,2026-06-22,5433.0,4267.16
D01,PM-1007,2024-01-01,2426.0,2616.99
D01,PM-1007,2024-01-08,2653.0,2833.41
D01,PM-1007,2024-01-15,2836.0,2984.7400000000002
D01,PM-1007,2024-01-22,3426.0,3514.29
D01,PM-1007,2024-01-29,3259.0,3529.91
D01,PM-1007,2024-02-05,3350.0,3670.4700000000003
D01,PM-1007,2024-02-12,3105.0,3195.4
D01,PM-1007,2024-02-19,2796.0,2882.46
D01,PM-1007,2024-02-26,3971.0,4240.55
D01,PM-1007,2024-03-04,2889.0,2864.48
D01,PM-1007,2024-03-11,3449.0,3578.7200000000003
D01,PM-1007,2024-03-18,3215.0,3378.53
D01,PM-1007,2024-03-25,3592.0,3797.7
D01,PM-1007,2024-04-01,3041.0,3308.98
D01,PM-1007,2024-04-08,3934.0,4110.4
D01,PM-1007,2024-04-15,4163.0,4404.82
D01,PM-1007,2024-04-22,3957.0,3943.63
D01,PM-1007,2024-04-29,3515.0,3687.56
D01,PM-1007,2024-05-06,3234.0,3259.36
D01,PM-1007,2024-05-13,5296.0,5838.1900000000005
D01,PM-1007,2024-05-20,3000.0,3241.7400000000002
D01,PM-1007,2024-05-27,3983.0,4364.91
D01,PM-1007,2024-06-03,3675.0,3766.47
D01,PM-1007,2024-06-10,3465.0,3603.62
D01,PM-1007,2024-06-17,3594.0,3948.12
D01,PM-1007,2024-06-24,3233.0,3562.19
D01,PM-1007,2024-07-01,3711.0,3940.16
D01,PM-1007,2024-07-08,3637.0,3807.64
D01,PM-1007,2024-07-15,5158.0,5556.49
D01,PM-1007,2024-07-22,4031.0,4269.07
D01,PM-1007,2024-07-29,3685.0,4004.41
D01,PM-1007,2024-08-05,3691.0,4041.9399999999996
D01,PM-1007,2024-08-12,4426.0,4682.139999999999
D01,PM-1007,2024-08-19,2879.0,3155.49
D01,PM-1007,2024-08-26,3211.0,3426.02
D01,PM-1007,2024-09-02,2456.0,2705.96
D01,PM-1007,2024-09-09,3522.0,3483.6800000000003
D01,PM-1007,2024-09-16,3643.0,3708.89
D01,PM-1007,2024-09-23,2736.0,2833.2400000000002
D01,PM-1007,2024-09-30,3903.0,3983.64
D01,PM-1007,2024-10-07,2799.0,2984.38
D01,PM-1007,2024-10-14,2937.0,3050.0
D01,PM-1007,2024-10-21,3122.0,3148.34
D01,PM-1007,2024-10-28,3867.0,3904.56
D01,PM-1007,2024-11-04,2660.0,2639.51
D01,PM-1007,2024-11-11,3144.0,3304.68
D01,PM-1007,2024-11-18,3366.0,3421.37
D01,PM-1007,2024-11-25,3253.0,3256.77
D01,PM-1007,2024-12-02,3265.0,3564.92
D01,PM-1007,2024-12-09,3340.0,3431.3
D01,PM-1007,2024-12-16,2743.0,2857.8199999999997
D01,PM-1007,2024-12-23,3848.0,4232.69
D01,PM-1007,2024-12-30,2947.0,3167.05
D01,PM-1007,2025-01-06,2901.0,3033.35
D01,PM-1007,2025-01-13,3703.0,3975.57
D01,PM-1007,2025-01-20,2770.0,2749.78
D01,PM-1007,2025-01-27,3218.0,3295.6400000000003
D01,PM-1007,2025-02-03,2774.0,2954.77
D01,PM-1007,2025-02-10,4550.0,4808.61
D01,PM-1007,2025-02-17,4449.0,4580.67
D01,PM-1007,2025-02-24,3125.0,3263.72
D01,PM-1007,2025-03-03,3468.0,3780.57
D01,PM-1007,2025-03-10,3241.0,3446.16
D01,PM-1007,2025-03-17,3103.0,3121.72
D01,PM-1007,2025-03-24,3360.0,3568.0699999999997
D01,PM-1007,2025-03-31,3310.0,3294.35
D01,PM-1007,2025-04-07,2674.0,2679.55
D01,PM-1007,2025-04-14,3522.0,3588.23
D01,PM-1007,2025-04-21,3389.0,3426.26
D01,PM-1007,2025-04-28,3597.0,3640.55
D01,PM-1007,2025-05-05,3412.0,3721.3599999999997
D01,PM-1007,2025-05-12,3286.0,3360.7
D01,PM-1007,2025-05-19,3969.0,4067.79
D01,PM-1007,2025-05-26,3781.0,3753.7400000000002
D01,PM-1007,2025-06-02,4310.0,4563.68
D01,PM-1007,2025-06-09,3767.0,3762.77
D01,PM-1007,2025-06-16,3394.0,3446.15
D01,PM-1007,2025-06-23,3829.0,4129.84
D01,PM-1007,2025-06-30,2586.0,2610.29
D01,PM-1007,2025-07-07,4755.0,5040.43
D01,PM-1007,2025-07-14,3597.0,3602.06
D01,PM-1007,2025-07-21,4764.0,4961.21
D01,PM-1007,2025-07-28,2994.0,3046.92
D01,PM-1007,2025-08-04,2863.0,3092.83
D01,PM-1007,2025-08-11,3549.0,3744.02
D01,PM-1007,2025-08-18,3517.0,3682.49
D01,PM-1007,2025-08-25,3472.0,3810.7200000000003
D01,PM-1007,2025-09-01,3362.0,3495.46
D01,PM-1007,2025-09-08,2947.0,3026.95
D01,PM-1007,2025-09-15,2567.0,2568.69
D01,PM-1007,2025-09-22,3314.0,3552.06
D01,PM-1007,2025-09-29,2596.0,2583.94
D01,PM-1007,2025-10-06,2536.0,2792.79
D01,PM-1007,2025-10-13,2920.0,3150.01
D01,PM-1007,2025-10-20,3271.0,3371.86
D01,PM-1007,2025-10-27,4102.0,4106.05
D01,PM-1007,2025-11-03,3504.0,3611.22
D01,PM-1007,2025-11-10,3731.0,3797.33
D01,PM-1007,2025-11-17,3305.0,3545.36
D01,PM-1007,2025-11-24,3156.0,3390.71
D01,PM-1007,2025-12-01,4342.0,4729.39
D01,PM-1007,2025-12-08,2443.0,2495.05
D01,PM-1007,2025-12-15,2802.0,2937.5
D01,PM-1007,2025-12-22,2841.0,3048.3500000000004
D01,PM-1007,2025-12-29,3426.0,3771.51
D01,PM-1007,2026-01-05,2598.0,2593.49
D01,PM-1007,2026-01-12,3392.0,3586.77
D01,PM-1007,2026-01-19,3321.0,3438.25
D01,PM-1007,2026-01-26,3465.0,3600.65
D01,PM-1007,2026-02-02,3483.0,3530.5099999999998
D01,PM-1007,2026-02-09,3928.0,4004.75
D01,PM-1007,2026-02-16,3124.0,3261.71
D01,PM-1007,2026-02-23,3440.0,3461.73
D01,PM-1007,2026-03-02,2872.0,3117.72
D01,PM-1007,2026-03-09,2802.0,2805.06
D01,PM-1007,2026-03-16,4261.0,4352.18
D01,PM-1007,2026-03-23,2922.0,2973.49
D01,PM-1007,2026-03-30,3667.0,3847.51
D01,PM-1007,2026-04-06,3638.0,3783.8
D01,PM-1007,2026-04-13,4038.0,4079.98
D01,PM-1007,2026-04-20,2659.0,2776.45
D01,PM-1007,2026-04-27,3924.0,4156.59
D01,PM-1007,2026-05-04,3422.0,3474.41
D01,PM-1007,2026-05-11,3170.0,3304.12
D01,PM-1007,2026-05-18,3352.0,3476.47
D01,PM-1007,2026-05-25,4077.0,4311.51
D01,PM-1007,2026-06-01,3901.0,3904.17
D01,PM-1007,2026-06-08,3431.0,3549.38
D01,PM-1007,2026-06-15,2947.0,3116.9900000000002
D01,PM-1007,2026-06-22,2973.0,3016.43
D01,PW-1030,2024-01-01,512.0,1118.99
D01,PW-1030,2024-01-08,521.0,1204.58
D01,PW-1030,2024-01-15,757.0,1688.61
D01,PW-1030,2024-01-22,601.0,1411.15
D01,PW-1030,2024-01-29,477.0,1078.77
D01,PW-1030,2024-02-05,656.0,1579.5800000000002
D01,PW-1030,2024-02-12,639.0,1496.76
D01,PW-1030,2024-02-19,591.0,1305.31
D01,PW-1030,2024-02-26,549.0,1240.14
D01,PW-1030,2024-03-04,552.0,1326.45
D01,PW-1030,2024-03-11,771.0,1721.99
D01,PW-1030,2024-03-18,687.0,1546.88
D01,PW-1030,2024-03-25,720.0,1576.9
D01,PW-1030,2024-04-01,702.0,1655.26
D01,PW-1030,2024-04-08,719.0,1727.44
D01,PW-1030,2024-04-15,644.0,1539.97
D01,PW-1030,2024-04-22,676.0,1610.0
D01,PW-1030,2024-04-29,837.0,1937.77
D01,PW-1030,2024-05-06,876.0,1930.57
D01,PW-1030,2024-05-13,594.0,1333.77
D01,PW-1030,2024-05-20,695.0,1630.46
D01,PW-1030,2024-05-27,817.0,1936.8600000000001
D01,PW-1030,2024-06-03,959.0,2204.2400000000002
D01,PW-1030,2024-06-10,947.0,2085.69
D01,PW-1030,2024-06-17,644.0,1500.5
D01,PW-1030,2024-06-24,879.0,2044.94
D01,PW-1030,2024-07-01,731.0,1764.38
D01,PW-1030,2024-07-08,846.0,1884.2
D01,PW-1030,2024-07-15,812.0,1868.89
D01,PW-1030,2024-07-22,595.0,1409.92
D01,PW-1030,2024-07-29,777.0,1716.2400000000002
D01,PW-1030,2024-08-05,828.0,1868.42
D01,PW-1030,2024-08-12,705.0,1662.3400000000001
D01,PW-1030,2024-08-19,677.0,1530.1
D01,PW-1030,2024-08-26,551.0,1306.81
D01,PW-1030,2024-09-02,767.0,1739.55
D01,PW-1030,2024-09-09,709.0,1597.31
D01,PW-1030,2024-09-16,593.0,1383.54
D01,PW-1030,2024-09-23,644.0,1483.15
D01,PW-1030,2024-09-30,687.0,1661.32
D01,PW-1030,2024-10-07,613.0,1383.46
D01,PW-1030,2024-10-14,662.0,1595.71
D01,PW-1030,2024-10-21,506.0,1225.84
D01,PW-1030,2024-10-28,801.0,1777.25
D01,PW-1030,2024-11-04,652.0,1534.31
D01,PW-1030,2024-11-11,550.0,1324.03
D01,PW-1030,2024-11-18,447.0,1052.3200000000002
D01,PW-1030,2024-11-25,754.0,1824.3700000000001
D01,PW-1030,2024-12-02,702.0,1624.12
D01,PW-1030,2024-12-09,667.0,1576.4499999999998
D01,PW-1030,2024-12-16,738.0,1701.47
D01,PW-1030,2024-12-23,740.0,1783.44
D01,PW-1030,2024-12-30,673.0,1529.3899999999999
D01,PW-1030,2025-01-06,633.0,1507.52
D01,PW-1030,2025-01-13,622.0,1379.3400000000001
D01,PW-1030,2025-01-20,711.0,1714.75
D01,PW-1030,2025-01-27,831.0,1838.27
D01,PW-1030,2025-02-03,670.0,1484.88
D01,PW-1030,2025-02-10,858.0,1950.59
D01,PW-1030,2025-02-17,735.0,1661.05
D01,PW-1030,2025-02-24,744.0,1654.8500000000001
D01,PW-1030,2025-03-03,1020.0,2272.82
D01,PW-1030,2025-03-10,921.0,2088.61
D01,PW-1030,2025-03-17,935.0,2081.81
D01,PW-1030,2025-03-24,652.0,1549.13
D01,PW-1030,2025-03-31,1033.0,2278.4700000000003
D01,PW-1030,2025-04-07,742.0,1746.54
D01,PW-1030,2025-04-14,733.0,1777.5700000000002
D01,PW-1030,2025-04-21,553.0,1223.55
D01,PW-1030,2025-04-28,810.0,1875.7
D01,PW-1030,2025-05-05,660.0,1527.55
D01,PW-1030,2025-05-12,831.0,1863.56
D01,PW-1030,2025-05-19,660.0,1501.81
D01,PW-1030,2025-05-26,1034.0,2415.31
D01,PW-1030,2025-06-02,860.0,1933.69
D01,PW-1030,2025-06-09,1118.0,2701.36
D01,PW-1030,2025-06-16,682.0,1551.84
D01,PW-1030,2025-06-23,1003.0,2381.42
D01,PW-1030,2025-06-30,606.0,1412.87
D01,PW-1030,2025-07-07,818.0,1808.2099999999998
D01,PW-1030,2025-07-14,719.0,1594.68
D01,PW-1030,2025-07-21,736.0,1727.15
D01,PW-1030,2025-07-28,725.0,1589.53
D01,PW-1030,2025-08-04,679.0,1530.92
D01,PW-1030,2025-08-11,641.0,1434.51
D01,PW-1030,2025-08-18,719.0,1695.65
D01,PW-1030,2025-08-25,776.0,1701.18
D01,PW-1030,2025-09-01,902.0,2018.79
D01,PW-1030,2025-09-08,785.0,1721.29
D01,PW-1030,2025-09-15,888.0,1985.7
D01,PW-1030,2025-09-22,592.0,1404.75
D01,PW-1030,2025-09-29,687.0,1507.87
D01,PW-1030,2025-10-06,810.0,1835.75
D01,PW-1030,2025-10-13,761.0,1808.0
D01,PW-1030,2025-10-20,631.0,1440.75
D01,PW-1030,2025-10-27,822.0,1971.31
D01,PW-1030,2025-11-03,656.0,1462.05
D01,PW-1030,2025-11-10,630.0,1382.17
D01,PW-1030,2025-11-17,760.0,1776.95
D01,PW-1030,2025-11-24,706.0,1715.2
D01,PW-1030,2025-12-01,652.0,1556.1
D01,PW-1030,2025-12-08,649.0,1553.3600000000001
D01,PW-1030,2025-12-15,603.0,1341.29
D01,PW-1030,2025-12-22,669.0,1530.65
D01,PW-1030,2025-12-29,841.0,2039.28
D01,PW-1030,2026-01-05,744.0,1655.94
D01,PW-1030,2026-01-12,834.0,2028.49
D01,PW-1030,2026-01-19,787.0,1905.22
D01,PW-1030,2026-01-26,670.0,1566.35
D01,PW-1030,2026-02-02,579.0,1328.41
D01,PW-1030,2026-02-09,652.0,1561.16
D01,PW-1030,2026-02-16,685.0,1645.18
D01,PW-1030,2026-02-23,685.0,1609.9
D01,PW-1030,2026-03-02,897.0,1998.64
D01,PW-1030,2026-03-09,906.0,2200.2000000000003
D01,PW-1030,2026-03-16,1104.0,2622.8
D01,PW-1030,2026-03-23,714.0,1685.5
D01,PW-1030,2026-03-30,1028.0,2386.78
D01,PW-1030,2026-04-06,1038.0,2453.19
D01,PW-1030,2026-04-13,797.0,1844.15
D01,PW-1030,2026-04-20,894.0,2115.66
D01,PW-1030,2026-04-27,1011.0,2425.34
D01,PW-1030,2026-05-04,838.0,1834.37
D01,PW-1030,2026-05-11,833.0,1823.09
D01,PW-1030,2026-05-18,778.0,1840.7
D01,PW-1030,2026-05-25,603.0,1421.46
D01,PW-1030,2026-06-01,871.0,1911.58
D01,PW-1030,2026-06-08,776.0,1836.18
D01,PW-1030,2026-06-15,735.0,1686.27
D01,PW-1030,2026-06-22,921.0,2015.83
D01,PW-1031,2024-01-01,939.0,4287.35
D01,PW-1031,2024-01-08,1062.0,4513.139999999999
D01,PW-1031,2024-01-15,1226.0,5190.55
D01,PW-1031,2024-01-22,1498.0,6762.28
D01,PW-1031,2024-01-29,856.0,3640.65
D01,PW-1031,2024-02-05,1136.0,5018.360000000001
D01,PW-1031,2024-02-12,930.0,4286.32
D01,PW-1031,2024-02-19,1290.0,5461.099999999999
D01,PW-1031,2024-02-26,973.0,4574.01
D01,PW-1031,2024-03-04,1024.0,4684.6900000000005
D01,PW-1031,2024-03-11,1049.0,4842.64
D01,PW-1031,2024-03-18,1146.0,5181.37
D01,PW-1031,2024-03-25,1231.0,5436.150000000001
D01,PW-1031,2024-04-01,1274.0,5824.7
D01,PW-1031,2024-04-08,1197.0,5087.19
D01,PW-1031,2024-04-15,991.0,4321.23
D01,PW-1031,2024-04-22,1361.0,6300.74
D01,PW-1031,2024-04-29,1221.0,5556.45
D01,PW-1031,2024-05-06,1476.0,6436.49
D01,PW-1031,2024-05-13,1122.0,5210.49
D01,PW-1031,2024-05-20,987.0,4320.3
D01,PW-1031,2024-05-27,1254.0,5864.25
D01,PW-1031,2024-06-03,1537.0,7125.389999999999
D01,PW-1031,2024-06-10,1299.0,5801.9
D01,PW-1031,2024-06-17,1232.0,5583.3099999999995
D01,PW-1031,2024-06-24,1115.0,5087.97
D01,PW-1031,2024-07-01,1652.0,7058.58
D01,PW-1031,2024-07-08,1085.0,4668.2
D01,PW-1031,2024-07-15,1133.0,5209.62
D01,PW-1031,2024-07-22,1371.0,6341.68
D01,PW-1031,2024-07-29,948.0,4388.88
D01,PW-1031,2024-08-05,1508.0,6376.47
D01,PW-1031,2024-08-12,1360.0,5770.78
D01,PW-1031,2024-08-19,1407.0,6538.29
D01,PW-1031,2024-08-26,1328.0,6219.389999999999
D01,PW-1031,2024-09-02,1183.0,5329.139999999999
D01,PW-1031,2024-09-09,1025.0,4553.98
D01,PW-1031,2024-09-16,1168.0,5019.75
D01,PW-1031,2024-09-23,1022.0,4805.83
D01,PW-1031,2024-09-30,1263.0,5666.24
D01,PW-1031,2024-10-07,1316.0,5992.22
D01,PW-1031,2024-10-14,1445.0,6277.63
D01,PW-1031,2024-10-21,1217.0,5335.09
D01,PW-1031,2024-10-28,1315.0,5892.78
D01,PW-1031,2024-11-04,1090.0,4675.4800000000005
D01,PW-1031,2024-11-11,1057.0,4852.88
D01,PW-1031,2024-11-18,1216.0,5151.94
D01,PW-1031,2024-11-25,1067.0,4892.32
D01,PW-1031,2024-12-02,1177.0,5272.5599999999995
D01,PW-1031,2024-12-09,965.0,4089.09
D01,PW-1031,2024-12-16,994.0,4373.84
D01,PW-1031,2024-12-23,1253.0,5862.09
D01,PW-1031,2024-12-30,1307.0,6090.0
D01,PW-1031,2025-01-06,993.0,4603.89
D01,PW-1031,2025-01-13,1282.0,5502.3
D01,PW-1031,2025-01-20,1079.0,4961.65
D01,PW-1031,2025-01-27,1182.0,5345.66
D01,PW-1031,2025-02-03,1473.0,6892.29
D01,PW-1031,2025-02-10,1358.0,6282.429999999999
D01,PW-1031,2025-02-17,1371.0,5894.01
D01,PW-1031,2025-02-24,1638.0,7700.4
D01,PW-1031,2025-03-03,1120.0,4951.97
D01,PW-1031,2025-03-10,1086.0,4855.94
D01,PW-1031,2025-03-17,1142.0,5094.54
D01,PW-1031,2025-03-24,1239.0,5238.08
D01,PW-1031,2025-03-31,914.0,4247.93
D01,PW-1031,2025-04-07,1274.0,5765.51
D01,PW-1031,2025-04-14,1223.0,5674.85
D01,PW-1031,2025-04-21,1506.0,7024.13
D01,PW-1031,2025-04-28,1423.0,6434.200000000001
D01,PW-1031,2025-05-05,1243.0,5257.57
D01,PW-1031,2025-05-12,1495.0,6661.2
D01,PW-1031,2025-05-19,1534.0,6551.0
D01,PW-1031,2025-05-26,1231.0,5229.42
D01,PW-1031,2025-06-02,1288.0,5551.67
D01,PW-1031,2025-06-09,995.0,4671.5199999999995
D01,PW-1031,2025-06-16,1181.0,5199.57
D01,PW-1031,2025-06-23,1245.0,5481.16
D01,PW-1031,2025-06-30,1405.0,6395.65
D01,PW-1031,2025-07-07,1204.0,5076.29
D01,PW-1031,2025-07-14,1280.0,5850.59
D01,PW-1031,2025-07-21,1146.0,4937.610000000001
D01,PW-1031,2025-07-28,1406.0,5993.88
D01,PW-1031,2025-08-04,1453.0,6356.35
D01,PW-1031,2025-08-11,1439.0,6317.06
D01,PW-1031,2025-08-18,1348.0,5709.36
D01,PW-1031,2025-08-25,1060.0,4643.96
D01,PW-1031,2025-09-01,1208.0,5361.41
D01,PW-1031,2025-09-08,1237.0,5450.2
D01,PW-1031,2025-09-15,1228.0,5389.950000000001
D01,PW-1031,2025-09-22,1308.0,5937.610000000001
D01,PW-1031,2025-09-29,1590.0,7185.1
D01,PW-1031,2025-10-06,1439.0,6408.28
D01,PW-1031,2025-10-13,1091.0,4844.26
D01,PW-1031,2025-10-20,1392.0,5993.43
D01,PW-1031,2025-10-27,1376.0,5821.82
D01,PW-1031,2025-11-03,1103.0,4780.91
D01,PW-1031,2025-11-10,1408.0,6235.09
D01,PW-1031,2025-11-17,1207.0,5388.27
D01,PW-1031,2025-11-24,999.0,4423.5
D01,PW-1031,2025-12-01,1321.0,6156.45
D01,PW-1031,2025-12-08,1276.0,5426.139999999999
D01,PW-1031,2025-12-15,1197.0,5418.19
D01,PW-1031,2025-12-22,1236.0,5262.75
D01,PW-1031,2025-12-29,1121.0,5180.58
D01,PW-1031,2026-01-05,1376.0,6419.2
D01,PW-1031,2026-01-12,1256.0,5838.99
D01,PW-1031,2026-01-19,1307.0,6044.110000000001
D01,PW-1031,2026-01-26,1357.0,5865.11
D01,PW-1031,2026-02-02,1092.0,4952.64
D01,PW-1031,2026-02-09,1147.0,5052.94
D01,PW-1031,2026-02-16,952.0,4462.15
D01,PW-1031,2026-02-23,1459.0,6797.17
D01,PW-1031,2026-03-02,1130.0,5119.900000000001
D01,PW-1031,2026-03-09,1398.0,6251.11
D01,PW-1031,2026-03-16,1466.0,6786.07
D01,PW-1031,2026-03-23,1534.0,7180.62
D01,PW-1031,2026-03-30,1182.0,5392.51
D01,PW-1031,2026-04-06,1417.0,6572.030000000001
D01,PW-1031,2026-04-13,1856.0,8347.77
D01,PW-1031,2026-04-20,1885.0,8413.060000000001
D01,PW-1031,2026-04-27,1704.0,7461.12
D01,PW-1031,2026-05-04,1556.0,7230.96
D01,PW-1031,2026-05-11,1281.0,5852.639999999999
D01,PW-1031,2026-05-18,1667.0,7648.93
D01,PW-1031,2026-05-25,1468.0,6863.75
D01,PW-1031,2026-06-01,1640.0,7329.9400000000005
D01,PW-1031,2026-06-08,1374.0,5930.03
D01,PW-1031,2026-06-15,1474.0,6913.43
D01,PW-1031,2026-06-22,1550.0,7197.43
D01,PW-1032,2024-01-01,1140.0,4691.68
D01,PW-1032,2024-01-08,1169.0,4864.59
D01,PW-1032,2024-01-15,1521.0,6364.57
D01,PW-1032,2024-01-22,1145.0,4846.87
D01,PW-1032,2024-01-29,845.0,3336.91
D01,PW-1032,2024-02-05,1328.0,5213.16
D01,PW-1032,2024-02-12,1120.0,4537.06
D01,PW-1032,2024-02-19,1266.0,4946.05
D01,PW-1032,2024-02-26,1256.0,4957.94
D01,PW-1032,2024-03-04,1235.0,5180.78
D01,PW-1032,2024-03-11,1466.0,5892.41
D01,PW-1032,2024-03-18,1046.0,4101.3
D01,PW-1032,2024-03-25,1232.0,4975.65
D01,PW-1032,2024-04-01,1492.0,6104.22
D01,PW-1032,2024-04-08,1241.0,5014.41
D01,PW-1032,2024-04-15,1079.0,4505.29
D01,PW-1032,2024-04-22,1533.0,6356.1900000000005
D01,PW-1032,2024-04-29,1654.0,7015.24
D01,PW-1032,2024-05-06,1399.0,5446.360000000001
D01,PW-1032,2024-05-13,1056.0,4284.64
D01,PW-1032,2024-05-20,1585.0,6680.39
D01,PW-1032,2024-05-27,1116.0,4386.55
D01,PW-1032,2024-06-03,1505.0,5915.530000000001
D01,PW-1032,2024-06-10,1261.0,5369.969999999999
D01,PW-1032,2024-06-17,1212.0,4820.18
D01,PW-1032,2024-06-24,1350.0,5238.58
D01,PW-1032,2024-07-01,1402.0,5563.97
D01,PW-1032,2024-07-08,1306.0,5398.389999999999
D01,PW-1032,2024-07-15,1567.0,6516.91
D01,PW-1032,2024-07-22,1337.0,5400.22
D01,PW-1032,2024-07-29,1648.0,6353.32
D01,PW-1032,2024-08-05,1476.0,6078.14
D01,PW-1032,2024-08-12,1267.0,5014.93
D01,PW-1032,2024-08-19,1227.0,5142.8099999999995
D01,PW-1032,2024-08-26,1083.0,4160.64
D01,PW-1032,2024-09-02,1438.0,5656.95
D01,PW-1032,2024-09-09,1295.0,5147.78
D01,PW-1032,2024-09-16,949.0,4019.19
D01,PW-1032,2024-09-23,1241.0,4950.26
D01,PW-1032,2024-09-30,1165.0,4883.29
D01,PW-1032,2024-10-07,1677.0,6838.200000000001
D01,PW-1032,2024-10-14,1019.0,4342.42
D01,PW-1032,2024-10-21,1053.0,4136.34
D01,PW-1032,2024-10-28,1536.0,5895.78
D01,PW-1032,2024-11-04,1586.0,6257.22
D01,PW-1032,2024-11-11,1153.0,4751.64
D01,PW-1032,2024-11-18,1170.0,4709.73
D01,PW-1032,2024-11-25,1409.0,5663.21
D01,PW-1032,2024-12-02,906.0,3721.15
D01,PW-1032,2024-12-09,973.0,3831.43
D01,PW-1032,2024-12-16,1236.0,4923.53
D01,PW-1032,2024-12-23,1632.0,6411.56
D01,PW-1032,2024-12-30,1218.0,5065.12
D01,PW-1032,2025-01-06,1328.0,5292.72
D01,PW-1032,2025-01-13,1561.0,6487.820000000001
D01,PW-1032,2025-01-20,1821.0,7326.099999999999
D01,PW-1032,2025-01-27,1229.0,4919.01
D01,PW-1032,2025-02-03,1349.0,5175.870000000001
D01,PW-1032,2025-02-10,1797.0,7034.69
D01,PW-1032,2025-02-17,1100.0,4279.41
D01,PW-1032,2025-02-24,1630.0,6294.28
D01,PW-1032,2025-03-03,1213.0,4646.57
D01,PW-1032,2025-03-10,1452.0,6176.26
D01,PW-1032,2025-03-17,1394.0,5927.23
D01,PW-1032,2025-03-24,1266.0,5359.17
D01,PW-1032,2025-03-31,1275.0,5417.29
D01,PW-1032,2025-04-07,1556.0,6046.379999999999
D01,PW-1032,2025-04-14,1750.0,6874.0
D01,PW-1032,2025-04-21,1492.0,5803.63
D01,PW-1032,2025-04-28,1550.0,6322.68
D01,PW-1032,2025-05-05,1683.0,6847.500000000001
D01,PW-1032,2025-05-12,1344.0,5183.29
D01,PW-1032,2025-05-19,1746.0,7300.75
D01,PW-1032,2025-05-26,1775.0,7407.76
D01,PW-1032,2025-06-02,2327.0,9041.97
D01,PW-1032,2025-06-09,1492.0,5705.8
D01,PW-1032,2025-06-16,1475.0,5700.67
D01,PW-1032,2025-06-23,1773.0,6996.76
D01,PW-1032,2025-06-30,1785.0,6919.66
D01,PW-1032,2025-07-07,1454.0,6011.27
D01,PW-1032,2025-07-14,1479.0,5712.79
D01,PW-1032,2025-07-21,1697.0,6894.27
D01,PW-1032,2025-07-28,1375.0,5441.83
D01,PW-1032,2025-08-04,1456.0,5915.38
D01,PW-1032,2025-08-11,1559.0,6633.79
D01,PW-1032,2025-08-18,1774.0,7364.030000000001
D01,PW-1032,2025-08-25,1385.0,5340.65
D01,PW-1032,2025-09-01,1142.0,4714.76
D01,PW-1032,2025-09-08,1120.0,4440.88
D01,PW-1032,2025-09-15,1226.0,4994.65
D01,PW-1032,2025-09-22,1207.0,4777.77
D01,PW-1032,2025-09-29,1425.0,5680.68
D01,PW-1032,2025-10-06,1211.0,5154.2
D01,PW-1032,2025-10-13,1293.0,5158.15
D01,PW-1032,2025-10-20,1272.0,5377.86
D01,PW-1032,2025-10-27,1329.0,5349.1
D01,PW-1032,2025-11-03,1724.0,6657.75
D01,PW-1032,2025-11-10,1555.0,6365.56
D01,PW-1032,2025-11-17,1408.0,5653.01
D01,PW-1032,2025-11-24,1309.0,5236.0
D01,PW-1032,2025-12-01,1314.0,5579.2699999999995
D01,PW-1032,2025-12-08,1474.0,5850.59
D01,PW-1032,2025-12-15,1535.0,5941.48
D01,PW-1032,2025-12-22,1232.0,4816.74
D01,PW-1032,2025-12-29,1426.0,6025.07
D01,PW-1032,2026-01-05,1052.0,4056.0
D01,PW-1032,2026-01-12,1483.0,5919.85
D01,PW-1032,2026-01-19,1623.0,6890.25
D01,PW-1032,2026-01-26,1401.0,5751.02
D01,PW-1032,2026-02-02,1937.0,8007.839999999999
D01,PW-1032,2026-02-09,1305.0,5375.78
D01,PW-1032,2026-02-16,1556.0,6171.1
D01,PW-1032,2026-02-23,1514.0,5871.08
D01,PW-1032,2026-03-02,1517.0,5859.65
D01,PW-1032,2026-03-09,1531.0,5885.43
D01,PW-1032,2026-03-16,1600.0,6818.869999999999
D01,PW-1032,2026-03-23,1808.0,7476.299999999999
D01,PW-1032,2026-03-30,1978.0,7665.09
D01,PW-1032,2026-04-06,1625.0,6430.78
D01,PW-1032,2026-04-13,1854.0,7576.59
D01,PW-1032,2026-04-20,1490.0,6090.15
D01,PW-1032,2026-04-27,1872.0,7712.48
D01,PW-1032,2026-05-04,1499.0,6063.36
D01,PW-1032,2026-05-11,1992.0,7658.87
D01,PW-1032,2026-05-18,2369.0,9349.8
D01,PW-1032,2026-05-25,1676.0,6691.29
D01,PW-1032,2026-06-01,1233.0,5124.56
D01,PW-1032,2026-06-08,1581.0,6684.89
D01,PW-1032,2026-06-15,2067.0,7897.28
D01,PW-1032,2026-06-22,1866.0,7709.5599999999995
D01,PW-1033,2024-01-01,1513.0,6588.7
D01,PW-1033,2024-01-08,1700.0,7346.7
D01,PW-1033,2024-01-15,1534.0,6732.3099999999995
D01,PW-1033,2024-01-22,1474.0,6546.89
D01,PW-1033,2024-01-29,1548.0,6871.889999999999
D01,PW-1033,2024-02-05,1796.0,8156.95
D01,PW-1033,2024-02-12,1437.0,6164.35
D01,PW-1033,2024-02-19,1575.0,6630.04
D01,PW-1033,2024-02-26,1626.0,6761.56
D01,PW-1033,2024-03-04,1870.0,7729.72
D01,PW-1033,2024-03-11,1637.0,6768.860000000001
D01,PW-1033,2024-03-18,2204.0,9255.26
D01,PW-1033,2024-03-25,1660.0,7114.6900000000005
D01,PW-1033,2024-04-01,1658.0,6927.73
D01,PW-1033,2024-04-08,1692.0,7544.36
D01,PW-1033,2024-04-15,1439.0,6138.66
D01,PW-1033,2024-04-22,1514.0,6634.34
D01,PW-1033,2024-04-29,1648.0,7242.75
D01,PW-1033,2024-05-06,2131.0,9082.73
D01,PW-1033,2024-05-13,1800.0,7633.98
D01,PW-1033,2024-05-20,1692.0,7480.97
D01,PW-1033,2024-05-27,2197.0,9351.52
D01,PW-1033,2024-06-03,2314.0,9599.619999999999
D01,PW-1033,2024-06-10,2219.0,9994.210000000001
D01,PW-1033,2024-06-17,1619.0,7335.65
D01,PW-1033,2024-06-24,1709.0,7026.34
D01,PW-1033,2024-07-01,2415.0,10251.33
D01,PW-1033,2024-07-08,1904.0,8334.79
D01,PW-1033,2024-07-15,1759.0,7320.14
D01,PW-1033,2024-07-22,2031.0,9118.74
D01,PW-1033,2024-07-29,2112.0,9361.97
D01,PW-1033,2024-08-05,1657.0,7064.45
D01,PW-1033,2024-08-12,1855.0,7940.280000000001
D01,PW-1033,2024-08-19,2048.0,8630.58
D01,PW-1033,2024-08-26,1487.0,6673.67
D01,PW-1033,2024-09-02,1760.0,7848.75
D01,PW-1033,2024-09-09,1475.0,6252.43
D01,PW-1033,2024-09-16,1492.0,6161.11
D01,PW-1033,2024-09-23,1577.0,6893.839999999999
D01,PW-1033,2024-09-30,1829.0,7701.91
D01,PW-1033,2024-10-07,1610.0,7184.8
D01,PW-1033,2024-10-14,1523.0,6645.0
D01,PW-1033,2024-10-21,1681.0,7588.88
D01,PW-1033,2024-10-28,1397.0,6018.31
D01,PW-1033,2024-11-04,1761.0,7578.84
D01,PW-1033,2024-11-11,1950.0,8467.91
D01,PW-1033,2024-11-18,1622.0,7097.139999999999
D01,PW-1033,2024-11-25,1590.0,7034.64
D01,PW-1033,2024-12-02,1733.0,7664.549999999999
D01,PW-1033,2024-12-09,1210.0,5051.1
D01,PW-1033,2024-12-16,1783.0,7695.42
D01,PW-1033,2024-12-23,2629.0,11917.18
D01,PW-1033,2024-12-30,1629.0,6910.51
D01,PW-1033,2025-01-06,1639.0,6840.99
D01,PW-1033,2025-01-13,1879.0,8108.63
D01,PW-1033,2025-01-20,2169.0,9740.19
D01,PW-1033,2025-01-27,1979.0,8321.58
D01,PW-1033,2025-02-03,1249.0,5478.29
D01,PW-1033,2025-02-10,1898.0,8400.77
D01,PW-1033,2025-02-17,2594.0,10837.68
D01,PW-1033,2025-02-24,1958.0,8371.8
D01,PW-1033,2025-03-03,1517.0,6347.64
D01,PW-1033,2025-03-10,1903.0,8063.17
D01,PW-1033,2025-03-17,1523.0,6684.719999999999
D01,PW-1033,2025-03-24,2245.0,9763.970000000001
D01,PW-1033,2025-03-31,1634.0,6846.29
D01,PW-1033,2025-04-07,1926.0,7923.19
D01,PW-1033,2025-04-14,1691.0,7672.93
D01,PW-1033,2025-04-21,1788.0,7661.66
D01,PW-1033,2025-04-28,2445.0,10357.74
D01,PW-1033,2025-05-05,2002.0,9052.88
D01,PW-1033,2025-05-12,1824.0,7903.6
D01,PW-1033,2025-05-19,1680.0,7451.34
D01,PW-1033,2025-05-26,1513.0,6609.0
D01,PW-1033,2025-06-02,1666.0,7077.45
D01,PW-1033,2025-06-09,2048.0,9131.37
D01,PW-1033,2025-06-16,2336.0,9826.15
D01,PW-1033,2025-06-23,1854.0,8205.65
D01,PW-1033,2025-06-30,2550.0,11505.349999999999
D01,PW-1033,2025-07-07,1805.0,7794.35
D01,PW-1033,2025-07-14,1934.0,8560.779999999999
D01,PW-1033,2025-07-21,1698.0,7711.87
D01,PW-1033,2025-07-28,2305.0,9728.189999999999
D01,PW-1033,2025-08-04,2707.0,11276.68
D01,PW-1033,2025-08-11,1508.0,6539.91
D01,PW-1033,2025-08-18,1851.0,7711.7300000000005
D01,PW-1033,2025-08-25,2340.0,9831.44
D01,PW-1033,2025-09-01,1546.0,6889.200000000001
D01,PW-1033,2025-09-08,2075.0,9225.43
D01,PW-1033,2025-09-15,2271.0,9276.75
D01,PW-1033,2025-09-22,1898.0,8214.32
D01,PW-1033,2025-09-29,2021.0,9079.08
D01,PW-1033,2025-10-06,2405.0,10667.09
D01,PW-1033,2025-10-13,2457.0,11067.42
D01,PW-1033,2025-10-20,1806.0,7435.45
D01,PW-1033,2025-10-27,1673.0,7134.28
D01,PW-1033,2025-11-03,1571.0,7145.0
D01,PW-1033,2025-11-10,2081.0,8827.79
D01,PW-1033,2025-11-17,1459.0,6130.4
D01,PW-1033,2025-11-24,1723.0,7136.33
D01,PW-1033,2025-12-01,1817.0,8181.959999999999
D01,PW-1033,2025-12-08,1661.0,6963.17
D01,PW-1033,2025-12-15,1872.0,8495.84
D01,PW-1033,2025-12-22,2646.0,11169.89
D01,PW-1033,2025-12-29,1777.0,7360.5599999999995
D01,PW-1033,2026-01-05,1705.0,7291.07
D01,PW-1033,2026-01-12,2135.0,9443.56
D01,PW-1033,2026-01-19,1915.0,8017.1
D01,PW-1033,2026-01-26,2313.0,9694.73
D01,PW-1033,2026-02-02,1929.0,8643.46
D01,PW-1033,2026-02-09,1832.0,8126.57
D01,PW-1033,2026-02-16,1471.0,6404.52
D01,PW-1033,2026-02-23,1524.0,6826.900000000001
D01,PW-1033,2026-03-02,1492.0,6635.86
D01,PW-1033,2026-03-09,2104.0,9263.34
D01,PW-1033,2026-03-16,1638.0,6696.82
D01,PW-1033,2026-03-23,2453.0,10329.22
D01,PW-1033,2026-03-30,2063.0,8565.970000000001
D01,PW-1033,2026-04-06,2000.0,8928.63
D01,PW-1033,2026-04-13,1845.0,8103.25
D01,PW-1033,2026-04-20,2319.0,10565.98
D01,PW-1033,2026-04-27,1887.0,8109.57
D01,PW-1033,2026-05-04,1850.0,8147.62
D01,PW-1033,2026-05-11,2579.0,11047.68
D01,PW-1033,2026-05-18,2288.0,10127.72
D01,PW-1033,2026-05-25,2103.0,9144.81
D01,PW-1033,2026-06-01,2406.0,10674.470000000001
D01,PW-1033,2026-06-08,2193.0,9564.42
D01,PW-1033,2026-06-15,2322.0,9940.69
D01,PW-1033,2026-06-22,1939.0,8382.09
D01,PW-1034,2024-01-01,1255.0,5279.07
D01,PW-1034,2024-01-08,1244.0,4815.43
D01,PW-1034,2024-01-15,1166.0,4675.35
D01,PW-1034,2024-01-22,1146.0,4580.32
D01,PW-1034,2024-01-29,1384.0,5799.15
D01,PW-1034,2024-02-05,1272.0,4877.35
D01,PW-1034,2024-02-12,1217.0,4848.48
D01,PW-1034,2024-02-19,1181.0,4995.06
D01,PW-1034,2024-02-26,1334.0,5577.429999999999
D01,PW-1034,2024-03-04,1580.0,6561.7
D01,PW-1034,2024-03-11,1435.0,5983.46
D01,PW-1034,2024-03-18,1358.0,5159.99
D01,PW-1034,2024-03-25,1491.0,6047.17
D01,PW-1034,2024-04-01,1766.0,7205.35
D01,PW-1034,2024-04-08,1565.0,6366.79
D01,PW-1034,2024-04-15,1527.0,5918.02
D01,PW-1034,2024-04-22,1631.0,6328.950000000001
D01,PW-1034,2024-04-29,1459.0,5687.89
D01,PW-1034,2024-05-06,1548.0,5928.62
D01,PW-1034,2024-05-13,1408.0,5405.77
D01,PW-1034,2024-05-20,1208.0,4864.43
D01,PW-1034,2024-05-27,1612.0,6141.91
D01,PW-1034,2024-06-03,1618.0,6708.7
D01,PW-1034,2024-06-10,1475.0,5759.51
D01,PW-1034,2024-06-17,1801.0,6872.41
D01,PW-1034,2024-06-24,1384.0,5270.26
D01,PW-1034,2024-07-01,1181.0,4808.15
D01,PW-1034,2024-07-08,1385.0,5581.39
D01,PW-1034,2024-07-15,1217.0,4741.36
D01,PW-1034,2024-07-22,1607.0,6766.47
D01,PW-1034,2024-07-29,1358.0,5644.879999999999
D01,PW-1034,2024-08-05,1753.0,6690.01
D01,PW-1034,2024-08-12,1737.0,7190.63
D01,PW-1034,2024-08-19,1300.0,5222.18
D01,PW-1034,2024-08-26,1313.0,5087.7699999999995
D01,PW-1034,2024-09-02,1594.0,6099.15
D01,PW-1034,2024-09-09,1691.0,6894.91
D01,PW-1034,2024-09-16,1071.0,4084.46
D01,PW-1034,2024-09-23,1499.0,6271.23
D01,PW-1034,2024-09-30,1026.0,4027.76
D01,PW-1034,2024-10-07,1304.0,5233.6
D01,PW-1034,2024-10-14,1657.0,6895.41
D01,PW-1034,2024-10-21,2195.0,8421.449999999999
D01,PW-1034,2024-10-28,1341.0,5133.09
D01,PW-1034,2024-11-04,1147.0,4829.53
D01,PW-1034,2024-11-11,1276.0,5208.95
D01,PW-1034,2024-11-18,1389.0,5692.63
D01,PW-1034,2024-11-25,1242.0,5136.360000000001
D01,PW-1034,2024-12-02,1195.0,4999.92
D01,PW-1034,2024-12-09,1289.0,5210.26
D01,PW-1034,2024-12-16,1462.0,5765.12
D01,PW-1034,2024-12-23,1348.0,5253.23
D01,PW-1034,2025-01-06,1264.0,5286.23
D01,PW-1034,2025-01-13,1323.0,5541.59
D01,PW-1034,2025-01-20,1222.0,5005.08
D01,PW-1034,2025-01-27,1288.0,5344.28
D01,PW-1034,2025-02-03,1593.0,6468.29
D01,PW-1034,2025-02-10,1412.0,5535.79
D01,PW-1034,2025-02-17,1136.0,4526.9800000000005
D01,PW-1034,2025-02-24,1742.0,7168.72
D01,PW-1034,2025-03-03,1608.0,6695.47
D01,PW-1034,2025-03-10,1242.0,5120.71
D01,PW-1034,2025-03-17,1463.0,5731.24
D01,PW-1034,2025-03-24,1388.0,5514.9
D01,PW-1034,2025-03-31,1748.0,7001.650000000001
D01,PW-1034,2025-04-07,1509.0,5885.719999999999
D01,PW-1034,2025-04-14,1594.0,6126.950000000001
D01,PW-1034,2025-04-21,1580.0,6548.71
D01,PW-1034,2025-04-28,1313.0,5469.900000000001
D01,PW-1034,2025-05-05,2039.0,8129.41
D01,PW-1034,2025-05-12,1835.0,7305.0
D01,PW-1034,2025-05-19,1493.0,5964.38
D01,PW-1034,2025-05-26,1727.0,7089.99
D01,PW-1034,2025-06-02,1948.0,8137.65
D01,PW-1034,2025-06-09,1701.0,6944.15
D01,PW-1034,2025-06-16,2133.0,8861.35
D01,PW-1034,2025-06-23,2617.0,10263.8
D01,PW-1034,2025-06-30,1656.0,6755.91
D01,PW-1034,2025-07-07,1543.0,6130.27
D01,PW-1034,2025-07-14,1448.0,5575.1
D01,PW-1034,2025-07-21,1200.0,4558.9400000000005
D01,PW-1034,2025-07-28,2007.0,8307.48
D01,PW-1034,2025-08-04,1570.0,6429.28
D01,PW-1034,2025-08-11,1876.0,7195.8
D01,PW-1034,2025-08-18,1920.0,7976.32
D01,PW-1034,2025-08-25,1379.0,5686.14
D01,PW-1034,2025-09-01,1399.0,5803.98
D01,PW-1034,2025-09-08,2074.0,8117.66
D01,PW-1034,2025-09-15,1567.0,6071.070000000001
D01,PW-1034,2025-09-22,1423.0,5441.48
D01,PW-1034,2025-09-29,1333.0,5180.139999999999
D01,PW-1034,2025-10-06,1515.0,6289.89
D01,PW-1034,2025-10-13,1926.0,8149.71
D01,PW-1034,2025-10-20,1692.0,6645.040000000001
D01,PW-1034,2025-10-27,1560.0,6446.17
D01,PW-1034,2025-11-03,1917.0,7545.51
D01,PW-1034,2025-11-10,1856.0,7665.84
D01,PW-1034,2025-11-17,1578.0,6030.87
D01,PW-1034,2025-11-24,2273.0,9123.68
D01,PW-1034,2025-12-01,1444.0,5879.39
D01,PW-1034,2025-12-08,1769.0,7395.400000000001
D01,PW-1034,2025-12-15,1417.0,5723.36
D01,PW-1034,2025-12-22,1728.0,6581.849999999999
D01,PW-1034,2025-12-29,1460.0,6139.849999999999
D01,PW-1034,2026-01-05,1634.0,6606.360000000001
D01,PW-1034,2026-01-12,2198.0,8953.56
D01,PW-1034,2026-01-19,1785.0,7180.8
D01,PW-1034,2026-01-26,1677.0,7009.79
D01,PW-1034,2026-02-02,1404.0,5337.200000000001
D01,PW-1034,2026-02-09,1638.0,6404.52
D01,PW-1034,2026-02-16,1384.0,5377.259999999999
D01,PW-1034,2026-02-23,1859.0,7505.82
D01,PW-1034,2026-03-02,1873.0,7789.42
D01,PW-1034,2026-03-09,1620.0,6513.19
D01,PW-1034,2026-03-16,2160.0,8356.33
D01,PW-1034,2026-03-23,2139.0,8900.64
D01,PW-1034,2026-03-30,1759.0,7303.44
D01,PW-1034,2026-04-06,1891.0,7228.86
D01,PW-1034,2026-04-13,1606.0,6515.17
D01,PW-1034,2026-04-20,1699.0,6661.33
D01,PW-1034,2026-04-27,1517.0,6219.74
D01,PW-1034,2026-05-04,1672.0,6735.17
D01,PW-1034,2026-05-11,1780.0,7337.31
D01,PW-1034,2026-05-18,1417.0,5843.8
D01,PW-1034,2026-05-25,1990.0,7995.92
D01,PW-1034,2026-06-01,2134.0,8475.81
D01,PW-1034,2026-06-08,1833.0,7413.42
D01,PW-1034,2026-06-15,1225.0,5180.06
D01,PW-1034,2026-06-22,1768.0,6776.19
D01,PW-1035,2024-01-01,1773.0,3373.56
D01,PW-1035,2024-01-08,1192.0,2316.06
D01,PW-1035,2024-01-15,1343.0,2411.13
D01,PW-1035,2024-01-22,1280.0,2404.79
D01,PW-1035,2024-01-29,1265.0,2397.58
D01,PW-1035,2024-02-05,1391.0,2464.98
D01,PW-1035,2024-02-12,1829.0,3583.0299999999997
D01,PW-1035,2024-02-19,1966.0,3729.93
D01,PW-1035,2024-02-26,1436.0,2785.15
D01,PW-1035,2024-03-04,2032.0,3791.97
D01,PW-1035,2024-03-11,1553.0,2827.0699999999997
D01,PW-1035,2024-03-18,2033.0,3951.77
D01,PW-1035,2024-03-25,1559.0,2798.5
D01,PW-1035,2024-04-01,1630.0,2944.1
D01,PW-1035,2024-04-08,1706.0,3357.11
D01,PW-1035,2024-04-15,2627.0,5118.43
D01,PW-1035,2024-04-22,1870.0,3466.15
D01,PW-1035,2024-04-29,1492.0,2940.54
D01,PW-1035,2024-05-06,1933.0,3812.43
D01,PW-1035,2024-05-13,1594.0,2920.36
D01,PW-1035,2024-05-20,1572.0,3032.07
D01,PW-1035,2024-05-27,1948.0,3741.19
D01,PW-1035,2024-06-03,1713.0,3336.93
D01,PW-1035,2024-06-10,1783.0,3169.3
D01,PW-1035,2024-06-17,1715.0,3031.54
D01,PW-1035,2024-06-24,1801.0,3244.41
D01,PW-1035,2024-07-01,1823.0,3528.51
D01,PW-1035,2024-07-08,1277.0,2453.72
D01,PW-1035,2024-07-15,1882.0,3409.92
D01,PW-1035,2024-07-22,1464.0,2639.92
D01,PW-1035,2024-07-29,1360.0,2452.12
D01,PW-1035,2024-08-05,1665.0,3164.76
D01,PW-1035,2024-08-12,1690.0,3289.37
D01,PW-1035,2024-08-19,1494.0,2865.34
D01,PW-1035,2024-08-26,1864.0,3304.9
D01,PW-1035,2024-09-02,1336.0,2474.98
D01,PW-1035,2024-09-09,1525.0,2779.32
D01,PW-1035,2024-09-16,1473.0,2623.02
D01,PW-1035,2024-09-23,1584.0,2855.78
D01,PW-1035,2024-09-30,1651.0,2937.69
D01,PW-1035,2024-10-07,1351.0,2447.23
D01,PW-1035,2024-10-14,1740.0,3123.36
D01,PW-1035,2024-10-21,1566.0,2882.42
D01,PW-1035,2024-10-28,1162.0,2274.49
D01,PW-1035,2024-11-04,1145.0,2051.89
D01,PW-1035,2024-11-11,1528.0,2966.54
D01,PW-1035,2024-11-18,1477.0,2623.11
D01,PW-1035,2024-11-25,1501.0,2900.79
D01,PW-1035,2024-12-02,1518.0,2984.71
D01,PW-1035,2024-12-09,1579.0,2893.5
D01,PW-1035,2024-12-16,1763.0,3245.82
D01,PW-1035,2024-12-23,1300.0,2545.21
D01,PW-1035,2024-12-30,1294.0,2409.35
D01,PW-1035,2025-01-06,1317.0,2430.18
D01,PW-1035,2025-01-13,1632.0,2956.48
D01,PW-1035,2025-01-20,1899.0,3717.88
D01,PW-1035,2025-01-27,1490.0,2916.2799999999997
D01,PW-1035,2025-02-03,1103.0,1955.6000000000001
D01,PW-1035,2025-02-10,1256.0,2411.87
D01,PW-1035,2025-02-17,1447.0,2810.69
D01,PW-1035,2025-02-24,1525.0,2970.42
D01,PW-1035,2025-03-03,1578.0,3038.83
D01,PW-1035,2025-03-10,1706.0,3315.1
D01,PW-1035,2025-03-17,1638.0,2927.75
D01,PW-1035,2025-03-24,2031.0,3841.7
D01,PW-1035,2025-03-31,1585.0,3058.62
D01,PW-1035,2025-04-07,1557.0,2758.7999999999997
D01,PW-1035,2025-04-14,1922.0,3660.33
D01,PW-1035,2025-04-21,1434.0,2596.56
D01,PW-1035,2025-04-28,1929.0,3784.45
D01,PW-1035,2025-05-05,1862.0,3538.58
D01,PW-1035,2025-05-12,1805.0,3202.21
D01,PW-1035,2025-05-19,2354.0,4500.4
D01,PW-1035,2025-05-26,1697.0,3039.7
D01,PW-1035,2025-06-02,2546.0,4977.37
D01,PW-1035,2025-06-09,1811.0,3560.18
D01,PW-1035,2025-06-16,1549.0,2766.37
D01,PW-1035,2025-06-23,1895.0,3676.7
D01,PW-1035,2025-06-30,1594.0,2995.19
D01,PW-1035,2025-07-07,1670.0,3108.38
D01,PW-1035,2025-07-14,1979.0,3528.02
D01,PW-1035,2025-07-21,2018.0,3581.2299999999996
D01,PW-1035,2025-07-28,1683.0,3152.85
D01,PW-1035,2025-08-04,2131.0,4175.23
D01,PW-1035,2025-08-11,2173.0,3926.08
D01,PW-1035,2025-08-18,2250.0,4068.81
D01,PW-1035,2025-08-25,1949.0,3583.6699999999996
D01,PW-1035,2025-09-01,2192.0,4043.6800000000003
D01,PW-1035,2025-09-08,1337.0,2541.31
D01,PW-1035,2025-09-15,1676.0,3193.71
D01,PW-1035,2025-09-22,1532.0,3000.64
D01,PW-1035,2025-09-29,1762.0,3297.15
D01,PW-1035,2025-10-06,1577.0,2922.58
D01,PW-1035,2025-10-13,1664.0,2962.9900000000002
D01,PW-1035,2025-10-20,2248.0,4245.74
D01,PW-1035,2025-10-27,1643.0,3205.85
D01,PW-1035,2025-11-03,1785.0,3440.4700000000003
D01,PW-1035,2025-11-10,1614.0,2967.33
D01,PW-1035,2025-11-17,1686.0,3126.15
D01,PW-1035,2025-11-24,1666.0,3017.4100000000003
D01,PW-1035,2025-12-01,1780.0,3417.61
D01,PW-1035,2025-12-08,1984.0,3568.17
D01,PW-1035,2025-12-15,2137.0,4110.07
D01,PW-1035,2025-12-22,1755.0,3153.9
D01,PW-1035,2025-12-29,1839.0,3514.99
D01,PW-1035,2026-01-05,1425.0,2755.4700000000003
D01,PW-1035,2026-01-12,1682.0,3033.95
D01,PW-1035,2026-01-19,1979.0,3623.95
D01,PW-1035,2026-01-26,1974.0,3638.01
D01,PW-1035,2026-02-02,1807.0,3431.11
D01,PW-1035,2026-02-09,2020.0,3945.59
D01,PW-1035,2026-02-16,1924.0,3588.0
D01,PW-1035,2026-02-23,2164.0,4194.71
D01,PW-1035,2026-03-02,1909.0,3762.21
D01,PW-1035,2026-03-09,1752.0,3192.74
D01,PW-1035,2026-03-16,1966.0,3592.88
D01,PW-1035,2026-03-23,1217.0,2359.69
D01,PW-1035,2026-03-30,2023.0,3856.77
D01,PW-1035,2026-04-06,1116.0,2181.21
D01,PW-1035,2026-04-13,1504.0,2700.66
D01,PW-1035,2026-04-20,2102.0,4007.58
D01,PW-1035,2026-04-27,2128.0,3875.2400000000002
D01,PW-1035,2026-05-04,1676.0,3226.28
D01,PW-1035,2026-05-11,1804.0,3399.07
D01,PW-1035,2026-05-18,2478.0,4424.87
D01,PW-1035,2026-05-25,1884.0,3405.6400000000003
D01,PW-1035,2026-06-01,2846.0,5431.89
D01,PW-1035,2026-06-08,2036.0,3701.36
D01,PW-1035,2026-06-15,2168.0,3919.92
D01,PW-1035,2026-06-22,2599.0,5075.74
D01,SC-1016,2024-01-01,518.0,12566.98
D01,SC-1016,2024-01-08,626.0,15311.37
D01,SC-1016,2024-01-15,904.0,21291.57
D01,SC-1016,2024-01-22,452.0,10379.880000000001
D01,SC-1016,2024-01-29,626.0,14380.65
D01,SC-1016,2024-02-05,539.0,12226.7
D01,SC-1016,2024-02-12,667.0,15864.170000000002
D01,SC-1016,2024-02-19,624.0,15150.560000000001
D01,SC-1016,2024-02-26,704.0,15689.6
D01,SC-1016,2024-03-04,759.0,17851.47
D01,SC-1016,2024-03-11,664.0,15699.039999999999
D01,SC-1016,2024-03-18,774.0,19022.98
D01,SC-1016,2024-03-25,466.0,10571.6
D01,SC-1016,2024-04-01,851.0,18931.14
D01,SC-1016,2024-04-08,718.0,17012.65
D01,SC-1016,2024-04-15,808.0,18846.2
D01,SC-1016,2024-04-22,578.0,13408.98
D01,SC-1016,2024-04-29,620.0,15181.01
D01,SC-1016,2024-05-06,724.0,17431.73
D01,SC-1016,2024-05-13,713.0,15901.58
D01,SC-1016,2024-05-20,751.0,17709.03
D01,SC-1016,2024-05-27,852.0,19881.38
D01,SC-1016,2024-06-03,559.0,12886.36
D01,SC-1016,2024-06-10,846.0,19094.21
D01,SC-1016,2024-06-17,734.0,16647.5
D01,SC-1016,2024-06-24,713.0,16897.23
D01,SC-1016,2024-07-01,590.0,13276.44
D01,SC-1016,2024-07-08,793.0,18511.8
D01,SC-1016,2024-07-15,512.0,11997.189999999999
D01,SC-1016,2024-07-22,808.0,19623.8
D01,SC-1016,2024-07-29,585.0,14257.01
D01,SC-1016,2024-08-05,734.0,16331.44
D01,SC-1016,2024-08-12,712.0,16712.190000000002
D01,SC-1016,2024-08-19,860.0,19262.84
D01,SC-1016,2024-08-26,699.0,16908.59
D01,SC-1016,2024-09-02,643.0,15071.869999999999
D01,SC-1016,2024-09-09,657.0,16128.699999999999
D01,SC-1016,2024-09-16,853.0,20593.8
D01,SC-1016,2024-09-23,759.0,17658.57
D01,SC-1016,2024-09-30,657.0,14562.91
D01,SC-1016,2024-10-07,668.0,16458.61
D01,SC-1016,2024-10-14,545.0,12748.18
D01,SC-1016,2024-10-21,727.0,16244.93
D01,SC-1016,2024-10-28,525.0,11951.36
D01,SC-1016,2024-11-04,762.0,18535.83
D01,SC-1016,2024-11-11,693.0,15862.79
D01,SC-1016,2024-11-18,972.0,21939.21
D01,SC-1016,2024-11-25,576.0,13798.51
D01,SC-1016,2024-12-02,670.0,15184.2
D01,SC-1016,2024-12-09,893.0,20305.670000000002
D01,SC-1016,2024-12-16,819.0,19386.34
D01,SC-1016,2024-12-23,620.0,13975.97
D01,SC-1016,2024-12-30,717.0,15874.37
D01,SC-1016,2025-01-06,698.0,15937.14
D01,SC-1016,2025-01-13,735.0,16975.03
D01,SC-1016,2025-01-20,640.0,14719.130000000001
D01,SC-1016,2025-01-27,709.0,17484.75
D01,SC-1016,2025-02-03,572.0,13783.130000000001
D01,SC-1016,2025-02-10,750.0,18071.19
D01,SC-1016,2025-02-17,797.0,19343.27
D01,SC-1016,2025-02-24,729.0,16694.81
D01,SC-1016,2025-03-03,599.0,13402.02
D01,SC-1016,2025-03-10,897.0,21821.420000000002
D01,SC-1016,2025-03-17,828.0,19259.18
D01,SC-1016,2025-03-24,712.0,16234.58
D01,SC-1016,2025-03-31,770.0,17543.5
D01,SC-1016,2025-04-07,649.0,15041.4
D01,SC-1016,2025-04-14,705.0,17101.45
D01,SC-1016,2025-04-21,766.0,18091.95
D01,SC-1016,2025-04-28,1008.0,22448.2
D01,SC-1016,2025-05-05,768.0,18303.26
D01,SC-1016,2025-05-12,938.0,22168.84
D01,SC-1016,2025-05-19,792.0,18434.72
D01,SC-1016,2025-05-26,896.0,21953.19
D01,SC-1016,2025-06-02,849.0,19193.4
D01,SC-1016,2025-06-09,992.0,22808.48
D01,SC-1016,2025-06-16,805.0,18094.440000000002
D01,SC-1016,2025-06-23,690.0,15374.22
D01,SC-1016,2025-06-30,711.0,16388.41
D01,SC-1016,2025-07-07,613.0,13957.66
D01,SC-1016,2025-07-14,544.0,12571.75
D01,SC-1016,2025-07-21,689.0,15587.14
D01,SC-1016,2025-07-28,596.0,13582.75
D01,SC-1016,2025-08-04,900.0,21343.2
D01,SC-1016,2025-08-11,478.0,11051.21
D01,SC-1016,2025-08-18,630.0,14485.82
D01,SC-1016,2025-08-25,507.0,11916.33
D01,SC-1016,2025-09-01,549.0,13223.73
D01,SC-1016,2025-09-08,593.0,13700.47
D01,SC-1016,2025-09-15,403.0,9517.73
D01,SC-1016,2025-09-22,582.0,14305.07
D01,SC-1016,2025-09-29,734.0,17218.67
D01,SC-1016,2025-10-06,507.0,12395.460000000001
D01,SC-1016,2025-10-13,555.0,12928.2
D01,SC-1016,2025-10-20,613.0,14350.82
D01,SC-1016,2025-10-27,505.0,12260.99
D01,SC-1016,2025-11-03,468.0,11121.37
D01,SC-1016,2025-11-10,358.0,8300.96
D01,SC-1016,2025-11-17,548.0,12240.41
D01,SC-1016,2025-11-24,483.0,11572.05
D01,SC-1016,2025-12-01,418.0,9905.330000000002
D01,SC-1016,2025-12-08,492.0,11265.1
D01,SC-1016,2025-12-15,439.0,10039.62
D01,SC-1016,2025-12-22,439.0,9764.81
D01,SC-1016,2025-12-29,518.0,12431.689999999999
D01,SC-1016,2026-01-05,386.0,8992.85
D01,SC-1016,2026-01-12,550.0,12763.5
D01,SC-1016,2026-01-19,380.0,8747.37
D01,SC-1016,2026-01-26,424.0,9681.93
D01,SC-1016,2026-02-02,624.0,13904.42
D01,SC-1016,2026-02-09,554.0,12523.210000000001
D01,SC-1016,2026-02-16,474.0,10659.69
D01,SC-1016,2026-02-23,406.0,9573.48
D01,SC-1016,2026-03-02,432.0,9634.560000000001
D01,SC-1016,2026-03-09,473.0,10547.45
D01,SC-1016,2026-03-16,471.0,10697.43
D01,SC-1016,2026-03-23,462.0,10808.35
D01,SC-1016,2026-03-30,466.0,11097.63
D01,SC-1016,2026-04-06,453.0,10808.15
D01,SC-1016,2026-04-13,376.0,8567.710000000001
D01,SC-1016,2026-04-20,435.0,10088.57
D01,SC-1016,2026-04-27,543.0,12427.880000000001
D01,SC-1016,2026-05-04,387.0,8703.02
D01,SC-1016,2026-05-11,465.0,10331.79
D01,SC-1016,2026-05-18,424.0,10028.11
D01,SC-1016,2026-05-25,489.0,11142.0
D01,SC-1016,2026-06-01,455.0,10977.519999999999
D01,SC-1016,2026-06-08,602.0,13766.77
D01,SC-1016,2026-06-15,520.0,12215.06
D01,SC-1016,2026-06-22,395.0,9683.72
D01,SC-1017,2024-01-01,517.0,7511.42
D01,SC-1017,2024-01-08,490.0,6976.5199999999995
D01,SC-1017,2024-01-15,493.0,6632.12
D01,SC-1017,2024-01-22,463.0,6546.58
D01,SC-1017,2024-01-29,372.0,5350.0599999999995
D01,SC-1017,2024-02-05,546.0,7366.379999999999
D01,SC-1017,2024-02-12,399.0,5464.0
D01,SC-1017,2024-02-19,538.0,7276.389999999999
D01,SC-1017,2024-02-26,556.0,7695.990000000001
D01,SC-1017,2024-03-04,424.0,5759.13
D01,SC-1017,2024-03-11,466.0,6735.26
D01,SC-1017,2024-03-18,711.0,9785.37
D01,SC-1017,2024-03-25,518.0,7488.26
D01,SC-1017,2024-04-01,442.0,6385.9
D01,SC-1017,2024-04-08,606.0,8254.56
D01,SC-1017,2024-04-15,484.0,7219.91
D01,SC-1017,2024-04-22,412.0,5832.5
D01,SC-1017,2024-04-29,600.0,8527.79
D01,SC-1017,2024-05-06,488.0,6909.58
D01,SC-1017,2024-05-13,593.0,8656.73
D01,SC-1017,2024-05-20,504.0,6925.19
D01,SC-1017,2024-05-27,637.0,9113.32
D01,SC-1017,2024-06-03,592.0,8549.09
D01,SC-1017,2024-06-10,392.0,5820.5199999999995
D01,SC-1017,2024-06-17,615.0,8679.82
D01,SC-1017,2024-06-24,557.0,8096.35
D01,SC-1017,2024-07-01,720.0,10511.72
D01,SC-1017,2024-07-08,618.0,8991.130000000001
D01,SC-1017,2024-07-15,651.0,9633.23
D01,SC-1017,2024-07-22,522.0,7166.73
D01,SC-1017,2024-07-29,514.0,7338.4800000000005
D01,SC-1017,2024-08-05,574.0,8320.400000000001
D01,SC-1017,2024-08-12,544.0,7303.74
D01,SC-1017,2024-08-19,698.0,10110.83
D01,SC-1017,2024-08-26,555.0,7526.93
D01,SC-1017,2024-09-02,470.0,6302.200000000001
D01,SC-1017,2024-09-09,496.0,7039.82
D01,SC-1017,2024-09-16,645.0,9340.75
D01,SC-1017,2024-09-23,541.0,7560.38
D01,SC-1017,2024-09-30,533.0,7320.32
D01,SC-1017,2024-10-07,642.0,8693.32
D01,SC-1017,2024-10-14,475.0,6379.01
D01,SC-1017,2024-10-21,388.0,5219.93
D01,SC-1017,2024-10-28,476.0,6419.91
D01,SC-1017,2024-11-04,559.0,8118.1900000000005
D01,SC-1017,2024-11-11,518.0,7367.7
D01,SC-1017,2024-11-18,425.0,5880.59
D01,SC-1017,2024-11-25,626.0,8606.8
D01,SC-1017,2024-12-02,552.0,7498.11
D01,SC-1017,2024-12-09,572.0,7796.74
D01,SC-1017,2024-12-16,577.0,8512.34
D01,SC-1017,2024-12-23,448.0,6680.94
D01,SC-1017,2024-12-30,574.0,8283.25
D01,SC-1017,2025-01-06,633.0,8897.38
D01,SC-1017,2025-01-13,661.0,9164.76
D01,SC-1017,2025-01-20,627.0,9326.19
D01,SC-1017,2025-01-27,614.0,8910.46
D01,SC-1017,2025-02-03,443.0,6035.1
D01,SC-1017,2025-02-10,581.0,8483.91
D01,SC-1017,2025-02-17,510.0,7241.68
D01,SC-1017,2025-02-24,723.0,10557.08
D01,SC-1017,2025-03-03,716.0,9622.21
D01,SC-1017,2025-03-10,531.0,7292.15
D01,SC-1017,2025-03-17,616.0,9160.25
D01,SC-1017,2025-03-24,652.0,9625.0
D01,SC-1017,2025-03-31,728.0,10506.96
D01,SC-1017,2025-04-07,500.0,7187.96
D01,SC-1017,2025-04-14,467.0,6275.089999999999
D01,SC-1017,2025-04-21,661.0,9153.4
D01,SC-1017,2025-04-28,454.0,6567.52
D01,SC-1017,2025-05-05,685.0,9616.69
D01,SC-1017,2025-05-12,737.0,10741.26
D01,SC-1017,2025-05-19,817.0,11732.32
D01,SC-1017,2025-05-26,622.0,8572.93
D01,SC-1017,2025-06-02,703.0,10352.16
D01,SC-1017,2025-06-09,759.0,11104.68
D01,SC-1017,2025-06-16,579.0,8277.43
D01,SC-1017,2025-06-23,793.0,11370.55
D01,SC-1017,2025-06-30,721.0,10249.45
D01,SC-1017,2025-07-07,480.0,7124.370000000001
D01,SC-1017,2025-07-14,530.0,7912.74
D01,SC-1017,2025-07-21,502.0,7349.85
D01,SC-1017,2025-07-28,569.0,7654.41
D01,SC-1017,2025-08-04,472.0,6852.91
D01,SC-1017,2025-08-11,508.0,6937.56
D01,SC-1017,2025-08-18,440.0,6280.299999999999
D01,SC-1017,2025-08-25,413.0,6099.82
D01,SC-1017,2025-09-01,480.0,6701.92
D01,SC-1017,2025-09-08,402.0,5955.48
D01,SC-1017,2025-09-15,509.0,7376.91
D01,SC-1017,2025-09-22,485.0,6720.97
D01,SC-1017,2025-09-29,389.0,5265.54
D01,SC-1017,2025-10-06,443.0,6492.89
D01,SC-1017,2025-10-13,376.0,5302.66
D01,SC-1017,2025-10-20,327.0,4409.789999999999
D01,SC-1017,2025-10-27,374.0,5069.77
D01,SC-1017,2025-11-03,401.0,5962.76
D01,SC-1017,2025-11-10,431.0,5926.26
D01,SC-1017,2025-11-17,402.0,5988.29
D01,SC-1017,2025-11-24,446.0,6437.08
D01,SC-1017,2025-12-01,332.0,4603.78
D01,SC-1017,2025-12-08,361.0,5042.82
D01,SC-1017,2025-12-15,485.0,7011.71
D01,SC-1017,2025-12-22,282.0,3805.66
D01,SC-1017,2025-12-29,350.0,5221.950000000001
D01,SC-1017,2026-01-05,317.0,4316.78
D01,SC-1017,2026-01-12,361.0,5336.6
D01,SC-1017,2026-01-19,347.0,5168.47
D01,SC-1017,2026-01-26,405.0,5734.35
D01,SC-1017,2026-02-02,384.0,5186.29
D01,SC-1017,2026-02-09,304.0,4353.36
D01,SC-1017,2026-02-16,339.0,4637.7300000000005
D01,SC-1017,2026-02-23,370.0,5087.51
D01,SC-1017,2026-03-02,414.0,5812.75
D01,SC-1017,2026-03-09,533.0,7294.66
D01,SC-1017,2026-03-16,412.0,5865.38
D01,SC-1017,2026-03-23,318.0,4284.93
D01,SC-1017,2026-03-30,365.0,5210.79
D01,SC-1017,2026-04-06,380.0,5184.45
D01,SC-1017,2026-04-13,342.0,4962.91
D01,SC-1017,2026-04-20,399.0,5348.93
D01,SC-1017,2026-04-27,266.0,3756.42
D01,SC-1017,2026-05-04,409.0,5540.6900000000005
D01,SC-1017,2026-05-11,352.0,5034.969999999999
D01,SC-1017,2026-05-18,373.0,5575.21
D01,SC-1017,2026-05-25,474.0,6909.32
D01,SC-1017,2026-06-01,316.0,4529.620000000001
D01,SC-1017,2026-06-08,397.0,5486.44
D01,SC-1017,2026-06-15,429.0,5957.6
D01,SC-1017,2026-06-22,390.0,5561.01
D01,SC-1018,2024-01-01,231.0,3889.1800000000003
D01,SC-1018,2024-01-08,250.0,4101.39
D01,SC-1018,2024-01-15,229.0,3909.16
D01,SC-1018,2024-01-22,260.0,4415.45
D01,SC-1018,2024-01-29,282.0,4629.62
D01,SC-1018,2024-02-05,247.0,4056.33
D01,SC-1018,2024-02-12,332.0,5623.46
D01,SC-1018,2024-02-19,267.0,4534.9
D01,SC-1018,2024-02-26,272.0,4668.7
D01,SC-1018,2024-03-04,231.0,4194.45
D01,SC-1018,2024-03-11,286.0,4987.82
D01,SC-1018,2024-03-18,267.0,4473.5599999999995
D01,SC-1018,2024-03-25,252.0,4183.69
D01,SC-1018,2024-04-01,249.0,4474.68
D01,SC-1018,2024-04-08,422.0,7368.4800000000005
D01,SC-1018,2024-04-15,275.0,5005.03
D01,SC-1018,2024-04-22,232.0,4140.96
D01,SC-1018,2024-04-29,263.0,4570.46
D01,SC-1018,2024-05-06,293.0,5034.0199999999995
D01,SC-1018,2024-05-13,323.0,5317.66
D01,SC-1018,2024-05-20,326.0,5825.92
D01,SC-1018,2024-05-27,334.0,6030.58
D01,SC-1018,2024-06-03,275.0,4753.87
D01,SC-1018,2024-06-10,320.0,5539.860000000001
D01,SC-1018,2024-06-17,268.0,4667.47
D01,SC-1018,2024-06-24,279.0,4831.219999999999
D01,SC-1018,2024-07-01,267.0,4627.28
D01,SC-1018,2024-07-08,256.0,4616.64
D01,SC-1018,2024-07-15,359.0,5974.07
D01,SC-1018,2024-07-22,339.0,6072.88
D01,SC-1018,2024-07-29,353.0,6042.36
D01,SC-1018,2024-08-05,305.0,5278.38
D01,SC-1018,2024-08-12,339.0,6077.58
D01,SC-1018,2024-08-19,231.0,4196.31
D01,SC-1018,2024-08-26,340.0,5713.6900000000005
D01,SC-1018,2024-09-02,305.0,5112.71
D01,SC-1018,2024-09-09,324.0,5862.86
D01,SC-1018,2024-09-16,311.0,5278.14
D01,SC-1018,2024-09-23,252.0,4519.38
D01,SC-1018,2024-09-30,232.0,4087.4
D01,SC-1018,2024-10-07,259.0,4519.83
D01,SC-1018,2024-10-14,312.0,5638.36
D01,SC-1018,2024-10-21,317.0,5767.19
D01,SC-1018,2024-10-28,232.0,4156.27
D01,SC-1018,2024-11-04,245.0,4109.85
D01,SC-1018,2024-11-11,254.0,4547.33
D01,SC-1018,2024-11-18,268.0,4661.96
D01,SC-1018,2024-11-25,231.0,3799.24
D01,SC-1018,2024-12-02,229.0,4122.02
D01,SC-1018,2024-12-09,251.0,4264.13
D01,SC-1018,2024-12-16,289.0,4762.84
D01,SC-1018,2024-12-23,240.0,4042.79
D01,SC-1018,2024-12-30,284.0,4954.27
D01,SC-1018,2025-01-06,341.0,6092.71
D01,SC-1018,2025-01-13,241.0,3975.18
D01,SC-1018,2025-01-20,287.0,4801.97
D01,SC-1018,2025-01-27,349.0,5967.639999999999
D01,SC-1018,2025-02-03,284.0,5060.77
D01,SC-1018,2025-02-10,281.0,5073.42
D01,SC-1018,2025-02-17,369.0,6153.03
D01,SC-1018,2025-02-24,300.0,5405.97
D01,SC-1018,2025-03-03,375.0,6741.27
D01,SC-1018,2025-03-10,344.0,6043.98
D01,SC-1018,2025-03-17,310.0,5547.48
D01,SC-1018,2025-03-24,355.0,6427.85
D01,SC-1018,2025-03-31,240.0,4260.9
D01,SC-1018,2025-04-07,394.0,6842.92
D01,SC-1018,2025-04-14,315.0,5347.549999999999
D01,SC-1018,2025-04-21,348.0,6005.58
D01,SC-1018,2025-04-28,346.0,5773.87
D01,SC-1018,2025-05-05,391.0,6998.42
D01,SC-1018,2025-05-12,304.0,5528.35
D01,SC-1018,2025-05-19,416.0,7374.83
D01,SC-1018,2025-05-26,386.0,6996.94
D01,SC-1018,2025-06-02,296.0,5050.969999999999
D01,SC-1018,2025-06-09,434.0,7692.049999999999
D01,SC-1018,2025-06-16,508.0,8950.82
D01,SC-1018,2025-06-23,423.0,7092.13
D01,SC-1018,2025-06-30,451.0,7924.58
D01,SC-1018,2025-07-07,280.0,4618.52
D01,SC-1018,2025-07-14,213.0,3765.24
D01,SC-1018,2025-07-21,205.0,3677.67
D01,SC-1018,2025-07-28,277.0,4932.66
D01,SC-1018,2025-08-04,240.0,4217.67
D01,SC-1018,2025-08-11,225.0,3919.66
D01,SC-1018,2025-08-18,252.0,4141.1
D01,SC-1018,2025-08-25,274.0,4871.21
D01,SC-1018,2025-09-01,198.0,3445.59
D01,SC-1018,2025-09-08,226.0,3819.97
D01,SC-1018,2025-09-15,298.0,5069.65
D01,SC-1018,2025-09-22,199.0,3611.2299999999996
D01,SC-1018,2025-09-29,262.0,4597.97
D01,SC-1018,2025-10-06,210.0,3630.85
D01,SC-1018,2025-10-13,241.0,4235.5599999999995
D01,SC-1018,2025-10-20,258.0,4427.21
D01,SC-1018,2025-10-27,241.0,4159.9400000000005
D01,SC-1018,2025-11-03,244.0,4122.3099999999995
D01,SC-1018,2025-11-10,176.0,3036.22
D01,SC-1018,2025-11-17,245.0,4326.94
D01,SC-1018,2025-11-24,180.0,2964.61
D01,SC-1018,2025-12-01,211.0,3770.31
D01,SC-1018,2025-12-08,209.0,3532.98
D01,SC-1018,2025-12-15,214.0,3790.23
D01,SC-1018,2025-12-22,208.0,3667.16
D01,SC-1018,2025-12-29,174.0,3058.83
D01,SC-1018,2026-01-05,160.0,2809.67
D01,SC-1018,2026-01-12,223.0,4057.29
D01,SC-1018,2026-01-19,201.0,3479.9
D01,SC-1018,2026-01-26,232.0,3913.4700000000003
D01,SC-1018,2026-02-02,193.0,3327.76
D01,SC-1018,2026-02-09,158.0,2866.07
D01,SC-1018,2026-02-16,225.0,3823.5299999999997
D01,SC-1018,2026-02-23,184.0,3087.99
D01,SC-1018,2026-03-02,205.0,3359.29
D01,SC-1018,2026-03-09,177.0,3136.31
D01,SC-1018,2026-03-16,250.0,4526.69
D01,SC-1018,2026-03-23,171.0,3099.91
D01,SC-1018,2026-03-30,185.0,3252.15
D01,SC-1018,2026-04-06,198.0,3293.66
D01,SC-1018,2026-04-13,165.0,2956.42
D01,SC-1018,2026-04-20,206.0,3713.05
D01,SC-1018,2026-04-27,251.0,4293.12
D01,SC-1018,2026-05-04,184.0,3165.0
D01,SC-1018,2026-05-11,211.0,3542.01
D01,SC-1018,2026-05-18,132.0,2299.69
D01,SC-1018,2026-05-25,199.0,3483.3100000000004
D01,SC-1018,2026-06-01,191.0,3259.81
D01,SC-1018,2026-06-08,178.0,3113.08
D01,SC-1018,2026-06-15,236.0,4257.35
D01,SC-1018,2026-06-22,191.0,3148.85
D01,SC-1019,2024-01-01,274.0,2702.94
D01,SC-1019,2024-01-08,244.0,2439.36
D01,SC-1019,2024-01-15,317.0,3041.5
D01,SC-1019,2024-01-22,278.0,2692.65
D01,SC-1019,2024-01-29,302.0,2904.0299999999997
D01,SC-1019,2024-02-05,328.0,3237.11
D01,SC-1019,2024-02-12,330.0,3295.91
D01,SC-1019,2024-02-19,346.0,3535.49
D01,SC-1019,2024-02-26,312.0,2933.33
D01,SC-1019,2024-03-04,302.0,2997.58
D01,SC-1019,2024-03-11,322.0,3197.9
D01,SC-1019,2024-03-18,256.0,2541.79
D01,SC-1019,2024-03-25,269.0,2646.71
D01,SC-1019,2024-04-01,278.0,2610.06
D01,SC-1019,2024-04-08,295.0,2853.0299999999997
D01,SC-1019,2024-04-15,369.0,3551.99
D01,SC-1019,2024-04-22,306.0,2975.52
D01,SC-1019,2024-04-29,335.0,3288.24
D01,SC-1019,2024-05-06,435.0,4099.29
D01,SC-1019,2024-05-13,342.0,3434.46
D01,SC-1019,2024-05-20,406.0,3977.14
D01,SC-1019,2024-05-27,318.0,2995.64
D01,SC-1019,2024-06-03,357.0,3357.5299999999997
D01,SC-1019,2024-06-10,320.0,3288.73
D01,SC-1019,2024-06-17,352.0,3350.0
D01,SC-1019,2024-06-24,421.0,4191.73
D01,SC-1019,2024-07-01,287.0,2914.9700000000003
D01,SC-1019,2024-07-08,397.0,4085.4
D01,SC-1019,2024-07-15,385.0,3660.92
D01,SC-1019,2024-07-22,339.0,3462.46
D01,SC-1019,2024-07-29,297.0,2992.9900000000002
D01,SC-1019,2024-08-05,372.0,3814.59
D01,SC-1019,2024-08-12,339.0,3505.19
D01,SC-1019,2024-08-19,378.0,3569.94
D01,SC-1019,2024-08-26,364.0,3637.85
D01,SC-1019,2024-09-02,459.0,4497.18
D01,SC-1019,2024-09-09,346.0,3373.95
D01,SC-1019,2024-09-16,305.0,2911.7
D01,SC-1019,2024-09-23,364.0,3469.09
D01,SC-1019,2024-09-30,364.0,3637.03
D01,SC-1019,2024-10-07,429.0,4278.2300000000005
D01,SC-1019,2024-10-14,395.0,4059.96
D01,SC-1019,2024-10-21,366.0,3728.6899999999996
D01,SC-1019,2024-10-28,430.0,4126.76
D01,SC-1019,2024-11-04,288.0,2681.52
D01,SC-1019,2024-11-11,312.0,3103.34
D01,SC-1019,2024-11-18,299.0,3025.2000000000003
D01,SC-1019,2024-11-25,324.0,3233.8599999999997
D01,SC-1019,2024-12-02,280.0,2649.6800000000003
D01,SC-1019,2024-12-09,379.0,3867.09
D01,SC-1019,2024-12-16,335.0,3163.01
D01,SC-1019,2024-12-23,279.0,2724.47
D01,SC-1019,2024-12-30,301.0,2947.36
D01,SC-1019,2025-01-06,370.0,3530.6400000000003
D01,SC-1019,2025-01-13,404.0,3788.15
D01,SC-1019,2025-01-20,485.0,4857.43
D01,SC-1019,2025-01-27,562.0,5738.43
D01,SC-1019,2025-02-03,391.0,4016.3999999999996
D01,SC-1019,2025-02-10,320.0,3161.86
D01,SC-1019,2025-02-17,273.0,2592.63
D01,SC-1019,2025-02-24,397.0,3819.0299999999997
D01,SC-1019,2025-03-03,342.0,3409.85
D01,SC-1019,2025-03-10,367.0,3773.2299999999996
D01,SC-1019,2025-03-17,361.0,3403.03
D01,SC-1019,2025-03-24,393.0,3960.43
D01,SC-1019,2025-03-31,476.0,4654.27
D01,SC-1019,2025-04-07,420.0,4242.11
D01,SC-1019,2025-04-14,406.0,4201.25
D01,SC-1019,2025-04-21,359.0,3372.7
D01,SC-1019,2025-04-28,330.0,3196.38
D01,SC-1019,2025-05-05,397.0,4064.87
D01,SC-1019,2025-05-12,427.0,4367.92
D01,SC-1019,2025-05-19,565.0,5501.01
D01,SC-1019,2025-05-26,445.0,4544.73
D01,SC-1019,2025-06-02,508.0,4824.17
D01,SC-1019,2025-06-09,408.0,3924.4800000000005
D01,SC-1019,2025-06-16,369.0,3711.04
D01,SC-1019,2025-06-23,382.0,3702.6699999999996
D01,SC-1019,2025-06-30,396.0,3830.37
D01,SC-1019,2025-07-07,462.0,4738.59
D01,SC-1019,2025-07-14,293.0,2911.9700000000003
D01,SC-1019,2025-07-21,371.0,3713.3
D01,SC-1019,2025-07-28,282.0,2713.31
D01,SC-1019,2025-08-04,366.0,3498.71
D01,SC-1019,2025-08-11,332.0,3203.84
D01,SC-1019,2025-08-18,301.0,2853.18
D01,SC-1019,2025-08-25,302.0,3090.2400000000002
D01,SC-1019,2025-09-01,271.0,2598.88
D01,SC-1019,2025-09-08,314.0,3107.9399999999996
D01,SC-1019,2025-09-15,270.0,2735.7799999999997
D01,SC-1019,2025-09-22,236.0,2393.51
D01,SC-1019,2025-09-29,230.0,2248.8199999999997
D01,SC-1019,2025-10-06,281.0,2760.4100000000003
D01,SC-1019,2025-10-13,342.0,3544.7200000000003
D01,SC-1019,2025-10-20,272.0,2726.25
D01,SC-1019,2025-10-27,257.0,2614.32
D01,SC-1019,2025-11-03,269.0,2764.0200000000004
D01,SC-1019,2025-11-10,309.0,3139.97
D01,SC-1019,2025-11-17,260.0,2682.0699999999997
D01,SC-1019,2025-11-24,234.0,2182.39
D01,SC-1019,2025-12-01,290.0,2797.76
D01,SC-1019,2025-12-08,260.0,2502.14
D01,SC-1019,2025-12-15,305.0,2961.77
D01,SC-1019,2025-12-22,247.0,2297.52
D01,SC-1019,2025-12-29,199.0,2030.65
D01,SC-1019,2026-01-05,194.0,1857.38
D01,SC-1019,2026-01-12,304.0,2932.27
D01,SC-1019,2026-01-19,307.0,2960.32
D01,SC-1019,2026-01-26,230.0,2151.42
D01,SC-1019,2026-02-02,223.0,2106.84
D01,SC-1019,2026-02-09,294.0,2810.4700000000003
D01,SC-1019,2026-02-16,200.0,1895.08
D01,SC-1019,2026-02-23,207.0,2093.2000000000003
D01,SC-1019,2026-03-02,260.0,2697.16
D01,SC-1019,2026-03-09,223.0,2217.0099999999998
D01,SC-1019,2026-03-16,236.0,2253.0
D01,SC-1019,2026-03-23,231.0,2249.29
D01,SC-1019,2026-03-30,249.0,2356.96
D01,SC-1019,2026-04-06,292.0,2899.2
D01,SC-1019,2026-04-13,239.0,2353.08
D01,SC-1019,2026-04-20,262.0,2467.94
D01,SC-1019,2026-04-27,176.0,1643.71
D01,SC-1019,2026-05-04,239.0,2371.85
D01,SC-1019,2026-05-11,213.0,2115.52
D01,SC-1019,2026-05-18,202.0,1963.54
D01,SC-1019,2026-05-25,213.0,2077.33
D01,SC-1019,2026-06-01,232.0,2176.33
D01,SC-1019,2026-06-08,279.0,2652.03
D01,SC-1019,2026-06-15,200.0,1956.25
D01,SC-1019,2026-06-22,244.0,2463.51
D01,SC-1021,2024-01-01,485.0,8274.53
D01,SC-1021,2024-01-08,527.0,8975.96
D01,SC-1021,2024-01-15,534.0,8574.18
D01,SC-1021,2024-01-22,525.0,8886.06
D01,SC-1021,2024-01-29,442.0,7203.91
D01,SC-1021,2024-02-05,657.0,11273.529999999999
D01,SC-1021,2024-02-12,648.0,11147.28
D01,SC-1021,2024-02-19,478.0,7640.76
D01,SC-1021,2024-02-26,542.0,9042.04
D01,SC-1021,2024-03-04,555.0,9435.51
D01,SC-1021,2024-03-11,489.0,8562.36
D01,SC-1021,2024-03-18,446.0,7061.12
D01,SC-1021,2024-03-25,541.0,9095.41
D01,SC-1021,2024-04-01,574.0,10011.16
D01,SC-1021,2024-04-08,494.0,8100.07
D01,SC-1021,2024-04-15,637.0,10358.18
D01,SC-1021,2024-04-22,747.0,12258.94
D01,SC-1021,2024-04-29,719.0,12149.18
D01,SC-1021,2024-05-06,628.0,10023.189999999999
D01,SC-1021,2024-05-13,489.0,8447.25
D01,SC-1021,2024-05-20,723.0,12197.33
D01,SC-1021,2024-05-27,668.0,11469.419999999998
D01,SC-1021,2024-06-03,701.0,11093.480000000001
D01,SC-1021,2024-06-10,883.0,15023.61
D01,SC-1021,2024-06-17,585.0,9428.189999999999
D01,SC-1021,2024-06-24,431.0,6781.68
D01,SC-1021,2024-07-01,567.0,9434.51
D01,SC-1021,2024-07-08,714.0,12360.98
D01,SC-1021,2024-07-15,666.0,10552.99
D01,SC-1021,2024-07-22,552.0,9641.3
D01,SC-1021,2024-07-29,534.0,9180.48
D01,SC-1021,2024-08-05,624.0,10774.13
D01,SC-1021,2024-08-12,543.0,9088.35
D01,SC-1021,2024-08-19,705.0,11737.55
D01,SC-1021,2024-08-26,609.0,9709.61
D01,SC-1021,2024-09-02,586.0,9215.38
D01,SC-1021,2024-09-09,572.0,9454.6
D01,SC-1021,2024-09-16,662.0,10603.27
D01,SC-1021,2024-09-23,637.0,10321.07
D01,SC-1021,2024-09-30,648.0,10963.69
D01,SC-1021,2024-10-07,642.0,10411.69
D01,SC-1021,2024-10-14,615.0,10717.59
D01,SC-1021,2024-10-21,530.0,8936.210000000001
D01,SC-1021,2024-10-28,553.0,8885.7
D01,SC-1021,2024-11-04,580.0,9577.45
D01,SC-1021,2024-11-11,837.0,14139.68
D01,SC-1021,2024-11-18,501.0,8308.05
D01,SC-1021,2024-11-25,576.0,9755.119999999999
D01,SC-1021,2024-12-02,623.0,10766.76
D01,SC-1021,2024-12-09,589.0,9669.57
D01,SC-1021,2024-12-16,726.0,12153.17
D01,SC-1021,2024-12-23,593.0,9416.24
D01,SC-1021,2024-12-30,604.0,10169.51
D01,SC-1021,2025-01-06,712.0,12226.82
D01,SC-1021,2025-01-13,834.0,13459.16
D01,SC-1021,2025-01-20,793.0,12765.02
D01,SC-1021,2025-01-27,636.0,11135.71
D01,SC-1021,2025-02-03,651.0,11404.45
D01,SC-1021,2025-02-10,669.0,10788.49
D01,SC-1021,2025-02-17,687.0,11021.83
D01,SC-1021,2025-02-24,600.0,9695.05
D01,SC-1021,2025-03-03,794.0,13282.41
D01,SC-1021,2025-03-10,721.0,12306.94
D01,SC-1021,2025-03-17,703.0,11131.14
D01,SC-1021,2025-03-24,592.0,10025.5
D01,SC-1021,2025-03-31,732.0,12203.23
D01,SC-1021,2025-04-07,552.0,9463.28
D01,SC-1021,2025-04-14,680.0,10684.2
D01,SC-1021,2025-04-21,689.0,10836.33
D01,SC-1021,2025-04-28,790.0,13850.869999999999
D01,SC-1021,2025-05-05,1012.0,17221.11
D01,SC-1021,2025-05-12,839.0,14459.48
D01,SC-1021,2025-05-19,963.0,16295.42
D01,SC-1021,2025-05-26,859.0,14566.98
D01,SC-1021,2025-06-02,927.0,15905.789999999999
D01,SC-1021,2025-06-09,1038.0,16458.91
D01,SC-1021,2025-06-16,706.0,11362.63
D01,SC-1021,2025-06-23,700.0,11830.48
D01,SC-1021,2025-06-30,873.0,13839.939999999999
D01,SC-1021,2025-07-07,599.0,10371.21
D01,SC-1021,2025-07-14,612.0,9858.32
D01,SC-1021,2025-07-21,564.0,8851.61
D01,SC-1021,2025-07-28,528.0,8536.119999999999
D01,SC-1021,2025-08-04,725.0,12037.560000000001
D01,SC-1021,2025-08-11,475.0,8172.52
D01,SC-1021,2025-08-18,611.0,10317.73
D01,SC-1021,2025-08-25,587.0,10201.619999999999
D01,SC-1021,2025-09-01,421.0,6962.02
D01,SC-1021,2025-09-08,463.0,7602.6900000000005
D01,SC-1021,2025-09-15,467.0,7528.3
D01,SC-1021,2025-09-22,552.0,8882.24
D01,SC-1021,2025-09-29,472.0,8038.49
D01,SC-1021,2025-10-06,484.0,7667.4
D01,SC-1021,2025-10-13,387.0,6254.57
D01,SC-1021,2025-10-20,672.0,11648.19
D01,SC-1021,2025-10-27,472.0,7915.25
D01,SC-1021,2025-11-03,496.0,7840.219999999999
D01,SC-1021,2025-11-10,419.0,7121.8099999999995
D01,SC-1021,2025-11-17,407.0,6770.79
D01,SC-1021,2025-11-24,592.0,10212.56
D01,SC-1021,2025-12-01,330.0,5589.03
D01,SC-1021,2025-12-08,454.0,7138.64
D01,SC-1021,2025-12-15,360.0,6153.42
D01,SC-1021,2025-12-22,404.0,6726.9400000000005
D01,SC-1021,2025-12-29,388.0,6329.94
D01,SC-1021,2026-01-05,367.0,5832.99
D01,SC-1021,2026-01-12,426.0,6853.75
D01,SC-1021,2026-01-19,288.0,4731.24
D01,SC-1021,2026-01-26,403.0,6733.790000000001
D01,SC-1021,2026-02-02,416.0,7253.35
D01,SC-1021,2026-02-09,344.0,5817.1
D01,SC-1021,2026-02-16,530.0,8616.29
D01,SC-1021,2026-02-23,386.0,6293.04
D01,SC-1021,2026-03-02,408.0,7032.74
D01,SC-1021,2026-03-09,387.0,6339.28
D01,SC-1021,2026-03-16,418.0,6788.86
D01,SC-1021,2026-03-23,514.0,8960.52
D01,SC-1021,2026-03-30,612.0,10721.85
D01,SC-1021,2026-04-06,472.0,7936.53
D01,SC-1021,2026-04-13,496.0,7935.540000000001
D01,SC-1021,2026-04-20,549.0,8952.98
D01,SC-1021,2026-04-27,443.0,7668.69
D01,SC-1021,2026-05-04,544.0,8957.42
D01,SC-1021,2026-05-11,486.0,7773.279999999999
D01,SC-1021,2026-05-18,443.0,7205.41
D01,SC-1021,2026-05-25,458.0,7322.17
D01,SC-1021,2026-06-01,331.0,5678.71
D01,SC-1021,2026-06-08,455.0,7604.65
D01,SC-1021,2026-06-15,345.0,5720.49
D01,SC-1021,2026-06-22,340.0,5516.92
D02,IG-1009,2024-01-01,51.0,2563.42
D02,IG-1009,2024-01-08,47.0,2160.8
D02,IG-1009,2024-01-15,56.0,2682.87
D02,IG-1009,2024-01-22,47.0,2156.3
D02,IG-1009,2024-01-29,58.0,2853.81
D02,IG-1009,2024-02-05,69.0,3148.26
D02,IG-1009,2024-02-12,71.0,3390.17
D02,IG-1009,2024-02-19,50.0,2349.31
D02,IG-1009,2024-02-26,55.0,2724.85
D02,IG-1009,2024-03-04,70.0,3163.16
D02,IG-1009,2024-03-11,69.0,3420.26
D02,IG-1009,2024-03-18,57.0,2701.85
D02,IG-1009,2024-03-25,59.0,2855.32
D02,IG-1009,2024-04-01,66.0,3214.72
D02,IG-1009,2024-04-08,50.0,2469.32
D02,IG-1009,2024-04-15,72.0,3316.34
D02,IG-1009,2024-04-22,79.0,3743.25
D02,IG-1009,2024-04-29,64.0,2900.6
D02,IG-1009,2024-05-06,55.0,2718.26
D02,IG-1009,2024-05-13,85.0,3942.79
D02,IG-1009,2024-05-20,72.0,3256.6000000000004
D02,IG-1009,2024-05-27,78.0,3768.64
D02,IG-1009,2024-06-03,58.0,2820.61
D02,IG-1009,2024-06-10,58.0,2709.98
D02,IG-1009,2024-06-17,75.0,3694.77
D02,IG-1009,2024-06-24,83.0,3908.05
D02,IG-1009,2024-07-01,60.0,2906.04
D02,IG-1009,2024-07-08,70.0,3458.55
D02,IG-1009,2024-07-15,56.0,2630.56
D02,IG-1009,2024-07-22,64.0,2963.8
D02,IG-1009,2024-07-29,68.0,3296.64
D02,IG-1009,2024-08-05,76.0,3752.12
D02,IG-1009,2024-08-12,51.0,2472.02
D02,IG-1009,2024-08-19,85.0,3888.25
D02,IG-1009,2024-08-26,67.0,3350.49
D02,IG-1009,2024-09-02,84.0,3935.86
D02,IG-1009,2024-09-09,76.0,3571.08
D02,IG-1009,2024-09-16,77.0,3502.22
D02,IG-1009,2024-09-23,91.0,4461.51
D02,IG-1009,2024-09-30,60.0,2869.94
D02,IG-1009,2024-10-07,68.0,3093.04
D02,IG-1009,2024-10-14,57.0,2783.57
D02,IG-1009,2024-10-21,65.0,3050.24
D02,IG-1009,2024-10-28,73.0,3523.74
D02,IG-1009,2024-11-04,78.0,3858.61
D02,IG-1009,2024-11-11,62.0,2914.8599999999997
D02,IG-1009,2024-11-18,55.0,2607.91
D02,IG-1009,2024-11-25,66.0,3166.97
D02,IG-1009,2024-12-02,58.0,2830.36
D02,IG-1009,2024-12-09,60.0,2718.34
D02,IG-1009,2024-12-16,73.0,3623.27
D02,IG-1009,2024-12-23,71.0,3337.63
D02,IG-1009,2024-12-30,76.0,3666.95
D02,IG-1009,2025-01-06,64.0,3157.3999999999996
D02,IG-1009,2025-01-13,79.0,3574.55
D02,IG-1009,2025-01-20,69.0,3263.97
D02,IG-1009,2025-01-27,66.0,3232.27
D02,IG-1009,2025-02-03,59.0,2925.1800000000003
D02,IG-1009,2025-02-10,52.0,2380.4
D02,IG-1009,2025-02-17,57.0,2700.05
D02,IG-1009,2025-02-24,75.0,3579.13
D02,IG-1009,2025-03-03,64.0,2976.3
D02,IG-1009,2025-03-10,58.0,2752.7599999999998
D02,IG-1009,2025-03-17,71.0,3406.57
D02,IG-1009,2025-03-24,80.0,3855.7
D02,IG-1009,2025-03-31,82.0,4054.88
D02,IG-1009,2025-04-07,78.0,3879.6499999999996
D02,IG-1009,2025-04-14,79.0,3792.22
D02,IG-1009,2025-04-21,74.0,3384.17
D02,IG-1009,2025-04-28,89.0,4081.94
D02,IG-1009,2025-05-05,79.0,3960.76
D02,IG-1009,2025-05-12,81.0,3726.21
D02,IG-1009,2025-05-19,97.0,4502.9400000000005
D02,IG-1009,2025-05-26,94.0,4463.58
D02,IG-1009,2025-06-02,81.0,3727.96
D02,IG-1009,2025-06-09,80.0,3963.7299999999996
D02,IG-1009,2025-06-16,80.0,3746.59
D02,IG-1009,2025-06-23,62.0,2977.32
D02,IG-1009,2025-06-30,99.0,4723.51
D02,IG-1009,2025-07-07,58.0,2697.64
D02,IG-1009,2025-07-14,72.0,3349.38
D02,IG-1009,2025-07-21,63.0,3115.11
D02,IG-1009,2025-07-28,76.0,3665.09
D02,IG-1009,2025-08-04,66.0,3127.44
D02,IG-1009,2025-08-11,69.0,3433.19
D02,IG-1009,2025-08-18,54.0,2464.24
D02,IG-1009,2025-08-25,48.0,2255.77
D02,IG-1009,2025-09-01,58.0,2899.22
D02,IG-1009,2025-09-08,42.0,2049.03
D02,IG-1009,2025-09-15,51.0,2452.71
D02,IG-1009,2025-09-22,45.0,2077.8999999999996
D02,IG-1009,2025-09-29,47.0,2187.1
D02,IG-1009,2025-10-06,57.0,2864.3599999999997
D02,IG-1009,2025-10-13,56.0,2692.26
D02,IG-1009,2025-10-20,49.0,2278.09
D02,IG-1009,2025-10-27,52.0,2583.88
D02,IG-1009,2025-11-03,45.0,2093.3
D02,IG-1009,2025-11-10,70.0,3390.33
D02,IG-1009,2025-11-17,50.0,2435.66
D02,IG-1009,2025-11-24,43.0,1988.87
D02,IG-1009,2025-12-01,54.0,2515.37
D02,IG-1009,2025-12-08,56.0,2535.8
D02,IG-1009,2025-12-15,41.0,1992.8799999999999
D02,IG-1009,2025-12-22,37.0,1805.02
D02,IG-1009,2025-12-29,38.0,1838.37
D02,IG-1009,2026-01-05,41.0,1980.63
D02,IG-1009,2026-01-12,45.0,2045.05
D02,IG-1009,2026-01-19,35.0,1738.1799999999998
D02,IG-1009,2026-01-26,42.0,2041.76
D02,IG-1009,2026-02-02,44.0,2136.49
D02,IG-1009,2026-02-09,47.0,2339.39
D02,IG-1009,2026-02-16,49.0,2356.71
D02,IG-1009,2026-02-23,48.0,2287.2200000000003
D02,IG-1009,2026-03-02,59.0,2778.13
D02,IG-1009,2026-03-09,53.0,2576.9700000000003
D02,IG-1009,2026-03-16,47.0,2203.8199999999997
D02,IG-1009,2026-03-23,39.0,1934.73
D02,IG-1009,2026-03-30,41.0,1933.63
D02,IG-1009,2026-04-06,36.0,1744.8200000000002
D02,IG-1009,2026-04-13,46.0,2163.2799999999997
D02,IG-1009,2026-04-20,48.0,2247.85
D02,IG-1009,2026-04-27,52.0,2410.1
D02,IG-1009,2026-05-04,48.0,2179.72
D02,IG-1009,2026-05-11,54.0,2470.67
D02,IG-1009,2026-05-18,54.0,2691.85
D02,IG-1009,2026-05-25,40.0,1881.52
D02,IG-1009,2026-06-01,43.0,1941.9
D02,IG-1009,2026-06-08,46.0,2232.92
D02,IG-1009,2026-06-15,42.0,1957.9499999999998
D02,IG-1009,2026-06-22,45.0,2095.91
D02,IG-1010,2024-01-01,99.0,5777.22
D02,IG-1010,2024-01-08,84.0,5163.27
D02,IG-1010,2024-01-15,82.0,5005.099999999999
D02,IG-1010,2024-01-22,84.0,5373.66
D02,IG-1010,2024-01-29,103.0,6117.84
D02,IG-1010,2024-02-05,78.0,4623.72
D02,IG-1010,2024-02-12,99.0,6182.03
D02,IG-1010,2024-02-19,86.0,5274.24
D02,IG-1010,2024-02-26,82.0,5027.12
D02,IG-1010,2024-03-04,85.0,5312.15
D02,IG-1010,2024-03-11,102.0,6143.21
D02,IG-1010,2024-03-18,116.0,6888.32
D02,IG-1010,2024-03-25,95.0,5684.32
D02,IG-1010,2024-04-01,78.0,4769.72
D02,IG-1010,2024-04-08,172.0,10848.66
D02,IG-1010,2024-04-15,129.0,8081.31
D02,IG-1010,2024-04-22,126.0,7966.37
D02,IG-1010,2024-04-29,142.0,8943.470000000001
D02,IG-1010,2024-05-06,114.0,6953.01
D02,IG-1010,2024-05-13,111.0,7065.99
D02,IG-1010,2024-05-20,140.0,8813.24
D02,IG-1010,2024-05-27,140.0,8645.49
D02,IG-1010,2024-06-03,126.0,7913.16
D02,IG-1010,2024-06-10,132.0,8349.47
D02,IG-1010,2024-06-17,96.0,5966.18
D02,IG-1010,2024-06-24,112.0,6431.14
D02,IG-1010,2024-07-01,150.0,8976.21
D02,IG-1010,2024-07-08,131.0,8270.31
D02,IG-1010,2024-07-15,93.0,5707.79
D02,IG-1010,2024-07-22,107.0,6446.5
D02,IG-1010,2024-07-29,146.0,9166.220000000001
D02,IG-1010,2024-08-05,123.0,7591.17
D02,IG-1010,2024-08-12,118.0,6803.84
D02,IG-1010,2024-08-19,118.0,7102.33
D02,IG-1010,2024-08-26,112.0,6893.8099999999995
D02,IG-1010,2024-09-02,104.0,6468.04
D02,IG-1010,2024-09-09,99.0,5935.4
D02,IG-1010,2024-09-16,130.0,7734.83
D02,IG-1010,2024-09-23,115.0,6964.45
D02,IG-1010,2024-09-30,122.0,7541.71
D02,IG-1010,2024-10-07,119.0,7119.34
D02,IG-1010,2024-10-14,135.0,8572.18
D02,IG-1010,2024-10-21,116.0,6856.9
D02,IG-1010,2024-10-28,122.0,7109.95
D02,IG-1010,2024-11-04,110.0,7063.76
D02,IG-1010,2024-11-11,93.0,5481.1
D02,IG-1010,2024-11-18,104.0,6386.360000000001
D02,IG-1010,2024-11-25,117.0,7148.54
D02,IG-1010,2024-12-02,119.0,7245.92
D02,IG-1010,2024-12-09,134.0,8257.31
D02,IG-1010,2024-12-16,101.0,5960.4
D02,IG-1010,2024-12-23,113.0,6918.02
D02,IG-1010,2024-12-30,108.0,6278.48
D02,IG-1010,2025-01-06,141.0,8147.959999999999
D02,IG-1010,2025-01-13,118.0,6780.93
D02,IG-1010,2025-01-20,119.0,7380.91
D02,IG-1010,2025-01-27,113.0,6962.21
D02,IG-1010,2025-02-03,111.0,6724.5599999999995
D02,IG-1010,2025-02-10,94.0,5636.0
D02,IG-1010,2025-02-17,97.0,6137.01
D02,IG-1010,2025-02-24,123.0,7470.220000000001
D02,IG-1010,2025-03-03,122.0,7516.24
D02,IG-1010,2025-03-10,126.0,7801.91
D02,IG-1010,2025-03-17,143.0,8227.1
D02,IG-1010,2025-03-24,127.0,7848.67
D02,IG-1010,2025-03-31,121.0,7208.03
D02,IG-1010,2025-04-07,125.0,7473.790000000001
D02,IG-1010,2025-04-14,135.0,8274.15
D02,IG-1010,2025-04-21,124.0,7213.2300000000005
D02,IG-1010,2025-04-28,156.0,9240.68
D02,IG-1010,2025-05-05,134.0,8052.65
D02,IG-1010,2025-05-12,140.0,8814.71
D02,IG-1010,2025-05-19,120.0,7257.450000000001
D02,IG-1010,2025-05-26,160.0,9593.39
D02,IG-1010,2025-06-02,170.0,9826.880000000001
D02,IG-1010,2025-06-09,112.0,6616.48
D02,IG-1010,2025-06-16,147.0,8531.89
D02,IG-1010,2025-06-23,136.0,8221.36
D02,IG-1010,2025-06-30,144.0,8429.9
D02,IG-1010,2025-07-07,112.0,6841.0
D02,IG-1010,2025-07-14,74.0,4599.51
D02,IG-1010,2025-07-21,115.0,7042.05
D02,IG-1010,2025-07-28,119.0,6912.68
D02,IG-1010,2025-08-04,120.0,7325.65
D02,IG-1010,2025-08-11,85.0,5321.96
D02,IG-1010,2025-08-18,96.0,6099.09
D02,IG-1010,2025-08-25,88.0,5515.26
D02,IG-1010,2025-09-01,70.0,4458.51
D02,IG-1010,2025-09-08,84.0,5104.57
D02,IG-1010,2025-09-15,77.0,4623.08
D02,IG-1010,2025-09-22,93.0,5378.48
D02,IG-1010,2025-09-29,68.0,4347.98
D02,IG-1010,2025-10-06,74.0,4428.41
D02,IG-1010,2025-10-13,78.0,4647.92
D02,IG-1010,2025-10-20,93.0,5826.15
D02,IG-1010,2025-10-27,124.0,7385.19
D02,IG-1010,2025-11-03,84.0,5188.97
D02,IG-1010,2025-11-10,68.0,4159.27
D02,IG-1010,2025-11-17,71.0,4286.9
D02,IG-1010,2025-11-24,86.0,5299.33
D02,IG-1010,2025-12-01,63.0,3974.12
D02,IG-1010,2025-12-08,90.0,5723.31
D02,IG-1010,2025-12-15,79.0,4679.97
D02,IG-1010,2025-12-22,74.0,4492.91
D02,IG-1010,2025-12-29,58.0,3508.31
D02,IG-1010,2026-01-05,86.0,5165.6
D02,IG-1010,2026-01-12,66.0,4203.85
D02,IG-1010,2026-01-19,76.0,4705.379999999999
D02,IG-1010,2026-01-26,72.0,4590.98
D02,IG-1010,2026-02-02,58.0,3579.9300000000003
D02,IG-1010,2026-02-09,71.0,4362.610000000001
D02,IG-1010,2026-02-16,62.0,3780.4
D02,IG-1010,2026-02-23,67.0,4269.42
D02,IG-1010,2026-03-02,79.0,4899.95
D02,IG-1010,2026-03-09,82.0,5187.9
D02,IG-1010,2026-03-16,74.0,4343.59
D02,IG-1010,2026-03-23,65.0,3815.41
D02,IG-1010,2026-03-30,67.0,4182.87
D02,IG-1010,2026-04-06,67.0,3873.76
D02,IG-1010,2026-04-13,54.0,3287.44
D02,IG-1010,2026-04-20,75.0,4597.58
D02,IG-1010,2026-04-27,58.0,3410.8199999999997
D02,IG-1010,2026-05-04,76.0,4699.0
D02,IG-1010,2026-05-11,61.0,3632.72
D02,IG-1010,2026-05-18,63.0,3888.61
D02,IG-1010,2026-05-25,84.0,4863.97
D02,IG-1010,2026-06-01,77.0,4612.92
D02,IG-1010,2026-06-08,57.0,3616.35
D02,IG-1010,2026-06-15,70.0,4332.17
D02,IG-1010,2026-06-22,79.0,4990.69
D02,IG-1014,2024-01-01,55.0,2464.58
D02,IG-1014,2024-01-08,67.0,3046.8500000000004
D02,IG-1014,2024-01-15,54.0,2446.0099999999998
D02,IG-1014,2024-01-22,60.0,2519.66
D02,IG-1014,2024-01-29,56.0,2404.93
D02,IG-1014,2024-02-05,57.0,2584.19
D02,IG-1014,2024-02-12,73.0,3052.8499999999995
D02,IG-1014,2024-02-19,50.0,2233.45
D02,IG-1014,2024-02-26,63.0,2616.2200000000003
D02,IG-1014,2024-03-04,67.0,2957.81
D02,IG-1014,2024-03-11,75.0,3113.45
D02,IG-1014,2024-03-18,65.0,2769.5
D02,IG-1014,2024-03-25,77.0,3321.88
D02,IG-1014,2024-04-01,67.0,2959.24
D02,IG-1014,2024-04-08,70.0,3114.71
D02,IG-1014,2024-04-15,70.0,3167.79
D02,IG-1014,2024-04-22,77.0,3185.1600000000003
D02,IG-1014,2024-04-29,77.0,3492.8
D02,IG-1014,2024-05-06,60.0,2689.02
D02,IG-1014,2024-05-13,74.0,3386.77
D02,IG-1014,2024-05-20,79.0,3435.98
D02,IG-1014,2024-05-27,91.0,3793.56
D02,IG-1014,2024-06-03,63.0,2590.59
D02,IG-1014,2024-06-10,80.0,3291.31
D02,IG-1014,2024-06-17,70.0,3046.15
D02,IG-1014,2024-06-24,76.0,3459.3
D02,IG-1014,2024-07-01,63.0,2620.05
D02,IG-1014,2024-07-08,74.0,3020.33
D02,IG-1014,2024-07-15,78.0,3524.5
D02,IG-1014,2024-07-22,64.0,2837.46
D02,IG-1014,2024-07-29,91.0,3850.25
D02,IG-1014,2024-08-05,58.0,2475.76
D02,IG-1014,2024-08-12,79.0,3440.6800000000003
D02,IG-1014,2024-08-19,50.0,2095.91
D02,IG-1014,2024-08-26,70.0,2862.63
D02,IG-1014,2024-09-02,77.0,3219.87
D02,IG-1014,2024-09-09,79.0,3543.1899999999996
D02,IG-1014,2024-09-16,70.0,2905.65
D02,IG-1014,2024-09-23,68.0,2918.62
D02,IG-1014,2024-09-30,76.0,3239.3199999999997
D02,IG-1014,2024-10-07,80.0,3539.22
D02,IG-1014,2024-10-14,85.0,3629.63
D02,IG-1014,2024-10-21,57.0,2349.08
D02,IG-1014,2024-10-28,67.0,2819.92
D02,IG-1014,2024-11-04,49.0,2103.76
D02,IG-1014,2024-11-11,56.0,2441.34
D02,IG-1014,2024-11-18,62.0,2621.76
D02,IG-1014,2024-11-25,78.0,3385.7
D02,IG-1014,2024-12-02,64.0,2767.61
D02,IG-1014,2024-12-09,66.0,2918.66
D02,IG-1014,2024-12-16,72.0,2996.47
D02,IG-1014,2024-12-23,63.0,2667.19
D02,IG-1014,2024-12-30,52.0,2204.67
D02,IG-1014,2025-01-06,63.0,2681.45
D02,IG-1014,2025-01-13,70.0,3049.88
D02,IG-1014,2025-01-20,77.0,3288.6000000000004
D02,IG-1014,2025-01-27,70.0,2955.4
D02,IG-1014,2025-02-03,78.0,3295.19
D02,IG-1014,2025-02-10,85.0,3499.02
D02,IG-1014,2025-02-17,89.0,3734.74
D02,IG-1014,2025-02-24,78.0,3398.25
D02,IG-1014,2025-03-03,65.0,2864.0699999999997
D02,IG-1014,2025-03-10,65.0,2864.8
D02,IG-1014,2025-03-17,66.0,2913.37
D02,IG-1014,2025-03-24,68.0,2971.2
D02,IG-1014,2025-03-31,82.0,3585.12
D02,IG-1014,2025-04-07,109.0,4909.09
D02,IG-1014,2025-04-14,85.0,3781.74
D02,IG-1014,2025-04-21,83.0,3386.34
D02,IG-1014,2025-04-28,98.0,4090.14
D02,IG-1014,2025-05-05,75.0,3165.2699999999995
D02,IG-1014,2025-05-12,100.0,4269.07
D02,IG-1014,2025-05-19,100.0,4329.57
D02,IG-1014,2025-05-26,88.0,3884.45
D02,IG-1014,2025-06-02,120.0,5304.6
D02,IG-1014,2025-06-09,104.0,4262.13
D02,IG-1014,2025-06-16,88.0,3972.61
D02,IG-1014,2025-06-23,86.0,3655.2
D02,IG-1014,2025-06-30,82.0,3548.19
D02,IG-1014,2025-07-07,66.0,2873.17
D02,IG-1014,2025-07-14,65.0,2833.25
D02,IG-1014,2025-07-21,62.0,2828.45
D02,IG-1014,2025-07-28,62.0,2620.53
D02,IG-1014,2025-08-04,53.0,2225.78
D02,IG-1014,2025-08-11,57.0,2514.05
D02,IG-1014,2025-08-18,48.0,2104.82
D02,IG-1014,2025-08-25,64.0,2877.45
D02,IG-1014,2025-09-01,60.0,2508.87
D02,IG-1014,2025-09-08,57.0,2427.3700000000003
D02,IG-1014,2025-09-15,66.0,2683.77
D02,IG-1014,2025-09-22,50.0,2087.09
D02,IG-1014,2025-09-29,50.0,2151.3
D02,IG-1014,2025-10-06,44.0,1897.8400000000001
D02,IG-1014,2025-10-13,63.0,2855.0
D02,IG-1014,2025-10-20,58.0,2615.77
D02,IG-1014,2025-10-27,64.0,2606.7200000000003
D02,IG-1014,2025-11-03,65.0,2687.81
D02,IG-1014,2025-11-10,48.0,2002.05
D02,IG-1014,2025-11-17,45.0,1902.52
D02,IG-1014,2025-11-24,38.0,1717.37
D02,IG-1014,2025-12-01,42.0,1863.91
D02,IG-1014,2025-12-08,46.0,1961.52
D02,IG-1014,2025-12-15,35.0,1590.35
D02,IG-1014,2025-12-22,41.0,1796.2399999999998
D02,IG-1014,2025-12-29,47.0,2012.87
D02,IG-1014,2026-01-05,54.0,2471.35
D02,IG-1014,2026-01-12,42.0,1770.4
D02,IG-1014,2026-01-19,48.0,1982.03
D02,IG-1014,2026-01-26,62.0,2836.66
D02,IG-1014,2026-02-02,36.0,1481.72
D02,IG-1014,2026-02-09,55.0,2301.21
D02,IG-1014,2026-02-16,50.0,2124.99
D02,IG-1014,2026-02-23,57.0,2430.47
D02,IG-1014,2026-03-02,54.0,2435.77
D02,IG-1014,2026-03-09,43.0,1857.6299999999999
D02,IG-1014,2026-03-16,47.0,2053.26
D02,IG-1014,2026-03-23,38.0,1720.8000000000002
D02,IG-1014,2026-03-30,44.0,1840.3999999999999
D02,IG-1014,2026-04-06,47.0,2053.94
D02,IG-1014,2026-04-13,49.0,2020.4
D02,IG-1014,2026-04-20,53.0,2306.37
D02,IG-1014,2026-04-27,60.0,2612.38
D02,IG-1014,2026-05-04,45.0,1960.1999999999998
D02,IG-1014,2026-05-11,57.0,2557.16
D02,IG-1014,2026-05-18,50.0,2201.58
D02,IG-1014,2026-05-25,40.0,1773.5600000000002
D02,IG-1014,2026-06-01,47.0,2073.41
D02,IG-1014,2026-06-08,49.0,2189.3
D02,IG-1014,2026-06-15,43.0,1773.3500000000001
D02,IG-1014,2026-06-22,41.0,1721.72
D02,IS-1022,2024-01-01,398.0,5469.87
D02,IS-1022,2024-01-08,348.0,4514.91
D02,IS-1022,2024-01-15,322.0,4513.73
D02,IS-1022,2024-01-22,479.0,6567.139999999999
D02,IS-1022,2024-01-29,338.0,4578.1
D02,IS-1022,2024-02-05,328.0,4511.4
D02,IS-1022,2024-02-12,393.0,5235.26
D02,IS-1022,2024-02-19,355.0,4914.9400000000005
D02,IS-1022,2024-02-26,469.0,6421.52
D02,IS-1022,2024-03-04,389.0,5239.870000000001
D02,IS-1022,2024-03-11,489.0,6834.67
D02,IS-1022,2024-03-18,443.0,5998.57
D02,IS-1022,2024-03-25,395.0,5056.66
D02,IS-1022,2024-04-01,500.0,6921.66
D02,IS-1022,2024-04-08,387.0,5078.12
D02,IS-1022,2024-04-15,410.0,5569.61
D02,IS-1022,2024-04-22,470.0,6173.86
D02,IS-1022,2024-04-29,453.0,6207.78
D02,IS-1022,2024-05-06,398.0,5318.95
D02,IS-1022,2024-05-13,352.0,4966.76
D02,IS-1022,2024-05-20,444.0,5783.64
D02,IS-1022,2024-05-27,400.0,5271.67
D02,IS-1022,2024-06-03,449.0,5964.3
D02,IS-1022,2024-06-10,420.0,5406.58
D02,IS-1022,2024-06-17,402.0,5145.72
D02,IS-1022,2024-06-24,430.0,5554.88
D02,IS-1022,2024-07-01,441.0,5818.95
D02,IS-1022,2024-07-08,494.0,7001.969999999999
D02,IS-1022,2024-07-15,472.0,6660.639999999999
D02,IS-1022,2024-07-22,603.0,8224.94
D02,IS-1022,2024-07-29,447.0,5898.79
D02,IS-1022,2024-08-05,393.0,5562.52
D02,IS-1022,2024-08-12,421.0,5740.22
D02,IS-1022,2024-08-19,466.0,6264.2
D02,IS-1022,2024-08-26,492.0,6316.27
D02,IS-1022,2024-09-02,513.0,6935.94
D02,IS-1022,2024-09-09,357.0,4980.12
D02,IS-1022,2024-09-16,498.0,6547.48
D02,IS-1022,2024-09-23,404.0,5682.51
D02,IS-1022,2024-09-30,351.0,4560.46
D02,IS-1022,2024-10-07,387.0,5124.39
D02,IS-1022,2024-10-14,474.0,6539.4
D02,IS-1022,2024-10-21,420.0,5646.57
D02,IS-1022,2024-10-28,324.0,4555.42
D02,IS-1022,2024-11-04,322.0,4435.0
D02,IS-1022,2024-11-11,319.0,4520.5
D02,IS-1022,2024-11-18,342.0,4567.46
D02,IS-1022,2024-11-25,385.0,5451.71
D02,IS-1022,2024-12-02,320.0,4341.03
D02,IS-1022,2024-12-09,355.0,4809.53
D02,IS-1022,2024-12-16,467.0,6410.86
D02,IS-1022,2024-12-23,482.0,6524.29
D02,IS-1022,2024-12-30,479.0,6690.19
D02,IS-1022,2025-01-06,291.0,3962.31
D02,IS-1022,2025-01-13,491.0,6601.98
D02,IS-1022,2025-01-20,389.0,5010.6
D02,IS-1022,2025-01-27,391.0,5265.62
D02,IS-1022,2025-02-03,453.0,6297.79
D02,IS-1022,2025-02-10,435.0,5629.76
D02,IS-1022,2025-02-17,298.0,3863.13
D02,IS-1022,2025-02-24,363.0,4830.18
D02,IS-1022,2025-03-03,379.0,5201.99
D02,IS-1022,2025-03-10,331.0,4649.79
D02,IS-1022,2025-03-17,473.0,6416.06
D02,IS-1022,2025-03-24,510.0,6592.87
D02,IS-1022,2025-03-31,413.0,5552.31
D02,IS-1022,2025-04-07,436.0,6000.11
D02,IS-1022,2025-04-14,419.0,5366.19
D02,IS-1022,2025-04-21,428.0,5527.66
D02,IS-1022,2025-04-28,501.0,6841.099999999999
D02,IS-1022,2025-05-05,327.0,4571.85
D02,IS-1022,2025-05-12,459.0,6018.48
D02,IS-1022,2025-05-19,429.0,5477.0599999999995
D02,IS-1022,2025-05-26,385.0,5376.15
D02,IS-1022,2025-06-02,398.0,5608.8
D02,IS-1022,2025-06-09,564.0,7284.63
D02,IS-1022,2025-06-16,350.0,4901.91
D02,IS-1022,2025-06-23,416.0,5597.49
D02,IS-1022,2025-06-30,543.0,7523.35
D02,IS-1022,2025-07-07,350.0,4808.28
D02,IS-1022,2025-07-14,393.0,5145.68
D02,IS-1022,2025-07-21,420.0,5523.03
D02,IS-1022,2025-07-28,441.0,5814.69
D02,IS-1022,2025-08-04,406.0,5462.23
D02,IS-1022,2025-08-11,356.0,4644.08
D02,IS-1022,2025-08-18,432.0,5669.73
D02,IS-1022,2025-08-25,394.0,5097.820000000001
D02,IS-1022,2025-09-01,435.0,5549.93
D02,IS-1022,2025-09-08,450.0,6072.05
D02,IS-1022,2025-09-15,311.0,3952.5
D02,IS-1022,2025-09-22,449.0,5794.01
D02,IS-1022,2025-09-29,366.0,4976.969999999999
D02,IS-1022,2025-10-06,427.0,5662.469999999999
D02,IS-1022,2025-10-13,403.0,5447.08
D02,IS-1022,2025-10-20,490.0,6793.5
D02,IS-1022,2025-10-27,368.0,5107.360000000001
D02,IS-1022,2025-11-03,344.0,4642.36
D02,IS-1022,2025-11-10,337.0,4434.92
D02,IS-1022,2025-11-17,310.0,3974.01
D02,IS-1022,2025-11-24,408.0,5249.0
D02,IS-1022,2025-12-01,306.0,4274.07
D02,IS-1022,2025-12-08,407.0,5395.99
D02,IS-1022,2025-12-15,349.0,4486.9
D02,IS-1022,2025-12-22,278.0,3793.75
D02,IS-1022,2025-12-29,454.0,6022.18
D02,IS-1022,2026-01-05,220.0,2846.71
D02,IS-1022,2026-01-12,363.0,5020.56
D02,IS-1022,2026-01-19,384.0,5193.19
D02,IS-1022,2026-01-26,264.0,3730.41
D02,IS-1022,2026-02-02,403.0,5572.5
D02,IS-1022,2026-02-09,344.0,4455.36
D02,IS-1022,2026-02-16,370.0,5007.11
D02,IS-1022,2026-02-23,475.0,6631.92
D02,IS-1022,2026-03-02,401.0,5232.59
D02,IS-1022,2026-03-09,377.0,5060.78
D02,IS-1022,2026-03-16,391.0,5377.21
D02,IS-1022,2026-03-23,529.0,6784.52
D02,IS-1022,2026-03-30,436.0,5545.929999999999
D02,IS-1022,2026-04-06,363.0,4641.86
D02,IS-1022,2026-04-13,388.0,5381.72
D02,IS-1022,2026-04-20,353.0,4815.25
D02,IS-1022,2026-04-27,397.0,5518.34
D02,IS-1022,2026-05-04,545.0,7223.160000000001
D02,IS-1022,2026-05-11,420.0,5821.12
D02,IS-1022,2026-05-18,354.0,4956.62
D02,IS-1022,2026-05-25,464.0,6351.6900000000005
D02,IS-1022,2026-06-01,411.0,5504.21
D02,IS-1022,2026-06-08,475.0,6637.610000000001
D02,IS-1022,2026-06-15,422.0,5749.54
D02,IS-1022,2026-06-22,543.0,7295.6
D02,IS-1028,2024-01-01,759.0,9869.66
D02,IS-1028,2024-01-08,1165.0,15835.4
D02,IS-1028,2024-01-15,920.0,12191.369999999999
D02,IS-1028,2024-01-22,1351.0,18177.73
D02,IS-1028,2024-01-29,981.0,12994.91
D02,IS-1028,2024-02-05,1030.0,13452.25
D02,IS-1028,2024-02-12,956.0,13041.57
D02,IS-1028,2024-02-19,1069.0,14446.39
D02,IS-1028,2024-02-26,1755.0,23479.91
D02,IS-1028,2024-03-04,1000.0,13006.6
D02,IS-1028,2024-03-11,1290.0,17560.44
D02,IS-1028,2024-03-18,1091.0,14242.08
D02,IS-1028,2024-03-25,1298.0,18181.16
D02,IS-1028,2024-04-01,823.0,11094.6
D02,IS-1028,2024-04-08,1486.0,19355.18
D02,IS-1028,2024-04-15,1179.0,15205.470000000001
D02,IS-1028,2024-04-22,1085.0,14162.740000000002
D02,IS-1028,2024-04-29,1303.0,17029.03
D02,IS-1028,2024-05-06,1170.0,16494.96
D02,IS-1028,2024-05-13,970.0,12959.75
D02,IS-1028,2024-05-20,804.0,10361.65
D02,IS-1028,2024-05-27,1527.0,21741.39
D02,IS-1028,2024-06-03,1125.0,15179.78
D02,IS-1028,2024-06-10,1063.0,14844.58
D02,IS-1028,2024-06-17,1075.0,14812.95
D02,IS-1028,2024-06-24,1450.0,18643.7
D02,IS-1028,2024-07-01,1079.0,14226.62
D02,IS-1028,2024-07-08,1275.0,16846.5
D02,IS-1028,2024-07-15,1096.0,14894.83
D02,IS-1028,2024-07-22,949.0,13477.17
D02,IS-1028,2024-07-29,1304.0,17718.940000000002
D02,IS-1028,2024-08-05,1334.0,18897.010000000002
D02,IS-1028,2024-08-12,1013.0,14218.76
D02,IS-1028,2024-08-19,1106.0,14274.36
D02,IS-1028,2024-08-26,1118.0,15537.41
D02,IS-1028,2024-09-02,1167.0,15718.68
D02,IS-1028,2024-09-09,1452.0,19284.65
D02,IS-1028,2024-09-16,1019.0,13327.77
D02,IS-1028,2024-09-23,1008.0,13915.37
D02,IS-1028,2024-09-30,1021.0,13074.78
D02,IS-1028,2024-10-07,902.0,11736.73
D02,IS-1028,2024-10-14,795.0,10277.36
D02,IS-1028,2024-10-21,1041.0,14255.21
D02,IS-1028,2024-10-28,1095.0,15333.9
D02,IS-1028,2024-11-04,1005.0,14127.52
D02,IS-1028,2024-11-11,989.0,13384.289999999999
D02,IS-1028,2024-11-18,868.0,11578.93
D02,IS-1028,2024-11-25,1027.0,14400.82
D02,IS-1028,2024-12-02,1012.0,14219.52
D02,IS-1028,2024-12-09,1057.0,15037.0
D02,IS-1028,2024-12-16,1033.0,13576.83
D02,IS-1028,2024-12-23,1045.0,13683.71
D02,IS-1028,2024-12-30,1202.0,17064.6
D02,IS-1028,2025-01-06,1078.0,14216.59
D02,IS-1028,2025-01-13,1068.0,14560.0
D02,IS-1028,2025-01-20,769.0,10848.7
D02,IS-1028,2025-01-27,1176.0,15994.830000000002
D02,IS-1028,2025-02-03,967.0,12523.41
D02,IS-1028,2025-02-10,1030.0,14134.64
D02,IS-1028,2025-02-17,848.0,11349.2
D02,IS-1028,2025-02-24,1415.0,18298.32
D02,IS-1028,2025-03-03,719.0,10004.61
D02,IS-1028,2025-03-10,1314.0,16801.2
D02,IS-1028,2025-03-17,1130.0,15329.310000000001
D02,IS-1028,2025-03-24,803.0,10901.67
D02,IS-1028,2025-03-31,1461.0,20392.14
D02,IS-1028,2025-04-07,1171.0,15620.99
D02,IS-1028,2025-04-14,766.0,9986.76
D02,IS-1028,2025-04-21,1030.0,13612.310000000001
D02,IS-1028,2025-04-28,1195.0,16428.8
D02,IS-1028,2025-05-05,1432.0,18550.98
D02,IS-1028,2025-05-12,1045.0,14274.47
D02,IS-1028,2025-05-19,749.0,10246.29
D02,IS-1028,2025-05-26,1388.0,18580.94
D02,IS-1028,2025-06-02,1202.0,16112.34
D02,IS-1028,2025-06-09,797.0,10264.6
D02,IS-1028,2025-06-16,1171.0,16443.15
D02,IS-1028,2025-06-23,1187.0,16258.5
D02,IS-1028,2025-06-30,1053.0,14094.8
D02,IS-1028,2025-07-07,972.0,13459.449999999999
D02,IS-1028,2025-07-14,998.0,13037.94
D02,IS-1028,2025-07-21,1035.0,14178.66
D02,IS-1028,2025-07-28,1137.0,15255.0
D02,IS-1028,2025-08-04,1204.0,16207.65
D02,IS-1028,2025-08-11,768.0,10696.44
D02,IS-1028,2025-08-18,1092.0,15068.25
D02,IS-1028,2025-08-25,1120.0,15047.12
D02,IS-1028,2025-09-01,1057.0,14493.83
D02,IS-1028,2025-09-08,960.0,12401.84
D02,IS-1028,2025-09-15,1249.0,17589.44
D02,IS-1028,2025-09-22,1223.0,16014.720000000001
D02,IS-1028,2025-09-29,937.0,13291.79
D02,IS-1028,2025-10-06,969.0,13661.75
D02,IS-1028,2025-10-13,1092.0,15021.39
D02,IS-1028,2025-10-20,1169.0,15803.09
D02,IS-1028,2025-10-27,847.0,11729.79
D02,IS-1028,2025-11-03,813.0,11367.43
D02,IS-1028,2025-11-10,986.0,13625.95
D02,IS-1028,2025-11-17,797.0,11146.09
D02,IS-1028,2025-11-24,702.0,9583.57
D02,IS-1028,2025-12-01,830.0,11228.39
D02,IS-1028,2025-12-08,999.0,14203.89
D02,IS-1028,2025-12-15,1186.0,15298.38
D02,IS-1028,2025-12-22,847.0,11152.75
D02,IS-1028,2025-12-29,928.0,13093.300000000001
D02,IS-1028,2026-01-05,973.0,13431.44
D02,IS-1028,2026-01-12,868.0,12241.62
D02,IS-1028,2026-01-19,864.0,12238.96
D02,IS-1028,2026-01-26,1021.0,14383.6
D02,IS-1028,2026-02-02,819.0,11273.73
D02,IS-1028,2026-02-09,882.0,11490.45
D02,IS-1028,2026-02-16,970.0,13214.27
D02,IS-1028,2026-02-23,1060.0,13691.86
D02,IS-1028,2026-03-02,814.0,10920.32
D02,IS-1028,2026-03-09,1013.0,13557.0
D02,IS-1028,2026-03-16,860.0,11350.84
D02,IS-1028,2026-03-23,952.0,12788.41
D02,IS-1028,2026-03-30,1200.0,16600.04
D02,IS-1028,2026-04-06,1065.0,13854.53
D02,IS-1028,2026-04-13,1396.0,19563.61
D02,IS-1028,2026-04-20,1085.0,14964.49
D02,IS-1028,2026-04-27,1278.0,17446.93
D02,IS-1028,2026-05-04,1254.0,16940.53
D02,IS-1028,2026-05-11,1118.0,15706.08
D02,IS-1028,2026-05-18,924.0,12750.02
D02,IS-1028,2026-05-25,1113.0,14990.599999999999
D02,IS-1028,2026-06-01,1047.0,14049.82
D02,IS-1028,2026-06-08,1043.0,14461.150000000001
D02,IS-1028,2026-06-15,1164.0,16585.61
D02,IS-1028,2026-06-22,915.0,12219.88
D02,LD-1036,2024-01-01,2332.0,672.01
D02,LD-1036,2024-01-08,2261.0,650.48
D02,LD-1036,2024-01-15,2751.0,819.25
D02,LD-1036,2024-01-22,2759.0,833.67
D02,LD-1036,2024-01-29,2844.0,778.55
D02,LD-1036,2024-02-05,2469.0,678.2
D02,LD-1036,2024-02-12,2935.0,802.71
D02,LD-1036,2024-02-19,3004.0,854.71
D02,LD-1036,2024-02-26,3455.0,994.13
D02,LD-1036,2024-03-04,3011.0,828.8299999999999
D02,LD-1036,2024-03-11,2703.0,790.6
D02,LD-1036,2024-03-18,2439.0,736.1
D02,LD-1036,2024-03-25,2396.0,655.1
D02,LD-1036,2024-04-01,3192.0,866.93
D02,LD-1036,2024-04-08,3454.0,958.39
D02,LD-1036,2024-04-15,2705.0,806.04
D02,LD-1036,2024-04-22,3235.0,966.24
D02,LD-1036,2024-04-29,3053.0,834.9000000000001
D02,LD-1036,2024-05-06,3510.0,960.9599999999999
D02,LD-1036,2024-05-13,3606.0,1062.14
D02,LD-1036,2024-05-20,2262.0,618.08
D02,LD-1036,2024-05-27,3720.0,1017.45
D02,LD-1036,2024-06-03,3315.0,1002.04
D02,LD-1036,2024-06-10,2949.0,808.6700000000001
D02,LD-1036,2024-06-17,2960.0,893.35
D02,LD-1036,2024-06-24,3202.0,956.96
D02,LD-1036,2024-07-01,2947.0,876.18
D02,LD-1036,2024-07-08,2751.0,800.5
D02,LD-1036,2024-07-15,2834.0,770.94
D02,LD-1036,2024-07-22,2681.0,757.12
D02,LD-1036,2024-07-29,3811.0,1069.93
D02,LD-1036,2024-08-05,3117.0,879.15
D02,LD-1036,2024-08-12,4300.0,1173.1399999999999
D02,LD-1036,2024-08-19,3215.0,895.03
D02,LD-1036,2024-08-26,3292.0,995.81
D02,LD-1036,2024-09-02,2546.0,765.98
D02,LD-1036,2024-09-09,2862.0,791.28
D02,LD-1036,2024-09-16,2961.0,858.07
D02,LD-1036,2024-09-23,2636.0,758.43
D02,LD-1036,2024-09-30,2680.0,766.6099999999999
D02,LD-1036,2024-10-07,3032.0,902.16
D02,LD-1036,2024-10-14,3015.0,839.67
D02,LD-1036,2024-10-21,2291.0,670.73
D02,LD-1036,2024-10-28,2901.0,850.97
D02,LD-1036,2024-11-04,3001.0,865.23
D02,LD-1036,2024-11-11,2515.0,700.98
D02,LD-1036,2024-11-18,2466.0,718.2099999999999
D02,LD-1036,2024-11-25,2914.0,809.49
D02,LD-1036,2024-12-02,1851.0,552.17
D02,LD-1036,2024-12-09,2721.0,773.3199999999999
D02,LD-1036,2024-12-16,3478.0,972.38
D02,LD-1036,2024-12-23,1848.0,521.5799999999999
D02,LD-1036,2024-12-30,3095.0,881.75
D02,LD-1036,2025-01-06,2981.0,841.51
D02,LD-1036,2025-01-13,2226.0,631.28
D02,LD-1036,2025-01-20,3006.0,864.65
D02,LD-1036,2025-01-27,3254.0,964.65
D02,LD-1036,2025-02-03,2366.0,689.1199999999999
D02,LD-1036,2025-02-10,2560.0,741.01
D02,LD-1036,2025-02-17,2884.0,796.22
D02,LD-1036,2025-02-24,3358.0,986.4300000000001
D02,LD-1036,2025-03-03,2700.0,760.54
D02,LD-1036,2025-03-10,2938.0,799.99
D02,LD-1036,2025-03-17,2702.0,752.65
D02,LD-1036,2025-03-24,3025.0,839.69
D02,LD-1036,2025-03-31,3558.0,1027.56
D02,LD-1036,2025-04-07,3116.0,883.1800000000001
D02,LD-1036,2025-04-14,2930.0,880.34
D02,LD-1036,2025-04-21,3099.0,872.01
D02,LD-1036,2025-04-28,2779.0,762.53
D02,LD-1036,2025-05-05,2715.0,775.75
D02,LD-1036,2025-05-12,3793.0,1056.78
D02,LD-1036,2025-05-19,4063.0,1147.25
D02,LD-1036,2025-05-26,2436.0,690.1600000000001
D02,LD-1036,2025-06-02,3483.0,989.74
D02,LD-1036,2025-06-09,3633.0,1060.14
D02,LD-1036,2025-06-16,2661.0,723.77
D02,LD-1036,2025-06-23,2969.0,878.22
D02,LD-1036,2025-06-30,2915.0,811.76
D02,LD-1036,2025-07-07,4211.0,1248.55
D02,LD-1036,2025-07-14,4038.0,1144.72
D02,LD-1036,2025-07-21,2730.0,808.47
D02,LD-1036,2025-07-28,2502.0,717.4000000000001
D02,LD-1036,2025-08-04,3471.0,980.8699999999999
D02,LD-1036,2025-08-11,3328.0,993.55
D02,LD-1036,2025-08-18,3665.0,1091.74
D02,LD-1036,2025-08-25,2571.0,750.29
D02,LD-1036,2025-09-01,3328.0,1007.55
D02,LD-1036,2025-09-08,2650.0,766.42
D02,LD-1036,2025-09-15,3215.0,906.13
D02,LD-1036,2025-09-22,2884.0,825.15
D02,LD-1036,2025-09-29,3821.0,1058.56
D02,LD-1036,2025-10-06,3045.0,830.74
D02,LD-1036,2025-10-13,2693.0,815.43
D02,LD-1036,2025-10-20,2859.0,839.85
D02,LD-1036,2025-10-27,2738.0,805.62
D02,LD-1036,2025-11-03,2323.0,688.66
D02,LD-1036,2025-11-10,3667.0,1070.9
D02,LD-1036,2025-11-17,3477.0,1026.47
D02,LD-1036,2025-11-24,2656.0,731.96
D02,LD-1036,2025-12-01,3023.0,848.86
D02,LD-1036,2025-12-08,3701.0,1084.93
D02,LD-1036,2025-12-15,3277.0,987.6
D02,LD-1036,2025-12-22,2604.0,733.75
D02,LD-1036,2025-12-29,2700.0,792.39
D02,LD-1036,2026-01-05,2124.0,589.89
D02,LD-1036,2026-01-12,3103.0,869.89
D02,LD-1036,2026-01-19,3350.0,927.42
D02,LD-1036,2026-01-26,3377.0,1023.21
D02,LD-1036,2026-02-02,3136.0,896.1999999999999
D02,LD-1036,2026-02-09,3002.0,846.38
D02,LD-1036,2026-02-16,2474.0,719.4599999999999
D02,LD-1036,2026-02-23,3043.0,908.3800000000001
D02,LD-1036,2026-03-02,2664.0,793.0
D02,LD-1036,2026-03-09,3199.0,965.3199999999999
D02,LD-1036,2026-03-16,2662.0,727.0200000000001
D02,LD-1036,2026-03-23,3257.0,944.67
D02,LD-1036,2026-03-30,3708.0,1011.11
D02,LD-1036,2026-04-06,3245.0,926.1700000000001
D02,LD-1036,2026-04-13,3247.0,908.4399999999999
D02,LD-1036,2026-04-20,3571.0,1064.18
D02,LD-1036,2026-04-27,4087.0,1126.93
D02,LD-1036,2026-05-04,3101.0,916.9
D02,LD-1036,2026-05-11,3424.0,959.47
D02,LD-1036,2026-05-18,3987.0,1099.59
D02,LD-1036,2026-05-25,3523.0,979.2900000000001
D02,LD-1036,2026-06-01,2364.0,710.96
D02,LD-1036,2026-06-08,2869.0,787.76
D02,LD-1036,2026-06-15,3572.0,1078.01
D02,LD-1036,2026-06-22,3001.0,892.6800000000001
D02,LD-1037,2024-01-01,3122.0,1915.06
D02,LD-1037,2024-01-08,3378.0,2044.21
D02,LD-1037,2024-01-15,3122.0,1835.92
D02,LD-1037,2024-01-22,2984.0,1768.3600000000001
D02,LD-1037,2024-01-29,3194.0,1922.26
D02,LD-1037,2024-02-05,2736.0,1636.14
D02,LD-1037,2024-02-12,3595.0,2279.97
D02,LD-1037,2024-02-19,3023.0,1775.56
D02,LD-1037,2024-02-26,2730.0,1708.11
D02,LD-1037,2024-03-04,3513.0,2046.01
D02,LD-1037,2024-03-11,3574.0,2230.95
D02,LD-1037,2024-03-18,2938.0,1747.33
D02,LD-1037,2024-03-25,3704.0,2277.93
D02,LD-1037,2024-04-01,3744.0,2210.8199999999997
D02,LD-1037,2024-04-08,4617.0,2895.96
D02,LD-1037,2024-04-15,3341.0,2050.54
D02,LD-1037,2024-04-22,3458.0,2052.8399999999997
D02,LD-1037,2024-04-29,3203.0,2045.4
D02,LD-1037,2024-05-06,3799.0,2405.12
D02,LD-1037,2024-05-13,3542.0,2259.55
D02,LD-1037,2024-05-20,4126.0,2402.61
D02,LD-1037,2024-05-27,3343.0,2038.07
D02,LD-1037,2024-06-03,3835.0,2447.1
D02,LD-1037,2024-06-10,3450.0,2203.18
D02,LD-1037,2024-06-17,2710.0,1607.42
D02,LD-1037,2024-06-24,3920.0,2419.69
D02,LD-1037,2024-07-01,2737.0,1675.74
D02,LD-1037,2024-07-08,3461.0,2201.41
D02,LD-1037,2024-07-15,3453.0,2112.35
D02,LD-1037,2024-07-22,3504.0,2028.67
D02,LD-1037,2024-07-29,3511.0,2207.9
D02,LD-1037,2024-08-05,3480.0,2096.95
D02,LD-1037,2024-08-12,3626.0,2298.81
D02,LD-1037,2024-08-19,3349.0,1958.6
D02,LD-1037,2024-08-26,4995.0,2964.6699999999996
D02,LD-1037,2024-09-02,3175.0,1868.6599999999999
D02,LD-1037,2024-09-09,2756.0,1659.48
D02,LD-1037,2024-09-16,2653.0,1641.06
D02,LD-1037,2024-09-23,3584.0,2176.79
D02,LD-1037,2024-09-30,2533.0,1510.56
D02,LD-1037,2024-10-07,2658.0,1568.94
D02,LD-1037,2024-10-14,2579.0,1600.04
D02,LD-1037,2024-10-21,3357.0,1961.35
D02,LD-1037,2024-10-28,3800.0,2223.94
D02,LD-1037,2024-11-04,2684.0,1676.28
D02,LD-1037,2024-11-11,3277.0,1992.44
D02,LD-1037,2024-11-18,2062.0,1196.74
D02,LD-1037,2024-11-25,2730.0,1666.85
D02,LD-1037,2024-12-02,3336.0,2094.66
D02,LD-1037,2024-12-09,2906.0,1861.49
D02,LD-1037,2024-12-16,3537.0,2077.21
D02,LD-1037,2024-12-23,2184.0,1303.25
D02,LD-1037,2024-12-30,2743.0,1723.12
D02,LD-1037,2025-01-06,3292.0,1921.13
D02,LD-1037,2025-01-13,3303.0,2033.8999999999999
D02,LD-1037,2025-01-20,3363.0,1976.7
D02,LD-1037,2025-01-27,3234.0,2037.17
D02,LD-1037,2025-02-03,2662.0,1706.4
D02,LD-1037,2025-02-10,2836.0,1727.81
D02,LD-1037,2025-02-17,4553.0,2864.79
D02,LD-1037,2025-02-24,2688.0,1636.36
D02,LD-1037,2025-03-03,2651.0,1612.91
D02,LD-1037,2025-03-10,3666.0,2310.0200000000004
D02,LD-1037,2025-03-17,2851.0,1804.8200000000002
D02,LD-1037,2025-03-24,4414.0,2683.8
D02,LD-1037,2025-03-31,5130.0,3063.42
D02,LD-1037,2025-04-07,3311.0,2087.11
D02,LD-1037,2025-04-14,3625.0,2265.59
D02,LD-1037,2025-04-21,2651.0,1691.27
D02,LD-1037,2025-04-28,4096.0,2568.51
D02,LD-1037,2025-05-05,2522.0,1458.32
D02,LD-1037,2025-05-12,2900.0,1695.12
D02,LD-1037,2025-05-19,3622.0,2093.97
D02,LD-1037,2025-05-26,3873.0,2459.2200000000003
D02,LD-1037,2025-06-02,2860.0,1683.28
D02,LD-1037,2025-06-09,3296.0,2077.8599999999997
D02,LD-1037,2025-06-16,2785.0,1648.62
D02,LD-1037,2025-06-23,3402.0,2067.69
D02,LD-1037,2025-06-30,3155.0,1998.4700000000003
D02,LD-1037,2025-07-07,3222.0,1998.1799999999998
D02,LD-1037,2025-07-14,3890.0,2264.64
D02,LD-1037,2025-07-21,3660.0,2177.82
D02,LD-1037,2025-07-28,3792.0,2215.77
D02,LD-1037,2025-08-04,3394.0,2127.02
D02,LD-1037,2025-08-11,3823.0,2322.6099999999997
D02,LD-1037,2025-08-18,3386.0,2115.16
D02,LD-1037,2025-08-25,3134.0,1806.8000000000002
D02,LD-1037,2025-09-01,3641.0,2274.66
D02,LD-1037,2025-09-08,3107.0,1794.46
D02,LD-1037,2025-09-15,3120.0,1977.94
D02,LD-1037,2025-09-22,3811.0,2341.8
D02,LD-1037,2025-09-29,3722.0,2389.0600000000004
D02,LD-1037,2025-10-06,3048.0,1837.34
D02,LD-1037,2025-10-13,3602.0,2225.48
D02,LD-1037,2025-10-20,2588.0,1545.73
D02,LD-1037,2025-10-27,2979.0,1770.51
D02,LD-1037,2025-11-03,2763.0,1747.3600000000001
D02,LD-1037,2025-11-10,3075.0,1905.94
D02,LD-1037,2025-11-17,3419.0,1991.8899999999999
D02,LD-1037,2025-11-24,3319.0,1938.06
D02,LD-1037,2025-12-01,3245.0,2043.91
D02,LD-1037,2025-12-08,3109.0,1887.89
D02,LD-1037,2025-12-15,2975.0,1821.01
D02,LD-1037,2025-12-22,3656.0,2123.4399999999996
D02,LD-1037,2025-12-29,2429.0,1471.46
D02,LD-1037,2026-01-05,2783.0,1621.9
D02,LD-1037,2026-01-12,3289.0,1896.24
D02,LD-1037,2026-01-19,3914.0,2487.46
D02,LD-1037,2026-01-26,2976.0,1733.18
D02,LD-1037,2026-02-02,3039.0,1884.6599999999999
D02,LD-1037,2026-02-09,2627.0,1677.8
D02,LD-1037,2026-02-16,2965.0,1732.64
D02,LD-1037,2026-02-23,3611.0,2219.77
D02,LD-1037,2026-03-02,4155.0,2577.2200000000003
D02,LD-1037,2026-03-09,3168.0,1907.8400000000001
D02,LD-1037,2026-03-16,2965.0,1742.27
D02,LD-1037,2026-03-23,3409.0,2093.8199999999997
D02,LD-1037,2026-03-30,2672.0,1630.53
D02,LD-1037,2026-04-06,4132.0,2649.27
D02,LD-1037,2026-04-13,2877.0,1667.35
D02,LD-1037,2026-04-20,3654.0,2253.81
D02,LD-1037,2026-04-27,3669.0,2131.66
D02,LD-1037,2026-05-04,3877.0,2406.57
D02,LD-1037,2026-05-11,3683.0,2270.57
D02,LD-1037,2026-05-18,3559.0,2274.1800000000003
D02,LD-1037,2026-05-25,3804.0,2367.05
D02,LD-1037,2026-06-01,4050.0,2530.13
D02,LD-1037,2026-06-08,4681.0,2957.9
D02,LD-1037,2026-06-15,3029.0,1812.02
D02,LD-1037,2026-06-22,2707.0,1613.12
D02,LD-1038,2024-01-01,2463.0,530.69
D02,LD-1038,2024-01-08,3167.0,655.01
D02,LD-1038,2024-01-15,3760.0,820.1200000000001
D02,LD-1038,2024-01-22,2448.0,530.71
D02,LD-1038,2024-01-29,2640.0,559.59
D02,LD-1038,2024-02-05,2772.0,596.1600000000001
D02,LD-1038,2024-02-12,3436.0,749.6999999999999
D02,LD-1038,2024-02-19,2223.0,451.84000000000003
D02,LD-1038,2024-02-26,3874.0,814.18
D02,LD-1038,2024-03-04,2504.0,537.62
D02,LD-1038,2024-03-11,2225.0,435.6
D02,LD-1038,2024-03-18,2554.0,504.20000000000005
D02,LD-1038,2024-03-25,2393.0,510.21000000000004
D02,LD-1038,2024-04-01,2904.0,623.0
D02,LD-1038,2024-04-08,2147.0,465.23
D02,LD-1038,2024-04-15,2832.0,556.8
D02,LD-1038,2024-04-22,3085.0,635.55
D02,LD-1038,2024-04-29,3511.0,757.21
D02,LD-1038,2024-05-06,3130.0,637.62
D02,LD-1038,2024-05-13,3514.0,699.11
D02,LD-1038,2024-05-20,2603.0,551.25
D02,LD-1038,2024-05-27,3032.0,624.98
D02,LD-1038,2024-06-03,2049.0,402.13
D02,LD-1038,2024-06-10,2815.0,552.15
D02,LD-1038,2024-06-17,3033.0,659.8
D02,LD-1038,2024-06-24,3070.0,602.31
D02,LD-1038,2024-07-01,2251.0,476.90999999999997
D02,LD-1038,2024-07-08,2678.0,552.78
D02,LD-1038,2024-07-15,2722.0,545.46
D02,LD-1038,2024-07-22,2635.0,565.74
D02,LD-1038,2024-07-29,3113.0,643.93
D02,LD-1038,2024-08-05,2684.0,551.51
D02,LD-1038,2024-08-12,2792.0,570.01
D02,LD-1038,2024-08-19,2534.0,512.11
D02,LD-1038,2024-08-26,3171.0,666.28
D02,LD-1038,2024-09-02,3176.0,662.08
D02,LD-1038,2024-09-09,2532.0,517.36
D02,LD-1038,2024-09-16,4027.0,835.3
D02,LD-1038,2024-09-23,2319.0,487.54
D02,LD-1038,2024-09-30,2997.0,648.85
D02,LD-1038,2024-10-07,2214.0,449.41
D02,LD-1038,2024-10-14,2842.0,589.6
D02,LD-1038,2024-10-21,2787.0,583.83
D02,LD-1038,2024-10-28,2142.0,462.61
D02,LD-1038,2024-11-04,2429.0,487.68
D02,LD-1038,2024-11-11,3261.0,700.7
D02,LD-1038,2024-11-18,2171.0,425.72
D02,LD-1038,2024-11-25,2598.0,543.34
D02,LD-1038,2024-12-02,2567.0,512.61
D02,LD-1038,2024-12-09,2424.0,475.0
D02,LD-1038,2024-12-16,1883.0,375.59
D02,LD-1038,2024-12-23,2769.0,572.94
D02,LD-1038,2024-12-30,2458.0,506.06
D02,LD-1038,2025-01-06,2908.0,587.25
D02,LD-1038,2025-01-13,2565.0,533.04
D02,LD-1038,2025-01-20,2517.0,534.52
D02,LD-1038,2025-01-27,2655.0,550.15
D02,LD-1038,2025-02-03,2183.0,475.91999999999996
D02,LD-1038,2025-02-10,3225.0,677.11
D02,LD-1038,2025-02-17,2435.0,488.13
D02,LD-1038,2025-02-24,2463.0,499.53000000000003
D02,LD-1038,2025-03-03,3188.0,695.24
D02,LD-1038,2025-03-10,2752.0,567.28
D02,LD-1038,2025-03-17,2584.0,511.51
D02,LD-1038,2025-03-24,2876.0,571.33
D02,LD-1038,2025-03-31,2995.0,630.51
D02,LD-1038,2025-04-07,2702.0,554.09
D02,LD-1038,2025-04-14,3184.0,657.5
D02,LD-1038,2025-04-21,2308.0,452.15999999999997
D02,LD-1038,2025-04-28,2923.0,630.19
D02,LD-1038,2025-05-05,3187.0,653.5799999999999
D02,LD-1038,2025-05-12,3117.0,642.36
D02,LD-1038,2025-05-19,2036.0,401.14
D02,LD-1038,2025-05-26,2804.0,561.11
D02,LD-1038,2025-06-02,2386.0,509.26
D02,LD-1038,2025-06-09,3473.0,687.82
D02,LD-1038,2025-06-16,2699.0,579.78
D02,LD-1038,2025-06-23,3408.0,740.24
D02,LD-1038,2025-06-30,2375.0,469.3
D02,LD-1038,2025-07-07,3011.0,629.4399999999999
D02,LD-1038,2025-07-14,2830.0,606.14
D02,LD-1038,2025-07-21,4255.0,881.8
D02,LD-1038,2025-07-28,3332.0,717.14
D02,LD-1038,2025-08-04,3276.0,663.27
D02,LD-1038,2025-08-11,3728.0,754.4
D02,LD-1038,2025-08-18,2846.0,600.47
D02,LD-1038,2025-08-25,2662.0,540.85
D02,LD-1038,2025-09-01,2593.0,521.92
D02,LD-1038,2025-09-08,2785.0,585.8
D02,LD-1038,2025-09-15,1733.0,347.55
D02,LD-1038,2025-09-22,2602.0,509.01
D02,LD-1038,2025-09-29,2666.0,568.12
D02,LD-1038,2025-10-06,2494.0,529.55
D02,LD-1038,2025-10-13,2012.0,409.3
D02,LD-1038,2025-10-20,2455.0,480.54
D02,LD-1038,2025-10-27,1981.0,422.64
D02,LD-1038,2025-11-03,3232.0,639.37
D02,LD-1038,2025-11-10,2371.0,499.14
D02,LD-1038,2025-11-17,1801.0,371.96
D02,LD-1038,2025-11-24,2371.0,482.35
D02,LD-1038,2025-12-01,2792.0,583.1
D02,LD-1038,2025-12-08,2505.0,495.40999999999997
D02,LD-1038,2025-12-15,2128.0,427.35
D02,LD-1038,2025-12-22,2209.0,449.8
D02,LD-1038,2025-12-29,2350.0,499.82
D02,LD-1038,2026-01-05,2307.0,497.62
D02,LD-1038,2026-01-12,2051.0,431.46
D02,LD-1038,2026-01-19,2468.0,512.15
D02,LD-1038,2026-01-26,2056.0,413.6
D02,LD-1038,2026-02-02,2919.0,603.38
D02,LD-1038,2026-02-09,2998.0,643.6800000000001
D02,LD-1038,2026-02-16,2217.0,433.62
D02,LD-1038,2026-02-23,2336.0,484.15999999999997
D02,LD-1038,2026-03-02,2465.0,513.76
D02,LD-1038,2026-03-09,2639.0,540.66
D02,LD-1038,2026-03-16,2782.0,576.52
D02,LD-1038,2026-03-23,2897.0,585.01
D02,LD-1038,2026-03-30,2913.0,600.53
D02,LD-1038,2026-04-06,3472.0,730.79
D02,LD-1038,2026-04-13,2797.0,604.66
D02,LD-1038,2026-04-20,2297.0,469.87
D02,LD-1038,2026-04-27,2208.0,478.87
D02,LD-1038,2026-05-04,3612.0,784.15
D02,LD-1038,2026-05-11,3065.0,621.23
D02,LD-1038,2026-05-18,2940.0,640.35
D02,LD-1038,2026-05-25,3057.0,641.56
D02,LD-1038,2026-06-01,2932.0,593.41
D02,LD-1038,2026-06-08,3056.0,614.8000000000001
D02,LD-1038,2026-06-15,2707.0,530.44
D02,LD-1038,2026-06-22,3348.0,714.11
D02,LD-1039,2024-01-01,4478.0,1399.5900000000001
D02,LD-1039,2024-01-08,3403.0,1046.52
D02,LD-1039,2024-01-15,4309.0,1444.18
D02,LD-1039,2024-01-22,4673.0,1440.54
D02,LD-1039,2024-01-29,3867.0,1262.49
D02,LD-1039,2024-02-05,4750.0,1446.53
D02,LD-1039,2024-02-12,3452.0,1103.9299999999998
D02,LD-1039,2024-02-19,4578.0,1434.81
D02,LD-1039,2024-02-26,5573.0,1709.33
D02,LD-1039,2024-03-04,4453.0,1490.29
D02,LD-1039,2024-03-11,4012.0,1264.8
D02,LD-1039,2024-03-18,3788.0,1269.9299999999998
D02,LD-1039,2024-03-25,5021.0,1545.1000000000001
D02,LD-1039,2024-04-01,5491.0,1699.39
D02,LD-1039,2024-04-08,4778.0,1596.56
D02,LD-1039,2024-04-15,4531.0,1412.89
D02,LD-1039,2024-04-22,3662.0,1227.54
D02,LD-1039,2024-04-29,5017.0,1613.6299999999999
D02,LD-1039,2024-05-06,4466.0,1500.78
D02,LD-1039,2024-05-13,4525.0,1461.99
D02,LD-1039,2024-05-20,6364.0,2145.85
D02,LD-1039,2024-05-27,3821.0,1199.96
D02,LD-1039,2024-06-03,3905.0,1231.69
D02,LD-1039,2024-06-10,5195.0,1585.31
D02,LD-1039,2024-06-17,4733.0,1603.73
D02,LD-1039,2024-06-24,4632.0,1481.35
D02,LD-1039,2024-07-01,5202.0,1707.6599999999999
D02,LD-1039,2024-07-08,5170.0,1729.54
D02,LD-1039,2024-07-15,4279.0,1383.38
D02,LD-1039,2024-07-22,4506.0,1394.83
D02,LD-1039,2024-07-29,4929.0,1626.01
D02,LD-1039,2024-08-05,4980.0,1541.0
D02,LD-1039,2024-08-12,5181.0,1721.6
D02,LD-1039,2024-08-19,4378.0,1336.5700000000002
D02,LD-1039,2024-08-26,4988.0,1659.45
D02,LD-1039,2024-09-02,5410.0,1744.82
D02,LD-1039,2024-09-09,4679.0,1459.8200000000002
D02,LD-1039,2024-09-16,4531.0,1393.6100000000001
D02,LD-1039,2024-09-23,4399.0,1474.6399999999999
D02,LD-1039,2024-09-30,4115.0,1392.42
D02,LD-1039,2024-10-07,3886.0,1284.6
D02,LD-1039,2024-10-14,4241.0,1375.8
D02,LD-1039,2024-10-21,4707.0,1575.73
D02,LD-1039,2024-10-28,3822.0,1167.8799999999999
D02,LD-1039,2024-11-04,4291.0,1319.47
D02,LD-1039,2024-11-11,4195.0,1396.06
D02,LD-1039,2024-11-18,5612.0,1841.64
D02,LD-1039,2024-11-25,4776.0,1528.6
D02,LD-1039,2024-12-02,4755.0,1573.06
D02,LD-1039,2024-12-09,4907.0,1508.98
D02,LD-1039,2024-12-16,3941.0,1289.76
D02,LD-1039,2024-12-23,5268.0,1686.37
D02,LD-1039,2024-12-30,4402.0,1354.35
D02,LD-1039,2025-01-06,4288.0,1425.46
D02,LD-1039,2025-01-13,3617.0,1156.51
D02,LD-1039,2025-01-20,4112.0,1365.54
D02,LD-1039,2025-01-27,3376.0,1096.31
D02,LD-1039,2025-02-03,4273.0,1310.1599999999999
D02,LD-1039,2025-02-10,4103.0,1347.49
D02,LD-1039,2025-02-17,4252.0,1363.92
D02,LD-1039,2025-02-24,3702.0,1227.92
D02,LD-1039,2025-03-03,5113.0,1654.95
D02,LD-1039,2025-03-10,5078.0,1674.71
D02,LD-1039,2025-03-17,6044.0,1971.98
D02,LD-1039,2025-03-24,6075.0,1950.19
D02,LD-1039,2025-03-31,4891.0,1546.1399999999999
D02,LD-1039,2025-04-07,5618.0,1804.3
D02,LD-1039,2025-04-14,5051.0,1709.1
D02,LD-1039,2025-04-21,4589.0,1519.57
D02,LD-1039,2025-04-28,4723.0,1495.26
D02,LD-1039,2025-05-05,5450.0,1795.57
D02,LD-1039,2025-05-12,9186.0,3004.5
D02,LD-1039,2025-05-19,5949.0,1944.34
D02,LD-1039,2025-05-26,5195.0,1605.7
D02,LD-1039,2025-06-02,5392.0,1804.01
D02,LD-1039,2025-06-09,5388.0,1652.69
D02,LD-1039,2025-06-16,4948.0,1616.68
D02,LD-1039,2025-06-23,5609.0,1843.35
D02,LD-1039,2025-06-30,4878.0,1623.82
D02,LD-1039,2025-07-07,4275.0,1317.11
D02,LD-1039,2025-07-14,5323.0,1770.36
D02,LD-1039,2025-07-21,5400.0,1712.18
D02,LD-1039,2025-07-28,4787.0,1556.68
D02,LD-1039,2025-08-04,5088.0,1610.31
D02,LD-1039,2025-08-11,5566.0,1707.9699999999998
D02,LD-1039,2025-08-18,4741.0,1568.37
D02,LD-1039,2025-08-25,4428.0,1396.6100000000001
D02,LD-1039,2025-09-01,4217.0,1390.56
D02,LD-1039,2025-09-08,4473.0,1512.6999999999998
D02,LD-1039,2025-09-15,5792.0,1812.6399999999999
D02,LD-1039,2025-09-22,4424.0,1394.62
D02,LD-1039,2025-09-29,4764.0,1548.4
D02,LD-1039,2025-10-06,4261.0,1388.56
D02,LD-1039,2025-10-13,4170.0,1322.65
D02,LD-1039,2025-10-20,3856.0,1208.72
D02,LD-1039,2025-10-27,4434.0,1368.59
D02,LD-1039,2025-11-03,4016.0,1310.8999999999999
D02,LD-1039,2025-11-10,5226.0,1773.37
D02,LD-1039,2025-11-17,4230.0,1347.16
D02,LD-1039,2025-11-24,4257.0,1383.85
D02,LD-1039,2025-12-01,4163.0,1317.04
D02,LD-1039,2025-12-08,4519.0,1426.73
D02,LD-1039,2025-12-15,5349.0,1681.32
D02,LD-1039,2025-12-22,3666.0,1218.7
D02,LD-1039,2025-12-29,4481.0,1432.5
D02,LD-1039,2026-01-05,3412.0,1122.56
D02,LD-1039,2026-01-12,5214.0,1677.4299999999998
D02,LD-1039,2026-01-19,4298.0,1438.22
D02,LD-1039,2026-01-26,3516.0,1168.01
D02,LD-1039,2026-02-02,3662.0,1234.64
D02,LD-1039,2026-02-09,5054.0,1670.53
D02,LD-1039,2026-02-16,3517.0,1162.9
D02,LD-1039,2026-02-23,4751.0,1466.62
D02,LD-1039,2026-03-02,4315.0,1354.76
D02,LD-1039,2026-03-09,4512.0,1488.23
D02,LD-1039,2026-03-16,4240.0,1418.5900000000001
D02,LD-1039,2026-03-23,4104.0,1253.1299999999999
D02,LD-1039,2026-03-30,4441.0,1433.01
D02,LD-1039,2026-04-06,5250.0,1614.74
D02,LD-1039,2026-04-13,4649.0,1461.45
D02,LD-1039,2026-04-20,5212.0,1752.37
D02,LD-1039,2026-04-27,4749.0,1448.07
D02,LD-1039,2026-05-04,5427.0,1785.2
D02,LD-1039,2026-05-11,5295.0,1704.23
D02,LD-1039,2026-05-18,4605.0,1520.93
D02,LD-1039,2026-05-25,4340.0,1331.65
D02,LD-1039,2026-06-01,5788.0,1769.98
D02,LD-1039,2026-06-08,4441.0,1457.18
D02,LD-1039,2026-06-15,5406.0,1682.22
D02,LD-1039,2026-06-22,5030.0,1632.8500000000001
D02,LD-1041,2024-01-01,3273.0,1612.05
D02,LD-1041,2024-01-08,2518.0,1303.42
D02,LD-1041,2024-01-15,3135.0,1552.0800000000002
D02,LD-1041,2024-01-22,3771.0,1879.0
D02,LD-1041,2024-01-29,3499.0,1789.26
D02,LD-1041,2024-02-05,2700.0,1340.88
D02,LD-1041,2024-02-12,2465.0,1218.76
D02,LD-1041,2024-02-19,3563.0,1776.89
D02,LD-1041,2024-02-26,4232.0,2193.41
D02,LD-1041,2024-03-04,2917.0,1514.61
D02,LD-1041,2024-03-11,4662.0,2410.46
D02,LD-1041,2024-03-18,3433.0,1678.64
D02,LD-1041,2024-03-25,2586.0,1325.83
D02,LD-1041,2024-04-01,2770.0,1418.19
D02,LD-1041,2024-04-08,3962.0,2122.2599999999998
D02,LD-1041,2024-04-15,3628.0,1923.4299999999998
D02,LD-1041,2024-04-22,4477.0,2201.67
D02,LD-1041,2024-04-29,3014.0,1559.89
D02,LD-1041,2024-05-06,3693.0,1831.6999999999998
D02,LD-1041,2024-05-13,3648.0,1803.7
D02,LD-1041,2024-05-20,3581.0,1876.88
D02,LD-1041,2024-05-27,3463.0,1760.2199999999998
D02,LD-1041,2024-06-03,3479.0,1857.2600000000002
D02,LD-1041,2024-06-10,3773.0,2032.87
D02,LD-1041,2024-06-17,3845.0,2085.8
D02,LD-1041,2024-06-24,3810.0,1910.1799999999998
D02,LD-1041,2024-07-01,4384.0,2264.85
D02,LD-1041,2024-07-08,3044.0,1622.88
D02,LD-1041,2024-07-15,2764.0,1397.41
D02,LD-1041,2024-07-22,4202.0,2284.82
D02,LD-1041,2024-07-29,3111.0,1539.06
D02,LD-1041,2024-08-05,3361.0,1736.87
D02,LD-1041,2024-08-12,3220.0,1610.5900000000001
D02,LD-1041,2024-08-19,3183.0,1734.1299999999999
D02,LD-1041,2024-08-26,2787.0,1433.9
D02,LD-1041,2024-09-02,3155.0,1623.06
D02,LD-1041,2024-09-09,3752.0,2016.65
D02,LD-1041,2024-09-16,3369.0,1696.67
D02,LD-1041,2024-09-23,3601.0,1832.94
D02,LD-1041,2024-09-30,3070.0,1667.63
D02,LD-1041,2024-10-07,3752.0,1908.51
D02,LD-1041,2024-10-14,3010.0,1595.23
D02,LD-1041,2024-10-21,2349.0,1156.36
D02,LD-1041,2024-10-28,3355.0,1695.14
D02,LD-1041,2024-11-04,3567.0,1897.9
D02,LD-1041,2024-11-11,2908.0,1436.56
D02,LD-1041,2024-11-18,3770.0,1913.45
D02,LD-1041,2024-11-25,2763.0,1407.73
D02,LD-1041,2024-12-02,3465.0,1836.8500000000001
D02,LD-1041,2024-12-09,4068.0,2050.6000000000004
D02,LD-1041,2024-12-16,3151.0,1663.06
D02,LD-1041,2024-12-23,3034.0,1507.74
D02,LD-1041,2024-12-30,3099.0,1599.04
D02,LD-1041,2025-01-06,4037.0,2124.55
D02,LD-1041,2025-01-13,3378.0,1819.46
D02,LD-1041,2025-01-20,4414.0,2226.41
D02,LD-1041,2025-01-27,3361.0,1700.37
D02,LD-1041,2025-02-03,2945.0,1564.8
D02,LD-1041,2025-02-10,3002.0,1525.58
D02,LD-1041,2025-02-17,3338.0,1806.0
D02,LD-1041,2025-02-24,2458.0,1287.6599999999999
D02,LD-1041,2025-03-03,3139.0,1585.46
D02,LD-1041,2025-03-10,3180.0,1628.05
D02,LD-1041,2025-03-17,3562.0,1756.3200000000002
D02,LD-1041,2025-03-24,4642.0,2390.08
D02,LD-1041,2025-03-31,3529.0,1842.25
D02,LD-1041,2025-04-07,2646.0,1354.75
D02,LD-1041,2025-04-14,3102.0,1662.72
D02,LD-1041,2025-04-21,3728.0,1848.51
D02,LD-1041,2025-04-28,3658.0,1837.27
D02,LD-1041,2025-05-05,4629.0,2308.46
D02,LD-1041,2025-05-12,4209.0,2065.24
D02,LD-1041,2025-05-19,4206.0,2280.85
D02,LD-1041,2025-05-26,3550.0,1921.21
D02,LD-1041,2025-06-02,4332.0,2195.47
D02,LD-1041,2025-06-09,3214.0,1637.4099999999999
D02,LD-1041,2025-06-16,4248.0,2241.0699999999997
D02,LD-1041,2025-06-23,3516.0,1822.04
D02,LD-1041,2025-06-30,2944.0,1581.33
D02,LD-1041,2025-07-07,3984.0,2128.7
D02,LD-1041,2025-07-14,4474.0,2376.16
D02,LD-1041,2025-07-21,3394.0,1782.44
D02,LD-1041,2025-07-28,4531.0,2255.53
D02,LD-1041,2025-08-04,2776.0,1481.88
D02,LD-1041,2025-08-11,2950.0,1484.31
D02,LD-1041,2025-08-18,3424.0,1723.1
D02,LD-1041,2025-08-25,3281.0,1712.42
D02,LD-1041,2025-09-01,3109.0,1556.69
D02,LD-1041,2025-09-08,3473.0,1811.0700000000002
D02,LD-1041,2025-09-15,3114.0,1529.23
D02,LD-1041,2025-09-22,3163.0,1566.61
D02,LD-1041,2025-09-29,3448.0,1817.18
D02,LD-1041,2025-10-06,2965.0,1459.12
D02,LD-1041,2025-10-13,3198.0,1698.03
D02,LD-1041,2025-10-20,2926.0,1589.76
D02,LD-1041,2025-10-27,2670.0,1333.55
D02,LD-1041,2025-11-03,3565.0,1846.5
D02,LD-1041,2025-11-10,4086.0,2211.44
D02,LD-1041,2025-11-17,3694.0,1996.15
D02,LD-1041,2025-11-24,3299.0,1695.05
D02,LD-1041,2025-12-01,2846.0,1442.34
D02,LD-1041,2025-12-08,2999.0,1467.4399999999998
D02,LD-1041,2025-12-15,3672.0,1969.6
D02,LD-1041,2025-12-22,2229.0,1124.69
D02,LD-1041,2025-12-29,2982.0,1523.94
D02,LD-1041,2026-01-05,3531.0,1799.17
D02,LD-1041,2026-01-12,2680.0,1439.13
D02,LD-1041,2026-01-19,3410.0,1766.6000000000001
D02,LD-1041,2026-01-26,3411.0,1676.18
D02,LD-1041,2026-02-02,2612.0,1278.29
D02,LD-1041,2026-02-09,3320.0,1646.35
D02,LD-1041,2026-02-16,3015.0,1486.05
D02,LD-1041,2026-02-23,3553.0,1755.26
D02,LD-1041,2026-03-02,3727.0,1879.74
D02,LD-1041,2026-03-09,3613.0,1828.8799999999999
D02,LD-1041,2026-03-16,3474.0,1729.28
D02,LD-1041,2026-03-23,3622.0,1864.5600000000002
D02,LD-1041,2026-03-30,2934.0,1598.03
D02,LD-1041,2026-04-06,3514.0,1810.08
D02,LD-1041,2026-04-13,3158.0,1590.24
D02,LD-1041,2026-04-20,4184.0,2070.81
D02,LD-1041,2026-04-27,3997.0,2153.99
D02,LD-1041,2026-05-04,4017.0,2010.96
D02,LD-1041,2026-05-11,4713.0,2384.85
D02,LD-1041,2026-05-18,3482.0,1748.9899999999998
D02,LD-1041,2026-05-25,3378.0,1758.67
D02,LD-1041,2026-06-01,3484.0,1849.78
D02,LD-1041,2026-06-08,2891.0,1529.7
D02,LD-1041,2026-06-15,2923.0,1488.74
D02,LD-1041,2026-06-22,4026.0,1973.6399999999999
D02,LD-1042,2024-01-01,2055.0,1203.46
D02,LD-1042,2024-01-08,2725.0,1707.74
D02,LD-1042,2024-01-15,2400.0,1432.4199999999998
D02,LD-1042,2024-01-22,3194.0,1948.35
D02,LD-1042,2024-01-29,1909.0,1120.73
D02,LD-1042,2024-02-05,2534.0,1578.2
D02,LD-1042,2024-02-12,2720.0,1611.74
D02,LD-1042,2024-02-19,3263.0,1911.03
D02,LD-1042,2024-02-26,4056.0,2465.53
D02,LD-1042,2024-03-04,2821.0,1752.5
D02,LD-1042,2024-03-11,3166.0,1962.83
D02,LD-1042,2024-03-18,4506.0,2582.99
D02,LD-1042,2024-03-25,3014.0,1859.28
D02,LD-1042,2024-04-01,3260.0,2033.9
D02,LD-1042,2024-04-08,2546.0,1467.93
D02,LD-1042,2024-04-15,4145.0,2417.59
D02,LD-1042,2024-04-22,2796.0,1710.6799999999998
D02,LD-1042,2024-04-29,3261.0,1952.8899999999999
D02,LD-1042,2024-05-06,3265.0,2026.33
D02,LD-1042,2024-05-13,3205.0,1966.09
D02,LD-1042,2024-05-20,2976.0,1686.64
D02,LD-1042,2024-05-27,3302.0,1955.15
D02,LD-1042,2024-06-03,4152.0,2429.6
D02,LD-1042,2024-06-10,4493.0,2807.09
D02,LD-1042,2024-06-17,3107.0,1920.34
D02,LD-1042,2024-06-24,2977.0,1715.56
D02,LD-1042,2024-07-01,2813.0,1614.93
D02,LD-1042,2024-07-08,4734.0,2854.97
D02,LD-1042,2024-07-15,3211.0,1984.59
D02,LD-1042,2024-07-22,3702.0,2103.71
D02,LD-1042,2024-07-29,3454.0,2029.79
D02,LD-1042,2024-08-05,4302.0,2669.4700000000003
D02,LD-1042,2024-08-12,2953.0,1719.68
D02,LD-1042,2024-08-19,2574.0,1540.82
D02,LD-1042,2024-08-26,3980.0,2306.06
D02,LD-1042,2024-09-02,3416.0,2086.01
D02,LD-1042,2024-09-09,3164.0,1901.95
D02,LD-1042,2024-09-16,3684.0,2198.72
D02,LD-1042,2024-09-23,3130.0,1830.45
D02,LD-1042,2024-09-30,3633.0,2203.63
D02,LD-1042,2024-10-07,2952.0,1682.17
D02,LD-1042,2024-10-14,3229.0,1952.41
D02,LD-1042,2024-10-21,3028.0,1900.9499999999998
D02,LD-1042,2024-10-28,2646.0,1614.72
D02,LD-1042,2024-11-04,2677.0,1607.41
D02,LD-1042,2024-11-11,2588.0,1587.3
D02,LD-1042,2024-11-18,2845.0,1778.28
D02,LD-1042,2024-11-25,2545.0,1445.39
D02,LD-1042,2024-12-02,2904.0,1768.9
D02,LD-1042,2024-12-09,2887.0,1665.34
D02,LD-1042,2024-12-16,2805.0,1625.5
D02,LD-1042,2024-12-23,2818.0,1663.38
D02,LD-1042,2024-12-30,2511.0,1491.48
D02,LD-1042,2025-01-06,2632.0,1545.8
D02,LD-1042,2025-01-13,2149.0,1314.3899999999999
D02,LD-1042,2025-01-20,2728.0,1642.0099999999998
D02,LD-1042,2025-01-27,2414.0,1434.38
D02,LD-1042,2025-02-03,2863.0,1732.27
D02,LD-1042,2025-02-10,2556.0,1563.3999999999999
D02,LD-1042,2025-02-17,2111.0,1206.29
D02,LD-1042,2025-02-24,4063.0,2407.47
D02,LD-1042,2025-03-03,2827.0,1738.39
D02,LD-1042,2025-03-10,3671.0,2264.48
D02,LD-1042,2025-03-17,2757.0,1601.48
D02,LD-1042,2025-03-24,3885.0,2242.96
D02,LD-1042,2025-03-31,2557.0,1516.63
D02,LD-1042,2025-04-07,3147.0,1813.79
D02,LD-1042,2025-04-14,2622.0,1561.12
D02,LD-1042,2025-04-21,4596.0,2845.1600000000003
D02,LD-1042,2025-04-28,3017.0,1744.42
D02,LD-1042,2025-05-05,3566.0,2091.21
D02,LD-1042,2025-05-12,3385.0,1989.06
D02,LD-1042,2025-05-19,3164.0,1789.9199999999998
D02,LD-1042,2025-05-26,3442.0,2059.06
D02,LD-1042,2025-06-02,3911.0,2442.42
D02,LD-1042,2025-06-09,3528.0,2182.21
D02,LD-1042,2025-06-16,3268.0,2046.24
D02,LD-1042,2025-06-23,3442.0,2130.5299999999997
D02,LD-1042,2025-06-30,4233.0,2462.5699999999997
D02,LD-1042,2025-07-07,2972.0,1868.14
D02,LD-1042,2025-07-14,2385.0,1411.1
D02,LD-1042,2025-07-21,2657.0,1662.85
D02,LD-1042,2025-07-28,2669.0,1650.4499999999998
D02,LD-1042,2025-08-04,2707.0,1640.5
D02,LD-1042,2025-08-11,2699.0,1602.55
D02,LD-1042,2025-08-18,3028.0,1741.67
D02,LD-1042,2025-08-25,3125.0,1795.75
D02,LD-1042,2025-09-01,3091.0,1878.02
D02,LD-1042,2025-09-08,2648.0,1562.6200000000001
D02,LD-1042,2025-09-15,3397.0,1944.64
D02,LD-1042,2025-09-22,3140.0,1868.01
D02,LD-1042,2025-09-29,3640.0,2133.11
D02,LD-1042,2025-10-06,3230.0,1955.62
D02,LD-1042,2025-10-13,2677.0,1625.38
D02,LD-1042,2025-10-20,3403.0,2063.92
D02,LD-1042,2025-10-27,2894.0,1686.45
D02,LD-1042,2025-11-03,3111.0,1883.73
D02,LD-1042,2025-11-10,3059.0,1834.01
D02,LD-1042,2025-11-17,2683.0,1641.09
D02,LD-1042,2025-11-24,2768.0,1643.93
D02,LD-1042,2025-12-01,2667.0,1564.68
D02,LD-1042,2025-12-08,2392.0,1439.26
D02,LD-1042,2025-12-15,1972.0,1183.5
D02,LD-1042,2025-12-22,2456.0,1431.13
D02,LD-1042,2025-12-29,2817.0,1612.04
D02,LD-1042,2026-01-05,3231.0,1839.33
D02,LD-1042,2026-01-12,3110.0,1859.1399999999999
D02,LD-1042,2026-01-19,2664.0,1575.13
D02,LD-1042,2026-01-26,2527.0,1553.22
D02,LD-1042,2026-02-02,2746.0,1596.9899999999998
D02,LD-1042,2026-02-09,2458.0,1494.81
D02,LD-1042,2026-02-16,2091.0,1257.42
D02,LD-1042,2026-02-23,2299.0,1444.0100000000002
D02,LD-1042,2026-03-02,3597.0,2043.45
D02,LD-1042,2026-03-09,3904.0,2314.56
D02,LD-1042,2026-03-16,3341.0,2092.93
D02,LD-1042,2026-03-23,2985.0,1731.74
D02,LD-1042,2026-03-30,2466.0,1456.71
D02,LD-1042,2026-04-06,2992.0,1859.9699999999998
D02,LD-1042,2026-04-13,3386.0,2003.46
D02,LD-1042,2026-04-20,3524.0,2174.46
D02,LD-1042,2026-04-27,3473.0,2162.0
D02,LD-1042,2026-05-04,3776.0,2258.87
D02,LD-1042,2026-05-11,4235.0,2479.7
D02,LD-1042,2026-05-18,2989.0,1844.99
D02,LD-1042,2026-05-25,4850.0,2948.56
D02,LD-1042,2026-06-01,2356.0,1448.1599999999999
D02,LD-1042,2026-06-08,2840.0,1714.06
D02,LD-1042,2026-06-15,3287.0,1957.47
D02,LD-1042,2026-06-22,3458.0,2075.1499999999996
D02,PM-1002,2024-01-01,3934.0,4811.97
D02,PM-1002,2024-01-08,3063.0,3678.2799999999997
D02,PM-1002,2024-01-15,2197.0,2616.61
D02,PM-1002,2024-01-22,3383.0,4034.1
D02,PM-1002,2024-01-29,3410.0,4359.7
D02,PM-1002,2024-02-05,2992.0,3890.56
D02,PM-1002,2024-02-12,2863.0,3389.71
D02,PM-1002,2024-02-19,3323.0,4264.52
D02,PM-1002,2024-02-26,3595.0,4477.61
D02,PM-1002,2024-03-04,3746.0,4832.46
D02,PM-1002,2024-03-11,2646.0,3357.07
D02,PM-1002,2024-03-18,2894.0,3770.84
D02,PM-1002,2024-03-25,4501.0,5349.89
D02,PM-1002,2024-04-01,3727.0,4788.7
D02,PM-1002,2024-04-08,3866.0,4865.03
D02,PM-1002,2024-04-15,3191.0,3887.71
D02,PM-1002,2024-04-22,3924.0,4996.120000000001
D02,PM-1002,2024-04-29,3735.0,4822.37
D02,PM-1002,2024-05-06,3622.0,4545.96
D02,PM-1002,2024-05-13,3206.0,3797.9300000000003
D02,PM-1002,2024-05-20,3518.0,4489.61
D02,PM-1002,2024-05-27,5401.0,6891.17
D02,PM-1002,2024-06-03,3819.0,4713.0
D02,PM-1002,2024-06-10,4533.0,5556.45
D02,PM-1002,2024-06-17,3908.0,4726.47
D02,PM-1002,2024-06-24,3834.0,4856.09
D02,PM-1002,2024-07-01,3643.0,4621.92
D02,PM-1002,2024-07-08,4886.0,5866.08
D02,PM-1002,2024-07-15,4203.0,5311.78
D02,PM-1002,2024-07-22,3510.0,4489.45
D02,PM-1002,2024-07-29,3701.0,4533.12
D02,PM-1002,2024-08-05,4581.0,5515.5
D02,PM-1002,2024-08-12,2526.0,3221.14
D02,PM-1002,2024-08-19,4017.0,5201.37
D02,PM-1002,2024-08-26,4119.0,5064.92
D02,PM-1002,2024-09-02,3364.0,3970.95
D02,PM-1002,2024-09-09,3816.0,4994.21
D02,PM-1002,2024-09-16,3981.0,5178.92
D02,PM-1002,2024-09-23,3040.0,3854.29
D02,PM-1002,2024-09-30,4110.0,5237.62
D02,PM-1002,2024-10-07,3754.0,4900.58
D02,PM-1002,2024-10-14,3478.0,4137.74
D02,PM-1002,2024-10-21,3587.0,4450.27
D02,PM-1002,2024-10-28,3897.0,4852.32
D02,PM-1002,2024-11-04,4930.0,5935.610000000001
D02,PM-1002,2024-11-11,3796.0,4804.58
D02,PM-1002,2024-11-18,3896.0,5004.36
D02,PM-1002,2024-11-25,3540.0,4523.67
D02,PM-1002,2024-12-02,4565.0,5670.08
D02,PM-1002,2024-12-09,2753.0,3242.28
D02,PM-1002,2024-12-16,2645.0,3289.7599999999998
D02,PM-1002,2024-12-23,3519.0,4230.58
D02,PM-1002,2024-12-30,3809.0,4573.1900000000005
D02,PM-1002,2025-01-06,2355.0,2976.8199999999997
D02,PM-1002,2025-01-13,3481.0,4508.14
D02,PM-1002,2025-01-20,3412.0,4352.15
D02,PM-1002,2025-01-27,3948.0,4669.51
D02,PM-1002,2025-02-03,3795.0,4775.9
D02,PM-1002,2025-02-10,2737.0,3457.59
D02,PM-1002,2025-02-17,3081.0,3627.05
D02,PM-1002,2025-02-24,3240.0,4229.63
D02,PM-1002,2025-03-03,4125.0,4874.79
D02,PM-1002,2025-03-10,3944.0,4709.16
D02,PM-1002,2025-03-17,3430.0,4040.35
D02,PM-1002,2025-03-24,3883.0,4817.34
D02,PM-1002,2025-03-31,3272.0,4151.18
D02,PM-1002,2025-04-07,5259.0,6807.31
D02,PM-1002,2025-04-14,4249.0,5370.28
D02,PM-1002,2025-04-21,4418.0,5496.1
D02,PM-1002,2025-04-28,4858.0,6053.58
D02,PM-1002,2025-05-05,4628.0,5652.2
D02,PM-1002,2025-05-12,4011.0,5091.55
D02,PM-1002,2025-05-19,3898.0,4668.83
D02,PM-1002,2025-05-26,4875.0,5915.05
D02,PM-1002,2025-06-02,4041.0,5172.24
D02,PM-1002,2025-06-09,3599.0,4674.98
D02,PM-1002,2025-06-16,5405.0,6362.59
D02,PM-1002,2025-06-23,3492.0,4099.03
D02,PM-1002,2025-06-30,3089.0,3737.16
D02,PM-1002,2025-07-07,4634.0,5825.24
D02,PM-1002,2025-07-14,3561.0,4453.93
D02,PM-1002,2025-07-21,4218.0,5117.98
D02,PM-1002,2025-07-28,5157.0,6061.14
D02,PM-1002,2025-08-04,3172.0,3892.67
D02,PM-1002,2025-08-11,3843.0,4630.33
D02,PM-1002,2025-08-18,4790.0,5877.25
D02,PM-1002,2025-08-25,4209.0,5163.44
D02,PM-1002,2025-09-01,3664.0,4391.0
D02,PM-1002,2025-09-08,5336.0,6449.79
D02,PM-1002,2025-09-15,3640.0,4732.93
D02,PM-1002,2025-09-22,3881.0,4967.49
D02,PM-1002,2025-09-29,4640.0,5787.89
D02,PM-1002,2025-10-06,4159.0,5155.71
D02,PM-1002,2025-10-13,4339.0,5353.79
D02,PM-1002,2025-10-20,3085.0,4002.2799999999997
D02,PM-1002,2025-10-27,4214.0,5388.9400000000005
D02,PM-1002,2025-11-03,3573.0,4242.31
D02,PM-1002,2025-11-10,3098.0,3677.92
D02,PM-1002,2025-11-17,3566.0,4650.76
D02,PM-1002,2025-11-24,3538.0,4576.18
D02,PM-1002,2025-12-01,4542.0,5491.73
D02,PM-1002,2025-12-08,3632.0,4685.34
D02,PM-1002,2025-12-15,3053.0,3689.3500000000004
D02,PM-1002,2025-12-22,2955.0,3818.19
D02,PM-1002,2025-12-29,3425.0,4277.02
D02,PM-1002,2026-01-05,2831.0,3419.4199999999996
D02,PM-1002,2026-01-12,3129.0,3703.5
D02,PM-1002,2026-01-19,3379.0,4130.3099999999995
D02,PM-1002,2026-01-26,3314.0,4017.78
D02,PM-1002,2026-02-02,3969.0,5001.54
D02,PM-1002,2026-02-09,3214.0,3932.66
D02,PM-1002,2026-02-16,2501.0,3035.16
D02,PM-1002,2026-02-23,2840.0,3416.5
D02,PM-1002,2026-03-02,3683.0,4483.55
D02,PM-1002,2026-03-09,3414.0,4375.48
D02,PM-1002,2026-03-16,3127.0,3804.0
D02,PM-1002,2026-03-23,5097.0,6474.01
D02,PM-1002,2026-03-30,4342.0,5327.9
D02,PM-1002,2026-04-06,3833.0,4589.09
D02,PM-1002,2026-04-13,4037.0,5252.18
D02,PM-1002,2026-04-20,3773.0,4888.89
D02,PM-1002,2026-04-27,3274.0,4065.6099999999997
D02,PM-1002,2026-05-04,4638.0,5526.27
D02,PM-1002,2026-05-11,4536.0,5481.75
D02,PM-1002,2026-05-18,2979.0,3695.84
D02,PM-1002,2026-05-25,4157.0,5111.389999999999
D02,PM-1002,2026-06-01,4233.0,5444.92
D02,PM-1002,2026-06-08,3837.0,4616.13
D02,PM-1002,2026-06-15,5512.0,6890.01
D02,PM-1002,2026-06-22,5415.0,6919.469999999999
D02,PM-1003,2024-01-01,3569.0,1704.9
D02,PM-1003,2024-01-08,3543.0,1813.76
D02,PM-1003,2024-01-15,3488.0,1657.75
D02,PM-1003,2024-01-22,4009.0,2065.29
D02,PM-1003,2024-01-29,5410.0,2721.2
D02,PM-1003,2024-02-05,4768.0,2443.72
D02,PM-1003,2024-02-12,5271.0,2612.2599999999998
D02,PM-1003,2024-02-19,3650.0,1803.94
D02,PM-1003,2024-02-26,5158.0,2540.02
D02,PM-1003,2024-03-04,4192.0,2058.52
D02,PM-1003,2024-03-11,4743.0,2289.96
D02,PM-1003,2024-03-18,4424.0,2102.1
D02,PM-1003,2024-03-25,3960.0,2059.75
D02,PM-1003,2024-04-01,4686.0,2254.0
D02,PM-1003,2024-04-08,4563.0,2294.2
D02,PM-1003,2024-04-15,3280.0,1668.02
D02,PM-1003,2024-04-22,4228.0,1995.09
D02,PM-1003,2024-04-29,4942.0,2481.77
D02,PM-1003,2024-05-06,4545.0,2368.86
D02,PM-1003,2024-05-13,4700.0,2215.68
D02,PM-1003,2024-05-20,3928.0,1976.0300000000002
D02,PM-1003,2024-05-27,4581.0,2164.94
D02,PM-1003,2024-06-03,4352.0,2219.02
D02,PM-1003,2024-06-10,4285.0,2177.66
D02,PM-1003,2024-06-17,3988.0,1994.1
D02,PM-1003,2024-06-24,5057.0,2425.7
D02,PM-1003,2024-07-01,4631.0,2307.21
D02,PM-1003,2024-07-08,4544.0,2252.05
D02,PM-1003,2024-07-15,5931.0,3048.87
D02,PM-1003,2024-07-22,4655.0,2336.86
D02,PM-1003,2024-07-29,5158.0,2563.3500000000004
D02,PM-1003,2024-08-05,4456.0,2194.71
D02,PM-1003,2024-08-12,4024.0,1948.13
D02,PM-1003,2024-08-19,3589.0,1685.12
D02,PM-1003,2024-08-26,4323.0,2193.5
D02,PM-1003,2024-09-02,2770.0,1314.88
D02,PM-1003,2024-09-09,4262.0,2163.58
D02,PM-1003,2024-09-16,4248.0,2179.96
D02,PM-1003,2024-09-23,3884.0,1828.46
D02,PM-1003,2024-09-30,3920.0,2002.23
D02,PM-1003,2024-10-07,3265.0,1662.1
D02,PM-1003,2024-10-14,4807.0,2307.7200000000003
D02,PM-1003,2024-10-21,3683.0,1919.9299999999998
D02,PM-1003,2024-10-28,3324.0,1596.17
D02,PM-1003,2024-11-04,4147.0,2054.55
D02,PM-1003,2024-11-11,3865.0,1985.08
D02,PM-1003,2024-11-18,3587.0,1782.11
D02,PM-1003,2024-11-25,3519.0,1735.69
D02,PM-1003,2024-12-02,3763.0,1878.3700000000001
D02,PM-1003,2024-12-09,4606.0,2293.13
D02,PM-1003,2024-12-16,4041.0,2000.2
D02,PM-1003,2024-12-23,3754.0,1864.2
D02,PM-1003,2024-12-30,4301.0,2018.53
D02,PM-1003,2025-01-06,3817.0,1801.52
D02,PM-1003,2025-01-13,4059.0,2046.67
D02,PM-1003,2025-01-20,3934.0,1869.83
D02,PM-1003,2025-01-27,4232.0,2193.14
D02,PM-1003,2025-02-03,3653.0,1742.1000000000001
D02,PM-1003,2025-02-10,3320.0,1594.72
D02,PM-1003,2025-02-17,4554.0,2213.48
D02,PM-1003,2025-02-24,5029.0,2563.38
D02,PM-1003,2025-03-03,3439.0,1649.4699999999998
D02,PM-1003,2025-03-10,4202.0,2045.82
D02,PM-1003,2025-03-17,3861.0,1847.98
D02,PM-1003,2025-03-24,4760.0,2466.39
D02,PM-1003,2025-03-31,4365.0,2118.55
D02,PM-1003,2025-04-07,6989.0,3314.1800000000003
D02,PM-1003,2025-04-14,4088.0,1943.98
D02,PM-1003,2025-04-21,5425.0,2597.1000000000004
D02,PM-1003,2025-04-28,5541.0,2662.48
D02,PM-1003,2025-05-05,4724.0,2404.27
D02,PM-1003,2025-05-12,4405.0,2257.6800000000003
D02,PM-1003,2025-05-19,4460.0,2285.2999999999997
D02,PM-1003,2025-05-26,4415.0,2217.77
D02,PM-1003,2025-06-02,5234.0,2632.24
D02,PM-1003,2025-06-09,3876.0,1858.35
D02,PM-1003,2025-06-16,4310.0,2221.87
D02,PM-1003,2025-06-23,4226.0,2060.86
D02,PM-1003,2025-06-30,3394.0,1616.9499999999998
D02,PM-1003,2025-07-07,4983.0,2516.77
D02,PM-1003,2025-07-14,5114.0,2581.48
D02,PM-1003,2025-07-21,3942.0,2041.5800000000002
D02,PM-1003,2025-07-28,5028.0,2365.85
D02,PM-1003,2025-08-04,3373.0,1674.45
D02,PM-1003,2025-08-11,4258.0,2089.71
D02,PM-1003,2025-08-18,4128.0,1948.45
D02,PM-1003,2025-08-25,4224.0,1992.7800000000002
D02,PM-1003,2025-09-01,4182.0,1978.29
D02,PM-1003,2025-09-08,4044.0,2009.35
D02,PM-1003,2025-09-15,3823.0,1958.29
D02,PM-1003,2025-09-22,3948.0,1857.7
D02,PM-1003,2025-09-29,4877.0,2497.64
D02,PM-1003,2025-10-06,3611.0,1718.58
D02,PM-1003,2025-10-13,5477.0,2758.92
D02,PM-1003,2025-10-20,3522.0,1817.43
D02,PM-1003,2025-10-27,3987.0,2058.5
D02,PM-1003,2025-11-03,4163.0,1976.0700000000002
D02,PM-1003,2025-11-10,3638.0,1823.3200000000002
D02,PM-1003,2025-11-17,4657.0,2375.91
D02,PM-1003,2025-11-24,4095.0,2000.15
D02,PM-1003,2025-12-01,3652.0,1737.84
D02,PM-1003,2025-12-08,4623.0,2270.9700000000003
D02,PM-1003,2025-12-15,3234.0,1629.22
D02,PM-1003,2025-12-22,3466.0,1653.0
D02,PM-1003,2025-12-29,4118.0,1969.98
D02,PM-1003,2026-01-05,4287.0,2076.77
D02,PM-1003,2026-01-12,4011.0,1935.56
D02,PM-1003,2026-01-19,3773.0,1778.08
D02,PM-1003,2026-01-26,3730.0,1743.16
D02,PM-1003,2026-02-02,4627.0,2191.29
D02,PM-1003,2026-02-09,4083.0,2052.07
D02,PM-1003,2026-02-16,3487.0,1630.29
D02,PM-1003,2026-02-23,3490.0,1658.23
D02,PM-1003,2026-03-02,5084.0,2520.95
D02,PM-1003,2026-03-09,3673.0,1768.57
D02,PM-1003,2026-03-16,4303.0,2151.88
D02,PM-1003,2026-03-23,5106.0,2474.25
D02,PM-1003,2026-03-30,4563.0,2326.67
D02,PM-1003,2026-04-06,3787.0,1874.39
D02,PM-1003,2026-04-13,3672.0,1866.47
D02,PM-1003,2026-04-20,5703.0,2820.82
D02,PM-1003,2026-04-27,3709.0,1873.18
D02,PM-1003,2026-05-04,4013.0,2058.6
D02,PM-1003,2026-05-11,4632.0,2244.72
D02,PM-1003,2026-05-18,4255.0,2069.85
D02,PM-1003,2026-05-25,4805.0,2455.48
D02,PM-1003,2026-06-01,3543.0,1673.97
D02,PM-1003,2026-06-08,4281.0,2215.92
D02,PM-1003,2026-06-15,4888.0,2483.29
D02,PM-1003,2026-06-22,4883.0,2377.29
D02,PM-1004,2024-01-01,1996.0,2312.42
D02,PM-1004,2024-01-08,2812.0,3230.93
D02,PM-1004,2024-01-15,2166.0,2531.63
D02,PM-1004,2024-01-22,2395.0,2881.7599999999998
D02,PM-1004,2024-01-29,1981.0,2388.32
D02,PM-1004,2024-02-05,2925.0,3230.48
D02,PM-1004,2024-02-12,2076.0,2430.39
D02,PM-1004,2024-02-19,2255.0,2495.13
D02,PM-1004,2024-02-26,2301.0,2702.61
D02,PM-1004,2024-03-04,2699.0,2952.6400000000003
D02,PM-1004,2024-03-11,2713.0,3006.4
D02,PM-1004,2024-03-18,3168.0,3746.41
D02,PM-1004,2024-03-25,2787.0,3285.87
D02,PM-1004,2024-04-01,3302.0,3763.6800000000003
D02,PM-1004,2024-04-08,3050.0,3581.2
D02,PM-1004,2024-04-15,2520.0,2899.92
D02,PM-1004,2024-04-22,2647.0,3003.1
D02,PM-1004,2024-04-29,3693.0,4128.65
D02,PM-1004,2024-05-06,3560.0,3882.5699999999997
D02,PM-1004,2024-05-13,3366.0,3826.49
D02,PM-1004,2024-05-20,3446.0,4048.51
D02,PM-1004,2024-05-27,3210.0,3632.48
D02,PM-1004,2024-06-03,3153.0,3743.05
D02,PM-1004,2024-06-10,3023.0,3417.9100000000003
D02,PM-1004,2024-06-17,3869.0,4544.82
D02,PM-1004,2024-06-24,2792.0,3315.35
D02,PM-1004,2024-07-01,3096.0,3375.49
D02,PM-1004,2024-07-08,2302.0,2628.1400000000003
D02,PM-1004,2024-07-15,2389.0,2758.6800000000003
D02,PM-1004,2024-07-22,3866.0,4212.9400000000005
D02,PM-1004,2024-07-29,3209.0,3740.22
D02,PM-1004,2024-08-05,2813.0,3276.27
D02,PM-1004,2024-08-12,2915.0,3506.11
D02,PM-1004,2024-08-19,2330.0,2639.0299999999997
D02,PM-1004,2024-08-26,2655.0,3075.8199999999997
D02,PM-1004,2024-09-02,2254.0,2652.16
D02,PM-1004,2024-09-09,2658.0,3198.6800000000003
D02,PM-1004,2024-09-16,3047.0,3618.69
D02,PM-1004,2024-09-23,2917.0,3502.51
D02,PM-1004,2024-09-30,3426.0,3746.75
D02,PM-1004,2024-10-07,2796.0,3223.56
D02,PM-1004,2024-10-14,1828.0,2068.39
D02,PM-1004,2024-10-21,3525.0,3876.42
D02,PM-1004,2024-10-28,2302.0,2611.96
D02,PM-1004,2024-11-04,2659.0,3132.14
D02,PM-1004,2024-11-11,2621.0,2867.99
D02,PM-1004,2024-11-18,2665.0,2938.8900000000003
D02,PM-1004,2024-11-25,2581.0,2805.1
D02,PM-1004,2024-12-02,2583.0,2998.4900000000002
D02,PM-1004,2024-12-09,2096.0,2333.4700000000003
D02,PM-1004,2024-12-16,3770.0,4182.62
D02,PM-1004,2024-12-23,2825.0,3331.06
D02,PM-1004,2024-12-30,2590.0,3039.7
D02,PM-1004,2025-01-06,3403.0,3998.12
D02,PM-1004,2025-01-13,2210.0,2453.4
D02,PM-1004,2025-01-20,2975.0,3511.54
D02,PM-1004,2025-01-27,2421.0,2714.55
D02,PM-1004,2025-02-03,2817.0,3372.29
D02,PM-1004,2025-02-10,2851.0,3402.74
D02,PM-1004,2025-02-17,1901.0,2262.75
D02,PM-1004,2025-02-24,2198.0,2465.1
D02,PM-1004,2025-03-03,3491.0,3793.92
D02,PM-1004,2025-03-10,2675.0,2982.0299999999997
D02,PM-1004,2025-03-17,3787.0,4583.65
D02,PM-1004,2025-03-24,3446.0,3833.43
D02,PM-1004,2025-03-31,2764.0,3160.37
D02,PM-1004,2025-04-07,2751.0,3044.33
D02,PM-1004,2025-04-14,3719.0,4184.92
D02,PM-1004,2025-04-21,4010.0,4599.95
D02,PM-1004,2025-04-28,2821.0,3283.5699999999997
D02,PM-1004,2025-05-05,3729.0,4163.54
D02,PM-1004,2025-05-12,3472.0,4005.15
D02,PM-1004,2025-05-19,3576.0,3894.38
D02,PM-1004,2025-05-26,3040.0,3596.7
D02,PM-1004,2025-06-02,2711.0,3037.94
D02,PM-1004,2025-06-09,2561.0,2934.02
D02,PM-1004,2025-06-16,2466.0,2931.2799999999997
D02,PM-1004,2025-06-23,3988.0,4733.08
D02,PM-1004,2025-06-30,2991.0,3368.8999999999996
D02,PM-1004,2025-07-07,2506.0,2744.14
D02,PM-1004,2025-07-14,3441.0,3960.23
D02,PM-1004,2025-07-21,2740.0,3287.59
D02,PM-1004,2025-07-28,2653.0,3116.23
D02,PM-1004,2025-08-04,3961.0,4511.39
D02,PM-1004,2025-08-11,2360.0,2683.55
D02,PM-1004,2025-08-18,2959.0,3554.56
D02,PM-1004,2025-08-25,2591.0,3110.91
D02,PM-1004,2025-09-01,2506.0,2832.62
D02,PM-1004,2025-09-08,2230.0,2528.4
D02,PM-1004,2025-09-15,2776.0,3347.12
D02,PM-1004,2025-09-22,2390.0,2712.57
D02,PM-1004,2025-09-29,2950.0,3535.2
D02,PM-1004,2025-10-06,2656.0,2951.34
D02,PM-1004,2025-10-13,2530.0,2881.61
D02,PM-1004,2025-10-20,2309.0,2691.05
D02,PM-1004,2025-10-27,3237.0,3822.79
D02,PM-1004,2025-11-03,2898.0,3312.8
D02,PM-1004,2025-11-10,2331.0,2694.8
D02,PM-1004,2025-11-17,2096.0,2466.62
D02,PM-1004,2025-11-24,1930.0,2120.69
D02,PM-1004,2025-12-01,3033.0,3422.51
D02,PM-1004,2025-12-08,2929.0,3538.84
D02,PM-1004,2025-12-15,2992.0,3340.17
D02,PM-1004,2025-12-22,2517.0,2887.07
D02,PM-1004,2025-12-29,2901.0,3490.7
D02,PM-1004,2026-01-05,3011.0,3476.98
D02,PM-1004,2026-01-12,2568.0,2958.09
D02,PM-1004,2026-01-19,2475.0,2709.39
D02,PM-1004,2026-01-26,2272.0,2725.5
D02,PM-1004,2026-02-02,2827.0,3088.63
D02,PM-1004,2026-02-09,2909.0,3166.42
D02,PM-1004,2026-02-16,2540.0,2993.51
D02,PM-1004,2026-02-23,2609.0,2923.86
D02,PM-1004,2026-03-02,2663.0,3149.52
D02,PM-1004,2026-03-09,3128.0,3631.9
D02,PM-1004,2026-03-16,2282.0,2546.56
D02,PM-1004,2026-03-23,2399.0,2626.41
D02,PM-1004,2026-03-30,2428.0,2719.85
D02,PM-1004,2026-04-06,2818.0,3301.7599999999998
D02,PM-1004,2026-04-13,3045.0,3339.8500000000004
D02,PM-1004,2026-04-20,2492.0,2997.09
D02,PM-1004,2026-04-27,3375.0,4025.83
D02,PM-1004,2026-05-04,3687.0,4244.71
D02,PM-1004,2026-05-11,3165.0,3592.4300000000003
D02,PM-1004,2026-05-18,3534.0,4260.03
D02,PM-1004,2026-05-25,2610.0,2894.0
D02,PM-1004,2026-06-01,2623.0,2851.89
D02,PM-1004,2026-06-08,3241.0,3846.07
D02,PM-1004,2026-06-15,2982.0,3474.79
D02,PM-1004,2026-06-22,2618.0,2972.79
D02,PM-1005,2024-01-01,1090.0,585.13
D02,PM-1005,2024-01-08,1295.0,717.65
D02,PM-1005,2024-01-15,1084.0,595.67
D02,PM-1005,2024-01-22,1720.0,938.3
D02,PM-1005,2024-01-29,1373.0,741.83
D02,PM-1005,2024-02-05,1867.0,1025.53
D02,PM-1005,2024-02-12,1289.0,699.94
D02,PM-1005,2024-02-19,1271.0,637.04
D02,PM-1005,2024-02-26,1532.0,833.74
D02,PM-1005,2024-03-04,1361.0,716.73
D02,PM-1005,2024-03-11,1654.0,850.28
D02,PM-1005,2024-03-18,1790.0,907.28
D02,PM-1005,2024-03-25,1718.0,910.3199999999999
D02,PM-1005,2024-04-01,1804.0,992.24
D02,PM-1005,2024-04-08,1676.0,928.66
D02,PM-1005,2024-04-15,1376.0,722.21
D02,PM-1005,2024-04-22,1786.0,921.45
D02,PM-1005,2024-04-29,1682.0,922.44
D02,PM-1005,2024-05-06,1389.0,717.87
D02,PM-1005,2024-05-13,1422.0,724.41
D02,PM-1005,2024-05-20,1515.0,772.89
D02,PM-1005,2024-05-27,1820.0,985.02
D02,PM-1005,2024-06-03,1570.0,829.4599999999999
D02,PM-1005,2024-06-10,1542.0,804.5
D02,PM-1005,2024-06-17,1506.0,758.79
D02,PM-1005,2024-06-24,1461.0,736.03
D02,PM-1005,2024-07-01,1290.0,645.6800000000001
D02,PM-1005,2024-07-08,1724.0,941.09
D02,PM-1005,2024-07-15,1308.0,659.8199999999999
D02,PM-1005,2024-07-22,1530.0,831.19
D02,PM-1005,2024-07-29,1416.0,723.72
D02,PM-1005,2024-08-05,1676.0,889.2
D02,PM-1005,2024-08-12,1408.0,716.6400000000001
D02,PM-1005,2024-08-19,1264.0,631.76
D02,PM-1005,2024-08-26,1690.0,879.4200000000001
D02,PM-1005,2024-09-02,1275.0,663.0699999999999
D02,PM-1005,2024-09-09,1463.0,780.14
D02,PM-1005,2024-09-16,1713.0,931.3900000000001
D02,PM-1005,2024-09-23,1256.0,696.94
D02,PM-1005,2024-09-30,1367.0,733.16
D02,PM-1005,2024-10-07,1290.0,669.47
D02,PM-1005,2024-10-14,1391.0,766.37
D02,PM-1005,2024-10-21,1340.0,730.6
D02,PM-1005,2024-10-28,1543.0,815.8199999999999
D02,PM-1005,2024-11-04,1216.0,659.6600000000001
D02,PM-1005,2024-11-11,1608.0,811.34
D02,PM-1005,2024-11-18,1682.0,896.4
D02,PM-1005,2024-11-25,1370.0,738.95
D02,PM-1005,2024-12-02,1169.0,596.28
D02,PM-1005,2024-12-09,1307.0,707.2
D02,PM-1005,2024-12-16,1291.0,712.81
D02,PM-1005,2024-12-23,1720.0,862.1999999999999
D02,PM-1005,2024-12-30,1302.0,666.89
D02,PM-1005,2025-01-06,1634.0,862.51
D02,PM-1005,2025-01-13,1358.0,717.1600000000001
D02,PM-1005,2025-01-20,1353.0,744.77
D02,PM-1005,2025-01-27,1283.0,644.24
D02,PM-1005,2025-02-03,1312.0,701.56
D02,PM-1005,2025-02-10,1573.0,834.02
D02,PM-1005,2025-02-17,1245.0,665.71
D02,PM-1005,2025-02-24,1619.0,895.76
D02,PM-1005,2025-03-03,1757.0,943.9
D02,PM-1005,2025-03-10,1308.0,690.0799999999999
D02,PM-1005,2025-03-17,1730.0,875.98
D02,PM-1005,2025-03-24,1705.0,892.4
D02,PM-1005,2025-03-31,1674.0,881.71
D02,PM-1005,2025-04-07,1347.0,675.96
D02,PM-1005,2025-04-14,1468.0,763.5799999999999
D02,PM-1005,2025-04-21,1478.0,788.5
D02,PM-1005,2025-04-28,2073.0,1150.39
D02,PM-1005,2025-05-05,1521.0,847.59
D02,PM-1005,2025-05-12,1489.0,794.7
D02,PM-1005,2025-05-19,1293.0,652.06
D02,PM-1005,2025-05-26,1331.0,694.99
D02,PM-1005,2025-06-02,1392.0,716.91
D02,PM-1005,2025-06-09,1630.0,837.92
D02,PM-1005,2025-06-16,1246.0,694.21
D02,PM-1005,2025-06-23,1394.0,701.9399999999999
D02,PM-1005,2025-06-30,1162.0,596.0799999999999
D02,PM-1005,2025-07-07,1889.0,972.83
D02,PM-1005,2025-07-14,1548.0,830.96
D02,PM-1005,2025-07-21,1587.0,879.53
D02,PM-1005,2025-07-28,1278.0,645.9
D02,PM-1005,2025-08-04,1778.0,913.57
D02,PM-1005,2025-08-11,1857.0,973.67
D02,PM-1005,2025-08-18,1485.0,792.47
D02,PM-1005,2025-08-25,1356.0,690.45
D02,PM-1005,2025-09-01,1568.0,804.4300000000001
D02,PM-1005,2025-09-08,1596.0,853.16
D02,PM-1005,2025-09-15,1613.0,814.63
D02,PM-1005,2025-09-22,1549.0,813.13
D02,PM-1005,2025-09-29,1605.0,861.7
D02,PM-1005,2025-10-06,1240.0,626.52
D02,PM-1005,2025-10-13,1564.0,817.27
D02,PM-1005,2025-10-20,1264.0,634.35
D02,PM-1005,2025-10-27,922.0,494.0
D02,PM-1005,2025-11-03,1246.0,631.33
D02,PM-1005,2025-11-10,1222.0,615.72
D02,PM-1005,2025-11-17,1371.0,762.35
D02,PM-1005,2025-11-24,1495.0,761.86
D02,PM-1005,2025-12-01,1354.0,729.01
D02,PM-1005,2025-12-08,1777.0,949.53
D02,PM-1005,2025-12-15,1216.0,617.5
D02,PM-1005,2025-12-22,978.0,532.69
D02,PM-1005,2025-12-29,1379.0,759.9599999999999
D02,PM-1005,2026-01-05,1224.0,643.08
D02,PM-1005,2026-01-12,1134.0,607.09
D02,PM-1005,2026-01-19,1285.0,648.57
D02,PM-1005,2026-01-26,1203.0,633.23
D02,PM-1005,2026-02-02,1231.0,640.8100000000001
D02,PM-1005,2026-02-09,1729.0,871.53
D02,PM-1005,2026-02-16,1415.0,729.22
D02,PM-1005,2026-02-23,1347.0,750.9200000000001
D02,PM-1005,2026-03-02,1799.0,978.28
D02,PM-1005,2026-03-09,1367.0,702.79
D02,PM-1005,2026-03-16,1200.0,640.21
D02,PM-1005,2026-03-23,1194.0,611.0
D02,PM-1005,2026-03-30,1452.0,793.18
D02,PM-1005,2026-04-06,1159.0,634.96
D02,PM-1005,2026-04-13,1253.0,671.08
D02,PM-1005,2026-04-20,1421.0,719.47
D02,PM-1005,2026-04-27,1795.0,907.89
D02,PM-1005,2026-05-04,1849.0,1020.53
D02,PM-1005,2026-05-11,1690.0,906.54
D02,PM-1005,2026-05-18,1535.0,820.2099999999999
D02,PM-1005,2026-05-25,1414.0,721.01
D02,PM-1005,2026-06-01,1635.0,862.96
D02,PM-1005,2026-06-08,2017.0,1115.91
D02,PM-1005,2026-06-15,1576.0,873.75
D02,PM-1005,2026-06-22,1437.0,771.54
D02,PM-1006,2024-01-01,4289.0,3188.46
D02,PM-1006,2024-01-08,3130.0,2433.1800000000003
D02,PM-1006,2024-01-15,2723.0,2071.05
D02,PM-1006,2024-01-22,3185.0,2463.24
D02,PM-1006,2024-01-29,3439.0,2572.88
D02,PM-1006,2024-02-05,3553.0,2823.14
D02,PM-1006,2024-02-12,4221.0,3417.5099999999998
D02,PM-1006,2024-02-19,3832.0,2939.49
D02,PM-1006,2024-02-26,4003.0,3234.74
D02,PM-1006,2024-03-04,3399.0,2478.25
D02,PM-1006,2024-03-11,3387.0,2532.26
D02,PM-1006,2024-03-18,4164.0,3217.16
D02,PM-1006,2024-03-25,3851.0,3064.04
D02,PM-1006,2024-04-01,4218.0,3360.24
D02,PM-1006,2024-04-08,4613.0,3661.3399999999997
D02,PM-1006,2024-04-15,5480.0,4062.04
D02,PM-1006,2024-04-22,4303.0,3189.06
D02,PM-1006,2024-04-29,5702.0,4568.9800000000005
D02,PM-1006,2024-05-06,4643.0,3540.26
D02,PM-1006,2024-05-13,4868.0,3709.9399999999996
D02,PM-1006,2024-05-20,5159.0,3833.0699999999997
D02,PM-1006,2024-05-27,4921.0,3629.4399999999996
D02,PM-1006,2024-06-03,3923.0,2859.53
D02,PM-1006,2024-06-10,5208.0,4200.129999999999
D02,PM-1006,2024-06-17,4183.0,3347.94
D02,PM-1006,2024-06-24,4622.0,3563.68
D02,PM-1006,2024-07-01,4494.0,3508.83
D02,PM-1006,2024-07-08,5211.0,3977.3
D02,PM-1006,2024-07-15,4634.0,3490.9
D02,PM-1006,2024-07-22,3529.0,2577.31
D02,PM-1006,2024-07-29,5907.0,4337.200000000001
D02,PM-1006,2024-08-05,4857.0,3910.33
D02,PM-1006,2024-08-12,3914.0,3044.15
D02,PM-1006,2024-08-19,3554.0,2867.82
D02,PM-1006,2024-08-26,4817.0,3651.87
D02,PM-1006,2024-09-02,3552.0,2834.58
D02,PM-1006,2024-09-09,4622.0,3582.4399999999996
D02,PM-1006,2024-09-16,4765.0,3488.23
D02,PM-1006,2024-09-23,3647.0,2669.33
D02,PM-1006,2024-09-30,3565.0,2864.8
D02,PM-1006,2024-10-07,3678.0,2715.25
D02,PM-1006,2024-10-14,3373.0,2575.44
D02,PM-1006,2024-10-21,4017.0,3032.58
D02,PM-1006,2024-10-28,4075.0,3257.84
D02,PM-1006,2024-11-04,4271.0,3287.48
D02,PM-1006,2024-11-11,3361.0,2506.81
D02,PM-1006,2024-11-18,4302.0,3211.74
D02,PM-1006,2024-11-25,3260.0,2587.1400000000003
D02,PM-1006,2024-12-02,4280.0,3132.13
D02,PM-1006,2024-12-09,3017.0,2440.42
D02,PM-1006,2024-12-16,4774.0,3859.02
D02,PM-1006,2024-12-23,3496.0,2663.42
D02,PM-1006,2024-12-30,4149.0,3257.51
D02,PM-1006,2025-01-06,4217.0,3410.2000000000003
D02,PM-1006,2025-01-13,3165.0,2502.67
D02,PM-1006,2025-01-20,4368.0,3536.92
D02,PM-1006,2025-01-27,3574.0,2620.3500000000004
D02,PM-1006,2025-02-03,3737.0,2757.71
D02,PM-1006,2025-02-10,3569.0,2847.33
D02,PM-1006,2025-02-17,5073.0,4087.99
D02,PM-1006,2025-02-24,3373.0,2584.15
D02,PM-1006,2025-03-03,4330.0,3333.87
D02,PM-1006,2025-03-10,3733.0,2743.16
D02,PM-1006,2025-03-17,4874.0,3859.67
D02,PM-1006,2025-03-24,5917.0,4681.93
D02,PM-1006,2025-03-31,3835.0,2828.13
D02,PM-1006,2025-04-07,4342.0,3275.44
D02,PM-1006,2025-04-14,4045.0,2969.6800000000003
D02,PM-1006,2025-04-21,5044.0,4004.26
D02,PM-1006,2025-04-28,4185.0,3051.09
D02,PM-1006,2025-05-05,5004.0,4038.29
D02,PM-1006,2025-05-12,4135.0,3109.79
D02,PM-1006,2025-05-19,6168.0,4961.43
D02,PM-1006,2025-05-26,3180.0,2496.9500000000003
D02,PM-1006,2025-06-02,4682.0,3519.5299999999997
D02,PM-1006,2025-06-09,4420.0,3314.22
D02,PM-1006,2025-06-16,4394.0,3410.06
D02,PM-1006,2025-06-23,4610.0,3450.23
D02,PM-1006,2025-06-30,4444.0,3487.26
D02,PM-1006,2025-07-07,4536.0,3512.1099999999997
D02,PM-1006,2025-07-14,4645.0,3767.32
D02,PM-1006,2025-07-21,5648.0,4560.53
D02,PM-1006,2025-07-28,2851.0,2204.33
D02,PM-1006,2025-08-04,5653.0,4377.76
D02,PM-1006,2025-08-11,6241.0,4807.34
D02,PM-1006,2025-08-18,3241.0,2391.74
D02,PM-1006,2025-08-25,4207.0,3290.94
D02,PM-1006,2025-09-01,5084.0,4029.12
D02,PM-1006,2025-09-08,4704.0,3744.02
D02,PM-1006,2025-09-15,5220.0,3995.62
D02,PM-1006,2025-09-22,4251.0,3279.48
D02,PM-1006,2025-09-29,2936.0,2241.38
D02,PM-1006,2025-10-06,4800.0,3622.71
D02,PM-1006,2025-10-13,4304.0,3308.2599999999998
D02,PM-1006,2025-10-20,4836.0,3820.94
D02,PM-1006,2025-10-27,3061.0,2315.3
D02,PM-1006,2025-11-03,3191.0,2384.94
D02,PM-1006,2025-11-10,3818.0,2991.3199999999997
D02,PM-1006,2025-11-17,4632.0,3404.35
D02,PM-1006,2025-11-24,4814.0,3824.51
D02,PM-1006,2025-12-01,3384.0,2692.21
D02,PM-1006,2025-12-08,3548.0,2668.55
D02,PM-1006,2025-12-15,5805.0,4241.81
D02,PM-1006,2025-12-22,3480.0,2654.14
D02,PM-1006,2025-12-29,4197.0,3401.4300000000003
D02,PM-1006,2026-01-05,3559.0,2879.18
D02,PM-1006,2026-01-12,4112.0,3165.7599999999998
D02,PM-1006,2026-01-19,3384.0,2571.63
D02,PM-1006,2026-01-26,3423.0,2668.58
D02,PM-1006,2026-02-02,3701.0,2908.06
D02,PM-1006,2026-02-09,3637.0,2873.7000000000003
D02,PM-1006,2026-02-16,3805.0,3002.65
D02,PM-1006,2026-02-23,4350.0,3421.04
D02,PM-1006,2026-03-02,5390.0,4172.53
D02,PM-1006,2026-03-09,3751.0,2800.94
D02,PM-1006,2026-03-16,3568.0,2719.75
D02,PM-1006,2026-03-23,4183.0,3253.04
D02,PM-1006,2026-03-30,3710.0,2737.45
D02,PM-1006,2026-04-06,3327.0,2621.83
D02,PM-1006,2026-04-13,5027.0,3696.33
D02,PM-1006,2026-04-20,4369.0,3271.26
D02,PM-1006,2026-04-27,4462.0,3467.13
D02,PM-1006,2026-05-04,3272.0,2492.68
D02,PM-1006,2026-05-11,4021.0,3148.86
D02,PM-1006,2026-05-18,3563.0,2709.61
D02,PM-1006,2026-05-25,4404.0,3280.4100000000003
D02,PM-1006,2026-06-01,4514.0,3431.65
D02,PM-1006,2026-06-08,4516.0,3310.9800000000005
D02,PM-1006,2026-06-15,4003.0,3005.43
D02,PM-1006,2026-06-22,3887.0,3084.13
D02,PM-1007,2024-01-01,2747.0,2848.29
D02,PM-1007,2024-01-08,3068.0,3033.59
D02,PM-1007,2024-01-15,3242.0,3297.49
D02,PM-1007,2024-01-22,2535.0,2544.92
D02,PM-1007,2024-01-29,3213.0,3493.8
D02,PM-1007,2024-02-05,2168.0,2254.95
D02,PM-1007,2024-02-12,3208.0,3289.7
D02,PM-1007,2024-02-19,2323.0,2315.88
D02,PM-1007,2024-02-26,3066.0,3161.81
D02,PM-1007,2024-03-04,3430.0,3449.11
D02,PM-1007,2024-03-11,3340.0,3346.02
D02,PM-1007,2024-03-18,2308.0,2445.51
D02,PM-1007,2024-03-25,2786.0,2952.4
D02,PM-1007,2024-04-01,3348.0,3461.4799999999996
D02,PM-1007,2024-04-08,3362.0,3315.67
D02,PM-1007,2024-04-15,3185.0,3464.27
D02,PM-1007,2024-04-22,2213.0,2322.71
D02,PM-1007,2024-04-29,3709.0,3949.61
D02,PM-1007,2024-05-06,3830.0,3833.0400000000004
D02,PM-1007,2024-05-13,3208.0,3247.0
D02,PM-1007,2024-05-20,3252.0,3309.83
D02,PM-1007,2024-05-27,3397.0,3510.73
D02,PM-1007,2024-06-03,3928.0,3916.41
D02,PM-1007,2024-06-10,3278.0,3318.5899999999997
D02,PM-1007,2024-06-17,3066.0,3184.91
D02,PM-1007,2024-06-24,3336.0,3437.34
D02,PM-1007,2024-07-01,3137.0,3314.3599999999997
D02,PM-1007,2024-07-08,3131.0,3372.75
D02,PM-1007,2024-07-15,2391.0,2601.14
D02,PM-1007,2024-07-22,3351.0,3465.77
D02,PM-1007,2024-07-29,3670.0,3589.41
D02,PM-1007,2024-08-05,3562.0,3843.05
D02,PM-1007,2024-08-12,3497.0,3521.22
D02,PM-1007,2024-08-19,2983.0,3019.7
D02,PM-1007,2024-08-26,3045.0,3190.77
D02,PM-1007,2024-09-02,3529.0,3831.2
D02,PM-1007,2024-09-09,3330.0,3544.0299999999997
D02,PM-1007,2024-09-16,3618.0,3625.95
D02,PM-1007,2024-09-23,2592.0,2575.17
D02,PM-1007,2024-09-30,2565.0,2527.79
D02,PM-1007,2024-10-07,2678.0,2780.4
D02,PM-1007,2024-10-14,2422.0,2496.67
D02,PM-1007,2024-10-21,2271.0,2388.75
D02,PM-1007,2024-10-28,2949.0,2952.68
D02,PM-1007,2024-11-04,2900.0,2931.8799999999997
D02,PM-1007,2024-11-11,2819.0,2850.75
D02,PM-1007,2024-11-18,2852.0,2895.04
D02,PM-1007,2024-11-25,2165.0,2298.56
D02,PM-1007,2024-12-02,2504.0,2714.15
D02,PM-1007,2024-12-09,2574.0,2749.92
D02,PM-1007,2024-12-16,2711.0,2876.94
D02,PM-1007,2024-12-23,2166.0,2259.87
D02,PM-1007,2024-12-30,2353.0,2475.55
D02,PM-1007,2025-01-06,2544.0,2716.42
D02,PM-1007,2025-01-13,3201.0,3285.92
D02,PM-1007,2025-01-20,2858.0,2977.85
D02,PM-1007,2025-01-27,3227.0,3510.69
D02,PM-1007,2025-02-03,2740.0,2683.7
D02,PM-1007,2025-02-10,2815.0,2908.4
D02,PM-1007,2025-02-17,3061.0,3145.6
D02,PM-1007,2025-02-24,2792.0,2759.3599999999997
D02,PM-1007,2025-03-03,2636.0,2867.92
D02,PM-1007,2025-03-10,2338.0,2511.78
D02,PM-1007,2025-03-17,2698.0,2857.84
D02,PM-1007,2025-03-24,3378.0,3507.52
D02,PM-1007,2025-03-31,3632.0,3759.97
D02,PM-1007,2025-04-07,2700.0,2655.28
D02,PM-1007,2025-04-14,2356.0,2357.54
D02,PM-1007,2025-04-21,3538.0,3634.92
D02,PM-1007,2025-04-28,3131.0,3347.88
D02,PM-1007,2025-05-05,2546.0,2643.05
D02,PM-1007,2025-05-12,1963.0,1946.76
D02,PM-1007,2025-05-19,2719.0,2660.77
D02,PM-1007,2025-05-26,2939.0,3118.2799999999997
D02,PM-1007,2025-06-02,2655.0,2675.65
D02,PM-1007,2025-06-09,3503.0,3550.8
D02,PM-1007,2025-06-16,2794.0,3041.1800000000003
D02,PM-1007,2025-06-23,3156.0,3409.01
D02,PM-1007,2025-06-30,4486.0,4575.02
D02,PM-1007,2025-07-07,3186.0,3176.83
D02,PM-1007,2025-07-14,3062.0,3180.95
D02,PM-1007,2025-07-21,3056.0,3084.09
D02,PM-1007,2025-07-28,3404.0,3487.69
D02,PM-1007,2025-08-04,3317.0,3502.9800000000005
D02,PM-1007,2025-08-11,2608.0,2642.14
D02,PM-1007,2025-08-18,2827.0,3039.86
D02,PM-1007,2025-08-25,2696.0,2918.71
D02,PM-1007,2025-09-01,2829.0,2930.95
D02,PM-1007,2025-09-08,3845.0,3814.99
D02,PM-1007,2025-09-15,3176.0,3123.21
D02,PM-1007,2025-09-22,2833.0,2900.51
D02,PM-1007,2025-09-29,3424.0,3674.51
D02,PM-1007,2025-10-06,2895.0,2849.74
D02,PM-1007,2025-10-13,2183.0,2167.95
D02,PM-1007,2025-10-20,3553.0,3511.5499999999997
D02,PM-1007,2025-10-27,2685.0,2673.73
D02,PM-1007,2025-11-03,1947.0,2081.92
D02,PM-1007,2025-11-10,2137.0,2178.9900000000002
D02,PM-1007,2025-11-17,3203.0,3346.67
D02,PM-1007,2025-11-24,2126.0,2222.56
D02,PM-1007,2025-12-01,3295.0,3456.06
D02,PM-1007,2025-12-08,2722.0,2745.9900000000002
D02,PM-1007,2025-12-15,2995.0,2969.93
D02,PM-1007,2025-12-22,2594.0,2807.6800000000003
D02,PM-1007,2025-12-29,2926.0,3066.11
D02,PM-1007,2026-01-05,2848.0,2933.9700000000003
D02,PM-1007,2026-01-12,2715.0,2667.04
D02,PM-1007,2026-01-19,2342.0,2511.1600000000003
D02,PM-1007,2026-01-26,2921.0,3037.59
D02,PM-1007,2026-02-02,2125.0,2082.0
D02,PM-1007,2026-02-09,3237.0,3452.43
D02,PM-1007,2026-02-16,2926.0,3083.24
D02,PM-1007,2026-02-23,3074.0,3166.41
D02,PM-1007,2026-03-02,1955.0,2131.66
D02,PM-1007,2026-03-09,2469.0,2550.52
D02,PM-1007,2026-03-16,2736.0,2787.98
D02,PM-1007,2026-03-23,3296.0,3353.69
D02,PM-1007,2026-03-30,2610.0,2757.57
D02,PM-1007,2026-04-06,4444.0,4648.8
D02,PM-1007,2026-04-13,2938.0,3040.44
D02,PM-1007,2026-04-20,2643.0,2625.54
D02,PM-1007,2026-04-27,3013.0,3014.93
D02,PM-1007,2026-05-04,2702.0,2896.71
D02,PM-1007,2026-05-11,2621.0,2849.67
D02,PM-1007,2026-05-18,3657.0,3765.25
D02,PM-1007,2026-05-25,3403.0,3505.5499999999997
D02,PM-1007,2026-06-01,3410.0,3661.85
D02,PM-1007,2026-06-08,3824.0,4006.5599999999995
D02,PM-1007,2026-06-15,3395.0,3409.42
D02,PM-1007,2026-06-22,2684.0,2743.2599999999998
D02,PW-1030,2024-01-01,405.0,885.1200000000001
D02,PW-1030,2024-01-08,770.0,1841.12
D02,PW-1030,2024-01-15,524.0,1241.83
D02,PW-1030,2024-01-22,459.0,1037.21
D02,PW-1030,2024-01-29,576.0,1308.09
D02,PW-1030,2024-02-05,378.0,870.65
D02,PW-1030,2024-02-12,525.0,1202.73
D02,PW-1030,2024-02-19,541.0,1179.08
D02,PW-1030,2024-02-26,467.0,1124.69
D02,PW-1030,2024-03-04,520.0,1212.12
D02,PW-1030,2024-03-11,726.0,1636.48
D02,PW-1030,2024-03-18,601.0,1335.5900000000001
D02,PW-1030,2024-03-25,628.0,1505.96
D02,PW-1030,2024-04-01,531.0,1187.48
D02,PW-1030,2024-04-08,495.0,1173.36
D02,PW-1030,2024-04-15,588.0,1327.89
D02,PW-1030,2024-04-22,426.0,958.32
D02,PW-1030,2024-04-29,526.0,1147.47
D02,PW-1030,2024-05-06,518.0,1183.32
D02,PW-1030,2024-05-13,463.0,1111.17
D02,PW-1030,2024-05-20,697.0,1640.72
D02,PW-1030,2024-05-27,623.0,1411.95
D02,PW-1030,2024-06-03,581.0,1296.4
D02,PW-1030,2024-06-10,707.0,1676.34
D02,PW-1030,2024-06-17,500.0,1083.25
D02,PW-1030,2024-06-24,523.0,1149.18
D02,PW-1030,2024-07-01,757.0,1752.1599999999999
D02,PW-1030,2024-07-08,899.0,2081.36
D02,PW-1030,2024-07-15,706.0,1656.96
D02,PW-1030,2024-07-22,681.0,1593.1399999999999
D02,PW-1030,2024-07-29,579.0,1302.14
D02,PW-1030,2024-08-05,578.0,1249.77
D02,PW-1030,2024-08-12,646.0,1499.94
D02,PW-1030,2024-08-19,762.0,1760.4
D02,PW-1030,2024-08-26,656.0,1509.69
D02,PW-1030,2024-09-02,705.0,1586.55
D02,PW-1030,2024-09-09,528.0,1159.22
D02,PW-1030,2024-09-16,660.0,1545.3200000000002
D02,PW-1030,2024-09-23,540.0,1228.05
D02,PW-1030,2024-09-30,605.0,1361.3
D02,PW-1030,2024-10-07,645.0,1492.76
D02,PW-1030,2024-10-14,539.0,1244.4499999999998
D02,PW-1030,2024-10-21,498.0,1084.68
D02,PW-1030,2024-10-28,609.0,1461.36
D02,PW-1030,2024-11-04,563.0,1269.69
D02,PW-1030,2024-11-11,584.0,1332.21
D02,PW-1030,2024-11-18,630.0,1456.64
D02,PW-1030,2024-11-25,694.0,1604.8600000000001
D02,PW-1030,2024-12-02,630.0,1435.77
D02,PW-1030,2024-12-09,618.0,1421.54
D02,PW-1030,2024-12-16,531.0,1276.91
D02,PW-1030,2024-12-23,545.0,1232.8000000000002
D02,PW-1030,2024-12-30,618.0,1404.68
D02,PW-1030,2025-01-06,550.0,1304.63
D02,PW-1030,2025-01-13,625.0,1362.09
D02,PW-1030,2025-01-20,521.0,1150.26
D02,PW-1030,2025-01-27,794.0,1875.24
D02,PW-1030,2025-02-03,618.0,1461.09
D02,PW-1030,2025-02-10,618.0,1394.58
D02,PW-1030,2025-02-17,570.0,1320.88
D02,PW-1030,2025-02-24,826.0,1949.94
D02,PW-1030,2025-03-03,520.0,1140.53
D02,PW-1030,2025-03-10,571.0,1368.44
D02,PW-1030,2025-03-17,729.0,1746.96
D02,PW-1030,2025-03-24,673.0,1454.68
D02,PW-1030,2025-03-31,602.0,1416.77
D02,PW-1030,2025-04-07,610.0,1338.23
D02,PW-1030,2025-04-14,640.0,1392.4499999999998
D02,PW-1030,2025-04-21,685.0,1489.33
D02,PW-1030,2025-04-28,859.0,1879.49
D02,PW-1030,2025-05-05,751.0,1648.84
D02,PW-1030,2025-05-12,804.0,1901.28
D02,PW-1030,2025-05-19,650.0,1501.26
D02,PW-1030,2025-05-26,753.0,1692.79
D02,PW-1030,2025-06-02,554.0,1205.13
D02,PW-1030,2025-06-09,720.0,1651.59
D02,PW-1030,2025-06-16,714.0,1719.4299999999998
D02,PW-1030,2025-06-23,922.0,2100.83
D02,PW-1030,2025-06-30,885.0,2126.63
D02,PW-1030,2025-07-07,673.0,1553.06
D02,PW-1030,2025-07-14,617.0,1379.47
D02,PW-1030,2025-07-21,617.0,1340.1399999999999
D02,PW-1030,2025-07-28,661.0,1582.17
D02,PW-1030,2025-08-04,835.0,1810.63
D02,PW-1030,2025-08-11,727.0,1585.78
D02,PW-1030,2025-08-18,733.0,1587.98
D02,PW-1030,2025-08-25,760.0,1705.97
D02,PW-1030,2025-09-01,576.0,1319.7
D02,PW-1030,2025-09-08,596.0,1430.63
D02,PW-1030,2025-09-15,711.0,1587.0900000000001
D02,PW-1030,2025-09-22,580.0,1290.54
D02,PW-1030,2025-09-29,515.0,1223.19
D02,PW-1030,2025-10-06,546.0,1201.07
D02,PW-1030,2025-10-13,747.0,1668.45
D02,PW-1030,2025-10-20,599.0,1334.5800000000002
D02,PW-1030,2025-10-27,652.0,1497.1699999999998
D02,PW-1030,2025-11-03,537.0,1174.73
D02,PW-1030,2025-11-10,662.0,1565.06
D02,PW-1030,2025-11-17,599.0,1404.96
D02,PW-1030,2025-11-24,666.0,1533.18
D02,PW-1030,2025-12-01,579.0,1313.9
D02,PW-1030,2025-12-08,672.0,1592.1999999999998
D02,PW-1030,2025-12-15,577.0,1311.31
D02,PW-1030,2025-12-22,619.0,1490.21
D02,PW-1030,2025-12-29,604.0,1425.3999999999999
D02,PW-1030,2026-01-05,636.0,1419.5
D02,PW-1030,2026-01-12,665.0,1589.3400000000001
D02,PW-1030,2026-01-19,597.0,1384.95
D02,PW-1030,2026-01-26,637.0,1378.89
D02,PW-1030,2026-02-02,673.0,1561.75
D02,PW-1030,2026-02-09,714.0,1617.95
D02,PW-1030,2026-02-16,661.0,1578.2
D02,PW-1030,2026-02-23,592.0,1420.55
D02,PW-1030,2026-03-02,692.0,1574.88
D02,PW-1030,2026-03-09,764.0,1748.8999999999999
D02,PW-1030,2026-03-16,572.0,1260.56
D02,PW-1030,2026-03-23,580.0,1340.38
D02,PW-1030,2026-03-30,647.0,1439.26
D02,PW-1030,2026-04-06,701.0,1598.87
D02,PW-1030,2026-04-13,524.0,1263.67
D02,PW-1030,2026-04-20,801.0,1923.0
D02,PW-1030,2026-04-27,721.0,1651.65
D02,PW-1030,2026-05-04,524.0,1196.52
D02,PW-1030,2026-05-11,635.0,1433.13
D02,PW-1030,2026-05-18,721.0,1569.4299999999998
D02,PW-1030,2026-05-25,581.0,1329.1100000000001
D02,PW-1030,2026-06-01,879.0,1945.31
D02,PW-1030,2026-06-08,783.0,1881.24
D02,PW-1030,2026-06-15,844.0,1877.42
D02,PW-1030,2026-06-22,653.0,1502.77
D02,PW-1031,2024-01-01,1342.0,6030.86
D02,PW-1031,2024-01-08,1161.0,4974.42
D02,PW-1031,2024-01-15,1379.0,6388.54
D02,PW-1031,2024-01-22,849.0,3615.19
D02,PW-1031,2024-01-29,1415.0,6286.08
D02,PW-1031,2024-02-05,1544.0,6908.15
D02,PW-1031,2024-02-12,1379.0,5902.51
D02,PW-1031,2024-02-19,1191.0,5454.21
D02,PW-1031,2024-02-26,1923.0,8812.58
D02,PW-1031,2024-03-04,1726.0,7362.34
D02,PW-1031,2024-03-11,1355.0,6268.2
D02,PW-1031,2024-03-18,1428.0,6512.209999999999
D02,PW-1031,2024-03-25,1115.0,4785.1
D02,PW-1031,2024-04-01,1630.0,6863.3
D02,PW-1031,2024-04-08,1249.0,5803.31
D02,PW-1031,2024-04-15,1712.0,7209.389999999999
D02,PW-1031,2024-04-22,1823.0,8391.039999999999
D02,PW-1031,2024-04-29,1560.0,6752.63
D02,PW-1031,2024-05-06,1354.0,6276.83
D02,PW-1031,2024-05-13,1928.0,8929.58
D02,PW-1031,2024-05-20,1608.0,7142.2
D02,PW-1031,2024-05-27,1637.0,7064.19
D02,PW-1031,2024-06-03,1409.0,5974.370000000001
D02,PW-1031,2024-06-10,1672.0,7521.81
D02,PW-1031,2024-06-17,1577.0,7255.74
D02,PW-1031,2024-06-24,1333.0,6044.58
D02,PW-1031,2024-07-01,1987.0,8340.73
D02,PW-1031,2024-07-08,2112.0,8826.009999999998
D02,PW-1031,2024-07-15,1884.0,8528.22
D02,PW-1031,2024-07-22,1836.0,7985.63
D02,PW-1031,2024-07-29,2090.0,8795.61
D02,PW-1031,2024-08-05,1363.0,6321.49
D02,PW-1031,2024-08-12,1353.0,5858.78
D02,PW-1031,2024-08-19,1480.0,6327.1900000000005
D02,PW-1031,2024-08-26,1635.0,6979.8
D02,PW-1031,2024-09-02,1485.0,6291.63
D02,PW-1031,2024-09-09,1321.0,5809.35
D02,PW-1031,2024-09-16,1529.0,6816.85
D02,PW-1031,2024-09-23,1494.0,6808.46
D02,PW-1031,2024-09-30,1706.0,7893.449999999999
D02,PW-1031,2024-10-07,1503.0,6980.83
D02,PW-1031,2024-10-14,1114.0,5183.26
D02,PW-1031,2024-10-21,1562.0,7201.0
D02,PW-1031,2024-10-28,1858.0,8531.89
D02,PW-1031,2024-11-04,1465.0,6285.37
D02,PW-1031,2024-11-11,1686.0,7290.57
D02,PW-1031,2024-11-18,1344.0,6074.5
D02,PW-1031,2024-11-25,1577.0,6743.44
D02,PW-1031,2024-12-02,1295.0,6017.88
D02,PW-1031,2024-12-09,1397.0,6065.7
D02,PW-1031,2024-12-16,1402.0,5973.1
D02,PW-1031,2024-12-23,1567.0,7196.9
D02,PW-1031,2024-12-30,1295.0,5500.88
D02,PW-1031,2025-01-06,1184.0,5483.41
D02,PW-1031,2025-01-13,1593.0,6778.69
D02,PW-1031,2025-01-20,1597.0,7225.6900000000005
D02,PW-1031,2025-01-27,1536.0,6563.41
D02,PW-1031,2025-02-03,1754.0,7763.68
D02,PW-1031,2025-02-10,1495.0,6494.5599999999995
D02,PW-1031,2025-02-17,1625.0,6976.0599999999995
D02,PW-1031,2025-02-24,1495.0,6479.21
D02,PW-1031,2025-03-03,1533.0,6887.860000000001
D02,PW-1031,2025-03-10,1696.0,7390.349999999999
D02,PW-1031,2025-03-17,2290.0,9775.85
D02,PW-1031,2025-03-24,1842.0,8452.04
D02,PW-1031,2025-03-31,1809.0,8062.56
D02,PW-1031,2025-04-07,1890.0,8416.88
D02,PW-1031,2025-04-14,1195.0,5069.99
D02,PW-1031,2025-04-21,1799.0,7559.150000000001
D02,PW-1031,2025-04-28,1982.0,8606.83
D02,PW-1031,2025-05-05,1764.0,7656.599999999999
D02,PW-1031,2025-05-12,1741.0,7749.26
D02,PW-1031,2025-05-19,1530.0,6839.44
D02,PW-1031,2025-05-26,1658.0,7566.34
D02,PW-1031,2025-06-02,1567.0,6787.8
D02,PW-1031,2025-06-09,2067.0,9127.23
D02,PW-1031,2025-06-16,2232.0,10318.57
D02,PW-1031,2025-06-23,2382.0,10094.92
D02,PW-1031,2025-06-30,1567.0,7171.200000000001
D02,PW-1031,2025-07-07,1607.0,7340.77
D02,PW-1031,2025-07-14,1583.0,6986.66
D02,PW-1031,2025-07-21,1514.0,6426.98
D02,PW-1031,2025-07-28,1510.0,6846.1900000000005
D02,PW-1031,2025-08-04,1616.0,7446.51
D02,PW-1031,2025-08-11,1978.0,8475.89
D02,PW-1031,2025-08-18,1547.0,6628.6900000000005
D02,PW-1031,2025-08-25,2003.0,8585.98
D02,PW-1031,2025-09-01,2084.0,9174.32
D02,PW-1031,2025-09-08,1757.0,7634.03
D02,PW-1031,2025-09-15,2008.0,8595.37
D02,PW-1031,2025-09-22,1351.0,6003.89
D02,PW-1031,2025-09-29,1512.0,6653.3
D02,PW-1031,2025-10-06,1679.0,7354.24
D02,PW-1031,2025-10-13,1676.0,7298.91
D02,PW-1031,2025-10-20,1995.0,9106.74
D02,PW-1031,2025-10-27,1378.0,6212.17
D02,PW-1031,2025-11-03,1470.0,6476.929999999999
D02,PW-1031,2025-11-10,1568.0,6986.22
D02,PW-1031,2025-11-17,1465.0,6663.66
D02,PW-1031,2025-11-24,1352.0,6053.860000000001
D02,PW-1031,2025-12-01,1472.0,6638.16
D02,PW-1031,2025-12-08,1525.0,6446.87
D02,PW-1031,2025-12-15,1970.0,8227.74
D02,PW-1031,2025-12-22,1365.0,6219.28
D02,PW-1031,2025-12-29,1807.0,7802.8099999999995
D02,PW-1031,2026-01-05,1946.0,8357.56
D02,PW-1031,2026-01-12,1500.0,6659.1
D02,PW-1031,2026-01-19,1697.0,7566.21
D02,PW-1031,2026-01-26,1795.0,8134.75
D02,PW-1031,2026-02-02,1768.0,7883.57
D02,PW-1031,2026-02-09,1701.0,7862.68
D02,PW-1031,2026-02-16,1533.0,6933.0199999999995
D02,PW-1031,2026-02-23,1896.0,8709.08
D02,PW-1031,2026-03-02,1641.0,7185.4400000000005
D02,PW-1031,2026-03-09,1763.0,8121.41
D02,PW-1031,2026-03-16,1823.0,8004.0599999999995
D02,PW-1031,2026-03-23,2041.0,8992.22
D02,PW-1031,2026-03-30,2422.0,10676.39
D02,PW-1031,2026-04-06,1641.0,7482.2699999999995
D02,PW-1031,2026-04-13,1865.0,8066.61
D02,PW-1031,2026-04-20,1494.0,6518.639999999999
D02,PW-1031,2026-04-27,2350.0,10339.79
D02,PW-1031,2026-05-04,1907.0,8751.21
D02,PW-1031,2026-05-11,1823.0,8306.05
D02,PW-1031,2026-05-18,1932.0,8453.23
D02,PW-1031,2026-05-25,1955.0,8415.1
D02,PW-1031,2026-06-01,1730.0,8050.530000000001
D02,PW-1031,2026-06-08,2313.0,10503.22
D02,PW-1031,2026-06-15,2134.0,9641.97
D02,PW-1031,2026-06-22,2179.0,9630.310000000001
D02,PW-1032,2024-01-01,1624.0,6169.3
D02,PW-1032,2024-01-08,1587.0,6401.06
D02,PW-1032,2024-01-15,1585.0,6607.38
D02,PW-1032,2024-01-22,1778.0,7018.120000000001
D02,PW-1032,2024-01-29,1374.0,5605.9
D02,PW-1032,2024-02-05,2181.0,8710.16
D02,PW-1032,2024-02-12,1585.0,6270.79
D02,PW-1032,2024-02-19,1946.0,7909.16
D02,PW-1032,2024-02-26,1832.0,7336.65
D02,PW-1032,2024-03-04,1540.0,6236.32
D02,PW-1032,2024-03-11,2249.0,9454.57
D02,PW-1032,2024-03-18,2204.0,8678.24
D02,PW-1032,2024-03-25,1497.0,6181.84
D02,PW-1032,2024-04-01,1895.0,7204.900000000001
D02,PW-1032,2024-04-08,1997.0,8156.25
D02,PW-1032,2024-04-15,1433.0,5422.67
D02,PW-1032,2024-04-22,1435.0,5592.16
D02,PW-1032,2024-04-29,1755.0,6775.98
D02,PW-1032,2024-05-06,1646.0,6451.32
D02,PW-1032,2024-05-13,1725.0,7056.49
D02,PW-1032,2024-05-20,1666.0,6840.96
D02,PW-1032,2024-05-27,2001.0,8440.14
D02,PW-1032,2024-06-03,1789.0,6805.07
D02,PW-1032,2024-06-10,2422.0,9190.73
D02,PW-1032,2024-06-17,2109.0,8726.99
D02,PW-1032,2024-06-24,2313.0,9511.45
D02,PW-1032,2024-07-01,1592.0,6485.3
D02,PW-1032,2024-07-08,1863.0,7695.7699999999995
D02,PW-1032,2024-07-15,2084.0,8647.42
D02,PW-1032,2024-07-22,2177.0,9114.73
D02,PW-1032,2024-07-29,1837.0,7578.4
D02,PW-1032,2024-08-05,1868.0,7199.16
D02,PW-1032,2024-08-12,1887.0,7808.78
D02,PW-1032,2024-08-19,1901.0,7544.93
D02,PW-1032,2024-08-26,2730.0,11191.93
D02,PW-1032,2024-09-02,2053.0,8303.37
D02,PW-1032,2024-09-09,1955.0,7776.969999999999
D02,PW-1032,2024-09-16,1596.0,6592.889999999999
D02,PW-1032,2024-09-23,1589.0,6512.8
D02,PW-1032,2024-09-30,1839.0,7041.26
D02,PW-1032,2024-10-07,2233.0,9212.539999999999
D02,PW-1032,2024-10-14,1817.0,7377.05
D02,PW-1032,2024-10-21,1817.0,7500.32
D02,PW-1032,2024-10-28,1655.0,6511.64
D02,PW-1032,2024-11-04,1418.0,5818.94
D02,PW-1032,2024-11-11,1959.0,7550.81
D02,PW-1032,2024-11-18,1762.0,7147.01
D02,PW-1032,2024-11-25,1954.0,8059.530000000001
D02,PW-1032,2024-12-02,1870.0,7747.81
D02,PW-1032,2024-12-09,1583.0,6041.39
D02,PW-1032,2024-12-16,1897.0,7786.83
D02,PW-1032,2024-12-23,1517.0,6036.74
D02,PW-1032,2024-12-30,1911.0,7438.52
D02,PW-1032,2025-01-06,1843.0,7029.21
D02,PW-1032,2025-01-13,2361.0,9033.150000000001
D02,PW-1032,2025-01-20,1659.0,6814.91
D02,PW-1032,2025-01-27,1562.0,6012.7
D02,PW-1032,2025-02-03,1809.0,7382.93
D02,PW-1032,2025-02-10,2131.0,8162.1
D02,PW-1032,2025-02-17,1292.0,5171.03
D02,PW-1032,2025-02-24,2267.0,9081.1
D02,PW-1032,2025-03-03,1949.0,7868.5
D02,PW-1032,2025-03-10,1714.0,7144.05
D02,PW-1032,2025-03-17,1947.0,7637.41
D02,PW-1032,2025-03-24,1861.0,7150.04
D02,PW-1032,2025-03-31,1750.0,6902.51
D02,PW-1032,2025-04-07,1588.0,6546.58
D02,PW-1032,2025-04-14,2393.0,9648.28
D02,PW-1032,2025-04-21,1990.0,8384.1
D02,PW-1032,2025-04-28,2057.0,8662.04
D02,PW-1032,2025-05-05,2495.0,10424.08
D02,PW-1032,2025-05-12,2231.0,8683.66
D02,PW-1032,2025-05-19,1760.0,7070.87
D02,PW-1032,2025-05-26,2471.0,9920.050000000001
D02,PW-1032,2025-06-02,2800.0,10792.71
D02,PW-1032,2025-06-09,2422.0,9813.19
D02,PW-1032,2025-06-16,1975.0,8022.459999999999
D02,PW-1032,2025-06-23,1803.0,7081.2
D02,PW-1032,2025-06-30,1962.0,8091.26
D02,PW-1032,2025-07-07,2277.0,9339.86
D02,PW-1032,2025-07-14,2768.0,11404.69
D02,PW-1032,2025-07-21,1987.0,8012.13
D02,PW-1032,2025-07-28,2010.0,7809.35
D02,PW-1032,2025-08-04,2568.0,9741.24
D02,PW-1032,2025-08-11,2052.0,8516.8
D02,PW-1032,2025-08-18,2812.0,11311.65
D02,PW-1032,2025-08-25,2111.0,8906.95
D02,PW-1032,2025-09-01,2552.0,10538.41
D02,PW-1032,2025-09-08,2251.0,8792.69
D02,PW-1032,2025-09-15,2344.0,8880.68
D02,PW-1032,2025-09-22,2036.0,8340.869999999999
D02,PW-1032,2025-09-29,2040.0,8206.26
D02,PW-1032,2025-10-06,2193.0,8601.43
D02,PW-1032,2025-10-13,2305.0,9151.49
D02,PW-1032,2025-10-20,2199.0,8430.83
D02,PW-1032,2025-10-27,1550.0,6494.34
D02,PW-1032,2025-11-03,2091.0,8307.380000000001
D02,PW-1032,2025-11-10,1816.0,7650.59
D02,PW-1032,2025-11-17,1841.0,7256.07
D02,PW-1032,2025-11-24,2137.0,8662.56
D02,PW-1032,2025-12-01,2574.0,10291.81
D02,PW-1032,2025-12-08,1929.0,7934.65
D02,PW-1032,2025-12-15,2691.0,10873.66
D02,PW-1032,2025-12-22,1704.0,6457.66
D02,PW-1032,2025-12-29,2427.0,9999.69
D02,PW-1032,2026-01-05,2165.0,9008.99
D02,PW-1032,2026-01-12,2109.0,8761.08
D02,PW-1032,2026-01-19,2535.0,10368.529999999999
D02,PW-1032,2026-01-26,1889.0,7652.73
D02,PW-1032,2026-02-02,2542.0,9732.15
D02,PW-1032,2026-02-09,2055.0,8152.8
D02,PW-1032,2026-02-16,1946.0,8202.42
D02,PW-1032,2026-02-23,1776.0,7199.38
D02,PW-1032,2026-03-02,2779.0,11524.85
D02,PW-1032,2026-03-09,2630.0,10935.48
D02,PW-1032,2026-03-16,2086.0,8225.39
D02,PW-1032,2026-03-23,2459.0,9844.71
D02,PW-1032,2026-03-30,2333.0,8892.33
D02,PW-1032,2026-04-06,2194.0,9192.37
D02,PW-1032,2026-04-13,2698.0,11243.67
D02,PW-1032,2026-04-20,2145.0,8176.16
D02,PW-1032,2026-04-27,1709.0,6773.37
D02,PW-1032,2026-05-04,2487.0,9870.89
D02,PW-1032,2026-05-11,2431.0,9689.18
D02,PW-1032,2026-05-18,2213.0,8494.78
D02,PW-1032,2026-05-25,2125.0,8955.01
D02,PW-1032,2026-06-01,1929.0,7746.870000000001
D02,PW-1032,2026-06-08,2313.0,9164.69
D02,PW-1032,2026-06-15,2144.0,8752.51
D02,PW-1032,2026-06-22,2825.0,10920.85
D02,PW-1033,2024-01-01,1695.0,7061.65
D02,PW-1033,2024-01-08,1371.0,5632.88
D02,PW-1033,2024-01-15,1951.0,8040.26
D02,PW-1033,2024-01-22,1658.0,7007.13
D02,PW-1033,2024-01-29,1403.0,5842.58
D02,PW-1033,2024-02-05,1657.0,7159.040000000001
D02,PW-1033,2024-02-12,1785.0,7439.46
D02,PW-1033,2024-02-19,1687.0,7436.24
D02,PW-1033,2024-02-26,1610.0,7246.29
D02,PW-1033,2024-03-04,941.0,4005.11
D02,PW-1033,2024-03-11,1382.0,6180.79
D02,PW-1033,2024-03-18,1790.0,7874.21
D02,PW-1033,2024-03-25,1410.0,6147.92
D02,PW-1033,2024-04-01,1785.0,7508.4
D02,PW-1033,2024-04-08,1907.0,7810.06
D02,PW-1033,2024-04-15,1658.0,6943.69
D02,PW-1033,2024-04-22,1306.0,5293.49
D02,PW-1033,2024-04-29,1537.0,6821.05
D02,PW-1033,2024-05-06,1916.0,7941.639999999999
D02,PW-1033,2024-05-13,2102.0,9439.29
D02,PW-1033,2024-05-20,1281.0,5268.76
D02,PW-1033,2024-05-27,1780.0,7931.08
D02,PW-1033,2024-06-03,1416.0,6182.129999999999
D02,PW-1033,2024-06-10,1793.0,7371.31
D02,PW-1033,2024-06-17,1729.0,7503.2
D02,PW-1033,2024-06-24,2524.0,10205.23
D02,PW-1033,2024-07-01,1632.0,7243.07
D02,PW-1033,2024-07-08,2067.0,8536.56
D02,PW-1033,2024-07-15,2049.0,9086.28
D02,PW-1033,2024-07-22,1704.0,7137.55
D02,PW-1033,2024-07-29,1778.0,7962.540000000001
D02,PW-1033,2024-08-05,1737.0,7081.54
D02,PW-1033,2024-08-12,1544.0,6862.97
D02,PW-1033,2024-08-19,1514.0,6267.53
D02,PW-1033,2024-08-26,1601.0,6578.67
D02,PW-1033,2024-09-02,1424.0,6044.55
D02,PW-1033,2024-09-09,1555.0,6486.19
D02,PW-1033,2024-09-16,1615.0,7276.15
D02,PW-1033,2024-09-23,1691.0,7062.2
D02,PW-1033,2024-09-30,1751.0,7084.11
D02,PW-1033,2024-10-07,1579.0,6954.200000000001
D02,PW-1033,2024-10-14,1439.0,5967.31
D02,PW-1033,2024-10-21,1711.0,7012.84
D02,PW-1033,2024-10-28,1797.0,7374.74
D02,PW-1033,2024-11-04,1477.0,6129.55
D02,PW-1033,2024-11-11,1366.0,6161.780000000001
D02,PW-1033,2024-11-18,1477.0,5985.849999999999
D02,PW-1033,2024-11-25,1535.0,6655.85
D02,PW-1033,2024-12-02,1872.0,8262.07
D02,PW-1033,2024-12-09,1752.0,7493.19
D02,PW-1033,2024-12-16,1582.0,7004.63
D02,PW-1033,2024-12-23,2112.0,8711.27
D02,PW-1033,2024-12-30,1588.0,6978.56
D02,PW-1033,2025-01-06,1985.0,8609.48
D02,PW-1033,2025-01-13,1942.0,8690.24
D02,PW-1033,2025-01-20,1937.0,8144.06
D02,PW-1033,2025-01-27,1726.0,7742.92
D02,PW-1033,2025-02-03,1690.0,7224.98
D02,PW-1033,2025-02-10,1679.0,7141.93
D02,PW-1033,2025-02-17,1927.0,8369.06
D02,PW-1033,2025-02-24,1524.0,6215.55
D02,PW-1033,2025-03-03,1668.0,7473.96
D02,PW-1033,2025-03-10,2254.0,9593.17
D02,PW-1033,2025-03-17,1949.0,8514.06
D02,PW-1033,2025-03-24,2071.0,8949.21
D02,PW-1033,2025-03-31,1510.0,6461.16
D02,PW-1033,2025-04-07,1718.0,7198.45
D02,PW-1033,2025-04-14,1946.0,8669.75
D02,PW-1033,2025-04-21,1856.0,7587.45
D02,PW-1033,2025-04-28,1566.0,6899.25
D02,PW-1033,2025-05-05,2125.0,9313.51
D02,PW-1033,2025-05-12,2243.0,9745.9
D02,PW-1033,2025-05-19,1838.0,7852.38
D02,PW-1033,2025-05-26,2171.0,9188.06
D02,PW-1033,2025-06-02,2621.0,11567.51
D02,PW-1033,2025-06-09,2436.0,10937.67
D02,PW-1033,2025-06-16,1871.0,7755.77
D02,PW-1033,2025-06-23,1644.0,6917.96
D02,PW-1033,2025-06-30,2006.0,8248.18
D02,PW-1033,2025-07-07,2750.0,11949.259999999998
D02,PW-1033,2025-07-14,2357.0,9658.68
D02,PW-1033,2025-07-21,1919.0,8343.51
D02,PW-1033,2025-07-28,2416.0,10495.39
D02,PW-1033,2025-08-04,2265.0,9543.84
D02,PW-1033,2025-08-11,1421.0,6302.15
D02,PW-1033,2025-08-18,2200.0,9241.03
D02,PW-1033,2025-08-25,1896.0,7939.839999999999
D02,PW-1033,2025-09-01,1623.0,6736.01
D02,PW-1033,2025-09-08,1859.0,7890.4
D02,PW-1033,2025-09-15,1935.0,8667.26
D02,PW-1033,2025-09-22,1602.0,6614.8
D02,PW-1033,2025-09-29,1758.0,7815.74
D02,PW-1033,2025-10-06,1691.0,6998.25
D02,PW-1033,2025-10-13,1988.0,8259.42
D02,PW-1033,2025-10-20,1676.0,7396.120000000001
D02,PW-1033,2025-10-27,1351.0,5863.56
D02,PW-1033,2025-11-03,1623.0,7167.56
D02,PW-1033,2025-11-10,1500.0,6674.360000000001
D02,PW-1033,2025-11-17,1420.0,6191.58
D02,PW-1033,2025-11-24,2055.0,8411.13
D02,PW-1033,2025-12-01,1942.0,7949.33
D02,PW-1033,2025-12-08,1490.0,6297.67
D02,PW-1033,2025-12-15,1427.0,5841.960000000001
D02,PW-1033,2025-12-22,1706.0,7373.139999999999
D02,PW-1033,2025-12-29,1427.0,5961.62
D02,PW-1033,2026-01-05,1689.0,7566.23
D02,PW-1033,2026-01-12,1782.0,7746.68
D02,PW-1033,2026-01-19,1861.0,8387.01
D02,PW-1033,2026-01-26,1887.0,8255.07
D02,PW-1033,2026-02-02,1610.0,6657.41
D02,PW-1033,2026-02-09,1849.0,7878.699999999999
D02,PW-1033,2026-02-16,2240.0,10024.09
D02,PW-1033,2026-02-23,1365.0,5681.03
D02,PW-1033,2026-03-02,1985.0,8345.119999999999
D02,PW-1033,2026-03-09,1602.0,6749.900000000001
D02,PW-1033,2026-03-16,2386.0,10464.08
D02,PW-1033,2026-03-23,2209.0,9013.37
D02,PW-1033,2026-03-30,2222.0,9859.12
D02,PW-1033,2026-04-06,1756.0,7522.41
D02,PW-1033,2026-04-13,2096.0,9193.220000000001
D02,PW-1033,2026-04-20,2150.0,9020.78
D02,PW-1033,2026-04-27,1436.0,5853.02
D02,PW-1033,2026-05-04,2109.0,8806.45
D02,PW-1033,2026-05-11,2276.0,9770.32
D02,PW-1033,2026-05-18,1688.0,7330.69
D02,PW-1033,2026-05-25,2294.0,9506.42
D02,PW-1033,2026-06-01,2134.0,9046.869999999999
D02,PW-1033,2026-06-08,2592.0,11491.57
D02,PW-1033,2026-06-15,1982.0,8863.14
D02,PW-1033,2026-06-22,2166.0,9076.46
D02,PW-1034,2024-01-01,545.0,2195.7
D02,PW-1034,2024-01-08,627.0,2630.59
D02,PW-1034,2024-01-15,542.0,2054.75
D02,PW-1034,2024-01-22,596.0,2376.92
D02,PW-1034,2024-01-29,458.0,1731.91
D02,PW-1034,2024-02-05,684.0,2846.83
D02,PW-1034,2024-02-12,499.0,1994.56
D02,PW-1034,2024-02-19,649.0,2513.92
D02,PW-1034,2024-02-26,597.0,2290.1
D02,PW-1034,2024-03-04,592.0,2312.46
D02,PW-1034,2024-03-11,658.0,2616.18
D02,PW-1034,2024-03-18,431.0,1751.8799999999999
D02,PW-1034,2024-03-25,551.0,2162.67
D02,PW-1034,2024-04-01,679.0,2568.07
D02,PW-1034,2024-04-08,818.0,3315.06
D02,PW-1034,2024-04-15,617.0,2387.34
D02,PW-1034,2024-04-22,434.0,1749.72
D02,PW-1034,2024-04-29,601.0,2270.15
D02,PW-1034,2024-05-06,629.0,2475.79
D02,PW-1034,2024-05-13,755.0,3055.42
D02,PW-1034,2024-05-20,647.0,2686.17
D02,PW-1034,2024-05-27,533.0,2064.22
D02,PW-1034,2024-06-03,749.0,3049.1499999999996
D02,PW-1034,2024-06-10,707.0,2749.54
D02,PW-1034,2024-06-17,585.0,2295.93
D02,PW-1034,2024-06-24,725.0,2858.12
D02,PW-1034,2024-07-01,599.0,2349.94
D02,PW-1034,2024-07-08,620.0,2535.15
D02,PW-1034,2024-07-15,597.0,2486.47
D02,PW-1034,2024-07-22,615.0,2316.6
D02,PW-1034,2024-07-29,735.0,2949.83
D02,PW-1034,2024-08-05,488.0,1873.4
D02,PW-1034,2024-08-12,748.0,2824.26
D02,PW-1034,2024-08-19,647.0,2474.8199999999997
D02,PW-1034,2024-08-26,590.0,2422.53
D02,PW-1034,2024-09-02,622.0,2529.22
D02,PW-1034,2024-09-09,537.0,2143.71
D02,PW-1034,2024-09-16,478.0,1840.46
D02,PW-1034,2024-09-23,531.0,2073.27
D02,PW-1034,2024-09-30,453.0,1859.81
D02,PW-1034,2024-10-07,487.0,2008.13
D02,PW-1034,2024-10-14,465.0,1905.4199999999998
D02,PW-1034,2024-10-21,708.0,2870.91
D02,PW-1034,2024-10-28,483.0,1990.75
D02,PW-1034,2024-11-04,580.0,2248.42
D02,PW-1034,2024-11-11,687.0,2772.74
D02,PW-1034,2024-11-18,659.0,2529.27
D02,PW-1034,2024-11-25,554.0,2256.02
D02,PW-1034,2024-12-02,554.0,2227.63
D02,PW-1034,2024-12-09,596.0,2246.01
D02,PW-1034,2024-12-16,798.0,3298.2400000000002
D02,PW-1034,2024-12-23,620.0,2546.22
D02,PW-1034,2024-12-30,648.0,2666.36
D02,PW-1034,2025-01-06,828.0,3216.56
D02,PW-1034,2025-01-13,619.0,2407.42
D02,PW-1034,2025-01-20,711.0,2758.81
D02,PW-1034,2025-01-27,649.0,2445.47
D02,PW-1034,2025-02-03,654.0,2466.92
D02,PW-1034,2025-02-10,533.0,2197.5
D02,PW-1034,2025-02-17,526.0,2198.02
D02,PW-1034,2025-02-24,583.0,2206.59
D02,PW-1034,2025-03-03,727.0,2909.37
D02,PW-1034,2025-03-10,730.0,3041.48
D02,PW-1034,2025-03-17,796.0,3322.03
D02,PW-1034,2025-03-24,658.0,2697.19
D02,PW-1034,2025-03-31,722.0,3021.08
D02,PW-1034,2025-04-07,730.0,2970.9
D02,PW-1034,2025-04-14,669.0,2713.92
D02,PW-1034,2025-04-21,653.0,2627.75
D02,PW-1034,2025-04-28,553.0,2193.63
D02,PW-1034,2025-05-05,681.0,2627.07
D02,PW-1034,2025-05-12,690.0,2633.13
D02,PW-1034,2025-05-19,835.0,3394.83
D02,PW-1034,2025-05-26,851.0,3285.58
D02,PW-1034,2025-06-02,726.0,2783.93
D02,PW-1034,2025-06-09,970.0,3662.46
D02,PW-1034,2025-06-16,733.0,2915.17
D02,PW-1034,2025-06-23,832.0,3255.36
D02,PW-1034,2025-06-30,701.0,2689.1099999999997
D02,PW-1034,2025-07-07,599.0,2509.41
D02,PW-1034,2025-07-14,664.0,2771.9
D02,PW-1034,2025-07-21,880.0,3433.4300000000003
D02,PW-1034,2025-07-28,675.0,2784.83
D02,PW-1034,2025-08-04,651.0,2540.94
D02,PW-1034,2025-08-11,693.0,2711.16
D02,PW-1034,2025-08-18,650.0,2595.6400000000003
D02,PW-1034,2025-08-25,818.0,3296.35
D02,PW-1034,2025-09-01,900.0,3401.43
D02,PW-1034,2025-09-08,674.0,2721.39
D02,PW-1034,2025-09-15,724.0,2956.72
D02,PW-1034,2025-09-22,767.0,3136.2
D02,PW-1034,2025-09-29,668.0,2552.84
D02,PW-1034,2025-10-06,572.0,2151.89
D02,PW-1034,2025-10-13,609.0,2535.01
D02,PW-1034,2025-10-20,685.0,2669.8900000000003
D02,PW-1034,2025-10-27,679.0,2692.54
D02,PW-1034,2025-11-03,487.0,1854.46
D02,PW-1034,2025-11-10,595.0,2475.35
D02,PW-1034,2025-11-17,567.0,2353.59
D02,PW-1034,2025-11-24,722.0,2799.52
D02,PW-1034,2025-12-01,569.0,2343.79
D02,PW-1034,2025-12-08,590.0,2360.08
D02,PW-1034,2025-12-15,589.0,2408.25
D02,PW-1034,2025-12-22,716.0,2811.74
D02,PW-1034,2025-12-29,739.0,3089.37
D02,PW-1034,2026-01-05,692.0,2714.36
D02,PW-1034,2026-01-12,764.0,3011.41
D02,PW-1034,2026-01-19,786.0,3008.42
D02,PW-1034,2026-01-26,502.0,2096.92
D02,PW-1034,2026-02-02,727.0,2790.71
D02,PW-1034,2026-02-09,635.0,2533.91
D02,PW-1034,2026-02-16,562.0,2299.87
D02,PW-1034,2026-02-23,654.0,2700.1899999999996
D02,PW-1034,2026-03-02,775.0,2924.4900000000002
D02,PW-1034,2026-03-09,873.0,3574.5200000000004
D02,PW-1034,2026-03-16,580.0,2336.0600000000004
D02,PW-1034,2026-03-23,787.0,3075.93
D02,PW-1034,2026-03-30,974.0,3773.6400000000003
D02,PW-1034,2026-04-06,964.0,3748.17
D02,PW-1034,2026-04-13,441.0,1767.28
D02,PW-1034,2026-04-20,1035.0,4064.4399999999996
D02,PW-1034,2026-04-27,869.0,3470.4800000000005
D02,PW-1034,2026-05-04,536.0,2225.52
D02,PW-1034,2026-05-11,680.0,2708.87
D02,PW-1034,2026-05-18,926.0,3553.1
D02,PW-1034,2026-05-25,812.0,3302.65
D02,PW-1034,2026-06-01,708.0,2927.31
D02,PW-1034,2026-06-08,781.0,2939.83
D02,PW-1034,2026-06-15,841.0,3516.03
D02,PW-1034,2026-06-22,710.0,2677.89
D02,PW-1035,2024-01-01,686.0,1318.96
D02,PW-1035,2024-01-08,801.0,1553.5
D02,PW-1035,2024-01-15,680.0,1227.54
D02,PW-1035,2024-01-22,596.0,1105.28
D02,PW-1035,2024-01-29,1087.0,1959.44
D02,PW-1035,2024-02-05,603.0,1110.85
D02,PW-1035,2024-02-12,786.0,1386.23
D02,PW-1035,2024-02-19,794.0,1412.16
D02,PW-1035,2024-02-26,831.0,1507.84
D02,PW-1035,2024-03-04,768.0,1413.8600000000001
D02,PW-1035,2024-03-11,778.0,1402.42
D02,PW-1035,2024-03-18,813.0,1466.15
D02,PW-1035,2024-03-25,865.0,1585.36
D02,PW-1035,2024-04-01,814.0,1433.38
D02,PW-1035,2024-04-08,814.0,1486.44
D02,PW-1035,2024-04-15,681.0,1274.26
D02,PW-1035,2024-04-22,1134.0,1998.69
D02,PW-1035,2024-04-29,916.0,1666.8899999999999
D02,PW-1035,2024-05-06,879.0,1589.5
D02,PW-1035,2024-05-13,781.0,1419.72
D02,PW-1035,2024-05-20,741.0,1441.73
D02,PW-1035,2024-05-27,985.0,1728.92
D02,PW-1035,2024-06-03,848.0,1585.49
D02,PW-1035,2024-06-10,956.0,1794.6200000000001
D02,PW-1035,2024-06-17,712.0,1280.24
D02,PW-1035,2024-06-24,1100.0,1934.0
D02,PW-1035,2024-07-01,998.0,1866.49
D02,PW-1035,2024-07-08,859.0,1658.3400000000001
D02,PW-1035,2024-07-15,930.0,1710.06
D02,PW-1035,2024-07-22,966.0,1691.4599999999998
D02,PW-1035,2024-07-29,704.0,1372.72
D02,PW-1035,2024-08-05,1100.0,2144.24
D02,PW-1035,2024-08-12,914.0,1695.93
D02,PW-1035,2024-08-19,760.0,1462.8799999999999
D02,PW-1035,2024-08-26,711.0,1365.21
D02,PW-1035,2024-09-02,965.0,1847.94
D02,PW-1035,2024-09-09,852.0,1513.67
D02,PW-1035,2024-09-16,881.0,1604.48
D02,PW-1035,2024-09-23,816.0,1505.03
D02,PW-1035,2024-09-30,694.0,1340.68
D02,PW-1035,2024-10-07,864.0,1563.19
D02,PW-1035,2024-10-14,772.0,1489.7
D02,PW-1035,2024-10-21,788.0,1438.28
D02,PW-1035,2024-10-28,1123.0,2048.57
D02,PW-1035,2024-11-04,891.0,1606.9399999999998
D02,PW-1035,2024-11-11,896.0,1643.35
D02,PW-1035,2024-11-18,1170.0,2245.54
D02,PW-1035,2024-11-25,823.0,1551.77
D02,PW-1035,2024-12-02,791.0,1502.75
D02,PW-1035,2024-12-09,702.0,1262.33
D02,PW-1035,2024-12-16,728.0,1277.4
D02,PW-1035,2024-12-23,575.0,1070.0700000000002
D02,PW-1035,2024-12-30,885.0,1603.81
D02,PW-1035,2025-01-06,654.0,1198.22
D02,PW-1035,2025-01-13,912.0,1700.1
D02,PW-1035,2025-01-20,798.0,1499.56
D02,PW-1035,2025-01-27,826.0,1539.32
D02,PW-1035,2025-02-03,813.0,1521.4099999999999
D02,PW-1035,2025-02-10,1017.0,1807.96
D02,PW-1035,2025-02-17,1002.0,1846.29
D02,PW-1035,2025-02-24,841.0,1509.92
D02,PW-1035,2025-03-03,747.0,1431.9
D02,PW-1035,2025-03-10,993.0,1894.33
D02,PW-1035,2025-03-17,755.0,1349.81
D02,PW-1035,2025-03-24,700.0,1343.03
D02,PW-1035,2025-03-31,963.0,1873.63
D02,PW-1035,2025-04-07,1084.0,1945.92
D02,PW-1035,2025-04-14,858.0,1588.83
D02,PW-1035,2025-04-21,977.0,1828.03
D02,PW-1035,2025-04-28,871.0,1657.01
D02,PW-1035,2025-05-05,1041.0,1991.3
D02,PW-1035,2025-05-12,1108.0,2091.25
D02,PW-1035,2025-05-19,908.0,1647.45
D02,PW-1035,2025-05-26,813.0,1442.62
D02,PW-1035,2025-06-02,765.0,1481.2
D02,PW-1035,2025-06-09,1096.0,1921.62
D02,PW-1035,2025-06-16,806.0,1531.5
D02,PW-1035,2025-06-23,1010.0,1853.79
D02,PW-1035,2025-06-30,1073.0,1924.65
D02,PW-1035,2025-07-07,884.0,1643.49
D02,PW-1035,2025-07-14,926.0,1764.68
D02,PW-1035,2025-07-21,1099.0,2074.05
D02,PW-1035,2025-07-28,834.0,1526.3200000000002
D02,PW-1035,2025-08-04,817.0,1519.15
D02,PW-1035,2025-08-11,898.0,1636.04
D02,PW-1035,2025-08-18,1119.0,2144.11
D02,PW-1035,2025-08-25,1168.0,2204.95
D02,PW-1035,2025-09-01,897.0,1610.1
D02,PW-1035,2025-09-08,811.0,1445.16
D02,PW-1035,2025-09-15,1051.0,2025.5500000000002
D02,PW-1035,2025-09-22,692.0,1322.14
D02,PW-1035,2025-09-29,915.0,1754.98
D02,PW-1035,2025-10-06,869.0,1617.02
D02,PW-1035,2025-10-13,1055.0,2052.81
D02,PW-1035,2025-10-20,1064.0,1909.52
D02,PW-1035,2025-10-27,745.0,1313.17
D02,PW-1035,2025-11-03,876.0,1661.3600000000001
D02,PW-1035,2025-11-10,782.0,1455.87
D02,PW-1035,2025-11-17,813.0,1439.13
D02,PW-1035,2025-11-24,930.0,1815.03
D02,PW-1035,2025-12-01,806.0,1552.72
D02,PW-1035,2025-12-08,874.0,1692.59
D02,PW-1035,2025-12-15,982.0,1743.53
D02,PW-1035,2025-12-22,1071.0,1962.8899999999999
D02,PW-1035,2025-12-29,895.0,1594.77
D02,PW-1035,2026-01-05,878.0,1539.83
D02,PW-1035,2026-01-12,736.0,1321.96
D02,PW-1035,2026-01-19,1110.0,2066.48
D02,PW-1035,2026-01-26,951.0,1787.2000000000003
D02,PW-1035,2026-02-02,910.0,1716.24
D02,PW-1035,2026-02-09,912.0,1726.84
D02,PW-1035,2026-02-16,961.0,1748.07
D02,PW-1035,2026-02-23,1034.0,1861.26
D02,PW-1035,2026-03-02,1065.0,2000.23
D02,PW-1035,2026-03-09,1199.0,2227.5299999999997
D02,PW-1035,2026-03-16,987.0,1836.98
D02,PW-1035,2026-03-23,1252.0,2379.0
D02,PW-1035,2026-03-30,1140.0,2079.98
D02,PW-1035,2026-04-06,974.0,1894.54
D02,PW-1035,2026-04-13,773.0,1463.1599999999999
D02,PW-1035,2026-04-20,1014.0,1816.2600000000002
D02,PW-1035,2026-04-27,1275.0,2336.06
D02,PW-1035,2026-05-04,905.0,1682.73
D02,PW-1035,2026-05-11,1035.0,1829.4
D02,PW-1035,2026-05-18,1054.0,1980.66
D02,PW-1035,2026-05-25,1189.0,2098.89
D02,PW-1035,2026-06-01,977.0,1757.1599999999999
D02,PW-1035,2026-06-08,911.0,1778.01
D02,PW-1035,2026-06-15,1131.0,2162.18
D02,PW-1035,2026-06-22,929.0,1728.2899999999997
D02,SC-1015,2024-01-01,377.0,3806.8599999999997
D02,SC-1015,2024-01-08,361.0,3761.4700000000003
D02,SC-1015,2024-01-15,308.0,3163.17
D02,SC-1015,2024-01-22,463.0,4547.5
D02,SC-1015,2024-01-29,354.0,3791.38
D02,SC-1015,2024-02-05,375.0,3720.96
D02,SC-1015,2024-02-12,334.0,3351.6800000000003
D02,SC-1015,2024-02-19,441.0,4278.56
D02,SC-1015,2024-02-26,412.0,4395.46
D02,SC-1015,2024-03-04,402.0,4209.96
D02,SC-1015,2024-03-11,327.0,3261.8
D02,SC-1015,2024-03-18,464.0,4820.99
D02,SC-1015,2024-03-25,447.0,4737.78
D02,SC-1015,2024-04-01,471.0,4884.43
D02,SC-1015,2024-04-08,412.0,4164.37
D02,SC-1015,2024-04-15,410.0,4057.08
D02,SC-1015,2024-04-22,408.0,4411.73
D02,SC-1015,2024-04-29,596.0,6210.42
D02,SC-1015,2024-05-06,394.0,4004.67
D02,SC-1015,2024-05-13,361.0,3714.62
D02,SC-1015,2024-05-20,410.0,4156.03
D02,SC-1015,2024-05-27,403.0,4322.2
D02,SC-1015,2024-06-03,531.0,5462.53
D02,SC-1015,2024-06-10,360.0,3505.24
D02,SC-1015,2024-06-17,407.0,4218.219999999999
D02,SC-1015,2024-06-24,456.0,4592.11
D02,SC-1015,2024-07-01,537.0,5768.0599999999995
D02,SC-1015,2024-07-08,494.0,5309.95
D02,SC-1015,2024-07-15,565.0,5956.76
D02,SC-1015,2024-07-22,466.0,4779.46
D02,SC-1015,2024-07-29,428.0,4492.03
D02,SC-1015,2024-08-05,500.0,5022.889999999999
D02,SC-1015,2024-08-12,356.0,3628.1
D02,SC-1015,2024-08-19,337.0,3569.22
D02,SC-1015,2024-08-26,501.0,4982.4
D02,SC-1015,2024-09-02,444.0,4326.3
D02,SC-1015,2024-09-09,494.0,5008.179999999999
D02,SC-1015,2024-09-16,374.0,3975.01
D02,SC-1015,2024-09-23,512.0,5252.5
D02,SC-1015,2024-09-30,464.0,4911.2
D02,SC-1015,2024-10-07,416.0,4381.71
D02,SC-1015,2024-10-14,429.0,4188.54
D02,SC-1015,2024-10-21,436.0,4235.16
D02,SC-1015,2024-10-28,362.0,3608.68
D02,SC-1015,2024-11-04,388.0,4169.25
D02,SC-1015,2024-11-11,431.0,4344.74
D02,SC-1015,2024-11-18,384.0,3829.9
D02,SC-1015,2024-11-25,329.0,3358.06
D02,SC-1015,2024-12-02,429.0,4443.62
D02,SC-1015,2024-12-09,466.0,4924.5
D02,SC-1015,2024-12-16,485.0,4843.08
D02,SC-1015,2024-12-23,450.0,4729.44
D02,SC-1015,2024-12-30,473.0,4977.58
D02,SC-1015,2025-01-06,488.0,4823.61
D02,SC-1015,2025-01-13,430.0,4196.13
D02,SC-1015,2025-01-20,312.0,3047.37
D02,SC-1015,2025-01-27,516.0,5575.95
D02,SC-1015,2025-02-03,383.0,4066.2
D02,SC-1015,2025-02-10,374.0,3940.75
D02,SC-1015,2025-02-17,381.0,3766.82
D02,SC-1015,2025-02-24,660.0,6454.57
D02,SC-1015,2025-03-03,492.0,5255.51
D02,SC-1015,2025-03-10,399.0,4269.59
D02,SC-1015,2025-03-17,427.0,4333.62
D02,SC-1015,2025-03-24,479.0,4726.78
D02,SC-1015,2025-03-31,526.0,5216.72
D02,SC-1015,2025-04-07,511.0,5231.26
D02,SC-1015,2025-04-14,431.0,4339.11
D02,SC-1015,2025-04-21,525.0,5568.62
D02,SC-1015,2025-04-28,461.0,4928.08
D02,SC-1015,2025-05-05,597.0,6177.83
D02,SC-1015,2025-05-12,519.0,5087.74
D02,SC-1015,2025-05-19,462.0,4621.780000000001
D02,SC-1015,2025-05-26,577.0,5620.55
D02,SC-1015,2025-06-02,554.0,5676.63
D02,SC-1015,2025-06-09,489.0,4783.72
D02,SC-1015,2025-06-16,587.0,5857.05
D02,SC-1015,2025-06-23,579.0,6112.95
D02,SC-1015,2025-06-30,632.0,6412.84
D02,SC-1015,2025-07-07,445.0,4569.49
D02,SC-1015,2025-07-14,383.0,3812.09
D02,SC-1015,2025-07-21,303.0,3009.45
D02,SC-1015,2025-07-28,396.0,3953.56
D02,SC-1015,2025-08-04,400.0,4118.1
D02,SC-1015,2025-08-11,377.0,3765.6900000000005
D02,SC-1015,2025-08-18,235.0,2391.98
D02,SC-1015,2025-08-25,401.0,4149.2
D02,SC-1015,2025-09-01,311.0,3220.45
D02,SC-1015,2025-09-08,388.0,4060.6
D02,SC-1015,2025-09-15,445.0,4350.9
D02,SC-1015,2025-09-22,326.0,3379.01
D02,SC-1015,2025-09-29,355.0,3531.25
D02,SC-1015,2025-10-06,329.0,3552.17
D02,SC-1015,2025-10-13,348.0,3707.11
D02,SC-1015,2025-10-20,322.0,3179.62
D02,SC-1015,2025-10-27,289.0,3004.2799999999997
D02,SC-1015,2025-11-03,269.0,2892.6499999999996
D02,SC-1015,2025-11-10,386.0,4103.65
D02,SC-1015,2025-11-17,320.0,3250.06
D02,SC-1015,2025-11-24,336.0,3442.6600000000003
D02,SC-1015,2025-12-01,312.0,3345.59
D02,SC-1015,2025-12-08,337.0,3547.87
D02,SC-1015,2025-12-15,253.0,2487.49
D02,SC-1015,2025-12-22,291.0,3049.91
D02,SC-1015,2025-12-29,308.0,3281.04
D02,SC-1015,2026-01-05,345.0,3566.11
D02,SC-1015,2026-01-12,423.0,4524.24
D02,SC-1015,2026-01-19,300.0,3197.3900000000003
D02,SC-1015,2026-01-26,256.0,2533.42
D02,SC-1015,2026-02-02,236.0,2497.22
D02,SC-1015,2026-02-09,246.0,2472.47
D02,SC-1015,2026-02-16,251.0,2448.21
D02,SC-1015,2026-02-23,183.0,1889.44
D02,SC-1015,2026-03-02,255.0,2756.77
D02,SC-1015,2026-03-09,314.0,3220.19
D02,SC-1015,2026-03-16,286.0,2792.63
D02,SC-1015,2026-03-23,272.0,2846.98
D02,SC-1015,2026-03-30,221.0,2324.16
D02,SC-1015,2026-04-06,330.0,3274.61
D02,SC-1015,2026-04-13,304.0,3051.51
D02,SC-1015,2026-04-20,283.0,2895.29
D02,SC-1015,2026-04-27,205.0,2075.56
D02,SC-1015,2026-05-04,267.0,2826.81
D02,SC-1015,2026-05-11,308.0,3087.98
D02,SC-1015,2026-05-18,288.0,3024.96
D02,SC-1015,2026-05-25,299.0,3140.09
D02,SC-1015,2026-06-01,322.0,3333.34
D02,SC-1015,2026-06-08,298.0,3052.08
D02,SC-1015,2026-06-15,320.0,3259.66
D02,SC-1015,2026-06-22,256.0,2722.6499999999996
D02,SC-1016,2024-01-01,512.0,11236.84
D02,SC-1016,2024-01-08,406.0,9160.5
D02,SC-1016,2024-01-15,710.0,15848.18
D02,SC-1016,2024-01-22,599.0,13551.64
D02,SC-1016,2024-01-29,508.0,11135.89
D02,SC-1016,2024-02-05,413.0,9861.27
D02,SC-1016,2024-02-12,543.0,12434.42
D02,SC-1016,2024-02-19,517.0,11512.9
D02,SC-1016,2024-02-26,567.0,13566.050000000001
D02,SC-1016,2024-03-04,420.0,9366.51
D02,SC-1016,2024-03-11,548.0,12917.45
D02,SC-1016,2024-03-18,561.0,13439.65
D02,SC-1016,2024-03-25,587.0,13299.8
D02,SC-1016,2024-04-01,591.0,14066.95
D02,SC-1016,2024-04-08,624.0,14456.33
D02,SC-1016,2024-04-15,788.0,18260.739999999998
D02,SC-1016,2024-04-22,587.0,14043.68
D02,SC-1016,2024-04-29,559.0,12275.16
D02,SC-1016,2024-05-06,499.0,11613.92
D02,SC-1016,2024-05-13,604.0,13714.48
D02,SC-1016,2024-05-20,532.0,12993.96
D02,SC-1016,2024-05-27,763.0,18535.75
D02,SC-1016,2024-06-03,655.0,15262.41
D02,SC-1016,2024-06-10,768.0,18284.17
D02,SC-1016,2024-06-17,834.0,19299.66
D02,SC-1016,2024-06-24,589.0,13856.26
D02,SC-1016,2024-07-01,637.0,15381.01
D02,SC-1016,2024-07-08,820.0,18735.96
D02,SC-1016,2024-07-15,690.0,16133.179999999998
D02,SC-1016,2024-07-22,724.0,16191.03
D02,SC-1016,2024-07-29,779.0,17527.43
D02,SC-1016,2024-08-05,760.0,17957.41
D02,SC-1016,2024-08-12,704.0,16106.649999999998
D02,SC-1016,2024-08-19,812.0,18058.31
D02,SC-1016,2024-08-26,648.0,14996.56
D02,SC-1016,2024-09-02,704.0,15956.76
D02,SC-1016,2024-09-09,630.0,15184.57
D02,SC-1016,2024-09-16,750.0,16493.58
D02,SC-1016,2024-09-23,575.0,12965.58
D02,SC-1016,2024-09-30,494.0,11602.43
D02,SC-1016,2024-10-07,697.0,15616.0
D02,SC-1016,2024-10-14,539.0,12642.619999999999
D02,SC-1016,2024-10-21,529.0,11968.26
D02,SC-1016,2024-10-28,754.0,17799.82
D02,SC-1016,2024-11-04,718.0,15961.27
D02,SC-1016,2024-11-11,589.0,14341.64
D02,SC-1016,2024-11-18,392.0,8738.25
D02,SC-1016,2024-11-25,671.0,15181.93
D02,SC-1016,2024-12-02,686.0,16557.45
D02,SC-1016,2024-12-09,673.0,16228.55
D02,SC-1016,2024-12-16,671.0,15948.45
D02,SC-1016,2024-12-23,611.0,14088.51
D02,SC-1016,2024-12-30,594.0,13632.6
D02,SC-1016,2025-01-06,540.0,13140.5
D02,SC-1016,2025-01-13,579.0,13396.11
D02,SC-1016,2025-01-20,681.0,15560.48
D02,SC-1016,2025-01-27,690.0,15296.93
D02,SC-1016,2025-02-03,746.0,17922.4
D02,SC-1016,2025-02-10,543.0,12459.78
D02,SC-1016,2025-02-17,530.0,12151.1
D02,SC-1016,2025-02-24,650.0,15244.390000000001
D02,SC-1016,2025-03-03,598.0,14065.31
D02,SC-1016,2025-03-10,726.0,16757.45
D02,SC-1016,2025-03-17,588.0,13346.810000000001
D02,SC-1016,2025-03-24,864.0,19741.5
D02,SC-1016,2025-03-31,648.0,14384.19
D02,SC-1016,2025-04-07,942.0,20713.7
D02,SC-1016,2025-04-14,811.0,19257.33
D02,SC-1016,2025-04-21,647.0,15532.65
D02,SC-1016,2025-04-28,1047.0,24856.55
D02,SC-1016,2025-05-05,803.0,18430.38
D02,SC-1016,2025-05-12,797.0,18385.06
D02,SC-1016,2025-05-19,775.0,17414.99
D02,SC-1016,2025-05-26,845.0,19571.52
D02,SC-1016,2025-06-02,856.0,19809.96
D02,SC-1016,2025-06-09,698.0,16072.390000000001
D02,SC-1016,2025-06-16,771.0,16910.02
D02,SC-1016,2025-06-23,811.0,18132.03
D02,SC-1016,2025-06-30,871.0,19354.82
D02,SC-1016,2025-07-07,663.0,14981.96
D02,SC-1016,2025-07-14,614.0,14951.16
D02,SC-1016,2025-07-21,544.0,12579.34
D02,SC-1016,2025-07-28,533.0,11953.85
D02,SC-1016,2025-08-04,481.0,11727.66
D02,SC-1016,2025-08-11,619.0,14870.35
D02,SC-1016,2025-08-18,508.0,11275.17
D02,SC-1016,2025-08-25,533.0,11892.52
D02,SC-1016,2025-09-01,559.0,13292.08
D02,SC-1016,2025-09-08,530.0,12929.69
D02,SC-1016,2025-09-15,521.0,12632.94
D02,SC-1016,2025-09-22,447.0,10893.28
D02,SC-1016,2025-09-29,524.0,11950.26
D02,SC-1016,2025-10-06,472.0,11446.18
D02,SC-1016,2025-10-13,481.0,11615.0
D02,SC-1016,2025-10-20,570.0,13693.83
D02,SC-1016,2025-10-27,509.0,11736.400000000001
D02,SC-1016,2025-11-03,427.0,10265.69
D02,SC-1016,2025-11-10,449.0,10153.94
D02,SC-1016,2025-11-17,577.0,13556.11
D02,SC-1016,2025-11-24,428.0,9888.97
D02,SC-1016,2025-12-01,447.0,10312.09
D02,SC-1016,2025-12-08,486.0,11315.99
D02,SC-1016,2025-12-15,451.0,10696.89
D02,SC-1016,2025-12-22,410.0,9240.14
D02,SC-1016,2025-12-29,386.0,8485.86
D02,SC-1016,2026-01-05,429.0,9479.22
D02,SC-1016,2026-01-12,473.0,10400.8
D02,SC-1016,2026-01-19,521.0,11866.05
D02,SC-1016,2026-01-26,343.0,7651.88
D02,SC-1016,2026-02-02,556.0,12691.33
D02,SC-1016,2026-02-09,408.0,9017.13
D02,SC-1016,2026-02-16,490.0,11400.41
D02,SC-1016,2026-02-23,382.0,8389.61
D02,SC-1016,2026-03-02,335.0,7659.67
D02,SC-1016,2026-03-09,351.0,8394.78
D02,SC-1016,2026-03-16,407.0,9708.92
D02,SC-1016,2026-03-23,462.0,10919.9
D02,SC-1016,2026-03-30,429.0,9408.300000000001
D02,SC-1016,2026-04-06,411.0,9891.28
D02,SC-1016,2026-04-13,504.0,11883.41
D02,SC-1016,2026-04-20,429.0,10361.8
D02,SC-1016,2026-04-27,450.0,10042.8
D02,SC-1016,2026-05-04,692.0,15896.33
D02,SC-1016,2026-05-11,436.0,10297.86
D02,SC-1016,2026-05-18,394.0,8932.19
D02,SC-1016,2026-05-25,472.0,11357.720000000001
D02,SC-1016,2026-06-01,491.0,10918.27
D02,SC-1016,2026-06-08,460.0,10673.23
D02,SC-1016,2026-06-15,450.0,10296.93
D02,SC-1016,2026-06-22,548.0,13161.6
D02,SC-1018,2024-01-01,169.0,2799.78
D02,SC-1018,2024-01-08,130.0,2211.08
D02,SC-1018,2024-01-15,171.0,2926.28
D02,SC-1018,2024-01-22,162.0,2826.81
D02,SC-1018,2024-01-29,176.0,3160.74
D02,SC-1018,2024-02-05,135.0,2198.42
D02,SC-1018,2024-02-12,193.0,3178.86
D02,SC-1018,2024-02-19,170.0,3065.05
D02,SC-1018,2024-02-26,186.0,3041.11
D02,SC-1018,2024-03-04,138.0,2455.34
D02,SC-1018,2024-03-11,154.0,2527.84
D02,SC-1018,2024-03-18,177.0,3073.19
D02,SC-1018,2024-03-25,234.0,3949.72
D02,SC-1018,2024-04-01,208.0,3739.8799999999997
D02,SC-1018,2024-04-08,199.0,3547.96
D02,SC-1018,2024-04-15,172.0,2960.2
D02,SC-1018,2024-04-22,169.0,2897.3599999999997
D02,SC-1018,2024-04-29,210.0,3548.48
D02,SC-1018,2024-05-06,226.0,3781.52
D02,SC-1018,2024-05-13,212.0,3552.4
D02,SC-1018,2024-05-20,267.0,4505.82
D02,SC-1018,2024-05-27,188.0,3139.2899999999995
D02,SC-1018,2024-06-03,215.0,3481.79
D02,SC-1018,2024-06-10,163.0,2939.34
D02,SC-1018,2024-06-17,217.0,3521.3199999999997
D02,SC-1018,2024-06-24,263.0,4652.68
D02,SC-1018,2024-07-01,181.0,3247.14
D02,SC-1018,2024-07-08,239.0,3954.63
D02,SC-1018,2024-07-15,262.0,4437.71
D02,SC-1018,2024-07-22,190.0,3341.0499999999997
D02,SC-1018,2024-07-29,225.0,3934.74
D02,SC-1018,2024-08-05,265.0,4780.57
D02,SC-1018,2024-08-12,215.0,3657.54
D02,SC-1018,2024-08-19,233.0,4178.8
D02,SC-1018,2024-08-26,158.0,2761.8199999999997
D02,SC-1018,2024-09-02,224.0,4047.05
D02,SC-1018,2024-09-09,220.0,3795.09
D02,SC-1018,2024-09-16,166.0,2755.41
D02,SC-1018,2024-09-23,174.0,2905.83
D02,SC-1018,2024-09-30,219.0,3704.28
D02,SC-1018,2024-10-07,190.0,3164.86
D02,SC-1018,2024-10-14,234.0,4086.16
D02,SC-1018,2024-10-21,206.0,3346.5899999999997
D02,SC-1018,2024-10-28,198.0,3474.84
D02,SC-1018,2024-11-04,191.0,3197.46
D02,SC-1018,2024-11-11,204.0,3417.79
D02,SC-1018,2024-11-18,220.0,3625.55
D02,SC-1018,2024-11-25,211.0,3684.16
D02,SC-1018,2024-12-02,183.0,3136.3
D02,SC-1018,2024-12-09,236.0,4209.72
D02,SC-1018,2024-12-16,217.0,3698.7000000000003
D02,SC-1018,2024-12-23,209.0,3739.38
D02,SC-1018,2024-12-30,202.0,3559.87
D02,SC-1018,2025-01-06,216.0,3901.13
D02,SC-1018,2025-01-13,154.0,2738.8199999999997
D02,SC-1018,2025-01-20,212.0,3687.87
D02,SC-1018,2025-01-27,264.0,4618.17
D02,SC-1018,2025-02-03,216.0,3717.45
D02,SC-1018,2025-02-10,214.0,3714.47
D02,SC-1018,2025-02-17,195.0,3433.0
D02,SC-1018,2025-02-24,233.0,4010.2299999999996
D02,SC-1018,2025-03-03,213.0,3632.0
D02,SC-1018,2025-03-10,270.0,4580.55
D02,SC-1018,2025-03-17,198.0,3454.32
D02,SC-1018,2025-03-24,213.0,3506.5
D02,SC-1018,2025-03-31,211.0,3722.81
D02,SC-1018,2025-04-07,307.0,5388.139999999999
D02,SC-1018,2025-04-14,229.0,4130.32
D02,SC-1018,2025-04-21,219.0,3799.5
D02,SC-1018,2025-04-28,176.0,2924.26
D02,SC-1018,2025-05-05,212.0,3584.3900000000003
D02,SC-1018,2025-05-12,265.0,4760.25
D02,SC-1018,2025-05-19,266.0,4512.6900000000005
D02,SC-1018,2025-05-26,225.0,3964.1899999999996
D02,SC-1018,2025-06-02,228.0,3745.84
D02,SC-1018,2025-06-09,330.0,5961.93
D02,SC-1018,2025-06-16,375.0,6772.540000000001
D02,SC-1018,2025-06-23,298.0,5014.4
D02,SC-1018,2025-06-30,317.0,5545.5
D02,SC-1018,2025-07-07,248.0,4391.03
D02,SC-1018,2025-07-14,262.0,4376.22
D02,SC-1018,2025-07-21,178.0,2919.6099999999997
D02,SC-1018,2025-07-28,161.0,2843.53
D02,SC-1018,2025-08-04,238.0,3965.28
D02,SC-1018,2025-08-11,154.0,2769.55
D02,SC-1018,2025-08-18,150.0,2446.67
D02,SC-1018,2025-08-25,148.0,2677.36
D02,SC-1018,2025-09-01,166.0,2894.18
D02,SC-1018,2025-09-08,124.0,2016.43
D02,SC-1018,2025-09-15,132.0,2240.04
D02,SC-1018,2025-09-22,147.0,2449.21
D02,SC-1018,2025-09-29,132.0,2343.82
D02,SC-1018,2025-10-06,183.0,3037.21
D02,SC-1018,2025-10-13,153.0,2723.63
D02,SC-1018,2025-10-20,164.0,2761.48
D02,SC-1018,2025-10-27,159.0,2878.66
D02,SC-1018,2025-11-03,142.0,2372.93
D02,SC-1018,2025-11-10,168.0,2931.81
D02,SC-1018,2025-11-17,153.0,2705.31
D02,SC-1018,2025-11-24,135.0,2235.39
D02,SC-1018,2025-12-01,109.0,1774.41
D02,SC-1018,2025-12-08,150.0,2581.95
D02,SC-1018,2025-12-15,114.0,1988.16
D02,SC-1018,2025-12-22,145.0,2564.94
D02,SC-1018,2025-12-29,137.0,2297.7400000000002
D02,SC-1018,2026-01-05,110.0,1968.1
D02,SC-1018,2026-01-12,140.0,2512.37
D02,SC-1018,2026-01-19,138.0,2445.91
D02,SC-1018,2026-01-26,138.0,2242.87
D02,SC-1018,2026-02-02,137.0,2455.58
D02,SC-1018,2026-02-09,122.0,2082.2200000000003
D02,SC-1018,2026-02-16,147.0,2461.76
D02,SC-1018,2026-02-23,121.0,2084.03
D02,SC-1018,2026-03-02,114.0,1854.24
D02,SC-1018,2026-03-09,149.0,2522.6699999999996
D02,SC-1018,2026-03-16,155.0,2681.06
D02,SC-1018,2026-03-23,147.0,2576.08
D02,SC-1018,2026-03-30,130.0,2275.52
D02,SC-1018,2026-04-06,100.0,1745.1
D02,SC-1018,2026-04-13,167.0,2945.98
D02,SC-1018,2026-04-20,101.0,1783.18
D02,SC-1018,2026-04-27,148.0,2673.07
D02,SC-1018,2026-05-04,187.0,3214.66
D02,SC-1018,2026-05-11,140.0,2309.2
D02,SC-1018,2026-05-18,144.0,2480.8199999999997
D02,SC-1018,2026-05-25,146.0,2440.71
D02,SC-1018,2026-06-01,142.0,2472.58
D02,SC-1018,2026-06-08,197.0,3278.13
D02,SC-1018,2026-06-15,122.0,2186.2
D02,SC-1018,2026-06-22,119.0,2007.77
D02,SC-1019,2024-01-01,405.0,4016.55
D02,SC-1019,2024-01-08,548.0,5601.92
D02,SC-1019,2024-01-15,473.0,4490.61
D02,SC-1019,2024-01-22,409.0,4176.79
D02,SC-1019,2024-01-29,692.0,6669.77
D02,SC-1019,2024-02-05,461.0,4245.03
D02,SC-1019,2024-02-12,427.0,4267.39
D02,SC-1019,2024-02-19,563.0,5454.92
D02,SC-1019,2024-02-26,541.0,5450.0599999999995
D02,SC-1019,2024-03-04,693.0,6387.9
D02,SC-1019,2024-03-11,531.0,5449.63
D02,SC-1019,2024-03-18,539.0,5248.1
D02,SC-1019,2024-03-25,607.0,5685.610000000001
D02,SC-1019,2024-04-01,602.0,5977.34
D02,SC-1019,2024-04-08,612.0,6117.76
D02,SC-1019,2024-04-15,624.0,6210.71
D02,SC-1019,2024-04-22,620.0,6158.21
D02,SC-1019,2024-04-29,574.0,5449.1
D02,SC-1019,2024-05-06,699.0,7099.98
D02,SC-1019,2024-05-13,590.0,5904.83
D02,SC-1019,2024-05-20,708.0,6883.54
D02,SC-1019,2024-05-27,777.0,7819.76
D02,SC-1019,2024-06-03,573.0,5750.719999999999
D02,SC-1019,2024-06-10,914.0,8992.3
D02,SC-1019,2024-06-17,574.0,5860.64
D02,SC-1019,2024-06-24,576.0,5730.56
D02,SC-1019,2024-07-01,695.0,7022.56
D02,SC-1019,2024-07-08,685.0,6497.72
D02,SC-1019,2024-07-15,647.0,6364.43
D02,SC-1019,2024-07-22,722.0,7023.18
D02,SC-1019,2024-07-29,662.0,6183.05
D02,SC-1019,2024-08-05,865.0,8693.56
D02,SC-1019,2024-08-12,627.0,6088.33
D02,SC-1019,2024-08-19,553.0,5668.56
D02,SC-1019,2024-08-26,576.0,5623.78
D02,SC-1019,2024-09-02,667.0,6787.43
D02,SC-1019,2024-09-09,665.0,6722.66
D02,SC-1019,2024-09-16,634.0,5929.0599999999995
D02,SC-1019,2024-09-23,537.0,5184.44
D02,SC-1019,2024-09-30,717.0,7141.389999999999
D02,SC-1019,2024-10-07,807.0,7850.74
D02,SC-1019,2024-10-14,603.0,5916.98
D02,SC-1019,2024-10-21,784.0,7295.84
D02,SC-1019,2024-10-28,678.0,6805.42
D02,SC-1019,2024-11-04,828.0,7893.54
D02,SC-1019,2024-11-11,636.0,5910.18
D02,SC-1019,2024-11-18,604.0,6120.62
D02,SC-1019,2024-11-25,672.0,6734.01
D02,SC-1019,2024-12-02,555.0,5656.47
D02,SC-1019,2024-12-09,632.0,6029.88
D02,SC-1019,2024-12-16,729.0,6852.789999999999
D02,SC-1019,2024-12-23,678.0,6316.6900000000005
D02,SC-1019,2024-12-30,601.0,5723.6
D02,SC-1019,2025-01-06,627.0,6247.95
D02,SC-1019,2025-01-13,688.0,6637.29
D02,SC-1019,2025-01-20,691.0,6374.17
D02,SC-1019,2025-01-27,701.0,7012.72
D02,SC-1019,2025-02-03,666.0,6827.14
D02,SC-1019,2025-02-10,566.0,5593.37
D02,SC-1019,2025-02-17,587.0,5945.110000000001
D02,SC-1019,2025-02-24,704.0,7145.45
D02,SC-1019,2025-03-03,754.0,7385.15
D02,SC-1019,2025-03-10,749.0,7529.86
D02,SC-1019,2025-03-17,617.0,6191.66
D02,SC-1019,2025-03-24,676.0,6445.17
D02,SC-1019,2025-03-31,587.0,5696.09
D02,SC-1019,2025-04-07,575.0,5452.99
D02,SC-1019,2025-04-14,725.0,6970.82
D02,SC-1019,2025-04-21,887.0,9104.39
D02,SC-1019,2025-04-28,742.0,6980.54
D02,SC-1019,2025-05-05,981.0,10040.64
D02,SC-1019,2025-05-12,725.0,6853.709999999999
D02,SC-1019,2025-05-19,751.0,7341.71
D02,SC-1019,2025-05-26,648.0,6654.59
D02,SC-1019,2025-06-02,717.0,7112.07
D02,SC-1019,2025-06-09,634.0,6179.14
D02,SC-1019,2025-06-16,603.0,5893.530000000001
D02,SC-1019,2025-06-23,639.0,6473.01
D02,SC-1019,2025-06-30,772.0,7332.88
D02,SC-1019,2025-07-07,518.0,4902.38
D02,SC-1019,2025-07-14,530.0,4886.41
D02,SC-1019,2025-07-21,600.0,5997.97
D02,SC-1019,2025-07-28,441.0,4436.58
D02,SC-1019,2025-08-04,556.0,5677.13
D02,SC-1019,2025-08-11,614.0,6181.68
D02,SC-1019,2025-08-18,612.0,6087.73
D02,SC-1019,2025-08-25,566.0,5503.02
D02,SC-1019,2025-09-01,511.0,4807.6
D02,SC-1019,2025-09-08,461.0,4630.57
D02,SC-1019,2025-09-15,491.0,4881.02
D02,SC-1019,2025-09-22,627.0,6265.75
D02,SC-1019,2025-09-29,501.0,5029.6
D02,SC-1019,2025-10-06,465.0,4433.57
D02,SC-1019,2025-10-13,506.0,5042.85
D02,SC-1019,2025-10-20,461.0,4413.24
D02,SC-1019,2025-10-27,467.0,4702.18
D02,SC-1019,2025-11-03,428.0,4154.76
D02,SC-1019,2025-11-10,412.0,4012.07
D02,SC-1019,2025-11-17,503.0,4758.67
D02,SC-1019,2025-11-24,320.0,3042.4399999999996
D02,SC-1019,2025-12-01,456.0,4520.77
D02,SC-1019,2025-12-08,391.0,3699.31
D02,SC-1019,2025-12-15,314.0,2914.74
D02,SC-1019,2025-12-22,358.0,3669.9100000000003
D02,SC-1019,2025-12-29,410.0,3911.7500000000005
D02,SC-1019,2026-01-05,417.0,3935.2999999999997
D02,SC-1019,2026-01-12,457.0,4383.5
D02,SC-1019,2026-01-19,461.0,4640.89
D02,SC-1019,2026-01-26,323.0,3147.13
D02,SC-1019,2026-02-02,431.0,4014.97
D02,SC-1019,2026-02-09,454.0,4244.8
D02,SC-1019,2026-02-16,421.0,4088.07
D02,SC-1019,2026-02-23,439.0,4411.29
D02,SC-1019,2026-03-02,305.0,2875.65
D02,SC-1019,2026-03-09,352.0,3492.43
D02,SC-1019,2026-03-16,501.0,4877.22
D02,SC-1019,2026-03-23,391.0,3784.52
D02,SC-1019,2026-03-30,569.0,5604.17
D02,SC-1019,2026-04-06,336.0,3138.66
D02,SC-1019,2026-04-13,514.0,4828.7699999999995
D02,SC-1019,2026-04-20,374.0,3793.6899999999996
D02,SC-1019,2026-04-27,469.0,4643.01
D02,SC-1019,2026-05-04,397.0,3833.91
D02,SC-1019,2026-05-11,424.0,4019.62
D02,SC-1019,2026-05-18,457.0,4465.48
D02,SC-1019,2026-05-25,382.0,3628.95
D02,SC-1019,2026-06-01,473.0,4518.32
D02,SC-1019,2026-06-08,404.0,3859.71
D02,SC-1019,2026-06-15,431.0,4239.96
D02,SC-1019,2026-06-22,282.0,2685.28
D02,SC-1020,2024-01-01,698.0,8461.16
D02,SC-1020,2024-01-08,617.0,7092.84
D02,SC-1020,2024-01-15,564.0,6478.02
D02,SC-1020,2024-01-22,687.0,8207.14
D02,SC-1020,2024-01-29,756.0,9427.76
D02,SC-1020,2024-02-05,702.0,8393.68
D02,SC-1020,2024-02-12,690.0,8512.89
D02,SC-1020,2024-02-19,722.0,8363.03
D02,SC-1020,2024-02-26,698.0,7817.84
D02,SC-1020,2024-03-04,931.0,10788.47
D02,SC-1020,2024-03-11,779.0,9598.34
D02,SC-1020,2024-03-18,705.0,8780.26
D02,SC-1020,2024-03-25,586.0,7091.1
D02,SC-1020,2024-04-01,756.0,9043.29
D02,SC-1020,2024-04-08,723.0,8956.76
D02,SC-1020,2024-04-15,727.0,9052.85
D02,SC-1020,2024-04-22,929.0,10698.720000000001
D02,SC-1020,2024-04-29,824.0,9279.42
D02,SC-1020,2024-05-06,639.0,7628.86
D02,SC-1020,2024-05-13,910.0,10898.25
D02,SC-1020,2024-05-20,659.0,8014.03
D02,SC-1020,2024-05-27,933.0,11437.25
D02,SC-1020,2024-06-03,787.0,9616.24
D02,SC-1020,2024-06-10,860.0,10413.29
D02,SC-1020,2024-06-17,848.0,9827.55
D02,SC-1020,2024-06-24,834.0,9398.720000000001
D02,SC-1020,2024-07-01,881.0,9895.17
D02,SC-1020,2024-07-08,864.0,10148.89
D02,SC-1020,2024-07-15,1129.0,14036.1
D02,SC-1020,2024-07-22,880.0,10565.28
D02,SC-1020,2024-07-29,881.0,10384.99
D02,SC-1020,2024-08-05,760.0,8843.630000000001
D02,SC-1020,2024-08-12,891.0,10837.42
D02,SC-1020,2024-08-19,718.0,8377.470000000001
D02,SC-1020,2024-08-26,990.0,11603.75
D02,SC-1020,2024-09-02,663.0,8019.83
D02,SC-1020,2024-09-09,725.0,8412.82
D02,SC-1020,2024-09-16,641.0,7755.2
D02,SC-1020,2024-09-23,866.0,10535.09
D02,SC-1020,2024-09-30,758.0,9199.38
D02,SC-1020,2024-10-07,891.0,10889.44
D02,SC-1020,2024-10-14,691.0,8543.55
D02,SC-1020,2024-10-21,862.0,9908.949999999999
D02,SC-1020,2024-10-28,865.0,9981.53
D02,SC-1020,2024-11-04,816.0,9387.11
D02,SC-1020,2024-11-11,793.0,9222.24
D02,SC-1020,2024-11-18,805.0,9945.01
D02,SC-1020,2024-11-25,688.0,8439.78
D02,SC-1020,2024-12-02,672.0,8360.93
D02,SC-1020,2024-12-09,859.0,9940.79
D02,SC-1020,2024-12-16,752.0,8556.33
D02,SC-1020,2024-12-23,855.0,10253.74
D02,SC-1020,2024-12-30,1015.0,11505.15
D02,SC-1020,2025-01-06,757.0,8653.58
D02,SC-1020,2025-01-13,747.0,8493.35
D02,SC-1020,2025-01-20,786.0,9480.51
D02,SC-1020,2025-01-27,839.0,9580.31
D02,SC-1020,2025-02-03,925.0,11331.08
D02,SC-1020,2025-02-10,850.0,10590.66
D02,SC-1020,2025-02-17,1180.0,13515.76
D02,SC-1020,2025-02-24,932.0,11397.650000000001
D02,SC-1020,2025-03-03,997.0,11930.35
D02,SC-1020,2025-03-10,893.0,10976.46
D02,SC-1020,2025-03-17,1059.0,12909.19
D02,SC-1020,2025-03-24,893.0,10841.76
D02,SC-1020,2025-03-31,846.0,10132.25
D02,SC-1020,2025-04-07,1081.0,13300.2
D02,SC-1020,2025-04-14,946.0,11752.17
D02,SC-1020,2025-04-21,1000.0,11713.6
D02,SC-1020,2025-04-28,1128.0,14083.83
D02,SC-1020,2025-05-05,1002.0,12011.43
D02,SC-1020,2025-05-12,967.0,11729.43
D02,SC-1020,2025-05-19,919.0,11010.42
D02,SC-1020,2025-05-26,1175.0,14357.9
D02,SC-1020,2025-06-02,956.0,11180.33
D02,SC-1020,2025-06-09,1003.0,11675.81
D02,SC-1020,2025-06-16,1057.0,12987.7
D02,SC-1020,2025-06-23,1058.0,12477.31
D02,SC-1020,2025-06-30,1181.0,14274.13
D02,SC-1020,2025-07-07,763.0,8637.61
D02,SC-1020,2025-07-14,936.0,10519.3
D02,SC-1020,2025-07-21,724.0,8228.82
D02,SC-1020,2025-07-28,784.0,9559.65
D02,SC-1020,2025-08-04,711.0,8668.63
D02,SC-1020,2025-08-11,986.0,11890.62
D02,SC-1020,2025-08-18,673.0,7804.92
D02,SC-1020,2025-08-25,671.0,7545.32
D02,SC-1020,2025-09-01,698.0,7996.700000000001
D02,SC-1020,2025-09-08,648.0,8036.860000000001
D02,SC-1020,2025-09-15,695.0,8495.5
D02,SC-1020,2025-09-22,783.0,8905.33
D02,SC-1020,2025-09-29,655.0,7531.59
D02,SC-1020,2025-10-06,647.0,7662.64
D02,SC-1020,2025-10-13,599.0,7152.95
D02,SC-1020,2025-10-20,565.0,7039.3
D02,SC-1020,2025-10-27,609.0,7434.95
D02,SC-1020,2025-11-03,593.0,6898.03
D02,SC-1020,2025-11-10,697.0,8575.02
D02,SC-1020,2025-11-17,500.0,6171.24
D02,SC-1020,2025-11-24,710.0,8106.09
D02,SC-1020,2025-12-01,553.0,6828.1
D02,SC-1020,2025-12-08,573.0,6455.34
D02,SC-1020,2025-12-15,474.0,5607.72
D02,SC-1020,2025-12-22,601.0,6936.17
D02,SC-1020,2025-12-29,476.0,5377.349999999999
D02,SC-1020,2026-01-05,578.0,6802.52
D02,SC-1020,2026-01-12,568.0,6780.98
D02,SC-1020,2026-01-19,518.0,6403.72
D02,SC-1020,2026-01-26,398.0,4760.59
D02,SC-1020,2026-02-02,750.0,9018.390000000001
D02,SC-1020,2026-02-09,463.0,5358.31
D02,SC-1020,2026-02-16,565.0,6778.639999999999
D02,SC-1020,2026-02-23,486.0,5670.17
D02,SC-1020,2026-03-02,635.0,7128.59
D02,SC-1020,2026-03-09,513.0,5781.4
D02,SC-1020,2026-03-16,485.0,5632.15
D02,SC-1020,2026-03-23,594.0,6727.43
D02,SC-1020,2026-03-30,449.0,5241.719999999999
D02,SC-1020,2026-04-06,510.0,5810.62
D02,SC-1020,2026-04-13,601.0,6751.28
D02,SC-1020,2026-04-20,684.0,8355.38
D02,SC-1020,2026-04-27,475.0,5537.67
D02,SC-1020,2026-05-04,504.0,5778.74
D02,SC-1020,2026-05-11,585.0,6735.5
D02,SC-1020,2026-05-18,413.0,4827.44
D02,SC-1020,2026-05-25,684.0,8503.03
D02,SC-1020,2026-06-01,481.0,5493.52
D02,SC-1020,2026-06-08,524.0,6116.450000000001
D02,SC-1020,2026-06-15,582.0,6577.11
D02,SC-1020,2026-06-22,563.0,6882.78
D02,SC-1021,2024-01-01,811.0,13908.05
D02,SC-1021,2024-01-08,692.0,11464.09
D02,SC-1021,2024-01-15,699.0,10887.92
D02,SC-1021,2024-01-22,810.0,13721.7
D02,SC-1021,2024-01-29,671.0,11503.07
D02,SC-1021,2024-02-05,653.0,10778.7
D02,SC-1021,2024-02-12,689.0,11855.93
D02,SC-1021,2024-02-19,792.0,13575.02
D02,SC-1021,2024-02-26,851.0,13385.73
D02,SC-1021,2024-03-04,966.0,15029.989999999998
D02,SC-1021,2024-03-11,814.0,12706.46
D02,SC-1021,2024-03-18,760.0,12462.16
D02,SC-1021,2024-03-25,899.0,14921.41
D02,SC-1021,2024-04-01,689.0,11281.84
D02,SC-1021,2024-04-08,999.0,16305.98
D02,SC-1021,2024-04-15,843.0,14294.56
D02,SC-1021,2024-04-22,798.0,12583.58
D02,SC-1021,2024-04-29,722.0,12392.990000000002
D02,SC-1021,2024-05-06,925.0,14800.859999999999
D02,SC-1021,2024-05-13,814.0,13347.98
D02,SC-1021,2024-05-20,844.0,13246.68
D02,SC-1021,2024-05-27,670.0,11076.88
D02,SC-1021,2024-06-03,811.0,12908.23
D02,SC-1021,2024-06-10,798.0,13359.83
D02,SC-1021,2024-06-17,929.0,16106.62
D02,SC-1021,2024-06-24,839.0,13582.510000000002
D02,SC-1021,2024-07-01,588.0,9960.91
D02,SC-1021,2024-07-08,822.0,13085.29
D02,SC-1021,2024-07-15,702.0,10927.52
D02,SC-1021,2024-07-22,746.0,11849.12
D02,SC-1021,2024-07-29,1011.0,17203.44
D02,SC-1021,2024-08-05,672.0,10951.800000000001
D02,SC-1021,2024-08-12,901.0,14557.380000000001
D02,SC-1021,2024-08-19,795.0,13316.8
D02,SC-1021,2024-08-26,768.0,12360.35
D02,SC-1021,2024-09-02,732.0,12663.12
D02,SC-1021,2024-09-09,885.0,13776.47
D02,SC-1021,2024-09-16,894.0,14417.38
D02,SC-1021,2024-09-23,643.0,10943.4
D02,SC-1021,2024-09-30,984.0,16683.47
D02,SC-1021,2024-10-07,689.0,10920.72
D02,SC-1021,2024-10-14,868.0,14185.71
D02,SC-1021,2024-10-21,683.0,11289.939999999999
D02,SC-1021,2024-10-28,758.0,12689.83
D02,SC-1021,2024-11-04,668.0,10551.79
D02,SC-1021,2024-11-11,747.0,12190.03
D02,SC-1021,2024-11-18,783.0,12925.65
D02,SC-1021,2024-11-25,680.0,11491.259999999998
D02,SC-1021,2024-12-02,848.0,14307.11
D02,SC-1021,2024-12-09,867.0,13685.92
D02,SC-1021,2024-12-16,1222.0,21117.18
D02,SC-1021,2024-12-23,941.0,15503.59
D02,SC-1021,2024-12-30,983.0,15960.6
D02,SC-1021,2025-01-06,637.0,10694.46
D02,SC-1021,2025-01-13,624.0,10792.119999999999
D02,SC-1021,2025-01-20,809.0,12636.380000000001
D02,SC-1021,2025-01-27,1117.0,19369.91
D02,SC-1021,2025-02-03,1252.0,21096.79
D02,SC-1021,2025-02-10,789.0,12936.95
D02,SC-1021,2025-02-17,811.0,13431.65
D02,SC-1021,2025-02-24,973.0,15696.97
D02,SC-1021,2025-03-03,882.0,14915.46
D02,SC-1021,2025-03-10,896.0,15543.74
D02,SC-1021,2025-03-17,1025.0,17162.96
D02,SC-1021,2025-03-24,1418.0,24088.03
D02,SC-1021,2025-03-31,1162.0,18868.02
D02,SC-1021,2025-04-07,1279.0,20878.21
D02,SC-1021,2025-04-14,741.0,12740.66
D02,SC-1021,2025-04-21,1160.0,19843.65
D02,SC-1021,2025-04-28,864.0,14352.94
D02,SC-1021,2025-05-05,1293.0,20690.86
D02,SC-1021,2025-05-12,1242.0,20479.29
D02,SC-1021,2025-05-19,1117.0,18169.62
D02,SC-1021,2025-05-26,918.0,15528.85
D02,SC-1021,2025-06-02,959.0,15375.5
D02,SC-1021,2025-06-09,974.0,15894.67
D02,SC-1021,2025-06-16,1163.0,19517.53
D02,SC-1021,2025-06-23,1104.0,17810.97
D02,SC-1021,2025-06-30,1286.0,20458.72
D02,SC-1021,2025-07-07,1005.0,17341.26
D02,SC-1021,2025-07-14,687.0,10886.47
D02,SC-1021,2025-07-21,827.0,13623.1
D02,SC-1021,2025-07-28,815.0,12956.64
D02,SC-1021,2025-08-04,738.0,12471.970000000001
D02,SC-1021,2025-08-11,850.0,13817.82
D02,SC-1021,2025-08-18,782.0,12382.4
D02,SC-1021,2025-08-25,655.0,11174.94
D02,SC-1021,2025-09-01,688.0,11181.25
D02,SC-1021,2025-09-08,655.0,10686.55
D02,SC-1021,2025-09-15,609.0,10519.74
D02,SC-1021,2025-09-22,659.0,10536.49
D02,SC-1021,2025-09-29,540.0,8771.47
D02,SC-1021,2025-10-06,693.0,11730.55
D02,SC-1021,2025-10-13,783.0,12858.08
D02,SC-1021,2025-10-20,629.0,10098.28
D02,SC-1021,2025-10-27,709.0,11828.77
D02,SC-1021,2025-11-03,621.0,10269.99
D02,SC-1021,2025-11-10,514.0,8765.78
D02,SC-1021,2025-11-17,799.0,13557.18
D02,SC-1021,2025-11-24,407.0,6389.889999999999
D02,SC-1021,2025-12-01,580.0,9151.560000000001
D02,SC-1021,2025-12-08,511.0,8479.18
D02,SC-1021,2025-12-15,722.0,11829.75
D02,SC-1021,2025-12-22,584.0,9795.95
D02,SC-1021,2025-12-29,825.0,14130.529999999999
D02,SC-1021,2026-01-05,563.0,9475.95
D02,SC-1021,2026-01-12,498.0,8147.27
D02,SC-1021,2026-01-19,431.0,7309.37
D02,SC-1021,2026-01-26,657.0,10582.59
D02,SC-1021,2026-02-02,490.0,8148.09
D02,SC-1021,2026-02-09,522.0,8249.87
D02,SC-1021,2026-02-16,668.0,11041.49
D02,SC-1021,2026-02-23,651.0,11287.400000000001
D02,SC-1021,2026-03-02,508.0,8029.29
D02,SC-1021,2026-03-09,520.0,8102.76
D02,SC-1021,2026-03-16,428.0,7400.549999999999
D02,SC-1021,2026-03-23,409.0,6562.009999999999
D02,SC-1021,2026-03-30,624.0,10721.44
D02,SC-1021,2026-04-06,634.0,10140.45
D02,SC-1021,2026-04-13,585.0,9445.81
D02,SC-1021,2026-04-20,575.0,9649.07
D02,SC-1021,2026-04-27,506.0,7990.93
D02,SC-1021,2026-05-04,705.0,11869.85
D02,SC-1021,2026-05-11,435.0,7447.81
D02,SC-1021,2026-05-18,532.0,9070.15
D02,SC-1021,2026-05-25,586.0,9452.689999999999
D02,SC-1021,2026-06-01,573.0,9598.31
D02,SC-1021,2026-06-08,573.0,9568.74
D02,SC-1021,2026-06-15,530.0,8964.86
D02,SC-1021,2026-06-22,620.0,9919.279999999999
D03,IG-1008,2024-01-01,34.0,1528.1100000000001
D03,IG-1008,2024-01-08,41.0,1664.94
D03,IG-1008,2024-01-15,38.0,1643.61
D03,IG-1008,2024-01-22,30.0,1344.84
D03,IG-1008,2024-01-29,41.0,1762.06
D03,IG-1008,2024-02-05,32.0,1367.4
D03,IG-1008,2024-02-12,39.0,1621.9199999999998
D03,IG-1008,2024-02-19,34.0,1517.12
D03,IG-1008,2024-02-26,46.0,1924.3500000000001
D03,IG-1008,2024-03-04,42.0,1810.4299999999998
D03,IG-1008,2024-03-11,35.0,1404.93
D03,IG-1008,2024-03-18,37.0,1548.15
D03,IG-1008,2024-03-25,64.0,2725.23
D03,IG-1008,2024-04-01,33.0,1403.93
D03,IG-1008,2024-04-08,36.0,1514.56
D03,IG-1008,2024-04-15,37.0,1493.1
D03,IG-1008,2024-04-22,35.0,1423.56
D03,IG-1008,2024-04-29,36.0,1510.6699999999998
D03,IG-1008,2024-05-06,42.0,1751.55
D03,IG-1008,2024-05-13,46.0,1989.63
D03,IG-1008,2024-05-20,34.0,1448.2
D03,IG-1008,2024-05-27,40.0,1780.18
D03,IG-1008,2024-06-03,38.0,1647.4
D03,IG-1008,2024-06-10,37.0,1577.99
D03,IG-1008,2024-06-17,51.0,2097.9300000000003
D03,IG-1008,2024-06-24,39.0,1611.11
D03,IG-1008,2024-07-01,36.0,1519.21
D03,IG-1008,2024-07-08,50.0,2241.06
D03,IG-1008,2024-07-15,53.0,2329.14
D03,IG-1008,2024-07-22,45.0,1870.1399999999999
D03,IG-1008,2024-07-29,38.0,1546.66
D03,IG-1008,2024-08-05,42.0,1832.0
D03,IG-1008,2024-08-12,39.0,1722.81
D03,IG-1008,2024-08-19,43.0,1888.24
D03,IG-1008,2024-08-26,48.0,2058.6
D03,IG-1008,2024-09-02,42.0,1824.93
D03,IG-1008,2024-09-09,42.0,1776.74
D03,IG-1008,2024-09-16,39.0,1733.53
D03,IG-1008,2024-09-23,46.0,2046.43
D03,IG-1008,2024-09-30,44.0,1785.04
D03,IG-1008,2024-10-07,31.0,1364.93
D03,IG-1008,2024-10-14,31.0,1363.91
D03,IG-1008,2024-10-21,39.0,1668.03
D03,IG-1008,2024-10-28,47.0,2111.54
D03,IG-1008,2024-11-04,48.0,2056.64
D03,IG-1008,2024-11-11,45.0,1877.63
D03,IG-1008,2024-11-18,40.0,1725.0300000000002
D03,IG-1008,2024-11-25,50.0,2229.96
D03,IG-1008,2024-12-02,36.0,1626.72
D03,IG-1008,2024-12-09,39.0,1698.84
D03,IG-1008,2024-12-16,33.0,1466.56
D03,IG-1008,2024-12-23,39.0,1705.69
D03,IG-1008,2024-12-30,36.0,1591.24
D03,IG-1008,2025-01-06,52.0,2312.74
D03,IG-1008,2025-01-13,51.0,2197.23
D03,IG-1008,2025-01-20,43.0,1860.61
D03,IG-1008,2025-01-27,46.0,2032.21
D03,IG-1008,2025-02-03,40.0,1715.2
D03,IG-1008,2025-02-10,30.0,1212.06
D03,IG-1008,2025-02-17,40.0,1764.3899999999999
D03,IG-1008,2025-02-24,50.0,2021.3
D03,IG-1008,2025-03-03,49.0,1977.38
D03,IG-1008,2025-03-10,43.0,1806.2800000000002
D03,IG-1008,2025-03-17,52.0,2285.24
D03,IG-1008,2025-03-24,44.0,1937.08
D03,IG-1008,2025-03-31,40.0,1743.83
D03,IG-1008,2025-04-07,54.0,2271.08
D03,IG-1008,2025-04-14,45.0,1914.42
D03,IG-1008,2025-04-21,58.0,2518.26
D03,IG-1008,2025-04-28,37.0,1535.27
D03,IG-1008,2025-05-05,46.0,2033.68
D03,IG-1008,2025-05-12,56.0,2325.41
D03,IG-1008,2025-05-19,55.0,2425.4
D03,IG-1008,2025-05-26,50.0,2029.91
D03,IG-1008,2025-06-02,54.0,2351.29
D03,IG-1008,2025-06-09,53.0,2257.75
D03,IG-1008,2025-06-16,42.0,1695.71
D03,IG-1008,2025-06-23,49.0,2184.52
D03,IG-1008,2025-06-30,54.0,2380.85
D03,IG-1008,2025-07-07,43.0,1892.77
D03,IG-1008,2025-07-14,39.0,1599.71
D03,IG-1008,2025-07-21,36.0,1528.3100000000002
D03,IG-1008,2025-07-28,31.0,1256.39
D03,IG-1008,2025-08-04,42.0,1791.7
D03,IG-1008,2025-08-11,41.0,1803.3899999999999
D03,IG-1008,2025-08-18,42.0,1841.96
D03,IG-1008,2025-08-25,30.0,1334.65
D03,IG-1008,2025-09-01,36.0,1494.59
D03,IG-1008,2025-09-08,31.0,1312.1999999999998
D03,IG-1008,2025-09-15,34.0,1535.0
D03,IG-1008,2025-09-22,52.0,2143.7
D03,IG-1008,2025-09-29,38.0,1521.24
D03,IG-1008,2025-10-06,29.0,1186.17
D03,IG-1008,2025-10-13,31.0,1289.29
D03,IG-1008,2025-10-20,30.0,1241.64
D03,IG-1008,2025-10-27,31.0,1345.44
D03,IG-1008,2025-11-03,24.0,1023.3799999999999
D03,IG-1008,2025-11-10,31.0,1287.0900000000001
D03,IG-1008,2025-11-17,22.0,906.28
D03,IG-1008,2025-11-24,23.0,929.19
D03,IG-1008,2025-12-01,39.0,1686.09
D03,IG-1008,2025-12-08,27.0,1168.85
D03,IG-1008,2025-12-15,35.0,1518.35
D03,IG-1008,2025-12-22,25.0,1059.9
D03,IG-1008,2025-12-29,21.0,856.8100000000001
D03,IG-1008,2026-01-05,24.0,969.26
D03,IG-1008,2026-01-12,42.0,1867.51
D03,IG-1008,2026-01-19,23.0,910.63
D03,IG-1008,2026-01-26,36.0,1530.27
D03,IG-1008,2026-02-02,29.0,1210.83
D03,IG-1008,2026-02-09,28.0,1161.62
D03,IG-1008,2026-02-16,25.0,1042.37
D03,IG-1008,2026-02-23,24.0,1016.8399999999999
D03,IG-1008,2026-03-02,30.0,1245.17
D03,IG-1008,2026-03-09,34.0,1463.56
D03,IG-1008,2026-03-16,29.0,1183.8899999999999
D03,IG-1008,2026-03-23,31.0,1394.9
D03,IG-1008,2026-03-30,26.0,1099.07
D03,IG-1008,2026-04-06,39.0,1656.16
D03,IG-1008,2026-04-13,29.0,1202.36
D03,IG-1008,2026-04-20,38.0,1619.76
D03,IG-1008,2026-04-27,24.0,982.03
D03,IG-1008,2026-05-04,28.0,1218.72
D03,IG-1008,2026-05-11,33.0,1363.32
D03,IG-1008,2026-05-18,29.0,1182.55
D03,IG-1008,2026-05-25,31.0,1380.53
D03,IG-1008,2026-06-01,25.0,1100.62
D03,IG-1008,2026-06-08,27.0,1086.67
D03,IG-1008,2026-06-15,25.0,1014.0699999999999
D03,IG-1008,2026-06-22,28.0,1187.41
D03,IG-1012,2024-01-01,61.0,4184.37
D03,IG-1012,2024-01-08,71.0,4621.99
D03,IG-1012,2024-01-15,74.0,4959.38
D03,IG-1012,2024-01-22,66.0,4396.110000000001
D03,IG-1012,2024-01-29,60.0,3943.8999999999996
D03,IG-1012,2024-02-05,66.0,4714.73
D03,IG-1012,2024-02-12,60.0,4006.92
D03,IG-1012,2024-02-19,88.0,5889.110000000001
D03,IG-1012,2024-02-26,86.0,6073.46
D03,IG-1012,2024-03-04,74.0,4801.82
D03,IG-1012,2024-03-11,68.0,4484.38
D03,IG-1012,2024-03-18,101.0,6674.74
D03,IG-1012,2024-03-25,92.0,6214.34
D03,IG-1012,2024-04-01,79.0,5245.240000000001
D03,IG-1012,2024-04-08,105.0,7137.02
D03,IG-1012,2024-04-15,91.0,6397.48
D03,IG-1012,2024-04-22,95.0,6513.29
D03,IG-1012,2024-04-29,78.0,5140.26
D03,IG-1012,2024-05-06,73.0,4986.97
D03,IG-1012,2024-05-13,73.0,5204.8099999999995
D03,IG-1012,2024-05-20,128.0,9140.95
D03,IG-1012,2024-05-27,83.0,5815.719999999999
D03,IG-1012,2024-06-03,95.0,6527.26
D03,IG-1012,2024-06-10,102.0,6714.97
D03,IG-1012,2024-06-17,95.0,6629.29
D03,IG-1012,2024-06-24,93.0,6676.0
D03,IG-1012,2024-07-01,93.0,6253.87
D03,IG-1012,2024-07-08,103.0,7218.41
D03,IG-1012,2024-07-15,82.0,5747.0199999999995
D03,IG-1012,2024-07-22,89.0,5828.06
D03,IG-1012,2024-07-29,67.0,4349.54
D03,IG-1012,2024-08-05,71.0,4832.17
D03,IG-1012,2024-08-12,77.0,5340.700000000001
D03,IG-1012,2024-08-19,106.0,7546.69
D03,IG-1012,2024-08-26,89.0,6318.860000000001
D03,IG-1012,2024-09-02,103.0,6906.84
D03,IG-1012,2024-09-09,97.0,6363.46
D03,IG-1012,2024-09-16,95.0,6843.35
D03,IG-1012,2024-09-23,79.0,5391.429999999999
D03,IG-1012,2024-09-30,91.0,6072.67
D03,IG-1012,2024-10-07,93.0,6559.92
D03,IG-1012,2024-10-14,124.0,8317.34
D03,IG-1012,2024-10-21,84.0,5843.01
D03,IG-1012,2024-10-28,99.0,6923.18
D03,IG-1012,2024-11-04,87.0,5846.6
D03,IG-1012,2024-11-11,79.0,5384.610000000001
D03,IG-1012,2024-11-18,100.0,6493.59
D03,IG-1012,2024-11-25,117.0,8306.8
D03,IG-1012,2024-12-02,92.0,6437.07
D03,IG-1012,2024-12-09,80.0,5622.08
D03,IG-1012,2024-12-16,95.0,6253.549999999999
D03,IG-1012,2024-12-23,93.0,6014.639999999999
D03,IG-1012,2024-12-30,125.0,8874.14
D03,IG-1012,2025-01-06,101.0,7209.23
D03,IG-1012,2025-01-13,79.0,5137.67
D03,IG-1012,2025-01-20,112.0,7216.07
D03,IG-1012,2025-01-27,105.0,7200.56
D03,IG-1012,2025-02-03,108.0,7726.13
D03,IG-1012,2025-02-10,102.0,6622.57
D03,IG-1012,2025-02-17,112.0,7993.55
D03,IG-1012,2025-02-24,105.0,7405.85
D03,IG-1012,2025-03-03,95.0,6276.65
D03,IG-1012,2025-03-10,102.0,7004.15
D03,IG-1012,2025-03-17,100.0,6902.99
D03,IG-1012,2025-03-24,108.0,7435.98
D03,IG-1012,2025-03-31,105.0,7029.18
D03,IG-1012,2025-04-07,101.0,7111.14
D03,IG-1012,2025-04-14,104.0,6722.01
D03,IG-1012,2025-04-21,108.0,7439.93
D03,IG-1012,2025-04-28,83.0,5673.08
D03,IG-1012,2025-05-05,128.0,8647.66
D03,IG-1012,2025-05-12,117.0,7579.6
D03,IG-1012,2025-05-19,102.0,6862.7
D03,IG-1012,2025-05-26,122.0,8106.62
D03,IG-1012,2025-06-02,104.0,7109.1900000000005
D03,IG-1012,2025-06-09,105.0,7114.96
D03,IG-1012,2025-06-16,120.0,8546.289999999999
D03,IG-1012,2025-06-23,141.0,9709.470000000001
D03,IG-1012,2025-06-30,118.0,7976.549999999999
D03,IG-1012,2025-07-07,77.0,4977.22
D03,IG-1012,2025-07-14,81.0,5295.67
D03,IG-1012,2025-07-21,95.0,6289.43
D03,IG-1012,2025-07-28,88.0,5963.969999999999
D03,IG-1012,2025-08-04,94.0,6731.719999999999
D03,IG-1012,2025-08-11,85.0,6101.88
D03,IG-1012,2025-08-18,89.0,6371.74
D03,IG-1012,2025-08-25,105.0,6901.83
D03,IG-1012,2025-09-01,63.0,4368.09
D03,IG-1012,2025-09-08,108.0,7500.32
D03,IG-1012,2025-09-15,85.0,5637.469999999999
D03,IG-1012,2025-09-22,108.0,7529.03
D03,IG-1012,2025-09-29,62.0,4348.389999999999
D03,IG-1012,2025-10-06,75.0,4849.2
D03,IG-1012,2025-10-13,71.0,4878.53
D03,IG-1012,2025-10-20,78.0,5179.07
D03,IG-1012,2025-10-27,72.0,5067.0
D03,IG-1012,2025-11-03,70.0,4928.71
D03,IG-1012,2025-11-10,73.0,5118.66
D03,IG-1012,2025-11-17,63.0,4557.52
D03,IG-1012,2025-11-24,59.0,3969.63
D03,IG-1012,2025-12-01,68.0,4844.610000000001
D03,IG-1012,2025-12-08,58.0,4095.68
D03,IG-1012,2025-12-15,61.0,4087.08
D03,IG-1012,2025-12-22,50.0,3458.1
D03,IG-1012,2025-12-29,62.0,4177.32
D03,IG-1012,2026-01-05,53.0,3600.95
D03,IG-1012,2026-01-12,61.0,4335.79
D03,IG-1012,2026-01-19,52.0,3616.58
D03,IG-1012,2026-01-26,61.0,4321.11
D03,IG-1012,2026-02-02,69.0,4983.95
D03,IG-1012,2026-02-09,55.0,3864.52
D03,IG-1012,2026-02-16,53.0,3568.23
D03,IG-1012,2026-02-23,68.0,4401.43
D03,IG-1012,2026-03-02,70.0,4837.95
D03,IG-1012,2026-03-09,65.0,4183.26
D03,IG-1012,2026-03-16,57.0,3823.75
D03,IG-1012,2026-03-23,55.0,3760.42
D03,IG-1012,2026-03-30,58.0,3880.76
D03,IG-1012,2026-04-06,60.0,4278.799999999999
D03,IG-1012,2026-04-13,47.0,3107.28
D03,IG-1012,2026-04-20,53.0,3725.79
D03,IG-1012,2026-04-27,74.0,5036.24
D03,IG-1012,2026-05-04,64.0,4563.13
D03,IG-1012,2026-05-11,75.0,4827.79
D03,IG-1012,2026-05-18,72.0,4899.55
D03,IG-1012,2026-05-25,60.0,3990.17
D03,IG-1012,2026-06-01,60.0,3878.51
D03,IG-1012,2026-06-08,72.0,4967.13
D03,IG-1012,2026-06-15,70.0,4693.67
D03,IG-1012,2026-06-22,72.0,5063.37
D03,IG-1014,2024-01-01,34.0,1481.06
D03,IG-1014,2024-01-08,43.0,1815.97
D03,IG-1014,2024-01-15,40.0,1853.8600000000001
D03,IG-1014,2024-01-22,29.0,1212.98
D03,IG-1014,2024-01-29,38.0,1696.3400000000001
D03,IG-1014,2024-02-05,40.0,1769.67
D03,IG-1014,2024-02-12,34.0,1499.8899999999999
D03,IG-1014,2024-02-19,39.0,1796.95
D03,IG-1014,2024-02-26,44.0,1861.3200000000002
D03,IG-1014,2024-03-04,37.0,1578.22
D03,IG-1014,2024-03-11,44.0,1848.5800000000002
D03,IG-1014,2024-03-18,37.0,1541.17
D03,IG-1014,2024-03-25,36.0,1617.92
D03,IG-1014,2024-04-01,48.0,2074.39
D03,IG-1014,2024-04-08,53.0,2330.69
D03,IG-1014,2024-04-15,38.0,1722.79
D03,IG-1014,2024-04-22,53.0,2396.6400000000003
D03,IG-1014,2024-04-29,46.0,2038.81
D03,IG-1014,2024-05-06,33.0,1435.7
D03,IG-1014,2024-05-13,38.0,1568.89
D03,IG-1014,2024-05-20,52.0,2334.2999999999997
D03,IG-1014,2024-05-27,37.0,1578.15
D03,IG-1014,2024-06-03,44.0,1873.1000000000001
D03,IG-1014,2024-06-10,47.0,2016.3600000000001
D03,IG-1014,2024-06-17,51.0,2358.37
D03,IG-1014,2024-06-24,50.0,2134.2799999999997
D03,IG-1014,2024-07-01,61.0,2525.13
D03,IG-1014,2024-07-08,43.0,1790.7
D03,IG-1014,2024-07-15,49.0,2102.4
D03,IG-1014,2024-07-22,51.0,2250.22
D03,IG-1014,2024-07-29,53.0,2449.42
D03,IG-1014,2024-08-05,56.0,2554.08
D03,IG-1014,2024-08-12,45.0,1940.9
D03,IG-1014,2024-08-19,52.0,2232.9
D03,IG-1014,2024-08-26,41.0,1883.22
D03,IG-1014,2024-09-02,46.0,1976.68
D03,IG-1014,2024-09-09,50.0,2172.86
D03,IG-1014,2024-09-16,54.0,2345.79
D03,IG-1014,2024-09-23,50.0,2087.89
D03,IG-1014,2024-09-30,46.0,2124.3199999999997
D03,IG-1014,2024-10-07,45.0,1934.56
D03,IG-1014,2024-10-14,49.0,2088.31
D03,IG-1014,2024-10-21,62.0,2836.56
D03,IG-1014,2024-10-28,51.0,2178.84
D03,IG-1014,2024-11-04,47.0,2066.9
D03,IG-1014,2024-11-11,36.0,1663.56
D03,IG-1014,2024-11-18,39.0,1694.87
D03,IG-1014,2024-11-25,42.0,1850.44
D03,IG-1014,2024-12-02,51.0,2174.55
D03,IG-1014,2024-12-09,39.0,1707.29
D03,IG-1014,2024-12-16,49.0,2237.98
D03,IG-1014,2024-12-23,46.0,2015.95
D03,IG-1014,2024-12-30,48.0,2070.42
D03,IG-1014,2025-01-06,44.0,1898.96
D03,IG-1014,2025-01-13,42.0,1820.22
D03,IG-1014,2025-01-20,40.0,1841.4
D03,IG-1014,2025-01-27,52.0,2327.19
D03,IG-1014,2025-02-03,47.0,2034.8400000000001
D03,IG-1014,2025-02-10,41.0,1758.89
D03,IG-1014,2025-02-17,51.0,2284.69
D03,IG-1014,2025-02-24,83.0,3774.8
D03,IG-1014,2025-03-03,49.0,2080.0299999999997
D03,IG-1014,2025-03-10,65.0,2855.6400000000003
D03,IG-1014,2025-03-17,35.0,1502.74
D03,IG-1014,2025-03-24,50.0,2238.14
D03,IG-1014,2025-03-31,61.0,2674.15
D03,IG-1014,2025-04-07,53.0,2315.16
D03,IG-1014,2025-04-14,49.0,2058.83
D03,IG-1014,2025-04-21,54.0,2496.98
D03,IG-1014,2025-04-28,64.0,2732.23
D03,IG-1014,2025-05-05,77.0,3298.8
D03,IG-1014,2025-05-12,66.0,2800.08
D03,IG-1014,2025-05-19,52.0,2240.96
D03,IG-1014,2025-05-26,55.0,2258.02
D03,IG-1014,2025-06-02,55.0,2487.1
D03,IG-1014,2025-06-09,50.0,2303.3599999999997
D03,IG-1014,2025-06-16,56.0,2420.61
D03,IG-1014,2025-06-23,55.0,2320.35
D03,IG-1014,2025-06-30,48.0,2195.05
D03,IG-1014,2025-07-07,49.0,2073.91
D03,IG-1014,2025-07-14,46.0,2097.47
D03,IG-1014,2025-07-21,39.0,1614.38
D03,IG-1014,2025-07-28,43.0,1842.44
D03,IG-1014,2025-08-04,36.0,1490.7
D03,IG-1014,2025-08-11,37.0,1694.4900000000002
D03,IG-1014,2025-08-18,44.0,1881.3600000000001
D03,IG-1014,2025-08-25,42.0,1881.1100000000001
D03,IG-1014,2025-09-01,36.0,1612.77
D03,IG-1014,2025-09-08,40.0,1721.22
D03,IG-1014,2025-09-15,37.0,1669.26
D03,IG-1014,2025-09-22,32.0,1314.81
D03,IG-1014,2025-09-29,35.0,1593.6
D03,IG-1014,2025-10-06,38.0,1652.39
D03,IG-1014,2025-10-13,37.0,1542.74
D03,IG-1014,2025-10-20,27.0,1136.13
D03,IG-1014,2025-10-27,35.0,1539.7
D03,IG-1014,2025-11-03,34.0,1408.3600000000001
D03,IG-1014,2025-11-10,25.0,1118.95
D03,IG-1014,2025-11-17,29.0,1238.3799999999999
D03,IG-1014,2025-11-24,35.0,1452.39
D03,IG-1014,2025-12-01,39.0,1770.18
D03,IG-1014,2025-12-08,25.0,1125.05
D03,IG-1014,2025-12-15,36.0,1580.63
D03,IG-1014,2025-12-22,24.0,1060.52
D03,IG-1014,2025-12-29,38.0,1591.49
D03,IG-1014,2026-01-05,30.0,1295.68
D03,IG-1014,2026-01-12,28.0,1186.35
D03,IG-1014,2026-01-19,32.0,1473.46
D03,IG-1014,2026-01-26,27.0,1136.65
D03,IG-1014,2026-02-02,33.0,1425.3100000000002
D03,IG-1014,2026-02-09,30.0,1332.54
D03,IG-1014,2026-02-16,17.0,785.92
D03,IG-1014,2026-02-23,27.0,1196.43
D03,IG-1014,2026-03-02,32.0,1362.17
D03,IG-1014,2026-03-09,36.0,1581.99
D03,IG-1014,2026-03-16,32.0,1475.93
D03,IG-1014,2026-03-23,36.0,1502.31
D03,IG-1014,2026-03-30,27.0,1159.65
D03,IG-1014,2026-04-06,34.0,1416.31
D03,IG-1014,2026-04-13,34.0,1539.63
D03,IG-1014,2026-04-20,24.0,1070.62
D03,IG-1014,2026-04-27,37.0,1584.54
D03,IG-1014,2026-05-04,33.0,1458.98
D03,IG-1014,2026-05-11,30.0,1285.65
D03,IG-1014,2026-05-18,30.0,1245.8
D03,IG-1014,2026-05-25,27.0,1195.13
D03,IG-1014,2026-06-01,35.0,1590.15
D03,IG-1014,2026-06-08,33.0,1375.9
D03,IG-1014,2026-06-15,35.0,1443.19
D03,IG-1014,2026-06-22,32.0,1333.32
D03,IS-1022,2024-01-01,179.0,2463.4300000000003
D03,IS-1022,2024-01-08,188.0,2649.76
D03,IS-1022,2024-01-15,187.0,2569.06
D03,IS-1022,2024-01-22,248.0,3522.08
D03,IS-1022,2024-01-29,174.0,2334.8
D03,IS-1022,2024-02-05,166.0,2179.0299999999997
D03,IS-1022,2024-02-12,198.0,2749.55
D03,IS-1022,2024-02-19,217.0,2862.36
D03,IS-1022,2024-02-26,233.0,3012.08
D03,IS-1022,2024-03-04,259.0,3571.04
D03,IS-1022,2024-03-11,160.0,2275.2
D03,IS-1022,2024-03-18,287.0,4059.15
D03,IS-1022,2024-03-25,199.0,2748.45
D03,IS-1022,2024-04-01,218.0,2968.9700000000003
D03,IS-1022,2024-04-08,231.0,3301.85
D03,IS-1022,2024-04-15,167.0,2399.55
D03,IS-1022,2024-04-22,219.0,3074.98
D03,IS-1022,2024-04-29,273.0,3568.79
D03,IS-1022,2024-05-06,261.0,3587.29
D03,IS-1022,2024-05-13,221.0,2889.73
D03,IS-1022,2024-05-20,247.0,3322.87
D03,IS-1022,2024-05-27,258.0,3598.71
D03,IS-1022,2024-06-03,232.0,3240.86
D03,IS-1022,2024-06-10,260.0,3624.67
D03,IS-1022,2024-06-17,214.0,2872.8
D03,IS-1022,2024-06-24,209.0,2804.31
D03,IS-1022,2024-07-01,230.0,3264.86
D03,IS-1022,2024-07-08,167.0,2238.18
D03,IS-1022,2024-07-15,265.0,3476.14
D03,IS-1022,2024-07-22,240.0,3229.82
D03,IS-1022,2024-07-29,228.0,3158.5
D03,IS-1022,2024-08-05,264.0,3518.6800000000003
D03,IS-1022,2024-08-12,246.0,3400.2000000000003
D03,IS-1022,2024-08-19,270.0,3692.7999999999997
D03,IS-1022,2024-08-26,289.0,3871.58
D03,IS-1022,2024-09-02,237.0,3381.55
D03,IS-1022,2024-09-09,201.0,2707.9700000000003
D03,IS-1022,2024-09-16,247.0,3251.38
D03,IS-1022,2024-09-23,197.0,2538.68
D03,IS-1022,2024-09-30,194.0,2495.31
D03,IS-1022,2024-10-07,206.0,2664.01
D03,IS-1022,2024-10-14,253.0,3553.32
D03,IS-1022,2024-10-21,236.0,3042.29
D03,IS-1022,2024-10-28,239.0,3423.96
D03,IS-1022,2024-11-04,212.0,2805.1099999999997
D03,IS-1022,2024-11-11,225.0,2977.29
D03,IS-1022,2024-11-18,225.0,2982.13
D03,IS-1022,2024-11-25,185.0,2392.15
D03,IS-1022,2024-12-02,223.0,3061.76
D03,IS-1022,2024-12-09,204.0,2832.77
D03,IS-1022,2024-12-16,192.0,2705.79
D03,IS-1022,2024-12-23,193.0,2555.23
D03,IS-1022,2024-12-30,188.0,2443.48
D03,IS-1022,2025-01-06,196.0,2619.13
D03,IS-1022,2025-01-13,205.0,2706.98
D03,IS-1022,2025-01-20,228.0,3048.63
D03,IS-1022,2025-01-27,261.0,3390.08
D03,IS-1022,2025-02-03,228.0,3164.55
D03,IS-1022,2025-02-10,214.0,2917.25
D03,IS-1022,2025-02-17,157.0,2089.34
D03,IS-1022,2025-02-24,308.0,4213.82
D03,IS-1022,2025-03-03,194.0,2505.31
D03,IS-1022,2025-03-10,197.0,2553.58
D03,IS-1022,2025-03-17,265.0,3679.63
D03,IS-1022,2025-03-24,187.0,2531.4
D03,IS-1022,2025-03-31,236.0,3145.41
D03,IS-1022,2025-04-07,209.0,2711.48
D03,IS-1022,2025-04-14,217.0,2886.89
D03,IS-1022,2025-04-21,229.0,3250.08
D03,IS-1022,2025-04-28,191.0,2677.92
D03,IS-1022,2025-05-05,225.0,3171.19
D03,IS-1022,2025-05-12,268.0,3499.84
D03,IS-1022,2025-05-19,228.0,3134.51
D03,IS-1022,2025-05-26,390.0,5526.25
D03,IS-1022,2025-06-02,234.0,3169.26
D03,IS-1022,2025-06-09,193.0,2615.18
D03,IS-1022,2025-06-16,213.0,2950.62
D03,IS-1022,2025-06-23,172.0,2404.08
D03,IS-1022,2025-06-30,269.0,3596.59
D03,IS-1022,2025-07-07,290.0,3722.96
D03,IS-1022,2025-07-14,257.0,3517.29
D03,IS-1022,2025-07-21,198.0,2588.37
D03,IS-1022,2025-07-28,196.0,2616.75
D03,IS-1022,2025-08-04,247.0,3299.54
D03,IS-1022,2025-08-11,203.0,2689.44
D03,IS-1022,2025-08-18,191.0,2627.29
D03,IS-1022,2025-08-25,186.0,2399.32
D03,IS-1022,2025-09-01,282.0,3885.27
D03,IS-1022,2025-09-08,197.0,2775.38
D03,IS-1022,2025-09-15,237.0,3362.52
D03,IS-1022,2025-09-22,225.0,2913.66
D03,IS-1022,2025-09-29,180.0,2523.68
D03,IS-1022,2025-10-06,204.0,2890.96
D03,IS-1022,2025-10-13,173.0,2272.93
D03,IS-1022,2025-10-20,248.0,3310.13
D03,IS-1022,2025-10-27,173.0,2330.39
D03,IS-1022,2025-11-03,208.0,2880.4300000000003
D03,IS-1022,2025-11-10,182.0,2442.31
D03,IS-1022,2025-11-17,170.0,2268.9
D03,IS-1022,2025-11-24,229.0,3246.56
D03,IS-1022,2025-12-01,180.0,2395.99
D03,IS-1022,2025-12-08,148.0,2028.29
D03,IS-1022,2025-12-15,207.0,2826.22
D03,IS-1022,2025-12-22,175.0,2258.39
D03,IS-1022,2025-12-29,200.0,2773.5
D03,IS-1022,2026-01-05,224.0,3061.77
D03,IS-1022,2026-01-12,209.0,2736.97
D03,IS-1022,2026-01-19,228.0,3074.39
D03,IS-1022,2026-01-26,165.0,2185.87
D03,IS-1022,2026-02-02,243.0,3132.78
D03,IS-1022,2026-02-09,196.0,2644.01
D03,IS-1022,2026-02-16,167.0,2351.14
D03,IS-1022,2026-02-23,145.0,2033.4099999999999
D03,IS-1022,2026-03-02,202.0,2763.0
D03,IS-1022,2026-03-09,190.0,2669.65
D03,IS-1022,2026-03-16,192.0,2519.7
D03,IS-1022,2026-03-23,230.0,3071.0699999999997
D03,IS-1022,2026-03-30,286.0,3806.61
D03,IS-1022,2026-04-06,195.0,2539.56
D03,IS-1022,2026-04-13,228.0,3114.2400000000002
D03,IS-1022,2026-04-20,208.0,2768.6000000000004
D03,IS-1022,2026-04-27,197.0,2694.68
D03,IS-1022,2026-05-04,198.0,2681.1
D03,IS-1022,2026-05-11,297.0,3953.9500000000003
D03,IS-1022,2026-05-18,233.0,3311.74
D03,IS-1022,2026-05-25,227.0,3241.61
D03,IS-1022,2026-06-01,212.0,2786.1800000000003
D03,IS-1022,2026-06-08,238.0,3076.84
D03,IS-1022,2026-06-15,214.0,2933.79
D03,IS-1022,2026-06-22,314.0,4118.53
D03,IS-1023,2024-01-01,396.0,6301.45
D03,IS-1023,2024-01-08,422.0,6666.85
D03,IS-1023,2024-01-15,424.0,6485.52
D03,IS-1023,2024-01-22,374.0,5407.2
D03,IS-1023,2024-01-29,426.0,6861.42
D03,IS-1023,2024-02-05,353.0,5619.89
D03,IS-1023,2024-02-12,407.0,6406.7300000000005
D03,IS-1023,2024-02-19,374.0,5845.68
D03,IS-1023,2024-02-26,391.0,5955.889999999999
D03,IS-1023,2024-03-04,322.0,4910.79
D03,IS-1023,2024-03-11,428.0,6499.43
D03,IS-1023,2024-03-18,496.0,7457.76
D03,IS-1023,2024-03-25,479.0,6949.299999999999
D03,IS-1023,2024-04-01,554.0,8249.39
D03,IS-1023,2024-04-08,412.0,6336.1
D03,IS-1023,2024-04-15,447.0,6768.25
D03,IS-1023,2024-04-22,555.0,8321.460000000001
D03,IS-1023,2024-04-29,481.0,7380.9800000000005
D03,IS-1023,2024-05-06,505.0,8066.2
D03,IS-1023,2024-05-13,678.0,10150.47
D03,IS-1023,2024-05-20,477.0,7345.42
D03,IS-1023,2024-05-27,463.0,7048.9
D03,IS-1023,2024-06-03,430.0,6733.39
D03,IS-1023,2024-06-10,478.0,7164.379999999999
D03,IS-1023,2024-06-17,582.0,8902.310000000001
D03,IS-1023,2024-06-24,544.0,8402.560000000001
D03,IS-1023,2024-07-01,617.0,9513.000000000002
D03,IS-1023,2024-07-08,524.0,7861.69
D03,IS-1023,2024-07-15,353.0,5147.92
D03,IS-1023,2024-07-22,540.0,8385.01
D03,IS-1023,2024-07-29,496.0,7328.51
D03,IS-1023,2024-08-05,485.0,7597.82
D03,IS-1023,2024-08-12,577.0,9122.310000000001
D03,IS-1023,2024-08-19,457.0,7251.87
D03,IS-1023,2024-08-26,515.0,7461.23
D03,IS-1023,2024-09-02,398.0,6303.0
D03,IS-1023,2024-09-09,369.0,5871.33
D03,IS-1023,2024-09-16,419.0,6341.12
D03,IS-1023,2024-09-23,433.0,6708.71
D03,IS-1023,2024-09-30,488.0,7787.35
D03,IS-1023,2024-10-07,378.0,5681.08
D03,IS-1023,2024-10-14,553.0,8146.96
D03,IS-1023,2024-10-21,378.0,5958.14
D03,IS-1023,2024-10-28,428.0,6753.58
D03,IS-1023,2024-11-04,431.0,6861.28
D03,IS-1023,2024-11-11,447.0,6851.31
D03,IS-1023,2024-11-18,455.0,6608.02
D03,IS-1023,2024-11-25,595.0,9372.67
D03,IS-1023,2024-12-02,386.0,5803.5199999999995
D03,IS-1023,2024-12-09,442.0,6670.72
D03,IS-1023,2024-12-16,416.0,6531.06
D03,IS-1023,2024-12-23,489.0,7642.01
D03,IS-1023,2024-12-30,452.0,6739.6
D03,IS-1023,2025-01-06,438.0,6999.219999999999
D03,IS-1023,2025-01-13,340.0,4914.98
D03,IS-1023,2025-01-20,400.0,6012.32
D03,IS-1023,2025-01-27,372.0,5588.53
D03,IS-1023,2025-02-03,405.0,6204.27
D03,IS-1023,2025-02-10,386.0,6070.03
D03,IS-1023,2025-02-17,407.0,6075.5
D03,IS-1023,2025-02-24,417.0,6440.08
D03,IS-1023,2025-03-03,421.0,6494.17
D03,IS-1023,2025-03-10,431.0,6617.39
D03,IS-1023,2025-03-17,395.0,6168.57
D03,IS-1023,2025-03-24,460.0,7198.1900000000005
D03,IS-1023,2025-03-31,403.0,6037.64
D03,IS-1023,2025-04-07,425.0,6145.06
D03,IS-1023,2025-04-14,464.0,6869.299999999999
D03,IS-1023,2025-04-21,319.0,5073.13
D03,IS-1023,2025-04-28,687.0,10574.989999999998
D03,IS-1023,2025-05-05,513.0,7539.24
D03,IS-1023,2025-05-12,500.0,7939.48
D03,IS-1023,2025-05-19,441.0,6776.64
D03,IS-1023,2025-05-26,485.0,7737.31
D03,IS-1023,2025-06-02,399.0,6372.48
D03,IS-1023,2025-06-09,514.0,7984.21
D03,IS-1023,2025-06-16,370.0,5758.35
D03,IS-1023,2025-06-23,393.0,5994.5
D03,IS-1023,2025-06-30,426.0,6209.6
D03,IS-1023,2025-07-07,591.0,9234.11
D03,IS-1023,2025-07-14,397.0,5943.83
D03,IS-1023,2025-07-21,490.0,7112.71
D03,IS-1023,2025-07-28,339.0,4939.77
D03,IS-1023,2025-08-04,460.0,7099.38
D03,IS-1023,2025-08-11,590.0,9087.89
D03,IS-1023,2025-08-18,485.0,7666.19
D03,IS-1023,2025-08-25,327.0,4874.44
D03,IS-1023,2025-09-01,444.0,6499.42
D03,IS-1023,2025-09-08,408.0,6320.200000000001
D03,IS-1023,2025-09-15,520.0,7646.9
D03,IS-1023,2025-09-22,422.0,6251.469999999999
D03,IS-1023,2025-09-29,342.0,5142.030000000001
D03,IS-1023,2025-10-06,412.0,6597.62
D03,IS-1023,2025-10-13,375.0,5577.95
D03,IS-1023,2025-10-20,299.0,4418.09
D03,IS-1023,2025-10-27,400.0,6076.92
D03,IS-1023,2025-11-03,408.0,6174.12
D03,IS-1023,2025-11-10,430.0,6727.72
D03,IS-1023,2025-11-17,471.0,6825.849999999999
D03,IS-1023,2025-11-24,386.0,5872.66
D03,IS-1023,2025-12-01,321.0,4910.0599999999995
D03,IS-1023,2025-12-08,355.0,5500.280000000001
D03,IS-1023,2025-12-15,402.0,6012.42
D03,IS-1023,2025-12-22,484.0,7474.03
D03,IS-1023,2025-12-29,406.0,6424.969999999999
D03,IS-1023,2026-01-05,399.0,5785.1
D03,IS-1023,2026-01-12,396.0,6327.21
D03,IS-1023,2026-01-19,412.0,6624.88
D03,IS-1023,2026-01-26,554.0,8599.23
D03,IS-1023,2026-02-02,415.0,6590.9
D03,IS-1023,2026-02-09,408.0,5981.44
D03,IS-1023,2026-02-16,431.0,6420.96
D03,IS-1023,2026-02-23,391.0,5698.55
D03,IS-1023,2026-03-02,346.0,5016.870000000001
D03,IS-1023,2026-03-09,341.0,5426.75
D03,IS-1023,2026-03-16,401.0,6138.3
D03,IS-1023,2026-03-23,540.0,8667.560000000001
D03,IS-1023,2026-03-30,544.0,8035.179999999999
D03,IS-1023,2026-04-06,390.0,5946.110000000001
D03,IS-1023,2026-04-13,455.0,6731.48
D03,IS-1023,2026-04-20,479.0,7350.4
D03,IS-1023,2026-04-27,425.0,6801.639999999999
D03,IS-1023,2026-05-04,580.0,8883.51
D03,IS-1023,2026-05-11,538.0,8146.55
D03,IS-1023,2026-05-18,509.0,8068.62
D03,IS-1023,2026-05-25,489.0,7611.61
D03,IS-1023,2026-06-01,384.0,5668.860000000001
D03,IS-1023,2026-06-08,597.0,8928.48
D03,IS-1023,2026-06-15,532.0,8016.68
D03,IS-1023,2026-06-22,518.0,7913.450000000001
D03,IS-1024,2024-01-01,224.0,2142.6600000000003
D03,IS-1024,2024-01-08,242.0,2421.48
D03,IS-1024,2024-01-15,232.0,2210.2599999999998
D03,IS-1024,2024-01-22,249.0,2371.93
D03,IS-1024,2024-01-29,288.0,2909.1000000000004
D03,IS-1024,2024-02-05,310.0,2984.44
D03,IS-1024,2024-02-12,216.0,2104.4
D03,IS-1024,2024-02-19,290.0,2833.19
D03,IS-1024,2024-02-26,262.0,2426.51
D03,IS-1024,2024-03-04,214.0,1980.21
D03,IS-1024,2024-03-11,280.0,2765.02
D03,IS-1024,2024-03-18,347.0,3269.61
D03,IS-1024,2024-03-25,238.0,2189.37
D03,IS-1024,2024-04-01,260.0,2434.65
D03,IS-1024,2024-04-08,213.0,1936.42
D03,IS-1024,2024-04-15,269.0,2533.23
D03,IS-1024,2024-04-22,283.0,2702.16
D03,IS-1024,2024-04-29,374.0,3601.6
D03,IS-1024,2024-05-06,243.0,2335.84
D03,IS-1024,2024-05-13,325.0,3044.66
D03,IS-1024,2024-05-20,296.0,2840.0699999999997
D03,IS-1024,2024-05-27,397.0,3878.57
D03,IS-1024,2024-06-03,292.0,2810.11
D03,IS-1024,2024-06-10,283.0,2637.42
D03,IS-1024,2024-06-17,323.0,3088.91
D03,IS-1024,2024-06-24,306.0,2808.0
D03,IS-1024,2024-07-01,327.0,2971.26
D03,IS-1024,2024-07-08,308.0,2825.08
D03,IS-1024,2024-07-15,226.0,2124.48
D03,IS-1024,2024-07-22,303.0,3018.16
D03,IS-1024,2024-07-29,300.0,2951.7
D03,IS-1024,2024-08-05,247.0,2266.65
D03,IS-1024,2024-08-12,286.0,2658.6400000000003
D03,IS-1024,2024-08-19,206.0,2039.74
D03,IS-1024,2024-08-26,280.0,2562.31
D03,IS-1024,2024-09-02,296.0,2683.6
D03,IS-1024,2024-09-09,305.0,3052.2599999999998
D03,IS-1024,2024-09-16,291.0,2682.81
D03,IS-1024,2024-09-23,227.0,2171.6000000000004
D03,IS-1024,2024-09-30,206.0,2065.98
D03,IS-1024,2024-10-07,292.0,2751.15
D03,IS-1024,2024-10-14,267.0,2631.39
D03,IS-1024,2024-10-21,269.0,2511.73
D03,IS-1024,2024-10-28,318.0,2940.82
D03,IS-1024,2024-11-04,193.0,1930.73
D03,IS-1024,2024-11-11,320.0,3124.23
D03,IS-1024,2024-11-18,223.0,2107.49
D03,IS-1024,2024-11-25,274.0,2684.98
D03,IS-1024,2024-12-02,241.0,2325.17
D03,IS-1024,2024-12-09,229.0,2256.99
D03,IS-1024,2024-12-16,192.0,1913.33
D03,IS-1024,2024-12-23,218.0,2070.26
D03,IS-1024,2024-12-30,259.0,2461.65
D03,IS-1024,2025-01-06,255.0,2338.09
D03,IS-1024,2025-01-13,280.0,2628.91
D03,IS-1024,2025-01-20,220.0,2008.65
D03,IS-1024,2025-01-27,275.0,2554.94
D03,IS-1024,2025-02-03,250.0,2402.7200000000003
D03,IS-1024,2025-02-10,274.0,2685.52
D03,IS-1024,2025-02-17,271.0,2550.17
D03,IS-1024,2025-02-24,236.0,2245.7999999999997
D03,IS-1024,2025-03-03,265.0,2646.66
D03,IS-1024,2025-03-10,275.0,2571.2799999999997
D03,IS-1024,2025-03-17,292.0,2807.19
D03,IS-1024,2025-03-24,327.0,3065.63
D03,IS-1024,2025-03-31,239.0,2397.02
D03,IS-1024,2025-04-07,222.0,2081.87
D03,IS-1024,2025-04-14,323.0,3235.1000000000004
D03,IS-1024,2025-04-21,221.0,2235.0
D03,IS-1024,2025-04-28,315.0,3171.4900000000002
D03,IS-1024,2025-05-05,236.0,2186.76
D03,IS-1024,2025-05-12,247.0,2252.37
D03,IS-1024,2025-05-19,269.0,2503.13
D03,IS-1024,2025-05-26,219.0,2121.18
D03,IS-1024,2025-06-02,236.0,2379.02
D03,IS-1024,2025-06-09,212.0,2092.98
D03,IS-1024,2025-06-16,301.0,2756.78
D03,IS-1024,2025-06-23,271.0,2630.02
D03,IS-1024,2025-06-30,271.0,2622.0
D03,IS-1024,2025-07-07,266.0,2590.11
D03,IS-1024,2025-07-14,267.0,2554.59
D03,IS-1024,2025-07-21,247.0,2405.15
D03,IS-1024,2025-07-28,304.0,3074.76
D03,IS-1024,2025-08-04,201.0,1838.06
D03,IS-1024,2025-08-11,209.0,1955.28
D03,IS-1024,2025-08-18,315.0,2959.42
D03,IS-1024,2025-08-25,265.0,2519.81
D03,IS-1024,2025-09-01,186.0,1710.9
D03,IS-1024,2025-09-08,262.0,2572.94
D03,IS-1024,2025-09-15,194.0,1790.6100000000001
D03,IS-1024,2025-09-22,297.0,2809.19
D03,IS-1024,2025-09-29,278.0,2578.75
D03,IS-1024,2025-10-06,328.0,3003.86
D03,IS-1024,2025-10-13,227.0,2236.06
D03,IS-1024,2025-10-20,196.0,1892.6200000000001
D03,IS-1024,2025-10-27,216.0,1959.15
D03,IS-1024,2025-11-03,215.0,2003.6599999999999
D03,IS-1024,2025-11-10,245.0,2438.96
D03,IS-1024,2025-11-17,175.0,1601.41
D03,IS-1024,2025-11-24,230.0,2285.99
D03,IS-1024,2025-12-01,197.0,1831.55
D03,IS-1024,2025-12-08,212.0,2008.28
D03,IS-1024,2025-12-15,283.0,2752.5
D03,IS-1024,2025-12-22,268.0,2566.35
D03,IS-1024,2025-12-29,258.0,2348.06
D03,IS-1024,2026-01-05,256.0,2506.87
D03,IS-1024,2026-01-12,225.0,2123.21
D03,IS-1024,2026-01-19,234.0,2217.91
D03,IS-1024,2026-01-26,188.0,1777.4900000000002
D03,IS-1024,2026-02-02,199.0,1968.69
D03,IS-1024,2026-02-09,247.0,2304.77
D03,IS-1024,2026-02-16,207.0,2003.1899999999998
D03,IS-1024,2026-02-23,274.0,2545.41
D03,IS-1024,2026-03-02,248.0,2414.78
D03,IS-1024,2026-03-09,241.0,2349.45
D03,IS-1024,2026-03-16,233.0,2205.99
D03,IS-1024,2026-03-23,276.0,2554.17
D03,IS-1024,2026-03-30,289.0,2806.06
D03,IS-1024,2026-04-06,231.0,2150.83
D03,IS-1024,2026-04-13,246.0,2283.99
D03,IS-1024,2026-04-20,261.0,2603.98
D03,IS-1024,2026-04-27,283.0,2620.51
D03,IS-1024,2026-05-04,285.0,2798.2200000000003
D03,IS-1024,2026-05-11,270.0,2703.98
D03,IS-1024,2026-05-18,306.0,2945.13
D03,IS-1024,2026-05-25,271.0,2543.85
D03,IS-1024,2026-06-01,225.0,2159.8
D03,IS-1024,2026-06-08,339.0,3351.43
D03,IS-1024,2026-06-15,322.0,3079.85
D03,IS-1024,2026-06-22,226.0,2099.71
D03,IS-1026,2024-01-01,105.0,776.33
D03,IS-1026,2024-01-08,143.0,1077.47
D03,IS-1026,2024-01-15,120.0,864.13
D03,IS-1026,2024-01-22,129.0,920.8299999999999
D03,IS-1026,2024-01-29,120.0,853.85
D03,IS-1026,2024-02-05,149.0,1040.21
D03,IS-1026,2024-02-12,132.0,902.0
D03,IS-1026,2024-02-19,120.0,860.07
D03,IS-1026,2024-02-26,120.0,853.27
D03,IS-1026,2024-03-04,108.0,747.81
D03,IS-1026,2024-03-11,120.0,850.6800000000001
D03,IS-1026,2024-03-18,159.0,1196.6
D03,IS-1026,2024-03-25,157.0,1120.57
D03,IS-1026,2024-04-01,123.0,890.5899999999999
D03,IS-1026,2024-04-08,116.0,860.36
D03,IS-1026,2024-04-15,159.0,1171.06
D03,IS-1026,2024-04-22,148.0,1012.31
D03,IS-1026,2024-04-29,104.0,739.66
D03,IS-1026,2024-05-06,217.0,1606.65
D03,IS-1026,2024-05-13,142.0,972.28
D03,IS-1026,2024-05-20,183.0,1357.26
D03,IS-1026,2024-05-27,146.0,1046.8
D03,IS-1026,2024-06-03,122.0,924.72
D03,IS-1026,2024-06-10,147.0,1084.31
D03,IS-1026,2024-06-17,115.0,826.97
D03,IS-1026,2024-06-24,140.0,1006.23
D03,IS-1026,2024-07-01,121.0,867.32
D03,IS-1026,2024-07-08,138.0,1025.87
D03,IS-1026,2024-07-15,147.0,1106.6
D03,IS-1026,2024-07-22,147.0,1010.25
D03,IS-1026,2024-07-29,112.0,802.28
D03,IS-1026,2024-08-05,126.0,952.97
D03,IS-1026,2024-08-12,102.0,741.76
D03,IS-1026,2024-08-19,150.0,1121.58
D03,IS-1026,2024-08-26,139.0,963.42
D03,IS-1026,2024-09-02,112.0,768.78
D03,IS-1026,2024-09-09,164.0,1187.88
D03,IS-1026,2024-09-16,141.0,970.01
D03,IS-1026,2024-09-23,128.0,923.16
D03,IS-1026,2024-09-30,120.0,907.56
D03,IS-1026,2024-10-07,116.0,791.2
D03,IS-1026,2024-10-14,112.0,764.7900000000001
D03,IS-1026,2024-10-21,149.0,1101.5900000000001
D03,IS-1026,2024-10-28,129.0,979.01
D03,IS-1026,2024-11-04,105.0,764.81
D03,IS-1026,2024-11-11,149.0,1074.85
D03,IS-1026,2024-11-18,120.0,821.65
D03,IS-1026,2024-11-25,106.0,791.34
D03,IS-1026,2024-12-02,163.0,1205.2900000000002
D03,IS-1026,2024-12-09,103.0,697.98
D03,IS-1026,2024-12-16,107.0,787.66
D03,IS-1026,2024-12-23,121.0,840.23
D03,IS-1026,2024-12-30,127.0,930.62
D03,IS-1026,2025-01-06,108.0,781.62
D03,IS-1026,2025-01-13,88.0,624.54
D03,IS-1026,2025-01-20,123.0,933.1299999999999
D03,IS-1026,2025-01-27,105.0,718.79
D03,IS-1026,2025-02-03,118.0,879.64
D03,IS-1026,2025-02-10,111.0,784.47
D03,IS-1026,2025-02-17,107.0,775.3499999999999
D03,IS-1026,2025-02-24,122.0,923.22
D03,IS-1026,2025-03-03,116.0,883.94
D03,IS-1026,2025-03-10,114.0,857.5
D03,IS-1026,2025-03-17,150.0,1065.81
D03,IS-1026,2025-03-24,113.0,775.78
D03,IS-1026,2025-03-31,127.0,872.53
D03,IS-1026,2025-04-07,132.0,999.54
D03,IS-1026,2025-04-14,104.0,763.05
D03,IS-1026,2025-04-21,114.0,825.64
D03,IS-1026,2025-04-28,135.0,1008.5799999999999
D03,IS-1026,2025-05-05,134.0,997.25
D03,IS-1026,2025-05-12,121.0,918.1199999999999
D03,IS-1026,2025-05-19,136.0,989.3199999999999
D03,IS-1026,2025-05-26,142.0,991.16
D03,IS-1026,2025-06-02,149.0,1019.98
D03,IS-1026,2025-06-09,151.0,1116.0
D03,IS-1026,2025-06-16,164.0,1172.65
D03,IS-1026,2025-06-23,138.0,1048.6
D03,IS-1026,2025-06-30,110.0,816.02
D03,IS-1026,2025-07-07,129.0,909.5
D03,IS-1026,2025-07-14,111.0,782.3399999999999
D03,IS-1026,2025-07-21,151.0,1045.76
D03,IS-1026,2025-07-28,163.0,1202.2
D03,IS-1026,2025-08-04,131.0,965.6099999999999
D03,IS-1026,2025-08-11,155.0,1136.3200000000002
D03,IS-1026,2025-08-18,152.0,1111.75
D03,IS-1026,2025-08-25,134.0,980.89
D03,IS-1026,2025-09-01,137.0,966.08
D03,IS-1026,2025-09-08,144.0,998.07
D03,IS-1026,2025-09-15,101.0,727.8
D03,IS-1026,2025-09-22,127.0,911.84
D03,IS-1026,2025-09-29,132.0,933.29
D03,IS-1026,2025-10-06,97.0,726.15
D03,IS-1026,2025-10-13,159.0,1206.8400000000001
D03,IS-1026,2025-10-20,139.0,1021.5600000000001
D03,IS-1026,2025-10-27,139.0,1001.86
D03,IS-1026,2025-11-03,124.0,905.25
D03,IS-1026,2025-11-10,101.0,726.45
D03,IS-1026,2025-11-17,96.0,660.36
D03,IS-1026,2025-11-24,114.0,820.25
D03,IS-1026,2025-12-01,128.0,904.0699999999999
D03,IS-1026,2025-12-08,125.0,898.54
D03,IS-1026,2025-12-15,149.0,1031.29
D03,IS-1026,2025-12-22,110.0,812.88
D03,IS-1026,2025-12-29,110.0,775.38
D03,IS-1026,2026-01-05,117.0,842.7900000000001
D03,IS-1026,2026-01-12,99.0,701.14
D03,IS-1026,2026-01-19,148.0,1064.02
D03,IS-1026,2026-01-26,115.0,862.6500000000001
D03,IS-1026,2026-02-02,125.0,859.35
D03,IS-1026,2026-02-09,137.0,1029.77
D03,IS-1026,2026-02-16,110.0,751.87
D03,IS-1026,2026-02-23,129.0,916.04
D03,IS-1026,2026-03-02,125.0,870.26
D03,IS-1026,2026-03-09,147.0,1090.02
D03,IS-1026,2026-03-16,128.0,911.3
D03,IS-1026,2026-03-23,84.0,616.21
D03,IS-1026,2026-03-30,114.0,788.5
D03,IS-1026,2026-04-06,106.0,757.35
D03,IS-1026,2026-04-13,178.0,1278.42
D03,IS-1026,2026-04-20,166.0,1225.77
D03,IS-1026,2026-04-27,98.0,693.74
D03,IS-1026,2026-05-04,117.0,816.6600000000001
D03,IS-1026,2026-05-11,112.0,766.5
D03,IS-1026,2026-05-18,143.0,1006.65
D03,IS-1026,2026-05-25,120.0,836.3
D03,IS-1026,2026-06-01,134.0,920.48
D03,IS-1026,2026-06-08,113.0,854.8100000000001
D03,IS-1026,2026-06-15,149.0,1067.71
D03,IS-1026,2026-06-22,108.0,820.1099999999999
D03,IS-1027,2024-01-01,382.0,5770.799999999999
D03,IS-1027,2024-01-08,365.0,5323.33
D03,IS-1027,2024-01-15,457.0,6864.2
D03,IS-1027,2024-01-22,435.0,6201.59
D03,IS-1027,2024-01-29,371.0,5651.150000000001
D03,IS-1027,2024-02-05,415.0,6396.0599999999995
D03,IS-1027,2024-02-12,504.0,7113.6900000000005
D03,IS-1027,2024-02-19,376.0,5677.15
D03,IS-1027,2024-02-26,390.0,5512.72
D03,IS-1027,2024-03-04,420.0,6492.12
D03,IS-1027,2024-03-11,425.0,6381.81
D03,IS-1027,2024-03-18,539.0,7933.52
D03,IS-1027,2024-03-25,445.0,6530.96
D03,IS-1027,2024-04-01,624.0,8843.36
D03,IS-1027,2024-04-08,422.0,6086.85
D03,IS-1027,2024-04-15,526.0,7514.3
D03,IS-1027,2024-04-22,499.0,7010.780000000001
D03,IS-1027,2024-04-29,506.0,7652.39
D03,IS-1027,2024-05-06,352.0,5099.24
D03,IS-1027,2024-05-13,434.0,6185.43
D03,IS-1027,2024-05-20,501.0,7494.09
D03,IS-1027,2024-05-27,384.0,5827.86
D03,IS-1027,2024-06-03,333.0,5077.92
D03,IS-1027,2024-06-10,430.0,6011.83
D03,IS-1027,2024-06-17,544.0,7855.360000000001
D03,IS-1027,2024-06-24,555.0,7980.83
D03,IS-1027,2024-07-01,429.0,6647.54
D03,IS-1027,2024-07-08,499.0,7728.06
D03,IS-1027,2024-07-15,545.0,8268.58
D03,IS-1027,2024-07-22,621.0,8836.220000000001
D03,IS-1027,2024-07-29,614.0,8908.74
D03,IS-1027,2024-08-05,576.0,8329.72
D03,IS-1027,2024-08-12,460.0,6912.56
D03,IS-1027,2024-08-19,490.0,7093.4400000000005
D03,IS-1027,2024-08-26,495.0,7591.110000000001
D03,IS-1027,2024-09-02,469.0,6982.57
D03,IS-1027,2024-09-09,390.0,6028.32
D03,IS-1027,2024-09-16,590.0,8908.53
D03,IS-1027,2024-09-23,502.0,7537.44
D03,IS-1027,2024-09-30,531.0,8033.9
D03,IS-1027,2024-10-07,509.0,7398.55
D03,IS-1027,2024-10-14,428.0,6121.820000000001
D03,IS-1027,2024-10-21,362.0,5590.14
D03,IS-1027,2024-10-28,503.0,7084.14
D03,IS-1027,2024-11-04,495.0,7582.23
D03,IS-1027,2024-11-11,463.0,6778.23
D03,IS-1027,2024-11-18,609.0,8641.84
D03,IS-1027,2024-11-25,404.0,5801.469999999999
D03,IS-1027,2024-12-02,418.0,5917.75
D03,IS-1027,2024-12-09,451.0,6828.38
D03,IS-1027,2024-12-16,406.0,6020.16
D03,IS-1027,2024-12-23,422.0,6174.37
D03,IS-1027,2024-12-30,512.0,7449.22
D03,IS-1027,2025-01-06,399.0,6039.74
D03,IS-1027,2025-01-13,405.0,5892.74
D03,IS-1027,2025-01-20,484.0,7202.84
D03,IS-1027,2025-01-27,366.0,5121.54
D03,IS-1027,2025-02-03,444.0,6815.26
D03,IS-1027,2025-02-10,443.0,6509.73
D03,IS-1027,2025-02-17,501.0,7205.29
D03,IS-1027,2025-02-24,518.0,7410.700000000001
D03,IS-1027,2025-03-03,452.0,6354.0
D03,IS-1027,2025-03-10,461.0,6854.79
D03,IS-1027,2025-03-17,468.0,6517.18
D03,IS-1027,2025-03-24,453.0,6350.43
D03,IS-1027,2025-03-31,580.0,8229.61
D03,IS-1027,2025-04-07,519.0,7855.97
D03,IS-1027,2025-04-14,586.0,8945.32
D03,IS-1027,2025-04-21,427.0,6024.71
D03,IS-1027,2025-04-28,591.0,8625.57
D03,IS-1027,2025-05-05,501.0,7452.610000000001
D03,IS-1027,2025-05-12,547.0,7759.57
D03,IS-1027,2025-05-19,371.0,5405.05
D03,IS-1027,2025-05-26,632.0,9308.54
D03,IS-1027,2025-06-02,529.0,7931.83
D03,IS-1027,2025-06-09,655.0,10121.45
D03,IS-1027,2025-06-16,584.0,8857.47
D03,IS-1027,2025-06-23,363.0,5296.58
D03,IS-1027,2025-06-30,617.0,8795.41
D03,IS-1027,2025-07-07,503.0,7056.23
D03,IS-1027,2025-07-14,535.0,7693.57
D03,IS-1027,2025-07-21,524.0,7983.32
D03,IS-1027,2025-07-28,472.0,6626.08
D03,IS-1027,2025-08-04,447.0,6932.6
D03,IS-1027,2025-08-11,524.0,7455.08
D03,IS-1027,2025-08-18,412.0,5899.92
D03,IS-1027,2025-08-25,464.0,6839.4
D03,IS-1027,2025-09-01,565.0,8432.69
D03,IS-1027,2025-09-08,377.0,5282.87
D03,IS-1027,2025-09-15,435.0,6695.719999999999
D03,IS-1027,2025-09-22,529.0,7953.86
D03,IS-1027,2025-09-29,389.0,5531.17
D03,IS-1027,2025-10-06,327.0,4679.5
D03,IS-1027,2025-10-13,321.0,4470.860000000001
D03,IS-1027,2025-10-20,399.0,5869.68
D03,IS-1027,2025-10-27,548.0,7808.16
D03,IS-1027,2025-11-03,377.0,5582.24
D03,IS-1027,2025-11-10,403.0,6174.55
D03,IS-1027,2025-11-17,422.0,6483.83
D03,IS-1027,2025-11-24,493.0,7075.55
D03,IS-1027,2025-12-01,474.0,6752.87
D03,IS-1027,2025-12-08,407.0,5709.45
D03,IS-1027,2025-12-15,457.0,6897.43
D03,IS-1027,2025-12-22,491.0,7538.55
D03,IS-1027,2025-12-29,328.0,4749.23
D03,IS-1027,2026-01-05,399.0,5899.93
D03,IS-1027,2026-01-12,355.0,4960.71
D03,IS-1027,2026-01-19,384.0,5557.76
D03,IS-1027,2026-01-26,476.0,7255.57
D03,IS-1027,2026-02-02,364.0,5181.280000000001
D03,IS-1027,2026-02-09,622.0,9429.9
D03,IS-1027,2026-02-16,490.0,7233.35
D03,IS-1027,2026-02-23,411.0,6320.14
D03,IS-1027,2026-03-02,445.0,6565.02
D03,IS-1027,2026-03-09,378.0,5433.15
D03,IS-1027,2026-03-16,372.0,5694.14
D03,IS-1027,2026-03-23,442.0,6674.0199999999995
D03,IS-1027,2026-03-30,576.0,8041.85
D03,IS-1027,2026-04-06,387.0,5408.200000000001
D03,IS-1027,2026-04-13,581.0,8418.22
D03,IS-1027,2026-04-20,474.0,6660.4
D03,IS-1027,2026-04-27,509.0,7406.24
D03,IS-1027,2026-05-04,500.0,7176.06
D03,IS-1027,2026-05-11,559.0,8372.51
D03,IS-1027,2026-05-18,590.0,8382.72
D03,IS-1027,2026-05-25,486.0,7505.82
D03,IS-1027,2026-06-01,544.0,7708.71
D03,IS-1027,2026-06-08,613.0,8662.73
D03,IS-1027,2026-06-15,571.0,8146.0
D03,IS-1027,2026-06-22,475.0,6919.23
D03,IS-1028,2024-01-01,555.0,7435.099999999999
D03,IS-1028,2024-01-08,406.0,5598.59
D03,IS-1028,2024-01-15,716.0,9458.429999999998
D03,IS-1028,2024-01-22,522.0,6899.16
D03,IS-1028,2024-01-29,466.0,6476.2
D03,IS-1028,2024-02-05,448.0,6373.4
D03,IS-1028,2024-02-12,574.0,8210.369999999999
D03,IS-1028,2024-02-19,428.0,6154.6900000000005
D03,IS-1028,2024-02-26,449.0,6213.72
D03,IS-1028,2024-03-04,617.0,8832.33
D03,IS-1028,2024-03-11,463.0,6229.47
D03,IS-1028,2024-03-18,462.0,6568.79
D03,IS-1028,2024-03-25,453.0,6062.73
D03,IS-1028,2024-04-01,379.0,5039.14
D03,IS-1028,2024-04-08,595.0,8360.05
D03,IS-1028,2024-04-15,512.0,6727.51
D03,IS-1028,2024-04-22,610.0,8037.58
D03,IS-1028,2024-04-29,511.0,7152.42
D03,IS-1028,2024-05-06,495.0,6981.78
D03,IS-1028,2024-05-13,480.0,6722.070000000001
D03,IS-1028,2024-05-20,590.0,8110.49
D03,IS-1028,2024-05-27,474.0,6770.549999999999
D03,IS-1028,2024-06-03,567.0,7441.53
D03,IS-1028,2024-06-10,539.0,7667.86
D03,IS-1028,2024-06-17,459.0,6100.1
D03,IS-1028,2024-06-24,501.0,7015.26
D03,IS-1028,2024-07-01,535.0,7227.5199999999995
D03,IS-1028,2024-07-08,508.0,7081.84
D03,IS-1028,2024-07-15,705.0,9672.69
D03,IS-1028,2024-07-22,546.0,7402.98
D03,IS-1028,2024-07-29,509.0,6775.01
D03,IS-1028,2024-08-05,493.0,7000.349999999999
D03,IS-1028,2024-08-12,499.0,6879.26
D03,IS-1028,2024-08-19,467.0,6033.33
D03,IS-1028,2024-08-26,448.0,6009.99
D03,IS-1028,2024-09-02,549.0,7475.08
D03,IS-1028,2024-09-09,627.0,8427.11
D03,IS-1028,2024-09-16,460.0,6391.92
D03,IS-1028,2024-09-23,520.0,7022.200000000001
D03,IS-1028,2024-09-30,437.0,6280.37
D03,IS-1028,2024-10-07,485.0,6530.17
D03,IS-1028,2024-10-14,389.0,5532.56
D03,IS-1028,2024-10-21,413.0,5899.9
D03,IS-1028,2024-10-28,408.0,5295.23
D03,IS-1028,2024-11-04,452.0,6398.77
D03,IS-1028,2024-11-11,386.0,5309.37
D03,IS-1028,2024-11-18,327.0,4605.61
D03,IS-1028,2024-11-25,371.0,4816.75
D03,IS-1028,2024-12-02,442.0,6147.8
D03,IS-1028,2024-12-09,402.0,5710.05
D03,IS-1028,2024-12-16,415.0,5670.85
D03,IS-1028,2024-12-23,471.0,6681.76
D03,IS-1028,2024-12-30,401.0,5277.24
D03,IS-1028,2025-01-06,450.0,6076.59
D03,IS-1028,2025-01-13,630.0,8524.56
D03,IS-1028,2025-01-20,434.0,6202.26
D03,IS-1028,2025-01-27,448.0,6159.98
D03,IS-1028,2025-02-03,493.0,6397.92
D03,IS-1028,2025-02-10,415.0,5632.02
D03,IS-1028,2025-02-17,432.0,5797.85
D03,IS-1028,2025-02-24,469.0,6222.7
D03,IS-1028,2025-03-03,494.0,6576.469999999999
D03,IS-1028,2025-03-10,421.0,5438.27
D03,IS-1028,2025-03-17,530.0,7618.66
D03,IS-1028,2025-03-24,620.0,8536.16
D03,IS-1028,2025-03-31,372.0,5353.4
D03,IS-1028,2025-04-07,529.0,7203.12
D03,IS-1028,2025-04-14,495.0,6707.6900000000005
D03,IS-1028,2025-04-21,483.0,6298.35
D03,IS-1028,2025-04-28,533.0,7390.84
D03,IS-1028,2025-05-05,627.0,8707.9
D03,IS-1028,2025-05-12,531.0,6926.700000000001
D03,IS-1028,2025-05-19,592.0,8372.85
D03,IS-1028,2025-05-26,510.0,7278.68
D03,IS-1028,2025-06-02,542.0,7367.1
D03,IS-1028,2025-06-09,473.0,6127.23
D03,IS-1028,2025-06-16,515.0,7171.469999999999
D03,IS-1028,2025-06-23,490.0,6381.0
D03,IS-1028,2025-06-30,517.0,6767.0599999999995
D03,IS-1028,2025-07-07,395.0,5470.45
D03,IS-1028,2025-07-14,426.0,5708.31
D03,IS-1028,2025-07-21,598.0,7896.87
D03,IS-1028,2025-07-28,612.0,8674.67
D03,IS-1028,2025-08-04,380.0,5288.3
D03,IS-1028,2025-08-11,448.0,6145.879999999999
D03,IS-1028,2025-08-18,432.0,5951.18
D03,IS-1028,2025-08-25,497.0,6880.2699999999995
D03,IS-1028,2025-09-01,468.0,6118.44
D03,IS-1028,2025-09-08,520.0,7251.15
D03,IS-1028,2025-09-15,379.0,5352.66
D03,IS-1028,2025-09-22,485.0,6321.8
D03,IS-1028,2025-09-29,433.0,5770.52
D03,IS-1028,2025-10-06,404.0,5249.26
D03,IS-1028,2025-10-13,478.0,6803.469999999999
D03,IS-1028,2025-10-20,428.0,6074.21
D03,IS-1028,2025-10-27,434.0,5796.63
D03,IS-1028,2025-11-03,535.0,7434.63
D03,IS-1028,2025-11-10,440.0,6066.23
D03,IS-1028,2025-11-17,581.0,8294.57
D03,IS-1028,2025-11-24,305.0,4255.07
D03,IS-1028,2025-12-01,431.0,5806.46
D03,IS-1028,2025-12-08,366.0,4960.42
D03,IS-1028,2025-12-15,376.0,5064.12
D03,IS-1028,2025-12-22,393.0,5249.73
D03,IS-1028,2025-12-29,500.0,6793.92
D03,IS-1028,2026-01-05,412.0,5484.28
D03,IS-1028,2026-01-12,371.0,5146.99
D03,IS-1028,2026-01-19,489.0,6520.780000000001
D03,IS-1028,2026-01-26,374.0,5111.4400000000005
D03,IS-1028,2026-02-02,580.0,7917.97
D03,IS-1028,2026-02-09,375.0,5377.29
D03,IS-1028,2026-02-16,441.0,6273.11
D03,IS-1028,2026-02-23,621.0,8210.59
D03,IS-1028,2026-03-02,448.0,5990.17
D03,IS-1028,2026-03-09,506.0,6988.36
D03,IS-1028,2026-03-16,473.0,6688.37
D03,IS-1028,2026-03-23,486.0,6538.780000000001
D03,IS-1028,2026-03-30,434.0,5645.43
D03,IS-1028,2026-04-06,530.0,7490.2
D03,IS-1028,2026-04-13,610.0,8194.33
D03,IS-1028,2026-04-20,377.0,5154.0199999999995
D03,IS-1028,2026-04-27,443.0,6056.48
D03,IS-1028,2026-05-04,471.0,6344.13
D03,IS-1028,2026-05-11,451.0,5997.63
D03,IS-1028,2026-05-18,571.0,7705.66
D03,IS-1028,2026-05-25,475.0,6195.2300000000005
D03,IS-1028,2026-06-01,528.0,6861.530000000001
D03,IS-1028,2026-06-08,654.0,9266.199999999999
D03,IS-1028,2026-06-15,400.0,5499.94
D03,IS-1028,2026-06-22,549.0,7355.21
D03,LD-1037,2024-01-01,2274.0,1434.65
D03,LD-1037,2024-01-08,1681.0,1088.0800000000002
D03,LD-1037,2024-01-15,2726.0,1725.05
D03,LD-1037,2024-01-22,2278.0,1401.0
D03,LD-1037,2024-01-29,2885.0,1791.0
D03,LD-1037,2024-02-05,2261.0,1344.37
D03,LD-1037,2024-02-12,2450.0,1544.8400000000001
D03,LD-1037,2024-02-19,3006.0,1870.9399999999998
D03,LD-1037,2024-02-26,3074.0,1987.88
D03,LD-1037,2024-03-04,2882.0,1842.85
D03,LD-1037,2024-03-11,1937.0,1154.34
D03,LD-1037,2024-03-18,2138.0,1356.27
D03,LD-1037,2024-03-25,2904.0,1793.14
D03,LD-1037,2024-04-01,2376.0,1491.66
D03,LD-1037,2024-04-08,2690.0,1604.22
D03,LD-1037,2024-04-15,2767.0,1652.91
D03,LD-1037,2024-04-22,2807.0,1807.18
D03,LD-1037,2024-04-29,2321.0,1370.91
D03,LD-1037,2024-05-06,3188.0,1898.84
D03,LD-1037,2024-05-13,2539.0,1490.97
D03,LD-1037,2024-05-20,3012.0,1879.05
D03,LD-1037,2024-05-27,2680.0,1707.1399999999999
D03,LD-1037,2024-06-03,3694.0,2163.35
D03,LD-1037,2024-06-10,3443.0,2180.34
D03,LD-1037,2024-06-17,3812.0,2419.91
D03,LD-1037,2024-06-24,3542.0,2228.0299999999997
D03,LD-1037,2024-07-01,2702.0,1716.52
D03,LD-1037,2024-07-08,2536.0,1506.4
D03,LD-1037,2024-07-15,2306.0,1423.91
D03,LD-1037,2024-07-22,2830.0,1680.15
D03,LD-1037,2024-07-29,2711.0,1647.82
D03,LD-1037,2024-08-05,2665.0,1644.42
D03,LD-1037,2024-08-12,2349.0,1471.0300000000002
D03,LD-1037,2024-08-19,2785.0,1777.25
D03,LD-1037,2024-08-26,2469.0,1467.1100000000001
D03,LD-1037,2024-09-02,2409.0,1501.93
D03,LD-1037,2024-09-09,2629.0,1533.18
D03,LD-1037,2024-09-16,2511.0,1612.83
D03,LD-1037,2024-09-23,2032.0,1198.96
D03,LD-1037,2024-09-30,2215.0,1318.53
D03,LD-1037,2024-10-07,2675.0,1557.35
D03,LD-1037,2024-10-14,2431.0,1520.88
D03,LD-1037,2024-10-21,1815.0,1143.64
D03,LD-1037,2024-10-28,2678.0,1701.27
D03,LD-1037,2024-11-04,2379.0,1414.92
D03,LD-1037,2024-11-11,2033.0,1189.34
D03,LD-1037,2024-11-18,2147.0,1283.98
D03,LD-1037,2024-11-25,2425.0,1427.82
D03,LD-1037,2024-12-02,1696.0,1071.94
D03,LD-1037,2024-12-09,2514.0,1491.75
D03,LD-1037,2024-12-16,2738.0,1654.5700000000002
D03,LD-1037,2024-12-23,2704.0,1644.8200000000002
D03,LD-1037,2024-12-30,2822.0,1657.9299999999998
D03,LD-1037,2025-01-06,2120.0,1255.24
D03,LD-1037,2025-01-13,2798.0,1648.76
D03,LD-1037,2025-01-20,2512.0,1478.56
D03,LD-1037,2025-01-27,2143.0,1258.18
D03,LD-1037,2025-02-03,2626.0,1628.67
D03,LD-1037,2025-02-10,2637.0,1670.24
D03,LD-1037,2025-02-17,3140.0,2011.44
D03,LD-1037,2025-02-24,3011.0,1910.23
D03,LD-1037,2025-03-03,2291.0,1358.8700000000001
D03,LD-1037,2025-03-10,2700.0,1750.7200000000003
D03,LD-1037,2025-03-17,2721.0,1695.8
D03,LD-1037,2025-03-24,2715.0,1731.05
D03,LD-1037,2025-03-31,2520.0,1538.17
D03,LD-1037,2025-04-07,3462.0,2137.9700000000003
D03,LD-1037,2025-04-14,2443.0,1495.98
D03,LD-1037,2025-04-21,3468.0,2245.8199999999997
D03,LD-1037,2025-04-28,2196.0,1416.04
D03,LD-1037,2025-05-05,2582.0,1610.9
D03,LD-1037,2025-05-12,3081.0,1993.22
D03,LD-1037,2025-05-19,2354.0,1511.13
D03,LD-1037,2025-05-26,2476.0,1548.55
D03,LD-1037,2025-06-02,3000.0,1875.54
D03,LD-1037,2025-06-09,2138.0,1323.18
D03,LD-1037,2025-06-16,3268.0,2080.78
D03,LD-1037,2025-06-23,3451.0,2136.12
D03,LD-1037,2025-06-30,3464.0,2187.06
D03,LD-1037,2025-07-07,2884.0,1740.9699999999998
D03,LD-1037,2025-07-14,2564.0,1576.47
D03,LD-1037,2025-07-21,2575.0,1604.52
D03,LD-1037,2025-07-28,2820.0,1720.66
D03,LD-1037,2025-08-04,2734.0,1739.96
D03,LD-1037,2025-08-11,2513.0,1629.4
D03,LD-1037,2025-08-18,3345.0,2049.66
D03,LD-1037,2025-08-25,2520.0,1574.33
D03,LD-1037,2025-09-01,3213.0,2070.43
D03,LD-1037,2025-09-08,2604.0,1681.72
D03,LD-1037,2025-09-15,2555.0,1583.64
D03,LD-1037,2025-09-22,2719.0,1620.6799999999998
D03,LD-1037,2025-09-29,2689.0,1666.15
D03,LD-1037,2025-10-06,2417.0,1451.18
D03,LD-1037,2025-10-13,2665.0,1685.38
D03,LD-1037,2025-10-20,2693.0,1657.02
D03,LD-1037,2025-10-27,3090.0,1983.16
D03,LD-1037,2025-11-03,2422.0,1564.71
D03,LD-1037,2025-11-10,2120.0,1265.27
D03,LD-1037,2025-11-17,2144.0,1371.3
D03,LD-1037,2025-11-24,3375.0,2106.24
D03,LD-1037,2025-12-01,1781.0,1077.3200000000002
D03,LD-1037,2025-12-08,1974.0,1231.81
D03,LD-1037,2025-12-15,2371.0,1436.46
D03,LD-1037,2025-12-22,2157.0,1283.65
D03,LD-1037,2025-12-29,2684.0,1596.55
D03,LD-1037,2026-01-05,2660.0,1605.29
D03,LD-1037,2026-01-12,2212.0,1345.48
D03,LD-1037,2026-01-19,3022.0,1844.99
D03,LD-1037,2026-01-26,2059.0,1278.43
D03,LD-1037,2026-02-02,2192.0,1293.1399999999999
D03,LD-1037,2026-02-09,3127.0,1944.12
D03,LD-1037,2026-02-16,2049.0,1218.07
D03,LD-1037,2026-02-23,2650.0,1641.77
D03,LD-1037,2026-03-02,3214.0,1888.1499999999999
D03,LD-1037,2026-03-09,1737.0,1102.93
D03,LD-1037,2026-03-16,2462.0,1488.44
D03,LD-1037,2026-03-23,3014.0,1842.83
D03,LD-1037,2026-03-30,2533.0,1529.33
D03,LD-1037,2026-04-06,2684.0,1697.79
D03,LD-1037,2026-04-13,2759.0,1610.8600000000001
D03,LD-1037,2026-04-20,2831.0,1767.92
D03,LD-1037,2026-04-27,2409.0,1435.31
D03,LD-1037,2026-05-04,3067.0,1857.08
D03,LD-1037,2026-05-11,2854.0,1753.67
D03,LD-1037,2026-05-18,2322.0,1396.73
D03,LD-1037,2026-05-25,2578.0,1567.63
D03,LD-1037,2026-06-01,2240.0,1377.01
D03,LD-1037,2026-06-08,2861.0,1734.2200000000003
D03,LD-1037,2026-06-15,2980.0,1915.59
D03,LD-1037,2026-06-22,2854.0,1851.92
D03,LD-1039,2024-01-01,1792.0,598.28
D03,LD-1039,2024-01-08,2731.0,880.85
D03,LD-1039,2024-01-15,2078.0,696.75
D03,LD-1039,2024-01-22,2603.0,859.34
D03,LD-1039,2024-01-29,2554.0,837.88
D03,LD-1039,2024-02-05,2543.0,796.79
D03,LD-1039,2024-02-12,2236.0,717.45
D03,LD-1039,2024-02-19,1873.0,602.58
D03,LD-1039,2024-02-26,2201.0,715.31
D03,LD-1039,2024-03-04,2179.0,678.74
D03,LD-1039,2024-03-11,2271.0,711.27
D03,LD-1039,2024-03-18,1937.0,657.02
D03,LD-1039,2024-03-25,2252.0,720.28
D03,LD-1039,2024-04-01,1530.0,503.98
D03,LD-1039,2024-04-08,2287.0,725.76
D03,LD-1039,2024-04-15,2457.0,785.34
D03,LD-1039,2024-04-22,2160.0,716.72
D03,LD-1039,2024-04-29,2347.0,724.14
D03,LD-1039,2024-05-06,2519.0,827.21
D03,LD-1039,2024-05-13,2875.0,956.57
D03,LD-1039,2024-05-20,2904.0,961.3900000000001
D03,LD-1039,2024-05-27,2602.0,886.54
D03,LD-1039,2024-06-03,2479.0,810.99
D03,LD-1039,2024-06-10,2627.0,889.26
D03,LD-1039,2024-06-17,3261.0,1103.62
D03,LD-1039,2024-06-24,2680.0,851.3
D03,LD-1039,2024-07-01,2578.0,848.8899999999999
D03,LD-1039,2024-07-08,2901.0,892.8499999999999
D03,LD-1039,2024-07-15,2476.0,838.76
D03,LD-1039,2024-07-22,2151.0,730.36
D03,LD-1039,2024-07-29,2602.0,811.0899999999999
D03,LD-1039,2024-08-05,2474.0,801.58
D03,LD-1039,2024-08-12,2315.0,725.18
D03,LD-1039,2024-08-19,2573.0,812.2
D03,LD-1039,2024-08-26,1791.0,586.51
D03,LD-1039,2024-09-02,2147.0,673.14
D03,LD-1039,2024-09-09,2022.0,632.94
D03,LD-1039,2024-09-16,2033.0,651.53
D03,LD-1039,2024-09-23,2211.0,747.9
D03,LD-1039,2024-09-30,1955.0,640.3499999999999
D03,LD-1039,2024-10-07,2856.0,914.3499999999999
D03,LD-1039,2024-10-14,2356.0,768.98
D03,LD-1039,2024-10-21,1939.0,642.71
D03,LD-1039,2024-10-28,1670.0,519.88
D03,LD-1039,2024-11-04,1974.0,662.02
D03,LD-1039,2024-11-11,2040.0,661.8499999999999
D03,LD-1039,2024-11-18,1940.0,644.53
D03,LD-1039,2024-11-25,3115.0,1005.1800000000001
D03,LD-1039,2024-12-02,1657.0,524.35
D03,LD-1039,2024-12-09,2138.0,657.67
D03,LD-1039,2024-12-16,2082.0,685.98
D03,LD-1039,2024-12-23,2049.0,674.71
D03,LD-1039,2024-12-30,1595.0,517.63
D03,LD-1039,2025-01-06,2129.0,674.6400000000001
D03,LD-1039,2025-01-13,2214.0,737.28
D03,LD-1039,2025-01-20,2412.0,819.76
D03,LD-1039,2025-01-27,2348.0,776.05
D03,LD-1039,2025-02-03,2643.0,847.94
D03,LD-1039,2025-02-10,1634.0,514.72
D03,LD-1039,2025-02-17,2163.0,731.04
D03,LD-1039,2025-02-24,3294.0,1038.89
D03,LD-1039,2025-03-03,2678.0,910.3
D03,LD-1039,2025-03-10,1855.0,623.5899999999999
D03,LD-1039,2025-03-17,2360.0,733.39
D03,LD-1039,2025-03-24,2009.0,656.55
D03,LD-1039,2025-03-31,2223.0,705.72
D03,LD-1039,2025-04-07,3229.0,1088.79
D03,LD-1039,2025-04-14,2784.0,898.3399999999999
D03,LD-1039,2025-04-21,1934.0,635.5699999999999
D03,LD-1039,2025-04-28,2179.0,685.03
D03,LD-1039,2025-05-05,2458.0,768.01
D03,LD-1039,2025-05-12,2374.0,768.57
D03,LD-1039,2025-05-19,2598.0,878.8100000000001
D03,LD-1039,2025-05-26,2213.0,736.62
D03,LD-1039,2025-06-02,2356.0,775.36
D03,LD-1039,2025-06-09,2214.0,686.77
D03,LD-1039,2025-06-16,2356.0,732.01
D03,LD-1039,2025-06-23,2762.0,926.19
D03,LD-1039,2025-06-30,2592.0,830.17
D03,LD-1039,2025-07-07,2223.0,751.46
D03,LD-1039,2025-07-14,2913.0,923.31
D03,LD-1039,2025-07-21,2867.0,953.41
D03,LD-1039,2025-07-28,2428.0,805.63
D03,LD-1039,2025-08-04,2320.0,775.81
D03,LD-1039,2025-08-11,3116.0,1006.6
D03,LD-1039,2025-08-18,3018.0,927.6600000000001
D03,LD-1039,2025-08-25,1873.0,599.18
D03,LD-1039,2025-09-01,2785.0,863.69
D03,LD-1039,2025-09-08,2987.0,936.34
D03,LD-1039,2025-09-15,2521.0,798.16
D03,LD-1039,2025-09-22,2109.0,683.68
D03,LD-1039,2025-09-29,2128.0,724.14
D03,LD-1039,2025-10-06,2870.0,946.28
D03,LD-1039,2025-10-13,2495.0,802.19
D03,LD-1039,2025-10-20,2371.0,785.31
D03,LD-1039,2025-10-27,3077.0,945.5400000000001
D03,LD-1039,2025-11-03,1852.0,609.31
D03,LD-1039,2025-11-10,2114.0,665.37
D03,LD-1039,2025-11-17,2196.0,738.11
D03,LD-1039,2025-11-24,2061.0,684.52
D03,LD-1039,2025-12-01,1611.0,524.81
D03,LD-1039,2025-12-08,2467.0,783.25
D03,LD-1039,2025-12-15,1897.0,594.86
D03,LD-1039,2025-12-22,1895.0,630.35
D03,LD-1039,2025-12-29,2022.0,631.05
D03,LD-1039,2026-01-05,2070.0,643.26
D03,LD-1039,2026-01-12,2116.0,675.32
D03,LD-1039,2026-01-19,2505.0,788.13
D03,LD-1039,2026-01-26,2603.0,803.1600000000001
D03,LD-1039,2026-02-02,2118.0,721.36
D03,LD-1039,2026-02-09,2030.0,631.1500000000001
D03,LD-1039,2026-02-16,2198.0,698.3299999999999
D03,LD-1039,2026-02-23,1978.0,611.56
D03,LD-1039,2026-03-02,2274.0,779.6
D03,LD-1039,2026-03-09,2001.0,671.9200000000001
D03,LD-1039,2026-03-16,3204.0,1038.98
D03,LD-1039,2026-03-23,2396.0,772.0500000000001
D03,LD-1039,2026-03-30,2188.0,740.73
D03,LD-1039,2026-04-06,2659.0,905.39
D03,LD-1039,2026-04-13,2004.0,653.04
D03,LD-1039,2026-04-20,2183.0,713.97
D03,LD-1039,2026-04-27,2605.0,824.86
D03,LD-1039,2026-05-04,2509.0,818.76
D03,LD-1039,2026-05-11,2890.0,990.83
D03,LD-1039,2026-05-18,1646.0,551.03
D03,LD-1039,2026-05-25,2810.0,879.23
D03,LD-1039,2026-06-01,2295.0,725.6800000000001
D03,LD-1039,2026-06-08,2090.0,687.17
D03,LD-1039,2026-06-15,1922.0,633.46
D03,LD-1039,2026-06-22,2287.0,707.94
D03,LD-1040,2024-01-01,3124.0,1455.37
D03,LD-1040,2024-01-08,3412.0,1543.73
D03,LD-1040,2024-01-15,1608.0,717.1500000000001
D03,LD-1040,2024-01-22,3409.0,1565.63
D03,LD-1040,2024-01-29,4112.0,1861.61
D03,LD-1040,2024-02-05,5045.0,2247.99
D03,LD-1040,2024-02-12,3473.0,1587.04
D03,LD-1040,2024-02-19,3578.0,1739.51
D03,LD-1040,2024-02-26,3328.0,1552.57
D03,LD-1040,2024-03-04,3719.0,1801.17
D03,LD-1040,2024-03-11,2864.0,1284.28
D03,LD-1040,2024-03-18,4576.0,2222.25
D03,LD-1040,2024-03-25,3206.0,1522.85
D03,LD-1040,2024-04-01,3502.0,1607.58
D03,LD-1040,2024-04-08,4036.0,1800.21
D03,LD-1040,2024-04-15,4940.0,2250.06
D03,LD-1040,2024-04-22,3560.0,1711.15
D03,LD-1040,2024-04-29,3961.0,1815.43
D03,LD-1040,2024-05-06,4280.0,1917.41
D03,LD-1040,2024-05-13,3721.0,1819.42
D03,LD-1040,2024-05-20,4056.0,1869.36
D03,LD-1040,2024-05-27,3262.0,1554.3899999999999
D03,LD-1040,2024-06-03,3832.0,1715.05
D03,LD-1040,2024-06-10,4992.0,2298.25
D03,LD-1040,2024-06-17,4688.0,2155.63
D03,LD-1040,2024-06-24,3875.0,1739.0
D03,LD-1040,2024-07-01,3548.0,1723.86
D03,LD-1040,2024-07-08,3986.0,1921.85
D03,LD-1040,2024-07-15,3289.0,1450.08
D03,LD-1040,2024-07-22,3955.0,1745.8799999999999
D03,LD-1040,2024-07-29,3805.0,1830.77
D03,LD-1040,2024-08-05,3757.0,1696.87
D03,LD-1040,2024-08-12,3902.0,1764.3000000000002
D03,LD-1040,2024-08-19,4283.0,1893.34
D03,LD-1040,2024-08-26,3351.0,1549.46
D03,LD-1040,2024-09-02,4479.0,2001.68
D03,LD-1040,2024-09-09,4550.0,2051.72
D03,LD-1040,2024-09-16,5294.0,2413.92
D03,LD-1040,2024-09-23,3941.0,1842.4199999999998
D03,LD-1040,2024-09-30,4657.0,2155.8
D03,LD-1040,2024-10-07,4284.0,2082.27
D03,LD-1040,2024-10-14,3775.0,1701.4499999999998
D03,LD-1040,2024-10-21,3032.0,1386.68
D03,LD-1040,2024-10-28,4132.0,1888.8700000000001
D03,LD-1040,2024-11-04,3721.0,1635.19
D03,LD-1040,2024-11-11,4669.0,2095.87
D03,LD-1040,2024-11-18,3973.0,1752.79
D03,LD-1040,2024-11-25,4153.0,1878.59
D03,LD-1040,2024-12-02,3244.0,1559.88
D03,LD-1040,2024-12-09,3668.0,1762.8600000000001
D03,LD-1040,2024-12-16,2651.0,1197.96
D03,LD-1040,2024-12-23,3852.0,1829.5500000000002
D03,LD-1040,2024-12-30,4268.0,1922.9099999999999
D03,LD-1040,2025-01-06,4400.0,2116.63
D03,LD-1040,2025-01-13,3404.0,1559.62
D03,LD-1040,2025-01-20,2752.0,1216.02
D03,LD-1040,2025-01-27,3357.0,1600.05
D03,LD-1040,2025-02-03,3626.0,1595.91
D03,LD-1040,2025-02-10,3934.0,1911.18
D03,LD-1040,2025-02-17,2754.0,1226.96
D03,LD-1040,2025-02-24,3711.0,1732.0800000000002
D03,LD-1040,2025-03-03,3257.0,1575.23
D03,LD-1040,2025-03-10,4774.0,2258.34
D03,LD-1040,2025-03-17,2734.0,1257.21
D03,LD-1040,2025-03-24,4559.0,2063.72
D03,LD-1040,2025-03-31,3858.0,1874.21
D03,LD-1040,2025-04-07,2932.0,1396.14
D03,LD-1040,2025-04-14,5167.0,2434.16
D03,LD-1040,2025-04-21,4955.0,2404.23
D03,LD-1040,2025-04-28,4913.0,2181.67
D03,LD-1040,2025-05-05,4154.0,1843.33
D03,LD-1040,2025-05-12,3721.0,1801.26
D03,LD-1040,2025-05-19,4171.0,1881.05
D03,LD-1040,2025-05-26,4495.0,2029.13
D03,LD-1040,2025-06-02,3824.0,1743.51
D03,LD-1040,2025-06-09,3649.0,1631.75
D03,LD-1040,2025-06-16,4467.0,2149.8199999999997
D03,LD-1040,2025-06-23,4265.0,1888.76
D03,LD-1040,2025-06-30,4746.0,2304.65
D03,LD-1040,2025-07-07,5171.0,2420.48
D03,LD-1040,2025-07-14,4657.0,2103.97
D03,LD-1040,2025-07-21,3427.0,1537.8600000000001
D03,LD-1040,2025-07-28,4039.0,1817.5
D03,LD-1040,2025-08-04,4258.0,2073.57
D03,LD-1040,2025-08-11,4500.0,2136.5099999999998
D03,LD-1040,2025-08-18,4495.0,2178.9
D03,LD-1040,2025-08-25,3883.0,1781.6100000000001
D03,LD-1040,2025-09-01,3605.0,1598.81
D03,LD-1040,2025-09-08,4471.0,2019.52
D03,LD-1040,2025-09-15,4028.0,1924.81
D03,LD-1040,2025-09-22,3932.0,1899.9900000000002
D03,LD-1040,2025-09-29,3359.0,1495.78
D03,LD-1040,2025-10-06,5070.0,2356.9
D03,LD-1040,2025-10-13,3808.0,1808.14
D03,LD-1040,2025-10-20,3592.0,1695.7399999999998
D03,LD-1040,2025-10-27,3750.0,1825.68
D03,LD-1040,2025-11-03,3520.0,1573.23
D03,LD-1040,2025-11-10,2943.0,1335.93
D03,LD-1040,2025-11-17,3718.0,1679.92
D03,LD-1040,2025-11-24,2851.0,1312.28
D03,LD-1040,2025-12-01,3593.0,1687.26
D03,LD-1040,2025-12-08,2784.0,1238.49
D03,LD-1040,2025-12-15,2561.0,1236.49
D03,LD-1040,2025-12-22,3886.0,1870.6299999999999
D03,LD-1040,2025-12-29,3013.0,1452.72
D03,LD-1040,2026-01-05,3811.0,1827.3899999999999
D03,LD-1040,2026-01-12,3682.0,1771.17
D03,LD-1040,2026-01-19,3693.0,1644.8
D03,LD-1040,2026-01-26,3312.0,1572.96
D03,LD-1040,2026-02-02,3597.0,1746.2599999999998
D03,LD-1040,2026-02-09,3353.0,1545.98
D03,LD-1040,2026-02-16,4302.0,1966.36
D03,LD-1040,2026-02-23,3506.0,1570.3
D03,LD-1040,2026-03-02,3667.0,1792.1599999999999
D03,LD-1040,2026-03-09,4297.0,1978.2599999999998
D03,LD-1040,2026-03-16,3535.0,1671.82
D03,LD-1040,2026-03-23,2994.0,1395.8200000000002
D03,LD-1040,2026-03-30,3371.0,1626.8999999999999
D03,LD-1040,2026-04-06,4670.0,2160.71
D03,LD-1040,2026-04-13,4068.0,1877.43
D03,LD-1040,2026-04-20,4228.0,2060.75
D03,LD-1040,2026-04-27,4258.0,1912.21
D03,LD-1040,2026-05-04,5356.0,2544.62
D03,LD-1040,2026-05-11,3014.0,1470.02
D03,LD-1040,2026-05-18,4052.0,1945.57
D03,LD-1040,2026-05-25,4160.0,1900.55
D03,LD-1040,2026-06-01,4136.0,1936.4
D03,LD-1040,2026-06-08,4679.0,2143.6
D03,LD-1040,2026-06-15,4694.0,2274.01
D03,LD-1040,2026-06-22,4009.0,1863.6
D03,LD-1041,2024-01-01,2546.0,1384.61
D03,LD-1041,2024-01-08,3293.0,1660.84
D03,LD-1041,2024-01-15,2803.0,1506.08
D03,LD-1041,2024-01-22,2153.0,1064.65
D03,LD-1041,2024-01-29,4578.0,2415.13
D03,LD-1041,2024-02-05,2577.0,1335.52
D03,LD-1041,2024-02-12,2025.0,1015.19
D03,LD-1041,2024-02-19,2251.0,1158.62
D03,LD-1041,2024-02-26,2274.0,1200.43
D03,LD-1041,2024-03-04,2190.0,1123.45
D03,LD-1041,2024-03-11,2923.0,1547.73
D03,LD-1041,2024-03-18,1832.0,947.95
D03,LD-1041,2024-03-25,3196.0,1746.24
D03,LD-1041,2024-04-01,3145.0,1563.54
D03,LD-1041,2024-04-08,2622.0,1339.76
D03,LD-1041,2024-04-15,3246.0,1717.6100000000001
D03,LD-1041,2024-04-22,2419.0,1202.17
D03,LD-1041,2024-04-29,2528.0,1348.87
D03,LD-1041,2024-05-06,3133.0,1586.78
D03,LD-1041,2024-05-13,2809.0,1464.8000000000002
D03,LD-1041,2024-05-20,2649.0,1451.85
D03,LD-1041,2024-05-27,2868.0,1557.69
D03,LD-1041,2024-06-03,3561.0,1775.98
D03,LD-1041,2024-06-10,3542.0,1891.61
D03,LD-1041,2024-06-17,3114.0,1656.1
D03,LD-1041,2024-06-24,2765.0,1368.6100000000001
D03,LD-1041,2024-07-01,3146.0,1704.14
D03,LD-1041,2024-07-08,2547.0,1368.29
D03,LD-1041,2024-07-15,3438.0,1792.19
D03,LD-1041,2024-07-22,3308.0,1732.59
D03,LD-1041,2024-07-29,3808.0,1966.92
D03,LD-1041,2024-08-05,2509.0,1342.21
D03,LD-1041,2024-08-12,2443.0,1215.93
D03,LD-1041,2024-08-19,3023.0,1572.97
D03,LD-1041,2024-08-26,2648.0,1336.49
D03,LD-1041,2024-09-02,3175.0,1734.07
D03,LD-1041,2024-09-09,3298.0,1779.6399999999999
D03,LD-1041,2024-09-16,3461.0,1852.13
D03,LD-1041,2024-09-23,2678.0,1423.01
D03,LD-1041,2024-09-30,3001.0,1519.35
D03,LD-1041,2024-10-07,2412.0,1201.97
D03,LD-1041,2024-10-14,2669.0,1343.85
D03,LD-1041,2024-10-21,2543.0,1289.0
D03,LD-1041,2024-10-28,2504.0,1369.8899999999999
D03,LD-1041,2024-11-04,3324.0,1824.35
D03,LD-1041,2024-11-11,2056.0,1033.01
D03,LD-1041,2024-11-18,2502.0,1337.78
D03,LD-1041,2024-11-25,2517.0,1304.41
D03,LD-1041,2024-12-02,2744.0,1442.01
D03,LD-1041,2024-12-09,2112.0,1083.26
D03,LD-1041,2024-12-16,2382.0,1285.53
D03,LD-1041,2024-12-23,2283.0,1240.17
D03,LD-1041,2024-12-30,1786.0,960.34
D03,LD-1041,2025-01-06,2994.0,1523.83
D03,LD-1041,2025-01-13,2028.0,1029.59
D03,LD-1041,2025-01-20,2001.0,1014.8
D03,LD-1041,2025-01-27,2955.0,1609.15
D03,LD-1041,2025-02-03,2457.0,1231.22
D03,LD-1041,2025-02-10,2491.0,1304.96
D03,LD-1041,2025-02-17,2521.0,1332.48
D03,LD-1041,2025-02-24,3119.0,1633.35
D03,LD-1041,2025-03-03,2468.0,1232.3600000000001
D03,LD-1041,2025-03-10,2959.0,1476.64
D03,LD-1041,2025-03-17,2303.0,1143.97
D03,LD-1041,2025-03-24,2899.0,1455.58
D03,LD-1041,2025-03-31,3187.0,1621.89
D03,LD-1041,2025-04-07,3466.0,1779.4
D03,LD-1041,2025-04-14,2243.0,1226.24
D03,LD-1041,2025-04-21,2726.0,1468.3
D03,LD-1041,2025-04-28,3646.0,1862.48
D03,LD-1041,2025-05-05,3313.0,1716.32
D03,LD-1041,2025-05-12,2813.0,1402.84
D03,LD-1041,2025-05-19,2911.0,1467.9
D03,LD-1041,2025-05-26,3050.0,1632.38
D03,LD-1041,2025-06-02,2763.0,1461.34
D03,LD-1041,2025-06-09,3173.0,1675.97
D03,LD-1041,2025-06-16,3145.0,1595.5
D03,LD-1041,2025-06-23,2468.0,1277.4199999999998
D03,LD-1041,2025-06-30,2703.0,1387.16
D03,LD-1041,2025-07-07,2708.0,1469.47
D03,LD-1041,2025-07-14,2776.0,1455.17
D03,LD-1041,2025-07-21,2987.0,1613.91
D03,LD-1041,2025-07-28,2928.0,1606.4299999999998
D03,LD-1041,2025-08-04,2540.0,1341.79
D03,LD-1041,2025-08-11,3432.0,1822.8899999999999
D03,LD-1041,2025-08-18,2786.0,1521.01
D03,LD-1041,2025-08-25,3436.0,1762.8200000000002
D03,LD-1041,2025-09-01,3392.0,1813.6200000000001
D03,LD-1041,2025-09-08,2309.0,1239.38
D03,LD-1041,2025-09-15,2490.0,1323.65
D03,LD-1041,2025-09-22,2494.0,1312.75
D03,LD-1041,2025-09-29,2756.0,1478.79
D03,LD-1041,2025-10-06,2906.0,1530.4099999999999
D03,LD-1041,2025-10-13,2641.0,1412.97
D03,LD-1041,2025-10-20,2360.0,1197.75
D03,LD-1041,2025-10-27,3260.0,1796.06
D03,LD-1041,2025-11-03,2368.0,1204.77
D03,LD-1041,2025-11-10,2811.0,1513.22
D03,LD-1041,2025-11-17,2490.0,1348.58
D03,LD-1041,2025-11-24,2472.0,1297.87
D03,LD-1041,2025-12-01,2757.0,1376.6799999999998
D03,LD-1041,2025-12-08,3139.0,1596.39
D03,LD-1041,2025-12-15,2608.0,1406.0800000000002
D03,LD-1041,2025-12-22,2320.0,1168.13
D03,LD-1041,2025-12-29,3127.0,1690.04
D03,LD-1041,2026-01-05,2708.0,1458.8600000000001
D03,LD-1041,2026-01-12,2594.0,1321.38
D03,LD-1041,2026-01-19,2969.0,1466.78
D03,LD-1041,2026-01-26,2690.0,1426.95
D03,LD-1041,2026-02-02,3735.0,1973.9899999999998
D03,LD-1041,2026-02-09,2607.0,1398.49
D03,LD-1041,2026-02-16,3125.0,1556.08
D03,LD-1041,2026-02-23,2837.0,1471.15
D03,LD-1041,2026-03-02,2863.0,1464.53
D03,LD-1041,2026-03-09,2564.0,1361.55
D03,LD-1041,2026-03-16,2590.0,1340.19
D03,LD-1041,2026-03-23,2972.0,1471.26
D03,LD-1041,2026-03-30,2444.0,1258.78
D03,LD-1041,2026-04-06,2575.0,1410.8600000000001
D03,LD-1041,2026-04-13,2836.0,1550.98
D03,LD-1041,2026-04-20,3433.0,1800.6499999999999
D03,LD-1041,2026-04-27,2904.0,1440.39
D03,LD-1041,2026-05-04,2913.0,1580.7
D03,LD-1041,2026-05-11,2473.0,1361.6
D03,LD-1041,2026-05-18,3752.0,2004.2
D03,LD-1041,2026-05-25,3444.0,1863.37
D03,LD-1041,2026-06-01,3508.0,1768.27
D03,LD-1041,2026-06-08,2351.0,1280.98
D03,LD-1041,2026-06-15,3080.0,1681.34
D03,LD-1041,2026-06-22,2534.0,1324.46
D03,PM-1001,2024-01-01,1741.0,2085.8999999999996
D03,PM-1001,2024-01-08,1866.0,2129.31
D03,PM-1001,2024-01-15,2159.0,2596.4
D03,PM-1001,2024-01-22,2227.0,2470.0
D03,PM-1001,2024-01-29,2092.0,2354.98
D03,PM-1001,2024-02-05,2257.0,2758.0699999999997
D03,PM-1001,2024-02-12,2435.0,2863.06
D03,PM-1001,2024-02-19,2113.0,2589.83
D03,PM-1001,2024-02-26,1847.0,2062.4700000000003
D03,PM-1001,2024-03-04,2079.0,2556.27
D03,PM-1001,2024-03-11,1732.0,2136.2200000000003
D03,PM-1001,2024-03-18,2275.0,2668.79
D03,PM-1001,2024-03-25,2011.0,2406.5
D03,PM-1001,2024-04-01,2221.0,2601.34
D03,PM-1001,2024-04-08,2175.0,2631.6099999999997
D03,PM-1001,2024-04-15,2097.0,2426.3
D03,PM-1001,2024-04-22,2314.0,2637.2
D03,PM-1001,2024-04-29,2210.0,2576.98
D03,PM-1001,2024-05-06,2060.0,2319.12
D03,PM-1001,2024-05-13,1929.0,2316.7
D03,PM-1001,2024-05-20,2408.0,2865.59
D03,PM-1001,2024-05-27,1910.0,2157.08
D03,PM-1001,2024-06-03,3001.0,3425.96
D03,PM-1001,2024-06-10,2783.0,3357.5299999999997
D03,PM-1001,2024-06-17,1806.0,2209.14
D03,PM-1001,2024-06-24,2515.0,2830.99
D03,PM-1001,2024-07-01,2708.0,3226.29
D03,PM-1001,2024-07-08,2083.0,2556.17
D03,PM-1001,2024-07-15,2386.0,2706.58
D03,PM-1001,2024-07-22,2209.0,2475.21
D03,PM-1001,2024-07-29,2478.0,2847.89
D03,PM-1001,2024-08-05,2077.0,2456.36
D03,PM-1001,2024-08-12,2565.0,2980.4
D03,PM-1001,2024-08-19,2138.0,2493.02
D03,PM-1001,2024-08-26,2064.0,2546.73
D03,PM-1001,2024-09-02,2364.0,2670.85
D03,PM-1001,2024-09-09,2431.0,2837.88
D03,PM-1001,2024-09-16,1482.0,1760.38
D03,PM-1001,2024-09-23,1348.0,1632.11
D03,PM-1001,2024-09-30,2172.0,2451.4399999999996
D03,PM-1001,2024-10-07,1852.0,2219.0
D03,PM-1001,2024-10-14,1663.0,1987.36
D03,PM-1001,2024-10-21,1902.0,2259.99
D03,PM-1001,2024-10-28,3090.0,3524.79
D03,PM-1001,2024-11-04,1625.0,1827.0800000000002
D03,PM-1001,2024-11-11,2254.0,2731.83
D03,PM-1001,2024-11-18,1753.0,2156.03
D03,PM-1001,2024-11-25,1576.0,1760.8500000000001
D03,PM-1001,2024-12-02,1784.0,2153.71
D03,PM-1001,2024-12-09,1579.0,1811.62
D03,PM-1001,2024-12-16,1546.0,1770.27
D03,PM-1001,2024-12-23,1757.0,2161.48
D03,PM-1001,2024-12-30,1669.0,1868.95
D03,PM-1001,2025-01-06,1931.0,2235.41
D03,PM-1001,2025-01-13,2035.0,2451.9700000000003
D03,PM-1001,2025-01-20,1774.0,1996.95
D03,PM-1001,2025-01-27,2211.0,2598.49
D03,PM-1001,2025-02-03,1835.0,2253.54
D03,PM-1001,2025-02-10,1999.0,2308.47
D03,PM-1001,2025-02-17,1491.0,1833.15
D03,PM-1001,2025-02-24,2109.0,2369.22
D03,PM-1001,2025-03-03,2949.0,3446.23
D03,PM-1001,2025-03-10,2393.0,2756.55
D03,PM-1001,2025-03-17,2090.0,2332.13
D03,PM-1001,2025-03-24,1820.0,2174.48
D03,PM-1001,2025-03-31,2790.0,3337.07
D03,PM-1001,2025-04-07,2150.0,2570.56
D03,PM-1001,2025-04-14,2007.0,2357.01
D03,PM-1001,2025-04-21,2029.0,2484.37
D03,PM-1001,2025-04-28,3072.0,3419.85
D03,PM-1001,2025-05-05,2224.0,2605.48
D03,PM-1001,2025-05-12,2434.0,2950.76
D03,PM-1001,2025-05-19,2214.0,2506.54
D03,PM-1001,2025-05-26,2267.0,2672.86
D03,PM-1001,2025-06-02,2151.0,2631.54
D03,PM-1001,2025-06-09,2840.0,3449.87
D03,PM-1001,2025-06-16,2308.0,2757.39
D03,PM-1001,2025-06-23,1853.0,2171.15
D03,PM-1001,2025-06-30,2422.0,2826.68
D03,PM-1001,2025-07-07,2236.0,2676.48
D03,PM-1001,2025-07-14,2397.0,2951.29
D03,PM-1001,2025-07-21,2142.0,2391.2799999999997
D03,PM-1001,2025-07-28,2062.0,2316.16
D03,PM-1001,2025-08-04,2539.0,3020.78
D03,PM-1001,2025-08-11,2912.0,3592.32
D03,PM-1001,2025-08-18,1653.0,1984.53
D03,PM-1001,2025-08-25,2192.0,2649.48
D03,PM-1001,2025-09-01,1978.0,2432.39
D03,PM-1001,2025-09-08,1853.0,2291.75
D03,PM-1001,2025-09-15,1522.0,1757.39
D03,PM-1001,2025-09-22,2199.0,2488.52
D03,PM-1001,2025-09-29,1919.0,2170.79
D03,PM-1001,2025-10-06,1885.0,2121.27
D03,PM-1001,2025-10-13,2428.0,2743.4300000000003
D03,PM-1001,2025-10-20,1883.0,2319.94
D03,PM-1001,2025-10-27,1858.0,2149.32
D03,PM-1001,2025-11-03,1624.0,1936.3400000000001
D03,PM-1001,2025-11-10,1722.0,1938.01
D03,PM-1001,2025-11-17,2449.0,2858.4700000000003
D03,PM-1001,2025-11-24,2147.0,2548.18
D03,PM-1001,2025-12-01,2372.0,2817.65
D03,PM-1001,2025-12-08,1723.0,2069.73
D03,PM-1001,2025-12-15,2064.0,2539.69
D03,PM-1001,2025-12-22,2293.0,2830.1800000000003
D03,PM-1001,2025-12-29,2144.0,2439.64
D03,PM-1001,2026-01-05,2502.0,2858.13
D03,PM-1001,2026-01-12,2108.0,2546.0
D03,PM-1001,2026-01-19,1996.0,2228.32
D03,PM-1001,2026-01-26,1413.0,1660.43
D03,PM-1001,2026-02-02,2158.0,2459.5
D03,PM-1001,2026-02-09,2237.0,2654.66
D03,PM-1001,2026-02-16,2451.0,2727.7999999999997
D03,PM-1001,2026-02-23,1849.0,2260.55
D03,PM-1001,2026-03-02,2093.0,2369.62
D03,PM-1001,2026-03-09,1673.0,1935.1599999999999
D03,PM-1001,2026-03-16,1684.0,1994.6499999999999
D03,PM-1001,2026-03-23,2338.0,2836.61
D03,PM-1001,2026-03-30,2641.0,2969.83
D03,PM-1001,2026-04-06,2678.0,3206.76
D03,PM-1001,2026-04-13,2372.0,2874.26
D03,PM-1001,2026-04-20,3040.0,3635.55
D03,PM-1001,2026-04-27,2123.0,2580.4
D03,PM-1001,2026-05-04,2590.0,3028.1800000000003
D03,PM-1001,2026-05-11,1867.0,2081.59
D03,PM-1001,2026-05-18,1425.0,1631.2800000000002
D03,PM-1001,2026-05-25,2130.0,2572.39
D03,PM-1001,2026-06-01,2252.0,2625.8100000000004
D03,PM-1001,2026-06-08,2376.0,2881.56
D03,PM-1001,2026-06-15,2230.0,2600.76
D03,PM-1001,2026-06-22,2417.0,2723.2599999999998
D03,PM-1002,2024-01-01,2116.0,2638.62
D03,PM-1002,2024-01-08,2107.0,2574.53
D03,PM-1002,2024-01-15,2213.0,2713.4500000000003
D03,PM-1002,2024-01-22,1613.0,2080.74
D03,PM-1002,2024-01-29,2413.0,3023.1299999999997
D03,PM-1002,2024-02-05,2357.0,2887.99
D03,PM-1002,2024-02-12,1635.0,2004.0
D03,PM-1002,2024-02-19,3093.0,3805.1099999999997
D03,PM-1002,2024-02-26,2178.0,2880.2200000000003
D03,PM-1002,2024-03-04,1859.0,2271.09
D03,PM-1002,2024-03-11,2326.0,2762.09
D03,PM-1002,2024-03-18,1955.0,2476.81
D03,PM-1002,2024-03-25,1776.0,2235.8999999999996
D03,PM-1002,2024-04-01,2191.0,2796.58
D03,PM-1002,2024-04-08,2224.0,2748.91
D03,PM-1002,2024-04-15,1832.0,2314.43
D03,PM-1002,2024-04-22,2079.0,2605.08
D03,PM-1002,2024-04-29,2014.0,2660.89
D03,PM-1002,2024-05-06,2242.0,2908.98
D03,PM-1002,2024-05-13,2619.0,3431.16
D03,PM-1002,2024-05-20,2436.0,2961.87
D03,PM-1002,2024-05-27,2380.0,3023.89
D03,PM-1002,2024-06-03,1822.0,2318.24
D03,PM-1002,2024-06-10,2387.0,2935.43
D03,PM-1002,2024-06-17,2035.0,2516.02
D03,PM-1002,2024-06-24,1848.0,2251.16
D03,PM-1002,2024-07-01,2721.0,3497.79
D03,PM-1002,2024-07-08,1946.0,2364.52
D03,PM-1002,2024-07-15,2399.0,3125.58
D03,PM-1002,2024-07-22,2186.0,2871.47
D03,PM-1002,2024-07-29,2025.0,2578.27
D03,PM-1002,2024-08-05,2786.0,3404.42
D03,PM-1002,2024-08-12,2103.0,2745.86
D03,PM-1002,2024-08-19,2107.0,2603.23
D03,PM-1002,2024-08-26,2026.0,2565.3599999999997
D03,PM-1002,2024-09-02,2301.0,2856.2599999999998
D03,PM-1002,2024-09-09,2167.0,2779.9
D03,PM-1002,2024-09-16,1978.0,2462.53
D03,PM-1002,2024-09-23,1895.0,2492.27
D03,PM-1002,2024-09-30,2143.0,2763.83
D03,PM-1002,2024-10-07,1938.0,2409.18
D03,PM-1002,2024-10-14,2744.0,3394.21
D03,PM-1002,2024-10-21,1942.0,2495.88
D03,PM-1002,2024-10-28,2194.0,2800.87
D03,PM-1002,2024-11-04,2045.0,2538.19
D03,PM-1002,2024-11-11,1975.0,2501.0299999999997
D03,PM-1002,2024-11-18,2350.0,2984.76
D03,PM-1002,2024-11-25,2233.0,2678.31
D03,PM-1002,2024-12-02,2222.0,2830.36
D03,PM-1002,2024-12-09,2217.0,2692.93
D03,PM-1002,2024-12-16,1604.0,1907.51
D03,PM-1002,2024-12-23,2187.0,2843.34
D03,PM-1002,2024-12-30,1978.0,2460.3
D03,PM-1002,2025-01-06,1909.0,2492.83
D03,PM-1002,2025-01-13,3484.0,4370.29
D03,PM-1002,2025-01-20,1673.0,2190.52
D03,PM-1002,2025-01-27,2073.0,2498.4300000000003
D03,PM-1002,2025-02-03,2065.0,2598.59
D03,PM-1002,2025-02-10,2111.0,2505.16
D03,PM-1002,2025-02-17,1852.0,2363.73
D03,PM-1002,2025-02-24,2251.0,2865.79
D03,PM-1002,2025-03-03,1857.0,2340.0600000000004
D03,PM-1002,2025-03-10,2316.0,2986.6099999999997
D03,PM-1002,2025-03-17,2294.0,2922.43
D03,PM-1002,2025-03-24,2180.0,2880.6400000000003
D03,PM-1002,2025-03-31,2257.0,2865.08
D03,PM-1002,2025-04-07,2919.0,3571.01
D03,PM-1002,2025-04-14,2530.0,3006.41
D03,PM-1002,2025-04-21,2398.0,3159.0099999999998
D03,PM-1002,2025-04-28,2507.0,3274.05
D03,PM-1002,2025-05-05,2380.0,3106.46
D03,PM-1002,2025-05-12,2582.0,3101.27
D03,PM-1002,2025-05-19,2178.0,2833.86
D03,PM-1002,2025-05-26,3332.0,4170.62
D03,PM-1002,2025-06-02,2464.0,3077.69
D03,PM-1002,2025-06-09,3662.0,4513.95
D03,PM-1002,2025-06-16,3340.0,4332.82
D03,PM-1002,2025-06-23,2218.0,2646.59
D03,PM-1002,2025-06-30,2472.0,3085.39
D03,PM-1002,2025-07-07,2510.0,3287.9300000000003
D03,PM-1002,2025-07-14,2721.0,3323.2999999999997
D03,PM-1002,2025-07-21,2399.0,2971.5699999999997
D03,PM-1002,2025-07-28,2801.0,3376.92
D03,PM-1002,2025-08-04,1782.0,2265.16
D03,PM-1002,2025-08-11,2100.0,2540.45
D03,PM-1002,2025-08-18,2218.0,2661.81
D03,PM-1002,2025-08-25,2046.0,2511.62
D03,PM-1002,2025-09-01,1728.0,2231.49
D03,PM-1002,2025-09-08,2534.0,3021.08
D03,PM-1002,2025-09-15,1862.0,2355.11
D03,PM-1002,2025-09-22,1967.0,2421.93
D03,PM-1002,2025-09-29,2415.0,3080.93
D03,PM-1002,2025-10-06,2567.0,3394.28
D03,PM-1002,2025-10-13,1946.0,2337.12
D03,PM-1002,2025-10-20,1799.0,2325.6
D03,PM-1002,2025-10-27,1847.0,2258.1099999999997
D03,PM-1002,2025-11-03,2450.0,3176.7200000000003
D03,PM-1002,2025-11-10,2458.0,3031.49
D03,PM-1002,2025-11-17,2160.0,2712.59
D03,PM-1002,2025-11-24,2124.0,2540.13
D03,PM-1002,2025-12-01,1676.0,1993.46
D03,PM-1002,2025-12-08,2189.0,2708.98
D03,PM-1002,2025-12-15,2299.0,3038.63
D03,PM-1002,2025-12-22,2098.0,2702.8799999999997
D03,PM-1002,2025-12-29,2116.0,2719.21
D03,PM-1002,2026-01-05,1766.0,2126.27
D03,PM-1002,2026-01-12,2470.0,2932.39
D03,PM-1002,2026-01-19,1702.0,2114.38
D03,PM-1002,2026-01-26,2096.0,2491.85
D03,PM-1002,2026-02-02,2269.0,2731.9300000000003
D03,PM-1002,2026-02-09,2536.0,3054.23
D03,PM-1002,2026-02-16,2525.0,3076.05
D03,PM-1002,2026-02-23,2582.0,3390.36
D03,PM-1002,2026-03-02,2100.0,2721.8900000000003
D03,PM-1002,2026-03-09,3145.0,3748.64
D03,PM-1002,2026-03-16,2638.0,3263.07
D03,PM-1002,2026-03-23,2145.0,2702.12
D03,PM-1002,2026-03-30,2186.0,2837.7599999999998
D03,PM-1002,2026-04-06,2580.0,3121.95
D03,PM-1002,2026-04-13,2163.0,2790.31
D03,PM-1002,2026-04-20,1929.0,2379.99
D03,PM-1002,2026-04-27,2381.0,2884.52
D03,PM-1002,2026-05-04,1682.0,2030.62
D03,PM-1002,2026-05-11,2508.0,3200.67
D03,PM-1002,2026-05-18,2625.0,3418.37
D03,PM-1002,2026-05-25,2298.0,2959.8
D03,PM-1002,2026-06-01,2846.0,3449.53
D03,PM-1002,2026-06-08,2724.0,3421.55
D03,PM-1002,2026-06-15,2056.0,2578.85
D03,PM-1002,2026-06-22,2408.0,2957.9500000000003
D03,PM-1003,2024-01-01,3694.0,1876.47
D03,PM-1003,2024-01-08,3841.0,1994.42
D03,PM-1003,2024-01-15,2346.0,1111.64
D03,PM-1003,2024-01-22,3715.0,1945.1
D03,PM-1003,2024-01-29,3367.0,1722.6399999999999
D03,PM-1003,2024-02-05,2349.0,1130.35
D03,PM-1003,2024-02-12,4025.0,1981.28
D03,PM-1003,2024-02-19,3528.0,1714.94
D03,PM-1003,2024-02-26,2770.0,1379.86
D03,PM-1003,2024-03-04,3772.0,1910.76
D03,PM-1003,2024-03-11,3687.0,1754.74
D03,PM-1003,2024-03-18,3929.0,1876.95
D03,PM-1003,2024-03-25,2736.0,1431.88
D03,PM-1003,2024-04-01,3527.0,1690.45
D03,PM-1003,2024-04-08,3213.0,1643.73
D03,PM-1003,2024-04-15,3661.0,1786.45
D03,PM-1003,2024-04-22,2929.0,1427.88
D03,PM-1003,2024-04-29,3216.0,1551.86
D03,PM-1003,2024-05-06,4818.0,2419.85
D03,PM-1003,2024-05-13,4574.0,2159.74
D03,PM-1003,2024-05-20,4462.0,2334.13
D03,PM-1003,2024-05-27,4821.0,2398.92
D03,PM-1003,2024-06-03,2926.0,1528.92
D03,PM-1003,2024-06-10,3843.0,2014.6200000000001
D03,PM-1003,2024-06-17,4018.0,1919.18
D03,PM-1003,2024-06-24,3649.0,1911.67
D03,PM-1003,2024-07-01,2917.0,1492.0
D03,PM-1003,2024-07-08,4387.0,2196.3
D03,PM-1003,2024-07-15,4196.0,2138.91
D03,PM-1003,2024-07-22,3465.0,1711.54
D03,PM-1003,2024-07-29,4290.0,2156.91
D03,PM-1003,2024-08-05,3822.0,1968.58
D03,PM-1003,2024-08-12,4093.0,2095.15
D03,PM-1003,2024-08-19,3217.0,1586.3
D03,PM-1003,2024-08-26,3790.0,1811.21
D03,PM-1003,2024-09-02,3761.0,1931.03
D03,PM-1003,2024-09-09,3466.0,1822.8000000000002
D03,PM-1003,2024-09-16,2379.0,1175.31
D03,PM-1003,2024-09-23,3611.0,1900.02
D03,PM-1003,2024-09-30,3614.0,1889.96
D03,PM-1003,2024-10-07,2998.0,1450.99
D03,PM-1003,2024-10-14,3732.0,1801.89
D03,PM-1003,2024-10-21,3525.0,1819.33
D03,PM-1003,2024-10-28,3587.0,1819.73
D03,PM-1003,2024-11-04,3167.0,1597.8400000000001
D03,PM-1003,2024-11-11,2580.0,1329.16
D03,PM-1003,2024-11-18,2578.0,1267.61
D03,PM-1003,2024-11-25,3669.0,1919.61
D03,PM-1003,2024-12-02,2803.0,1348.1399999999999
D03,PM-1003,2024-12-09,2929.0,1479.79
D03,PM-1003,2024-12-16,3747.0,1825.18
D03,PM-1003,2024-12-23,2402.0,1153.77
D03,PM-1003,2024-12-30,2609.0,1292.11
D03,PM-1003,2025-01-06,3753.0,1900.88
D03,PM-1003,2025-01-13,3395.0,1782.99
D03,PM-1003,2025-01-20,2502.0,1299.0
D03,PM-1003,2025-01-27,3181.0,1552.79
D03,PM-1003,2025-02-03,3517.0,1748.6399999999999
D03,PM-1003,2025-02-10,2929.0,1494.02
D03,PM-1003,2025-02-17,2807.0,1466.94
D03,PM-1003,2025-02-24,2732.0,1436.6100000000001
D03,PM-1003,2025-03-03,4035.0,2088.22
D03,PM-1003,2025-03-10,4196.0,2153.38
D03,PM-1003,2025-03-17,4057.0,1964.4
D03,PM-1003,2025-03-24,4399.0,2291.13
D03,PM-1003,2025-03-31,4471.0,2183.95
D03,PM-1003,2025-04-07,2965.0,1441.3400000000001
D03,PM-1003,2025-04-14,4359.0,2123.5600000000004
D03,PM-1003,2025-04-21,3843.0,1831.73
D03,PM-1003,2025-04-28,5057.0,2536.87
D03,PM-1003,2025-05-05,6355.0,3082.17
D03,PM-1003,2025-05-12,3731.0,1918.3400000000001
D03,PM-1003,2025-05-19,3684.0,1818.19
D03,PM-1003,2025-05-26,3651.0,1857.0700000000002
D03,PM-1003,2025-06-02,3915.0,2011.45
D03,PM-1003,2025-06-09,4013.0,2108.84
D03,PM-1003,2025-06-16,5753.0,2872.74
D03,PM-1003,2025-06-23,3951.0,1953.77
D03,PM-1003,2025-06-30,3616.0,1888.44
D03,PM-1003,2025-07-07,3850.0,1821.1399999999999
D03,PM-1003,2025-07-14,3379.0,1704.49
D03,PM-1003,2025-07-21,2575.0,1345.29
D03,PM-1003,2025-07-28,3696.0,1882.7199999999998
D03,PM-1003,2025-08-04,5323.0,2585.67
D03,PM-1003,2025-08-11,4252.0,2021.42
D03,PM-1003,2025-08-18,3434.0,1621.38
D03,PM-1003,2025-08-25,3855.0,1930.0600000000002
D03,PM-1003,2025-09-01,5282.0,2633.18
D03,PM-1003,2025-09-08,3697.0,1823.12
D03,PM-1003,2025-09-15,3109.0,1567.35
D03,PM-1003,2025-09-22,3556.0,1835.8
D03,PM-1003,2025-09-29,3839.0,2017.63
D03,PM-1003,2025-10-06,3678.0,1798.99
D03,PM-1003,2025-10-13,4259.0,2038.91
D03,PM-1003,2025-10-20,3449.0,1729.42
D03,PM-1003,2025-10-27,2374.0,1218.52
D03,PM-1003,2025-11-03,3598.0,1752.0800000000002
D03,PM-1003,2025-11-10,3542.0,1744.95
D03,PM-1003,2025-11-17,3493.0,1655.58
D03,PM-1003,2025-11-24,2914.0,1387.58
D03,PM-1003,2025-12-01,4454.0,2158.71
D03,PM-1003,2025-12-08,2804.0,1432.7
D03,PM-1003,2025-12-15,2851.0,1410.37
D03,PM-1003,2025-12-22,3198.0,1522.23
D03,PM-1003,2025-12-29,4051.0,2042.21
D03,PM-1003,2026-01-05,4095.0,1972.73
D03,PM-1003,2026-01-12,3690.0,1803.28
D03,PM-1003,2026-01-19,3857.0,1875.67
D03,PM-1003,2026-01-26,2795.0,1379.21
D03,PM-1003,2026-02-02,2654.0,1303.4099999999999
D03,PM-1003,2026-02-09,3267.0,1544.07
D03,PM-1003,2026-02-16,3982.0,2042.49
D03,PM-1003,2026-02-23,4035.0,2088.25
D03,PM-1003,2026-03-02,3119.0,1631.15
D03,PM-1003,2026-03-09,3099.0,1537.33
D03,PM-1003,2026-03-16,4317.0,2135.22
D03,PM-1003,2026-03-23,3763.0,1863.16
D03,PM-1003,2026-03-30,2704.0,1378.42
D03,PM-1003,2026-04-06,3144.0,1490.55
D03,PM-1003,2026-04-13,4034.0,2043.63
D03,PM-1003,2026-04-20,3163.0,1659.86
D03,PM-1003,2026-04-27,3281.0,1696.71
D03,PM-1003,2026-05-04,3318.0,1670.7
D03,PM-1003,2026-05-11,4381.0,2223.61
D03,PM-1003,2026-05-18,3851.0,1911.64
D03,PM-1003,2026-05-25,4973.0,2467.81
D03,PM-1003,2026-06-01,3632.0,1757.78
D03,PM-1003,2026-06-08,3755.0,1946.1899999999998
D03,PM-1003,2026-06-15,4073.0,1948.63
D03,PM-1003,2026-06-22,3521.0,1845.01
D03,PM-1004,2024-01-01,2218.0,2501.75
D03,PM-1004,2024-01-08,1291.0,1477.58
D03,PM-1004,2024-01-15,2199.0,2563.21
D03,PM-1004,2024-01-22,1858.0,2263.8900000000003
D03,PM-1004,2024-01-29,1294.0,1537.45
D03,PM-1004,2024-02-05,1976.0,2379.62
D03,PM-1004,2024-02-12,1851.0,2130.09
D03,PM-1004,2024-02-19,1788.0,1989.51
D03,PM-1004,2024-02-26,1854.0,2060.2400000000002
D03,PM-1004,2024-03-04,1944.0,2183.95
D03,PM-1004,2024-03-11,1962.0,2258.9
D03,PM-1004,2024-03-18,1593.0,1759.62
D03,PM-1004,2024-03-25,2131.0,2505.95
D03,PM-1004,2024-04-01,1912.0,2127.52
D03,PM-1004,2024-04-08,2590.0,3149.58
D03,PM-1004,2024-04-15,2341.0,2695.48
D03,PM-1004,2024-04-22,2398.0,2868.79
D03,PM-1004,2024-04-29,2758.0,3186.28
D03,PM-1004,2024-05-06,2343.0,2786.89
D03,PM-1004,2024-05-13,2062.0,2333.3
D03,PM-1004,2024-05-20,1441.0,1589.28
D03,PM-1004,2024-05-27,2199.0,2609.47
D03,PM-1004,2024-06-03,2754.0,3314.66
D03,PM-1004,2024-06-10,2431.0,2776.45
D03,PM-1004,2024-06-17,1969.0,2232.84
D03,PM-1004,2024-06-24,2140.0,2546.33
D03,PM-1004,2024-07-01,1946.0,2181.97
D03,PM-1004,2024-07-08,2207.0,2498.25
D03,PM-1004,2024-07-15,1943.0,2184.9
D03,PM-1004,2024-07-22,2589.0,3150.5099999999998
D03,PM-1004,2024-07-29,2110.0,2410.61
D03,PM-1004,2024-08-05,2139.0,2395.2799999999997
D03,PM-1004,2024-08-12,1803.0,2021.94
D03,PM-1004,2024-08-19,1901.0,2177.64
D03,PM-1004,2024-08-26,1687.0,1868.92
D03,PM-1004,2024-09-02,2458.0,2909.78
D03,PM-1004,2024-09-09,1822.0,2186.89
D03,PM-1004,2024-09-16,1997.0,2384.0699999999997
D03,PM-1004,2024-09-23,1530.0,1680.4099999999999
D03,PM-1004,2024-09-30,1590.0,1836.18
D03,PM-1004,2024-10-07,1825.0,2110.99
D03,PM-1004,2024-10-14,1793.0,2051.02
D03,PM-1004,2024-10-21,1934.0,2305.12
D03,PM-1004,2024-10-28,2502.0,3063.2400000000002
D03,PM-1004,2024-11-04,1359.0,1491.2
D03,PM-1004,2024-11-11,2118.0,2541.4500000000003
D03,PM-1004,2024-11-18,1962.0,2263.17
D03,PM-1004,2024-11-25,1655.0,1985.2
D03,PM-1004,2024-12-02,1698.0,1950.06
D03,PM-1004,2024-12-09,2142.0,2435.36
D03,PM-1004,2024-12-16,1795.0,1983.86
D03,PM-1004,2024-12-23,1730.0,2019.19
D03,PM-1004,2024-12-30,1556.0,1905.78
D03,PM-1004,2025-01-06,1613.0,1826.26
D03,PM-1004,2025-01-13,1532.0,1710.6
D03,PM-1004,2025-01-20,2113.0,2544.8
D03,PM-1004,2025-01-27,1657.0,1949.74
D03,PM-1004,2025-02-03,1571.0,1753.79
D03,PM-1004,2025-02-10,1945.0,2292.01
D03,PM-1004,2025-02-17,1692.0,2031.49
D03,PM-1004,2025-02-24,2435.0,2837.55
D03,PM-1004,2025-03-03,1961.0,2273.66
D03,PM-1004,2025-03-10,2030.0,2312.95
D03,PM-1004,2025-03-17,2050.0,2315.84
D03,PM-1004,2025-03-24,2185.0,2522.83
D03,PM-1004,2025-03-31,2252.0,2566.8
D03,PM-1004,2025-04-07,2050.0,2451.08
D03,PM-1004,2025-04-14,1767.0,2142.65
D03,PM-1004,2025-04-21,2025.0,2318.13
D03,PM-1004,2025-04-28,2105.0,2383.37
D03,PM-1004,2025-05-05,1642.0,1825.82
D03,PM-1004,2025-05-12,1537.0,1839.91
D03,PM-1004,2025-05-19,1764.0,2038.23
D03,PM-1004,2025-05-26,1583.0,1925.62
D03,PM-1004,2025-06-02,1975.0,2274.12
D03,PM-1004,2025-06-09,1893.0,2192.04
D03,PM-1004,2025-06-16,2153.0,2547.84
D03,PM-1004,2025-06-23,2359.0,2699.13
D03,PM-1004,2025-06-30,2209.0,2667.4700000000003
D03,PM-1004,2025-07-07,2250.0,2553.57
D03,PM-1004,2025-07-14,2418.0,2939.82
D03,PM-1004,2025-07-21,1987.0,2289.69
D03,PM-1004,2025-07-28,1402.0,1615.4899999999998
D03,PM-1004,2025-08-04,1584.0,1790.8
D03,PM-1004,2025-08-11,2200.0,2683.87
D03,PM-1004,2025-08-18,2085.0,2508.31
D03,PM-1004,2025-08-25,2226.0,2699.19
D03,PM-1004,2025-09-01,3044.0,3727.46
D03,PM-1004,2025-09-08,2034.0,2434.13
D03,PM-1004,2025-09-15,1922.0,2183.8
D03,PM-1004,2025-09-22,2033.0,2336.45
D03,PM-1004,2025-09-29,1600.0,1767.09
D03,PM-1004,2025-10-06,2122.0,2523.44
D03,PM-1004,2025-10-13,1831.0,2092.0
D03,PM-1004,2025-10-20,2399.0,2713.5699999999997
D03,PM-1004,2025-10-27,1455.0,1667.26
D03,PM-1004,2025-11-03,1840.0,2240.78
D03,PM-1004,2025-11-10,1665.0,1845.61
D03,PM-1004,2025-11-17,1552.0,1828.43
D03,PM-1004,2025-11-24,1993.0,2201.02
D03,PM-1004,2025-12-01,1728.0,1901.6399999999999
D03,PM-1004,2025-12-08,2211.0,2433.52
D03,PM-1004,2025-12-15,1673.0,1886.33
D03,PM-1004,2025-12-22,1712.0,2052.72
D03,PM-1004,2025-12-29,2464.0,2801.49
D03,PM-1004,2026-01-05,1493.0,1816.0
D03,PM-1004,2026-01-12,1635.0,1887.2
D03,PM-1004,2026-01-19,1164.0,1331.32
D03,PM-1004,2026-01-26,1743.0,2019.67
D03,PM-1004,2026-02-02,2084.0,2310.98
D03,PM-1004,2026-02-09,2015.0,2356.74
D03,PM-1004,2026-02-16,1954.0,2328.2799999999997
D03,PM-1004,2026-02-23,1693.0,2005.86
D03,PM-1004,2026-03-02,1894.0,2168.64
D03,PM-1004,2026-03-09,1854.0,2133.87
D03,PM-1004,2026-03-16,1986.0,2297.15
D03,PM-1004,2026-03-23,2059.0,2329.52
D03,PM-1004,2026-03-30,1920.0,2181.7
D03,PM-1004,2026-04-06,2049.0,2335.83
D03,PM-1004,2026-04-13,2028.0,2440.82
D03,PM-1004,2026-04-20,1873.0,2276.3
D03,PM-1004,2026-04-27,2111.0,2409.58
D03,PM-1004,2026-05-04,1732.0,2085.87
D03,PM-1004,2026-05-11,2166.0,2438.9700000000003
D03,PM-1004,2026-05-18,1791.0,2001.6799999999998
D03,PM-1004,2026-05-25,2113.0,2438.69
D03,PM-1004,2026-06-01,2278.0,2760.9900000000002
D03,PM-1004,2026-06-08,1850.0,2231.21
D03,PM-1004,2026-06-15,2481.0,3017.06
D03,PM-1004,2026-06-22,2774.0,3204.77
D03,PM-1007,2024-01-01,2264.0,2401.9
D03,PM-1007,2024-01-08,2739.0,2837.18
D03,PM-1007,2024-01-15,2137.0,2249.3
D03,PM-1007,2024-01-22,2070.0,2142.17
D03,PM-1007,2024-01-29,2015.0,2096.96
D03,PM-1007,2024-02-05,2350.0,2358.88
D03,PM-1007,2024-02-12,2318.0,2344.8
D03,PM-1007,2024-02-19,2288.0,2425.05
D03,PM-1007,2024-02-26,2567.0,2761.6099999999997
D03,PM-1007,2024-03-04,2149.0,2229.85
D03,PM-1007,2024-03-11,2889.0,3184.09
D03,PM-1007,2024-03-18,2213.0,2266.2
D03,PM-1007,2024-03-25,2209.0,2303.96
D03,PM-1007,2024-04-01,2413.0,2551.25
D03,PM-1007,2024-04-08,2626.0,2808.14
D03,PM-1007,2024-04-15,3074.0,3296.21
D03,PM-1007,2024-04-22,2691.0,2801.73
D03,PM-1007,2024-04-29,2153.0,2157.0499999999997
D03,PM-1007,2024-05-06,2964.0,3125.79
D03,PM-1007,2024-05-13,2969.0,3207.8199999999997
D03,PM-1007,2024-05-20,2546.0,2698.33
D03,PM-1007,2024-05-27,2857.0,2840.53
D03,PM-1007,2024-06-03,3459.0,3624.8
D03,PM-1007,2024-06-10,2452.0,2467.7200000000003
D03,PM-1007,2024-06-17,3222.0,3283.23
D03,PM-1007,2024-06-24,3367.0,3537.99
D03,PM-1007,2024-07-01,2852.0,3020.83
D03,PM-1007,2024-07-08,2302.0,2339.34
D03,PM-1007,2024-07-15,3351.0,3662.55
D03,PM-1007,2024-07-22,3143.0,3156.76
D03,PM-1007,2024-07-29,2955.0,3220.26
D03,PM-1007,2024-08-05,2681.0,2855.88
D03,PM-1007,2024-08-12,3189.0,3315.31
D03,PM-1007,2024-08-19,2340.0,2501.0
D03,PM-1007,2024-08-26,2995.0,3178.2400000000002
D03,PM-1007,2024-09-02,2486.0,2468.7
D03,PM-1007,2024-09-09,2010.0,2101.03
D03,PM-1007,2024-09-16,2201.0,2334.64
D03,PM-1007,2024-09-23,2693.0,2883.2799999999997
D03,PM-1007,2024-09-30,2596.0,2843.37
D03,PM-1007,2024-10-07,2659.0,2737.66
D03,PM-1007,2024-10-14,2335.0,2447.52
D03,PM-1007,2024-10-21,2526.0,2693.4500000000003
D03,PM-1007,2024-10-28,2669.0,2917.9100000000003
D03,PM-1007,2024-11-04,3440.0,3694.1400000000003
D03,PM-1007,2024-11-11,2264.0,2490.9
D03,PM-1007,2024-11-18,2788.0,2953.9100000000003
D03,PM-1007,2024-11-25,2626.0,2815.12
D03,PM-1007,2024-12-02,2423.0,2624.17
D03,PM-1007,2024-12-09,1956.0,2040.47
D03,PM-1007,2024-12-16,2931.0,3044.22
D03,PM-1007,2024-12-23,2474.0,2678.67
D03,PM-1007,2024-12-30,2188.0,2167.95
D03,PM-1007,2025-01-06,2103.0,2269.42
D03,PM-1007,2025-01-13,2511.0,2534.86
D03,PM-1007,2025-01-20,2111.0,2195.56
D03,PM-1007,2025-01-27,2247.0,2358.65
D03,PM-1007,2025-02-03,2258.0,2364.54
D03,PM-1007,2025-02-10,2506.0,2731.67
D03,PM-1007,2025-02-17,2748.0,2801.54
D03,PM-1007,2025-02-24,2417.0,2518.55
D03,PM-1007,2025-03-03,2479.0,2475.33
D03,PM-1007,2025-03-10,2627.0,2617.62
D03,PM-1007,2025-03-17,2332.0,2430.52
D03,PM-1007,2025-03-24,2412.0,2475.34
D03,PM-1007,2025-03-31,2478.0,2534.99
D03,PM-1007,2025-04-07,2799.0,2778.66
D03,PM-1007,2025-04-14,3439.0,3710.4100000000003
D03,PM-1007,2025-04-21,2258.0,2268.91
D03,PM-1007,2025-04-28,2839.0,2867.66
D03,PM-1007,2025-05-05,2661.0,2830.0
D03,PM-1007,2025-05-12,2698.0,2703.98
D03,PM-1007,2025-05-19,2582.0,2768.77
D03,PM-1007,2025-05-26,3305.0,3520.94
D03,PM-1007,2025-06-02,1939.0,2025.07
D03,PM-1007,2025-06-09,2354.0,2470.3
D03,PM-1007,2025-06-16,3285.0,3591.8
D03,PM-1007,2025-06-23,3317.0,3629.75
D03,PM-1007,2025-06-30,3617.0,3790.49
D03,PM-1007,2025-07-07,2898.0,2898.7200000000003
D03,PM-1007,2025-07-14,2961.0,3074.42
D03,PM-1007,2025-07-21,2071.0,2220.4300000000003
D03,PM-1007,2025-07-28,2723.0,2828.29
D03,PM-1007,2025-08-04,2938.0,2988.74
D03,PM-1007,2025-08-11,2491.0,2605.9900000000002
D03,PM-1007,2025-08-18,2621.0,2778.21
D03,PM-1007,2025-08-25,3169.0,3275.34
D03,PM-1007,2025-09-01,3247.0,3410.6
D03,PM-1007,2025-09-08,2683.0,2797.37
D03,PM-1007,2025-09-15,2540.0,2512.79
D03,PM-1007,2025-09-22,2828.0,3003.39
D03,PM-1007,2025-09-29,2376.0,2550.98
D03,PM-1007,2025-10-06,2910.0,3005.71
D03,PM-1007,2025-10-13,2280.0,2441.57
D03,PM-1007,2025-10-20,2739.0,2986.39
D03,PM-1007,2025-10-27,2422.0,2653.6499999999996
D03,PM-1007,2025-11-03,2200.0,2174.43
D03,PM-1007,2025-11-10,2534.0,2762.11
D03,PM-1007,2025-11-17,2254.0,2368.39
D03,PM-1007,2025-11-24,2767.0,2775.5
D03,PM-1007,2025-12-01,2049.0,2067.83
D03,PM-1007,2025-12-08,2459.0,2663.92
D03,PM-1007,2025-12-15,2132.0,2218.11
D03,PM-1007,2025-12-22,2854.0,2870.1
D03,PM-1007,2025-12-29,2662.0,2847.05
D03,PM-1007,2026-01-05,2385.0,2457.24
D03,PM-1007,2026-01-12,2409.0,2380.37
D03,PM-1007,2026-01-19,3128.0,3108.3
D03,PM-1007,2026-01-26,2742.0,2739.75
D03,PM-1007,2026-02-02,2203.0,2329.31
D03,PM-1007,2026-02-09,2863.0,3125.31
D03,PM-1007,2026-02-16,2308.0,2482.34
D03,PM-1007,2026-02-23,2594.0,2761.8500000000004
D03,PM-1007,2026-03-02,1868.0,1859.7199999999998
D03,PM-1007,2026-03-09,2920.0,3032.11
D03,PM-1007,2026-03-16,2360.0,2582.6299999999997
D03,PM-1007,2026-03-23,2553.0,2526.85
D03,PM-1007,2026-03-30,2157.0,2165.86
D03,PM-1007,2026-04-06,2754.0,2764.55
D03,PM-1007,2026-04-13,2731.0,2960.84
D03,PM-1007,2026-04-20,2248.0,2463.0099999999998
D03,PM-1007,2026-04-27,2753.0,2812.03
D03,PM-1007,2026-05-04,2647.0,2879.77
D03,PM-1007,2026-05-11,3325.0,3425.98
D03,PM-1007,2026-05-18,2498.0,2492.49
D03,PM-1007,2026-05-25,2993.0,3081.12
D03,PM-1007,2026-06-01,2237.0,2312.88
D03,PM-1007,2026-06-08,2825.0,2805.0299999999997
D03,PM-1007,2026-06-15,2943.0,2916.5
D03,PM-1007,2026-06-22,2961.0,2954.01
D03,PW-1029,2024-01-01,1047.0,3776.44
D03,PW-1029,2024-01-08,1155.0,4157.7
D03,PW-1029,2024-01-15,1081.0,3763.67
D03,PW-1029,2024-01-22,797.0,2791.67
D03,PW-1029,2024-01-29,1128.0,4279.530000000001
D03,PW-1029,2024-02-05,1012.0,3675.52
D03,PW-1029,2024-02-12,1199.0,4169.74
D03,PW-1029,2024-02-19,953.0,3364.77
D03,PW-1029,2024-02-26,853.0,2971.6800000000003
D03,PW-1029,2024-03-04,1015.0,3679.31
D03,PW-1029,2024-03-11,1182.0,4468.85
D03,PW-1029,2024-03-18,1177.0,4092.6400000000003
D03,PW-1029,2024-03-25,1126.0,3936.13
D03,PW-1029,2024-04-01,1036.0,3632.12
D03,PW-1029,2024-04-08,1125.0,3941.19
D03,PW-1029,2024-04-15,1448.0,5243.15
D03,PW-1029,2024-04-22,1715.0,6068.61
D03,PW-1029,2024-04-29,1257.0,4550.86
D03,PW-1029,2024-05-06,1386.0,5277.82
D03,PW-1029,2024-05-13,1072.0,3673.33
D03,PW-1029,2024-05-20,1473.0,5255.5
D03,PW-1029,2024-05-27,1147.0,4315.96
D03,PW-1029,2024-06-03,1003.0,3769.21
D03,PW-1029,2024-06-10,1445.0,5304.5
D03,PW-1029,2024-06-17,1233.0,4289.11
D03,PW-1029,2024-06-24,1500.0,5351.54
D03,PW-1029,2024-07-01,1377.0,4946.86
D03,PW-1029,2024-07-08,1000.0,3794.19
D03,PW-1029,2024-07-15,1244.0,4710.94
D03,PW-1029,2024-07-22,1054.0,3894.66
D03,PW-1029,2024-07-29,1451.0,5254.84
D03,PW-1029,2024-08-05,1209.0,4492.68
D03,PW-1029,2024-08-12,1075.0,3824.17
D03,PW-1029,2024-08-19,869.0,3171.14
D03,PW-1029,2024-08-26,1394.0,5052.96
D03,PW-1029,2024-09-02,1103.0,4113.71
D03,PW-1029,2024-09-09,1108.0,4034.3
D03,PW-1029,2024-09-16,1229.0,4665.9400000000005
D03,PW-1029,2024-09-23,993.0,3511.9399999999996
D03,PW-1029,2024-09-30,896.0,3217.63
D03,PW-1029,2024-10-07,1150.0,4047.65
D03,PW-1029,2024-10-14,965.0,3303.2
D03,PW-1029,2024-10-21,1090.0,3886.47
D03,PW-1029,2024-10-28,963.0,3367.15
D03,PW-1029,2024-11-04,890.0,3187.95
D03,PW-1029,2024-11-11,851.0,2979.6800000000003
D03,PW-1029,2024-11-18,1102.0,3930.7
D03,PW-1029,2024-11-25,1278.0,4620.38
D03,PW-1029,2024-12-02,1255.0,4707.32
D03,PW-1029,2024-12-09,1089.0,4057.16
D03,PW-1029,2024-12-16,1347.0,4616.82
D03,PW-1029,2024-12-23,1007.0,3585.19
D03,PW-1029,2024-12-30,1240.0,4557.48
D03,PW-1029,2025-01-06,1025.0,3877.94
D03,PW-1029,2025-01-13,997.0,3632.25
D03,PW-1029,2025-01-20,1265.0,4707.77
D03,PW-1029,2025-01-27,1206.0,4495.51
D03,PW-1029,2025-02-03,1254.0,4486.18
D03,PW-1029,2025-02-10,923.0,3394.7999999999997
D03,PW-1029,2025-02-17,1360.0,4772.83
D03,PW-1029,2025-02-24,1305.0,4943.16
D03,PW-1029,2025-03-03,1123.0,4049.8999999999996
D03,PW-1029,2025-03-10,1316.0,4983.42
D03,PW-1029,2025-03-17,1438.0,5025.43
D03,PW-1029,2025-03-24,1105.0,4158.63
D03,PW-1029,2025-03-31,1118.0,4060.82
D03,PW-1029,2025-04-07,1206.0,4263.37
D03,PW-1029,2025-04-14,911.0,3374.92
D03,PW-1029,2025-04-21,1348.0,4892.83
D03,PW-1029,2025-04-28,1483.0,5384.09
D03,PW-1029,2025-05-05,1420.0,5264.71
D03,PW-1029,2025-05-12,1409.0,5004.49
D03,PW-1029,2025-05-19,1537.0,5603.02
D03,PW-1029,2025-05-26,1305.0,4847.24
D03,PW-1029,2025-06-02,1050.0,3598.12
D03,PW-1029,2025-06-09,1358.0,4866.89
D03,PW-1029,2025-06-16,1621.0,5997.7
D03,PW-1029,2025-06-23,1408.0,5234.93
D03,PW-1029,2025-06-30,1260.0,4487.49
D03,PW-1029,2025-07-07,1495.0,5196.4
D03,PW-1029,2025-07-14,1404.0,5026.51
D03,PW-1029,2025-07-21,1278.0,4500.66
D03,PW-1029,2025-07-28,1337.0,4973.99
D03,PW-1029,2025-08-04,1246.0,4628.91
D03,PW-1029,2025-08-11,1424.0,5139.22
D03,PW-1029,2025-08-18,1127.0,4003.5
D03,PW-1029,2025-08-25,1345.0,4769.56
D03,PW-1029,2025-09-01,1447.0,5319.210000000001
D03,PW-1029,2025-09-08,1306.0,4599.57
D03,PW-1029,2025-09-15,1298.0,4470.37
D03,PW-1029,2025-09-22,1253.0,4341.12
D03,PW-1029,2025-09-29,1333.0,4673.53
D03,PW-1029,2025-10-06,1157.0,4124.2300000000005
D03,PW-1029,2025-10-13,1189.0,4101.3
D03,PW-1029,2025-10-20,1053.0,3732.0
D03,PW-1029,2025-10-27,1151.0,4146.9800000000005
D03,PW-1029,2025-11-03,883.0,3328.9
D03,PW-1029,2025-11-10,1193.0,4348.35
D03,PW-1029,2025-11-17,1300.0,4610.969999999999
D03,PW-1029,2025-11-24,1171.0,4117.45
D03,PW-1029,2025-12-01,1358.0,5043.92
D03,PW-1029,2025-12-08,1447.0,5081.3
D03,PW-1029,2025-12-15,1184.0,4490.44
D03,PW-1029,2025-12-22,1025.0,3826.93
D03,PW-1029,2025-12-29,1409.0,5126.73
D03,PW-1029,2026-01-05,1375.0,4742.19
D03,PW-1029,2026-01-12,1296.0,4484.74
D03,PW-1029,2026-01-19,1129.0,4101.32
D03,PW-1029,2026-01-26,1304.0,4886.78
D03,PW-1029,2026-02-02,1187.0,4241.11
D03,PW-1029,2026-02-09,1126.0,3879.42
D03,PW-1029,2026-02-16,1341.0,4965.38
D03,PW-1029,2026-02-23,1110.0,4022.37
D03,PW-1029,2026-03-02,1455.0,5479.71
D03,PW-1029,2026-03-09,1371.0,5081.09
D03,PW-1029,2026-03-16,1307.0,4570.68
D03,PW-1029,2026-03-23,1335.0,4745.73
D03,PW-1029,2026-03-30,1156.0,4066.08
D03,PW-1029,2026-04-06,1178.0,4173.78
D03,PW-1029,2026-04-13,1795.0,6557.59
D03,PW-1029,2026-04-20,1365.0,5103.85
D03,PW-1029,2026-04-27,1137.0,4257.79
D03,PW-1029,2026-05-04,1628.0,5959.92
D03,PW-1029,2026-05-11,1224.0,4187.4
D03,PW-1029,2026-05-18,1564.0,5685.52
D03,PW-1029,2026-05-25,1797.0,6581.69
D03,PW-1029,2026-06-01,1399.0,4790.44
D03,PW-1029,2026-06-08,1723.0,6200.33
D03,PW-1029,2026-06-15,1618.0,5656.14
D03,PW-1029,2026-06-22,1835.0,6940.06
D03,PW-1030,2024-01-01,461.0,1014.13
D03,PW-1030,2024-01-08,394.0,941.1800000000001
D03,PW-1030,2024-01-15,386.0,896.1500000000001
D03,PW-1030,2024-01-22,424.0,959.94
D03,PW-1030,2024-01-29,470.0,1042.3200000000002
D03,PW-1030,2024-02-05,508.0,1161.58
D03,PW-1030,2024-02-12,455.0,996.03
D03,PW-1030,2024-02-19,498.0,1185.95
D03,PW-1030,2024-02-26,321.0,762.9200000000001
D03,PW-1030,2024-03-04,489.0,1079.99
D03,PW-1030,2024-03-11,439.0,1061.09
D03,PW-1030,2024-03-18,404.0,887.34
D03,PW-1030,2024-03-25,528.0,1244.27
D03,PW-1030,2024-04-01,620.0,1397.07
D03,PW-1030,2024-04-08,503.0,1193.68
D03,PW-1030,2024-04-15,581.0,1288.26
D03,PW-1030,2024-04-22,482.0,1175.35
D03,PW-1030,2024-04-29,704.0,1701.65
D03,PW-1030,2024-05-06,412.0,1002.83
D03,PW-1030,2024-05-13,517.0,1252.3100000000002
D03,PW-1030,2024-05-20,591.0,1384.2199999999998
D03,PW-1030,2024-05-27,528.0,1158.73
D03,PW-1030,2024-06-03,654.0,1510.23
D03,PW-1030,2024-06-10,391.0,951.79
D03,PW-1030,2024-06-17,525.0,1214.69
D03,PW-1030,2024-06-24,515.0,1207.63
D03,PW-1030,2024-07-01,525.0,1216.26
D03,PW-1030,2024-07-08,420.0,943.62
D03,PW-1030,2024-07-15,509.0,1111.82
D03,PW-1030,2024-07-22,503.0,1223.6100000000001
D03,PW-1030,2024-07-29,546.0,1243.26
D03,PW-1030,2024-08-05,618.0,1401.22
D03,PW-1030,2024-08-12,530.0,1232.81
D03,PW-1030,2024-08-19,551.0,1308.53
D03,PW-1030,2024-08-26,620.0,1396.44
D03,PW-1030,2024-09-02,609.0,1433.47
D03,PW-1030,2024-09-09,354.0,855.52
D03,PW-1030,2024-09-16,566.0,1337.12
D03,PW-1030,2024-09-23,561.0,1286.63
D03,PW-1030,2024-09-30,475.0,1078.17
D03,PW-1030,2024-10-07,458.0,1067.71
D03,PW-1030,2024-10-14,411.0,975.94
D03,PW-1030,2024-10-21,362.0,838.11
D03,PW-1030,2024-10-28,547.0,1314.9499999999998
D03,PW-1030,2024-11-04,538.0,1278.44
D03,PW-1030,2024-11-11,470.0,1074.09
D03,PW-1030,2024-11-18,530.0,1224.2
D03,PW-1030,2024-11-25,555.0,1240.1
D03,PW-1030,2024-12-02,363.0,834.62
D03,PW-1030,2024-12-09,494.0,1123.57
D03,PW-1030,2024-12-16,460.0,1041.97
D03,PW-1030,2024-12-23,511.0,1187.1299999999999
D03,PW-1030,2024-12-30,495.0,1200.8
D03,PW-1030,2025-01-06,544.0,1255.34
D03,PW-1030,2025-01-13,385.0,877.52
D03,PW-1030,2025-01-20,599.0,1379.52
D03,PW-1030,2025-01-27,459.0,1095.92
D03,PW-1030,2025-02-03,491.0,1160.22
D03,PW-1030,2025-02-10,389.0,862.35
D03,PW-1030,2025-02-17,504.0,1201.42
D03,PW-1030,2025-02-24,516.0,1179.56
D03,PW-1030,2025-03-03,517.0,1203.05
D03,PW-1030,2025-03-10,474.0,1074.65
D03,PW-1030,2025-03-17,446.0,1010.59
D03,PW-1030,2025-03-24,596.0,1400.16
D03,PW-1030,2025-03-31,422.0,1010.7099999999999
D03,PW-1030,2025-04-07,624.0,1475.0
D03,PW-1030,2025-04-14,720.0,1675.76
D03,PW-1030,2025-04-21,785.0,1891.0700000000002
D03,PW-1030,2025-04-28,483.0,1118.39
D03,PW-1030,2025-05-05,625.0,1488.31
D03,PW-1030,2025-05-12,529.0,1175.43
D03,PW-1030,2025-05-19,696.0,1560.75
D03,PW-1030,2025-05-26,617.0,1436.73
D03,PW-1030,2025-06-02,558.0,1297.7
D03,PW-1030,2025-06-09,510.0,1201.97
D03,PW-1030,2025-06-16,554.0,1306.19
D03,PW-1030,2025-06-23,529.0,1183.6
D03,PW-1030,2025-06-30,583.0,1327.89
D03,PW-1030,2025-07-07,586.0,1290.56
D03,PW-1030,2025-07-14,535.0,1181.48
D03,PW-1030,2025-07-21,526.0,1152.27
D03,PW-1030,2025-07-28,634.0,1496.66
D03,PW-1030,2025-08-04,637.0,1429.96
D03,PW-1030,2025-08-11,504.0,1195.32
D03,PW-1030,2025-08-18,561.0,1317.3600000000001
D03,PW-1030,2025-08-25,494.0,1169.5
D03,PW-1030,2025-09-01,824.0,1928.3
D03,PW-1030,2025-09-08,480.0,1145.26
D03,PW-1030,2025-09-15,570.0,1367.01
D03,PW-1030,2025-09-22,582.0,1326.91
D03,PW-1030,2025-09-29,489.0,1178.6
D03,PW-1030,2025-10-06,471.0,1059.26
D03,PW-1030,2025-10-13,510.0,1142.29
D03,PW-1030,2025-10-20,465.0,1072.65
D03,PW-1030,2025-10-27,541.0,1271.01
D03,PW-1030,2025-11-03,461.0,1023.22
D03,PW-1030,2025-11-10,533.0,1224.82
D03,PW-1030,2025-11-17,382.0,907.3700000000001
D03,PW-1030,2025-11-24,460.0,1021.76
D03,PW-1030,2025-12-01,488.0,1113.18
D03,PW-1030,2025-12-08,604.0,1351.3999999999999
D03,PW-1030,2025-12-15,395.0,938.81
D03,PW-1030,2025-12-22,609.0,1384.59
D03,PW-1030,2025-12-29,580.0,1314.95
D03,PW-1030,2026-01-05,404.0,923.76
D03,PW-1030,2026-01-12,577.0,1375.3
D03,PW-1030,2026-01-19,466.0,1084.63
D03,PW-1030,2026-01-26,589.0,1347.99
D03,PW-1030,2026-02-02,600.0,1356.71
D03,PW-1030,2026-02-09,622.0,1502.1
D03,PW-1030,2026-02-16,512.0,1132.3
D03,PW-1030,2026-02-23,625.0,1397.8799999999999
D03,PW-1030,2026-03-02,718.0,1711.06
D03,PW-1030,2026-03-09,552.0,1236.56
D03,PW-1030,2026-03-16,569.0,1313.84
D03,PW-1030,2026-03-23,656.0,1512.09
D03,PW-1030,2026-03-30,389.0,900.1899999999999
D03,PW-1030,2026-04-06,520.0,1259.64
D03,PW-1030,2026-04-13,707.0,1593.5900000000001
D03,PW-1030,2026-04-20,627.0,1469.28
D03,PW-1030,2026-04-27,598.0,1370.85
D03,PW-1030,2026-05-04,540.0,1307.01
D03,PW-1030,2026-05-11,629.0,1411.1399999999999
D03,PW-1030,2026-05-18,581.0,1398.11
D03,PW-1030,2026-05-25,487.0,1165.8
D03,PW-1030,2026-06-01,771.0,1762.06
D03,PW-1030,2026-06-08,573.0,1363.78
D03,PW-1030,2026-06-15,611.0,1353.64
D03,PW-1030,2026-06-22,487.0,1136.35
D03,PW-1031,2024-01-01,728.0,3229.31
D03,PW-1031,2024-01-08,889.0,4055.33
D03,PW-1031,2024-01-15,727.0,3299.29
D03,PW-1031,2024-01-22,1133.0,5049.05
D03,PW-1031,2024-01-29,955.0,4243.86
D03,PW-1031,2024-02-05,961.0,4516.43
D03,PW-1031,2024-02-12,896.0,4152.14
D03,PW-1031,2024-02-19,1213.0,5523.049999999999
D03,PW-1031,2024-02-26,1031.0,4460.01
D03,PW-1031,2024-03-04,1009.0,4484.79
D03,PW-1031,2024-03-11,1058.0,4614.83
D03,PW-1031,2024-03-18,1083.0,4998.51
D03,PW-1031,2024-03-25,1041.0,4819.65
D03,PW-1031,2024-04-01,1298.0,6017.04
D03,PW-1031,2024-04-08,1310.0,5541.59
D03,PW-1031,2024-04-15,1112.0,5036.9
D03,PW-1031,2024-04-22,984.0,4477.76
D03,PW-1031,2024-04-29,1172.0,5218.67
D03,PW-1031,2024-05-06,1028.0,4744.07
D03,PW-1031,2024-05-13,1401.0,6389.28
D03,PW-1031,2024-05-20,1440.0,6197.34
D03,PW-1031,2024-05-27,1273.0,5498.88
D03,PW-1031,2024-06-03,963.0,4192.7
D03,PW-1031,2024-06-10,1072.0,4905.48
D03,PW-1031,2024-06-17,1117.0,5177.92
D03,PW-1031,2024-06-24,1015.0,4448.18
D03,PW-1031,2024-07-01,1099.0,5148.79
D03,PW-1031,2024-07-08,1189.0,5477.43
D03,PW-1031,2024-07-15,1239.0,5590.72
D03,PW-1031,2024-07-22,1384.0,5882.340000000001
D03,PW-1031,2024-07-29,1132.0,5174.9
D03,PW-1031,2024-08-05,1080.0,4762.68
D03,PW-1031,2024-08-12,925.0,3905.97
D03,PW-1031,2024-08-19,1175.0,4980.57
D03,PW-1031,2024-08-26,1034.0,4789.82
D03,PW-1031,2024-09-02,1065.0,4672.9
D03,PW-1031,2024-09-09,1001.0,4452.03
D03,PW-1031,2024-09-16,998.0,4390.51
D03,PW-1031,2024-09-23,1195.0,5203.389999999999
D03,PW-1031,2024-09-30,1056.0,4640.42
D03,PW-1031,2024-10-07,1336.0,6062.639999999999
D03,PW-1031,2024-10-14,888.0,4137.09
D03,PW-1031,2024-10-21,1259.0,5851.02
D03,PW-1031,2024-10-28,964.0,4415.25
D03,PW-1031,2024-11-04,1025.0,4780.52
D03,PW-1031,2024-11-11,1109.0,5032.889999999999
D03,PW-1031,2024-11-18,1198.0,5315.86
D03,PW-1031,2024-11-25,1203.0,5325.46
D03,PW-1031,2024-12-02,1200.0,5162.62
D03,PW-1031,2024-12-09,995.0,4322.72
D03,PW-1031,2024-12-16,1351.0,6025.629999999999
D03,PW-1031,2024-12-23,1133.0,4796.46
D03,PW-1031,2024-12-30,667.0,2859.28
D03,PW-1031,2025-01-06,1053.0,4856.23
D03,PW-1031,2025-01-13,997.0,4525.65
D03,PW-1031,2025-01-20,1015.0,4647.73
D03,PW-1031,2025-01-27,1182.0,5144.4
D03,PW-1031,2025-02-03,1136.0,5318.05
D03,PW-1031,2025-02-10,990.0,4617.1
D03,PW-1031,2025-02-17,1388.0,6163.33
D03,PW-1031,2025-02-24,924.0,4249.54
D03,PW-1031,2025-03-03,925.0,4087.47
D03,PW-1031,2025-03-10,974.0,4386.94
D03,PW-1031,2025-03-17,1239.0,5279.07
D03,PW-1031,2025-03-24,1238.0,5332.119999999999
D03,PW-1031,2025-03-31,1049.0,4710.86
D03,PW-1031,2025-04-07,1095.0,4973.85
D03,PW-1031,2025-04-14,1208.0,5219.06
D03,PW-1031,2025-04-21,1039.0,4698.77
D03,PW-1031,2025-04-28,1386.0,5897.0599999999995
D03,PW-1031,2025-05-05,1566.0,7165.7300000000005
D03,PW-1031,2025-05-12,1213.0,5547.35
D03,PW-1031,2025-05-19,1320.0,6069.21
D03,PW-1031,2025-05-26,1279.0,5864.73
D03,PW-1031,2025-06-02,1550.0,7257.55
D03,PW-1031,2025-06-09,1693.0,7596.89
D03,PW-1031,2025-06-16,1201.0,5262.49
D03,PW-1031,2025-06-23,1273.0,5619.33
D03,PW-1031,2025-06-30,1439.0,6729.33
D03,PW-1031,2025-07-07,1330.0,6152.040000000001
D03,PW-1031,2025-07-14,1098.0,5105.8
D03,PW-1031,2025-07-21,956.0,4448.21
D03,PW-1031,2025-07-28,1141.0,4965.82
D03,PW-1031,2025-08-04,1304.0,5817.259999999999
D03,PW-1031,2025-08-11,1163.0,5409.68
D03,PW-1031,2025-08-18,1046.0,4507.19
D03,PW-1031,2025-08-25,1115.0,4858.2
D03,PW-1031,2025-09-01,1588.0,6810.07
D03,PW-1031,2025-09-08,1011.0,4639.09
D03,PW-1031,2025-09-15,1133.0,5205.59
D03,PW-1031,2025-09-22,1090.0,4786.84
D03,PW-1031,2025-09-29,1568.0,7067.09
D03,PW-1031,2025-10-06,930.0,4200.3
D03,PW-1031,2025-10-13,1024.0,4676.69
D03,PW-1031,2025-10-20,1156.0,5102.5
D03,PW-1031,2025-10-27,1168.0,5138.93
D03,PW-1031,2025-11-03,1341.0,6162.36
D03,PW-1031,2025-11-10,1315.0,5647.6
D03,PW-1031,2025-11-17,1013.0,4697.84
D03,PW-1031,2025-11-24,1179.0,5116.27
D03,PW-1031,2025-12-01,1095.0,4625.02
D03,PW-1031,2025-12-08,1051.0,4503.33
D03,PW-1031,2025-12-15,1313.0,5736.99
D03,PW-1031,2025-12-22,1176.0,5209.32
D03,PW-1031,2025-12-29,1444.0,6704.37
D03,PW-1031,2026-01-05,1228.0,5344.01
D03,PW-1031,2026-01-12,1324.0,6019.31
D03,PW-1031,2026-01-19,773.0,3321.25
D03,PW-1031,2026-01-26,1187.0,5362.57
D03,PW-1031,2026-02-02,1262.0,5609.28
D03,PW-1031,2026-02-09,1293.0,5476.52
D03,PW-1031,2026-02-16,1523.0,6482.31
D03,PW-1031,2026-02-23,1340.0,6085.87
D03,PW-1031,2026-03-02,1030.0,4546.73
D03,PW-1031,2026-03-09,1355.0,5798.6
D03,PW-1031,2026-03-16,1433.0,6616.12
D03,PW-1031,2026-03-23,1166.0,5281.62
D03,PW-1031,2026-03-30,1214.0,5408.48
D03,PW-1031,2026-04-06,1468.0,6670.24
D03,PW-1031,2026-04-13,1318.0,5863.58
D03,PW-1031,2026-04-20,1566.0,7099.4
D03,PW-1031,2026-04-27,1378.0,6322.26
D03,PW-1031,2026-05-04,973.0,4226.23
D03,PW-1031,2026-05-11,1370.0,6199.25
D03,PW-1031,2026-05-18,1286.0,5758.65
D03,PW-1031,2026-05-25,1504.0,6797.84
D03,PW-1031,2026-06-01,1466.0,6718.33
D03,PW-1031,2026-06-08,1197.0,5285.32
D03,PW-1031,2026-06-15,1422.0,6270.21
D03,PW-1031,2026-06-22,1496.0,6375.85
D03,PW-1032,2024-01-01,1598.0,6576.92
D03,PW-1032,2024-01-08,1259.0,5352.28
D03,PW-1032,2024-01-15,1488.0,5744.29
D03,PW-1032,2024-01-22,1367.0,5464.2
D03,PW-1032,2024-01-29,1178.0,4707.3
D03,PW-1032,2024-02-05,1361.0,5496.63
D03,PW-1032,2024-02-12,1511.0,6126.75
D03,PW-1032,2024-02-19,1897.0,7598.87
D03,PW-1032,2024-02-26,1317.0,5032.49
D03,PW-1032,2024-03-04,1477.0,5978.91
D03,PW-1032,2024-03-11,1735.0,6796.0
D03,PW-1032,2024-03-18,1850.0,7825.1900000000005
D03,PW-1032,2024-03-25,1405.0,5720.72
D03,PW-1032,2024-04-01,1529.0,5849.71
D03,PW-1032,2024-04-08,1869.0,7464.8
D03,PW-1032,2024-04-15,1725.0,7244.26
D03,PW-1032,2024-04-22,1882.0,7952.18
D03,PW-1032,2024-04-29,1938.0,7474.88
D03,PW-1032,2024-05-06,1779.0,7051.04
D03,PW-1032,2024-05-13,1684.0,6593.94
D03,PW-1032,2024-05-20,1499.0,6329.09
D03,PW-1032,2024-05-27,1605.0,6525.97
D03,PW-1032,2024-06-03,1627.0,6742.86
D03,PW-1032,2024-06-10,2005.0,8044.78
D03,PW-1032,2024-06-17,1722.0,6820.5
D03,PW-1032,2024-06-24,1725.0,6851.43
D03,PW-1032,2024-07-01,1444.0,5554.73
D03,PW-1032,2024-07-08,2004.0,7836.29
D03,PW-1032,2024-07-15,1487.0,5819.870000000001
D03,PW-1032,2024-07-22,1592.0,6383.15
D03,PW-1032,2024-07-29,2013.0,8204.05
D03,PW-1032,2024-08-05,1879.0,7903.27
D03,PW-1032,2024-08-12,1439.0,5533.84
D03,PW-1032,2024-08-19,1381.0,5444.83
D03,PW-1032,2024-08-26,1564.0,6115.13
D03,PW-1032,2024-09-02,1468.0,6238.32
D03,PW-1032,2024-09-09,1274.0,5349.14
D03,PW-1032,2024-09-16,1407.0,5710.93
D03,PW-1032,2024-09-23,1035.0,4331.13
D03,PW-1032,2024-09-30,1776.0,7449.7
D03,PW-1032,2024-10-07,1747.0,7077.76
D03,PW-1032,2024-10-14,1889.0,7248.039999999999
D03,PW-1032,2024-10-21,1603.0,6677.78
D03,PW-1032,2024-10-28,1413.0,5949.88
D03,PW-1032,2024-11-04,1754.0,6761.27
D03,PW-1032,2024-11-11,1349.0,5604.47
D03,PW-1032,2024-11-18,1226.0,5038.08
D03,PW-1032,2024-11-25,1461.0,6117.61
D03,PW-1032,2024-12-02,1588.0,6583.9400000000005
D03,PW-1032,2024-12-09,1324.0,5206.0599999999995
D03,PW-1032,2024-12-16,1281.0,5459.0
D03,PW-1032,2024-12-23,1413.0,5729.47
D03,PW-1032,2024-12-30,1608.0,6679.27
D03,PW-1032,2025-01-06,1488.0,6080.799999999999
D03,PW-1032,2025-01-13,2274.0,8910.15
D03,PW-1032,2025-01-20,1513.0,6184.62
D03,PW-1032,2025-01-27,1743.0,6865.86
D03,PW-1032,2025-02-03,1266.0,5133.46
D03,PW-1032,2025-02-10,1736.0,6760.59
D03,PW-1032,2025-02-17,1499.0,6285.45
D03,PW-1032,2025-02-24,1622.0,6674.32
D03,PW-1032,2025-03-03,2116.0,8154.42
D03,PW-1032,2025-03-10,1572.0,6427.08
D03,PW-1032,2025-03-17,1382.0,5767.16
D03,PW-1032,2025-03-24,1430.0,6007.38
D03,PW-1032,2025-03-31,1763.0,6853.540000000001
D03,PW-1032,2025-04-07,1767.0,7530.34
D03,PW-1032,2025-04-14,1773.0,7495.01
D03,PW-1032,2025-04-21,1458.0,5578.78
D03,PW-1032,2025-04-28,2416.0,10214.279999999999
D03,PW-1032,2025-05-05,2237.0,8718.47
D03,PW-1032,2025-05-12,1843.0,7221.67
D03,PW-1032,2025-05-19,1446.0,5683.74
D03,PW-1032,2025-05-26,2315.0,9626.3
D03,PW-1032,2025-06-02,2171.0,8756.369999999999
D03,PW-1032,2025-06-09,1864.0,7646.94
D03,PW-1032,2025-06-16,2199.0,9277.24
D03,PW-1032,2025-06-23,1706.0,7252.89
D03,PW-1032,2025-06-30,1589.0,6072.33
D03,PW-1032,2025-07-07,1876.0,7401.58
D03,PW-1032,2025-07-14,1447.0,5616.41
D03,PW-1032,2025-07-21,1540.0,6564.51
D03,PW-1032,2025-07-28,1964.0,8202.48
D03,PW-1032,2025-08-04,1866.0,7821.09
D03,PW-1032,2025-08-11,1454.0,6140.08
D03,PW-1032,2025-08-18,1671.0,6611.43
D03,PW-1032,2025-08-25,1443.0,5839.03
D03,PW-1032,2025-09-01,1627.0,6580.879999999999
D03,PW-1032,2025-09-08,1587.0,6628.35
D03,PW-1032,2025-09-15,1999.0,8143.210000000001
D03,PW-1032,2025-09-22,1669.0,6394.58
D03,PW-1032,2025-09-29,1635.0,6839.35
D03,PW-1032,2025-10-06,1587.0,6632.58
D03,PW-1032,2025-10-13,1291.0,5254.0599999999995
D03,PW-1032,2025-10-20,1636.0,6646.93
D03,PW-1032,2025-10-27,1775.0,6838.75
D03,PW-1032,2025-11-03,1701.0,6644.0199999999995
D03,PW-1032,2025-11-10,1816.0,6982.6
D03,PW-1032,2025-11-17,1825.0,7044.879999999999
D03,PW-1032,2025-11-24,2267.0,9566.92
D03,PW-1032,2025-12-01,1376.0,5706.35
D03,PW-1032,2025-12-08,1690.0,6738.67
D03,PW-1032,2025-12-15,1723.0,7004.65
D03,PW-1032,2025-12-22,1564.0,6139.97
D03,PW-1032,2025-12-29,1499.0,6133.61
D03,PW-1032,2026-01-05,1787.0,7512.860000000001
D03,PW-1032,2026-01-12,1774.0,6888.650000000001
D03,PW-1032,2026-01-19,1437.0,6091.860000000001
D03,PW-1032,2026-01-26,1297.0,5333.469999999999
D03,PW-1032,2026-02-02,1593.0,6587.27
D03,PW-1032,2026-02-09,1566.0,6231.95
D03,PW-1032,2026-02-16,1917.0,7485.87
D03,PW-1032,2026-02-23,1541.0,6255.24
D03,PW-1032,2026-03-02,1743.0,7246.71
D03,PW-1032,2026-03-09,1402.0,5826.59
D03,PW-1032,2026-03-16,1451.0,6159.14
D03,PW-1032,2026-03-23,1649.0,6886.83
D03,PW-1032,2026-03-30,1802.0,7162.58
D03,PW-1032,2026-04-06,1671.0,7076.98
D03,PW-1032,2026-04-13,1949.0,8083.35
D03,PW-1032,2026-04-20,1491.0,5997.15
D03,PW-1032,2026-04-27,1879.0,7815.65
D03,PW-1032,2026-05-04,1895.0,7796.71
D03,PW-1032,2026-05-11,1582.0,6385.5
D03,PW-1032,2026-05-18,2046.0,7943.93
D03,PW-1032,2026-05-25,1434.0,5723.99
D03,PW-1032,2026-06-01,1797.0,7538.47
D03,PW-1032,2026-06-08,2246.0,8611.1
D03,PW-1032,2026-06-15,1431.0,5553.13
D03,PW-1032,2026-06-22,2209.0,8977.6
D03,PW-1033,2024-01-01,787.0,3256.09
D03,PW-1033,2024-01-08,822.0,3394.93
D03,PW-1033,2024-01-15,773.0,3263.68
D03,PW-1033,2024-01-22,1099.0,4895.91
D03,PW-1033,2024-01-29,830.0,3731.78
D03,PW-1033,2024-02-05,896.0,3930.47
D03,PW-1033,2024-02-12,869.0,3687.17
D03,PW-1033,2024-02-19,996.0,4453.11
D03,PW-1033,2024-02-26,1396.0,6140.28
D03,PW-1033,2024-03-04,1476.0,6471.13
D03,PW-1033,2024-03-11,952.0,3905.79
D03,PW-1033,2024-03-18,1059.0,4539.42
D03,PW-1033,2024-03-25,1162.0,4892.16
D03,PW-1033,2024-04-01,1228.0,5487.24
D03,PW-1033,2024-04-08,1131.0,4782.59
D03,PW-1033,2024-04-15,1226.0,5536.3099999999995
D03,PW-1033,2024-04-22,1115.0,4722.82
D03,PW-1033,2024-04-29,961.0,4308.02
D03,PW-1033,2024-05-06,1255.0,5642.96
D03,PW-1033,2024-05-13,1094.0,4617.64
D03,PW-1033,2024-05-20,1133.0,5077.36
D03,PW-1033,2024-05-27,883.0,3946.0200000000004
D03,PW-1033,2024-06-03,968.0,4320.85
D03,PW-1033,2024-06-10,1028.0,4528.09
D03,PW-1033,2024-06-17,1180.0,5062.85
D03,PW-1033,2024-06-24,1428.0,6427.97
D03,PW-1033,2024-07-01,1225.0,5072.55
D03,PW-1033,2024-07-08,1058.0,4495.15
D03,PW-1033,2024-07-15,935.0,4002.35
D03,PW-1033,2024-07-22,1303.0,5413.65
D03,PW-1033,2024-07-29,1128.0,4862.36
D03,PW-1033,2024-08-05,662.0,2807.63
D03,PW-1033,2024-08-12,1243.0,5346.69
D03,PW-1033,2024-08-19,1117.0,4803.41
D03,PW-1033,2024-08-26,759.0,3370.28
D03,PW-1033,2024-09-02,1142.0,4742.06
D03,PW-1033,2024-09-09,1045.0,4594.16
D03,PW-1033,2024-09-16,841.0,3725.5299999999997
D03,PW-1033,2024-09-23,1379.0,5681.42
D03,PW-1033,2024-09-30,1077.0,4762.889999999999
D03,PW-1033,2024-10-07,931.0,3842.7000000000003
D03,PW-1033,2024-10-14,884.0,3915.23
D03,PW-1033,2024-10-21,960.0,4310.14
D03,PW-1033,2024-10-28,959.0,4069.35
D03,PW-1033,2024-11-04,1066.0,4373.19
D03,PW-1033,2024-11-11,940.0,4243.66
D03,PW-1033,2024-11-18,913.0,3930.85
D03,PW-1033,2024-11-25,994.0,4397.12
D03,PW-1033,2024-12-02,909.0,3852.21
D03,PW-1033,2024-12-09,955.0,4209.89
D03,PW-1033,2024-12-16,1198.0,5077.05
D03,PW-1033,2024-12-23,909.0,4103.1
D03,PW-1033,2024-12-30,957.0,4036.1
D03,PW-1033,2025-01-06,875.0,3910.99
D03,PW-1033,2025-01-13,1166.0,4904.11
D03,PW-1033,2025-01-20,773.0,3407.1
D03,PW-1033,2025-01-27,887.0,3973.38
D03,PW-1033,2025-02-03,1129.0,4869.65
D03,PW-1033,2025-02-10,1002.0,4207.49
D03,PW-1033,2025-02-17,1183.0,4984.84
D03,PW-1033,2025-02-24,1018.0,4511.41
D03,PW-1033,2025-03-03,958.0,4161.03
D03,PW-1033,2025-03-10,1053.0,4793.83
D03,PW-1033,2025-03-17,893.0,3649.43
D03,PW-1033,2025-03-24,969.0,4310.42
D03,PW-1033,2025-03-31,1271.0,5447.42
D03,PW-1033,2025-04-07,1077.0,4785.5
D03,PW-1033,2025-04-14,1125.0,4858.799999999999
D03,PW-1033,2025-04-21,1162.0,4928.07
D03,PW-1033,2025-04-28,909.0,4084.47
D03,PW-1033,2025-05-05,917.0,4027.43
D03,PW-1033,2025-05-12,1234.0,5492.25
D03,PW-1033,2025-05-19,1102.0,4527.22
D03,PW-1033,2025-05-26,1139.0,5018.76
D03,PW-1033,2025-06-02,1295.0,5374.64
D03,PW-1033,2025-06-09,1029.0,4604.54
D03,PW-1033,2025-06-16,1088.0,4616.47
D03,PW-1033,2025-06-23,1124.0,4877.16
D03,PW-1033,2025-06-30,1245.0,5391.66
D03,PW-1033,2025-07-07,1119.0,4696.53
D03,PW-1033,2025-07-14,1071.0,4674.610000000001
D03,PW-1033,2025-07-21,1513.0,6342.03
D03,PW-1033,2025-07-28,1175.0,5083.71
D03,PW-1033,2025-08-04,1281.0,5402.42
D03,PW-1033,2025-08-11,880.0,3742.5600000000004
D03,PW-1033,2025-08-18,945.0,4275.75
D03,PW-1033,2025-08-25,1242.0,5414.89
D03,PW-1033,2025-09-01,1089.0,4585.67
D03,PW-1033,2025-09-08,1057.0,4365.05
D03,PW-1033,2025-09-15,963.0,4224.969999999999
D03,PW-1033,2025-09-22,1276.0,5760.04
D03,PW-1033,2025-09-29,1206.0,5426.71
D03,PW-1033,2025-10-06,1075.0,4626.67
D03,PW-1033,2025-10-13,1118.0,4591.19
D03,PW-1033,2025-10-20,1023.0,4265.429999999999
D03,PW-1033,2025-10-27,961.0,4086.24
D03,PW-1033,2025-11-03,981.0,4154.6
D03,PW-1033,2025-11-10,1184.0,5364.7
D03,PW-1033,2025-11-17,993.0,4431.8
D03,PW-1033,2025-11-24,1061.0,4555.88
D03,PW-1033,2025-12-01,986.0,4437.17
D03,PW-1033,2025-12-08,1212.0,5349.57
D03,PW-1033,2025-12-15,957.0,4218.23
D03,PW-1033,2025-12-22,1331.0,5876.4
D03,PW-1033,2025-12-29,976.0,4237.35
D03,PW-1033,2026-01-05,982.0,4174.24
D03,PW-1033,2026-01-12,1455.0,6281.820000000001
D03,PW-1033,2026-01-19,925.0,4135.53
D03,PW-1033,2026-01-26,1089.0,4487.4400000000005
D03,PW-1033,2026-02-02,1287.0,5766.12
D03,PW-1033,2026-02-09,886.0,3825.2299999999996
D03,PW-1033,2026-02-16,1174.0,4977.570000000001
D03,PW-1033,2026-02-23,906.0,4043.96
D03,PW-1033,2026-03-02,1161.0,4910.66
D03,PW-1033,2026-03-09,1585.0,6748.360000000001
D03,PW-1033,2026-03-16,830.0,3560.96
D03,PW-1033,2026-03-23,1180.0,5297.82
D03,PW-1033,2026-03-30,1127.0,5074.68
D03,PW-1033,2026-04-06,1048.0,4498.29
D03,PW-1033,2026-04-13,978.0,4032.28
D03,PW-1033,2026-04-20,1464.0,6111.01
D03,PW-1033,2026-04-27,1289.0,5701.41
D03,PW-1033,2026-05-04,954.0,3934.75
D03,PW-1033,2026-05-11,1101.0,4667.53
D03,PW-1033,2026-05-18,1174.0,5124.35
D03,PW-1033,2026-05-25,1012.0,4241.93
D03,PW-1033,2026-06-01,1301.0,5553.860000000001
D03,PW-1033,2026-06-08,1337.0,5533.110000000001
D03,PW-1033,2026-06-15,1336.0,5512.43
D03,PW-1033,2026-06-22,1744.0,7125.23
D03,PW-1034,2024-01-01,389.0,1577.4099999999999
D03,PW-1034,2024-01-08,287.0,1133.62
D03,PW-1034,2024-01-15,331.0,1282.6599999999999
D03,PW-1034,2024-01-22,439.0,1784.48
D03,PW-1034,2024-01-29,391.0,1493.53
D03,PW-1034,2024-02-05,429.0,1787.11
D03,PW-1034,2024-02-12,318.0,1253.76
D03,PW-1034,2024-02-19,395.0,1611.41
D03,PW-1034,2024-02-26,524.0,2025.91
D03,PW-1034,2024-03-04,362.0,1423.63
D03,PW-1034,2024-03-11,376.0,1565.0700000000002
D03,PW-1034,2024-03-18,446.0,1813.06
D03,PW-1034,2024-03-25,361.0,1501.6
D03,PW-1034,2024-04-01,466.0,1818.27
D03,PW-1034,2024-04-08,323.0,1297.71
D03,PW-1034,2024-04-15,297.0,1255.72
D03,PW-1034,2024-04-22,451.0,1798.67
D03,PW-1034,2024-04-29,375.0,1577.52
D03,PW-1034,2024-05-06,402.0,1548.8100000000002
D03,PW-1034,2024-05-13,502.0,2126.09
D03,PW-1034,2024-05-20,486.0,1870.4399999999998
D03,PW-1034,2024-05-27,370.0,1537.52
D03,PW-1034,2024-06-03,483.0,2041.7000000000003
D03,PW-1034,2024-06-10,428.0,1787.61
D03,PW-1034,2024-06-17,477.0,1870.03
D03,PW-1034,2024-06-24,447.0,1860.23
D03,PW-1034,2024-07-01,357.0,1375.5600000000002
D03,PW-1034,2024-07-08,402.0,1638.17
D03,PW-1034,2024-07-15,310.0,1198.65
D03,PW-1034,2024-07-22,456.0,1760.6
D03,PW-1034,2024-07-29,469.0,1894.23
D03,PW-1034,2024-08-05,395.0,1542.72
D03,PW-1034,2024-08-12,429.0,1760.73
D03,PW-1034,2024-08-19,375.0,1500.1999999999998
D03,PW-1034,2024-08-26,520.0,2077.18
D03,PW-1034,2024-09-02,353.0,1415.66
D03,PW-1034,2024-09-09,405.0,1564.97
D03,PW-1034,2024-09-16,346.0,1350.81
D03,PW-1034,2024-09-23,433.0,1765.6999999999998
D03,PW-1034,2024-09-30,484.0,1900.71
D03,PW-1034,2024-10-07,301.0,1172.02
D03,PW-1034,2024-10-14,451.0,1734.91
D03,PW-1034,2024-10-21,519.0,1971.1799999999998
D03,PW-1034,2024-10-28,412.0,1689.92
D03,PW-1034,2024-11-04,363.0,1404.6799999999998
D03,PW-1034,2024-11-11,398.0,1520.44
D03,PW-1034,2024-11-18,368.0,1550.04
D03,PW-1034,2024-11-25,536.0,2234.6800000000003
D03,PW-1034,2024-12-02,452.0,1775.24
D03,PW-1034,2024-12-09,457.0,1836.1
D03,PW-1034,2024-12-16,553.0,2123.82
D03,PW-1034,2024-12-23,492.0,1940.3100000000002
D03,PW-1034,2024-12-30,396.0,1570.88
D03,PW-1034,2025-01-06,408.0,1683.2000000000003
D03,PW-1034,2025-01-13,583.0,2393.89
D03,PW-1034,2025-01-20,369.0,1476.52
D03,PW-1034,2025-01-27,406.0,1627.51
D03,PW-1034,2025-02-03,361.0,1411.19
D03,PW-1034,2025-02-10,323.0,1253.29
D03,PW-1034,2025-02-17,376.0,1556.25
D03,PW-1034,2025-02-24,382.0,1473.67
D03,PW-1034,2025-03-03,400.0,1567.9
D03,PW-1034,2025-03-10,487.0,2007.72
D03,PW-1034,2025-03-17,448.0,1766.17
D03,PW-1034,2025-03-24,528.0,2227.88
D03,PW-1034,2025-03-31,470.0,1951.22
D03,PW-1034,2025-04-07,476.0,1873.32
D03,PW-1034,2025-04-14,448.0,1759.8700000000001
D03,PW-1034,2025-04-21,633.0,2565.74
D03,PW-1034,2025-04-28,447.0,1854.03
D03,PW-1034,2025-05-05,551.0,2237.3599999999997
D03,PW-1034,2025-05-12,404.0,1595.47
D03,PW-1034,2025-05-19,468.0,1816.9099999999999
D03,PW-1034,2025-05-26,659.0,2634.83
D03,PW-1034,2025-06-02,542.0,2184.21
D03,PW-1034,2025-06-09,397.0,1583.13
D03,PW-1034,2025-06-16,420.0,1620.2
D03,PW-1034,2025-06-23,624.0,2474.17
D03,PW-1034,2025-06-30,497.0,1979.3899999999999
D03,PW-1034,2025-07-07,470.0,1939.16
D03,PW-1034,2025-07-14,434.0,1798.3
D03,PW-1034,2025-07-21,463.0,1892.68
D03,PW-1034,2025-07-28,598.0,2486.39
D03,PW-1034,2025-08-04,433.0,1649.99
D03,PW-1034,2025-08-11,437.0,1834.25
D03,PW-1034,2025-08-18,519.0,2188.4500000000003
D03,PW-1034,2025-08-25,403.0,1707.1299999999999
D03,PW-1034,2025-09-01,406.0,1706.79
D03,PW-1034,2025-09-08,464.0,1870.82
D03,PW-1034,2025-09-15,462.0,1789.3500000000001
D03,PW-1034,2025-09-22,404.0,1551.04
D03,PW-1034,2025-09-29,486.0,2004.28
D03,PW-1034,2025-10-06,465.0,1887.19
D03,PW-1034,2025-10-13,332.0,1319.82
D03,PW-1034,2025-10-20,499.0,1951.29
D03,PW-1034,2025-10-27,405.0,1692.81
D03,PW-1034,2025-11-03,495.0,1997.0
D03,PW-1034,2025-11-10,598.0,2504.71
D03,PW-1034,2025-11-17,432.0,1826.31
D03,PW-1034,2025-11-24,395.0,1658.58
D03,PW-1034,2025-12-01,536.0,2121.0299999999997
D03,PW-1034,2025-12-08,384.0,1479.2
D03,PW-1034,2025-12-15,580.0,2450.06
D03,PW-1034,2025-12-22,409.0,1717.01
D03,PW-1034,2025-12-29,401.0,1563.64
D03,PW-1034,2026-01-05,632.0,2649.63
D03,PW-1034,2026-01-12,471.0,1826.31
D03,PW-1034,2026-01-19,574.0,2352.44
D03,PW-1034,2026-01-26,452.0,1717.1699999999998
D03,PW-1034,2026-02-02,451.0,1721.31
D03,PW-1034,2026-02-09,298.0,1204.56
D03,PW-1034,2026-02-16,544.0,2177.05
D03,PW-1034,2026-02-23,501.0,2019.36
D03,PW-1034,2026-03-02,470.0,1818.06
D03,PW-1034,2026-03-09,529.0,2231.76
D03,PW-1034,2026-03-16,492.0,1968.76
D03,PW-1034,2026-03-23,429.0,1682.02
D03,PW-1034,2026-03-30,528.0,2141.0
D03,PW-1034,2026-04-06,491.0,1918.51
D03,PW-1034,2026-04-13,570.0,2188.96
D03,PW-1034,2026-04-20,493.0,2077.8
D03,PW-1034,2026-04-27,483.0,2024.97
D03,PW-1034,2026-05-04,481.0,1838.83
D03,PW-1034,2026-05-11,460.0,1891.87
D03,PW-1034,2026-05-18,488.0,1943.71
D03,PW-1034,2026-05-25,566.0,2298.0099999999998
D03,PW-1034,2026-06-01,475.0,1864.86
D03,PW-1034,2026-06-08,447.0,1838.49
D03,PW-1034,2026-06-15,601.0,2382.52
D03,PW-1034,2026-06-22,523.0,2094.38
D03,SC-1015,2024-01-01,439.0,4559.0
D03,SC-1015,2024-01-08,453.0,4699.91
D03,SC-1015,2024-01-15,334.0,3588.03
D03,SC-1015,2024-01-22,414.0,4108.15
D03,SC-1015,2024-01-29,395.0,4067.85
D03,SC-1015,2024-02-05,439.0,4432.71
D03,SC-1015,2024-02-12,405.0,4182.44
D03,SC-1015,2024-02-19,529.0,5350.67
D03,SC-1015,2024-02-26,439.0,4789.63
D03,SC-1015,2024-03-04,521.0,5637.240000000001
D03,SC-1015,2024-03-11,395.0,4302.65
D03,SC-1015,2024-03-18,442.0,4621.71
D03,SC-1015,2024-03-25,426.0,4473.37
D03,SC-1015,2024-04-01,502.0,4976.55
D03,SC-1015,2024-04-08,401.0,4312.469999999999
D03,SC-1015,2024-04-15,375.0,3708.5
D03,SC-1015,2024-04-22,446.0,4514.91
D03,SC-1015,2024-04-29,539.0,5828.41
D03,SC-1015,2024-05-06,443.0,4465.75
D03,SC-1015,2024-05-13,525.0,5351.63
D03,SC-1015,2024-05-20,461.0,4767.110000000001
D03,SC-1015,2024-05-27,393.0,4286.9
D03,SC-1015,2024-06-03,584.0,5904.01
D03,SC-1015,2024-06-10,569.0,6174.18
D03,SC-1015,2024-06-17,515.0,5558.72
D03,SC-1015,2024-06-24,522.0,5561.89
D03,SC-1015,2024-07-01,503.0,5068.72
D03,SC-1015,2024-07-08,445.0,4775.24
D03,SC-1015,2024-07-15,631.0,6712.23
D03,SC-1015,2024-07-22,510.0,5057.6900000000005
D03,SC-1015,2024-07-29,545.0,5491.47
D03,SC-1015,2024-08-05,477.0,5002.84
D03,SC-1015,2024-08-12,547.0,5567.1
D03,SC-1015,2024-08-19,605.0,6313.610000000001
D03,SC-1015,2024-08-26,520.0,5218.15
D03,SC-1015,2024-09-02,532.0,5385.0
D03,SC-1015,2024-09-09,571.0,5764.62
D03,SC-1015,2024-09-16,553.0,5857.15
D03,SC-1015,2024-09-23,578.0,6102.75
D03,SC-1015,2024-09-30,516.0,5629.08
D03,SC-1015,2024-10-07,513.0,5075.01
D03,SC-1015,2024-10-14,504.0,5147.93
D03,SC-1015,2024-10-21,551.0,6007.21
D03,SC-1015,2024-10-28,452.0,4886.36
D03,SC-1015,2024-11-04,521.0,5369.16
D03,SC-1015,2024-11-11,677.0,7016.37
D03,SC-1015,2024-11-18,506.0,5214.7300000000005
D03,SC-1015,2024-11-25,401.0,4303.96
D03,SC-1015,2024-12-02,460.0,4838.73
D03,SC-1015,2024-12-09,529.0,5706.389999999999
D03,SC-1015,2024-12-16,437.0,4602.549999999999
D03,SC-1015,2024-12-23,420.0,4518.12
D03,SC-1015,2024-12-30,398.0,4283.78
D03,SC-1015,2025-01-06,478.0,4921.8099999999995
D03,SC-1015,2025-01-13,633.0,6415.97
D03,SC-1015,2025-01-20,464.0,4751.49
D03,SC-1015,2025-01-27,579.0,6171.49
D03,SC-1015,2025-02-03,492.0,5332.25
D03,SC-1015,2025-02-10,490.0,5057.4800000000005
D03,SC-1015,2025-02-17,568.0,5919.200000000001
D03,SC-1015,2025-02-24,423.0,4373.83
D03,SC-1015,2025-03-03,693.0,7179.529999999999
D03,SC-1015,2025-03-10,592.0,6362.55
D03,SC-1015,2025-03-17,648.0,6998.4400000000005
D03,SC-1015,2025-03-24,539.0,5703.5
D03,SC-1015,2025-03-31,611.0,6541.960000000001
D03,SC-1015,2025-04-07,660.0,6659.43
D03,SC-1015,2025-04-14,572.0,5828.12
D03,SC-1015,2025-04-21,514.0,5136.9
D03,SC-1015,2025-04-28,514.0,5435.26
D03,SC-1015,2025-05-05,560.0,5753.3
D03,SC-1015,2025-05-12,623.0,6757.07
D03,SC-1015,2025-05-19,591.0,6334.82
D03,SC-1015,2025-05-26,566.0,5888.360000000001
D03,SC-1015,2025-06-02,678.0,7327.39
D03,SC-1015,2025-06-09,573.0,6165.66
D03,SC-1015,2025-06-16,563.0,5693.05
D03,SC-1015,2025-06-23,710.0,7095.83
D03,SC-1015,2025-06-30,670.0,6998.370000000001
D03,SC-1015,2025-07-07,390.0,3933.35
D03,SC-1015,2025-07-14,379.0,4119.03
D03,SC-1015,2025-07-21,387.0,4057.57
D03,SC-1015,2025-07-28,449.0,4703.79
D03,SC-1015,2025-08-04,531.0,5443.74
D03,SC-1015,2025-08-11,544.0,5579.87
D03,SC-1015,2025-08-18,483.0,4905.92
D03,SC-1015,2025-08-25,565.0,6008.5
D03,SC-1015,2025-09-01,430.0,4575.5599999999995
D03,SC-1015,2025-09-08,484.0,5039.79
D03,SC-1015,2025-09-15,370.0,3654.0699999999997
D03,SC-1015,2025-09-22,314.0,3153.8599999999997
D03,SC-1015,2025-09-29,372.0,3855.69
D03,SC-1015,2025-10-06,376.0,3854.98
D03,SC-1015,2025-10-13,555.0,5628.719999999999
D03,SC-1015,2025-10-20,371.0,3733.16
D03,SC-1015,2025-10-27,314.0,3234.91
D03,SC-1015,2025-11-03,416.0,4518.56
D03,SC-1015,2025-11-10,317.0,3389.8
D03,SC-1015,2025-11-17,359.0,3845.54
D03,SC-1015,2025-11-24,396.0,3961.12
D03,SC-1015,2025-12-01,299.0,2943.47
D03,SC-1015,2025-12-08,428.0,4264.57
D03,SC-1015,2025-12-15,400.0,4040.63
D03,SC-1015,2025-12-22,354.0,3765.5499999999997
D03,SC-1015,2025-12-29,434.0,4306.46
D03,SC-1015,2026-01-05,314.0,3205.22
D03,SC-1015,2026-01-12,374.0,3953.45
D03,SC-1015,2026-01-19,345.0,3593.8
D03,SC-1015,2026-01-26,300.0,3188.9700000000003
D03,SC-1015,2026-02-02,301.0,3112.73
D03,SC-1015,2026-02-09,447.0,4606.139999999999
D03,SC-1015,2026-02-16,387.0,3948.0
D03,SC-1015,2026-02-23,377.0,3724.85
D03,SC-1015,2026-03-02,301.0,2953.4900000000002
D03,SC-1015,2026-03-09,367.0,3934.75
D03,SC-1015,2026-03-16,313.0,3186.92
D03,SC-1015,2026-03-23,426.0,4345.43
D03,SC-1015,2026-03-30,396.0,4094.34
D03,SC-1015,2026-04-06,379.0,3980.88
D03,SC-1015,2026-04-13,372.0,3941.47
D03,SC-1015,2026-04-20,327.0,3293.1
D03,SC-1015,2026-04-27,359.0,3582.68
D03,SC-1015,2026-05-04,423.0,4269.81
D03,SC-1015,2026-05-11,362.0,3711.79
D03,SC-1015,2026-05-18,299.0,3182.41
D03,SC-1015,2026-05-25,410.0,4045.92
D03,SC-1015,2026-06-01,307.0,3320.92
D03,SC-1015,2026-06-08,339.0,3646.87
D03,SC-1015,2026-06-15,317.0,3423.11
D03,SC-1015,2026-06-22,230.0,2427.16
D03,SC-1017,2024-01-01,340.0,4963.83
D03,SC-1017,2024-01-08,265.0,3957.63
D03,SC-1017,2024-01-15,308.0,4236.48
D03,SC-1017,2024-01-22,258.0,3822.79
D03,SC-1017,2024-01-29,360.0,5255.3099999999995
D03,SC-1017,2024-02-05,306.0,4239.3099999999995
D03,SC-1017,2024-02-12,387.0,5426.2
D03,SC-1017,2024-02-19,282.0,4021.48
D03,SC-1017,2024-02-26,324.0,4826.28
D03,SC-1017,2024-03-04,239.0,3392.62
D03,SC-1017,2024-03-11,506.0,7310.219999999999
D03,SC-1017,2024-03-18,463.0,6866.280000000001
D03,SC-1017,2024-03-25,488.0,6681.73
D03,SC-1017,2024-04-01,449.0,6326.36
D03,SC-1017,2024-04-08,330.0,4502.18
D03,SC-1017,2024-04-15,363.0,5037.48
D03,SC-1017,2024-04-22,386.0,5194.62
D03,SC-1017,2024-04-29,395.0,5427.21
D03,SC-1017,2024-05-06,320.0,4302.94
D03,SC-1017,2024-05-13,320.0,4560.71
D03,SC-1017,2024-05-20,313.0,4339.49
D03,SC-1017,2024-05-27,361.0,5251.2300000000005
D03,SC-1017,2024-06-03,369.0,5377.55
D03,SC-1017,2024-06-10,363.0,4967.16
D03,SC-1017,2024-06-17,405.0,5699.8099999999995
D03,SC-1017,2024-06-24,318.0,4415.99
D03,SC-1017,2024-07-01,344.0,4955.290000000001
D03,SC-1017,2024-07-08,349.0,4793.93
D03,SC-1017,2024-07-15,442.0,6134.54
D03,SC-1017,2024-07-22,402.0,5962.75
D03,SC-1017,2024-07-29,409.0,5850.63
D03,SC-1017,2024-08-05,337.0,4896.59
D03,SC-1017,2024-08-12,388.0,5725.01
D03,SC-1017,2024-08-19,342.0,4723.75
D03,SC-1017,2024-08-26,342.0,5004.98
D03,SC-1017,2024-09-02,401.0,5624.04
D03,SC-1017,2024-09-09,342.0,4852.63
D03,SC-1017,2024-09-16,369.0,5214.5199999999995
D03,SC-1017,2024-09-23,358.0,5078.88
D03,SC-1017,2024-09-30,310.0,4507.0
D03,SC-1017,2024-10-07,338.0,4723.87
D03,SC-1017,2024-10-14,337.0,4758.23
D03,SC-1017,2024-10-21,344.0,5107.6
D03,SC-1017,2024-10-28,277.0,4006.94
D03,SC-1017,2024-11-04,325.0,4401.24
D03,SC-1017,2024-11-11,414.0,5831.61
D03,SC-1017,2024-11-18,386.0,5696.04
D03,SC-1017,2024-11-25,340.0,4817.700000000001
D03,SC-1017,2024-12-02,303.0,4226.08
D03,SC-1017,2024-12-09,368.0,4928.02
D03,SC-1017,2024-12-16,421.0,5683.17
D03,SC-1017,2024-12-23,460.0,6766.98
D03,SC-1017,2024-12-30,341.0,4920.66
D03,SC-1017,2025-01-06,317.0,4363.0
D03,SC-1017,2025-01-13,403.0,5689.28
D03,SC-1017,2025-01-20,399.0,5744.34
D03,SC-1017,2025-01-27,383.0,5185.79
D03,SC-1017,2025-02-03,351.0,5131.42
D03,SC-1017,2025-02-10,321.0,4529.42
D03,SC-1017,2025-02-17,438.0,6119.6900000000005
D03,SC-1017,2025-02-24,459.0,6159.860000000001
D03,SC-1017,2025-03-03,385.0,5516.29
D03,SC-1017,2025-03-10,532.0,7256.86
D03,SC-1017,2025-03-17,432.0,5932.0
D03,SC-1017,2025-03-24,411.0,5747.31
D03,SC-1017,2025-03-31,358.0,5214.89
D03,SC-1017,2025-04-07,335.0,4725.63
D03,SC-1017,2025-04-14,405.0,5879.55
D03,SC-1017,2025-04-21,467.0,6763.8
D03,SC-1017,2025-04-28,633.0,8611.87
D03,SC-1017,2025-05-05,454.0,6522.39
D03,SC-1017,2025-05-12,495.0,7231.84
D03,SC-1017,2025-05-19,403.0,5847.69
D03,SC-1017,2025-05-26,474.0,7011.83
D03,SC-1017,2025-06-02,467.0,6616.63
D03,SC-1017,2025-06-09,402.0,5525.62
D03,SC-1017,2025-06-16,567.0,8213.73
D03,SC-1017,2025-06-23,455.0,6234.81
D03,SC-1017,2025-06-30,549.0,7450.84
D03,SC-1017,2025-07-07,354.0,4996.37
D03,SC-1017,2025-07-14,332.0,4785.21
D03,SC-1017,2025-07-21,306.0,4248.29
D03,SC-1017,2025-07-28,322.0,4565.88
D03,SC-1017,2025-08-04,417.0,5974.47
D03,SC-1017,2025-08-11,288.0,4179.4800000000005
D03,SC-1017,2025-08-18,359.0,4933.51
D03,SC-1017,2025-08-25,305.0,4207.33
D03,SC-1017,2025-09-01,343.0,4958.69
D03,SC-1017,2025-09-08,319.0,4438.5
D03,SC-1017,2025-09-15,249.0,3615.7999999999997
D03,SC-1017,2025-09-22,306.0,4220.86
D03,SC-1017,2025-09-29,406.0,5908.48
D03,SC-1017,2025-10-06,302.0,4116.48
D03,SC-1017,2025-10-13,326.0,4593.45
D03,SC-1017,2025-10-20,292.0,3981.27
D03,SC-1017,2025-10-27,310.0,4558.66
D03,SC-1017,2025-11-03,244.0,3318.5899999999997
D03,SC-1017,2025-11-10,263.0,3672.08
D03,SC-1017,2025-11-17,302.0,4316.79
D03,SC-1017,2025-11-24,248.0,3659.07
D03,SC-1017,2025-12-01,304.0,4109.93
D03,SC-1017,2025-12-08,221.0,2968.83
D03,SC-1017,2025-12-15,257.0,3506.36
D03,SC-1017,2025-12-22,243.0,3509.7
D03,SC-1017,2025-12-29,374.0,5190.12
D03,SC-1017,2026-01-05,236.0,3203.12
D03,SC-1017,2026-01-12,266.0,3773.29
D03,SC-1017,2026-01-19,185.0,2558.39
D03,SC-1017,2026-01-26,209.0,3061.11
D03,SC-1017,2026-02-02,260.0,3700.3999999999996
D03,SC-1017,2026-02-09,239.0,3224.93
D03,SC-1017,2026-02-16,240.0,3492.9900000000002
D03,SC-1017,2026-02-23,237.0,3395.6000000000004
D03,SC-1017,2026-03-02,242.0,3323.4
D03,SC-1017,2026-03-09,193.0,2853.45
D03,SC-1017,2026-03-16,246.0,3585.63
D03,SC-1017,2026-03-23,241.0,3454.06
D03,SC-1017,2026-03-30,292.0,4172.33
D03,SC-1017,2026-04-06,282.0,3791.6
D03,SC-1017,2026-04-13,162.0,2202.9700000000003
D03,SC-1017,2026-04-20,224.0,3050.88
D03,SC-1017,2026-04-27,330.0,4512.32
D03,SC-1017,2026-05-04,290.0,3946.1
D03,SC-1017,2026-05-11,274.0,4079.94
D03,SC-1017,2026-05-18,237.0,3402.09
D03,SC-1017,2026-05-25,286.0,4157.6
D03,SC-1017,2026-06-01,204.0,2818.32
D03,SC-1017,2026-06-08,235.0,3213.4
D03,SC-1017,2026-06-15,270.0,3729.7200000000003
D03,SC-1017,2026-06-22,280.0,3854.1
D03,SC-1018,2024-01-01,211.0,3644.0600000000004
D03,SC-1018,2024-01-08,151.0,2603.33
D03,SC-1018,2024-01-15,196.0,3281.03
D03,SC-1018,2024-01-22,179.0,3136.9
D03,SC-1018,2024-01-29,165.0,2794.55
D03,SC-1018,2024-02-05,185.0,3044.45
D03,SC-1018,2024-02-12,171.0,2950.4300000000003
D03,SC-1018,2024-02-19,248.0,4531.76
D03,SC-1018,2024-02-26,132.0,2376.65
D03,SC-1018,2024-03-04,174.0,2997.8900000000003
D03,SC-1018,2024-03-11,178.0,3030.66
D03,SC-1018,2024-03-18,183.0,3254.94
D03,SC-1018,2024-03-25,223.0,3987.34
D03,SC-1018,2024-04-01,179.0,2963.6400000000003
D03,SC-1018,2024-04-08,209.0,3509.9900000000002
D03,SC-1018,2024-04-15,203.0,3628.2799999999997
D03,SC-1018,2024-04-22,225.0,3986.63
D03,SC-1018,2024-04-29,197.0,3261.2
D03,SC-1018,2024-05-06,213.0,3656.15
D03,SC-1018,2024-05-13,201.0,3463.6400000000003
D03,SC-1018,2024-05-20,178.0,2952.27
D03,SC-1018,2024-05-27,263.0,4470.3
D03,SC-1018,2024-06-03,186.0,3279.8
D03,SC-1018,2024-06-10,195.0,3451.18
D03,SC-1018,2024-06-17,184.0,3358.81
D03,SC-1018,2024-06-24,223.0,4034.2400000000002
D03,SC-1018,2024-07-01,196.0,3523.05
D03,SC-1018,2024-07-08,264.0,4594.79
D03,SC-1018,2024-07-15,228.0,4046.25
D03,SC-1018,2024-07-22,201.0,3388.2599999999998
D03,SC-1018,2024-07-29,182.0,3201.27
D03,SC-1018,2024-08-05,205.0,3731.21
D03,SC-1018,2024-08-12,224.0,3904.2599999999998
D03,SC-1018,2024-08-19,205.0,3727.24
D03,SC-1018,2024-08-26,201.0,3347.92
D03,SC-1018,2024-09-02,175.0,2984.41
D03,SC-1018,2024-09-09,284.0,5137.12
D03,SC-1018,2024-09-16,196.0,3376.94
D03,SC-1018,2024-09-23,163.0,2879.04
D03,SC-1018,2024-09-30,169.0,3004.4700000000003
D03,SC-1018,2024-10-07,188.0,3091.84
D03,SC-1018,2024-10-14,264.0,4430.83
D03,SC-1018,2024-10-21,191.0,3146.68
D03,SC-1018,2024-10-28,185.0,3267.29
D03,SC-1018,2024-11-04,221.0,3947.47
D03,SC-1018,2024-11-11,223.0,4001.5999999999995
D03,SC-1018,2024-11-18,214.0,3776.3
D03,SC-1018,2024-11-25,200.0,3430.4700000000003
D03,SC-1018,2024-12-02,165.0,2943.82
D03,SC-1018,2024-12-09,174.0,2956.06
D03,SC-1018,2024-12-16,154.0,2718.1099999999997
D03,SC-1018,2024-12-23,190.0,3479.2
D03,SC-1018,2024-12-30,186.0,3156.43
D03,SC-1018,2025-01-06,184.0,3248.92
D03,SC-1018,2025-01-13,210.0,3807.52
D03,SC-1018,2025-01-20,184.0,3147.21
D03,SC-1018,2025-01-27,195.0,3511.33
D03,SC-1018,2025-02-03,193.0,3505.4400000000005
D03,SC-1018,2025-02-10,209.0,3597.76
D03,SC-1018,2025-02-17,225.0,4012.97
D03,SC-1018,2025-02-24,176.0,3110.0
D03,SC-1018,2025-03-03,234.0,3993.96
D03,SC-1018,2025-03-10,230.0,4150.67
D03,SC-1018,2025-03-17,239.0,4144.54
D03,SC-1018,2025-03-24,232.0,4000.08
D03,SC-1018,2025-03-31,243.0,4114.09
D03,SC-1018,2025-04-07,218.0,3599.57
D03,SC-1018,2025-04-14,251.0,4548.63
D03,SC-1018,2025-04-21,282.0,4719.23
D03,SC-1018,2025-04-28,223.0,3738.23
D03,SC-1018,2025-05-05,226.0,3975.81
D03,SC-1018,2025-05-12,268.0,4872.59
D03,SC-1018,2025-05-19,226.0,3782.77
D03,SC-1018,2025-05-26,222.0,3708.4900000000007
D03,SC-1018,2025-06-02,264.0,4686.43
D03,SC-1018,2025-06-09,233.0,4127.71
D03,SC-1018,2025-06-16,300.0,5466.31
D03,SC-1018,2025-06-23,233.0,4225.44
D03,SC-1018,2025-06-30,221.0,3834.33
D03,SC-1018,2025-07-07,190.0,3383.29
D03,SC-1018,2025-07-14,200.0,3308.74
D03,SC-1018,2025-07-21,194.0,3291.8100000000004
D03,SC-1018,2025-07-28,198.0,3497.6800000000003
D03,SC-1018,2025-08-04,166.0,2902.21
D03,SC-1018,2025-08-11,210.0,3596.7999999999997
D03,SC-1018,2025-08-18,136.0,2402.1
D03,SC-1018,2025-08-25,153.0,2716.84
D03,SC-1018,2025-09-01,170.0,2957.1400000000003
D03,SC-1018,2025-09-08,150.0,2584.23
D03,SC-1018,2025-09-15,156.0,2618.93
D03,SC-1018,2025-09-22,139.0,2290.7200000000003
D03,SC-1018,2025-09-29,153.0,2516.6099999999997
D03,SC-1018,2025-10-06,166.0,2949.6400000000003
D03,SC-1018,2025-10-13,141.0,2400.21
D03,SC-1018,2025-10-20,132.0,2334.05
D03,SC-1018,2025-10-27,138.0,2395.24
D03,SC-1018,2025-11-03,172.0,2966.01
D03,SC-1018,2025-11-10,170.0,2981.78
D03,SC-1018,2025-11-17,132.0,2285.49
D03,SC-1018,2025-11-24,152.0,2629.66
D03,SC-1018,2025-12-01,139.0,2444.57
D03,SC-1018,2025-12-08,167.0,2806.88
D03,SC-1018,2025-12-15,141.0,2469.53
D03,SC-1018,2025-12-22,132.0,2364.6499999999996
D03,SC-1018,2025-12-29,172.0,3037.09
D03,SC-1018,2026-01-05,117.0,2137.39
D03,SC-1018,2026-01-12,141.0,2528.13
D03,SC-1018,2026-01-19,164.0,2942.71
D03,SC-1018,2026-01-26,148.0,2562.53
D03,SC-1018,2026-02-02,119.0,2110.96
D03,SC-1018,2026-02-09,118.0,2122.56
D03,SC-1018,2026-02-16,108.0,1940.05
D03,SC-1018,2026-02-23,167.0,2967.03
D03,SC-1018,2026-03-02,113.0,1983.54
D03,SC-1018,2026-03-09,149.0,2626.8
D03,SC-1018,2026-03-16,108.0,1852.96
D03,SC-1018,2026-03-23,196.0,3407.67
D03,SC-1018,2026-03-30,109.0,1995.33
D03,SC-1018,2026-04-06,135.0,2277.71
D03,SC-1018,2026-04-13,160.0,2779.51
D03,SC-1018,2026-04-20,121.0,2087.17
D03,SC-1018,2026-04-27,147.0,2411.5299999999997
D03,SC-1018,2026-05-04,130.0,2158.01
D03,SC-1018,2026-05-11,145.0,2541.89
D03,SC-1018,2026-05-18,161.0,2819.8999999999996
D03,SC-1018,2026-05-25,129.0,2153.75
D03,SC-1018,2026-06-01,172.0,3095.64
D03,SC-1018,2026-06-08,145.0,2453.41
D03,SC-1018,2026-06-15,185.0,3175.34
D03,SC-1018,2026-06-22,121.0,2062.92
D03,SC-1019,2024-01-01,340.0,3243.21
D03,SC-1019,2024-01-08,367.0,3668.78
D03,SC-1019,2024-01-15,345.0,3426.84
D03,SC-1019,2024-01-22,298.0,2956.4
D03,SC-1019,2024-01-29,385.0,3725.9
D03,SC-1019,2024-02-05,321.0,3190.01
D03,SC-1019,2024-02-12,339.0,3332.02
D03,SC-1019,2024-02-19,308.0,2927.45
D03,SC-1019,2024-02-26,332.0,3288.17
D03,SC-1019,2024-03-04,328.0,3245.36
D03,SC-1019,2024-03-11,288.0,2957.2699999999995
D03,SC-1019,2024-03-18,395.0,3953.83
D03,SC-1019,2024-03-25,373.0,3514.7799999999997
D03,SC-1019,2024-04-01,415.0,3973.49
D03,SC-1019,2024-04-08,335.0,3432.1
D03,SC-1019,2024-04-15,419.0,4044.19
D03,SC-1019,2024-04-22,301.0,2885.24
D03,SC-1019,2024-04-29,418.0,4101.14
D03,SC-1019,2024-05-06,430.0,4085.6800000000003
D03,SC-1019,2024-05-13,336.0,3448.6800000000003
D03,SC-1019,2024-05-20,467.0,4464.15
D03,SC-1019,2024-05-27,502.0,4778.56
D03,SC-1019,2024-06-03,367.0,3550.04
D03,SC-1019,2024-06-10,499.0,4812.51
D03,SC-1019,2024-06-17,312.0,2950.06
D03,SC-1019,2024-06-24,395.0,3776.0200000000004
D03,SC-1019,2024-07-01,273.0,2550.67
D03,SC-1019,2024-07-08,464.0,4494.28
D03,SC-1019,2024-07-15,321.0,3155.26
D03,SC-1019,2024-07-22,300.0,2885.17
D03,SC-1019,2024-07-29,417.0,4030.3
D03,SC-1019,2024-08-05,467.0,4624.400000000001
D03,SC-1019,2024-08-12,375.0,3493.75
D03,SC-1019,2024-08-19,404.0,3925.39
D03,SC-1019,2024-08-26,513.0,5065.51
D03,SC-1019,2024-09-02,340.0,3337.15
D03,SC-1019,2024-09-09,336.0,3192.46
D03,SC-1019,2024-09-16,455.0,4325.89
D03,SC-1019,2024-09-23,398.0,3816.92
D03,SC-1019,2024-09-30,473.0,4435.19
D03,SC-1019,2024-10-07,313.0,2975.44
D03,SC-1019,2024-10-14,289.0,2968.8
D03,SC-1019,2024-10-21,304.0,3112.15
D03,SC-1019,2024-10-28,417.0,4268.41
D03,SC-1019,2024-11-04,448.0,4579.35
D03,SC-1019,2024-11-11,438.0,4447.63
D03,SC-1019,2024-11-18,405.0,4141.48
D03,SC-1019,2024-11-25,450.0,4357.2300000000005
D03,SC-1019,2024-12-02,341.0,3533.07
D03,SC-1019,2024-12-09,278.0,2617.71
D03,SC-1019,2024-12-16,295.0,2940.5600000000004
D03,SC-1019,2024-12-23,304.0,3088.78
D03,SC-1019,2024-12-30,284.0,2837.02
D03,SC-1019,2025-01-06,312.0,3106.37
D03,SC-1019,2025-01-13,336.0,3270.37
D03,SC-1019,2025-01-20,427.0,4184.51
D03,SC-1019,2025-01-27,412.0,3894.9
D03,SC-1019,2025-02-03,500.0,4869.25
D03,SC-1019,2025-02-10,335.0,3363.3
D03,SC-1019,2025-02-17,432.0,4475.599999999999
D03,SC-1019,2025-02-24,504.0,4747.76
D03,SC-1019,2025-03-03,388.0,3816.93
D03,SC-1019,2025-03-10,397.0,3754.7999999999997
D03,SC-1019,2025-03-17,529.0,5027.02
D03,SC-1019,2025-03-24,413.0,3851.75
D03,SC-1019,2025-03-31,547.0,5523.03
D03,SC-1019,2025-04-07,357.0,3332.27
D03,SC-1019,2025-04-14,575.0,5450.83
D03,SC-1019,2025-04-21,550.0,5132.89
D03,SC-1019,2025-04-28,399.0,4103.41
D03,SC-1019,2025-05-05,443.0,4439.89
D03,SC-1019,2025-05-12,388.0,3787.74
D03,SC-1019,2025-05-19,437.0,4257.219999999999
D03,SC-1019,2025-05-26,375.0,3707.67
D03,SC-1019,2025-06-02,364.0,3443.71
D03,SC-1019,2025-06-09,396.0,3682.58
D03,SC-1019,2025-06-16,560.0,5738.01
D03,SC-1019,2025-06-23,363.0,3593.91
D03,SC-1019,2025-06-30,590.0,5622.47
D03,SC-1019,2025-07-07,418.0,3984.9300000000003
D03,SC-1019,2025-07-14,439.0,4349.7
D03,SC-1019,2025-07-21,374.0,3618.16
D03,SC-1019,2025-07-28,449.0,4609.0599999999995
D03,SC-1019,2025-08-04,279.0,2715.44
D03,SC-1019,2025-08-11,418.0,4153.89
D03,SC-1019,2025-08-18,529.0,5140.06
D03,SC-1019,2025-08-25,317.0,3051.77
D03,SC-1019,2025-09-01,322.0,3314.6499999999996
D03,SC-1019,2025-09-08,278.0,2778.16
D03,SC-1019,2025-09-15,317.0,3229.32
D03,SC-1019,2025-09-22,317.0,3226.7599999999998
D03,SC-1019,2025-09-29,212.0,2117.87
D03,SC-1019,2025-10-06,326.0,3365.84
D03,SC-1019,2025-10-13,346.0,3384.9800000000005
D03,SC-1019,2025-10-20,253.0,2563.3
D03,SC-1019,2025-10-27,267.0,2536.63
D03,SC-1019,2025-11-03,318.0,3280.1
D03,SC-1019,2025-11-10,240.0,2424.1800000000003
D03,SC-1019,2025-11-17,305.0,2926.14
D03,SC-1019,2025-11-24,282.0,2797.78
D03,SC-1019,2025-12-01,379.0,3534.97
D03,SC-1019,2025-12-08,260.0,2619.91
D03,SC-1019,2025-12-15,243.0,2499.9300000000003
D03,SC-1019,2025-12-22,271.0,2530.74
D03,SC-1019,2025-12-29,264.0,2528.1099999999997
D03,SC-1019,2026-01-05,330.0,3373.08
D03,SC-1019,2026-01-12,327.0,3120.6499999999996
D03,SC-1019,2026-01-19,231.0,2289.46
D03,SC-1019,2026-01-26,250.0,2402.71
D03,SC-1019,2026-02-02,231.0,2205.5
D03,SC-1019,2026-02-09,225.0,2246.5699999999997
D03,SC-1019,2026-02-16,157.0,1530.3100000000002
D03,SC-1019,2026-02-23,331.0,3358.02
D03,SC-1019,2026-03-02,232.0,2229.93
D03,SC-1019,2026-03-09,240.0,2242.01
D03,SC-1019,2026-03-16,389.0,4036.1899999999996
D03,SC-1019,2026-03-23,233.0,2182.04
D03,SC-1019,2026-03-30,250.0,2586.94
D03,SC-1019,2026-04-06,267.0,2666.39
D03,SC-1019,2026-04-13,269.0,2717.61
D03,SC-1019,2026-04-20,235.0,2290.23
D03,SC-1019,2026-04-27,307.0,3132.42
D03,SC-1019,2026-05-04,267.0,2521.77
D03,SC-1019,2026-05-11,267.0,2554.45
D03,SC-1019,2026-05-18,238.0,2372.16
D03,SC-1019,2026-05-25,259.0,2449.9300000000003
D03,SC-1019,2026-06-01,306.0,3075.33
D03,SC-1019,2026-06-08,306.0,2993.23
D03,SC-1019,2026-06-15,248.0,2546.66
D03,SC-1019,2026-06-22,235.0,2333.92
D03,SC-1020,2024-01-01,432.0,4914.150000000001
D03,SC-1020,2024-01-08,362.0,4371.7
D03,SC-1020,2024-01-15,280.0,3350.76
D03,SC-1020,2024-01-22,232.0,2812.95
D03,SC-1020,2024-01-29,333.0,4041.87
D03,SC-1020,2024-02-05,296.0,3363.8
D03,SC-1020,2024-02-12,310.0,3653.5299999999997
D03,SC-1020,2024-02-19,291.0,3347.3199999999997
D03,SC-1020,2024-02-26,318.0,3675.93
D03,SC-1020,2024-03-04,321.0,3917.6099999999997
D03,SC-1020,2024-03-11,346.0,3966.9
D03,SC-1020,2024-03-18,322.0,3897.43
D03,SC-1020,2024-03-25,325.0,4006.55
D03,SC-1020,2024-04-01,396.0,4715.139999999999
D03,SC-1020,2024-04-08,370.0,4428.38
D03,SC-1020,2024-04-15,375.0,4723.98
D03,SC-1020,2024-04-22,376.0,4723.43
D03,SC-1020,2024-04-29,335.0,3835.96
D03,SC-1020,2024-05-06,480.0,5561.27
D03,SC-1020,2024-05-13,529.0,6075.32
D03,SC-1020,2024-05-20,473.0,5926.58
D03,SC-1020,2024-05-27,303.0,3610.15
D03,SC-1020,2024-06-03,360.0,4439.84
D03,SC-1020,2024-06-10,444.0,5496.31
D03,SC-1020,2024-06-17,358.0,4191.6
D03,SC-1020,2024-06-24,361.0,4354.15
D03,SC-1020,2024-07-01,327.0,4079.58
D03,SC-1020,2024-07-08,380.0,4503.83
D03,SC-1020,2024-07-15,355.0,4389.8
D03,SC-1020,2024-07-22,280.0,3302.39
D03,SC-1020,2024-07-29,474.0,5430.65
D03,SC-1020,2024-08-05,423.0,5287.26
D03,SC-1020,2024-08-12,324.0,3776.67
D03,SC-1020,2024-08-19,449.0,5463.2
D03,SC-1020,2024-08-26,399.0,4581.33
D03,SC-1020,2024-09-02,463.0,5287.34
D03,SC-1020,2024-09-09,432.0,5353.22
D03,SC-1020,2024-09-16,342.0,4271.5599999999995
D03,SC-1020,2024-09-23,423.0,5313.67
D03,SC-1020,2024-09-30,423.0,5270.93
D03,SC-1020,2024-10-07,443.0,5562.6
D03,SC-1020,2024-10-14,437.0,5413.01
D03,SC-1020,2024-10-21,511.0,6453.900000000001
D03,SC-1020,2024-10-28,430.0,5417.2300000000005
D03,SC-1020,2024-11-04,330.0,4061.91
D03,SC-1020,2024-11-11,381.0,4701.12
D03,SC-1020,2024-11-18,317.0,3596.76
D03,SC-1020,2024-11-25,444.0,5211.87
D03,SC-1020,2024-12-02,327.0,3713.3300000000004
D03,SC-1020,2024-12-09,520.0,6438.94
D03,SC-1020,2024-12-16,358.0,4214.77
D03,SC-1020,2024-12-23,373.0,4293.54
D03,SC-1020,2024-12-30,353.0,4266.969999999999
D03,SC-1020,2025-01-06,342.0,4148.599999999999
D03,SC-1020,2025-01-13,355.0,4288.57
D03,SC-1020,2025-01-20,402.0,4707.72
D03,SC-1020,2025-01-27,393.0,4687.22
D03,SC-1020,2025-02-03,372.0,4289.88
D03,SC-1020,2025-02-10,420.0,5125.59
D03,SC-1020,2025-02-17,375.0,4528.88
D03,SC-1020,2025-02-24,411.0,4917.8
D03,SC-1020,2025-03-03,543.0,6849.87
D03,SC-1020,2025-03-10,387.0,4489.25
D03,SC-1020,2025-03-17,409.0,4936.8
D03,SC-1020,2025-03-24,364.0,4559.37
D03,SC-1020,2025-03-31,417.0,4895.4400000000005
D03,SC-1020,2025-04-07,469.0,5785.85
D03,SC-1020,2025-04-14,414.0,4706.63
D03,SC-1020,2025-04-21,382.0,4794.17
D03,SC-1020,2025-04-28,483.0,5958.89
D03,SC-1020,2025-05-05,495.0,5675.65
D03,SC-1020,2025-05-12,510.0,6350.110000000001
D03,SC-1020,2025-05-19,389.0,4646.57
D03,SC-1020,2025-05-26,579.0,6987.73
D03,SC-1020,2025-06-02,440.0,5544.25
D03,SC-1020,2025-06-09,408.0,4926.3
D03,SC-1020,2025-06-16,555.0,6394.16
D03,SC-1020,2025-06-23,583.0,7092.34
D03,SC-1020,2025-06-30,455.0,5734.84
D03,SC-1020,2025-07-07,320.0,3793.22
D03,SC-1020,2025-07-14,383.0,4829.15
D03,SC-1020,2025-07-21,290.0,3581.08
D03,SC-1020,2025-07-28,511.0,5955.93
D03,SC-1020,2025-08-04,295.0,3701.29
D03,SC-1020,2025-08-11,357.0,4438.49
D03,SC-1020,2025-08-18,325.0,4098.68
D03,SC-1020,2025-08-25,286.0,3384.12
D03,SC-1020,2025-09-01,280.0,3417.08
D03,SC-1020,2025-09-08,375.0,4437.32
D03,SC-1020,2025-09-15,329.0,3917.5600000000004
D03,SC-1020,2025-09-22,276.0,3366.08
D03,SC-1020,2025-09-29,277.0,3284.13
D03,SC-1020,2025-10-06,262.0,3110.38
D03,SC-1020,2025-10-13,332.0,3999.2
D03,SC-1020,2025-10-20,329.0,3773.03
D03,SC-1020,2025-10-27,306.0,3855.55
D03,SC-1020,2025-11-03,289.0,3548.46
D03,SC-1020,2025-11-10,302.0,3449.63
D03,SC-1020,2025-11-17,212.0,2564.29
D03,SC-1020,2025-11-24,280.0,3317.75
D03,SC-1020,2025-12-01,312.0,3573.5499999999997
D03,SC-1020,2025-12-08,273.0,3130.6099999999997
D03,SC-1020,2025-12-15,263.0,3325.55
D03,SC-1020,2025-12-22,236.0,2751.39
D03,SC-1020,2025-12-29,237.0,2983.79
D03,SC-1020,2026-01-05,238.0,2966.6000000000004
D03,SC-1020,2026-01-12,265.0,3286.75
D03,SC-1020,2026-01-19,238.0,2957.36
D03,SC-1020,2026-01-26,194.0,2379.2799999999997
D03,SC-1020,2026-02-02,288.0,3606.45
D03,SC-1020,2026-02-09,276.0,3480.9
D03,SC-1020,2026-02-16,269.0,3256.4700000000003
D03,SC-1020,2026-02-23,222.0,2785.21
D03,SC-1020,2026-03-02,237.0,2714.23
D03,SC-1020,2026-03-09,276.0,3269.41
D03,SC-1020,2026-03-16,257.0,3106.08
D03,SC-1020,2026-03-23,230.0,2636.84
D03,SC-1020,2026-03-30,310.0,3559.1400000000003
D03,SC-1020,2026-04-06,225.0,2706.75
D03,SC-1020,2026-04-13,163.0,1900.44
D03,SC-1020,2026-04-20,260.0,3193.01
D03,SC-1020,2026-04-27,263.0,2990.41
D03,SC-1020,2026-05-04,262.0,3199.11
D03,SC-1020,2026-05-11,277.0,3215.86
D03,SC-1020,2026-05-18,241.0,3003.95
D03,SC-1020,2026-05-25,306.0,3535.7200000000003
D03,SC-1020,2026-06-01,214.0,2487.46
D03,SC-1020,2026-06-08,262.0,3064.88
D03,SC-1020,2026-06-15,239.0,2886.87
D03,SC-1020,2026-06-22,305.0,3782.85
D04,IG-1008,2024-01-01,44.0,1903.9299999999998
D04,IG-1008,2024-01-08,32.0,1311.3600000000001
D04,IG-1008,2024-01-15,45.0,1816.1699999999998
D04,IG-1008,2024-01-22,36.0,1446.47
D04,IG-1008,2024-01-29,29.0,1241.66
D04,IG-1008,2024-02-05,35.0,1457.83
D04,IG-1008,2024-02-12,32.0,1306.36
D04,IG-1008,2024-02-19,42.0,1712.99
D04,IG-1008,2024-02-26,34.0,1353.42
D04,IG-1008,2024-03-04,38.0,1512.58
D04,IG-1008,2024-03-11,43.0,1695.1999999999998
D04,IG-1008,2024-03-18,35.0,1365.73
D04,IG-1008,2024-03-25,52.0,2247.09
D04,IG-1008,2024-04-01,44.0,1755.53
D04,IG-1008,2024-04-08,44.0,1741.8200000000002
D04,IG-1008,2024-04-15,35.0,1376.33
D04,IG-1008,2024-04-22,41.0,1784.88
D04,IG-1008,2024-04-29,43.0,1806.56
D04,IG-1008,2024-05-06,37.0,1592.3999999999999
D04,IG-1008,2024-05-13,52.0,2123.54
D04,IG-1008,2024-05-20,46.0,2002.5700000000002
D04,IG-1008,2024-05-27,40.0,1726.69
D04,IG-1008,2024-06-03,44.0,1872.82
D04,IG-1008,2024-06-10,47.0,1925.77
D04,IG-1008,2024-06-17,63.0,2591.47
D04,IG-1008,2024-06-24,49.0,1999.12
D04,IG-1008,2024-07-01,41.0,1706.54
D04,IG-1008,2024-07-08,42.0,1735.46
D04,IG-1008,2024-07-15,44.0,1775.04
D04,IG-1008,2024-07-22,51.0,2176.3199999999997
D04,IG-1008,2024-07-29,49.0,1950.98
D04,IG-1008,2024-08-05,49.0,1948.41
D04,IG-1008,2024-08-12,45.0,1893.07
D04,IG-1008,2024-08-19,36.0,1534.53
D04,IG-1008,2024-08-26,49.0,2031.88
D04,IG-1008,2024-09-02,40.0,1702.6
D04,IG-1008,2024-09-09,49.0,2022.52
D04,IG-1008,2024-09-16,37.0,1625.26
D04,IG-1008,2024-09-23,44.0,1864.62
D04,IG-1008,2024-09-30,49.0,2096.3
D04,IG-1008,2024-10-07,59.0,2545.39
D04,IG-1008,2024-10-14,40.0,1739.51
D04,IG-1008,2024-10-21,54.0,2340.94
D04,IG-1008,2024-10-28,50.0,2107.29
D04,IG-1008,2024-11-04,41.0,1638.98
D04,IG-1008,2024-11-11,43.0,1828.0
D04,IG-1008,2024-11-18,40.0,1635.46
D04,IG-1008,2024-11-25,39.0,1544.49
D04,IG-1008,2024-12-02,35.0,1378.72
D04,IG-1008,2024-12-09,37.0,1469.62
D04,IG-1008,2024-12-16,30.0,1234.98
D04,IG-1008,2024-12-23,45.0,1809.63
D04,IG-1008,2024-12-30,55.0,2214.92
D04,IG-1008,2025-01-06,46.0,2018.01
D04,IG-1008,2025-01-13,45.0,1951.52
D04,IG-1008,2025-01-20,41.0,1650.09
D04,IG-1008,2025-01-27,61.0,2666.49
D04,IG-1008,2025-02-03,54.0,2330.72
D04,IG-1008,2025-02-10,39.0,1633.1599999999999
D04,IG-1008,2025-02-17,65.0,2588.5
D04,IG-1008,2025-02-24,60.0,2623.54
D04,IG-1008,2025-03-03,42.0,1647.58
D04,IG-1008,2025-03-10,56.0,2423.72
D04,IG-1008,2025-03-17,49.0,2061.35
D04,IG-1008,2025-03-24,38.0,1547.74
D04,IG-1008,2025-03-31,45.0,1903.39
D04,IG-1008,2025-04-07,58.0,2470.8199999999997
D04,IG-1008,2025-04-14,58.0,2410.41
D04,IG-1008,2025-04-21,80.0,3308.31
D04,IG-1008,2025-04-28,55.0,2368.67
D04,IG-1008,2025-05-05,41.0,1715.24
D04,IG-1008,2025-05-12,47.0,2026.65
D04,IG-1008,2025-05-19,51.0,2123.82
D04,IG-1008,2025-05-26,53.0,2094.96
D04,IG-1008,2025-06-02,53.0,2093.74
D04,IG-1008,2025-06-09,58.0,2493.82
D04,IG-1008,2025-06-16,70.0,3004.97
D04,IG-1008,2025-06-23,59.0,2383.41
D04,IG-1008,2025-06-30,42.0,1746.8
D04,IG-1008,2025-07-07,45.0,1852.35
D04,IG-1008,2025-07-14,32.0,1275.91
D04,IG-1008,2025-07-21,37.0,1482.88
D04,IG-1008,2025-07-28,53.0,2298.15
D04,IG-1008,2025-08-04,29.0,1177.17
D04,IG-1008,2025-08-11,53.0,2148.16
D04,IG-1008,2025-08-18,42.0,1701.7
D04,IG-1008,2025-08-25,40.0,1583.8600000000001
D04,IG-1008,2025-09-01,31.0,1241.1200000000001
D04,IG-1008,2025-09-08,37.0,1471.99
D04,IG-1008,2025-09-15,34.0,1460.03
D04,IG-1008,2025-09-22,31.0,1261.84
D04,IG-1008,2025-09-29,34.0,1438.65
D04,IG-1008,2025-10-06,49.0,1942.2600000000002
D04,IG-1008,2025-10-13,38.0,1664.48
D04,IG-1008,2025-10-20,32.0,1283.49
D04,IG-1008,2025-10-27,35.0,1475.3
D04,IG-1008,2025-11-03,30.0,1204.42
D04,IG-1008,2025-11-10,35.0,1445.44
D04,IG-1008,2025-11-17,26.0,1115.9
D04,IG-1008,2025-11-24,35.0,1483.5900000000001
D04,IG-1008,2025-12-01,25.0,1027.43
D04,IG-1008,2025-12-08,29.0,1221.91
D04,IG-1008,2025-12-15,36.0,1553.06
D04,IG-1008,2025-12-22,40.0,1576.03
D04,IG-1008,2025-12-29,21.0,847.92
D04,IG-1008,2026-01-05,25.0,1009.55
D04,IG-1008,2026-01-12,30.0,1264.69
D04,IG-1008,2026-01-19,33.0,1399.8300000000002
D04,IG-1008,2026-01-26,27.0,1068.59
D04,IG-1008,2026-02-02,30.0,1259.75
D04,IG-1008,2026-02-09,30.0,1241.9099999999999
D04,IG-1008,2026-02-16,29.0,1245.36
D04,IG-1008,2026-02-23,30.0,1251.41
D04,IG-1008,2026-03-02,30.0,1301.48
D04,IG-1008,2026-03-09,38.0,1579.22
D04,IG-1008,2026-03-16,29.0,1209.53
D04,IG-1008,2026-03-23,36.0,1507.55
D04,IG-1008,2026-03-30,30.0,1218.57
D04,IG-1008,2026-04-06,27.0,1106.6200000000001
D04,IG-1008,2026-04-13,29.0,1249.4
D04,IG-1008,2026-04-20,23.0,975.3000000000001
D04,IG-1008,2026-04-27,26.0,1052.62
D04,IG-1008,2026-05-04,27.0,1086.52
D04,IG-1008,2026-05-11,31.0,1308.08
D04,IG-1008,2026-05-18,39.0,1676.17
D04,IG-1008,2026-05-25,29.0,1198.29
D04,IG-1008,2026-06-01,26.0,1124.8899999999999
D04,IG-1008,2026-06-08,35.0,1453.7
D04,IG-1008,2026-06-15,32.0,1302.52
D04,IG-1008,2026-06-22,37.0,1464.1100000000001
D04,IG-1010,2024-01-01,60.0,3728.47
D04,IG-1010,2024-01-08,59.0,3629.18
D04,IG-1010,2024-01-15,67.0,4173.25
D04,IG-1010,2024-01-22,59.0,3506.36
D04,IG-1010,2024-01-29,67.0,3832.55
D04,IG-1010,2024-02-05,49.0,2951.84
D04,IG-1010,2024-02-12,54.0,3256.9
D04,IG-1010,2024-02-19,66.0,3789.25
D04,IG-1010,2024-02-26,65.0,4043.56
D04,IG-1010,2024-03-04,73.0,4407.72
D04,IG-1010,2024-03-11,79.0,4522.639999999999
D04,IG-1010,2024-03-18,81.0,4936.610000000001
D04,IG-1010,2024-03-25,86.0,5364.52
D04,IG-1010,2024-04-01,91.0,5441.48
D04,IG-1010,2024-04-08,66.0,3789.3
D04,IG-1010,2024-04-15,100.0,6220.48
D04,IG-1010,2024-04-22,110.0,6748.15
D04,IG-1010,2024-04-29,59.0,3439.3199999999997
D04,IG-1010,2024-05-06,67.0,3846.62
D04,IG-1010,2024-05-13,77.0,4526.54
D04,IG-1010,2024-05-20,77.0,4753.17
D04,IG-1010,2024-05-27,58.0,3602.8500000000004
D04,IG-1010,2024-06-03,65.0,3725.21
D04,IG-1010,2024-06-10,78.0,4792.08
D04,IG-1010,2024-06-17,73.0,4257.34
D04,IG-1010,2024-06-24,83.0,4816.07
D04,IG-1010,2024-07-01,101.0,6026.21
D04,IG-1010,2024-07-08,63.0,3861.01
D04,IG-1010,2024-07-15,107.0,6075.55
D04,IG-1010,2024-07-22,100.0,5914.22
D04,IG-1010,2024-07-29,58.0,3332.73
D04,IG-1010,2024-08-05,63.0,3753.81
D04,IG-1010,2024-08-12,70.0,4062.67
D04,IG-1010,2024-08-19,64.0,3729.38
D04,IG-1010,2024-08-26,80.0,4917.82
D04,IG-1010,2024-09-02,81.0,5088.87
D04,IG-1010,2024-09-09,74.0,4554.43
D04,IG-1010,2024-09-16,77.0,4511.5
D04,IG-1010,2024-09-23,71.0,4412.35
D04,IG-1010,2024-09-30,76.0,4363.47
D04,IG-1010,2024-10-07,95.0,5728.37
D04,IG-1010,2024-10-14,49.0,2963.58
D04,IG-1010,2024-10-21,71.0,4453.639999999999
D04,IG-1010,2024-10-28,75.0,4441.36
D04,IG-1010,2024-11-04,69.0,3943.66
D04,IG-1010,2024-11-11,73.0,4536.41
D04,IG-1010,2024-11-18,84.0,5199.06
D04,IG-1010,2024-11-25,65.0,3849.67
D04,IG-1010,2024-12-02,97.0,6113.610000000001
D04,IG-1010,2024-12-09,56.0,3236.22
D04,IG-1010,2024-12-16,77.0,4765.02
D04,IG-1010,2024-12-23,71.0,4247.28
D04,IG-1010,2024-12-30,74.0,4308.46
D04,IG-1010,2025-01-06,80.0,4974.67
D04,IG-1010,2025-01-13,66.0,4028.64
D04,IG-1010,2025-01-20,86.0,5279.49
D04,IG-1010,2025-01-27,99.0,5781.75
D04,IG-1010,2025-02-03,71.0,4294.4800000000005
D04,IG-1010,2025-02-10,70.0,4401.759999999999
D04,IG-1010,2025-02-17,92.0,5341.12
D04,IG-1010,2025-02-24,90.0,5136.13
D04,IG-1010,2025-03-03,62.0,3783.15
D04,IG-1010,2025-03-10,86.0,5289.07
D04,IG-1010,2025-03-17,90.0,5173.97
D04,IG-1010,2025-03-24,81.0,4618.889999999999
D04,IG-1010,2025-03-31,103.0,6404.41
D04,IG-1010,2025-04-07,66.0,4031.77
D04,IG-1010,2025-04-14,61.0,3531.99
D04,IG-1010,2025-04-21,100.0,6095.56
D04,IG-1010,2025-04-28,76.0,4416.31
D04,IG-1010,2025-05-05,86.0,5266.92
D04,IG-1010,2025-05-12,74.0,4613.94
D04,IG-1010,2025-05-19,100.0,6136.11
D04,IG-1010,2025-05-26,93.0,5478.54
D04,IG-1010,2025-06-02,87.0,5526.24
D04,IG-1010,2025-06-09,74.0,4297.58
D04,IG-1010,2025-06-16,88.0,5265.74
D04,IG-1010,2025-06-23,94.0,5667.11
D04,IG-1010,2025-06-30,83.0,4718.12
D04,IG-1010,2025-07-07,63.0,3652.6499999999996
D04,IG-1010,2025-07-14,68.0,4077.17
D04,IG-1010,2025-07-21,74.0,4581.599999999999
D04,IG-1010,2025-07-28,70.0,3998.63
D04,IG-1010,2025-08-04,77.0,4585.15
D04,IG-1010,2025-08-11,63.0,3840.42
D04,IG-1010,2025-08-18,73.0,4358.67
D04,IG-1010,2025-08-25,52.0,3169.11
D04,IG-1010,2025-09-01,64.0,4031.6400000000003
D04,IG-1010,2025-09-08,63.0,3678.77
D04,IG-1010,2025-09-15,84.0,5274.82
D04,IG-1010,2025-09-22,52.0,3059.82
D04,IG-1010,2025-09-29,47.0,2695.87
D04,IG-1010,2025-10-06,50.0,2945.15
D04,IG-1010,2025-10-13,50.0,3030.2
D04,IG-1010,2025-10-20,57.0,3490.15
D04,IG-1010,2025-10-27,44.0,2524.0299999999997
D04,IG-1010,2025-11-03,55.0,3226.75
D04,IG-1010,2025-11-10,52.0,3200.9900000000002
D04,IG-1010,2025-11-17,59.0,3705.04
D04,IG-1010,2025-11-24,55.0,3332.05
D04,IG-1010,2025-12-01,57.0,3303.9700000000003
D04,IG-1010,2025-12-08,53.0,3155.83
D04,IG-1010,2025-12-15,59.0,3367.8
D04,IG-1010,2025-12-22,39.0,2404.35
D04,IG-1010,2025-12-29,39.0,2472.32
D04,IG-1010,2026-01-05,48.0,2963.7699999999995
D04,IG-1010,2026-01-12,49.0,3005.82
D04,IG-1010,2026-01-19,41.0,2463.67
D04,IG-1010,2026-01-26,52.0,3052.21
D04,IG-1010,2026-02-02,39.0,2294.24
D04,IG-1010,2026-02-09,46.0,2755.59
D04,IG-1010,2026-02-16,48.0,2863.0
D04,IG-1010,2026-02-23,52.0,3022.83
D04,IG-1010,2026-03-02,45.0,2720.1800000000003
D04,IG-1010,2026-03-09,58.0,3522.58
D04,IG-1010,2026-03-16,62.0,3863.18
D04,IG-1010,2026-03-23,61.0,3692.61
D04,IG-1010,2026-03-30,63.0,3623.22
D04,IG-1010,2026-04-06,56.0,3243.85
D04,IG-1010,2026-04-13,53.0,3042.27
D04,IG-1010,2026-04-20,43.0,2452.7799999999997
D04,IG-1010,2026-04-27,45.0,2585.8599999999997
D04,IG-1010,2026-05-04,56.0,3206.05
D04,IG-1010,2026-05-11,38.0,2356.43
D04,IG-1010,2026-05-18,60.0,3474.17
D04,IG-1010,2026-05-25,45.0,2652.56
D04,IG-1010,2026-06-01,46.0,2796.38
D04,IG-1010,2026-06-08,56.0,3350.16
D04,IG-1010,2026-06-15,52.0,3252.7
D04,IG-1010,2026-06-22,46.0,2815.48
D04,IG-1011,2024-01-01,89.0,5290.03
D04,IG-1011,2024-01-08,77.0,4190.09
D04,IG-1011,2024-01-15,86.0,5139.47
D04,IG-1011,2024-01-22,86.0,4638.82
D04,IG-1011,2024-01-29,86.0,5067.41
D04,IG-1011,2024-02-05,104.0,5976.55
D04,IG-1011,2024-02-12,84.0,4897.39
D04,IG-1011,2024-02-19,80.0,4493.799999999999
D04,IG-1011,2024-02-26,81.0,4488.28
D04,IG-1011,2024-03-04,88.0,5241.13
D04,IG-1011,2024-03-11,68.0,4011.65
D04,IG-1011,2024-03-18,105.0,5670.9800000000005
D04,IG-1011,2024-03-25,83.0,4516.75
D04,IG-1011,2024-04-01,86.0,5128.05
D04,IG-1011,2024-04-08,73.0,4232.67
D04,IG-1011,2024-04-15,91.0,4890.11
D04,IG-1011,2024-04-22,74.0,4124.19
D04,IG-1011,2024-04-29,71.0,4000.94
D04,IG-1011,2024-05-06,83.0,4576.22
D04,IG-1011,2024-05-13,90.0,5204.34
D04,IG-1011,2024-05-20,82.0,4824.33
D04,IG-1011,2024-05-27,98.0,5576.870000000001
D04,IG-1011,2024-06-03,114.0,6313.639999999999
D04,IG-1011,2024-06-10,98.0,5670.93
D04,IG-1011,2024-06-17,68.0,3901.4300000000003
D04,IG-1011,2024-06-24,95.0,5566.46
D04,IG-1011,2024-07-01,104.0,6021.58
D04,IG-1011,2024-07-08,91.0,5303.25
D04,IG-1011,2024-07-15,100.0,5492.86
D04,IG-1011,2024-07-22,99.0,5483.240000000001
D04,IG-1011,2024-07-29,81.0,4413.41
D04,IG-1011,2024-08-05,114.0,6176.09
D04,IG-1011,2024-08-12,90.0,4985.75
D04,IG-1011,2024-08-19,89.0,4925.629999999999
D04,IG-1011,2024-08-26,100.0,5459.84
D04,IG-1011,2024-09-02,73.0,4352.07
D04,IG-1011,2024-09-09,112.0,6590.46
D04,IG-1011,2024-09-16,79.0,4368.91
D04,IG-1011,2024-09-23,120.0,7108.92
D04,IG-1011,2024-09-30,107.0,6181.12
D04,IG-1011,2024-10-07,77.0,4266.83
D04,IG-1011,2024-10-14,94.0,5256.139999999999
D04,IG-1011,2024-10-21,77.0,4520.55
D04,IG-1011,2024-10-28,75.0,4211.3
D04,IG-1011,2024-11-04,61.0,3268.22
D04,IG-1011,2024-11-11,97.0,5614.0199999999995
D04,IG-1011,2024-11-18,83.0,4629.4
D04,IG-1011,2024-11-25,99.0,5521.21
D04,IG-1011,2024-12-02,92.0,4916.72
D04,IG-1011,2024-12-09,74.0,4037.48
D04,IG-1011,2024-12-16,101.0,5608.84
D04,IG-1011,2024-12-23,97.0,5376.86
D04,IG-1011,2024-12-30,84.0,4748.93
D04,IG-1011,2025-01-06,105.0,5724.6
D04,IG-1011,2025-01-13,88.0,5170.99
D04,IG-1011,2025-01-20,82.0,4734.43
D04,IG-1011,2025-01-27,91.0,5148.37
D04,IG-1011,2025-02-03,89.0,4972.3099999999995
D04,IG-1011,2025-02-10,77.0,4463.51
D04,IG-1011,2025-02-17,65.0,3847.04
D04,IG-1011,2025-02-24,126.0,7363.22
D04,IG-1011,2025-03-03,118.0,6532.31
D04,IG-1011,2025-03-10,126.0,7027.0
D04,IG-1011,2025-03-17,117.0,6822.16
D04,IG-1011,2025-03-24,97.0,5687.86
D04,IG-1011,2025-03-31,102.0,5524.25
D04,IG-1011,2025-04-07,96.0,5439.79
D04,IG-1011,2025-04-14,116.0,6519.56
D04,IG-1011,2025-04-21,116.0,6462.96
D04,IG-1011,2025-04-28,104.0,5859.41
D04,IG-1011,2025-05-05,118.0,6605.2
D04,IG-1011,2025-05-12,132.0,7375.5
D04,IG-1011,2025-05-19,112.0,6193.34
D04,IG-1011,2025-05-26,94.0,5399.77
D04,IG-1011,2025-06-02,121.0,6873.93
D04,IG-1011,2025-06-09,94.0,5585.78
D04,IG-1011,2025-06-16,101.0,6003.84
D04,IG-1011,2025-06-23,119.0,6951.360000000001
D04,IG-1011,2025-06-30,125.0,7233.82
D04,IG-1011,2025-07-07,88.0,4753.75
D04,IG-1011,2025-07-14,73.0,3945.5299999999997
D04,IG-1011,2025-07-21,128.0,7033.1900000000005
D04,IG-1011,2025-07-28,77.0,4521.12
D04,IG-1011,2025-08-04,88.0,4896.81
D04,IG-1011,2025-08-11,74.0,4303.66
D04,IG-1011,2025-08-18,69.0,4003.8
D04,IG-1011,2025-08-25,79.0,4490.400000000001
D04,IG-1011,2025-09-01,72.0,4027.31
D04,IG-1011,2025-09-08,77.0,4261.96
D04,IG-1011,2025-09-15,67.0,3911.29
D04,IG-1011,2025-09-22,75.0,4092.92
D04,IG-1011,2025-09-29,64.0,3689.3900000000003
D04,IG-1011,2025-10-06,83.0,4621.57
D04,IG-1011,2025-10-13,73.0,4052.3399999999997
D04,IG-1011,2025-10-20,67.0,3880.13
D04,IG-1011,2025-10-27,67.0,4011.05
D04,IG-1011,2025-11-03,63.0,3660.88
D04,IG-1011,2025-11-10,67.0,3659.09
D04,IG-1011,2025-11-17,81.0,4382.02
D04,IG-1011,2025-11-24,59.0,3397.68
D04,IG-1011,2025-12-01,65.0,3625.16
D04,IG-1011,2025-12-08,56.0,3060.17
D04,IG-1011,2025-12-15,43.0,2323.5
D04,IG-1011,2025-12-22,68.0,3955.2799999999997
D04,IG-1011,2025-12-29,31.0,1842.05
D04,IG-1011,2026-01-05,65.0,3611.04
D04,IG-1011,2026-01-12,87.0,4839.94
D04,IG-1011,2026-01-19,58.0,3321.7700000000004
D04,IG-1011,2026-01-26,53.0,3144.54
D04,IG-1011,2026-02-02,73.0,4026.29
D04,IG-1011,2026-02-09,73.0,4320.39
D04,IG-1011,2026-02-16,72.0,3988.54
D04,IG-1011,2026-02-23,52.0,2887.52
D04,IG-1011,2026-03-02,55.0,3148.42
D04,IG-1011,2026-03-09,48.0,2742.0
D04,IG-1011,2026-03-16,82.0,4829.9800000000005
D04,IG-1011,2026-03-23,53.0,3102.96
D04,IG-1011,2026-03-30,51.0,2823.33
D04,IG-1011,2026-04-06,60.0,3444.58
D04,IG-1011,2026-04-13,62.0,3673.76
D04,IG-1011,2026-04-20,68.0,3854.15
D04,IG-1011,2026-04-27,60.0,3356.3699999999994
D04,IG-1011,2026-05-04,56.0,3062.96
D04,IG-1011,2026-05-11,59.0,3401.48
D04,IG-1011,2026-05-18,57.0,3235.84
D04,IG-1011,2026-05-25,77.0,4377.969999999999
D04,IG-1011,2026-06-01,63.0,3382.25
D04,IG-1011,2026-06-08,69.0,3888.08
D04,IG-1011,2026-06-15,61.0,3383.55
D04,IG-1011,2026-06-22,48.0,2782.24
D04,IG-1012,2024-01-01,139.0,9150.7
D04,IG-1012,2024-01-08,175.0,11596.69
D04,IG-1012,2024-01-15,124.0,7938.54
D04,IG-1012,2024-01-22,163.0,11070.21
D04,IG-1012,2024-01-29,124.0,8628.7
D04,IG-1012,2024-02-05,124.0,8060.26
D04,IG-1012,2024-02-12,119.0,7652.459999999999
D04,IG-1012,2024-02-19,113.0,7289.58
D04,IG-1012,2024-02-26,159.0,10965.099999999999
D04,IG-1012,2024-03-04,133.0,8974.48
D04,IG-1012,2024-03-11,165.0,10913.78
D04,IG-1012,2024-03-18,204.0,12900.9
D04,IG-1012,2024-03-25,151.0,10329.06
D04,IG-1012,2024-04-01,173.0,11062.5
D04,IG-1012,2024-04-08,193.0,13396.050000000001
D04,IG-1012,2024-04-15,175.0,12163.87
D04,IG-1012,2024-04-22,173.0,12051.67
D04,IG-1012,2024-04-29,133.0,8706.11
D04,IG-1012,2024-05-06,176.0,12027.45
D04,IG-1012,2024-05-13,191.0,12868.26
D04,IG-1012,2024-05-20,230.0,14873.920000000002
D04,IG-1012,2024-05-27,167.0,10582.53
D04,IG-1012,2024-06-03,213.0,14823.480000000001
D04,IG-1012,2024-06-10,163.0,11334.7
D04,IG-1012,2024-06-17,206.0,14393.8
D04,IG-1012,2024-06-24,158.0,10676.84
D04,IG-1012,2024-07-01,183.0,12058.84
D04,IG-1012,2024-07-08,163.0,10416.59
D04,IG-1012,2024-07-15,179.0,11541.82
D04,IG-1012,2024-07-22,179.0,12344.259999999998
D04,IG-1012,2024-07-29,181.0,11808.65
D04,IG-1012,2024-08-05,158.0,10521.6
D04,IG-1012,2024-08-12,176.0,11267.81
D04,IG-1012,2024-08-19,185.0,12232.45
D04,IG-1012,2024-08-26,167.0,10688.13
D04,IG-1012,2024-09-02,153.0,10751.720000000001
D04,IG-1012,2024-09-09,155.0,10053.31
D04,IG-1012,2024-09-16,200.0,12621.740000000002
D04,IG-1012,2024-09-23,171.0,11189.68
D04,IG-1012,2024-09-30,209.0,13933.74
D04,IG-1012,2024-10-07,163.0,10820.92
D04,IG-1012,2024-10-14,164.0,11567.529999999999
D04,IG-1012,2024-10-21,181.0,12527.220000000001
D04,IG-1012,2024-10-28,181.0,12214.75
D04,IG-1012,2024-11-04,203.0,14299.83
D04,IG-1012,2024-11-11,120.0,8125.39
D04,IG-1012,2024-11-18,178.0,12157.39
D04,IG-1012,2024-11-25,141.0,9527.98
D04,IG-1012,2024-12-02,163.0,11197.48
D04,IG-1012,2024-12-09,141.0,9328.699999999999
D04,IG-1012,2024-12-16,173.0,11349.880000000001
D04,IG-1012,2024-12-23,143.0,9417.03
D04,IG-1012,2024-12-30,127.0,8371.47
D04,IG-1012,2025-01-06,143.0,9424.53
D04,IG-1012,2025-01-13,204.0,13559.13
D04,IG-1012,2025-01-20,192.0,12511.14
D04,IG-1012,2025-01-27,212.0,13646.210000000001
D04,IG-1012,2025-02-03,132.0,8399.19
D04,IG-1012,2025-02-10,234.0,15405.52
D04,IG-1012,2025-02-17,260.0,16480.059999999998
D04,IG-1012,2025-02-24,157.0,11046.93
D04,IG-1012,2025-03-03,197.0,12517.77
D04,IG-1012,2025-03-10,172.0,11021.2
D04,IG-1012,2025-03-17,215.0,13605.51
D04,IG-1012,2025-03-24,248.0,17308.07
D04,IG-1012,2025-03-31,169.0,11772.74
D04,IG-1012,2025-04-07,163.0,10544.12
D04,IG-1012,2025-04-14,193.0,12186.420000000002
D04,IG-1012,2025-04-21,350.0,22837.969999999998
D04,IG-1012,2025-04-28,232.0,15791.75
D04,IG-1012,2025-05-05,222.0,15567.59
D04,IG-1012,2025-05-12,243.0,16149.3
D04,IG-1012,2025-05-19,249.0,17443.559999999998
D04,IG-1012,2025-05-26,221.0,14325.8
D04,IG-1012,2025-06-02,210.0,13827.08
D04,IG-1012,2025-06-09,195.0,13073.35
D04,IG-1012,2025-06-16,220.0,14371.31
D04,IG-1012,2025-06-23,253.0,17252.26
D04,IG-1012,2025-06-30,251.0,17514.48
D04,IG-1012,2025-07-07,149.0,10246.04
D04,IG-1012,2025-07-14,157.0,10543.95
D04,IG-1012,2025-07-21,132.0,8480.99
D04,IG-1012,2025-07-28,183.0,12008.23
D04,IG-1012,2025-08-04,166.0,10747.52
D04,IG-1012,2025-08-11,145.0,9983.91
D04,IG-1012,2025-08-18,140.0,9376.28
D04,IG-1012,2025-08-25,127.0,8079.13
D04,IG-1012,2025-09-01,146.0,9582.74
D04,IG-1012,2025-09-08,177.0,12421.28
D04,IG-1012,2025-09-15,124.0,8427.57
D04,IG-1012,2025-09-22,111.0,7111.96
D04,IG-1012,2025-09-29,137.0,9215.4
D04,IG-1012,2025-10-06,158.0,10952.64
D04,IG-1012,2025-10-13,150.0,9636.33
D04,IG-1012,2025-10-20,154.0,9855.38
D04,IG-1012,2025-10-27,117.0,7399.2
D04,IG-1012,2025-11-03,142.0,9393.67
D04,IG-1012,2025-11-10,130.0,8584.18
D04,IG-1012,2025-11-17,117.0,7906.0
D04,IG-1012,2025-11-24,121.0,7654.18
D04,IG-1012,2025-12-01,134.0,8839.39
D04,IG-1012,2025-12-08,128.0,8670.51
D04,IG-1012,2025-12-15,127.0,8417.990000000002
D04,IG-1012,2025-12-22,128.0,8894.26
D04,IG-1012,2025-12-29,109.0,6911.11
D04,IG-1012,2026-01-05,94.0,6486.93
D04,IG-1012,2026-01-12,103.0,7189.41
D04,IG-1012,2026-01-19,131.0,8716.89
D04,IG-1012,2026-01-26,92.0,5908.66
D04,IG-1012,2026-02-02,114.0,7304.2
D04,IG-1012,2026-02-09,117.0,8133.59
D04,IG-1012,2026-02-16,127.0,8274.06
D04,IG-1012,2026-02-23,94.0,6177.57
D04,IG-1012,2026-03-02,81.0,5667.07
D04,IG-1012,2026-03-09,105.0,6927.12
D04,IG-1012,2026-03-16,124.0,8604.88
D04,IG-1012,2026-03-23,141.0,9166.44
D04,IG-1012,2026-03-30,103.0,6743.9400000000005
D04,IG-1012,2026-04-06,101.0,6428.27
D04,IG-1012,2026-04-13,118.0,8004.05
D04,IG-1012,2026-04-20,157.0,10060.99
D04,IG-1012,2026-04-27,124.0,8473.8
D04,IG-1012,2026-05-04,126.0,8821.08
D04,IG-1012,2026-05-11,156.0,10445.88
D04,IG-1012,2026-05-18,135.0,8634.71
D04,IG-1012,2026-05-25,120.0,8401.93
D04,IG-1012,2026-06-01,99.0,6695.98
D04,IG-1012,2026-06-08,119.0,7590.4
D04,IG-1012,2026-06-15,131.0,8825.279999999999
D04,IG-1012,2026-06-22,100.0,6783.3
D04,IG-1014,2024-01-01,29.0,1209.48
D04,IG-1014,2024-01-08,29.0,1248.38
D04,IG-1014,2024-01-15,39.0,1586.36
D04,IG-1014,2024-01-22,31.0,1309.74
D04,IG-1014,2024-01-29,37.0,1611.47
D04,IG-1014,2024-02-05,34.0,1480.1999999999998
D04,IG-1014,2024-02-12,38.0,1659.96
D04,IG-1014,2024-02-19,36.0,1465.18
D04,IG-1014,2024-02-26,41.0,1726.36
D04,IG-1014,2024-03-04,43.0,1791.76
D04,IG-1014,2024-03-11,34.0,1375.47
D04,IG-1014,2024-03-18,30.0,1210.4499999999998
D04,IG-1014,2024-03-25,38.0,1609.4299999999998
D04,IG-1014,2024-04-01,36.0,1605.22
D04,IG-1014,2024-04-08,36.0,1527.41
D04,IG-1014,2024-04-15,31.0,1288.52
D04,IG-1014,2024-04-22,38.0,1664.71
D04,IG-1014,2024-04-29,41.0,1821.12
D04,IG-1014,2024-05-06,38.0,1626.63
D04,IG-1014,2024-05-13,41.0,1687.52
D04,IG-1014,2024-05-20,46.0,1900.42
D04,IG-1014,2024-05-27,52.0,2163.01
D04,IG-1014,2024-06-03,53.0,2222.55
D04,IG-1014,2024-06-10,39.0,1620.89
D04,IG-1014,2024-06-17,38.0,1642.62
D04,IG-1014,2024-06-24,35.0,1500.6399999999999
D04,IG-1014,2024-07-01,48.0,1965.18
D04,IG-1014,2024-07-08,44.0,1917.73
D04,IG-1014,2024-07-15,53.0,2306.44
D04,IG-1014,2024-07-22,44.0,1841.8200000000002
D04,IG-1014,2024-07-29,39.0,1697.69
D04,IG-1014,2024-08-05,42.0,1828.42
D04,IG-1014,2024-08-12,41.0,1655.8600000000001
D04,IG-1014,2024-08-19,38.0,1592.14
D04,IG-1014,2024-08-26,42.0,1873.32
D04,IG-1014,2024-09-02,36.0,1510.69
D04,IG-1014,2024-09-09,51.0,2278.6
D04,IG-1014,2024-09-16,32.0,1346.55
D04,IG-1014,2024-09-23,49.0,2032.36
D04,IG-1014,2024-09-30,38.0,1672.1
D04,IG-1014,2024-10-07,26.0,1083.21
D04,IG-1014,2024-10-14,31.0,1253.82
D04,IG-1014,2024-10-21,40.0,1705.67
D04,IG-1014,2024-10-28,37.0,1509.57
D04,IG-1014,2024-11-04,42.0,1818.34
D04,IG-1014,2024-11-11,37.0,1535.36
D04,IG-1014,2024-11-18,43.0,1917.56
D04,IG-1014,2024-11-25,40.0,1766.96
D04,IG-1014,2024-12-02,44.0,1894.47
D04,IG-1014,2024-12-09,45.0,2008.65
D04,IG-1014,2024-12-16,43.0,1899.0500000000002
D04,IG-1014,2024-12-23,38.0,1728.89
D04,IG-1014,2024-12-30,50.0,2231.4
D04,IG-1014,2025-01-06,40.0,1630.5
D04,IG-1014,2025-01-13,37.0,1568.19
D04,IG-1014,2025-01-20,39.0,1605.3600000000001
D04,IG-1014,2025-01-27,44.0,1845.75
D04,IG-1014,2025-02-03,49.0,1991.2
D04,IG-1014,2025-02-10,47.0,2109.5699999999997
D04,IG-1014,2025-02-17,48.0,2048.33
D04,IG-1014,2025-02-24,42.0,1695.35
D04,IG-1014,2025-03-03,52.0,2180.38
D04,IG-1014,2025-03-10,45.0,2003.03
D04,IG-1014,2025-03-17,42.0,1726.92
D04,IG-1014,2025-03-24,35.0,1505.83
D04,IG-1014,2025-03-31,51.0,2192.34
D04,IG-1014,2025-04-07,43.0,1763.99
D04,IG-1014,2025-04-14,41.0,1737.9
D04,IG-1014,2025-04-21,40.0,1733.41
D04,IG-1014,2025-04-28,56.0,2289.11
D04,IG-1014,2025-05-05,51.0,2116.5699999999997
D04,IG-1014,2025-05-12,54.0,2240.72
D04,IG-1014,2025-05-19,48.0,2008.81
D04,IG-1014,2025-05-26,51.0,2229.15
D04,IG-1014,2025-06-02,50.0,2183.58
D04,IG-1014,2025-06-09,43.0,1760.35
D04,IG-1014,2025-06-16,57.0,2502.66
D04,IG-1014,2025-06-23,45.0,1822.76
D04,IG-1014,2025-06-30,47.0,2045.54
D04,IG-1014,2025-07-07,41.0,1797.75
D04,IG-1014,2025-07-14,45.0,1985.12
D04,IG-1014,2025-07-21,34.0,1447.91
D04,IG-1014,2025-07-28,42.0,1811.41
D04,IG-1014,2025-08-04,39.0,1665.1100000000001
D04,IG-1014,2025-08-11,35.0,1480.8
D04,IG-1014,2025-08-18,35.0,1583.3200000000002
D04,IG-1014,2025-08-25,34.0,1549.9299999999998
D04,IG-1014,2025-09-01,36.0,1512.47
D04,IG-1014,2025-09-08,40.0,1684.69
D04,IG-1014,2025-09-15,35.0,1490.75
D04,IG-1014,2025-09-22,31.0,1376.2
D04,IG-1014,2025-09-29,30.0,1289.19
D04,IG-1014,2025-10-06,32.0,1431.42
D04,IG-1014,2025-10-13,29.0,1209.12
D04,IG-1014,2025-10-20,23.0,1041.63
D04,IG-1014,2025-10-27,36.0,1466.87
D04,IG-1014,2025-11-03,29.0,1312.81
D04,IG-1014,2025-11-10,29.0,1159.28
D04,IG-1014,2025-11-17,35.0,1438.62
D04,IG-1014,2025-11-24,27.0,1099.9
D04,IG-1014,2025-12-01,30.0,1332.22
D04,IG-1014,2025-12-08,28.0,1232.78
D04,IG-1014,2025-12-15,29.0,1311.39
D04,IG-1014,2025-12-22,25.0,1043.54
D04,IG-1014,2025-12-29,32.0,1325.01
D04,IG-1014,2026-01-05,36.0,1592.93
D04,IG-1014,2026-01-12,24.0,1061.67
D04,IG-1014,2026-01-19,31.0,1312.03
D04,IG-1014,2026-01-26,28.0,1227.31
D04,IG-1014,2026-02-02,29.0,1167.0
D04,IG-1014,2026-02-09,29.0,1182.63
D04,IG-1014,2026-02-16,23.0,941.7
D04,IG-1014,2026-02-23,24.0,994.9100000000001
D04,IG-1014,2026-03-02,26.0,1169.1299999999999
D04,IG-1014,2026-03-09,33.0,1378.05
D04,IG-1014,2026-03-16,26.0,1112.87
D04,IG-1014,2026-03-23,29.0,1232.55
D04,IG-1014,2026-03-30,27.0,1179.5700000000002
D04,IG-1014,2026-04-06,27.0,1130.34
D04,IG-1014,2026-04-13,28.0,1182.66
D04,IG-1014,2026-04-20,24.0,1091.93
D04,IG-1014,2026-04-27,27.0,1130.26
D04,IG-1014,2026-05-04,26.0,1054.11
D04,IG-1014,2026-05-11,28.0,1115.51
D04,IG-1014,2026-05-18,25.0,1067.13
D04,IG-1014,2026-05-25,37.0,1596.98
D04,IG-1014,2026-06-01,22.0,968.97
D04,IG-1014,2026-06-08,22.0,979.71
D04,IG-1014,2026-06-15,30.0,1339.31
D04,IG-1014,2026-06-22,32.0,1358.51
D04,IS-1022,2024-01-01,327.0,4336.77
D04,IS-1022,2024-01-08,356.0,4639.45
D04,IS-1022,2024-01-15,307.0,4208.81
D04,IS-1022,2024-01-22,373.0,4768.4
D04,IS-1022,2024-01-29,288.0,3672.89
D04,IS-1022,2024-02-05,321.0,4462.37
D04,IS-1022,2024-02-12,294.0,3740.66
D04,IS-1022,2024-02-19,366.0,4985.34
D04,IS-1022,2024-02-26,466.0,6281.62
D04,IS-1022,2024-03-04,379.0,5250.21
D04,IS-1022,2024-03-11,357.0,4645.4
D04,IS-1022,2024-03-18,356.0,4737.1
D04,IS-1022,2024-03-25,340.0,4619.67
D04,IS-1022,2024-04-01,442.0,5598.3099999999995
D04,IS-1022,2024-04-08,402.0,5260.0
D04,IS-1022,2024-04-15,297.0,4016.11
D04,IS-1022,2024-04-22,453.0,6045.79
D04,IS-1022,2024-04-29,340.0,4405.48
D04,IS-1022,2024-05-06,353.0,4516.33
D04,IS-1022,2024-05-13,417.0,5663.1
D04,IS-1022,2024-05-20,360.0,4829.16
D04,IS-1022,2024-05-27,553.0,7396.38
D04,IS-1022,2024-06-03,382.0,5052.46
D04,IS-1022,2024-06-10,436.0,5541.73
D04,IS-1022,2024-06-17,315.0,4011.99
D04,IS-1022,2024-06-24,361.0,4861.4
D04,IS-1022,2024-07-01,388.0,4974.96
D04,IS-1022,2024-07-08,458.0,5945.65
D04,IS-1022,2024-07-15,334.0,4525.76
D04,IS-1022,2024-07-22,467.0,6549.84
D04,IS-1022,2024-07-29,395.0,5416.39
D04,IS-1022,2024-08-05,404.0,5526.62
D04,IS-1022,2024-08-12,341.0,4401.2
D04,IS-1022,2024-08-19,328.0,4125.98
D04,IS-1022,2024-08-26,271.0,3414.04
D04,IS-1022,2024-09-02,389.0,5269.61
D04,IS-1022,2024-09-09,404.0,5178.98
D04,IS-1022,2024-09-16,345.0,4471.2
D04,IS-1022,2024-09-23,284.0,3658.65
D04,IS-1022,2024-09-30,328.0,4183.01
D04,IS-1022,2024-10-07,374.0,5128.58
D04,IS-1022,2024-10-14,360.0,4865.1900000000005
D04,IS-1022,2024-10-21,384.0,5292.02
D04,IS-1022,2024-10-28,270.0,3758.12
D04,IS-1022,2024-11-04,322.0,4409.25
D04,IS-1022,2024-11-11,335.0,4349.62
D04,IS-1022,2024-11-18,372.0,4827.06
D04,IS-1022,2024-11-25,308.0,4092.7999999999997
D04,IS-1022,2024-12-02,364.0,4896.65
D04,IS-1022,2024-12-09,291.0,3686.5299999999997
D04,IS-1022,2024-12-16,346.0,4419.16
D04,IS-1022,2024-12-23,321.0,4489.77
D04,IS-1022,2024-12-30,319.0,4342.07
D04,IS-1022,2025-01-06,484.0,6511.04
D04,IS-1022,2025-01-13,322.0,4335.96
D04,IS-1022,2025-01-20,319.0,4371.389999999999
D04,IS-1022,2025-01-27,276.0,3686.73
D04,IS-1022,2025-02-03,399.0,5127.69
D04,IS-1022,2025-02-10,319.0,4034.89
D04,IS-1022,2025-02-17,348.0,4774.7
D04,IS-1022,2025-02-24,310.0,4108.66
D04,IS-1022,2025-03-03,378.0,5022.0199999999995
D04,IS-1022,2025-03-10,412.0,5610.09
D04,IS-1022,2025-03-17,439.0,6108.92
D04,IS-1022,2025-03-24,357.0,4909.95
D04,IS-1022,2025-03-31,335.0,4333.3
D04,IS-1022,2025-04-07,334.0,4239.02
D04,IS-1022,2025-04-14,372.0,5022.59
D04,IS-1022,2025-04-21,388.0,5179.59
D04,IS-1022,2025-04-28,407.0,5635.139999999999
D04,IS-1022,2025-05-05,332.0,4605.379999999999
D04,IS-1022,2025-05-12,386.0,5295.68
D04,IS-1022,2025-05-19,325.0,4555.37
D04,IS-1022,2025-05-26,372.0,4978.3
D04,IS-1022,2025-06-02,468.0,6482.69
D04,IS-1022,2025-06-09,367.0,4854.22
D04,IS-1022,2025-06-16,332.0,4508.26
D04,IS-1022,2025-06-23,398.0,5539.23
D04,IS-1022,2025-06-30,430.0,5658.48
D04,IS-1022,2025-07-07,334.0,4614.84
D04,IS-1022,2025-07-14,304.0,3939.1400000000003
D04,IS-1022,2025-07-21,327.0,4403.31
D04,IS-1022,2025-07-28,344.0,4648.51
D04,IS-1022,2025-08-04,457.0,6096.099999999999
D04,IS-1022,2025-08-11,292.0,3776.0299999999997
D04,IS-1022,2025-08-18,277.0,3606.9300000000003
D04,IS-1022,2025-08-25,369.0,4783.13
D04,IS-1022,2025-09-01,315.0,4292.21
D04,IS-1022,2025-09-08,299.0,4164.889999999999
D04,IS-1022,2025-09-15,379.0,5171.030000000001
D04,IS-1022,2025-09-22,345.0,4473.47
D04,IS-1022,2025-09-29,392.0,5170.91
D04,IS-1022,2025-10-06,373.0,4864.65
D04,IS-1022,2025-10-13,276.0,3785.34
D04,IS-1022,2025-10-20,255.0,3444.05
D04,IS-1022,2025-10-27,386.0,5133.79
D04,IS-1022,2025-11-03,318.0,4075.05
D04,IS-1022,2025-11-10,507.0,6720.34
D04,IS-1022,2025-11-17,371.0,5128.32
D04,IS-1022,2025-11-24,393.0,5277.97
D04,IS-1022,2025-12-01,277.0,3645.12
D04,IS-1022,2025-12-08,316.0,4089.4700000000003
D04,IS-1022,2025-12-15,361.0,4590.92
D04,IS-1022,2025-12-22,317.0,4228.3
D04,IS-1022,2025-12-29,325.0,4235.21
D04,IS-1022,2026-01-05,336.0,4244.07
D04,IS-1022,2026-01-12,292.0,3859.77
D04,IS-1022,2026-01-19,287.0,4011.75
D04,IS-1022,2026-01-26,322.0,4135.0
D04,IS-1022,2026-02-02,314.0,4394.719999999999
D04,IS-1022,2026-02-09,295.0,3943.65
D04,IS-1022,2026-02-16,334.0,4529.05
D04,IS-1022,2026-02-23,283.0,3802.3900000000003
D04,IS-1022,2026-03-02,390.0,5444.6
D04,IS-1022,2026-03-09,384.0,5186.54
D04,IS-1022,2026-03-16,394.0,5268.43
D04,IS-1022,2026-03-23,317.0,4215.32
D04,IS-1022,2026-03-30,314.0,4037.3900000000003
D04,IS-1022,2026-04-06,447.0,5685.77
D04,IS-1022,2026-04-13,359.0,4631.6
D04,IS-1022,2026-04-20,407.0,5212.09
D04,IS-1022,2026-04-27,317.0,4302.53
D04,IS-1022,2026-05-04,363.0,4636.69
D04,IS-1022,2026-05-11,456.0,6394.360000000001
D04,IS-1022,2026-05-18,391.0,5261.49
D04,IS-1022,2026-05-25,371.0,5048.73
D04,IS-1022,2026-06-01,420.0,5302.25
D04,IS-1022,2026-06-08,406.0,5136.030000000001
D04,IS-1022,2026-06-15,529.0,6914.66
D04,IS-1022,2026-06-22,390.0,5289.24
D04,IS-1026,2024-01-01,121.0,832.04
D04,IS-1026,2024-01-08,122.0,859.52
D04,IS-1026,2024-01-15,138.0,942.5
D04,IS-1026,2024-01-22,148.0,1082.72
D04,IS-1026,2024-01-29,156.0,1108.8500000000001
D04,IS-1026,2024-02-05,131.0,930.75
D04,IS-1026,2024-02-12,141.0,977.86
D04,IS-1026,2024-02-19,123.0,912.61
D04,IS-1026,2024-02-26,124.0,909.03
D04,IS-1026,2024-03-04,110.0,758.47
D04,IS-1026,2024-03-11,135.0,992.25
D04,IS-1026,2024-03-18,182.0,1334.54
D04,IS-1026,2024-03-25,188.0,1274.37
D04,IS-1026,2024-04-01,167.0,1177.58
D04,IS-1026,2024-04-08,180.0,1300.24
D04,IS-1026,2024-04-15,176.0,1241.98
D04,IS-1026,2024-04-22,162.0,1186.3000000000002
D04,IS-1026,2024-04-29,110.0,780.37
D04,IS-1026,2024-05-06,224.0,1628.05
D04,IS-1026,2024-05-13,156.0,1059.08
D04,IS-1026,2024-05-20,156.0,1148.85
D04,IS-1026,2024-05-27,201.0,1493.26
D04,IS-1026,2024-06-03,166.0,1179.75
D04,IS-1026,2024-06-10,237.0,1640.48
D04,IS-1026,2024-06-17,143.0,1034.3700000000001
D04,IS-1026,2024-06-24,189.0,1392.53
D04,IS-1026,2024-07-01,156.0,1130.38
D04,IS-1026,2024-07-08,164.0,1101.3799999999999
D04,IS-1026,2024-07-15,141.0,1031.45
D04,IS-1026,2024-07-22,145.0,983.72
D04,IS-1026,2024-07-29,193.0,1351.81
D04,IS-1026,2024-08-05,170.0,1262.43
D04,IS-1026,2024-08-12,167.0,1113.85
D04,IS-1026,2024-08-19,121.0,819.99
D04,IS-1026,2024-08-26,121.0,886.54
D04,IS-1026,2024-09-02,132.0,972.55
D04,IS-1026,2024-09-09,142.0,1007.07
D04,IS-1026,2024-09-16,147.0,1025.48
D04,IS-1026,2024-09-23,155.0,1045.17
D04,IS-1026,2024-09-30,170.0,1266.8799999999999
D04,IS-1026,2024-10-07,180.0,1294.52
D04,IS-1026,2024-10-14,148.0,1062.05
D04,IS-1026,2024-10-21,125.0,888.01
D04,IS-1026,2024-10-28,157.0,1054.3999999999999
D04,IS-1026,2024-11-04,144.0,1030.68
D04,IS-1026,2024-11-11,149.0,1068.2
D04,IS-1026,2024-11-18,166.0,1154.97
D04,IS-1026,2024-11-25,130.0,959.78
D04,IS-1026,2024-12-02,171.0,1162.23
D04,IS-1026,2024-12-09,111.0,822.48
D04,IS-1026,2024-12-16,153.0,1098.17
D04,IS-1026,2024-12-23,124.0,875.05
D04,IS-1026,2024-12-30,142.0,962.51
D04,IS-1026,2025-01-06,145.0,1051.54
D04,IS-1026,2025-01-13,131.0,924.5200000000001
D04,IS-1026,2025-01-20,126.0,924.63
D04,IS-1026,2025-01-27,123.0,840.34
D04,IS-1026,2025-02-03,147.0,999.92
D04,IS-1026,2025-02-10,156.0,1145.85
D04,IS-1026,2025-02-17,188.0,1393.8899999999999
D04,IS-1026,2025-02-24,139.0,940.86
D04,IS-1026,2025-03-03,115.0,826.84
D04,IS-1026,2025-03-10,157.0,1112.65
D04,IS-1026,2025-03-17,114.0,802.45
D04,IS-1026,2025-03-24,189.0,1273.29
D04,IS-1026,2025-03-31,168.0,1247.35
D04,IS-1026,2025-04-07,130.0,963.19
D04,IS-1026,2025-04-14,120.0,858.08
D04,IS-1026,2025-04-21,134.0,896.0
D04,IS-1026,2025-04-28,166.0,1194.1100000000001
D04,IS-1026,2025-05-05,137.0,1011.2299999999999
D04,IS-1026,2025-05-12,173.0,1189.89
D04,IS-1026,2025-05-19,179.0,1328.43
D04,IS-1026,2025-05-26,143.0,960.24
D04,IS-1026,2025-06-02,177.0,1275.48
D04,IS-1026,2025-06-09,186.0,1321.21
D04,IS-1026,2025-06-16,169.0,1226.65
D04,IS-1026,2025-06-23,168.0,1237.67
D04,IS-1026,2025-06-30,142.0,945.9300000000001
D04,IS-1026,2025-07-07,208.0,1487.85
D04,IS-1026,2025-07-14,132.0,953.48
D04,IS-1026,2025-07-21,142.0,965.5500000000001
D04,IS-1026,2025-07-28,173.0,1272.85
D04,IS-1026,2025-08-04,141.0,939.9200000000001
D04,IS-1026,2025-08-11,141.0,1031.96
D04,IS-1026,2025-08-18,119.0,844.38
D04,IS-1026,2025-08-25,135.0,916.45
D04,IS-1026,2025-09-01,206.0,1463.6399999999999
D04,IS-1026,2025-09-08,135.0,931.52
D04,IS-1026,2025-09-15,170.0,1246.75
D04,IS-1026,2025-09-22,129.0,902.2800000000001
D04,IS-1026,2025-09-29,118.0,852.79
D04,IS-1026,2025-10-06,122.0,860.26
D04,IS-1026,2025-10-13,151.0,1008.16
D04,IS-1026,2025-10-20,97.0,650.2
D04,IS-1026,2025-10-27,172.0,1159.16
D04,IS-1026,2025-11-03,142.0,1007.76
D04,IS-1026,2025-11-10,125.0,887.83
D04,IS-1026,2025-11-17,117.0,862.79
D04,IS-1026,2025-11-24,121.0,888.5500000000001
D04,IS-1026,2025-12-01,155.0,1097.06
D04,IS-1026,2025-12-08,103.0,711.79
D04,IS-1026,2025-12-15,130.0,961.09
D04,IS-1026,2025-12-22,156.0,1121.1299999999999
D04,IS-1026,2025-12-29,97.0,700.4300000000001
D04,IS-1026,2026-01-05,121.0,854.29
D04,IS-1026,2026-01-12,106.0,760.38
D04,IS-1026,2026-01-19,111.0,762.05
D04,IS-1026,2026-01-26,140.0,1006.78
D04,IS-1026,2026-02-02,151.0,1046.65
D04,IS-1026,2026-02-09,130.0,907.0999999999999
D04,IS-1026,2026-02-16,111.0,795.44
D04,IS-1026,2026-02-23,124.0,886.25
D04,IS-1026,2026-03-02,151.0,1024.24
D04,IS-1026,2026-03-09,143.0,969.27
D04,IS-1026,2026-03-16,122.0,900.17
D04,IS-1026,2026-03-23,137.0,988.99
D04,IS-1026,2026-03-30,167.0,1236.26
D04,IS-1026,2026-04-06,155.0,1120.37
D04,IS-1026,2026-04-13,129.0,873.53
D04,IS-1026,2026-04-20,159.0,1089.73
D04,IS-1026,2026-04-27,142.0,1012.75
D04,IS-1026,2026-05-04,141.0,1036.72
D04,IS-1026,2026-05-11,159.0,1124.42
D04,IS-1026,2026-05-18,133.0,943.36
D04,IS-1026,2026-05-25,147.0,1003.35
D04,IS-1026,2026-06-01,185.0,1304.98
D04,IS-1026,2026-06-08,229.0,1606.01
D04,IS-1026,2026-06-15,123.0,885.55
D04,IS-1026,2026-06-22,139.0,935.6
D04,IS-1027,2024-01-01,624.0,8813.66
D04,IS-1027,2024-01-08,606.0,8513.49
D04,IS-1027,2024-01-15,449.0,6181.28
D04,IS-1027,2024-01-22,726.0,10893.27
D04,IS-1027,2024-01-29,729.0,10975.189999999999
D04,IS-1027,2024-02-05,596.0,9026.86
D04,IS-1027,2024-02-12,629.0,9324.08
D04,IS-1027,2024-02-19,681.0,9287.09
D04,IS-1027,2024-02-26,716.0,10222.16
D04,IS-1027,2024-03-04,617.0,8567.25
D04,IS-1027,2024-03-11,605.0,9098.17
D04,IS-1027,2024-03-18,591.0,8412.66
D04,IS-1027,2024-03-25,879.0,12294.28
D04,IS-1027,2024-04-01,853.0,11887.24
D04,IS-1027,2024-04-08,609.0,9151.17
D04,IS-1027,2024-04-15,633.0,8662.29
D04,IS-1027,2024-04-22,622.0,8890.95
D04,IS-1027,2024-04-29,588.0,8136.84
D04,IS-1027,2024-05-06,992.0,14131.5
D04,IS-1027,2024-05-13,667.0,9117.550000000001
D04,IS-1027,2024-05-20,838.0,12529.67
D04,IS-1027,2024-05-27,713.0,10515.04
D04,IS-1027,2024-06-03,727.0,10020.48
D04,IS-1027,2024-06-10,721.0,10405.26
D04,IS-1027,2024-06-17,795.0,11566.72
D04,IS-1027,2024-06-24,731.0,10702.17
D04,IS-1027,2024-07-01,839.0,12374.199999999999
D04,IS-1027,2024-07-08,889.0,12659.05
D04,IS-1027,2024-07-15,678.0,10133.98
D04,IS-1027,2024-07-22,763.0,10713.14
D04,IS-1027,2024-07-29,576.0,8409.21
D04,IS-1027,2024-08-05,675.0,9948.84
D04,IS-1027,2024-08-12,727.0,10556.64
D04,IS-1027,2024-08-19,697.0,10589.51
D04,IS-1027,2024-08-26,700.0,9786.050000000001
D04,IS-1027,2024-09-02,762.0,10429.23
D04,IS-1027,2024-09-09,778.0,10958.77
D04,IS-1027,2024-09-16,502.0,7603.25
D04,IS-1027,2024-09-23,703.0,10354.48
D04,IS-1027,2024-09-30,646.0,9242.0
D04,IS-1027,2024-10-07,624.0,9236.34
D04,IS-1027,2024-10-14,820.0,11331.42
D04,IS-1027,2024-10-21,506.0,7579.95
D04,IS-1027,2024-10-28,649.0,9757.34
D04,IS-1027,2024-11-04,805.0,11732.71
D04,IS-1027,2024-11-11,652.0,9701.550000000001
D04,IS-1027,2024-11-18,556.0,8199.16
D04,IS-1027,2024-11-25,619.0,8598.3
D04,IS-1027,2024-12-02,831.0,12124.920000000002
D04,IS-1027,2024-12-09,758.0,11128.97
D04,IS-1027,2024-12-16,588.0,8128.83
D04,IS-1027,2024-12-23,801.0,11820.9
D04,IS-1027,2024-12-30,701.0,10330.66
D04,IS-1027,2025-01-06,437.0,6481.23
D04,IS-1027,2025-01-13,632.0,8768.27
D04,IS-1027,2025-01-20,848.0,12491.49
D04,IS-1027,2025-01-27,634.0,9063.86
D04,IS-1027,2025-02-03,820.0,11691.62
D04,IS-1027,2025-02-10,530.0,7952.39
D04,IS-1027,2025-02-17,545.0,8043.789999999999
D04,IS-1027,2025-02-24,792.0,11665.93
D04,IS-1027,2025-03-03,766.0,11116.51
D04,IS-1027,2025-03-10,677.0,10266.2
D04,IS-1027,2025-03-17,780.0,11748.99
D04,IS-1027,2025-03-24,631.0,9435.12
D04,IS-1027,2025-03-31,587.0,8795.36
D04,IS-1027,2025-04-07,742.0,11167.84
D04,IS-1027,2025-04-14,675.0,9684.39
D04,IS-1027,2025-04-21,755.0,11162.29
D04,IS-1027,2025-04-28,735.0,10646.67
D04,IS-1027,2025-05-05,680.0,10194.15
D04,IS-1027,2025-05-12,952.0,13068.48
D04,IS-1027,2025-05-19,616.0,9313.47
D04,IS-1027,2025-05-26,737.0,11107.35
D04,IS-1027,2025-06-02,711.0,9894.75
D04,IS-1027,2025-06-09,754.0,10901.55
D04,IS-1027,2025-06-16,724.0,10742.29
D04,IS-1027,2025-06-23,843.0,12325.91
D04,IS-1027,2025-06-30,748.0,10458.779999999999
D04,IS-1027,2025-07-07,645.0,9515.169999999998
D04,IS-1027,2025-07-14,606.0,8753.12
D04,IS-1027,2025-07-21,625.0,9467.7
D04,IS-1027,2025-07-28,617.0,9074.32
D04,IS-1027,2025-08-04,765.0,10428.48
D04,IS-1027,2025-08-11,677.0,9816.85
D04,IS-1027,2025-08-18,720.0,10065.41
D04,IS-1027,2025-08-25,547.0,8008.57
D04,IS-1027,2025-09-01,635.0,9600.89
D04,IS-1027,2025-09-08,709.0,10717.47
D04,IS-1027,2025-09-15,763.0,10725.07
D04,IS-1027,2025-09-22,517.0,7417.15
D04,IS-1027,2025-09-29,809.0,11059.87
D04,IS-1027,2025-10-06,787.0,11199.2
D04,IS-1027,2025-10-13,732.0,10609.63
D04,IS-1027,2025-10-20,753.0,10411.14
D04,IS-1027,2025-10-27,585.0,8800.6
D04,IS-1027,2025-11-03,545.0,8226.93
D04,IS-1027,2025-11-10,619.0,9042.46
D04,IS-1027,2025-11-17,637.0,9090.11
D04,IS-1027,2025-11-24,553.0,8123.65
D04,IS-1027,2025-12-01,663.0,10037.279999999999
D04,IS-1027,2025-12-08,749.0,10394.73
D04,IS-1027,2025-12-15,694.0,9860.34
D04,IS-1027,2025-12-22,613.0,8769.66
D04,IS-1027,2025-12-29,424.0,6313.75
D04,IS-1027,2026-01-05,488.0,6799.6900000000005
D04,IS-1027,2026-01-12,609.0,8565.51
D04,IS-1027,2026-01-19,685.0,9983.84
D04,IS-1027,2026-01-26,507.0,7086.04
D04,IS-1027,2026-02-02,642.0,8775.63
D04,IS-1027,2026-02-09,711.0,10042.55
D04,IS-1027,2026-02-16,640.0,9338.79
D04,IS-1027,2026-02-23,595.0,8241.7
D04,IS-1027,2026-03-02,528.0,7494.57
D04,IS-1027,2026-03-09,749.0,10860.2
D04,IS-1027,2026-03-16,611.0,8903.79
D04,IS-1027,2026-03-23,873.0,12263.86
D04,IS-1027,2026-03-30,707.0,9637.28
D04,IS-1027,2026-04-06,735.0,11121.81
D04,IS-1027,2026-04-13,796.0,11938.32
D04,IS-1027,2026-04-20,671.0,9157.8
D04,IS-1027,2026-04-27,766.0,10814.51
D04,IS-1027,2026-05-04,653.0,9889.91
D04,IS-1027,2026-05-11,642.0,9721.43
D04,IS-1027,2026-05-18,634.0,8920.4
D04,IS-1027,2026-05-25,679.0,9718.87
D04,IS-1027,2026-06-01,998.0,14442.92
D04,IS-1027,2026-06-08,641.0,8937.710000000001
D04,IS-1027,2026-06-15,806.0,12095.75
D04,IS-1027,2026-06-22,710.0,10456.18
D04,IS-1028,2024-01-01,347.0,4435.870000000001
D04,IS-1028,2024-01-08,368.0,4953.960000000001
D04,IS-1028,2024-01-15,290.0,3702.88
D04,IS-1028,2024-01-22,277.0,3748.26
D04,IS-1028,2024-01-29,448.0,6199.16
D04,IS-1028,2024-02-05,337.0,4654.38
D04,IS-1028,2024-02-12,473.0,6384.96
D04,IS-1028,2024-02-19,368.0,4690.14
D04,IS-1028,2024-02-26,397.0,5555.59
D04,IS-1028,2024-03-04,446.0,5922.23
D04,IS-1028,2024-03-11,459.0,6416.4
D04,IS-1028,2024-03-18,373.0,5214.61
D04,IS-1028,2024-03-25,411.0,5447.27
D04,IS-1028,2024-04-01,410.0,5742.45
D04,IS-1028,2024-04-08,439.0,6118.05
D04,IS-1028,2024-04-15,431.0,6043.96
D04,IS-1028,2024-04-22,378.0,5086.27
D04,IS-1028,2024-04-29,435.0,6129.05
D04,IS-1028,2024-05-06,344.0,4578.9
D04,IS-1028,2024-05-13,431.0,6067.75
D04,IS-1028,2024-05-20,440.0,6078.14
D04,IS-1028,2024-05-27,375.0,5141.13
D04,IS-1028,2024-06-03,417.0,5500.27
D04,IS-1028,2024-06-10,403.0,5578.25
D04,IS-1028,2024-06-17,404.0,5520.46
D04,IS-1028,2024-06-24,487.0,6609.25
D04,IS-1028,2024-07-01,465.0,5911.58
D04,IS-1028,2024-07-08,500.0,6846.66
D04,IS-1028,2024-07-15,588.0,7592.719999999999
D04,IS-1028,2024-07-22,505.0,6935.9400000000005
D04,IS-1028,2024-07-29,338.0,4362.5
D04,IS-1028,2024-08-05,383.0,4896.2699999999995
D04,IS-1028,2024-08-12,513.0,6838.21
D04,IS-1028,2024-08-19,392.0,5436.81
D04,IS-1028,2024-08-26,384.0,5010.61
D04,IS-1028,2024-09-02,429.0,5736.71
D04,IS-1028,2024-09-09,387.0,5243.19
D04,IS-1028,2024-09-16,517.0,7004.94
D04,IS-1028,2024-09-23,386.0,4955.360000000001
D04,IS-1028,2024-09-30,563.0,7850.53
D04,IS-1028,2024-10-07,357.0,4941.37
D04,IS-1028,2024-10-14,349.0,4839.63
D04,IS-1028,2024-10-21,336.0,4350.97
D04,IS-1028,2024-10-28,336.0,4696.04
D04,IS-1028,2024-11-04,419.0,5499.030000000001
D04,IS-1028,2024-11-11,305.0,4011.81
D04,IS-1028,2024-11-18,319.0,4465.82
D04,IS-1028,2024-11-25,400.0,5463.34
D04,IS-1028,2024-12-02,266.0,3371.94
D04,IS-1028,2024-12-09,295.0,3909.2
D04,IS-1028,2024-12-16,365.0,4680.129999999999
D04,IS-1028,2024-12-23,391.0,5039.53
D04,IS-1028,2024-12-30,351.0,4900.92
D04,IS-1028,2025-01-06,395.0,5305.37
D04,IS-1028,2025-01-13,326.0,4399.37
D04,IS-1028,2025-01-20,468.0,5994.61
D04,IS-1028,2025-01-27,430.0,6064.91
D04,IS-1028,2025-02-03,334.0,4424.05
D04,IS-1028,2025-02-10,370.0,5146.45
D04,IS-1028,2025-02-17,286.0,4010.19
D04,IS-1028,2025-02-24,445.0,6111.56
D04,IS-1028,2025-03-03,235.0,3031.9
D04,IS-1028,2025-03-10,363.0,4674.05
D04,IS-1028,2025-03-17,379.0,5035.78
D04,IS-1028,2025-03-24,325.0,4321.04
D04,IS-1028,2025-03-31,355.0,4888.37
D04,IS-1028,2025-04-07,428.0,5649.63
D04,IS-1028,2025-04-14,378.0,4830.61
D04,IS-1028,2025-04-21,467.0,6494.44
D04,IS-1028,2025-04-28,461.0,6190.4
D04,IS-1028,2025-05-05,364.0,5034.7
D04,IS-1028,2025-05-12,388.0,5370.110000000001
D04,IS-1028,2025-05-19,389.0,5247.66
D04,IS-1028,2025-05-26,392.0,5240.46
D04,IS-1028,2025-06-02,520.0,6990.01
D04,IS-1028,2025-06-09,429.0,5742.16
D04,IS-1028,2025-06-16,324.0,4250.07
D04,IS-1028,2025-06-23,376.0,5246.46
D04,IS-1028,2025-06-30,386.0,5308.27
D04,IS-1028,2025-07-07,438.0,5913.03
D04,IS-1028,2025-07-14,536.0,7237.91
D04,IS-1028,2025-07-21,457.0,5928.990000000001
D04,IS-1028,2025-07-28,397.0,5582.52
D04,IS-1028,2025-08-04,352.0,4501.73
D04,IS-1028,2025-08-11,491.0,6690.15
D04,IS-1028,2025-08-18,376.0,4815.88
D04,IS-1028,2025-08-25,314.0,4158.070000000001
D04,IS-1028,2025-09-01,406.0,5448.91
D04,IS-1028,2025-09-08,317.0,4220.32
D04,IS-1028,2025-09-15,417.0,5457.55
D04,IS-1028,2025-09-22,352.0,4725.75
D04,IS-1028,2025-09-29,354.0,4530.93
D04,IS-1028,2025-10-06,243.0,3308.09
D04,IS-1028,2025-10-13,427.0,5492.91
D04,IS-1028,2025-10-20,302.0,3858.75
D04,IS-1028,2025-10-27,321.0,4173.01
D04,IS-1028,2025-11-03,366.0,4680.62
D04,IS-1028,2025-11-10,346.0,4785.5199999999995
D04,IS-1028,2025-11-17,497.0,6693.42
D04,IS-1028,2025-11-24,271.0,3773.4900000000002
D04,IS-1028,2025-12-01,331.0,4303.66
D04,IS-1028,2025-12-08,395.0,5404.23
D04,IS-1028,2025-12-15,329.0,4629.860000000001
D04,IS-1028,2025-12-22,352.0,4580.16
D04,IS-1028,2025-12-29,521.0,6783.839999999999
D04,IS-1028,2026-01-05,359.0,4673.65
D04,IS-1028,2026-01-12,441.0,5810.38
D04,IS-1028,2026-01-19,397.0,5025.82
D04,IS-1028,2026-01-26,406.0,5477.33
D04,IS-1028,2026-02-02,356.0,4617.97
D04,IS-1028,2026-02-09,290.0,3843.45
D04,IS-1028,2026-02-16,440.0,5916.68
D04,IS-1028,2026-02-23,411.0,5192.44
D04,IS-1028,2026-03-02,414.0,5822.01
D04,IS-1028,2026-03-09,377.0,4835.2
D04,IS-1028,2026-03-16,354.0,4957.32
D04,IS-1028,2026-03-23,481.0,6433.540000000001
D04,IS-1028,2026-03-30,419.0,5337.95
D04,IS-1028,2026-04-06,306.0,4161.8
D04,IS-1028,2026-04-13,403.0,5189.370000000001
D04,IS-1028,2026-04-20,392.0,5168.71
D04,IS-1028,2026-04-27,279.0,3850.46
D04,IS-1028,2026-05-04,372.0,4726.389999999999
D04,IS-1028,2026-05-11,618.0,8560.630000000001
D04,IS-1028,2026-05-18,295.0,4109.95
D04,IS-1028,2026-05-25,355.0,4588.86
D04,IS-1028,2026-06-01,294.0,3948.6899999999996
D04,IS-1028,2026-06-08,335.0,4527.27
D04,IS-1028,2026-06-15,323.0,4103.46
D04,IS-1028,2026-06-22,356.0,4782.27
D04,LD-1038,2024-01-01,2808.0,602.14
D04,LD-1038,2024-01-08,2011.0,410.59
D04,LD-1038,2024-01-15,1967.0,411.38
D04,LD-1038,2024-01-22,2422.0,488.1
D04,LD-1038,2024-01-29,2245.0,445.71
D04,LD-1038,2024-02-05,2438.0,478.06
D04,LD-1038,2024-02-12,2379.0,496.71999999999997
D04,LD-1038,2024-02-19,2246.0,436.68
D04,LD-1038,2024-02-26,2353.0,468.4
D04,LD-1038,2024-03-04,1781.0,378.11
D04,LD-1038,2024-03-11,3123.0,617.92
D04,LD-1038,2024-03-18,2290.0,445.57
D04,LD-1038,2024-03-25,2717.0,544.98
D04,LD-1038,2024-04-01,1880.0,383.19
D04,LD-1038,2024-04-08,2268.0,484.07
D04,LD-1038,2024-04-15,2711.0,557.11
D04,LD-1038,2024-04-22,3449.0,695.75
D04,LD-1038,2024-04-29,2828.0,571.75
D04,LD-1038,2024-05-06,2891.0,599.16
D04,LD-1038,2024-05-13,2482.0,507.23999999999995
D04,LD-1038,2024-05-20,2676.0,546.51
D04,LD-1038,2024-05-27,2609.0,513.88
D04,LD-1038,2024-06-03,2819.0,552.33
D04,LD-1038,2024-06-10,3244.0,628.58
D04,LD-1038,2024-06-17,2554.0,537.01
D04,LD-1038,2024-06-24,2698.0,565.15
D04,LD-1038,2024-07-01,2526.0,518.5
D04,LD-1038,2024-07-08,2568.0,545.06
D04,LD-1038,2024-07-15,3151.0,649.81
D04,LD-1038,2024-07-22,2827.0,589.76
D04,LD-1038,2024-07-29,597.0,128.66
D04,LD-1038,2024-08-05,2558.0,531.28
D04,LD-1038,2024-08-12,203.0,43.85
D04,LD-1038,2024-08-19,2847.0,604.6
D04,LD-1038,2024-08-26,2883.0,575.53
D04,LD-1038,2024-09-02,2874.0,618.6800000000001
D04,LD-1038,2024-09-09,2489.0,519.33
D04,LD-1038,2024-09-16,2198.0,472.78
D04,LD-1038,2024-09-23,2694.0,547.54
D04,LD-1038,2024-09-30,2850.0,591.44
D04,LD-1038,2024-10-07,2724.0,586.11
D04,LD-1038,2024-10-14,2118.0,416.01
D04,LD-1038,2024-10-21,2500.0,525.47
D04,LD-1038,2024-10-28,1752.0,377.83
D04,LD-1038,2024-11-04,2849.0,612.94
D04,LD-1038,2024-11-11,2378.0,492.24
D04,LD-1038,2024-11-18,2378.0,465.12
D04,LD-1038,2024-11-25,2903.0,564.81
D04,LD-1038,2024-12-02,2104.0,453.63
D04,LD-1038,2024-12-09,2338.0,479.17
D04,LD-1038,2024-12-16,2020.0,432.41999999999996
D04,LD-1038,2024-12-23,1840.0,381.65999999999997
D04,LD-1038,2024-12-30,2410.0,486.95000000000005
D04,LD-1038,2025-01-06,2403.0,492.58
D04,LD-1038,2025-01-13,1697.0,355.55
D04,LD-1038,2025-01-20,2620.0,564.7
D04,LD-1038,2025-01-27,2350.0,484.73
D04,LD-1038,2025-02-03,2669.0,524.32
D04,LD-1038,2025-02-10,2491.0,501.62
D04,LD-1038,2025-02-17,2839.0,593.99
D04,LD-1038,2025-02-24,2916.0,587.07
D04,LD-1038,2025-03-03,2549.0,521.78
D04,LD-1038,2025-03-10,2868.0,574.25
D04,LD-1038,2025-03-17,2879.0,615.0
D04,LD-1038,2025-03-24,2132.0,448.52
D04,LD-1038,2025-03-31,2250.0,477.58
D04,LD-1038,2025-04-07,2226.0,480.28
D04,LD-1038,2025-04-14,2885.0,562.72
D04,LD-1038,2025-04-21,2365.0,505.65
D04,LD-1038,2025-04-28,1952.0,381.47
D04,LD-1038,2025-05-05,2288.0,475.2
D04,LD-1038,2025-05-12,2525.0,535.0
D04,LD-1038,2025-05-19,2876.0,566.56
D04,LD-1038,2025-05-26,3268.0,643.46
D04,LD-1038,2025-06-02,3110.0,665.37
D04,LD-1038,2025-06-09,2771.0,597.59
D04,LD-1038,2025-06-16,2381.0,493.91
D04,LD-1038,2025-06-23,1993.0,423.05
D04,LD-1038,2025-06-30,2495.0,495.86
D04,LD-1038,2025-07-07,2562.0,501.79999999999995
D04,LD-1038,2025-07-14,2702.0,549.04
D04,LD-1038,2025-07-21,3027.0,644.1500000000001
D04,LD-1038,2025-07-28,2909.0,616.19
D04,LD-1038,2025-08-04,2648.0,529.6
D04,LD-1038,2025-08-11,2440.0,515.79
D04,LD-1038,2025-08-18,2044.0,439.02
D04,LD-1038,2025-08-25,2257.0,465.28000000000003
D04,LD-1038,2025-09-01,2182.0,441.25
D04,LD-1038,2025-09-08,3685.0,713.86
D04,LD-1038,2025-09-15,3336.0,663.26
D04,LD-1038,2025-09-22,2028.0,401.47999999999996
D04,LD-1038,2025-09-29,2574.0,508.96
D04,LD-1038,2025-10-06,1964.0,398.27000000000004
D04,LD-1038,2025-10-13,2465.0,485.53000000000003
D04,LD-1038,2025-10-20,2197.0,448.0
D04,LD-1038,2025-10-27,2299.0,456.63
D04,LD-1038,2025-11-03,2732.0,531.96
D04,LD-1038,2025-11-10,2454.0,499.67
D04,LD-1038,2025-11-17,2633.0,545.98
D04,LD-1038,2025-11-24,2484.0,487.26
D04,LD-1038,2025-12-01,2060.0,422.85
D04,LD-1038,2025-12-08,1888.0,404.24
D04,LD-1038,2025-12-15,2198.0,472.38
D04,LD-1038,2025-12-22,2202.0,437.26
D04,LD-1038,2025-12-29,2137.0,417.17
D04,LD-1038,2026-01-05,2088.0,444.86
D04,LD-1038,2026-01-12,2357.0,471.53
D04,LD-1038,2026-01-19,2863.0,589.05
D04,LD-1038,2026-01-26,1726.0,363.74
D04,LD-1038,2026-02-02,1979.0,390.01
D04,LD-1038,2026-02-09,2501.0,524.16
D04,LD-1038,2026-02-16,1837.0,368.97
D04,LD-1038,2026-02-23,1973.0,406.97
D04,LD-1038,2026-03-02,3397.0,686.11
D04,LD-1038,2026-03-09,2717.0,533.41
D04,LD-1038,2026-03-16,3764.0,744.35
D04,LD-1038,2026-03-23,1970.0,402.31
D04,LD-1038,2026-03-30,3512.0,749.8199999999999
D04,LD-1038,2026-04-06,2128.0,457.58000000000004
D04,LD-1038,2026-04-13,2986.0,628.49
D04,LD-1038,2026-04-20,1897.0,381.09999999999997
D04,LD-1038,2026-04-27,2765.0,573.96
D04,LD-1038,2026-05-04,2810.0,549.96
D04,LD-1038,2026-05-11,2501.0,532.28
D04,LD-1038,2026-05-18,2178.0,465.03
D04,LD-1038,2026-05-25,2581.0,521.15
D04,LD-1038,2026-06-01,2795.0,550.3199999999999
D04,LD-1038,2026-06-08,2270.0,446.65
D04,LD-1038,2026-06-15,2614.0,519.61
D04,LD-1038,2026-06-22,2666.0,556.22
D04,LD-1039,2024-01-01,3412.0,1082.52
D04,LD-1039,2024-01-08,3013.0,929.92
D04,LD-1039,2024-01-15,3899.0,1264.87
D04,LD-1039,2024-01-22,2790.0,903.5400000000001
D04,LD-1039,2024-01-29,3304.0,1087.2
D04,LD-1039,2024-02-05,3260.0,1035.28
D04,LD-1039,2024-02-12,3158.0,1035.7099999999998
D04,LD-1039,2024-02-19,2270.0,745.92
D04,LD-1039,2024-02-26,3028.0,912.6
D04,LD-1039,2024-03-04,2454.0,820.77
D04,LD-1039,2024-03-11,2986.0,912.03
D04,LD-1039,2024-03-18,3211.0,984.78
D04,LD-1039,2024-03-25,4631.0,1396.83
D04,LD-1039,2024-04-01,3704.0,1116.2199999999998
D04,LD-1039,2024-04-08,2858.0,960.2
D04,LD-1039,2024-04-15,3465.0,1077.44
D04,LD-1039,2024-04-22,3608.0,1142.46
D04,LD-1039,2024-04-29,3460.0,1112.2
D04,LD-1039,2024-05-06,3437.0,1069.04
D04,LD-1039,2024-05-13,3169.0,968.03
D04,LD-1039,2024-05-20,3649.0,1209.09
D04,LD-1039,2024-05-27,3604.0,1172.33
D04,LD-1039,2024-06-03,3844.0,1265.94
D04,LD-1039,2024-06-10,3939.0,1259.27
D04,LD-1039,2024-06-17,3918.0,1191.69
D04,LD-1039,2024-06-24,3522.0,1153.51
D04,LD-1039,2024-07-01,3373.0,1080.77
D04,LD-1039,2024-07-08,3849.0,1218.85
D04,LD-1039,2024-07-15,3030.0,999.61
D04,LD-1039,2024-07-22,2352.0,724.17
D04,LD-1039,2024-07-29,2610.0,829.05
D04,LD-1039,2024-08-05,2538.0,796.25
D04,LD-1039,2024-08-12,3629.0,1101.38
D04,LD-1039,2024-08-19,3374.0,1018.02
D04,LD-1039,2024-08-26,3688.0,1154.77
D04,LD-1039,2024-09-02,3509.0,1110.03
D04,LD-1039,2024-09-09,3758.0,1177.5
D04,LD-1039,2024-09-16,3773.0,1262.93
D04,LD-1039,2024-09-23,3635.0,1096.24
D04,LD-1039,2024-09-30,3612.0,1123.5500000000002
D04,LD-1039,2024-10-07,3959.0,1242.77
D04,LD-1039,2024-10-14,4195.0,1369.5
D04,LD-1039,2024-10-21,3080.0,942.3
D04,LD-1039,2024-10-28,3807.0,1262.85
D04,LD-1039,2024-11-04,2753.0,888.76
D04,LD-1039,2024-11-11,2761.0,832.6199999999999
D04,LD-1039,2024-11-18,3816.0,1164.9299999999998
D04,LD-1039,2024-11-25,3012.0,963.73
D04,LD-1039,2024-12-02,2306.0,720.32
D04,LD-1039,2024-12-09,2472.0,771.26
D04,LD-1039,2024-12-16,2636.0,821.34
D04,LD-1039,2024-12-23,2487.0,817.36
D04,LD-1039,2024-12-30,3224.0,1013.73
D04,LD-1039,2025-01-06,2625.0,838.48
D04,LD-1039,2025-01-13,2881.0,939.18
D04,LD-1039,2025-01-20,2760.0,843.4
D04,LD-1039,2025-01-27,2481.0,785.06
D04,LD-1039,2025-02-03,2520.0,765.4100000000001
D04,LD-1039,2025-02-10,3550.0,1106.77
D04,LD-1039,2025-02-17,3282.0,1091.0900000000001
D04,LD-1039,2025-02-24,1952.0,599.34
D04,LD-1039,2025-03-03,2896.0,960.4300000000001
D04,LD-1039,2025-03-10,3677.0,1112.0
D04,LD-1039,2025-03-17,3534.0,1092.75
D04,LD-1039,2025-03-24,4508.0,1427.84
D04,LD-1039,2025-03-31,3182.0,962.62
D04,LD-1039,2025-04-07,3529.0,1174.97
D04,LD-1039,2025-04-14,2945.0,947.22
D04,LD-1039,2025-04-21,2685.0,821.03
D04,LD-1039,2025-04-28,3600.0,1128.68
D04,LD-1039,2025-05-05,3231.0,1079.15
D04,LD-1039,2025-05-12,5136.0,1725.39
D04,LD-1039,2025-05-19,3165.0,958.67
D04,LD-1039,2025-05-26,3254.0,1024.3799999999999
D04,LD-1039,2025-06-02,3514.0,1143.47
D04,LD-1039,2025-06-09,3999.0,1290.38
D04,LD-1039,2025-06-16,3947.0,1200.05
D04,LD-1039,2025-06-23,2701.0,890.78
D04,LD-1039,2025-06-30,4205.0,1277.69
D04,LD-1039,2025-07-07,3360.0,1052.6
D04,LD-1039,2025-07-14,2293.0,757.16
D04,LD-1039,2025-07-21,3410.0,1029.59
D04,LD-1039,2025-07-28,2907.0,927.22
D04,LD-1039,2025-08-04,4015.0,1307.8
D04,LD-1039,2025-08-11,3513.0,1153.75
D04,LD-1039,2025-08-18,3886.0,1201.9
D04,LD-1039,2025-08-25,3920.0,1305.8799999999999
D04,LD-1039,2025-09-01,3032.0,1016.22
D04,LD-1039,2025-09-08,3339.0,1081.07
D04,LD-1039,2025-09-15,3777.0,1139.77
D04,LD-1039,2025-09-22,3261.0,1047.3600000000001
D04,LD-1039,2025-09-29,2762.0,855.25
D04,LD-1039,2025-10-06,3845.0,1165.99
D04,LD-1039,2025-10-13,3081.0,1021.21
D04,LD-1039,2025-10-20,2706.0,853.77
D04,LD-1039,2025-10-27,4030.0,1214.12
D04,LD-1039,2025-11-03,2257.0,729.3299999999999
D04,LD-1039,2025-11-10,2704.0,896.53
D04,LD-1039,2025-11-17,2730.0,847.6600000000001
D04,LD-1039,2025-11-24,3383.0,1020.27
D04,LD-1039,2025-12-01,2809.0,887.8199999999999
D04,LD-1039,2025-12-08,2670.0,808.27
D04,LD-1039,2025-12-15,3462.0,1091.73
D04,LD-1039,2025-12-22,3335.0,1081.2
D04,LD-1039,2025-12-29,2850.0,937.65
D04,LD-1039,2026-01-05,3095.0,998.27
D04,LD-1039,2026-01-12,2537.0,769.84
D04,LD-1039,2026-01-19,2921.0,931.6199999999999
D04,LD-1039,2026-01-26,3013.0,933.8799999999999
D04,LD-1039,2026-02-02,2528.0,776.22
D04,LD-1039,2026-02-09,2416.0,784.97
D04,LD-1039,2026-02-16,2943.0,915.19
D04,LD-1039,2026-02-23,3695.0,1178.01
D04,LD-1039,2026-03-02,3474.0,1097.48
D04,LD-1039,2026-03-09,2939.0,955.2
D04,LD-1039,2026-03-16,4791.0,1572.82
D04,LD-1039,2026-03-23,2791.0,937.54
D04,LD-1039,2026-03-30,3591.0,1121.58
D04,LD-1039,2026-04-06,3081.0,1001.1600000000001
D04,LD-1039,2026-04-13,4033.0,1330.5
D04,LD-1039,2026-04-20,3329.0,1071.24
D04,LD-1039,2026-04-27,3288.0,1092.6999999999998
D04,LD-1039,2026-05-04,3961.0,1198.25
D04,LD-1039,2026-05-11,3359.0,1020.9599999999999
D04,LD-1039,2026-05-18,3861.0,1296.17
D04,LD-1039,2026-05-25,3409.0,1099.6399999999999
D04,LD-1039,2026-06-01,2341.0,744.44
D04,LD-1039,2026-06-08,4799.0,1576.17
D04,LD-1039,2026-06-15,3752.0,1213.58
D04,LD-1039,2026-06-22,3309.0,1005.11
D04,LD-1040,2024-01-01,3627.0,1582.32
D04,LD-1040,2024-01-08,4263.0,1982.44
D04,LD-1040,2024-01-15,3317.0,1512.84
D04,LD-1040,2024-01-22,3653.0,1685.68
D04,LD-1040,2024-01-29,4736.0,2066.6
D04,LD-1040,2024-02-05,4029.0,1820.74
D04,LD-1040,2024-02-12,3692.0,1664.97
D04,LD-1040,2024-02-19,3853.0,1714.3999999999999
D04,LD-1040,2024-02-26,3544.0,1650.89
D04,LD-1040,2024-03-04,4511.0,2101.9700000000003
D04,LD-1040,2024-03-11,4070.0,1811.35
D04,LD-1040,2024-03-18,4222.0,1956.78
D04,LD-1040,2024-03-25,4704.0,2152.8999999999996
D04,LD-1040,2024-04-01,4694.0,2077.16
D04,LD-1040,2024-04-08,3765.0,1795.6299999999999
D04,LD-1040,2024-04-15,3814.0,1772.94
D04,LD-1040,2024-04-22,4518.0,2011.82
D04,LD-1040,2024-04-29,5067.0,2372.79
D04,LD-1040,2024-05-06,4180.0,1999.41
D04,LD-1040,2024-05-13,4288.0,2021.22
D04,LD-1040,2024-05-20,4760.0,2057.92
D04,LD-1040,2024-05-27,4760.0,2068.03
D04,LD-1040,2024-06-03,4644.0,2070.94
D04,LD-1040,2024-06-10,4960.0,2239.26
D04,LD-1040,2024-06-17,4085.0,1905.27
D04,LD-1040,2024-06-24,5864.0,2712.26
D04,LD-1040,2024-07-01,4455.0,1999.35
D04,LD-1040,2024-07-08,5974.0,2616.71
D04,LD-1040,2024-07-15,3334.0,1550.63
D04,LD-1040,2024-07-22,3564.0,1616.6
D04,LD-1040,2024-07-29,4509.0,1964.45
D04,LD-1040,2024-08-05,5267.0,2449.6800000000003
D04,LD-1040,2024-08-12,4657.0,2169.38
D04,LD-1040,2024-08-19,4387.0,1932.78
D04,LD-1040,2024-08-26,4612.0,2015.6100000000001
D04,LD-1040,2024-09-02,4364.0,2082.7400000000002
D04,LD-1040,2024-09-09,5820.0,2780.2799999999997
D04,LD-1040,2024-09-16,3975.0,1718.15
D04,LD-1040,2024-09-23,5148.0,2279.54
D04,LD-1040,2024-09-30,3770.0,1716.5500000000002
D04,LD-1040,2024-10-07,3994.0,1912.6599999999999
D04,LD-1040,2024-10-14,3578.0,1586.01
D04,LD-1040,2024-10-21,4666.0,2089.42
D04,LD-1040,2024-10-28,4889.0,2338.14
D04,LD-1040,2024-11-04,3946.0,1715.08
D04,LD-1040,2024-11-11,4372.0,2065.52
D04,LD-1040,2024-11-18,4089.0,1803.9
D04,LD-1040,2024-11-25,4372.0,2047.49
D04,LD-1040,2024-12-02,4766.0,2213.91
D04,LD-1040,2024-12-09,3360.0,1595.94
D04,LD-1040,2024-12-16,3407.0,1565.98
D04,LD-1040,2024-12-23,3682.0,1730.0900000000001
D04,LD-1040,2024-12-30,3755.0,1722.4399999999998
D04,LD-1040,2025-01-06,4157.0,1906.69
D04,LD-1040,2025-01-13,4057.0,1814.99
D04,LD-1040,2025-01-20,3955.0,1838.69
D04,LD-1040,2025-01-27,4060.0,1914.83
D04,LD-1040,2025-02-03,4279.0,2049.78
D04,LD-1040,2025-02-10,3721.0,1623.21
D04,LD-1040,2025-02-17,3067.0,1324.5700000000002
D04,LD-1040,2025-02-24,3712.0,1632.6
D04,LD-1040,2025-03-03,5070.0,2320.96
D04,LD-1040,2025-03-10,2940.0,1298.69
D04,LD-1040,2025-03-17,5189.0,2386.9500000000003
D04,LD-1040,2025-03-24,4058.0,1812.5600000000002
D04,LD-1040,2025-03-31,5066.0,2260.21
D04,LD-1040,2025-04-07,3858.0,1832.4
D04,LD-1040,2025-04-14,3112.0,1446.2
D04,LD-1040,2025-04-21,4014.0,1750.48
D04,LD-1040,2025-04-28,4505.0,2018.92
D04,LD-1040,2025-05-05,4897.0,2228.46
D04,LD-1040,2025-05-12,3756.0,1701.9900000000002
D04,LD-1040,2025-05-19,4931.0,2169.63
D04,LD-1040,2025-05-26,4692.0,2092.41
D04,LD-1040,2025-06-02,4266.0,2038.39
D04,LD-1040,2025-06-09,4765.0,2094.1800000000003
D04,LD-1040,2025-06-16,4743.0,2167.3
D04,LD-1040,2025-06-23,5056.0,2250.32
D04,LD-1040,2025-06-30,4802.0,2075.14
D04,LD-1040,2025-07-07,4717.0,2255.37
D04,LD-1040,2025-07-14,6217.0,2740.0
D04,LD-1040,2025-07-21,3432.0,1577.74
D04,LD-1040,2025-07-28,3755.0,1635.66
D04,LD-1040,2025-08-04,5338.0,2383.18
D04,LD-1040,2025-08-11,3609.0,1725.93
D04,LD-1040,2025-08-18,5100.0,2407.5
D04,LD-1040,2025-08-25,4636.0,2104.45
D04,LD-1040,2025-09-01,3598.0,1623.47
D04,LD-1040,2025-09-08,5030.0,2200.51
D04,LD-1040,2025-09-15,5132.0,2417.51
D04,LD-1040,2025-09-22,4273.0,1973.76
D04,LD-1040,2025-09-29,4151.0,1792.1
D04,LD-1040,2025-10-06,5071.0,2337.2
D04,LD-1040,2025-10-13,3208.0,1433.34
D04,LD-1040,2025-10-20,4557.0,2156.52
D04,LD-1040,2025-10-27,3283.0,1425.1399999999999
D04,LD-1040,2025-11-03,4419.0,1989.93
D04,LD-1040,2025-11-10,3951.0,1846.9
D04,LD-1040,2025-11-17,3991.0,1854.6599999999999
D04,LD-1040,2025-11-24,5119.0,2418.75
D04,LD-1040,2025-12-01,3156.0,1462.71
D04,LD-1040,2025-12-08,4443.0,2007.85
D04,LD-1040,2025-12-15,3949.0,1773.24
D04,LD-1040,2025-12-22,4059.0,1888.45
D04,LD-1040,2025-12-29,4562.0,2021.5
D04,LD-1040,2026-01-05,4547.0,2092.72
D04,LD-1040,2026-01-12,4447.0,2132.77
D04,LD-1040,2026-01-19,3577.0,1597.67
D04,LD-1040,2026-01-26,4504.0,1947.23
D04,LD-1040,2026-02-02,4639.0,2128.84
D04,LD-1040,2026-02-09,4502.0,1958.49
D04,LD-1040,2026-02-16,4631.0,2219.72
D04,LD-1040,2026-02-23,4315.0,1945.21
D04,LD-1040,2026-03-02,3607.0,1585.03
D04,LD-1040,2026-03-09,4080.0,1951.33
D04,LD-1040,2026-03-16,4081.0,1894.48
D04,LD-1040,2026-03-23,4438.0,2123.13
D04,LD-1040,2026-03-30,4200.0,1843.18
D04,LD-1040,2026-04-06,5896.0,2738.85
D04,LD-1040,2026-04-13,4853.0,2316.49
D04,LD-1040,2026-04-20,4526.0,1969.05
D04,LD-1040,2026-04-27,4795.0,2123.34
D04,LD-1040,2026-05-04,4925.0,2195.6000000000004
D04,LD-1040,2026-05-11,6430.0,2788.53
D04,LD-1040,2026-05-18,4987.0,2164.01
D04,LD-1040,2026-05-25,4399.0,2093.37
D04,LD-1040,2026-06-01,4014.0,1887.53
D04,LD-1040,2026-06-08,4847.0,2140.88
D04,LD-1040,2026-06-15,6367.0,2809.41
D04,LD-1040,2026-06-22,4565.0,2058.09
D04,LD-1042,2024-01-01,2314.0,1340.83
D04,LD-1042,2024-01-08,1373.0,818.9
D04,LD-1042,2024-01-15,1926.0,1123.99
D04,LD-1042,2024-01-22,1624.0,1003.91
D04,LD-1042,2024-01-29,1450.0,866.66
D04,LD-1042,2024-02-05,1537.0,942.91
D04,LD-1042,2024-02-12,2144.0,1275.01
D04,LD-1042,2024-02-19,1815.0,1096.54
D04,LD-1042,2024-02-26,1722.0,1062.61
D04,LD-1042,2024-03-04,1399.0,782.59
D04,LD-1042,2024-03-11,1943.0,1103.59
D04,LD-1042,2024-03-18,2124.0,1293.09
D04,LD-1042,2024-03-25,1908.0,1100.8
D04,LD-1042,2024-04-01,1550.0,887.39
D04,LD-1042,2024-04-08,2008.0,1165.6399999999999
D04,LD-1042,2024-04-15,2472.0,1529.24
D04,LD-1042,2024-04-22,1839.0,1094.44
D04,LD-1042,2024-04-29,2215.0,1261.29
D04,LD-1042,2024-05-06,1844.0,1138.98
D04,LD-1042,2024-05-13,1865.0,1062.97
D04,LD-1042,2024-05-20,1983.0,1177.66
D04,LD-1042,2024-05-27,1826.0,1058.66
D04,LD-1042,2024-06-03,1803.0,1115.11
D04,LD-1042,2024-06-10,1938.0,1142.44
D04,LD-1042,2024-06-17,2232.0,1290.44
D04,LD-1042,2024-06-24,1952.0,1102.18
D04,LD-1042,2024-07-01,1913.0,1094.63
D04,LD-1042,2024-07-08,1973.0,1156.71
D04,LD-1042,2024-07-15,2419.0,1404.04
D04,LD-1042,2024-07-22,1636.0,1016.26
D04,LD-1042,2024-07-29,2084.0,1200.98
D04,LD-1042,2024-08-05,2122.0,1294.61
D04,LD-1042,2024-08-12,1811.0,1037.6
D04,LD-1042,2024-08-19,2212.0,1300.52
D04,LD-1042,2024-08-26,2099.0,1298.65
D04,LD-1042,2024-09-02,2048.0,1215.18
D04,LD-1042,2024-09-09,1478.0,828.0899999999999
D04,LD-1042,2024-09-16,1635.0,941.39
D04,LD-1042,2024-09-23,1588.0,990.09
D04,LD-1042,2024-09-30,1938.0,1147.4
D04,LD-1042,2024-10-07,1972.0,1116.45
D04,LD-1042,2024-10-14,1644.0,1016.54
D04,LD-1042,2024-10-21,1632.0,952.75
D04,LD-1042,2024-10-28,2347.0,1459.95
D04,LD-1042,2024-11-04,1723.0,1022.38
D04,LD-1042,2024-11-11,1781.0,1101.12
D04,LD-1042,2024-11-18,1598.0,969.3399999999999
D04,LD-1042,2024-11-25,2015.0,1140.26
D04,LD-1042,2024-12-02,1753.0,984.91
D04,LD-1042,2024-12-09,1692.0,953.72
D04,LD-1042,2024-12-16,1704.0,990.0
D04,LD-1042,2024-12-23,1551.0,868.94
D04,LD-1042,2024-12-30,1437.0,879.38
D04,LD-1042,2025-01-06,1665.0,964.8599999999999
D04,LD-1042,2025-01-13,2110.0,1187.9
D04,LD-1042,2025-01-20,1611.0,976.65
D04,LD-1042,2025-01-27,1985.0,1232.51
D04,LD-1042,2025-02-03,1611.0,917.84
D04,LD-1042,2025-02-10,1300.0,791.28
D04,LD-1042,2025-02-17,1607.0,919.41
D04,LD-1042,2025-02-24,1376.0,846.4
D04,LD-1042,2025-03-03,1983.0,1190.27
D04,LD-1042,2025-03-10,1359.0,810.5899999999999
D04,LD-1042,2025-03-17,1829.0,1075.64
D04,LD-1042,2025-03-24,1629.0,957.08
D04,LD-1042,2025-03-31,1676.0,1029.21
D04,LD-1042,2025-04-07,2114.0,1237.2
D04,LD-1042,2025-04-14,1838.0,1106.22
D04,LD-1042,2025-04-21,1876.0,1067.02
D04,LD-1042,2025-04-28,1870.0,1112.72
D04,LD-1042,2025-05-05,1797.0,1090.38
D04,LD-1042,2025-05-12,1700.0,976.96
D04,LD-1042,2025-05-19,1498.0,931.2
D04,LD-1042,2025-05-26,2042.0,1190.85
D04,LD-1042,2025-06-02,2021.0,1182.09
D04,LD-1042,2025-06-09,2294.0,1380.7
D04,LD-1042,2025-06-16,2052.0,1234.37
D04,LD-1042,2025-06-23,1803.0,1055.78
D04,LD-1042,2025-06-30,1878.0,1052.6399999999999
D04,LD-1042,2025-07-07,2088.0,1296.27
D04,LD-1042,2025-07-14,2250.0,1376.14
D04,LD-1042,2025-07-21,1786.0,1071.69
D04,LD-1042,2025-07-28,2225.0,1289.95
D04,LD-1042,2025-08-04,1850.0,1063.53
D04,LD-1042,2025-08-11,1681.0,991.27
D04,LD-1042,2025-08-18,1672.0,1034.1799999999998
D04,LD-1042,2025-08-25,1747.0,1020.36
D04,LD-1042,2025-09-01,1804.0,1103.25
D04,LD-1042,2025-09-08,2126.0,1193.75
D04,LD-1042,2025-09-15,2352.0,1380.69
D04,LD-1042,2025-09-22,1700.0,961.29
D04,LD-1042,2025-09-29,1413.0,836.0899999999999
D04,LD-1042,2025-10-06,1577.0,976.21
D04,LD-1042,2025-10-13,1633.0,1003.6800000000001
D04,LD-1042,2025-10-20,1767.0,1048.04
D04,LD-1042,2025-10-27,1285.0,782.3100000000001
D04,LD-1042,2025-11-03,1959.0,1179.59
D04,LD-1042,2025-11-10,1453.0,826.7199999999999
D04,LD-1042,2025-11-17,1734.0,1002.66
D04,LD-1042,2025-11-24,1621.0,916.39
D04,LD-1042,2025-12-01,1490.0,910.74
D04,LD-1042,2025-12-08,2013.0,1139.72
D04,LD-1042,2025-12-15,1540.0,891.01
D04,LD-1042,2025-12-22,1430.0,871.99
D04,LD-1042,2025-12-29,1793.0,1036.47
D04,LD-1042,2026-01-05,1897.0,1116.73
D04,LD-1042,2026-01-12,1623.0,936.88
D04,LD-1042,2026-01-19,1729.0,985.2
D04,LD-1042,2026-01-26,1958.0,1208.3
D04,LD-1042,2026-02-02,1655.0,993.8799999999999
D04,LD-1042,2026-02-09,1661.0,937.26
D04,LD-1042,2026-02-16,1957.0,1128.89
D04,LD-1042,2026-02-23,1717.0,1050.59
D04,LD-1042,2026-03-02,1578.0,950.12
D04,LD-1042,2026-03-09,1789.0,1006.79
D04,LD-1042,2026-03-16,1564.0,971.94
D04,LD-1042,2026-03-23,1806.0,1025.76
D04,LD-1042,2026-03-30,2128.0,1288.01
D04,LD-1042,2026-04-06,1546.0,912.06
D04,LD-1042,2026-04-13,1859.0,1126.59
D04,LD-1042,2026-04-20,2061.0,1233.6
D04,LD-1042,2026-04-27,1880.0,1165.08
D04,LD-1042,2026-05-04,2351.0,1359.18
D04,LD-1042,2026-05-11,1933.0,1120.35
D04,LD-1042,2026-05-18,2040.0,1192.34
D04,LD-1042,2026-05-25,2374.0,1431.21
D04,LD-1042,2026-06-01,2088.0,1208.71
D04,LD-1042,2026-06-08,1928.0,1121.05
D04,LD-1042,2026-06-15,1811.0,1083.05
D04,LD-1042,2026-06-22,1885.0,1106.3899999999999
D04,PM-1003,2024-01-01,3171.0,1509.85
D04,PM-1003,2024-01-08,2512.0,1291.51
D04,PM-1003,2024-01-15,2321.0,1126.46
D04,PM-1003,2024-01-22,2687.0,1349.12
D04,PM-1003,2024-01-29,2757.0,1351.7
D04,PM-1003,2024-02-05,2643.0,1264.78
D04,PM-1003,2024-02-12,2512.0,1248.65
D04,PM-1003,2024-02-19,2388.0,1205.0
D04,PM-1003,2024-02-26,3121.0,1555.96
D04,PM-1003,2024-03-04,2547.0,1269.07
D04,PM-1003,2024-03-11,3226.0,1568.4099999999999
D04,PM-1003,2024-03-18,2760.0,1396.33
D04,PM-1003,2024-03-25,2872.0,1376.92
D04,PM-1003,2024-04-01,2464.0,1188.1
D04,PM-1003,2024-04-08,3149.0,1484.6200000000001
D04,PM-1003,2024-04-15,2868.0,1476.5
D04,PM-1003,2024-04-22,2562.0,1188.32
D04,PM-1003,2024-04-29,2928.0,1509.36
D04,PM-1003,2024-05-06,2678.0,1280.79
D04,PM-1003,2024-05-13,2417.0,1131.8700000000001
D04,PM-1003,2024-05-20,3441.0,1704.5
D04,PM-1003,2024-05-27,2594.0,1325.19
D04,PM-1003,2024-06-03,3304.0,1555.71
D04,PM-1003,2024-06-10,4351.0,2087.86
D04,PM-1003,2024-06-17,2681.0,1354.74
D04,PM-1003,2024-06-24,3305.0,1624.87
D04,PM-1003,2024-07-01,2891.0,1415.35
D04,PM-1003,2024-07-08,3178.0,1562.57
D04,PM-1003,2024-07-15,2336.0,1131.81
D04,PM-1003,2024-07-22,3222.0,1506.3
D04,PM-1003,2024-07-29,3059.0,1497.19
D04,PM-1003,2024-08-05,4291.0,2074.86
D04,PM-1003,2024-08-12,2183.0,1019.52
D04,PM-1003,2024-08-19,2735.0,1393.81
D04,PM-1003,2024-08-26,3121.0,1446.72
D04,PM-1003,2024-09-02,3294.0,1591.33
D04,PM-1003,2024-09-09,2807.0,1363.07
D04,PM-1003,2024-09-16,3423.0,1628.94
D04,PM-1003,2024-09-23,2832.0,1335.37
D04,PM-1003,2024-09-30,2835.0,1450.08
D04,PM-1003,2024-10-07,2123.0,1030.21
D04,PM-1003,2024-10-14,2980.0,1502.87
D04,PM-1003,2024-10-21,3399.0,1590.04
D04,PM-1003,2024-10-28,2317.0,1183.8899999999999
D04,PM-1003,2024-11-04,2500.0,1282.6699999999998
D04,PM-1003,2024-11-11,2148.0,1101.05
D04,PM-1003,2024-11-18,2836.0,1354.77
D04,PM-1003,2024-11-25,2574.0,1320.93
D04,PM-1003,2024-12-02,2973.0,1421.27
D04,PM-1003,2024-12-09,2600.0,1326.46
D04,PM-1003,2024-12-16,2594.0,1331.95
D04,PM-1003,2024-12-23,2613.0,1307.45
D04,PM-1003,2024-12-30,2713.0,1368.55
D04,PM-1003,2025-01-06,2666.0,1261.57
D04,PM-1003,2025-01-13,2847.0,1358.81
D04,PM-1003,2025-01-20,3330.0,1629.3000000000002
D04,PM-1003,2025-01-27,3134.0,1600.34
D04,PM-1003,2025-02-03,3552.0,1671.66
D04,PM-1003,2025-02-10,2310.0,1186.82
D04,PM-1003,2025-02-17,2480.0,1275.16
D04,PM-1003,2025-02-24,3312.0,1638.4499999999998
D04,PM-1003,2025-03-03,2433.0,1138.71
D04,PM-1003,2025-03-10,3646.0,1723.98
D04,PM-1003,2025-03-17,2674.0,1369.65
D04,PM-1003,2025-03-24,2851.0,1340.49
D04,PM-1003,2025-03-31,2781.0,1433.51
D04,PM-1003,2025-04-07,2971.0,1499.86
D04,PM-1003,2025-04-14,3833.0,1800.54
D04,PM-1003,2025-04-21,3669.0,1752.86
D04,PM-1003,2025-04-28,4065.0,1903.4
D04,PM-1003,2025-05-05,4291.0,2160.86
D04,PM-1003,2025-05-12,2858.0,1437.52
D04,PM-1003,2025-05-19,2640.0,1295.4
D04,PM-1003,2025-05-26,3158.0,1612.85
D04,PM-1003,2025-06-02,3241.0,1659.94
D04,PM-1003,2025-06-09,2476.0,1232.81
D04,PM-1003,2025-06-16,3477.0,1610.94
D04,PM-1003,2025-06-23,2636.0,1243.36
D04,PM-1003,2025-06-30,2890.0,1448.21
D04,PM-1003,2025-07-07,3423.0,1621.9699999999998
D04,PM-1003,2025-07-14,3272.0,1636.5099999999998
D04,PM-1003,2025-07-21,3065.0,1524.66
D04,PM-1003,2025-07-28,3122.0,1499.33
D04,PM-1003,2025-08-04,3299.0,1597.92
D04,PM-1003,2025-08-11,2709.0,1328.18
D04,PM-1003,2025-08-18,3089.0,1466.18
D04,PM-1003,2025-08-25,2912.0,1381.21
D04,PM-1003,2025-09-01,2947.0,1501.83
D04,PM-1003,2025-09-08,3402.0,1661.04
D04,PM-1003,2025-09-15,2956.0,1394.5
D04,PM-1003,2025-09-22,3472.0,1673.8300000000002
D04,PM-1003,2025-09-29,2579.0,1262.96
D04,PM-1003,2025-10-06,2715.0,1397.81
D04,PM-1003,2025-10-13,2172.0,1033.5
D04,PM-1003,2025-10-20,2344.0,1131.52
D04,PM-1003,2025-10-27,2541.0,1189.94
D04,PM-1003,2025-11-03,2868.0,1412.7
D04,PM-1003,2025-11-10,2465.0,1146.77
D04,PM-1003,2025-11-17,2246.0,1081.23
D04,PM-1003,2025-11-24,2777.0,1362.97
D04,PM-1003,2025-12-01,2050.0,968.29
D04,PM-1003,2025-12-08,2060.0,975.9300000000001
D04,PM-1003,2025-12-15,2328.0,1147.1
D04,PM-1003,2025-12-22,2798.0,1441.42
D04,PM-1003,2025-12-29,2321.0,1131.05
D04,PM-1003,2026-01-05,2696.0,1339.6100000000001
D04,PM-1003,2026-01-12,2989.0,1391.5900000000001
D04,PM-1003,2026-01-19,2885.0,1453.06
D04,PM-1003,2026-01-26,3509.0,1783.9899999999998
D04,PM-1003,2026-02-02,2797.0,1318.7
D04,PM-1003,2026-02-09,3409.0,1741.82
D04,PM-1003,2026-02-16,3051.0,1450.6100000000001
D04,PM-1003,2026-02-23,2644.0,1264.86
D04,PM-1003,2026-03-02,2452.0,1218.6
D04,PM-1003,2026-03-09,2930.0,1485.79
D04,PM-1003,2026-03-16,2376.0,1140.72
D04,PM-1003,2026-03-23,2821.0,1451.95
D04,PM-1003,2026-03-30,2877.0,1442.3700000000001
D04,PM-1003,2026-04-06,3540.0,1785.55
D04,PM-1003,2026-04-13,2687.0,1358.8000000000002
D04,PM-1003,2026-04-20,3217.0,1612.94
D04,PM-1003,2026-04-27,2619.0,1344.74
D04,PM-1003,2026-05-04,3471.0,1688.47
D04,PM-1003,2026-05-11,3843.0,1861.01
D04,PM-1003,2026-05-18,2713.0,1388.71
D04,PM-1003,2026-05-25,3149.0,1550.6
D04,PM-1003,2026-06-01,4552.0,2297.64
D04,PM-1003,2026-06-08,2764.0,1397.48
D04,PM-1003,2026-06-15,2482.0,1228.14
D04,PM-1003,2026-06-22,3188.0,1581.79
D04,PM-1005,2024-01-01,2256.0,1209.46
D04,PM-1005,2024-01-08,1831.0,942.88
D04,PM-1005,2024-01-15,2499.0,1307.92
D04,PM-1005,2024-01-22,2537.0,1306.4
D04,PM-1005,2024-01-29,2288.0,1175.27
D04,PM-1005,2024-02-05,1746.0,884.05
D04,PM-1005,2024-02-12,2592.0,1401.39
D04,PM-1005,2024-02-19,1977.0,1019.72
D04,PM-1005,2024-02-26,2025.0,1011.89
D04,PM-1005,2024-03-04,2323.0,1194.82
D04,PM-1005,2024-03-11,1909.0,950.47
D04,PM-1005,2024-03-18,2643.0,1380.1399999999999
D04,PM-1005,2024-03-25,2494.0,1368.27
D04,PM-1005,2024-04-01,3486.0,1844.76
D04,PM-1005,2024-04-08,2356.0,1225.49
D04,PM-1005,2024-04-15,2225.0,1217.99
D04,PM-1005,2024-04-22,3089.0,1545.6399999999999
D04,PM-1005,2024-04-29,1740.0,881.88
D04,PM-1005,2024-05-06,2395.0,1207.95
D04,PM-1005,2024-05-13,2278.0,1127.37
D04,PM-1005,2024-05-20,2807.0,1464.8200000000002
D04,PM-1005,2024-05-27,3730.0,1943.78
D04,PM-1005,2024-06-03,2118.0,1059.35
D04,PM-1005,2024-06-10,2789.0,1482.81
D04,PM-1005,2024-06-17,2888.0,1451.15
D04,PM-1005,2024-06-24,2850.0,1521.1100000000001
D04,PM-1005,2024-07-01,2421.0,1302.08
D04,PM-1005,2024-07-08,2589.0,1292.6
D04,PM-1005,2024-07-15,2007.0,1048.62
D04,PM-1005,2024-07-22,3004.0,1621.33
D04,PM-1005,2024-07-29,1945.0,1033.06
D04,PM-1005,2024-08-05,1963.0,991.59
D04,PM-1005,2024-08-12,2159.0,1184.1
D04,PM-1005,2024-08-19,2050.0,1043.18
D04,PM-1005,2024-08-26,2362.0,1214.6
D04,PM-1005,2024-09-02,2091.0,1150.29
D04,PM-1005,2024-09-09,1906.0,1014.59
D04,PM-1005,2024-09-16,1818.0,978.59
D04,PM-1005,2024-09-23,2546.0,1356.87
D04,PM-1005,2024-09-30,2284.0,1130.3700000000001
D04,PM-1005,2024-10-07,1720.0,933.63
D04,PM-1005,2024-10-14,2281.0,1155.44
D04,PM-1005,2024-10-21,1960.0,974.68
D04,PM-1005,2024-10-28,1611.0,885.86
D04,PM-1005,2024-11-04,1684.0,900.98
D04,PM-1005,2024-11-11,2350.0,1182.84
D04,PM-1005,2024-11-18,2460.0,1229.71
D04,PM-1005,2024-11-25,2226.0,1165.8600000000001
D04,PM-1005,2024-12-02,1791.0,932.59
D04,PM-1005,2024-12-09,2158.0,1157.2
D04,PM-1005,2024-12-16,2152.0,1174.13
D04,PM-1005,2024-12-23,1376.0,750.26
D04,PM-1005,2024-12-30,2193.0,1186.92
D04,PM-1005,2025-01-06,2077.0,1132.25
D04,PM-1005,2025-01-13,2884.0,1516.24
D04,PM-1005,2025-01-20,2751.0,1414.48
D04,PM-1005,2025-01-27,2032.0,1102.11
D04,PM-1005,2025-02-03,2216.0,1126.94
D04,PM-1005,2025-02-10,2130.0,1138.03
D04,PM-1005,2025-02-17,1967.0,1011.09
D04,PM-1005,2025-02-24,1736.0,917.18
D04,PM-1005,2025-03-03,1945.0,1072.91
D04,PM-1005,2025-03-10,2028.0,1111.23
D04,PM-1005,2025-03-17,2623.0,1367.49
D04,PM-1005,2025-03-24,2285.0,1156.9
D04,PM-1005,2025-03-31,2052.0,1109.51
D04,PM-1005,2025-04-07,2017.0,1102.44
D04,PM-1005,2025-04-14,2425.0,1226.88
D04,PM-1005,2025-04-21,2182.0,1169.34
D04,PM-1005,2025-04-28,1965.0,1050.01
D04,PM-1005,2025-05-05,2013.0,1079.81
D04,PM-1005,2025-05-12,3029.0,1648.12
D04,PM-1005,2025-05-19,2290.0,1178.6299999999999
D04,PM-1005,2025-05-26,2761.0,1365.3799999999999
D04,PM-1005,2025-06-02,1799.0,977.3
D04,PM-1005,2025-06-09,2801.0,1507.75
D04,PM-1005,2025-06-16,2634.0,1419.37
D04,PM-1005,2025-06-23,2675.0,1364.3400000000001
D04,PM-1005,2025-06-30,1836.0,977.3
D04,PM-1005,2025-07-07,2337.0,1237.35
D04,PM-1005,2025-07-14,2047.0,1100.02
D04,PM-1005,2025-07-21,1931.0,997.05
D04,PM-1005,2025-07-28,1725.0,915.69
D04,PM-1005,2025-08-04,1932.0,1034.94
D04,PM-1005,2025-08-11,1895.0,1010.26
D04,PM-1005,2025-08-18,2512.0,1265.32
D04,PM-1005,2025-08-25,2021.0,1070.2
D04,PM-1005,2025-09-01,2142.0,1176.83
D04,PM-1005,2025-09-08,2600.0,1293.84
D04,PM-1005,2025-09-15,2174.0,1138.85
D04,PM-1005,2025-09-22,1913.0,989.94
D04,PM-1005,2025-09-29,2176.0,1167.37
D04,PM-1005,2025-10-06,1859.0,964.93
D04,PM-1005,2025-10-13,1593.0,873.5699999999999
D04,PM-1005,2025-10-20,2175.0,1175.03
D04,PM-1005,2025-10-27,2250.0,1164.34
D04,PM-1005,2025-11-03,1970.0,1053.12
D04,PM-1005,2025-11-10,1979.0,1015.88
D04,PM-1005,2025-11-17,1885.0,991.87
D04,PM-1005,2025-11-24,2526.0,1278.85
D04,PM-1005,2025-12-01,2091.0,1038.95
D04,PM-1005,2025-12-08,1960.0,1019.94
D04,PM-1005,2025-12-15,2312.0,1257.06
D04,PM-1005,2025-12-22,2348.0,1224.31
D04,PM-1005,2025-12-29,2147.0,1170.16
D04,PM-1005,2026-01-05,2333.0,1249.79
D04,PM-1005,2026-01-12,2205.0,1123.63
D04,PM-1005,2026-01-19,2057.0,1087.54
D04,PM-1005,2026-01-26,2387.0,1262.22
D04,PM-1005,2026-02-02,847.0,447.17999999999995
D04,PM-1005,2026-02-09,1812.0,984.6700000000001
D04,PM-1005,2026-02-16,2273.0,1229.81
D04,PM-1005,2026-02-23,1924.0,956.1099999999999
D04,PM-1005,2026-03-02,2433.0,1264.36
D04,PM-1005,2026-03-09,2255.0,1138.93
D04,PM-1005,2026-03-16,2991.0,1582.68
D04,PM-1005,2026-03-23,1908.0,1041.85
D04,PM-1005,2026-03-30,2568.0,1310.98
D04,PM-1005,2026-04-06,2091.0,1048.03
D04,PM-1005,2026-04-13,2372.0,1242.67
D04,PM-1005,2026-04-20,2551.0,1270.6799999999998
D04,PM-1005,2026-04-27,2442.0,1281.83
D04,PM-1005,2026-05-04,2497.0,1326.8000000000002
D04,PM-1005,2026-05-11,2477.0,1276.16
D04,PM-1005,2026-05-18,2252.0,1212.76
D04,PM-1005,2026-05-25,2662.0,1362.15
D04,PM-1005,2026-06-01,2687.0,1331.57
D04,PM-1005,2026-06-08,2231.0,1184.02
D04,PM-1005,2026-06-15,2085.0,1131.3200000000002
D04,PM-1005,2026-06-22,2439.0,1243.12
D04,PM-1007,2024-01-01,2195.0,2129.1
D04,PM-1007,2024-01-08,1780.0,1767.6799999999998
D04,PM-1007,2024-01-15,2573.0,2641.1
D04,PM-1007,2024-01-22,2381.0,2363.6
D04,PM-1007,2024-01-29,2759.0,2809.2799999999997
D04,PM-1007,2024-02-05,2794.0,2827.1800000000003
D04,PM-1007,2024-02-12,2849.0,2774.12
D04,PM-1007,2024-02-19,2829.0,2801.18
D04,PM-1007,2024-02-26,2849.0,2796.5299999999997
D04,PM-1007,2024-03-04,3083.0,3147.22
D04,PM-1007,2024-03-11,2847.0,2935.36
D04,PM-1007,2024-03-18,2813.0,2960.59
D04,PM-1007,2024-03-25,2681.0,2829.55
D04,PM-1007,2024-04-01,2884.0,2882.29
D04,PM-1007,2024-04-08,3025.0,3060.92
D04,PM-1007,2024-04-15,3036.0,3005.89
D04,PM-1007,2024-04-22,2765.0,2765.93
D04,PM-1007,2024-04-29,3931.0,3989.87
D04,PM-1007,2024-05-06,3618.0,3578.08
D04,PM-1007,2024-05-13,2555.0,2516.57
D04,PM-1007,2024-05-20,2896.0,3037.29
D04,PM-1007,2024-05-27,3702.0,3772.41
D04,PM-1007,2024-06-03,2550.0,2623.38
D04,PM-1007,2024-06-10,2421.0,2361.96
D04,PM-1007,2024-06-17,4350.0,4331.15
D04,PM-1007,2024-06-24,2703.0,2692.22
D04,PM-1007,2024-07-01,2142.0,2228.51
D04,PM-1007,2024-07-08,2553.0,2508.99
D04,PM-1007,2024-07-15,2696.0,2845.94
D04,PM-1007,2024-07-22,3228.0,3191.7599999999998
D04,PM-1007,2024-07-29,2855.0,2849.65
D04,PM-1007,2024-08-05,2282.0,2445.93
D04,PM-1007,2024-08-12,1801.0,1762.76
D04,PM-1007,2024-08-19,2985.0,2916.3
D04,PM-1007,2024-08-26,2774.0,2959.2
D04,PM-1007,2024-09-02,3263.0,3289.89
D04,PM-1007,2024-09-09,2452.0,2534.5
D04,PM-1007,2024-09-16,2564.0,2710.48
D04,PM-1007,2024-09-23,2439.0,2404.25
D04,PM-1007,2024-09-30,2389.0,2485.81
D04,PM-1007,2024-10-07,2749.0,2956.05
D04,PM-1007,2024-10-14,2403.0,2381.1800000000003
D04,PM-1007,2024-10-21,1983.0,2011.27
D04,PM-1007,2024-10-28,3086.0,3308.2
D04,PM-1007,2024-11-04,2603.0,2793.24
D04,PM-1007,2024-11-11,2765.0,2781.4
D04,PM-1007,2024-11-18,3036.0,3214.15
D04,PM-1007,2024-11-25,2410.0,2541.54
D04,PM-1007,2024-12-02,2407.0,2438.94
D04,PM-1007,2024-12-09,2109.0,2259.8999999999996
D04,PM-1007,2024-12-16,2822.0,2952.12
D04,PM-1007,2024-12-23,1970.0,1971.69
D04,PM-1007,2024-12-30,2570.0,2547.95
D04,PM-1007,2025-01-06,2709.0,2880.3500000000004
D04,PM-1007,2025-01-13,2066.0,2011.66
D04,PM-1007,2025-01-20,3049.0,3117.7
D04,PM-1007,2025-01-27,1896.0,1927.1100000000001
D04,PM-1007,2025-02-03,2110.0,2100.11
D04,PM-1007,2025-02-10,2584.0,2622.25
D04,PM-1007,2025-02-17,2917.0,2998.88
D04,PM-1007,2025-02-24,2155.0,2100.37
D04,PM-1007,2025-03-03,2978.0,3146.0299999999997
D04,PM-1007,2025-03-10,3050.0,3136.55
D04,PM-1007,2025-03-17,2567.0,2703.9399999999996
D04,PM-1007,2025-03-24,2804.0,3020.29
D04,PM-1007,2025-03-31,3306.0,3326.27
D04,PM-1007,2025-04-07,3518.0,3666.32
D04,PM-1007,2025-04-14,2610.0,2587.61
D04,PM-1007,2025-04-21,2507.0,2641.15
D04,PM-1007,2025-04-28,2792.0,2717.58
D04,PM-1007,2025-05-05,2445.0,2411.23
D04,PM-1007,2025-05-12,3485.0,3627.7899999999995
D04,PM-1007,2025-05-19,3120.0,3221.28
D04,PM-1007,2025-05-26,2906.0,3060.67
D04,PM-1007,2025-06-02,3444.0,3539.74
D04,PM-1007,2025-06-09,3272.0,3387.05
D04,PM-1007,2025-06-16,3370.0,3489.97
D04,PM-1007,2025-06-23,3160.0,3137.73
D04,PM-1007,2025-06-30,3586.0,3609.19
D04,PM-1007,2025-07-07,2352.0,2388.04
D04,PM-1007,2025-07-14,3110.0,3174.0299999999997
D04,PM-1007,2025-07-21,3619.0,3560.6000000000004
D04,PM-1007,2025-07-28,2709.0,2720.62
D04,PM-1007,2025-08-04,2589.0,2779.69
D04,PM-1007,2025-08-11,2648.0,2587.4
D04,PM-1007,2025-08-18,2775.0,2924.93
D04,PM-1007,2025-08-25,3234.0,3420.45
D04,PM-1007,2025-09-01,2726.0,2719.65
D04,PM-1007,2025-09-08,3197.0,3102.7
D04,PM-1007,2025-09-15,2873.0,3098.49
D04,PM-1007,2025-09-22,3046.0,3062.24
D04,PM-1007,2025-09-29,2641.0,2851.22
D04,PM-1007,2025-10-06,2505.0,2651.86
D04,PM-1007,2025-10-13,2110.0,2257.52
D04,PM-1007,2025-10-20,1774.0,1865.46
D04,PM-1007,2025-10-27,2391.0,2392.88
D04,PM-1007,2025-11-03,1725.0,1718.0600000000002
D04,PM-1007,2025-11-10,2472.0,2411.81
D04,PM-1007,2025-11-17,2756.0,2812.13
D04,PM-1007,2025-11-24,2497.0,2527.17
D04,PM-1007,2025-12-01,1625.0,1617.64
D04,PM-1007,2025-12-08,2329.0,2423.8
D04,PM-1007,2025-12-15,2686.0,2654.3999999999996
D04,PM-1007,2025-12-22,3001.0,2953.67
D04,PM-1007,2025-12-29,2691.0,2756.83
D04,PM-1007,2026-01-05,2497.0,2611.22
D04,PM-1007,2026-01-12,2695.0,2872.0099999999998
D04,PM-1007,2026-01-19,3334.0,3398.6000000000004
D04,PM-1007,2026-01-26,2557.0,2557.24
D04,PM-1007,2026-02-02,2054.0,2102.49
D04,PM-1007,2026-02-09,2413.0,2461.2
D04,PM-1007,2026-02-16,2336.0,2297.92
D04,PM-1007,2026-02-23,2215.0,2219.77
D04,PM-1007,2026-03-02,2393.0,2351.57
D04,PM-1007,2026-03-09,4067.0,3990.17
D04,PM-1007,2026-03-16,2329.0,2455.19
D04,PM-1007,2026-03-23,2540.0,2600.92
D04,PM-1007,2026-03-30,4201.0,4424.179999999999
D04,PM-1007,2026-04-06,3035.0,3056.99
D04,PM-1007,2026-04-13,2956.0,3071.3
D04,PM-1007,2026-04-20,3064.0,3266.66
D04,PM-1007,2026-04-27,2926.0,3039.55
D04,PM-1007,2026-05-04,2667.0,2618.51
D04,PM-1007,2026-05-11,3015.0,2924.62
D04,PM-1007,2026-05-18,3131.0,3144.3500000000004
D04,PM-1007,2026-05-25,2243.0,2297.1
D04,PM-1007,2026-06-01,2703.0,2753.83
D04,PM-1007,2026-06-08,2245.0,2184.8
D04,PM-1007,2026-06-15,2529.0,2549.32
D04,PM-1007,2026-06-22,3125.0,3067.12
D04,PW-1029,2024-01-01,726.0,2613.8999999999996
D04,PW-1029,2024-01-08,586.0,2055.43
D04,PW-1029,2024-01-15,479.0,1614.7600000000002
D04,PW-1029,2024-01-22,589.0,2005.3500000000001
D04,PW-1029,2024-01-29,589.0,2122.69
D04,PW-1029,2024-02-05,586.0,2135.46
D04,PW-1029,2024-02-12,668.0,2336.93
D04,PW-1029,2024-02-19,506.0,1769.01
D04,PW-1029,2024-02-26,664.0,2227.47
D04,PW-1029,2024-03-04,622.0,2275.1800000000003
D04,PW-1029,2024-03-11,669.0,2364.14
D04,PW-1029,2024-03-18,780.0,2796.73
D04,PW-1029,2024-03-25,803.0,2913.1400000000003
D04,PW-1029,2024-04-01,885.0,3062.44
D04,PW-1029,2024-04-08,529.0,1814.38
D04,PW-1029,2024-04-15,751.0,2562.25
D04,PW-1029,2024-04-22,806.0,2870.89
D04,PW-1029,2024-04-29,663.0,2433.45
D04,PW-1029,2024-05-06,726.0,2617.96
D04,PW-1029,2024-05-13,896.0,3278.62
D04,PW-1029,2024-05-20,716.0,2652.04
D04,PW-1029,2024-05-27,901.0,3186.91
D04,PW-1029,2024-06-03,738.0,2596.6
D04,PW-1029,2024-06-10,798.0,2726.02
D04,PW-1029,2024-06-17,858.0,3195.48
D04,PW-1029,2024-06-24,634.0,2271.37
D04,PW-1029,2024-07-01,796.0,2837.56
D04,PW-1029,2024-07-08,693.0,2404.24
D04,PW-1029,2024-07-15,891.0,3312.1
D04,PW-1029,2024-07-22,707.0,2395.2400000000002
D04,PW-1029,2024-07-29,702.0,2599.49
D04,PW-1029,2024-08-05,647.0,2336.5
D04,PW-1029,2024-08-12,724.0,2548.73
D04,PW-1029,2024-08-19,787.0,2707.09
D04,PW-1029,2024-08-26,728.0,2521.69
D04,PW-1029,2024-09-02,997.0,3513.67
D04,PW-1029,2024-09-09,664.0,2264.15
D04,PW-1029,2024-09-16,618.0,2264.2
D04,PW-1029,2024-09-23,686.0,2295.21
D04,PW-1029,2024-09-30,731.0,2574.9700000000003
D04,PW-1029,2024-10-07,569.0,2120.02
D04,PW-1029,2024-10-14,833.0,2969.99
D04,PW-1029,2024-10-21,654.0,2290.91
D04,PW-1029,2024-10-28,872.0,3009.07
D04,PW-1029,2024-11-04,822.0,3057.88
D04,PW-1029,2024-11-11,741.0,2688.0899999999997
D04,PW-1029,2024-11-18,667.0,2236.67
D04,PW-1029,2024-11-25,574.0,2085.62
D04,PW-1029,2024-12-02,608.0,2191.84
D04,PW-1029,2024-12-09,569.0,1936.79
D04,PW-1029,2024-12-16,567.0,2078.91
D04,PW-1029,2024-12-23,703.0,2376.1
D04,PW-1029,2024-12-30,710.0,2596.8
D04,PW-1029,2025-01-06,539.0,1817.97
D04,PW-1029,2025-01-13,637.0,2373.84
D04,PW-1029,2025-01-20,612.0,2110.8
D04,PW-1029,2025-01-27,867.0,3204.3500000000004
D04,PW-1029,2025-02-03,514.0,1894.31
D04,PW-1029,2025-02-10,948.0,3470.67
D04,PW-1029,2025-02-17,784.0,2780.37
D04,PW-1029,2025-02-24,495.0,1833.79
D04,PW-1029,2025-03-03,668.0,2395.2200000000003
D04,PW-1029,2025-03-10,795.0,2760.81
D04,PW-1029,2025-03-17,679.0,2490.75
D04,PW-1029,2025-03-24,730.0,2633.5
D04,PW-1029,2025-03-31,1082.0,3673.6800000000003
D04,PW-1029,2025-04-07,729.0,2517.23
D04,PW-1029,2025-04-14,667.0,2302.79
D04,PW-1029,2025-04-21,908.0,3202.73
D04,PW-1029,2025-04-28,646.0,2350.76
D04,PW-1029,2025-05-05,893.0,3052.41
D04,PW-1029,2025-05-12,883.0,3202.7
D04,PW-1029,2025-05-19,1069.0,3951.95
D04,PW-1029,2025-05-26,869.0,3117.63
D04,PW-1029,2025-06-02,791.0,2801.42
D04,PW-1029,2025-06-09,818.0,2921.6
D04,PW-1029,2025-06-16,1133.0,4136.93
D04,PW-1029,2025-06-23,830.0,2937.3
D04,PW-1029,2025-06-30,795.0,2799.02
D04,PW-1029,2025-07-07,812.0,3017.12
D04,PW-1029,2025-07-14,878.0,3069.68
D04,PW-1029,2025-07-21,769.0,2814.0699999999997
D04,PW-1029,2025-07-28,694.0,2418.33
D04,PW-1029,2025-08-04,728.0,2520.15
D04,PW-1029,2025-08-11,701.0,2411.1
D04,PW-1029,2025-08-18,777.0,2671.7400000000002
D04,PW-1029,2025-08-25,720.0,2464.8
D04,PW-1029,2025-09-01,762.0,2726.6000000000004
D04,PW-1029,2025-09-08,760.0,2605.72
D04,PW-1029,2025-09-15,802.0,2806.83
D04,PW-1029,2025-09-22,662.0,2412.43
D04,PW-1029,2025-09-29,979.0,3547.85
D04,PW-1029,2025-10-06,908.0,3102.04
D04,PW-1029,2025-10-13,811.0,2716.98
D04,PW-1029,2025-10-20,830.0,3066.25
D04,PW-1029,2025-10-27,623.0,2305.06
D04,PW-1029,2025-11-03,674.0,2374.92
D04,PW-1029,2025-11-10,682.0,2511.75
D04,PW-1029,2025-11-17,590.0,1982.7199999999998
D04,PW-1029,2025-11-24,689.0,2447.11
D04,PW-1029,2025-12-01,1026.0,3727.58
D04,PW-1029,2025-12-08,742.0,2635.49
D04,PW-1029,2025-12-15,921.0,3191.63
D04,PW-1029,2025-12-22,915.0,3358.8599999999997
D04,PW-1029,2025-12-29,640.0,2292.75
D04,PW-1029,2026-01-05,746.0,2685.77
D04,PW-1029,2026-01-12,704.0,2502.79
D04,PW-1029,2026-01-19,866.0,3178.27
D04,PW-1029,2026-01-26,816.0,2864.35
D04,PW-1029,2026-02-02,985.0,3449.85
D04,PW-1029,2026-02-09,800.0,2897.7799999999997
D04,PW-1029,2026-02-16,887.0,3083.28
D04,PW-1029,2026-02-23,719.0,2476.0
D04,PW-1029,2026-03-02,643.0,2257.54
D04,PW-1029,2026-03-09,896.0,3101.69
D04,PW-1029,2026-03-16,838.0,3081.12
D04,PW-1029,2026-03-23,900.0,3182.7799999999997
D04,PW-1029,2026-03-30,1035.0,3591.41
D04,PW-1029,2026-04-06,889.0,3237.36
D04,PW-1029,2026-04-13,967.0,3539.8900000000003
D04,PW-1029,2026-04-20,1004.0,3578.5899999999997
D04,PW-1029,2026-04-27,849.0,2926.0
D04,PW-1029,2026-05-04,799.0,2858.02
D04,PW-1029,2026-05-11,1184.0,4133.29
D04,PW-1029,2026-05-18,937.0,3147.71
D04,PW-1029,2026-05-25,927.0,3176.76
D04,PW-1029,2026-06-01,769.0,2644.5
D04,PW-1029,2026-06-08,927.0,3425.8199999999997
D04,PW-1029,2026-06-15,938.0,3166.62
D04,PW-1029,2026-06-22,777.0,2790.45
D04,PW-1030,2024-01-01,428.0,922.4
D04,PW-1030,2024-01-08,362.0,786.15
D04,PW-1030,2024-01-15,471.0,1008.73
D04,PW-1030,2024-01-22,702.0,1588.45
D04,PW-1030,2024-01-29,373.0,874.6800000000001
D04,PW-1030,2024-02-05,567.0,1333.86
D04,PW-1030,2024-02-12,485.0,1060.47
D04,PW-1030,2024-02-19,458.0,993.5799999999999
D04,PW-1030,2024-02-26,454.0,1020.1999999999999
D04,PW-1030,2024-03-04,528.0,1137.37
D04,PW-1030,2024-03-11,505.0,1183.6799999999998
D04,PW-1030,2024-03-18,583.0,1321.1599999999999
D04,PW-1030,2024-03-25,751.0,1648.08
D04,PW-1030,2024-04-01,564.0,1337.29
D04,PW-1030,2024-04-08,502.0,1077.8899999999999
D04,PW-1030,2024-04-15,589.0,1376.75
D04,PW-1030,2024-04-22,509.0,1105.22
D04,PW-1030,2024-04-29,528.0,1252.31
D04,PW-1030,2024-05-06,514.0,1227.29
D04,PW-1030,2024-05-13,662.0,1514.94
D04,PW-1030,2024-05-20,657.0,1432.16
D04,PW-1030,2024-05-27,564.0,1286.07
D04,PW-1030,2024-06-03,467.0,1103.1599999999999
D04,PW-1030,2024-06-10,510.0,1203.02
D04,PW-1030,2024-06-17,580.0,1299.57
D04,PW-1030,2024-06-24,696.0,1525.58
D04,PW-1030,2024-07-01,370.0,838.98
D04,PW-1030,2024-07-08,604.0,1302.0
D04,PW-1030,2024-07-15,642.0,1413.39
D04,PW-1030,2024-07-22,642.0,1463.01
D04,PW-1030,2024-07-29,641.0,1386.91
D04,PW-1030,2024-08-05,671.0,1492.6399999999999
D04,PW-1030,2024-08-12,550.0,1204.15
D04,PW-1030,2024-08-19,632.0,1449.86
D04,PW-1030,2024-08-26,425.0,939.22
D04,PW-1030,2024-09-02,521.0,1205.99
D04,PW-1030,2024-09-09,582.0,1348.61
D04,PW-1030,2024-09-16,509.0,1115.73
D04,PW-1030,2024-09-23,467.0,1037.02
D04,PW-1030,2024-09-30,490.0,1118.63
D04,PW-1030,2024-10-07,592.0,1296.09
D04,PW-1030,2024-10-14,523.0,1125.94
D04,PW-1030,2024-10-21,526.0,1131.99
D04,PW-1030,2024-10-28,557.0,1308.6399999999999
D04,PW-1030,2024-11-04,545.0,1201.6799999999998
D04,PW-1030,2024-11-11,650.0,1433.71
D04,PW-1030,2024-11-18,621.0,1464.8600000000001
D04,PW-1030,2024-11-25,554.0,1198.94
D04,PW-1030,2024-12-02,498.0,1110.16
D04,PW-1030,2024-12-09,638.0,1477.42
D04,PW-1030,2024-12-16,672.0,1513.38
D04,PW-1030,2024-12-23,416.0,934.04
D04,PW-1030,2024-12-30,520.0,1224.03
D04,PW-1030,2025-01-06,515.0,1164.3999999999999
D04,PW-1030,2025-01-13,462.0,1088.39
D04,PW-1030,2025-01-20,500.0,1131.11
D04,PW-1030,2025-01-27,513.0,1119.03
D04,PW-1030,2025-02-03,644.0,1400.19
D04,PW-1030,2025-02-10,450.0,1042.44
D04,PW-1030,2025-02-17,581.0,1254.14
D04,PW-1030,2025-02-24,504.0,1155.55
D04,PW-1030,2025-03-03,689.0,1573.27
D04,PW-1030,2025-03-10,589.0,1402.57
D04,PW-1030,2025-03-17,675.0,1601.05
D04,PW-1030,2025-03-24,601.0,1397.6100000000001
D04,PW-1030,2025-03-31,470.0,1008.21
D04,PW-1030,2025-04-07,559.0,1304.9
D04,PW-1030,2025-04-14,791.0,1768.6
D04,PW-1030,2025-04-21,672.0,1495.65
D04,PW-1030,2025-04-28,840.0,1965.03
D04,PW-1030,2025-05-05,789.0,1813.96
D04,PW-1030,2025-05-12,575.0,1268.77
D04,PW-1030,2025-05-19,520.0,1212.94
D04,PW-1030,2025-05-26,752.0,1785.66
D04,PW-1030,2025-06-02,746.0,1777.19
D04,PW-1030,2025-06-09,643.0,1393.76
D04,PW-1030,2025-06-16,514.0,1101.97
D04,PW-1030,2025-06-23,590.0,1297.94
D04,PW-1030,2025-06-30,655.0,1537.42
D04,PW-1030,2025-07-07,716.0,1651.06
D04,PW-1030,2025-07-14,548.0,1182.95
D04,PW-1030,2025-07-21,739.0,1754.07
D04,PW-1030,2025-07-28,710.0,1568.54
D04,PW-1030,2025-08-04,708.0,1617.1
D04,PW-1030,2025-08-11,675.0,1497.68
D04,PW-1030,2025-08-18,447.0,1022.84
D04,PW-1030,2025-08-25,643.0,1515.06
D04,PW-1030,2025-09-01,575.0,1277.88
D04,PW-1030,2025-09-08,659.0,1411.1399999999999
D04,PW-1030,2025-09-15,472.0,1045.77
D04,PW-1030,2025-09-22,439.0,1006.26
D04,PW-1030,2025-09-29,645.0,1403.65
D04,PW-1030,2025-10-06,512.0,1220.47
D04,PW-1030,2025-10-13,422.0,1004.81
D04,PW-1030,2025-10-20,493.0,1124.6
D04,PW-1030,2025-10-27,560.0,1304.46
D04,PW-1030,2025-11-03,677.0,1453.76
D04,PW-1030,2025-11-10,573.0,1251.4
D04,PW-1030,2025-11-17,521.0,1204.9299999999998
D04,PW-1030,2025-11-24,546.0,1233.58
D04,PW-1030,2025-12-01,635.0,1382.99
D04,PW-1030,2025-12-08,616.0,1350.68
D04,PW-1030,2025-12-15,633.0,1428.52
D04,PW-1030,2025-12-22,742.0,1614.02
D04,PW-1030,2025-12-29,578.0,1259.13
D04,PW-1030,2026-01-05,641.0,1472.39
D04,PW-1030,2026-01-12,421.0,905.43
D04,PW-1030,2026-01-19,602.0,1406.13
D04,PW-1030,2026-01-26,482.0,1058.13
D04,PW-1030,2026-02-02,543.0,1250.59
D04,PW-1030,2026-02-09,562.0,1268.3700000000001
D04,PW-1030,2026-02-16,609.0,1372.3
D04,PW-1030,2026-02-23,564.0,1211.94
D04,PW-1030,2026-03-02,588.0,1365.69
D04,PW-1030,2026-03-09,694.0,1566.81
D04,PW-1030,2026-03-16,645.0,1446.51
D04,PW-1030,2026-03-23,637.0,1390.89
D04,PW-1030,2026-03-30,650.0,1473.21
D04,PW-1030,2026-04-06,635.0,1376.58
D04,PW-1030,2026-04-13,770.0,1837.7
D04,PW-1030,2026-04-20,660.0,1450.14
D04,PW-1030,2026-04-27,947.0,2146.6800000000003
D04,PW-1030,2026-05-04,728.0,1695.0900000000001
D04,PW-1030,2026-05-11,765.0,1722.76
D04,PW-1030,2026-05-18,656.0,1508.02
D04,PW-1030,2026-05-25,750.0,1673.12
D04,PW-1030,2026-06-01,807.0,1834.65
D04,PW-1030,2026-06-08,716.0,1632.56
D04,PW-1030,2026-06-15,656.0,1564.0800000000002
D04,PW-1030,2026-06-22,819.0,1901.94
D04,PW-1031,2024-01-01,684.0,3140.3599999999997
D04,PW-1031,2024-01-08,744.0,3331.06
D04,PW-1031,2024-01-15,778.0,3310.34
D04,PW-1031,2024-01-22,720.0,3236.27
D04,PW-1031,2024-01-29,688.0,2860.0299999999997
D04,PW-1031,2024-02-05,608.0,2785.78
D04,PW-1031,2024-02-12,658.0,2788.3
D04,PW-1031,2024-02-19,794.0,3510.47
D04,PW-1031,2024-02-26,609.0,2654.21
D04,PW-1031,2024-03-04,613.0,2548.59
D04,PW-1031,2024-03-11,788.0,3452.92
D04,PW-1031,2024-03-18,758.0,3186.29
D04,PW-1031,2024-03-25,902.0,3869.84
D04,PW-1031,2024-04-01,839.0,3842.49
D04,PW-1031,2024-04-08,681.0,3073.4300000000003
D04,PW-1031,2024-04-15,942.0,4087.2
D04,PW-1031,2024-04-22,789.0,3565.77
D04,PW-1031,2024-04-29,845.0,3706.86
D04,PW-1031,2024-05-06,726.0,3336.6400000000003
D04,PW-1031,2024-05-13,833.0,3484.4300000000003
D04,PW-1031,2024-05-20,717.0,3123.5
D04,PW-1031,2024-05-27,566.0,2414.22
D04,PW-1031,2024-06-03,1027.0,4450.71
D04,PW-1031,2024-06-10,688.0,3132.03
D04,PW-1031,2024-06-17,722.0,3205.18
D04,PW-1031,2024-06-24,715.0,3224.0299999999997
D04,PW-1031,2024-07-01,1031.0,4508.63
D04,PW-1031,2024-07-08,843.0,3518.81
D04,PW-1031,2024-07-15,859.0,3824.35
D04,PW-1031,2024-07-22,900.0,3779.8
D04,PW-1031,2024-07-29,868.0,3916.89
D04,PW-1031,2024-08-05,797.0,3404.07
D04,PW-1031,2024-08-12,788.0,3483.4300000000003
D04,PW-1031,2024-08-19,953.0,4139.73
D04,PW-1031,2024-08-26,630.0,2611.7799999999997
D04,PW-1031,2024-09-02,657.0,2752.89
D04,PW-1031,2024-09-09,820.0,3776.22
D04,PW-1031,2024-09-16,776.0,3303.14
D04,PW-1031,2024-09-23,695.0,3138.54
D04,PW-1031,2024-09-30,1038.0,4668.33
D04,PW-1031,2024-10-07,604.0,2676.0
D04,PW-1031,2024-10-14,722.0,3063.73
D04,PW-1031,2024-10-21,742.0,3139.8
D04,PW-1031,2024-10-28,666.0,3031.54
D04,PW-1031,2024-11-04,637.0,2892.2999999999997
D04,PW-1031,2024-11-11,670.0,2779.29
D04,PW-1031,2024-11-18,888.0,3984.01
D04,PW-1031,2024-11-25,660.0,3005.0699999999997
D04,PW-1031,2024-12-02,741.0,3174.82
D04,PW-1031,2024-12-09,639.0,2714.01
D04,PW-1031,2024-12-16,780.0,3518.0499999999997
D04,PW-1031,2024-12-23,827.0,3652.21
D04,PW-1031,2024-12-30,687.0,3081.04
D04,PW-1031,2025-01-06,788.0,3611.35
D04,PW-1031,2025-01-13,702.0,3194.52
D04,PW-1031,2025-01-20,725.0,3115.37
D04,PW-1031,2025-01-27,777.0,3551.78
D04,PW-1031,2025-02-03,769.0,3201.46
D04,PW-1031,2025-02-10,768.0,3420.7799999999997
D04,PW-1031,2025-02-17,601.0,2714.6
D04,PW-1031,2025-02-24,629.0,2872.16
D04,PW-1031,2025-03-03,591.0,2484.7
D04,PW-1031,2025-03-10,628.0,2705.0
D04,PW-1031,2025-03-17,840.0,3697.63
D04,PW-1031,2025-03-24,752.0,3127.41
D04,PW-1031,2025-03-31,728.0,3339.01
D04,PW-1031,2025-04-07,1060.0,4680.53
D04,PW-1031,2025-04-14,978.0,4175.78
D04,PW-1031,2025-04-21,649.0,2916.51
D04,PW-1031,2025-04-28,730.0,3347.6
D04,PW-1031,2025-05-05,726.0,3197.96
D04,PW-1031,2025-05-12,850.0,3852.64
D04,PW-1031,2025-05-19,698.0,3137.48
D04,PW-1031,2025-05-26,768.0,3187.78
D04,PW-1031,2025-06-02,909.0,4080.39
D04,PW-1031,2025-06-09,839.0,3708.08
D04,PW-1031,2025-06-16,704.0,3050.0
D04,PW-1031,2025-06-23,870.0,3626.19
D04,PW-1031,2025-06-30,872.0,3855.4799999999996
D04,PW-1031,2025-07-07,882.0,3697.27
D04,PW-1031,2025-07-14,689.0,2982.35
D04,PW-1031,2025-07-21,982.0,4243.25
D04,PW-1031,2025-07-28,783.0,3534.24
D04,PW-1031,2025-08-04,706.0,3136.31
D04,PW-1031,2025-08-11,843.0,3686.81
D04,PW-1031,2025-08-18,915.0,3824.58
D04,PW-1031,2025-08-25,899.0,4052.9300000000003
D04,PW-1031,2025-09-01,990.0,4496.92
D04,PW-1031,2025-09-08,736.0,3116.17
D04,PW-1031,2025-09-15,630.0,2791.09
D04,PW-1031,2025-09-22,758.0,3300.54
D04,PW-1031,2025-09-29,517.0,2295.4
D04,PW-1031,2025-10-06,692.0,2990.46
D04,PW-1031,2025-10-13,741.0,3333.52
D04,PW-1031,2025-10-20,719.0,3058.54
D04,PW-1031,2025-10-27,831.0,3530.25
D04,PW-1031,2025-11-03,764.0,3394.66
D04,PW-1031,2025-11-10,816.0,3656.62
D04,PW-1031,2025-11-17,794.0,3379.96
D04,PW-1031,2025-11-24,608.0,2662.94
D04,PW-1031,2025-12-01,832.0,3706.51
D04,PW-1031,2025-12-08,701.0,2984.44
D04,PW-1031,2025-12-15,787.0,3565.12
D04,PW-1031,2025-12-22,820.0,3515.5299999999997
D04,PW-1031,2025-12-29,682.0,3101.59
D04,PW-1031,2026-01-05,697.0,3133.07
D04,PW-1031,2026-01-12,782.0,3514.5099999999998
D04,PW-1031,2026-01-19,730.0,3313.48
D04,PW-1031,2026-01-26,1025.0,4586.91
D04,PW-1031,2026-02-02,801.0,3533.23
D04,PW-1031,2026-02-09,678.0,2818.55
D04,PW-1031,2026-02-16,1116.0,5037.860000000001
D04,PW-1031,2026-02-23,870.0,3705.96
D04,PW-1031,2026-03-02,830.0,3672.5800000000004
D04,PW-1031,2026-03-09,1060.0,4508.19
D04,PW-1031,2026-03-16,894.0,4032.35
D04,PW-1031,2026-03-23,852.0,3747.24
D04,PW-1031,2026-03-30,686.0,3077.72
D04,PW-1031,2026-04-06,625.0,2727.35
D04,PW-1031,2026-04-13,1068.0,4442.339999999999
D04,PW-1031,2026-04-20,938.0,3959.8
D04,PW-1031,2026-04-27,878.0,3762.5299999999997
D04,PW-1031,2026-05-04,892.0,4044.03
D04,PW-1031,2026-05-11,960.0,4408.62
D04,PW-1031,2026-05-18,1014.0,4263.42
D04,PW-1031,2026-05-25,823.0,3786.95
D04,PW-1031,2026-06-01,956.0,4232.389999999999
D04,PW-1031,2026-06-08,1007.0,4417.68
D04,PW-1031,2026-06-15,864.0,3833.45
D04,PW-1031,2026-06-22,667.0,2976.58
D04,PW-1032,2024-01-01,816.0,3383.05
D04,PW-1032,2024-01-08,874.0,3472.48
D04,PW-1032,2024-01-15,802.0,3316.6800000000003
D04,PW-1032,2024-01-22,694.0,2731.44
D04,PW-1032,2024-01-29,969.0,3834.42
D04,PW-1032,2024-02-05,1185.0,4759.69
D04,PW-1032,2024-02-12,792.0,3203.02
D04,PW-1032,2024-02-19,923.0,3713.27
D04,PW-1032,2024-02-26,756.0,2903.94
D04,PW-1032,2024-03-04,966.0,3668.4
D04,PW-1032,2024-03-11,859.0,3559.26
D04,PW-1032,2024-03-18,936.0,3580.66
D04,PW-1032,2024-03-25,1122.0,4494.88
D04,PW-1032,2024-04-01,1022.0,4145.59
D04,PW-1032,2024-04-08,971.0,3822.9
D04,PW-1032,2024-04-15,868.0,3456.48
D04,PW-1032,2024-04-22,1118.0,4435.77
D04,PW-1032,2024-04-29,859.0,3422.19
D04,PW-1032,2024-05-06,1249.0,5081.23
D04,PW-1032,2024-05-13,1048.0,4137.7
D04,PW-1032,2024-05-20,888.0,3624.49
D04,PW-1032,2024-05-27,830.0,3289.14
D04,PW-1032,2024-06-03,995.0,3924.94
D04,PW-1032,2024-06-10,993.0,4122.79
D04,PW-1032,2024-06-17,1123.0,4491.36
D04,PW-1032,2024-06-24,900.0,3481.59
D04,PW-1032,2024-07-01,1180.0,4556.030000000001
D04,PW-1032,2024-07-08,716.0,2680.27
D04,PW-1032,2024-07-15,1057.0,3985.1400000000003
D04,PW-1032,2024-07-22,933.0,3520.94
D04,PW-1032,2024-07-29,1050.0,4342.09
D04,PW-1032,2024-08-05,1233.0,5081.92
D04,PW-1032,2024-08-12,1172.0,4397.58
D04,PW-1032,2024-08-19,1069.0,4037.01
D04,PW-1032,2024-08-26,1232.0,5081.86
D04,PW-1032,2024-09-02,1230.0,4853.83
D04,PW-1032,2024-09-09,1251.0,4746.68
D04,PW-1032,2024-09-16,900.0,3753.35
D04,PW-1032,2024-09-23,1094.0,4343.0199999999995
D04,PW-1032,2024-09-30,1089.0,4381.88
D04,PW-1032,2024-10-07,965.0,3806.34
D04,PW-1032,2024-10-14,1117.0,4322.79
D04,PW-1032,2024-10-21,956.0,3690.7
D04,PW-1032,2024-10-28,757.0,3100.3500000000004
D04,PW-1032,2024-11-04,1139.0,4523.64
D04,PW-1032,2024-11-11,856.0,3475.85
D04,PW-1032,2024-11-18,719.0,2693.27
D04,PW-1032,2024-11-25,1508.0,6154.51
D04,PW-1032,2024-12-02,795.0,3000.56
D04,PW-1032,2024-12-09,1030.0,4226.72
D04,PW-1032,2024-12-16,800.0,3104.84
D04,PW-1032,2024-12-23,883.0,3576.88
D04,PW-1032,2024-12-30,852.0,3341.9399999999996
D04,PW-1032,2025-01-06,819.0,3099.19
D04,PW-1032,2025-01-13,1091.0,4277.13
D04,PW-1032,2025-01-20,1358.0,5328.22
D04,PW-1032,2025-01-27,976.0,3700.25
D04,PW-1032,2025-02-03,754.0,3140.86
D04,PW-1032,2025-02-10,850.0,3380.3999999999996
D04,PW-1032,2025-02-17,887.0,3400.27
D04,PW-1032,2025-02-24,1032.0,3874.82
D04,PW-1032,2025-03-03,966.0,3825.29
D04,PW-1032,2025-03-10,1429.0,5409.88
D04,PW-1032,2025-03-17,1037.0,4183.97
D04,PW-1032,2025-03-24,1201.0,4603.28
D04,PW-1032,2025-03-31,1048.0,4153.76
D04,PW-1032,2025-04-07,1080.0,4259.9
D04,PW-1032,2025-04-14,1039.0,4042.61
D04,PW-1032,2025-04-21,1106.0,4236.54
D04,PW-1032,2025-04-28,1036.0,4046.62
D04,PW-1032,2025-05-05,1130.0,4341.0
D04,PW-1032,2025-05-12,1041.0,4093.67
D04,PW-1032,2025-05-19,1598.0,6661.5
D04,PW-1032,2025-05-26,1211.0,5041.72
D04,PW-1032,2025-06-02,1250.0,5186.43
D04,PW-1032,2025-06-09,1120.0,4334.09
D04,PW-1032,2025-06-16,921.0,3459.76
D04,PW-1032,2025-06-23,939.0,3790.33
D04,PW-1032,2025-06-30,1119.0,4478.18
D04,PW-1032,2025-07-07,1111.0,4424.03
D04,PW-1032,2025-07-14,1212.0,4738.62
D04,PW-1032,2025-07-21,1171.0,4736.07
D04,PW-1032,2025-07-28,1056.0,4408.71
D04,PW-1032,2025-08-04,1677.0,6785.75
D04,PW-1032,2025-08-11,1180.0,4765.88
D04,PW-1032,2025-08-18,1041.0,4221.22
D04,PW-1032,2025-08-25,1043.0,3989.46
D04,PW-1032,2025-09-01,1220.0,4922.900000000001
D04,PW-1032,2025-09-08,1051.0,4112.48
D04,PW-1032,2025-09-15,1244.0,4877.03
D04,PW-1032,2025-09-22,1056.0,4103.48
D04,PW-1032,2025-09-29,1001.0,3906.17
D04,PW-1032,2025-10-06,849.0,3333.94
D04,PW-1032,2025-10-13,1222.0,4775.75
D04,PW-1032,2025-10-20,883.0,3322.63
D04,PW-1032,2025-10-27,1156.0,4419.6
D04,PW-1032,2025-11-03,940.0,3802.04
D04,PW-1032,2025-11-10,1166.0,4490.5599999999995
D04,PW-1032,2025-11-17,1239.0,4861.0
D04,PW-1032,2025-11-24,911.0,3605.86
D04,PW-1032,2025-12-01,899.0,3544.14
D04,PW-1032,2025-12-08,1424.0,5342.37
D04,PW-1032,2025-12-15,1096.0,4424.47
D04,PW-1032,2025-12-22,1144.0,4739.75
D04,PW-1032,2025-12-29,842.0,3211.52
D04,PW-1032,2026-01-05,891.0,3426.23
D04,PW-1032,2026-01-12,1079.0,4106.53
D04,PW-1032,2026-01-19,995.0,4026.39
D04,PW-1032,2026-01-26,914.0,3541.21
D04,PW-1032,2026-02-02,1119.0,4310.98
D04,PW-1032,2026-02-09,839.0,3257.15
D04,PW-1032,2026-02-16,1147.0,4334.3
D04,PW-1032,2026-02-23,968.0,3693.97
D04,PW-1032,2026-03-02,1246.0,4690.7300000000005
D04,PW-1032,2026-03-09,1150.0,4682.09
D04,PW-1032,2026-03-16,1240.0,4956.41
D04,PW-1032,2026-03-23,1416.0,5505.28
D04,PW-1032,2026-03-30,1059.0,4234.08
D04,PW-1032,2026-04-06,1021.0,4233.66
D04,PW-1032,2026-04-13,1430.0,5502.47
D04,PW-1032,2026-04-20,1553.0,6161.81
D04,PW-1032,2026-04-27,1472.0,5950.25
D04,PW-1032,2026-05-04,862.0,3444.05
D04,PW-1032,2026-05-11,1347.0,5098.99
D04,PW-1032,2026-05-18,1075.0,4040.83
D04,PW-1032,2026-05-25,1421.0,5814.5
D04,PW-1032,2026-06-01,1200.0,4727.59
D04,PW-1032,2026-06-08,1187.0,4699.4
D04,PW-1032,2026-06-15,1179.0,4881.76
D04,PW-1032,2026-06-22,1142.0,4383.49
D04,PW-1034,2024-01-01,455.0,1841.2
D04,PW-1034,2024-01-08,547.0,2052.78
D04,PW-1034,2024-01-15,406.0,1610.5700000000002
D04,PW-1034,2024-01-22,479.0,1985.16
D04,PW-1034,2024-01-29,499.0,1877.68
D04,PW-1034,2024-02-05,655.0,2482.5699999999997
D04,PW-1034,2024-02-12,501.0,2001.69
D04,PW-1034,2024-02-19,396.0,1610.06
D04,PW-1034,2024-02-26,584.0,2201.51
D04,PW-1034,2024-03-04,450.0,1747.8
D04,PW-1034,2024-03-11,428.0,1604.5900000000001
D04,PW-1034,2024-03-18,601.0,2318.7400000000002
D04,PW-1034,2024-03-25,508.0,2012.4299999999998
D04,PW-1034,2024-04-01,488.0,1985.58
D04,PW-1034,2024-04-08,655.0,2680.26
D04,PW-1034,2024-04-15,476.0,1955.3899999999999
D04,PW-1034,2024-04-22,479.0,1905.97
D04,PW-1034,2024-04-29,563.0,2209.78
D04,PW-1034,2024-05-06,375.0,1418.29
D04,PW-1034,2024-05-13,543.0,2114.71
D04,PW-1034,2024-05-20,539.0,2190.98
D04,PW-1034,2024-05-27,471.0,1857.27
D04,PW-1034,2024-06-03,536.0,2214.25
D04,PW-1034,2024-06-10,560.0,2251.64
D04,PW-1034,2024-06-17,536.0,2000.99
D04,PW-1034,2024-06-24,610.0,2418.41
D04,PW-1034,2024-07-01,561.0,2121.45
D04,PW-1034,2024-07-08,524.0,1956.39
D04,PW-1034,2024-07-15,596.0,2462.02
D04,PW-1034,2024-07-22,556.0,2274.31
D04,PW-1034,2024-07-29,834.0,3346.65
D04,PW-1034,2024-08-05,617.0,2532.55
D04,PW-1034,2024-08-12,486.0,1955.02
D04,PW-1034,2024-08-19,403.0,1539.19
D04,PW-1034,2024-08-26,468.0,1790.5
D04,PW-1034,2024-09-02,379.0,1500.06
D04,PW-1034,2024-09-09,564.0,2137.7799999999997
D04,PW-1034,2024-09-16,485.0,1983.56
D04,PW-1034,2024-09-23,448.0,1686.61
D04,PW-1034,2024-09-30,546.0,2097.76
D04,PW-1034,2024-10-07,468.0,1806.61
D04,PW-1034,2024-10-14,522.0,2143.6
D04,PW-1034,2024-10-21,470.0,1785.25
D04,PW-1034,2024-10-28,492.0,1863.3600000000001
D04,PW-1034,2024-11-04,587.0,2317.42
D04,PW-1034,2024-11-11,553.0,2072.66
D04,PW-1034,2024-11-18,596.0,2435.09
D04,PW-1034,2024-11-25,506.0,1936.75
D04,PW-1034,2024-12-02,366.0,1444.3500000000001
D04,PW-1034,2024-12-09,434.0,1726.29
D04,PW-1034,2024-12-16,378.0,1433.8700000000001
D04,PW-1034,2024-12-23,555.0,2156.95
D04,PW-1034,2024-12-30,487.0,2011.8000000000002
D04,PW-1034,2025-01-06,591.0,2337.49
D04,PW-1034,2025-01-13,575.0,2285.39
D04,PW-1034,2025-01-20,487.0,1952.04
D04,PW-1034,2025-01-27,651.0,2671.46
D04,PW-1034,2025-02-03,584.0,2228.5099999999998
D04,PW-1034,2025-02-10,517.0,1949.54
D04,PW-1034,2025-02-17,551.0,2231.92
D04,PW-1034,2025-02-24,646.0,2536.08
D04,PW-1034,2025-03-03,565.0,2258.2799999999997
D04,PW-1034,2025-03-10,484.0,1852.3300000000002
D04,PW-1034,2025-03-17,453.0,1774.55
D04,PW-1034,2025-03-24,525.0,2013.42
D04,PW-1034,2025-03-31,499.0,1977.44
D04,PW-1034,2025-04-07,575.0,2250.09
D04,PW-1034,2025-04-14,522.0,2108.11
D04,PW-1034,2025-04-21,537.0,2083.41
D04,PW-1034,2025-04-28,688.0,2798.36
D04,PW-1034,2025-05-05,740.0,2767.88
D04,PW-1034,2025-05-12,517.0,1967.77
D04,PW-1034,2025-05-19,554.0,2061.33
D04,PW-1034,2025-05-26,567.0,2311.5299999999997
D04,PW-1034,2025-06-02,617.0,2316.37
D04,PW-1034,2025-06-09,621.0,2421.03
D04,PW-1034,2025-06-16,547.0,2217.61
D04,PW-1034,2025-06-23,638.0,2640.68
D04,PW-1034,2025-06-30,551.0,2209.64
D04,PW-1034,2025-07-07,557.0,2311.44
D04,PW-1034,2025-07-14,512.0,1967.23
D04,PW-1034,2025-07-21,683.0,2720.7999999999997
D04,PW-1034,2025-07-28,667.0,2654.22
D04,PW-1034,2025-08-04,610.0,2488.22
D04,PW-1034,2025-08-11,635.0,2623.75
D04,PW-1034,2025-08-18,675.0,2785.12
D04,PW-1034,2025-08-25,635.0,2376.0
D04,PW-1034,2025-09-01,628.0,2400.64
D04,PW-1034,2025-09-08,524.0,2085.72
D04,PW-1034,2025-09-15,442.0,1767.67
D04,PW-1034,2025-09-22,488.0,1985.6399999999999
D04,PW-1034,2025-09-29,758.0,3110.8
D04,PW-1034,2025-10-06,522.0,2026.73
D04,PW-1034,2025-10-13,683.0,2652.8100000000004
D04,PW-1034,2025-10-20,579.0,2298.9700000000003
D04,PW-1034,2025-10-27,529.0,2145.54
D04,PW-1034,2025-11-03,462.0,1860.71
D04,PW-1034,2025-11-10,474.0,1856.16
D04,PW-1034,2025-11-17,515.0,2131.93
D04,PW-1034,2025-11-24,514.0,2128.17
D04,PW-1034,2025-12-01,569.0,2198.95
D04,PW-1034,2025-12-08,474.0,1764.39
D04,PW-1034,2025-12-15,478.0,1897.65
D04,PW-1034,2025-12-22,601.0,2274.41
D04,PW-1034,2025-12-29,705.0,2812.26
D04,PW-1034,2026-01-05,540.0,2030.6
D04,PW-1034,2026-01-12,574.0,2341.26
D04,PW-1034,2026-01-19,530.0,2042.3500000000001
D04,PW-1034,2026-01-26,541.0,2203.88
D04,PW-1034,2026-02-02,534.0,2207.14
D04,PW-1034,2026-02-09,529.0,2028.09
D04,PW-1034,2026-02-16,612.0,2523.64
D04,PW-1034,2026-02-23,624.0,2585.77
D04,PW-1034,2026-03-02,555.0,2199.2000000000003
D04,PW-1034,2026-03-09,534.0,2029.92
D04,PW-1034,2026-03-16,548.0,2231.9
D04,PW-1034,2026-03-23,656.0,2552.08
D04,PW-1034,2026-03-30,533.0,2084.57
D04,PW-1034,2026-04-06,522.0,2052.04
D04,PW-1034,2026-04-13,640.0,2494.33
D04,PW-1034,2026-04-20,613.0,2342.62
D04,PW-1034,2026-04-27,611.0,2482.9
D04,PW-1034,2026-05-04,712.0,2679.24
D04,PW-1034,2026-05-11,627.0,2493.21
D04,PW-1034,2026-05-18,576.0,2196.8
D04,PW-1034,2026-05-25,655.0,2543.85
D04,PW-1034,2026-06-01,581.0,2400.19
D04,PW-1034,2026-06-08,733.0,2899.39
D04,PW-1034,2026-06-15,644.0,2468.8
D04,PW-1034,2026-06-22,550.0,2283.93
D04,PW-1035,2024-01-01,1095.0,2067.89
D04,PW-1035,2024-01-08,833.0,1550.38
D04,PW-1035,2024-01-15,890.0,1692.06
D04,PW-1035,2024-01-22,992.0,1724.5500000000002
D04,PW-1035,2024-01-29,844.0,1596.71
D04,PW-1035,2024-02-05,829.0,1435.95
D04,PW-1035,2024-02-12,1251.0,2349.93
D04,PW-1035,2024-02-19,1038.0,1943.23
D04,PW-1035,2024-02-26,1159.0,2076.48
D04,PW-1035,2024-03-04,1090.0,2054.3
D04,PW-1035,2024-03-11,971.0,1823.56
D04,PW-1035,2024-03-18,913.0,1702.13
D04,PW-1035,2024-03-25,929.0,1612.49
D04,PW-1035,2024-04-01,916.0,1652.9199999999998
D04,PW-1035,2024-04-08,926.0,1617.26
D04,PW-1035,2024-04-15,928.0,1768.26
D04,PW-1035,2024-04-22,1183.0,2177.37
D04,PW-1035,2024-04-29,919.0,1645.76
D04,PW-1035,2024-05-06,1318.0,2357.84
D04,PW-1035,2024-05-13,1205.0,2171.99
D04,PW-1035,2024-05-20,1197.0,2274.01
D04,PW-1035,2024-05-27,1127.0,2065.94
D04,PW-1035,2024-06-03,1161.0,2138.2799999999997
D04,PW-1035,2024-06-10,1026.0,1953.81
D04,PW-1035,2024-06-17,965.0,1765.17
D04,PW-1035,2024-06-24,1025.0,1925.01
D04,PW-1035,2024-07-01,899.0,1708.1999999999998
D04,PW-1035,2024-07-08,1170.0,2250.82
D04,PW-1035,2024-07-15,938.0,1636.1100000000001
D04,PW-1035,2024-07-22,1197.0,2110.69
D04,PW-1035,2024-07-29,1196.0,2204.59
D04,PW-1035,2024-08-05,1117.0,2031.24
D04,PW-1035,2024-08-12,990.0,1845.67
D04,PW-1035,2024-08-19,934.0,1622.44
D04,PW-1035,2024-08-26,944.0,1644.1399999999999
D04,PW-1035,2024-09-02,910.0,1743.07
D04,PW-1035,2024-09-09,1035.0,1834.65
D04,PW-1035,2024-09-16,1012.0,1772.63
D04,PW-1035,2024-09-23,1359.0,2497.12
D04,PW-1035,2024-09-30,1339.0,2559.9900000000002
D04,PW-1035,2024-10-07,1264.0,2262.74
D04,PW-1035,2024-10-14,969.0,1718.5900000000001
D04,PW-1035,2024-10-21,803.0,1421.17
D04,PW-1035,2024-10-28,1015.0,1894.55
D04,PW-1035,2024-11-04,947.0,1767.9899999999998
D04,PW-1035,2024-11-11,985.0,1813.6999999999998
D04,PW-1035,2024-11-18,1042.0,1936.5
D04,PW-1035,2024-11-25,1084.0,2043.0
D04,PW-1035,2024-12-02,747.0,1438.3200000000002
D04,PW-1035,2024-12-09,1186.0,2188.89
D04,PW-1035,2024-12-16,1130.0,2083.0699999999997
D04,PW-1035,2024-12-23,901.0,1634.8
D04,PW-1035,2024-12-30,1128.0,2047.58
D04,PW-1035,2025-01-06,956.0,1705.63
D04,PW-1035,2025-01-13,1005.0,1914.6399999999999
D04,PW-1035,2025-01-20,986.0,1736.52
D04,PW-1035,2025-01-27,913.0,1714.98
D04,PW-1035,2025-02-03,851.0,1593.36
D04,PW-1035,2025-02-10,1564.0,3012.95
D04,PW-1035,2025-02-17,1153.0,2125.8500000000004
D04,PW-1035,2025-02-24,1083.0,2049.7400000000002
D04,PW-1035,2025-03-03,1408.0,2479.76
D04,PW-1035,2025-03-10,843.0,1483.23
D04,PW-1035,2025-03-17,1058.0,1939.57
D04,PW-1035,2025-03-24,1012.0,1818.08
D04,PW-1035,2025-03-31,1042.0,1902.4
D04,PW-1035,2025-04-07,1139.0,1987.79
D04,PW-1035,2025-04-14,1072.0,1871.61
D04,PW-1035,2025-04-21,884.0,1606.33
D04,PW-1035,2025-04-28,1000.0,1908.71
D04,PW-1035,2025-05-05,1022.0,1806.8400000000001
D04,PW-1035,2025-05-12,1104.0,1920.39
D04,PW-1035,2025-05-19,1029.0,1973.48
D04,PW-1035,2025-05-26,1160.0,2161.6
D04,PW-1035,2025-06-02,1170.0,2096.81
D04,PW-1035,2025-06-09,867.0,1577.98
D04,PW-1035,2025-06-16,1021.0,1816.74
D04,PW-1035,2025-06-23,1239.0,2307.38
D04,PW-1035,2025-06-30,1179.0,2250.73
D04,PW-1035,2025-07-07,919.0,1729.29
D04,PW-1035,2025-07-14,1346.0,2419.87
D04,PW-1035,2025-07-21,1301.0,2403.36
D04,PW-1035,2025-07-28,1677.0,3052.21
D04,PW-1035,2025-08-04,1532.0,2892.04
D04,PW-1035,2025-08-11,1028.0,1931.9900000000002
D04,PW-1035,2025-08-18,1138.0,2091.53
D04,PW-1035,2025-08-25,1157.0,2086.52
D04,PW-1035,2025-09-01,1384.0,2638.92
D04,PW-1035,2025-09-08,1086.0,1927.84
D04,PW-1035,2025-09-15,1376.0,2449.47
D04,PW-1035,2025-09-22,1164.0,2158.53
D04,PW-1035,2025-09-29,982.0,1866.99
D04,PW-1035,2025-10-06,921.0,1649.64
D04,PW-1035,2025-10-13,1271.0,2317.15
D04,PW-1035,2025-10-20,1254.0,2421.78
D04,PW-1035,2025-10-27,1271.0,2341.48
D04,PW-1035,2025-11-03,729.0,1311.73
D04,PW-1035,2025-11-10,1049.0,1960.97
D04,PW-1035,2025-11-17,1287.0,2368.03
D04,PW-1035,2025-11-24,859.0,1598.45
D04,PW-1035,2025-12-01,1159.0,2107.84
D04,PW-1035,2025-12-08,981.0,1766.49
D04,PW-1035,2025-12-15,927.0,1622.21
D04,PW-1035,2025-12-22,961.0,1746.66
D04,PW-1035,2025-12-29,1365.0,2519.76
D04,PW-1035,2026-01-05,1239.0,2353.31
D04,PW-1035,2026-01-12,1072.0,1993.3899999999999
D04,PW-1035,2026-01-19,1529.0,2932.0
D04,PW-1035,2026-01-26,848.0,1484.8200000000002
D04,PW-1035,2026-02-02,1017.0,1781.92
D04,PW-1035,2026-02-09,1438.0,2543.43
D04,PW-1035,2026-02-16,1113.0,2071.9
D04,PW-1035,2026-02-23,1121.0,2017.52
D04,PW-1035,2026-03-02,1148.0,2156.44
D04,PW-1035,2026-03-09,1104.0,1946.15
D04,PW-1035,2026-03-16,1374.0,2500.1099999999997
D04,PW-1035,2026-03-23,1068.0,1904.14
D04,PW-1035,2026-03-30,1829.0,3500.59
D04,PW-1035,2026-04-06,998.0,1743.98
D04,PW-1035,2026-04-13,1606.0,3093.6600000000003
D04,PW-1035,2026-04-20,1423.0,2519.89
D04,PW-1035,2026-04-27,1144.0,2142.85
D04,PW-1035,2026-05-04,1326.0,2541.18
D04,PW-1035,2026-05-11,1458.0,2668.96
D04,PW-1035,2026-05-18,1418.0,2552.54
D04,PW-1035,2026-05-25,975.0,1687.3400000000001
D04,PW-1035,2026-06-01,1378.0,2503.74
D04,PW-1035,2026-06-08,1058.0,1945.8400000000001
D04,PW-1035,2026-06-15,1527.0,2908.15
D04,PW-1035,2026-06-22,1531.0,2714.29
D04,SC-1015,2024-01-01,576.0,5779.01
D04,SC-1015,2024-01-08,594.0,6099.41
D04,SC-1015,2024-01-15,395.0,4095.3700000000003
D04,SC-1015,2024-01-22,522.0,5293.29
D04,SC-1015,2024-01-29,462.0,4447.17
D04,SC-1015,2024-02-05,342.0,3469.3999999999996
D04,SC-1015,2024-02-12,498.0,4780.57
D04,SC-1015,2024-02-19,419.0,4393.63
D04,SC-1015,2024-02-26,473.0,4668.6
D04,SC-1015,2024-03-04,404.0,4156.31
D04,SC-1015,2024-03-11,591.0,6166.27
D04,SC-1015,2024-03-18,431.0,4239.91
D04,SC-1015,2024-03-25,447.0,4725.37
D04,SC-1015,2024-04-01,600.0,6330.19
D04,SC-1015,2024-04-08,533.0,5669.88
D04,SC-1015,2024-04-15,678.0,7023.639999999999
D04,SC-1015,2024-04-22,598.0,6400.5
D04,SC-1015,2024-04-29,624.0,6510.48
D04,SC-1015,2024-05-06,456.0,4742.549999999999
D04,SC-1015,2024-05-13,567.0,5489.35
D04,SC-1015,2024-05-20,713.0,7135.639999999999
D04,SC-1015,2024-05-27,464.0,4524.95
D04,SC-1015,2024-06-03,550.0,5294.71
D04,SC-1015,2024-06-10,543.0,5802.36
D04,SC-1015,2024-06-17,576.0,5862.51
D04,SC-1015,2024-06-24,621.0,6487.28
D04,SC-1015,2024-07-01,566.0,5922.78
D04,SC-1015,2024-07-08,751.0,7321.31
D04,SC-1015,2024-07-15,389.0,3844.8100000000004
D04,SC-1015,2024-07-22,369.0,3784.6000000000004
D04,SC-1015,2024-07-29,531.0,5600.5199999999995
D04,SC-1015,2024-08-05,665.0,6821.84
D04,SC-1015,2024-08-12,534.0,5258.24
D04,SC-1015,2024-08-19,511.0,5379.2
D04,SC-1015,2024-08-26,407.0,3968.47
D04,SC-1015,2024-09-02,514.0,5473.8
D04,SC-1015,2024-09-09,494.0,5142.47
D04,SC-1015,2024-09-16,518.0,5434.540000000001
D04,SC-1015,2024-09-23,517.0,5389.52
D04,SC-1015,2024-09-30,582.0,5779.57
D04,SC-1015,2024-10-07,489.0,4943.97
D04,SC-1015,2024-10-14,457.0,4656.98
D04,SC-1015,2024-10-21,518.0,5335.959999999999
D04,SC-1015,2024-10-28,513.0,5342.21
D04,SC-1015,2024-11-04,427.0,4429.03
D04,SC-1015,2024-11-11,542.0,5468.4
D04,SC-1015,2024-11-18,423.0,4281.5199999999995
D04,SC-1015,2024-11-25,565.0,5923.1
D04,SC-1015,2024-12-02,474.0,4796.99
D04,SC-1015,2024-12-09,433.0,4462.96
D04,SC-1015,2024-12-16,782.0,8046.179999999999
D04,SC-1015,2024-12-23,527.0,5295.06
D04,SC-1015,2024-12-30,612.0,5917.74
D04,SC-1015,2025-01-06,520.0,5177.06
D04,SC-1015,2025-01-13,646.0,6793.06
D04,SC-1015,2025-01-20,598.0,6072.36
D04,SC-1015,2025-01-27,520.0,5404.56
D04,SC-1015,2025-02-03,634.0,6719.42
D04,SC-1015,2025-02-10,662.0,6643.92
D04,SC-1015,2025-02-17,527.0,5546.39
D04,SC-1015,2025-02-24,567.0,5683.639999999999
D04,SC-1015,2025-03-03,787.0,8049.25
D04,SC-1015,2025-03-10,601.0,5950.210000000001
D04,SC-1015,2025-03-17,698.0,7004.06
D04,SC-1015,2025-03-24,677.0,7243.11
D04,SC-1015,2025-03-31,713.0,7360.73
D04,SC-1015,2025-04-07,711.0,7523.42
D04,SC-1015,2025-04-14,411.0,4018.87
D04,SC-1015,2025-04-21,578.0,5684.52
D04,SC-1015,2025-04-28,604.0,6333.74
D04,SC-1015,2025-05-05,666.0,6462.77
D04,SC-1015,2025-05-12,563.0,5429.12
D04,SC-1015,2025-05-19,636.0,6793.73
D04,SC-1015,2025-05-26,539.0,5355.0
D04,SC-1015,2025-06-02,483.0,4662.65
D04,SC-1015,2025-06-09,981.0,9995.54
D04,SC-1015,2025-06-16,617.0,6333.84
D04,SC-1015,2025-06-23,797.0,7959.85
D04,SC-1015,2025-06-30,754.0,7839.67
D04,SC-1015,2025-07-07,470.0,4627.01
D04,SC-1015,2025-07-14,622.0,6354.99
D04,SC-1015,2025-07-21,427.0,4384.89
D04,SC-1015,2025-07-28,476.0,4710.2699999999995
D04,SC-1015,2025-08-04,520.0,5360.78
D04,SC-1015,2025-08-11,470.0,4587.76
D04,SC-1015,2025-08-18,450.0,4711.11
D04,SC-1015,2025-08-25,338.0,3369.69
D04,SC-1015,2025-09-01,500.0,5347.59
D04,SC-1015,2025-09-08,502.0,5064.639999999999
D04,SC-1015,2025-09-15,400.0,4259.68
D04,SC-1015,2025-09-22,487.0,4813.12
D04,SC-1015,2025-09-29,432.0,4313.46
D04,SC-1015,2025-10-06,483.0,4997.66
D04,SC-1015,2025-10-13,452.0,4520.54
D04,SC-1015,2025-10-20,379.0,3994.56
D04,SC-1015,2025-10-27,534.0,5427.2
D04,SC-1015,2025-11-03,336.0,3512.68
D04,SC-1015,2025-11-10,241.0,2369.71
D04,SC-1015,2025-11-17,253.0,2473.52
D04,SC-1015,2025-11-24,396.0,4206.98
D04,SC-1015,2025-12-01,261.0,2515.35
D04,SC-1015,2025-12-08,331.0,3335.54
D04,SC-1015,2025-12-15,427.0,4131.52
D04,SC-1015,2025-12-22,246.0,2478.05
D04,SC-1015,2025-12-29,344.0,3375.77
D04,SC-1015,2026-01-05,351.0,3730.4399999999996
D04,SC-1015,2026-01-12,281.0,2795.65
D04,SC-1015,2026-01-19,367.0,3847.6
D04,SC-1015,2026-01-26,343.0,3431.34
D04,SC-1015,2026-02-02,386.0,3937.51
D04,SC-1015,2026-02-09,350.0,3681.19
D04,SC-1015,2026-02-16,327.0,3260.08
D04,SC-1015,2026-02-23,372.0,3647.62
D04,SC-1015,2026-03-02,427.0,4476.34
D04,SC-1015,2026-03-09,434.0,4644.61
D04,SC-1015,2026-03-16,386.0,4122.28
D04,SC-1015,2026-03-23,399.0,4216.26
D04,SC-1015,2026-03-30,320.0,3156.78
D04,SC-1015,2026-04-06,339.0,3605.94
D04,SC-1015,2026-04-13,377.0,3865.68
D04,SC-1015,2026-04-20,368.0,3542.52
D04,SC-1015,2026-04-27,391.0,4071.3900000000003
D04,SC-1015,2026-05-04,445.0,4640.71
D04,SC-1015,2026-05-11,354.0,3646.54
D04,SC-1015,2026-05-18,290.0,2947.89
D04,SC-1015,2026-05-25,317.0,3185.81
D04,SC-1015,2026-06-01,375.0,3629.3
D04,SC-1015,2026-06-08,344.0,3325.0
D04,SC-1015,2026-06-15,302.0,2916.16
D04,SC-1015,2026-06-22,360.0,3728.36
D04,SC-1016,2024-01-01,948.0,22591.120000000003
D04,SC-1016,2024-01-08,701.0,15584.21
D04,SC-1016,2024-01-15,606.0,14370.68
D04,SC-1016,2024-01-22,665.0,15306.310000000001
D04,SC-1016,2024-01-29,571.0,13234.67
D04,SC-1016,2024-02-05,794.0,18700.19
D04,SC-1016,2024-02-12,732.0,16270.66
D04,SC-1016,2024-02-19,638.0,15358.25
D04,SC-1016,2024-02-26,725.0,16663.7
D04,SC-1016,2024-03-04,841.0,19457.7
D04,SC-1016,2024-03-11,773.0,17804.73
D04,SC-1016,2024-03-18,701.0,15258.720000000001
D04,SC-1016,2024-03-25,918.0,20806.6
D04,SC-1016,2024-04-01,840.0,19291.02
D04,SC-1016,2024-04-08,720.0,16842.58
D04,SC-1016,2024-04-15,820.0,18343.48
D04,SC-1016,2024-04-22,602.0,14339.9
D04,SC-1016,2024-04-29,868.0,19291.6
D04,SC-1016,2024-05-06,1281.0,27945.86
D04,SC-1016,2024-05-13,1001.0,23504.22
D04,SC-1016,2024-05-20,834.0,18547.53
D04,SC-1016,2024-05-27,894.0,20513.27
D04,SC-1016,2024-06-03,939.0,20938.09
D04,SC-1016,2024-06-10,952.0,21365.489999999998
D04,SC-1016,2024-06-17,857.0,20045.07
D04,SC-1016,2024-06-24,630.0,14948.689999999999
D04,SC-1016,2024-07-01,829.0,19590.18
D04,SC-1016,2024-07-08,799.0,17758.85
D04,SC-1016,2024-07-15,860.0,20324.87
D04,SC-1016,2024-07-22,778.0,18197.33
D04,SC-1016,2024-07-29,951.0,22075.870000000003
D04,SC-1016,2024-08-05,1173.0,25476.14
D04,SC-1016,2024-08-12,997.0,24092.29
D04,SC-1016,2024-08-19,848.0,18723.71
D04,SC-1016,2024-08-26,1070.0,23347.52
D04,SC-1016,2024-09-02,976.0,23133.04
D04,SC-1016,2024-09-09,940.0,20869.39
D04,SC-1016,2024-09-16,768.0,16723.01
D04,SC-1016,2024-09-23,814.0,18615.78
D04,SC-1016,2024-09-30,903.0,21011.65
D04,SC-1016,2024-10-07,1136.0,26922.77
D04,SC-1016,2024-10-14,1015.0,23976.530000000002
D04,SC-1016,2024-10-21,890.0,20479.9
D04,SC-1016,2024-10-28,831.0,18812.64
D04,SC-1016,2024-11-04,907.0,20305.2
D04,SC-1016,2024-11-11,875.0,20874.83
D04,SC-1016,2024-11-18,1015.0,23736.85
D04,SC-1016,2024-11-25,685.0,15077.29
D04,SC-1016,2024-12-02,812.0,19608.83
D04,SC-1016,2024-12-09,908.0,20240.92
D04,SC-1016,2024-12-16,1007.0,22856.8
D04,SC-1016,2024-12-23,1096.0,24757.12
D04,SC-1016,2024-12-30,661.0,15354.0
D04,SC-1016,2025-01-06,745.0,16281.52
D04,SC-1016,2025-01-13,828.0,19513.29
D04,SC-1016,2025-01-20,701.0,16762.8
D04,SC-1016,2025-01-27,1096.0,26025.84
D04,SC-1016,2025-02-03,880.0,20172.32
D04,SC-1016,2025-02-10,1042.0,23060.589999999997
D04,SC-1016,2025-02-17,862.0,18827.02
D04,SC-1016,2025-02-24,953.0,21456.28
D04,SC-1016,2025-03-03,740.0,16289.759999999998
D04,SC-1016,2025-03-10,784.0,17846.67
D04,SC-1016,2025-03-17,797.0,19137.87
D04,SC-1016,2025-03-24,729.0,17287.81
D04,SC-1016,2025-03-31,1113.0,25328.63
D04,SC-1016,2025-04-07,964.0,21463.239999999998
D04,SC-1016,2025-04-14,1144.0,27169.24
D04,SC-1016,2025-04-21,970.0,22646.21
D04,SC-1016,2025-04-28,1180.0,27916.93
D04,SC-1016,2025-05-05,1160.0,27849.11
D04,SC-1016,2025-05-12,995.0,23243.61
D04,SC-1016,2025-05-19,1051.0,23108.559999999998
D04,SC-1016,2025-05-26,1081.0,24584.97
D04,SC-1016,2025-06-02,1218.0,29398.19
D04,SC-1016,2025-06-09,1029.0,23480.95
D04,SC-1016,2025-06-16,1094.0,24096.23
D04,SC-1016,2025-06-23,832.0,19080.71
D04,SC-1016,2025-06-30,910.0,21171.67
D04,SC-1016,2025-07-07,707.0,16534.489999999998
D04,SC-1016,2025-07-14,842.0,20041.87
D04,SC-1016,2025-07-21,693.0,15390.24
D04,SC-1016,2025-07-28,772.0,18409.48
D04,SC-1016,2025-08-04,730.0,16006.96
D04,SC-1016,2025-08-11,738.0,16098.62
D04,SC-1016,2025-08-18,826.0,19716.23
D04,SC-1016,2025-08-25,732.0,16631.72
D04,SC-1016,2025-09-01,676.0,15398.1
D04,SC-1016,2025-09-08,733.0,17101.7
D04,SC-1016,2025-09-15,864.0,20624.0
D04,SC-1016,2025-09-22,672.0,15316.08
D04,SC-1016,2025-09-29,541.0,13021.28
D04,SC-1016,2025-10-06,524.0,12168.31
D04,SC-1016,2025-10-13,603.0,13986.869999999999
D04,SC-1016,2025-10-20,521.0,11499.509999999998
D04,SC-1016,2025-10-27,426.0,9565.21
D04,SC-1016,2025-11-03,575.0,13370.38
D04,SC-1016,2025-11-10,628.0,14343.399999999998
D04,SC-1016,2025-11-17,721.0,17175.39
D04,SC-1016,2025-11-24,577.0,13639.21
D04,SC-1016,2025-12-01,600.0,13816.41
D04,SC-1016,2025-12-08,614.0,14242.52
D04,SC-1016,2025-12-15,571.0,13737.92
D04,SC-1016,2025-12-22,507.0,11470.58
D04,SC-1016,2025-12-29,772.0,18058.95
D04,SC-1016,2026-01-05,478.0,10785.14
D04,SC-1016,2026-01-12,589.0,13692.21
D04,SC-1016,2026-01-19,491.0,11844.99
D04,SC-1016,2026-01-26,560.0,13189.36
D04,SC-1016,2026-02-02,585.0,13218.64
D04,SC-1016,2026-02-09,534.0,11937.039999999999
D04,SC-1016,2026-02-16,459.0,10529.98
D04,SC-1016,2026-02-23,523.0,11674.86
D04,SC-1016,2026-03-02,652.0,14845.289999999999
D04,SC-1016,2026-03-09,440.0,10603.91
D04,SC-1016,2026-03-16,704.0,15558.24
D04,SC-1016,2026-03-23,559.0,12680.29
D04,SC-1016,2026-03-30,613.0,14008.02
D04,SC-1016,2026-04-06,470.0,10203.699999999999
D04,SC-1016,2026-04-13,537.0,12005.03
D04,SC-1016,2026-04-20,501.0,11612.51
D04,SC-1016,2026-04-27,582.0,12691.01
D04,SC-1016,2026-05-04,476.0,10626.48
D04,SC-1016,2026-05-11,513.0,12060.189999999999
D04,SC-1016,2026-05-18,770.0,16870.14
D04,SC-1016,2026-05-25,624.0,14326.27
D04,SC-1016,2026-06-01,601.0,13125.86
D04,SC-1016,2026-06-08,599.0,12990.46
D04,SC-1016,2026-06-15,706.0,15482.51
D04,SC-1016,2026-06-22,556.0,13211.3
D04,SC-1017,2024-01-01,149.0,2126.5299999999997
D04,SC-1017,2024-01-08,173.0,2300.38
D04,SC-1017,2024-01-15,211.0,2999.3199999999997
D04,SC-1017,2024-01-22,187.0,2700.16
D04,SC-1017,2024-01-29,146.0,2005.93
D04,SC-1017,2024-02-05,167.0,2341.48
D04,SC-1017,2024-02-12,162.0,2341.96
D04,SC-1017,2024-02-19,206.0,2758.85
D04,SC-1017,2024-02-26,156.0,2113.66
D04,SC-1017,2024-03-04,191.0,2766.81
D04,SC-1017,2024-03-11,179.0,2372.91
D04,SC-1017,2024-03-18,170.0,2433.48
D04,SC-1017,2024-03-25,199.0,2826.56
D04,SC-1017,2024-04-01,189.0,2539.91
D04,SC-1017,2024-04-08,221.0,3168.73
D04,SC-1017,2024-04-15,186.0,2718.6099999999997
D04,SC-1017,2024-04-22,170.0,2465.4700000000003
D04,SC-1017,2024-04-29,198.0,2811.19
D04,SC-1017,2024-05-06,215.0,3026.8399999999997
D04,SC-1017,2024-05-13,228.0,3151.59
D04,SC-1017,2024-05-20,204.0,2854.4
D04,SC-1017,2024-05-27,240.0,3324.01
D04,SC-1017,2024-06-03,174.0,2349.2400000000002
D04,SC-1017,2024-06-10,247.0,3307.27
D04,SC-1017,2024-06-17,233.0,3167.04
D04,SC-1017,2024-06-24,201.0,2814.7799999999997
D04,SC-1017,2024-07-01,251.0,3438.08
D04,SC-1017,2024-07-08,225.0,3095.75
D04,SC-1017,2024-07-15,260.0,3512.34
D04,SC-1017,2024-07-22,190.0,2613.94
D04,SC-1017,2024-07-29,193.0,2552.95
D04,SC-1017,2024-08-05,231.0,3052.7200000000003
D04,SC-1017,2024-08-12,214.0,2899.1099999999997
D04,SC-1017,2024-08-19,170.0,2236.7
D04,SC-1017,2024-08-26,277.0,3744.59
D04,SC-1017,2024-09-02,271.0,3805.74
D04,SC-1017,2024-09-09,213.0,3002.88
D04,SC-1017,2024-09-16,185.0,2682.45
D04,SC-1017,2024-09-23,185.0,2658.24
D04,SC-1017,2024-09-30,215.0,2922.6800000000003
D04,SC-1017,2024-10-07,251.0,3474.04
D04,SC-1017,2024-10-14,299.0,4144.91
D04,SC-1017,2024-10-21,191.0,2535.16
D04,SC-1017,2024-10-28,189.0,2620.94
D04,SC-1017,2024-11-04,194.0,2797.08
D04,SC-1017,2024-11-11,211.0,3027.91
D04,SC-1017,2024-11-18,174.0,2316.71
D04,SC-1017,2024-11-25,162.0,2322.6400000000003
D04,SC-1017,2024-12-02,192.0,2695.91
D04,SC-1017,2024-12-09,208.0,2759.42
D04,SC-1017,2024-12-16,258.0,3632.87
D04,SC-1017,2024-12-23,171.0,2271.95
D04,SC-1017,2024-12-30,239.0,3291.51
D04,SC-1017,2025-01-06,201.0,2814.26
D04,SC-1017,2025-01-13,198.0,2709.49
D04,SC-1017,2025-01-20,164.0,2389.2
D04,SC-1017,2025-01-27,222.0,3157.3900000000003
D04,SC-1017,2025-02-03,221.0,2903.69
D04,SC-1017,2025-02-10,301.0,4026.29
D04,SC-1017,2025-02-17,209.0,2914.33
D04,SC-1017,2025-02-24,278.0,4037.14
D04,SC-1017,2025-03-03,213.0,2992.92
D04,SC-1017,2025-03-10,214.0,2991.6
D04,SC-1017,2025-03-17,178.0,2575.4
D04,SC-1017,2025-03-24,275.0,3642.8
D04,SC-1017,2025-03-31,239.0,3349.6
D04,SC-1017,2025-04-07,237.0,3349.3
D04,SC-1017,2025-04-14,230.0,3339.38
D04,SC-1017,2025-04-21,251.0,3307.33
D04,SC-1017,2025-04-28,220.0,2995.6600000000003
D04,SC-1017,2025-05-05,264.0,3612.8
D04,SC-1017,2025-05-12,215.0,2955.89
D04,SC-1017,2025-05-19,245.0,3301.09
D04,SC-1017,2025-05-26,271.0,3841.0
D04,SC-1017,2025-06-02,312.0,4129.46
D04,SC-1017,2025-06-09,262.0,3763.7000000000003
D04,SC-1017,2025-06-16,309.0,4261.530000000001
D04,SC-1017,2025-06-23,254.0,3697.22
D04,SC-1017,2025-06-30,222.0,3089.62
D04,SC-1017,2025-07-07,265.0,3566.81
D04,SC-1017,2025-07-14,188.0,2727.19
D04,SC-1017,2025-07-21,218.0,2925.09
D04,SC-1017,2025-07-28,170.0,2383.18
D04,SC-1017,2025-08-04,199.0,2843.11
D04,SC-1017,2025-08-11,191.0,2618.45
D04,SC-1017,2025-08-18,178.0,2355.44
D04,SC-1017,2025-08-25,238.0,3214.45
D04,SC-1017,2025-09-01,184.0,2664.66
D04,SC-1017,2025-09-08,160.0,2313.4
D04,SC-1017,2025-09-15,211.0,2846.31
D04,SC-1017,2025-09-22,125.0,1639.5300000000002
D04,SC-1017,2025-09-29,129.0,1712.36
D04,SC-1017,2025-10-06,181.0,2495.4
D04,SC-1017,2025-10-13,161.0,2350.15
D04,SC-1017,2025-10-20,141.0,2025.92
D04,SC-1017,2025-10-27,160.0,2215.5
D04,SC-1017,2025-11-03,175.0,2532.59
D04,SC-1017,2025-11-10,125.0,1683.26
D04,SC-1017,2025-11-17,143.0,1982.65
D04,SC-1017,2025-11-24,144.0,2079.68
D04,SC-1017,2025-12-01,149.0,2079.86
D04,SC-1017,2025-12-08,155.0,2170.34
D04,SC-1017,2025-12-15,104.0,1513.0
D04,SC-1017,2025-12-22,150.0,1990.12
D04,SC-1017,2025-12-29,104.0,1437.06
D04,SC-1017,2026-01-05,137.0,1961.44
D04,SC-1017,2026-01-12,74.0,970.4000000000001
D04,SC-1017,2026-01-19,141.0,2036.28
D04,SC-1017,2026-01-26,151.0,2063.55
D04,SC-1017,2026-02-02,138.0,1993.91
D04,SC-1017,2026-02-09,124.0,1735.6599999999999
D04,SC-1017,2026-02-16,112.0,1609.0900000000001
D04,SC-1017,2026-02-23,136.0,1812.77
D04,SC-1017,2026-03-02,128.0,1816.62
D04,SC-1017,2026-03-09,144.0,1972.15
D04,SC-1017,2026-03-16,128.0,1748.67
D04,SC-1017,2026-03-23,169.0,2440.35
D04,SC-1017,2026-03-30,137.0,1994.18
D04,SC-1017,2026-04-06,157.0,2218.5
D04,SC-1017,2026-04-13,126.0,1783.04
D04,SC-1017,2026-04-20,153.0,2235.91
D04,SC-1017,2026-04-27,152.0,2002.39
D04,SC-1017,2026-05-04,125.0,1741.1699999999998
D04,SC-1017,2026-05-11,111.0,1564.17
D04,SC-1017,2026-05-18,169.0,2267.98
D04,SC-1017,2026-05-25,132.0,1796.54
D04,SC-1017,2026-06-01,128.0,1707.68
D04,SC-1017,2026-06-08,134.0,1843.5500000000002
D04,SC-1017,2026-06-15,122.0,1618.06
D04,SC-1017,2026-06-22,154.0,2077.09
D04,SC-1018,2024-01-01,107.0,1812.66
D04,SC-1018,2024-01-08,133.0,2142.42
D04,SC-1018,2024-01-15,128.0,2162.7
D04,SC-1018,2024-01-22,99.0,1621.97
D04,SC-1018,2024-01-29,132.0,2334.96
D04,SC-1018,2024-02-05,105.0,1738.9
D04,SC-1018,2024-02-12,157.0,2665.41
D04,SC-1018,2024-02-19,102.0,1699.6599999999999
D04,SC-1018,2024-02-26,128.0,2218.24
D04,SC-1018,2024-03-04,116.0,1900.66
D04,SC-1018,2024-03-11,167.0,2824.43
D04,SC-1018,2024-03-18,109.0,1827.5500000000002
D04,SC-1018,2024-03-25,197.0,3376.08
D04,SC-1018,2024-04-01,133.0,2335.08
D04,SC-1018,2024-04-08,131.0,2186.65
D04,SC-1018,2024-04-15,162.0,2793.85
D04,SC-1018,2024-04-22,145.0,2580.9700000000003
D04,SC-1018,2024-04-29,129.0,2297.03
D04,SC-1018,2024-05-06,132.0,2275.95
D04,SC-1018,2024-05-13,139.0,2400.42
D04,SC-1018,2024-05-20,136.0,2218.79
D04,SC-1018,2024-05-27,171.0,2966.1200000000003
D04,SC-1018,2024-06-03,155.0,2491.87
D04,SC-1018,2024-06-10,164.0,2851.65
D04,SC-1018,2024-06-17,144.0,2359.97
D04,SC-1018,2024-06-24,170.0,2814.31
D04,SC-1018,2024-07-01,139.0,2261.19
D04,SC-1018,2024-07-08,134.0,2316.91
D04,SC-1018,2024-07-15,143.0,2356.51
D04,SC-1018,2024-07-22,190.0,3307.38
D04,SC-1018,2024-07-29,141.0,2378.96
D04,SC-1018,2024-08-05,141.0,2460.2400000000002
D04,SC-1018,2024-08-12,157.0,2636.74
D04,SC-1018,2024-08-19,148.0,2577.65
D04,SC-1018,2024-08-26,128.0,2225.67
D04,SC-1018,2024-09-02,125.0,2239.44
D04,SC-1018,2024-09-09,166.0,2823.33
D04,SC-1018,2024-09-16,124.0,2141.04
D04,SC-1018,2024-09-23,168.0,2814.43
D04,SC-1018,2024-09-30,136.0,2245.11
D04,SC-1018,2024-10-07,102.0,1684.27
D04,SC-1018,2024-10-14,159.0,2671.85
D04,SC-1018,2024-10-21,162.0,2626.21
D04,SC-1018,2024-10-28,156.0,2660.18
D04,SC-1018,2024-11-04,133.0,2333.12
D04,SC-1018,2024-11-11,135.0,2374.77
D04,SC-1018,2024-11-18,133.0,2185.7
D04,SC-1018,2024-11-25,128.0,2217.99
D04,SC-1018,2024-12-02,149.0,2390.1299999999997
D04,SC-1018,2024-12-09,139.0,2382.36
D04,SC-1018,2024-12-16,134.0,2329.34
D04,SC-1018,2024-12-23,130.0,2211.15
D04,SC-1018,2024-12-30,148.0,2639.4
D04,SC-1018,2025-01-06,177.0,2843.37
D04,SC-1018,2025-01-13,150.0,2584.68
D04,SC-1018,2025-01-20,122.0,2123.21
D04,SC-1018,2025-01-27,150.0,2610.84
D04,SC-1018,2025-02-03,164.0,2803.62
D04,SC-1018,2025-02-10,171.0,2986.29
D04,SC-1018,2025-02-17,169.0,2773.03
D04,SC-1018,2025-02-24,161.0,2776.07
D04,SC-1018,2025-03-03,240.0,4119.15
D04,SC-1018,2025-03-10,136.0,2247.27
D04,SC-1018,2025-03-17,205.0,3485.28
D04,SC-1018,2025-03-24,181.0,3104.39
D04,SC-1018,2025-03-31,237.0,4098.7
D04,SC-1018,2025-04-07,137.0,2350.64
D04,SC-1018,2025-04-14,217.0,3776.8499999999995
D04,SC-1018,2025-04-21,222.0,3683.21
D04,SC-1018,2025-04-28,172.0,2778.53
D04,SC-1018,2025-05-05,156.0,2605.52
D04,SC-1018,2025-05-12,246.0,4380.62
D04,SC-1018,2025-05-19,159.0,2675.86
D04,SC-1018,2025-05-26,212.0,3521.05
D04,SC-1018,2025-06-02,227.0,3901.62
D04,SC-1018,2025-06-09,178.0,3015.7799999999997
D04,SC-1018,2025-06-16,178.0,3028.24
D04,SC-1018,2025-06-23,239.0,4218.57
D04,SC-1018,2025-06-30,175.0,3034.3
D04,SC-1018,2025-07-07,128.0,2121.95
D04,SC-1018,2025-07-14,92.0,1637.56
D04,SC-1018,2025-07-21,161.0,2807.84
D04,SC-1018,2025-07-28,127.0,2203.87
D04,SC-1018,2025-08-04,148.0,2410.3199999999997
D04,SC-1018,2025-08-11,127.0,2149.55
D04,SC-1018,2025-08-18,156.0,2645.7200000000003
D04,SC-1018,2025-08-25,155.0,2739.84
D04,SC-1018,2025-09-01,107.0,1807.7199999999998
D04,SC-1018,2025-09-08,114.0,1902.55
D04,SC-1018,2025-09-15,131.0,2162.05
D04,SC-1018,2025-09-22,145.0,2535.77
D04,SC-1018,2025-09-29,118.0,2005.46
D04,SC-1018,2025-10-06,117.0,2064.54
D04,SC-1018,2025-10-13,118.0,2089.31
D04,SC-1018,2025-10-20,97.0,1560.4599999999998
D04,SC-1018,2025-10-27,101.0,1794.27
D04,SC-1018,2025-11-03,104.0,1772.52
D04,SC-1018,2025-11-10,123.0,2118.7799999999997
D04,SC-1018,2025-11-17,136.0,2430.73
D04,SC-1018,2025-11-24,90.0,1515.44
D04,SC-1018,2025-12-01,114.0,1945.58
D04,SC-1018,2025-12-08,104.0,1843.83
D04,SC-1018,2025-12-15,93.0,1549.83
D04,SC-1018,2025-12-22,86.0,1478.33
D04,SC-1018,2025-12-29,103.0,1726.18
D04,SC-1018,2026-01-05,90.0,1603.35
D04,SC-1018,2026-01-12,104.0,1813.11
D04,SC-1018,2026-01-19,84.0,1421.15
D04,SC-1018,2026-01-26,83.0,1472.0700000000002
D04,SC-1018,2026-02-02,115.0,1878.44
D04,SC-1018,2026-02-09,101.0,1769.48
D04,SC-1018,2026-02-16,100.0,1731.22
D04,SC-1018,2026-02-23,91.0,1546.7
D04,SC-1018,2026-03-02,110.0,1947.63
D04,SC-1018,2026-03-09,95.0,1610.35
D04,SC-1018,2026-03-16,110.0,1871.31
D04,SC-1018,2026-03-23,92.0,1544.73
D04,SC-1018,2026-03-30,84.0,1476.85
D04,SC-1018,2026-04-06,88.0,1480.62
D04,SC-1018,2026-04-13,104.0,1793.93
D04,SC-1018,2026-04-20,85.0,1514.94
D04,SC-1018,2026-04-27,130.0,2278.86
D04,SC-1018,2026-05-04,81.0,1304.32
D04,SC-1018,2026-05-11,98.0,1701.92
D04,SC-1018,2026-05-18,120.0,2009.69
D04,SC-1018,2026-05-25,105.0,1754.54
D04,SC-1018,2026-06-01,96.0,1654.92
D04,SC-1018,2026-06-08,120.0,2084.15
D04,SC-1018,2026-06-15,88.0,1505.32
D04,SC-1018,2026-06-22,97.0,1663.42
D04,SC-1019,2024-01-01,342.0,3230.08
D04,SC-1019,2024-01-08,276.0,2577.5600000000004
D04,SC-1019,2024-01-15,244.0,2284.3199999999997
D04,SC-1019,2024-01-22,282.0,2761.52
D04,SC-1019,2024-01-29,369.0,3547.15
D04,SC-1019,2024-02-05,377.0,3810.41
D04,SC-1019,2024-02-12,265.0,2463.09
D04,SC-1019,2024-02-19,267.0,2661.76
D04,SC-1019,2024-02-26,284.0,2763.34
D04,SC-1019,2024-03-04,246.0,2453.62
D04,SC-1019,2024-03-11,304.0,3080.1000000000004
D04,SC-1019,2024-03-18,363.0,3307.15
D04,SC-1019,2024-03-25,218.0,2039.92
D04,SC-1019,2024-04-01,343.0,3376.75
D04,SC-1019,2024-04-08,434.0,4164.43
D04,SC-1019,2024-04-15,407.0,3917.9
D04,SC-1019,2024-04-22,381.0,3491.46
D04,SC-1019,2024-04-29,369.0,3500.54
D04,SC-1019,2024-05-06,434.0,4134.15
D04,SC-1019,2024-05-13,398.0,3669.44
D04,SC-1019,2024-05-20,357.0,3543.2200000000003
D04,SC-1019,2024-05-27,431.0,3931.38
D04,SC-1019,2024-06-03,307.0,3094.5
D04,SC-1019,2024-06-10,426.0,4312.68
D04,SC-1019,2024-06-17,412.0,4065.0800000000004
D04,SC-1019,2024-06-24,391.0,3725.59
D04,SC-1019,2024-07-01,386.0,3759.21
D04,SC-1019,2024-07-08,489.0,4846.14
D04,SC-1019,2024-07-15,447.0,4311.97
D04,SC-1019,2024-07-22,466.0,4274.0
D04,SC-1019,2024-07-29,407.0,3719.3199999999997
D04,SC-1019,2024-08-05,447.0,4486.32
D04,SC-1019,2024-08-12,401.0,3681.92
D04,SC-1019,2024-08-19,365.0,3608.6
D04,SC-1019,2024-08-26,418.0,3953.27
D04,SC-1019,2024-09-02,355.0,3392.06
D04,SC-1019,2024-09-09,438.0,4102.85
D04,SC-1019,2024-09-16,304.0,2929.89
D04,SC-1019,2024-09-23,349.0,3207.66
D04,SC-1019,2024-09-30,325.0,3224.16
D04,SC-1019,2024-10-07,508.0,4854.95
D04,SC-1019,2024-10-14,323.0,3089.41
D04,SC-1019,2024-10-21,352.0,3416.17
D04,SC-1019,2024-10-28,259.0,2525.76
D04,SC-1019,2024-11-04,456.0,4214.2699999999995
D04,SC-1019,2024-11-11,311.0,3159.9399999999996
D04,SC-1019,2024-11-18,440.0,4167.19
D04,SC-1019,2024-11-25,301.0,2787.09
D04,SC-1019,2024-12-02,304.0,2978.48
D04,SC-1019,2024-12-09,400.0,3858.41
D04,SC-1019,2024-12-16,281.0,2660.1
D04,SC-1019,2024-12-23,380.0,3845.9199999999996
D04,SC-1019,2024-12-30,320.0,3065.25
D04,SC-1019,2025-01-06,499.0,4622.65
D04,SC-1019,2025-01-13,478.0,4458.1
D04,SC-1019,2025-01-20,445.0,4402.66
D04,SC-1019,2025-01-27,527.0,4958.58
D04,SC-1019,2025-02-03,343.0,3345.44
D04,SC-1019,2025-02-10,428.0,4268.03
D04,SC-1019,2025-02-17,334.0,3185.16
D04,SC-1019,2025-02-24,445.0,4352.7
D04,SC-1019,2025-03-03,416.0,3797.69
D04,SC-1019,2025-03-10,333.0,3142.02
D04,SC-1019,2025-03-17,402.0,3709.45
D04,SC-1019,2025-03-24,417.0,4040.99
D04,SC-1019,2025-03-31,420.0,3874.41
D04,SC-1019,2025-04-07,550.0,5144.01
D04,SC-1019,2025-04-14,362.0,3448.33
D04,SC-1019,2025-04-21,388.0,3660.34
D04,SC-1019,2025-04-28,278.0,2534.61
D04,SC-1019,2025-05-05,484.0,4786.49
D04,SC-1019,2025-05-12,498.0,4941.24
D04,SC-1019,2025-05-19,506.0,4857.17
D04,SC-1019,2025-05-26,444.0,4087.54
D04,SC-1019,2025-06-02,401.0,3837.96
D04,SC-1019,2025-06-09,376.0,3809.48
D04,SC-1019,2025-06-16,491.0,4786.69
D04,SC-1019,2025-06-23,399.0,4042.37
D04,SC-1019,2025-06-30,352.0,3387.17
D04,SC-1019,2025-07-07,401.0,3694.6800000000003
D04,SC-1019,2025-07-14,321.0,3056.76
D04,SC-1019,2025-07-21,344.0,3194.8900000000003
D04,SC-1019,2025-07-28,199.0,1810.75
D04,SC-1019,2025-08-04,324.0,3088.1099999999997
D04,SC-1019,2025-08-11,310.0,2853.67
D04,SC-1019,2025-08-18,417.0,3881.95
D04,SC-1019,2025-08-25,299.0,3016.38
D04,SC-1019,2025-09-01,194.0,1851.76
D04,SC-1019,2025-09-08,290.0,2647.33
D04,SC-1019,2025-09-15,295.0,2771.17
D04,SC-1019,2025-09-22,353.0,3431.01
D04,SC-1019,2025-09-29,283.0,2723.73
D04,SC-1019,2025-10-06,262.0,2562.83
D04,SC-1019,2025-10-13,270.0,2525.39
D04,SC-1019,2025-10-20,423.0,4271.34
D04,SC-1019,2025-10-27,289.0,2875.57
D04,SC-1019,2025-11-03,252.0,2333.88
D04,SC-1019,2025-11-10,305.0,2929.43
D04,SC-1019,2025-11-17,215.0,2010.24
D04,SC-1019,2025-11-24,226.0,2160.65
D04,SC-1019,2025-12-01,231.0,2310.9
D04,SC-1019,2025-12-08,189.0,1859.95
D04,SC-1019,2025-12-15,289.0,2854.41
D04,SC-1019,2025-12-22,217.0,2159.17
D04,SC-1019,2025-12-29,249.0,2526.82
D04,SC-1019,2026-01-05,222.0,2035.39
D04,SC-1019,2026-01-12,256.0,2597.87
D04,SC-1019,2026-01-19,328.0,3311.41
D04,SC-1019,2026-01-26,228.0,2211.41
D04,SC-1019,2026-02-02,224.0,2253.33
D04,SC-1019,2026-02-09,197.0,1847.24
D04,SC-1019,2026-02-16,231.0,2344.02
D04,SC-1019,2026-02-23,178.0,1662.23
D04,SC-1019,2026-03-02,305.0,3062.91
D04,SC-1019,2026-03-09,218.0,2201.35
D04,SC-1019,2026-03-16,208.0,1938.72
D04,SC-1019,2026-03-23,235.0,2301.04
D04,SC-1019,2026-03-30,268.0,2546.63
D04,SC-1019,2026-04-06,232.0,2251.34
D04,SC-1019,2026-04-13,288.0,2644.18
D04,SC-1019,2026-04-20,226.0,2181.42
D04,SC-1019,2026-04-27,215.0,2083.89
D04,SC-1019,2026-05-04,243.0,2326.53
D04,SC-1019,2026-05-11,241.0,2383.18
D04,SC-1019,2026-05-18,287.0,2786.9300000000003
D04,SC-1019,2026-05-25,283.0,2633.17
D04,SC-1019,2026-06-01,231.0,2230.49
D04,SC-1019,2026-06-08,193.0,1847.6599999999999
D04,SC-1019,2026-06-15,274.0,2583.75
D04,SC-1019,2026-06-22,204.0,2007.1100000000001
D04,SC-1020,2024-01-01,373.0,4224.81
D04,SC-1020,2024-01-08,345.0,3989.53
D04,SC-1020,2024-01-15,323.0,3757.15
D04,SC-1020,2024-01-22,245.0,2851.69
D04,SC-1020,2024-01-29,417.0,4647.84
D04,SC-1020,2024-02-05,424.0,5066.19
D04,SC-1020,2024-02-12,416.0,5042.62
D04,SC-1020,2024-02-19,448.0,5331.4
D04,SC-1020,2024-02-26,333.0,3737.49
D04,SC-1020,2024-03-04,368.0,4535.549999999999
D04,SC-1020,2024-03-11,366.0,4080.87
D04,SC-1020,2024-03-18,297.0,3587.74
D04,SC-1020,2024-03-25,369.0,4349.9
D04,SC-1020,2024-04-01,419.0,4985.42
D04,SC-1020,2024-04-08,484.0,5410.24
D04,SC-1020,2024-04-15,452.0,5395.11
D04,SC-1020,2024-04-22,385.0,4741.8099999999995
D04,SC-1020,2024-04-29,493.0,5683.9
D04,SC-1020,2024-05-06,452.0,5229.78
D04,SC-1020,2024-05-13,341.0,4070.18
D04,SC-1020,2024-05-20,452.0,5309.63
D04,SC-1020,2024-05-27,499.0,5759.03
D04,SC-1020,2024-06-03,483.0,5622.22
D04,SC-1020,2024-06-10,375.0,4315.66
D04,SC-1020,2024-06-17,390.0,4648.11
D04,SC-1020,2024-06-24,614.0,6924.47
D04,SC-1020,2024-07-01,393.0,4469.07
D04,SC-1020,2024-07-08,454.0,5304.110000000001
D04,SC-1020,2024-07-15,308.0,3497.95
D04,SC-1020,2024-07-22,547.0,6317.0
D04,SC-1020,2024-07-29,504.0,5740.34
D04,SC-1020,2024-08-05,578.0,7085.2
D04,SC-1020,2024-08-12,379.0,4566.849999999999
D04,SC-1020,2024-08-19,531.0,5927.59
D04,SC-1020,2024-08-26,376.0,4438.44
D04,SC-1020,2024-09-02,551.0,6588.85
D04,SC-1020,2024-09-09,303.0,3742.68
D04,SC-1020,2024-09-16,505.0,5829.68
D04,SC-1020,2024-09-23,432.0,5095.09
D04,SC-1020,2024-09-30,472.0,5362.68
D04,SC-1020,2024-10-07,462.0,5151.5199999999995
D04,SC-1020,2024-10-14,452.0,5327.2
D04,SC-1020,2024-10-21,605.0,7475.83
D04,SC-1020,2024-10-28,552.0,6508.36
D04,SC-1020,2024-11-04,455.0,5297.82
D04,SC-1020,2024-11-11,430.0,4962.91
D04,SC-1020,2024-11-18,521.0,6102.62
D04,SC-1020,2024-11-25,526.0,6336.389999999999
D04,SC-1020,2024-12-02,425.0,4805.09
D04,SC-1020,2024-12-09,423.0,4831.21
D04,SC-1020,2024-12-16,364.0,4252.94
D04,SC-1020,2024-12-23,443.0,5199.18
D04,SC-1020,2024-12-30,440.0,5222.49
D04,SC-1020,2025-01-06,497.0,5722.02
D04,SC-1020,2025-01-13,568.0,6934.51
D04,SC-1020,2025-01-20,526.0,5840.4400000000005
D04,SC-1020,2025-01-27,517.0,6111.200000000001
D04,SC-1020,2025-02-03,432.0,4959.57
D04,SC-1020,2025-02-10,425.0,5073.89
D04,SC-1020,2025-02-17,512.0,5868.05
D04,SC-1020,2025-02-24,506.0,5681.379999999999
D04,SC-1020,2025-03-03,521.0,6449.41
D04,SC-1020,2025-03-10,410.0,5068.2
D04,SC-1020,2025-03-17,415.0,4789.200000000001
D04,SC-1020,2025-03-24,451.0,5085.78
D04,SC-1020,2025-03-31,549.0,6342.56
D04,SC-1020,2025-04-07,499.0,5729.35
D04,SC-1020,2025-04-14,634.0,7675.88
D04,SC-1020,2025-04-21,437.0,5136.34
D04,SC-1020,2025-04-28,442.0,4947.29
D04,SC-1020,2025-05-05,501.0,5682.2
D04,SC-1020,2025-05-12,480.0,5741.15
D04,SC-1020,2025-05-19,464.0,5574.34
D04,SC-1020,2025-05-26,534.0,6553.76
D04,SC-1020,2025-06-02,539.0,6487.4800000000005
D04,SC-1020,2025-06-09,440.0,5409.16
D04,SC-1020,2025-06-16,487.0,5622.29
D04,SC-1020,2025-06-23,594.0,6712.3
D04,SC-1020,2025-06-30,512.0,6252.22
D04,SC-1020,2025-07-07,358.0,4261.54
D04,SC-1020,2025-07-14,379.0,4675.79
D04,SC-1020,2025-07-21,329.0,3720.1499999999996
D04,SC-1020,2025-07-28,509.0,5754.360000000001
D04,SC-1020,2025-08-04,439.0,5070.71
D04,SC-1020,2025-08-11,547.0,6303.07
D04,SC-1020,2025-08-18,378.0,4260.0199999999995
D04,SC-1020,2025-08-25,347.0,4273.35
D04,SC-1020,2025-09-01,316.0,3613.8
D04,SC-1020,2025-09-08,379.0,4625.039999999999
D04,SC-1020,2025-09-15,325.0,3733.91
D04,SC-1020,2025-09-22,296.0,3301.68
D04,SC-1020,2025-09-29,410.0,5001.31
D04,SC-1020,2025-10-06,332.0,4097.16
D04,SC-1020,2025-10-13,338.0,3902.09
D04,SC-1020,2025-10-20,331.0,4025.08
D04,SC-1020,2025-10-27,335.0,4053.6800000000003
D04,SC-1020,2025-11-03,239.0,2770.55
D04,SC-1020,2025-11-10,258.0,3075.44
D04,SC-1020,2025-11-17,399.0,4580.74
D04,SC-1020,2025-11-24,297.0,3481.53
D04,SC-1020,2025-12-01,315.0,3610.37
D04,SC-1020,2025-12-08,331.0,4085.06
D04,SC-1020,2025-12-15,276.0,3291.06
D04,SC-1020,2025-12-22,247.0,2827.58
D04,SC-1020,2025-12-29,235.0,2709.0699999999997
D04,SC-1020,2026-01-05,247.0,2802.01
D04,SC-1020,2026-01-12,258.0,2938.36
D04,SC-1020,2026-01-19,255.0,3067.0699999999997
D04,SC-1020,2026-01-26,235.0,2691.58
D04,SC-1020,2026-02-02,327.0,3873.82
D04,SC-1020,2026-02-09,355.0,4329.67
D04,SC-1020,2026-02-16,247.0,2917.98
D04,SC-1020,2026-02-23,220.0,2600.94
D04,SC-1020,2026-03-02,288.0,3525.2999999999997
D04,SC-1020,2026-03-09,358.0,4422.67
D04,SC-1020,2026-03-16,234.0,2812.62
D04,SC-1020,2026-03-23,235.0,2829.76
D04,SC-1020,2026-03-30,200.0,2226.98
D04,SC-1020,2026-04-06,296.0,3361.67
D04,SC-1020,2026-04-13,245.0,2798.54
D04,SC-1020,2026-04-20,327.0,3907.17
D04,SC-1020,2026-04-27,321.0,3971.27
D04,SC-1020,2026-05-04,363.0,4132.01
D04,SC-1020,2026-05-11,343.0,4006.95
D04,SC-1020,2026-05-18,230.0,2670.27
D04,SC-1020,2026-05-25,281.0,3183.2200000000003
D04,SC-1020,2026-06-01,348.0,4281.71
D04,SC-1020,2026-06-08,239.0,2857.7799999999997
D04,SC-1020,2026-06-15,277.0,3210.6
D04,SC-1020,2026-06-22,296.0,3460.19
D04,SC-1021,2024-01-01,276.0,4330.54
D04,SC-1021,2024-01-08,246.0,3846.34
D04,SC-1021,2024-01-15,255.0,4259.18
D04,SC-1021,2024-01-22,246.0,3857.52
D04,SC-1021,2024-01-29,393.0,6121.51
D04,SC-1021,2024-02-05,185.0,3057.87
D04,SC-1021,2024-02-12,361.0,5729.55
D04,SC-1021,2024-02-19,249.0,3863.09
D04,SC-1021,2024-02-26,274.0,4270.65
D04,SC-1021,2024-03-04,200.0,3419.68
D04,SC-1021,2024-03-11,350.0,5470.68
D04,SC-1021,2024-03-18,341.0,5794.46
D04,SC-1021,2024-03-25,260.0,4173.72
D04,SC-1021,2024-04-01,367.0,5701.0599999999995
D04,SC-1021,2024-04-08,361.0,5744.92
D04,SC-1021,2024-04-15,294.0,4849.3
D04,SC-1021,2024-04-22,237.0,3908.21
D04,SC-1021,2024-04-29,315.0,4855.77
D04,SC-1021,2024-05-06,384.0,6541.01
D04,SC-1021,2024-05-13,288.0,4906.88
D04,SC-1021,2024-05-20,392.0,6653.030000000001
D04,SC-1021,2024-05-27,295.0,4605.610000000001
D04,SC-1021,2024-06-03,333.0,5661.5
D04,SC-1021,2024-06-10,303.0,4959.450000000001
D04,SC-1021,2024-06-17,348.0,5830.5199999999995
D04,SC-1021,2024-06-24,385.0,6435.7
D04,SC-1021,2024-07-01,435.0,7032.55
D04,SC-1021,2024-07-08,352.0,5961.530000000001
D04,SC-1021,2024-07-15,269.0,4453.2
D04,SC-1021,2024-07-22,373.0,6317.49
D04,SC-1021,2024-07-29,324.0,5268.200000000001
D04,SC-1021,2024-08-05,322.0,5414.08
D04,SC-1021,2024-08-12,341.0,5858.18
D04,SC-1021,2024-08-19,364.0,5927.42
D04,SC-1021,2024-08-26,313.0,5147.92
D04,SC-1021,2024-09-02,361.0,6036.4800000000005
D04,SC-1021,2024-09-09,349.0,5621.92
D04,SC-1021,2024-09-16,356.0,5874.07
D04,SC-1021,2024-09-23,370.0,6167.03
D04,SC-1021,2024-09-30,232.0,3617.9500000000003
D04,SC-1021,2024-10-07,302.0,4838.61
D04,SC-1021,2024-10-14,312.0,4923.63
D04,SC-1021,2024-10-21,306.0,5107.53
D04,SC-1021,2024-10-28,278.0,4297.62
D04,SC-1021,2024-11-04,286.0,4545.0
D04,SC-1021,2024-11-11,341.0,5336.98
D04,SC-1021,2024-11-18,337.0,5732.75
D04,SC-1021,2024-11-25,316.0,5042.03
D04,SC-1021,2024-12-02,271.0,4586.1
D04,SC-1021,2024-12-09,360.0,5637.71
D04,SC-1021,2024-12-16,357.0,5507.33
D04,SC-1021,2024-12-23,377.0,6077.22
D04,SC-1021,2024-12-30,285.0,4683.34
D04,SC-1021,2025-01-06,557.0,8987.62
D04,SC-1021,2025-01-13,337.0,5304.17
D04,SC-1021,2025-01-20,294.0,4908.74
D04,SC-1021,2025-01-27,476.0,7749.91
D04,SC-1021,2025-02-03,377.0,6103.71
D04,SC-1021,2025-02-10,351.0,5797.44
D04,SC-1021,2025-02-17,362.0,6070.43
D04,SC-1021,2025-02-24,423.0,7227.36
D04,SC-1021,2025-03-03,367.0,6032.01
D04,SC-1021,2025-03-10,277.0,4709.88
D04,SC-1021,2025-03-17,362.0,5962.96
D04,SC-1021,2025-03-24,421.0,6796.91
D04,SC-1021,2025-03-31,369.0,5691.94
D04,SC-1021,2025-04-07,325.0,5028.6
D04,SC-1021,2025-04-14,379.0,6309.9400000000005
D04,SC-1021,2025-04-21,438.0,6996.679999999999
D04,SC-1021,2025-04-28,470.0,7390.59
D04,SC-1021,2025-05-05,332.0,5268.27
D04,SC-1021,2025-05-12,331.0,5270.63
D04,SC-1021,2025-05-19,394.0,6677.28
D04,SC-1021,2025-05-26,360.0,5826.79
D04,SC-1021,2025-06-02,368.0,5853.36
D04,SC-1021,2025-06-09,387.0,6208.4
D04,SC-1021,2025-06-16,453.0,7378.51
D04,SC-1021,2025-06-23,357.0,5986.209999999999
D04,SC-1021,2025-06-30,340.0,5482.89
D04,SC-1021,2025-07-07,275.0,4367.01
D04,SC-1021,2025-07-14,242.0,4152.71
D04,SC-1021,2025-07-21,303.0,4741.65
D04,SC-1021,2025-07-28,301.0,4951.19
D04,SC-1021,2025-08-04,340.0,5322.36
D04,SC-1021,2025-08-11,245.0,3936.3699999999994
D04,SC-1021,2025-08-18,288.0,4677.6
D04,SC-1021,2025-08-25,293.0,4678.5199999999995
D04,SC-1021,2025-09-01,217.0,3625.41
D04,SC-1021,2025-09-08,278.0,4735.39
D04,SC-1021,2025-09-15,275.0,4425.2300000000005
D04,SC-1021,2025-09-22,255.0,4085.85
D04,SC-1021,2025-09-29,211.0,3596.73
D04,SC-1021,2025-10-06,249.0,3855.56
D04,SC-1021,2025-10-13,184.0,3012.65
D04,SC-1021,2025-10-20,256.0,4025.41
D04,SC-1021,2025-10-27,268.0,4286.26
D04,SC-1021,2025-11-03,229.0,3676.71
D04,SC-1021,2025-11-10,283.0,4754.150000000001
D04,SC-1021,2025-11-17,208.0,3460.44
D04,SC-1021,2025-11-24,204.0,3309.66
D04,SC-1021,2025-12-01,216.0,3521.06
D04,SC-1021,2025-12-08,314.0,5058.35
D04,SC-1021,2025-12-15,213.0,3428.04
D04,SC-1021,2025-12-22,304.0,4892.32
D04,SC-1021,2025-12-29,218.0,3542.3
D04,SC-1021,2026-01-05,193.0,3259.5
D04,SC-1021,2026-01-12,292.0,4947.4400000000005
D04,SC-1021,2026-01-19,223.0,3463.14
D04,SC-1021,2026-01-26,207.0,3516.23
D04,SC-1021,2026-02-02,246.0,3854.72
D04,SC-1021,2026-02-09,261.0,4062.34
D04,SC-1021,2026-02-16,198.0,3339.71
D04,SC-1021,2026-02-23,248.0,4055.95
D04,SC-1021,2026-03-02,209.0,3293.32
D04,SC-1021,2026-03-09,187.0,3004.9900000000002
D04,SC-1021,2026-03-16,195.0,3325.58
D04,SC-1021,2026-03-23,182.0,3111.35
D04,SC-1021,2026-03-30,220.0,3460.3
D04,SC-1021,2026-04-06,220.0,3575.8
D04,SC-1021,2026-04-13,257.0,4317.3
D04,SC-1021,2026-04-20,248.0,4034.1400000000003
D04,SC-1021,2026-04-27,206.0,3529.69
D04,SC-1021,2026-05-04,214.0,3390.4900000000002
D04,SC-1021,2026-05-11,201.0,3353.96
D04,SC-1021,2026-05-18,226.0,3761.32
D04,SC-1021,2026-05-25,216.0,3514.4
D04,SC-1021,2026-06-01,225.0,3816.48
D04,SC-1021,2026-06-08,278.0,4731.1
D04,SC-1021,2026-06-15,280.0,4473.99
D04,SC-1021,2026-06-22,203.0,3316.35
D05,IG-1008,2024-01-01,82.0,3596.14
D05,IG-1008,2024-01-08,62.0,2534.37
D05,IG-1008,2024-01-15,74.0,3026.7400000000002
D05,IG-1008,2024-01-22,74.0,3052.75
D05,IG-1008,2024-01-29,54.0,2320.28
D05,IG-1008,2024-02-05,75.0,2973.23
D05,IG-1008,2024-02-12,55.0,2344.35
D05,IG-1008,2024-02-19,72.0,3148.56
D05,IG-1008,2024-02-26,67.0,2879.72
D05,IG-1008,2024-03-04,82.0,3407.6499999999996
D05,IG-1008,2024-03-11,85.0,3747.1
D05,IG-1008,2024-03-18,95.0,4094.71
D05,IG-1008,2024-03-25,79.0,3462.15
D05,IG-1008,2024-04-01,83.0,3631.82
D05,IG-1008,2024-04-08,71.0,3105.08
D05,IG-1008,2024-04-15,74.0,3010.73
D05,IG-1008,2024-04-22,76.0,3216.41
D05,IG-1008,2024-04-29,81.0,3602.77
D05,IG-1008,2024-05-06,113.0,4808.95
D05,IG-1008,2024-05-13,86.0,3760.46
D05,IG-1008,2024-05-20,104.0,4454.65
D05,IG-1008,2024-05-27,94.0,3806.7
D05,IG-1008,2024-06-03,97.0,4295.98
D05,IG-1008,2024-06-10,89.0,3676.23
D05,IG-1008,2024-06-17,85.0,3519.92
D05,IG-1008,2024-06-24,89.0,3740.98
D05,IG-1008,2024-07-01,77.0,3289.3
D05,IG-1008,2024-07-08,80.0,3429.03
D05,IG-1008,2024-07-15,87.0,3529.04
D05,IG-1008,2024-07-22,88.0,3847.87
D05,IG-1008,2024-07-29,64.0,2547.11
D05,IG-1008,2024-08-05,74.0,3136.17
D05,IG-1008,2024-08-12,94.0,3847.6800000000003
D05,IG-1008,2024-08-19,95.0,3934.08
D05,IG-1008,2024-08-26,66.0,2823.8199999999997
D05,IG-1008,2024-09-02,87.0,3494.5
D05,IG-1008,2024-09-09,140.0,6049.85
D05,IG-1008,2024-09-16,99.0,4074.82
D05,IG-1008,2024-09-23,69.0,2804.23
D05,IG-1008,2024-09-30,84.0,3631.6
D05,IG-1008,2024-10-07,84.0,3413.25
D05,IG-1008,2024-10-14,79.0,3242.5999999999995
D05,IG-1008,2024-10-21,94.0,4038.77
D05,IG-1008,2024-10-28,96.0,3819.58
D05,IG-1008,2024-11-04,74.0,3252.68
D05,IG-1008,2024-11-11,88.0,3630.19
D05,IG-1008,2024-11-18,72.0,2896.19
D05,IG-1008,2024-11-25,79.0,3363.85
D05,IG-1008,2024-12-02,102.0,4364.5
D05,IG-1008,2024-12-09,70.0,2805.37
D05,IG-1008,2024-12-16,92.0,3668.8900000000003
D05,IG-1008,2024-12-23,67.0,2680.13
D05,IG-1008,2024-12-30,75.0,3133.26
D05,IG-1008,2025-01-06,75.0,2978.66
D05,IG-1008,2025-01-13,73.0,3138.28
D05,IG-1008,2025-01-20,68.0,2996.64
D05,IG-1008,2025-01-27,70.0,2888.06
D05,IG-1008,2025-02-03,65.0,2672.8900000000003
D05,IG-1008,2025-02-10,77.0,3052.53
D05,IG-1008,2025-02-17,77.0,3086.85
D05,IG-1008,2025-02-24,88.0,3747.3700000000003
D05,IG-1008,2025-03-03,110.0,4826.84
D05,IG-1008,2025-03-10,98.0,4053.49
D05,IG-1008,2025-03-17,97.0,4209.33
D05,IG-1008,2025-03-24,84.0,3716.2
D05,IG-1008,2025-03-31,102.0,4212.15
D05,IG-1008,2025-04-07,105.0,4614.3
D05,IG-1008,2025-04-14,88.0,3652.18
D05,IG-1008,2025-04-21,115.0,4802.37
D05,IG-1008,2025-04-28,94.0,4072.94
D05,IG-1008,2025-05-05,95.0,4215.08
D05,IG-1008,2025-05-12,106.0,4472.799999999999
D05,IG-1008,2025-05-19,83.0,3429.53
D05,IG-1008,2025-05-26,94.0,4050.94
D05,IG-1008,2025-06-02,100.0,4090.02
D05,IG-1008,2025-06-09,93.0,3943.2299999999996
D05,IG-1008,2025-06-16,111.0,4823.19
D05,IG-1008,2025-06-23,91.0,4001.81
D05,IG-1008,2025-06-30,94.0,4180.110000000001
D05,IG-1008,2025-07-07,90.0,3677.04
D05,IG-1008,2025-07-14,77.0,3159.93
D05,IG-1008,2025-07-21,85.0,3573.16
D05,IG-1008,2025-07-28,82.0,3404.05
D05,IG-1008,2025-08-04,97.0,4161.18
D05,IG-1008,2025-08-11,68.0,2730.66
D05,IG-1008,2025-08-18,59.0,2485.79
D05,IG-1008,2025-08-25,55.0,2222.13
D05,IG-1008,2025-09-01,64.0,2746.25
D05,IG-1008,2025-09-08,80.0,3464.42
D05,IG-1008,2025-09-15,74.0,2951.76
D05,IG-1008,2025-09-22,64.0,2699.47
D05,IG-1008,2025-09-29,90.0,3674.48
D05,IG-1008,2025-10-06,53.0,2243.75
D05,IG-1008,2025-10-13,73.0,2936.0
D05,IG-1008,2025-10-20,57.0,2283.82
D05,IG-1008,2025-10-27,79.0,3481.6499999999996
D05,IG-1008,2025-11-03,57.0,2410.02
D05,IG-1008,2025-11-10,70.0,2833.05
D05,IG-1008,2025-11-17,57.0,2339.2
D05,IG-1008,2025-11-24,85.0,3583.29
D05,IG-1008,2025-12-01,59.0,2636.49
D05,IG-1008,2025-12-08,57.0,2488.2
D05,IG-1008,2025-12-15,59.0,2616.56
D05,IG-1008,2025-12-22,62.0,2692.3599999999997
D05,IG-1008,2025-12-29,71.0,2965.37
D05,IG-1008,2026-01-05,69.0,2997.7
D05,IG-1008,2026-01-12,41.0,1649.4299999999998
D05,IG-1008,2026-01-19,53.0,2160.73
D05,IG-1008,2026-01-26,50.0,2108.52
D05,IG-1008,2026-02-02,62.0,2576.6499999999996
D05,IG-1008,2026-02-09,51.0,2135.76
D05,IG-1008,2026-02-16,75.0,3171.1000000000004
D05,IG-1008,2026-02-23,49.0,2106.88
D05,IG-1008,2026-03-02,44.0,1938.72
D05,IG-1008,2026-03-09,57.0,2454.3500000000004
D05,IG-1008,2026-03-16,62.0,2643.5299999999997
D05,IG-1008,2026-03-23,48.0,2109.38
D05,IG-1008,2026-03-30,67.0,2889.95
D05,IG-1008,2026-04-06,50.0,2036.43
D05,IG-1008,2026-04-13,52.0,2191.81
D05,IG-1008,2026-04-20,56.0,2490.1800000000003
D05,IG-1008,2026-04-27,51.0,2126.8
D05,IG-1008,2026-05-04,75.0,3342.96
D05,IG-1008,2026-05-11,46.0,1925.33
D05,IG-1008,2026-05-18,45.0,1975.1100000000001
D05,IG-1008,2026-05-25,51.0,2177.75
D05,IG-1008,2026-06-01,48.0,2043.4
D05,IG-1008,2026-06-08,45.0,1793.76
D05,IG-1008,2026-06-15,59.0,2438.1000000000004
D05,IG-1008,2026-06-22,48.0,2030.88
D05,IG-1011,2024-01-01,41.0,2431.9
D05,IG-1011,2024-01-08,54.0,3232.08
D05,IG-1011,2024-01-15,41.0,2383.54
D05,IG-1011,2024-01-22,36.0,2181.95
D05,IG-1011,2024-01-29,50.0,2870.21
D05,IG-1011,2024-02-05,42.0,2423.31
D05,IG-1011,2024-02-12,39.0,2215.63
D05,IG-1011,2024-02-19,37.0,2232.42
D05,IG-1011,2024-02-26,42.0,2499.84
D05,IG-1011,2024-03-04,51.0,2955.37
D05,IG-1011,2024-03-11,41.0,2379.17
D05,IG-1011,2024-03-18,46.0,2532.3900000000003
D05,IG-1011,2024-03-25,40.0,2254.53
D05,IG-1011,2024-04-01,57.0,3292.12
D05,IG-1011,2024-04-08,38.0,2153.66
D05,IG-1011,2024-04-15,41.0,2424.1
D05,IG-1011,2024-04-22,44.0,2508.56
D05,IG-1011,2024-04-29,40.0,2310.98
D05,IG-1011,2024-05-06,53.0,3142.94
D05,IG-1011,2024-05-13,55.0,3283.59
D05,IG-1011,2024-05-20,55.0,3303.42
D05,IG-1011,2024-05-27,56.0,3090.65
D05,IG-1011,2024-06-03,40.0,2274.75
D05,IG-1011,2024-06-10,53.0,3077.91
D05,IG-1011,2024-06-17,62.0,3766.34
D05,IG-1011,2024-06-24,48.0,2706.8599999999997
D05,IG-1011,2024-07-01,60.0,3347.9300000000003
D05,IG-1011,2024-07-08,50.0,2789.89
D05,IG-1011,2024-07-15,50.0,2966.94
D05,IG-1011,2024-07-22,42.0,2374.1
D05,IG-1011,2024-07-29,47.0,2619.64
D05,IG-1011,2024-08-05,61.0,3390.5699999999997
D05,IG-1011,2024-08-12,46.0,2591.33
D05,IG-1011,2024-08-19,66.0,3656.96
D05,IG-1011,2024-08-26,48.0,2895.72
D05,IG-1011,2024-09-02,60.0,3492.46
D05,IG-1011,2024-09-09,49.0,2686.88
D05,IG-1011,2024-09-16,34.0,1969.4
D05,IG-1011,2024-09-23,43.0,2596.5299999999997
D05,IG-1011,2024-09-30,43.0,2606.5299999999997
D05,IG-1011,2024-10-07,43.0,2546.1400000000003
D05,IG-1011,2024-10-14,39.0,2294.08
D05,IG-1011,2024-10-21,41.0,2244.58
D05,IG-1011,2024-10-28,52.0,2821.4300000000003
D05,IG-1011,2024-11-04,70.0,3887.68
D05,IG-1011,2024-11-11,48.0,2650.14
D05,IG-1011,2024-11-18,45.0,2676.6200000000003
D05,IG-1011,2024-11-25,32.0,1907.27
D05,IG-1011,2024-12-02,63.0,3497.75
D05,IG-1011,2024-12-09,55.0,3126.04
D05,IG-1011,2024-12-16,44.0,2649.2700000000004
D05,IG-1011,2024-12-23,50.0,2776.0299999999997
D05,IG-1011,2024-12-30,45.0,2444.15
D05,IG-1011,2025-01-06,40.0,2236.81
D05,IG-1011,2025-01-13,46.0,2723.7799999999997
D05,IG-1011,2025-01-20,56.0,3360.0299999999997
D05,IG-1011,2025-01-27,52.0,3025.95
D05,IG-1011,2025-02-03,49.0,2800.89
D05,IG-1011,2025-02-10,56.0,3190.96
D05,IG-1011,2025-02-17,49.0,2897.24
D05,IG-1011,2025-02-24,63.0,3716.6600000000003
D05,IG-1011,2025-03-03,45.0,2522.02
D05,IG-1011,2025-03-10,51.0,2893.26
D05,IG-1011,2025-03-17,61.0,3681.67
D05,IG-1011,2025-03-24,61.0,3541.46
D05,IG-1011,2025-03-31,50.0,2800.71
D05,IG-1011,2025-04-07,49.0,2910.5699999999997
D05,IG-1011,2025-04-14,61.0,3325.85
D05,IG-1011,2025-04-21,71.0,3932.1400000000003
D05,IG-1011,2025-04-28,66.0,3797.39
D05,IG-1011,2025-05-05,49.0,2677.47
D05,IG-1011,2025-05-12,53.0,3115.24
D05,IG-1011,2025-05-19,50.0,2938.49
D05,IG-1011,2025-05-26,74.0,4243.42
D05,IG-1011,2025-06-02,59.0,3487.58
D05,IG-1011,2025-06-09,57.0,3333.35
D05,IG-1011,2025-06-16,63.0,3699.49
D05,IG-1011,2025-06-23,65.0,3814.19
D05,IG-1011,2025-06-30,57.0,3285.96
D05,IG-1011,2025-07-07,48.0,2758.66
D05,IG-1011,2025-07-14,46.0,2646.9
D05,IG-1011,2025-07-21,57.0,3396.01
D05,IG-1011,2025-07-28,44.0,2580.58
D05,IG-1011,2025-08-04,46.0,2597.62
D05,IG-1011,2025-08-11,39.0,2248.71
D05,IG-1011,2025-08-18,39.0,2157.8
D05,IG-1011,2025-08-25,45.0,2680.56
D05,IG-1011,2025-09-01,36.0,2152.38
D05,IG-1011,2025-09-08,42.0,2358.37
D05,IG-1011,2025-09-15,38.0,2219.43
D05,IG-1011,2025-09-22,43.0,2305.1400000000003
D05,IG-1011,2025-09-29,28.0,1712.24
D05,IG-1011,2025-10-06,47.0,2784.98
D05,IG-1011,2025-10-13,29.0,1611.06
D05,IG-1011,2025-10-20,48.0,2583.92
D05,IG-1011,2025-10-27,36.0,2132.0
D05,IG-1011,2025-11-03,38.0,2190.96
D05,IG-1011,2025-11-10,35.0,2066.37
D05,IG-1011,2025-11-17,35.0,2063.71
D05,IG-1011,2025-11-24,29.0,1731.24
D05,IG-1011,2025-12-01,37.0,2181.79
D05,IG-1011,2025-12-08,36.0,1946.16
D05,IG-1011,2025-12-15,35.0,1931.47
D05,IG-1011,2025-12-22,41.0,2272.39
D05,IG-1011,2025-12-29,27.0,1449.2
D05,IG-1011,2026-01-05,33.0,1871.27
D05,IG-1011,2026-01-12,26.0,1467.35
D05,IG-1011,2026-01-19,39.0,2174.91
D05,IG-1011,2026-01-26,36.0,2041.66
D05,IG-1011,2026-02-02,31.0,1756.24
D05,IG-1011,2026-02-09,37.0,2024.19
D05,IG-1011,2026-02-16,35.0,2044.5800000000002
D05,IG-1011,2026-02-23,26.0,1403.37
D05,IG-1011,2026-03-02,36.0,2038.3000000000002
D05,IG-1011,2026-03-09,28.0,1709.18
D05,IG-1011,2026-03-16,33.0,1849.75
D05,IG-1011,2026-03-23,37.0,2020.6
D05,IG-1011,2026-03-30,33.0,1793.8700000000001
D05,IG-1011,2026-04-06,32.0,1880.99
D05,IG-1011,2026-04-13,40.0,2381.94
D05,IG-1011,2026-04-20,33.0,1963.71
D05,IG-1011,2026-04-27,31.0,1734.32
D05,IG-1011,2026-05-04,26.0,1465.58
D05,IG-1011,2026-05-11,33.0,1895.18
D05,IG-1011,2026-05-18,37.0,2144.11
D05,IG-1011,2026-05-25,42.0,2322.34
D05,IG-1011,2026-06-01,26.0,1545.55
D05,IG-1011,2026-06-08,36.0,1939.21
D05,IG-1011,2026-06-15,37.0,2212.8799999999997
D05,IG-1011,2026-06-22,31.0,1787.51
D05,IG-1014,2024-01-01,38.0,1647.78
D05,IG-1014,2024-01-08,39.0,1613.13
D05,IG-1014,2024-01-15,31.0,1391.9
D05,IG-1014,2024-01-22,32.0,1419.01
D05,IG-1014,2024-01-29,37.0,1662.47
D05,IG-1014,2024-02-05,32.0,1342.54
D05,IG-1014,2024-02-12,35.0,1527.79
D05,IG-1014,2024-02-19,42.0,1740.99
D05,IG-1014,2024-02-26,36.0,1643.64
D05,IG-1014,2024-03-04,29.0,1252.1
D05,IG-1014,2024-03-11,41.0,1724.15
D05,IG-1014,2024-03-18,35.0,1444.49
D05,IG-1014,2024-03-25,35.0,1454.8
D05,IG-1014,2024-04-01,55.0,2484.04
D05,IG-1014,2024-04-08,40.0,1800.99
D05,IG-1014,2024-04-15,54.0,2348.08
D05,IG-1014,2024-04-22,35.0,1454.4099999999999
D05,IG-1014,2024-04-29,36.0,1600.22
D05,IG-1014,2024-05-06,38.0,1633.63
D05,IG-1014,2024-05-13,40.0,1825.06
D05,IG-1014,2024-05-20,39.0,1650.31
D05,IG-1014,2024-05-27,36.0,1556.21
D05,IG-1014,2024-06-03,48.0,2083.36
D05,IG-1014,2024-06-10,42.0,1859.57
D05,IG-1014,2024-06-17,47.0,2053.59
D05,IG-1014,2024-06-24,44.0,1991.05
D05,IG-1014,2024-07-01,61.0,2637.8799999999997
D05,IG-1014,2024-07-08,43.0,1886.54
D05,IG-1014,2024-07-15,48.0,2010.17
D05,IG-1014,2024-07-22,51.0,2241.53
D05,IG-1014,2024-07-29,35.0,1549.7
D05,IG-1014,2024-08-05,35.0,1569.75
D05,IG-1014,2024-08-12,36.0,1573.1599999999999
D05,IG-1014,2024-08-19,39.0,1693.36
D05,IG-1014,2024-08-26,39.0,1649.85
D05,IG-1014,2024-09-02,42.0,1855.57
D05,IG-1014,2024-09-09,51.0,2249.37
D05,IG-1014,2024-09-16,32.0,1374.6799999999998
D05,IG-1014,2024-09-23,32.0,1433.91
D05,IG-1014,2024-09-30,36.0,1492.39
D05,IG-1014,2024-10-07,34.0,1481.31
D05,IG-1014,2024-10-14,31.0,1287.56
D05,IG-1014,2024-10-21,37.0,1606.81
D05,IG-1014,2024-10-28,40.0,1650.62
D05,IG-1014,2024-11-04,38.0,1622.42
D05,IG-1014,2024-11-11,36.0,1539.6799999999998
D05,IG-1014,2024-11-18,39.0,1603.95
D05,IG-1014,2024-11-25,30.0,1243.34
D05,IG-1014,2024-12-02,43.0,1885.78
D05,IG-1014,2024-12-09,39.0,1731.68
D05,IG-1014,2024-12-16,41.0,1734.89
D05,IG-1014,2024-12-23,40.0,1806.48
D05,IG-1014,2024-12-30,31.0,1388.21
D05,IG-1014,2025-01-06,37.0,1652.52
D05,IG-1014,2025-01-13,49.0,2047.1399999999999
D05,IG-1014,2025-01-20,44.0,1902.68
D05,IG-1014,2025-01-27,40.0,1797.4899999999998
D05,IG-1014,2025-02-03,47.0,2018.0099999999998
D05,IG-1014,2025-02-10,49.0,2055.44
D05,IG-1014,2025-02-17,52.0,2293.67
D05,IG-1014,2025-02-24,48.0,2111.58
D05,IG-1014,2025-03-03,54.0,2278.05
D05,IG-1014,2025-03-10,45.0,1842.06
D05,IG-1014,2025-03-17,51.0,2161.0699999999997
D05,IG-1014,2025-03-24,39.0,1631.22
D05,IG-1014,2025-03-31,52.0,2183.72
D05,IG-1014,2025-04-07,48.0,2032.03
D05,IG-1014,2025-04-14,51.0,2276.7200000000003
D05,IG-1014,2025-04-21,57.0,2410.48
D05,IG-1014,2025-04-28,42.0,1745.1299999999999
D05,IG-1014,2025-05-05,60.0,2579.8900000000003
D05,IG-1014,2025-05-12,54.0,2265.22
D05,IG-1014,2025-05-19,51.0,2185.15
D05,IG-1014,2025-05-26,41.0,1740.49
D05,IG-1014,2025-06-02,45.0,2006.37
D05,IG-1014,2025-06-09,57.0,2498.14
D05,IG-1014,2025-06-16,50.0,2230.18
D05,IG-1014,2025-06-23,59.0,2658.75
D05,IG-1014,2025-06-30,56.0,2420.92
D05,IG-1014,2025-07-07,34.0,1394.79
D05,IG-1014,2025-07-14,37.0,1581.1599999999999
D05,IG-1014,2025-07-21,36.0,1574.64
D05,IG-1014,2025-07-28,42.0,1817.21
D05,IG-1014,2025-08-04,36.0,1555.0
D05,IG-1014,2025-08-11,35.0,1530.0100000000002
D05,IG-1014,2025-08-18,37.0,1676.81
D05,IG-1014,2025-08-25,33.0,1471.1000000000001
D05,IG-1014,2025-09-01,38.0,1604.58
D05,IG-1014,2025-09-08,34.0,1396.51
D05,IG-1014,2025-09-15,39.0,1722.4299999999998
D05,IG-1014,2025-09-22,36.0,1544.55
D05,IG-1014,2025-09-29,33.0,1453.71
D05,IG-1014,2025-10-06,39.0,1674.5300000000002
D05,IG-1014,2025-10-13,28.0,1234.3
D05,IG-1014,2025-10-20,31.0,1359.13
D05,IG-1014,2025-10-27,30.0,1238.4299999999998
D05,IG-1014,2025-11-03,31.0,1341.88
D05,IG-1014,2025-11-10,27.0,1113.51
D05,IG-1014,2025-11-17,29.0,1193.51
D05,IG-1014,2025-11-24,26.0,1093.67
D05,IG-1014,2025-12-01,23.0,941.46
D05,IG-1014,2025-12-08,27.0,1208.09
D05,IG-1014,2025-12-15,29.0,1295.63
D05,IG-1014,2025-12-22,23.0,1034.26
D05,IG-1014,2025-12-29,26.0,1167.6100000000001
D05,IG-1014,2026-01-05,29.0,1288.15
D05,IG-1014,2026-01-12,30.0,1339.45
D05,IG-1014,2026-01-19,30.0,1243.87
D05,IG-1014,2026-01-26,23.0,967.3499999999999
D05,IG-1014,2026-02-02,37.0,1586.89
D05,IG-1014,2026-02-09,21.0,939.5600000000001
D05,IG-1014,2026-02-16,26.0,1107.35
D05,IG-1014,2026-02-23,19.0,849.97
D05,IG-1014,2026-03-02,23.0,996.23
D05,IG-1014,2026-03-09,23.0,1046.46
D05,IG-1014,2026-03-16,32.0,1406.3400000000001
D05,IG-1014,2026-03-23,34.0,1551.81
D05,IG-1014,2026-03-30,28.0,1234.07
D05,IG-1014,2026-04-06,25.0,1099.35
D05,IG-1014,2026-04-13,18.0,755.22
D05,IG-1014,2026-04-20,24.0,1071.29
D05,IG-1014,2026-04-27,20.0,912.66
D05,IG-1014,2026-05-04,25.0,1022.22
D05,IG-1014,2026-05-11,26.0,1132.31
D05,IG-1014,2026-05-18,28.0,1167.56
D05,IG-1014,2026-05-25,27.0,1135.95
D05,IG-1014,2026-06-01,26.0,1148.0
D05,IG-1014,2026-06-08,25.0,1106.72
D05,IG-1014,2026-06-15,27.0,1172.27
D05,IG-1014,2026-06-22,32.0,1338.17
D05,IS-1022,2024-01-01,256.0,3435.8900000000003
D05,IS-1022,2024-01-08,372.0,5098.62
D05,IS-1022,2024-01-15,308.0,3996.28
D05,IS-1022,2024-01-22,354.0,4551.91
D05,IS-1022,2024-01-29,355.0,4855.26
D05,IS-1022,2024-02-05,383.0,5262.53
D05,IS-1022,2024-02-12,399.0,5417.8
D05,IS-1022,2024-02-19,379.0,5352.71
D05,IS-1022,2024-02-26,391.0,5381.33
D05,IS-1022,2024-03-04,413.0,5851.45
D05,IS-1022,2024-03-11,336.0,4369.94
D05,IS-1022,2024-03-18,336.0,4540.29
D05,IS-1022,2024-03-25,407.0,5676.799999999999
D05,IS-1022,2024-04-01,291.0,3712.58
D05,IS-1022,2024-04-08,314.0,4233.7699999999995
D05,IS-1022,2024-04-15,298.0,3905.91
D05,IS-1022,2024-04-22,456.0,5979.5599999999995
D05,IS-1022,2024-04-29,458.0,6396.59
D05,IS-1022,2024-05-06,443.0,6226.75
D05,IS-1022,2024-05-13,397.0,5240.67
D05,IS-1022,2024-05-20,370.0,5224.99
D05,IS-1022,2024-05-27,384.0,5310.82
D05,IS-1022,2024-06-03,422.0,5817.88
D05,IS-1022,2024-06-10,442.0,5889.16
D05,IS-1022,2024-06-17,337.0,4578.42
D05,IS-1022,2024-06-24,443.0,6263.25
D05,IS-1022,2024-07-01,467.0,6027.21
D05,IS-1022,2024-07-08,447.0,5832.95
D05,IS-1022,2024-07-15,315.0,4199.120000000001
D05,IS-1022,2024-07-22,438.0,5671.67
D05,IS-1022,2024-07-29,385.0,4970.83
D05,IS-1022,2024-08-05,489.0,6589.27
D05,IS-1022,2024-08-12,376.0,4967.01
D05,IS-1022,2024-08-19,449.0,5770.469999999999
D05,IS-1022,2024-08-26,470.0,6601.44
D05,IS-1022,2024-09-02,422.0,5528.26
D05,IS-1022,2024-09-09,341.0,4685.969999999999
D05,IS-1022,2024-09-16,394.0,5368.61
D05,IS-1022,2024-09-23,321.0,4146.16
D05,IS-1022,2024-09-30,330.0,4326.25
D05,IS-1022,2024-10-07,423.0,5445.56
D05,IS-1022,2024-10-14,355.0,4711.9
D05,IS-1022,2024-10-21,342.0,4705.41
D05,IS-1022,2024-10-28,444.0,6256.950000000001
D05,IS-1022,2024-11-04,424.0,5746.62
D05,IS-1022,2024-11-11,291.0,3982.0600000000004
D05,IS-1022,2024-11-18,345.0,4430.98
D05,IS-1022,2024-11-25,319.0,4267.42
D05,IS-1022,2024-12-02,325.0,4193.1900000000005
D05,IS-1022,2024-12-09,394.0,5169.25
D05,IS-1022,2024-12-16,373.0,5075.18
D05,IS-1022,2024-12-23,266.0,3498.35
D05,IS-1022,2024-12-30,400.0,5531.32
D05,IS-1022,2025-01-06,316.0,4430.23
D05,IS-1022,2025-01-13,363.0,4694.63
D05,IS-1022,2025-01-20,379.0,4984.22
D05,IS-1022,2025-01-27,385.0,5115.31
D05,IS-1022,2025-02-03,318.0,4436.92
D05,IS-1022,2025-02-10,372.0,4966.17
D05,IS-1022,2025-02-17,399.0,5437.71
D05,IS-1022,2025-02-24,347.0,4763.639999999999
D05,IS-1022,2025-03-03,333.0,4384.92
D05,IS-1022,2025-03-10,310.0,3949.5699999999997
D05,IS-1022,2025-03-17,476.0,6484.85
D05,IS-1022,2025-03-24,306.0,4047.05
D05,IS-1022,2025-03-31,321.0,4141.4
D05,IS-1022,2025-04-07,384.0,4983.2
D05,IS-1022,2025-04-14,322.0,4472.86
D05,IS-1022,2025-04-21,492.0,6769.12
D05,IS-1022,2025-04-28,315.0,4302.4
D05,IS-1022,2025-05-05,390.0,5307.73
D05,IS-1022,2025-05-12,437.0,5600.08
D05,IS-1022,2025-05-19,318.0,4199.41
D05,IS-1022,2025-05-26,339.0,4357.15
D05,IS-1022,2025-06-02,389.0,5101.950000000001
D05,IS-1022,2025-06-09,346.0,4697.43
D05,IS-1022,2025-06-16,406.0,5514.43
D05,IS-1022,2025-06-23,367.0,5112.88
D05,IS-1022,2025-06-30,385.0,5421.01
D05,IS-1022,2025-07-07,417.0,5869.23
D05,IS-1022,2025-07-14,328.0,4474.05
D05,IS-1022,2025-07-21,372.0,4820.93
D05,IS-1022,2025-07-28,357.0,4537.9
D05,IS-1022,2025-08-04,320.0,4443.32
D05,IS-1022,2025-08-11,410.0,5720.48
D05,IS-1022,2025-08-18,281.0,3939.24
D05,IS-1022,2025-08-25,291.0,3996.27
D05,IS-1022,2025-09-01,391.0,5067.24
D05,IS-1022,2025-09-08,283.0,3976.29
D05,IS-1022,2025-09-15,447.0,6297.38
D05,IS-1022,2025-09-22,275.0,3762.19
D05,IS-1022,2025-09-29,425.0,5749.22
D05,IS-1022,2025-10-06,385.0,4922.48
D05,IS-1022,2025-10-13,262.0,3683.4199999999996
D05,IS-1022,2025-10-20,332.0,4350.43
D05,IS-1022,2025-10-27,265.0,3709.26
D05,IS-1022,2025-11-03,288.0,3693.72
D05,IS-1022,2025-11-10,302.0,4097.03
D05,IS-1022,2025-11-17,237.0,3265.14
D05,IS-1022,2025-11-24,289.0,4097.42
D05,IS-1022,2025-12-01,310.0,3991.23
D05,IS-1022,2025-12-08,310.0,3945.1
D05,IS-1022,2025-12-15,260.0,3433.73
D05,IS-1022,2025-12-22,299.0,4154.56
D05,IS-1022,2025-12-29,332.0,4644.33
D05,IS-1022,2026-01-05,362.0,4843.42
D05,IS-1022,2026-01-12,476.0,6216.0599999999995
D05,IS-1022,2026-01-19,389.0,5131.79
D05,IS-1022,2026-01-26,289.0,4055.56
D05,IS-1022,2026-02-02,309.0,4187.59
D05,IS-1022,2026-02-09,358.0,5064.5199999999995
D05,IS-1022,2026-02-16,414.0,5834.469999999999
D05,IS-1022,2026-02-23,449.0,5716.21
D05,IS-1022,2026-03-02,270.0,3562.46
D05,IS-1022,2026-03-09,410.0,5643.59
D05,IS-1022,2026-03-16,294.0,4110.39
D05,IS-1022,2026-03-23,346.0,4648.38
D05,IS-1022,2026-03-30,422.0,5697.59
D05,IS-1022,2026-04-06,325.0,4139.6
D05,IS-1022,2026-04-13,346.0,4704.27
D05,IS-1022,2026-04-20,500.0,6694.209999999999
D05,IS-1022,2026-04-27,482.0,6441.860000000001
D05,IS-1022,2026-05-04,408.0,5625.22
D05,IS-1022,2026-05-11,290.0,3827.08
D05,IS-1022,2026-05-18,301.0,4203.0
D05,IS-1022,2026-05-25,394.0,5221.95
D05,IS-1022,2026-06-01,416.0,5302.76
D05,IS-1022,2026-06-08,404.0,5719.91
D05,IS-1022,2026-06-15,333.0,4259.92
D05,IS-1022,2026-06-22,386.0,5261.530000000001
D05,IS-1023,2024-01-01,370.0,5407.86
D05,IS-1023,2024-01-08,500.0,7524.52
D05,IS-1023,2024-01-15,397.0,6007.93
D05,IS-1023,2024-01-22,332.0,5134.150000000001
D05,IS-1023,2024-01-29,410.0,6291.46
D05,IS-1023,2024-02-05,382.0,6000.83
D05,IS-1023,2024-02-12,498.0,7235.19
D05,IS-1023,2024-02-19,380.0,5889.18
D05,IS-1023,2024-02-26,392.0,5928.51
D05,IS-1023,2024-03-04,490.0,7142.280000000001
D05,IS-1023,2024-03-11,369.0,5587.58
D05,IS-1023,2024-03-18,355.0,5491.89
D05,IS-1023,2024-03-25,446.0,6737.92
D05,IS-1023,2024-04-01,444.0,6530.429999999999
D05,IS-1023,2024-04-08,358.0,5696.27
D05,IS-1023,2024-04-15,327.0,4882.030000000001
D05,IS-1023,2024-04-22,467.0,7302.27
D05,IS-1023,2024-04-29,470.0,6850.57
D05,IS-1023,2024-05-06,489.0,7662.17
D05,IS-1023,2024-05-13,527.0,8124.83
D05,IS-1023,2024-05-20,462.0,7032.650000000001
D05,IS-1023,2024-05-27,447.0,6795.08
D05,IS-1023,2024-06-03,510.0,7498.8
D05,IS-1023,2024-06-10,466.0,7149.58
D05,IS-1023,2024-06-17,366.0,5365.58
D05,IS-1023,2024-06-24,475.0,7292.39
D05,IS-1023,2024-07-01,504.0,7268.6
D05,IS-1023,2024-07-08,397.0,6287.31
D05,IS-1023,2024-07-15,586.0,9326.68
D05,IS-1023,2024-07-22,430.0,6561.46
D05,IS-1023,2024-07-29,527.0,8057.13
D05,IS-1023,2024-08-05,384.0,5714.32
D05,IS-1023,2024-08-12,500.0,7321.01
D05,IS-1023,2024-08-19,538.0,8507.79
D05,IS-1023,2024-08-26,385.0,5976.45
D05,IS-1023,2024-09-02,449.0,6588.460000000001
D05,IS-1023,2024-09-09,411.0,6112.34
D05,IS-1023,2024-09-16,361.0,5230.03
D05,IS-1023,2024-09-23,424.0,6362.83
D05,IS-1023,2024-09-30,393.0,5919.47
D05,IS-1023,2024-10-07,393.0,6114.39
D05,IS-1023,2024-10-14,340.0,5174.4
D05,IS-1023,2024-10-21,457.0,7010.889999999999
D05,IS-1023,2024-10-28,374.0,5687.1900000000005
D05,IS-1023,2024-11-04,378.0,5644.05
D05,IS-1023,2024-11-11,336.0,5182.21
D05,IS-1023,2024-11-18,460.0,7104.89
D05,IS-1023,2024-11-25,320.0,4932.3
D05,IS-1023,2024-12-02,305.0,4516.889999999999
D05,IS-1023,2024-12-09,396.0,5934.06
D05,IS-1023,2024-12-16,360.0,5718.66
D05,IS-1023,2024-12-23,426.0,6182.91
D05,IS-1023,2024-12-30,490.0,7467.459999999999
D05,IS-1023,2025-01-06,472.0,7005.610000000001
D05,IS-1023,2025-01-13,451.0,6518.530000000001
D05,IS-1023,2025-01-20,343.0,5463.42
D05,IS-1023,2025-01-27,463.0,7018.139999999999
D05,IS-1023,2025-02-03,372.0,5838.37
D05,IS-1023,2025-02-10,338.0,5098.89
D05,IS-1023,2025-02-17,438.0,6692.92
D05,IS-1023,2025-02-24,382.0,5876.450000000001
D05,IS-1023,2025-03-03,401.0,6213.04
D05,IS-1023,2025-03-10,458.0,6670.75
D05,IS-1023,2025-03-17,469.0,6887.849999999999
D05,IS-1023,2025-03-24,402.0,6235.63
D05,IS-1023,2025-03-31,432.0,6889.17
D05,IS-1023,2025-04-07,490.0,7549.32
D05,IS-1023,2025-04-14,385.0,5606.57
D05,IS-1023,2025-04-21,341.0,5137.61
D05,IS-1023,2025-04-28,403.0,5985.19
D05,IS-1023,2025-05-05,415.0,6186.030000000001
D05,IS-1023,2025-05-12,429.0,6355.01
D05,IS-1023,2025-05-19,616.0,9106.62
D05,IS-1023,2025-05-26,394.0,5877.63
D05,IS-1023,2025-06-02,428.0,6331.99
D05,IS-1023,2025-06-09,386.0,5920.45
D05,IS-1023,2025-06-16,454.0,6841.09
D05,IS-1023,2025-06-23,472.0,7178.24
D05,IS-1023,2025-06-30,487.0,7736.62
D05,IS-1023,2025-07-07,450.0,6432.07
D05,IS-1023,2025-07-14,437.0,6731.59
D05,IS-1023,2025-07-21,297.0,4503.7300000000005
D05,IS-1023,2025-07-28,473.0,7375.92
D05,IS-1023,2025-08-04,518.0,7872.81
D05,IS-1023,2025-08-11,371.0,5572.03
D05,IS-1023,2025-08-18,363.0,5236.1900000000005
D05,IS-1023,2025-08-25,348.0,5040.99
D05,IS-1023,2025-09-01,445.0,6654.7
D05,IS-1023,2025-09-08,339.0,4965.67
D05,IS-1023,2025-09-15,390.0,5746.64
D05,IS-1023,2025-09-22,315.0,4664.92
D05,IS-1023,2025-09-29,415.0,6478.56
D05,IS-1023,2025-10-06,362.0,5610.59
D05,IS-1023,2025-10-13,395.0,5929.429999999999
D05,IS-1023,2025-10-20,334.0,5078.27
D05,IS-1023,2025-10-27,339.0,5371.389999999999
D05,IS-1023,2025-11-03,344.0,5187.59
D05,IS-1023,2025-11-10,328.0,4955.45
D05,IS-1023,2025-11-17,324.0,5061.790000000001
D05,IS-1023,2025-11-24,306.0,4421.19
D05,IS-1023,2025-12-01,397.0,6136.780000000001
D05,IS-1023,2025-12-08,387.0,6107.75
D05,IS-1023,2025-12-15,347.0,5279.460000000001
D05,IS-1023,2025-12-22,415.0,6591.29
D05,IS-1023,2025-12-29,465.0,7188.860000000001
D05,IS-1023,2026-01-05,336.0,5287.99
D05,IS-1023,2026-01-12,389.0,5705.59
D05,IS-1023,2026-01-19,391.0,6015.43
D05,IS-1023,2026-01-26,347.0,5409.68
D05,IS-1023,2026-02-02,317.0,4797.04
D05,IS-1023,2026-02-09,563.0,8667.92
D05,IS-1023,2026-02-16,414.0,5960.06
D05,IS-1023,2026-02-23,400.0,6294.68
D05,IS-1023,2026-03-02,422.0,6331.33
D05,IS-1023,2026-03-09,585.0,8666.22
D05,IS-1023,2026-03-16,398.0,6227.62
D05,IS-1023,2026-03-23,418.0,6294.07
D05,IS-1023,2026-03-30,424.0,6431.68
D05,IS-1023,2026-04-06,499.0,7343.66
D05,IS-1023,2026-04-13,446.0,7012.32
D05,IS-1023,2026-04-20,342.0,5450.25
D05,IS-1023,2026-04-27,334.0,4998.38
D05,IS-1023,2026-05-04,512.0,8006.85
D05,IS-1023,2026-05-11,458.0,6797.3
D05,IS-1023,2026-05-18,422.0,6491.22
D05,IS-1023,2026-05-25,395.0,6115.35
D05,IS-1023,2026-06-01,580.0,8402.13
D05,IS-1023,2026-06-08,463.0,7334.4
D05,IS-1023,2026-06-15,484.0,7331.83
D05,IS-1023,2026-06-22,506.0,7265.2
D05,IS-1024,2024-01-01,259.0,2589.15
D05,IS-1024,2024-01-08,291.0,2705.85
D05,IS-1024,2024-01-15,294.0,2721.2999999999997
D05,IS-1024,2024-01-22,285.0,2839.02
D05,IS-1024,2024-01-29,332.0,3012.69
D05,IS-1024,2024-02-05,244.0,2271.66
D05,IS-1024,2024-02-12,311.0,3044.3999999999996
D05,IS-1024,2024-02-19,350.0,3318.7799999999997
D05,IS-1024,2024-02-26,290.0,2871.93
D05,IS-1024,2024-03-04,345.0,3326.56
D05,IS-1024,2024-03-11,299.0,2758.02
D05,IS-1024,2024-03-18,265.0,2465.85
D05,IS-1024,2024-03-25,237.0,2284.54
D05,IS-1024,2024-04-01,294.0,2818.44
D05,IS-1024,2024-04-08,307.0,3008.13
D05,IS-1024,2024-04-15,452.0,4094.36
D05,IS-1024,2024-04-22,330.0,3283.35
D05,IS-1024,2024-04-29,304.0,2875.4
D05,IS-1024,2024-05-06,360.0,3409.83
D05,IS-1024,2024-05-13,315.0,3152.63
D05,IS-1024,2024-05-20,392.0,3691.62
D05,IS-1024,2024-05-27,425.0,4209.49
D05,IS-1024,2024-06-03,346.0,3377.07
D05,IS-1024,2024-06-10,259.0,2568.56
D05,IS-1024,2024-06-17,333.0,3112.3999999999996
D05,IS-1024,2024-06-24,330.0,3118.45
D05,IS-1024,2024-07-01,431.0,3966.3
D05,IS-1024,2024-07-08,359.0,3276.2400000000002
D05,IS-1024,2024-07-15,315.0,2862.45
D05,IS-1024,2024-07-22,410.0,3966.76
D05,IS-1024,2024-07-29,325.0,3081.13
D05,IS-1024,2024-08-05,322.0,3173.27
D05,IS-1024,2024-08-12,302.0,2790.38
D05,IS-1024,2024-08-19,384.0,3777.75
D05,IS-1024,2024-08-26,295.0,2880.39
D05,IS-1024,2024-09-02,349.0,3494.4
D05,IS-1024,2024-09-09,333.0,3028.0299999999997
D05,IS-1024,2024-09-16,314.0,2987.25
D05,IS-1024,2024-09-23,353.0,3396.6600000000003
D05,IS-1024,2024-09-30,384.0,3653.17
D05,IS-1024,2024-10-07,251.0,2310.14
D05,IS-1024,2024-10-14,291.0,2727.89
D05,IS-1024,2024-10-21,285.0,2816.97
D05,IS-1024,2024-10-28,298.0,2766.66
D05,IS-1024,2024-11-04,267.0,2441.92
D05,IS-1024,2024-11-11,248.0,2425.69
D05,IS-1024,2024-11-18,284.0,2838.55
D05,IS-1024,2024-11-25,334.0,3205.4700000000003
D05,IS-1024,2024-12-02,278.0,2741.52
D05,IS-1024,2024-12-09,304.0,2778.14
D05,IS-1024,2024-12-16,359.0,3389.0299999999997
D05,IS-1024,2024-12-23,293.0,2640.05
D05,IS-1024,2024-12-30,332.0,3036.49
D05,IS-1024,2025-01-06,338.0,3154.0299999999997
D05,IS-1024,2025-01-13,347.0,3352.86
D05,IS-1024,2025-01-20,396.0,3886.6299999999997
D05,IS-1024,2025-01-27,286.0,2785.06
D05,IS-1024,2025-02-03,336.0,3326.33
D05,IS-1024,2025-02-10,305.0,2979.17
D05,IS-1024,2025-02-17,321.0,2886.35
D05,IS-1024,2025-02-24,319.0,3122.4
D05,IS-1024,2025-03-03,362.0,3509.9
D05,IS-1024,2025-03-10,283.0,2582.07
D05,IS-1024,2025-03-17,326.0,3245.82
D05,IS-1024,2025-03-24,256.0,2417.52
D05,IS-1024,2025-03-31,277.0,2602.44
D05,IS-1024,2025-04-07,289.0,2624.3
D05,IS-1024,2025-04-14,346.0,3324.51
D05,IS-1024,2025-04-21,339.0,3109.04
D05,IS-1024,2025-04-28,395.0,3634.25
D05,IS-1024,2025-05-05,373.0,3662.2200000000003
D05,IS-1024,2025-05-12,322.0,2936.51
D05,IS-1024,2025-05-19,508.0,4965.5599999999995
D05,IS-1024,2025-05-26,333.0,3170.9
D05,IS-1024,2025-06-02,262.0,2624.9300000000003
D05,IS-1024,2025-06-09,268.0,2492.54
D05,IS-1024,2025-06-16,359.0,3291.49
D05,IS-1024,2025-06-23,255.0,2415.1
D05,IS-1024,2025-06-30,330.0,2990.05
D05,IS-1024,2025-07-07,304.0,2991.15
D05,IS-1024,2025-07-14,423.0,4155.04
D05,IS-1024,2025-07-21,265.0,2528.88
D05,IS-1024,2025-07-28,363.0,3296.2
D05,IS-1024,2025-08-04,295.0,2881.5099999999998
D05,IS-1024,2025-08-11,288.0,2761.4100000000003
D05,IS-1024,2025-08-18,383.0,3765.51
D05,IS-1024,2025-08-25,280.0,2573.08
D05,IS-1024,2025-09-01,261.0,2426.37
D05,IS-1024,2025-09-08,276.0,2622.7799999999997
D05,IS-1024,2025-09-15,252.0,2495.81
D05,IS-1024,2025-09-22,231.0,2273.63
D05,IS-1024,2025-09-29,256.0,2428.79
D05,IS-1024,2025-10-06,224.0,2124.7
D05,IS-1024,2025-10-13,248.0,2304.56
D05,IS-1024,2025-10-20,245.0,2413.27
D05,IS-1024,2025-10-27,288.0,2676.93
D05,IS-1024,2025-11-03,227.0,2206.04
D05,IS-1024,2025-11-10,300.0,2718.8
D05,IS-1024,2025-11-17,198.0,1839.85
D05,IS-1024,2025-11-24,237.0,2311.01
D05,IS-1024,2025-12-01,264.0,2547.25
D05,IS-1024,2025-12-08,256.0,2435.45
D05,IS-1024,2025-12-15,275.0,2469.33
D05,IS-1024,2025-12-22,223.0,2016.01
D05,IS-1024,2025-12-29,365.0,3653.99
D05,IS-1024,2026-01-05,352.0,3159.39
D05,IS-1024,2026-01-12,188.0,1805.1100000000001
D05,IS-1024,2026-01-19,306.0,2801.2
D05,IS-1024,2026-01-26,267.0,2524.66
D05,IS-1024,2026-02-02,279.0,2524.5699999999997
D05,IS-1024,2026-02-09,283.0,2617.6400000000003
D05,IS-1024,2026-02-16,257.0,2403.32
D05,IS-1024,2026-02-23,288.0,2766.67
D05,IS-1024,2026-03-02,373.0,3425.6099999999997
D05,IS-1024,2026-03-09,394.0,3652.7200000000003
D05,IS-1024,2026-03-16,297.0,2934.55
D05,IS-1024,2026-03-23,240.0,2342.7200000000003
D05,IS-1024,2026-03-30,298.0,2704.19
D05,IS-1024,2026-04-06,298.0,2690.92
D05,IS-1024,2026-04-13,391.0,3510.38
D05,IS-1024,2026-04-20,265.0,2549.38
D05,IS-1024,2026-04-27,242.0,2256.86
D05,IS-1024,2026-05-04,290.0,2701.36
D05,IS-1024,2026-05-11,358.0,3347.4700000000003
D05,IS-1024,2026-05-18,283.0,2768.3
D05,IS-1024,2026-05-25,315.0,2891.38
D05,IS-1024,2026-06-01,367.0,3340.42
D05,IS-1024,2026-06-08,261.0,2362.25
D05,IS-1024,2026-06-15,324.0,2936.77
D05,IS-1024,2026-06-22,341.0,3404.0
D05,IS-1025,2024-01-01,205.0,2796.0
D05,IS-1025,2024-01-08,216.0,2966.6
D05,IS-1025,2024-01-15,184.0,2387.3500000000004
D05,IS-1025,2024-01-22,224.0,3037.94
D05,IS-1025,2024-01-29,276.0,3672.5
D05,IS-1025,2024-02-05,281.0,3508.58
D05,IS-1025,2024-02-12,257.0,3414.06
D05,IS-1025,2024-02-19,209.0,2725.46
D05,IS-1025,2024-02-26,257.0,3384.63
D05,IS-1025,2024-03-04,234.0,3103.75
D05,IS-1025,2024-03-11,232.0,2952.93
D05,IS-1025,2024-03-18,294.0,3738.28
D05,IS-1025,2024-03-25,237.0,2983.88
D05,IS-1025,2024-04-01,238.0,3100.45
D05,IS-1025,2024-04-08,272.0,3538.1800000000003
D05,IS-1025,2024-04-15,209.0,2806.0200000000004
D05,IS-1025,2024-04-22,251.0,3424.17
D05,IS-1025,2024-04-29,314.0,4100.31
D05,IS-1025,2024-05-06,327.0,4365.21
D05,IS-1025,2024-05-13,230.0,3069.84
D05,IS-1025,2024-05-20,228.0,2888.78
D05,IS-1025,2024-05-27,243.0,3364.9
D05,IS-1025,2024-06-03,163.0,2159.4
D05,IS-1025,2024-06-10,344.0,4635.66
D05,IS-1025,2024-06-17,296.0,3846.45
D05,IS-1025,2024-06-24,225.0,3040.7
D05,IS-1025,2024-07-01,216.0,2972.01
D05,IS-1025,2024-07-08,265.0,3480.3599999999997
D05,IS-1025,2024-07-15,278.0,3487.23
D05,IS-1025,2024-07-22,356.0,4699.75
D05,IS-1025,2024-07-29,241.0,3295.12
D05,IS-1025,2024-08-05,267.0,3545.26
D05,IS-1025,2024-08-12,238.0,3265.7000000000003
D05,IS-1025,2024-08-19,247.0,3189.9500000000003
D05,IS-1025,2024-08-26,333.0,4279.38
D05,IS-1025,2024-09-02,376.0,4761.76
D05,IS-1025,2024-09-09,274.0,3633.2200000000003
D05,IS-1025,2024-09-16,200.0,2716.68
D05,IS-1025,2024-09-23,278.0,3874.9400000000005
D05,IS-1025,2024-09-30,241.0,3059.2299999999996
D05,IS-1025,2024-10-07,247.0,3241.09
D05,IS-1025,2024-10-14,230.0,2927.5
D05,IS-1025,2024-10-21,214.0,2746.1299999999997
D05,IS-1025,2024-10-28,250.0,3439.45
D05,IS-1025,2024-11-04,211.0,2928.52
D05,IS-1025,2024-11-11,219.0,2816.44
D05,IS-1025,2024-11-18,228.0,3106.48
D05,IS-1025,2024-11-25,236.0,3226.6800000000003
D05,IS-1025,2024-12-02,181.0,2305.2
D05,IS-1025,2024-12-09,238.0,2990.11
D05,IS-1025,2024-12-16,210.0,2705.56
D05,IS-1025,2024-12-23,243.0,3050.02
D05,IS-1025,2024-12-30,314.0,3928.74
D05,IS-1025,2025-01-06,199.0,2692.8199999999997
D05,IS-1025,2025-01-13,224.0,3058.44
D05,IS-1025,2025-01-20,216.0,2784.56
D05,IS-1025,2025-01-27,211.0,2687.24
D05,IS-1025,2025-02-03,194.0,2612.46
D05,IS-1025,2025-02-10,237.0,3160.27
D05,IS-1025,2025-02-17,204.0,2784.1900000000005
D05,IS-1025,2025-02-24,303.0,3984.85
D05,IS-1025,2025-03-03,249.0,3459.08
D05,IS-1025,2025-03-10,199.0,2766.67
D05,IS-1025,2025-03-17,255.0,3545.31
D05,IS-1025,2025-03-24,247.0,3201.7599999999998
D05,IS-1025,2025-03-31,207.0,2652.09
D05,IS-1025,2025-04-07,246.0,3419.45
D05,IS-1025,2025-04-14,257.0,3530.6
D05,IS-1025,2025-04-21,346.0,4692.24
D05,IS-1025,2025-04-28,213.0,2843.87
D05,IS-1025,2025-05-05,267.0,3679.98
D05,IS-1025,2025-05-12,213.0,2818.85
D05,IS-1025,2025-05-19,241.0,3100.5
D05,IS-1025,2025-05-26,219.0,2940.62
D05,IS-1025,2025-06-02,316.0,4348.360000000001
D05,IS-1025,2025-06-09,308.0,4288.78
D05,IS-1025,2025-06-16,300.0,4097.29
D05,IS-1025,2025-06-23,230.0,2933.4
D05,IS-1025,2025-06-30,222.0,2866.3
D05,IS-1025,2025-07-07,251.0,3500.4
D05,IS-1025,2025-07-14,330.0,4395.04
D05,IS-1025,2025-07-21,288.0,3869.7
D05,IS-1025,2025-07-28,356.0,4611.89
D05,IS-1025,2025-08-04,233.0,3008.06
D05,IS-1025,2025-08-11,241.0,3074.94
D05,IS-1025,2025-08-18,267.0,3424.22
D05,IS-1025,2025-08-25,235.0,3082.7599999999998
D05,IS-1025,2025-09-01,233.0,3236.27
D05,IS-1025,2025-09-08,199.0,2586.42
D05,IS-1025,2025-09-15,202.0,2642.18
D05,IS-1025,2025-09-22,322.0,4048.55
D05,IS-1025,2025-09-29,208.0,2794.71
D05,IS-1025,2025-10-06,264.0,3573.45
D05,IS-1025,2025-10-13,173.0,2181.77
D05,IS-1025,2025-10-20,222.0,3064.1
D05,IS-1025,2025-10-27,187.0,2514.21
D05,IS-1025,2025-11-03,210.0,2881.7
D05,IS-1025,2025-11-10,248.0,3248.37
D05,IS-1025,2025-11-17,206.0,2813.7200000000003
D05,IS-1025,2025-11-24,286.0,3842.6000000000004
D05,IS-1025,2025-12-01,225.0,2846.52
D05,IS-1025,2025-12-08,220.0,2878.99
D05,IS-1025,2025-12-15,203.0,2780.08
D05,IS-1025,2025-12-22,188.0,2571.12
D05,IS-1025,2025-12-29,193.0,2420.67
D05,IS-1025,2026-01-05,233.0,3142.58
D05,IS-1025,2026-01-12,195.0,2699.0299999999997
D05,IS-1025,2026-01-19,211.0,2725.1499999999996
D05,IS-1025,2026-01-26,211.0,2932.8500000000004
D05,IS-1025,2026-02-02,288.0,3775.69
D05,IS-1025,2026-02-09,231.0,2973.06
D05,IS-1025,2026-02-16,237.0,3154.19
D05,IS-1025,2026-02-23,202.0,2731.4900000000002
D05,IS-1025,2026-03-02,205.0,2739.34
D05,IS-1025,2026-03-09,201.0,2669.04
D05,IS-1025,2026-03-16,234.0,2976.02
D05,IS-1025,2026-03-23,187.0,2570.86
D05,IS-1025,2026-03-30,272.0,3629.87
D05,IS-1025,2026-04-06,263.0,3553.32
D05,IS-1025,2026-04-13,206.0,2799.93
D05,IS-1025,2026-04-20,241.0,3319.9799999999996
D05,IS-1025,2026-04-27,299.0,3980.29
D05,IS-1025,2026-05-04,252.0,3515.43
D05,IS-1025,2026-05-11,212.0,2805.7000000000003
D05,IS-1025,2026-05-18,307.0,4038.85
D05,IS-1025,2026-05-25,300.0,3887.4
D05,IS-1025,2026-06-01,310.0,3998.91
D05,IS-1025,2026-06-08,223.0,3020.98
D05,IS-1025,2026-06-15,414.0,5179.0
D05,IS-1025,2026-06-22,273.0,3759.87
D05,IS-1026,2024-01-01,91.0,658.97
D05,IS-1026,2024-01-08,97.0,715.1
D05,IS-1026,2024-01-15,81.0,549.72
D05,IS-1026,2024-01-22,83.0,596.16
D05,IS-1026,2024-01-29,110.0,823.11
D05,IS-1026,2024-02-05,108.0,775.26
D05,IS-1026,2024-02-12,81.0,564.04
D05,IS-1026,2024-02-19,76.0,553.12
D05,IS-1026,2024-02-26,84.0,617.6
D05,IS-1026,2024-03-04,119.0,861.1099999999999
D05,IS-1026,2024-03-11,66.0,488.64000000000004
D05,IS-1026,2024-03-18,94.0,683.84
D05,IS-1026,2024-03-25,119.0,850.99
D05,IS-1026,2024-04-01,108.0,784.87
D05,IS-1026,2024-04-08,103.0,728.39
D05,IS-1026,2024-04-15,122.0,876.26
D05,IS-1026,2024-04-22,104.0,749.45
D05,IS-1026,2024-04-29,100.0,717.85
D05,IS-1026,2024-05-06,122.0,848.67
D05,IS-1026,2024-05-13,146.0,1080.51
D05,IS-1026,2024-05-20,78.0,565.01
D05,IS-1026,2024-05-27,98.0,686.99
D05,IS-1026,2024-06-03,106.0,737.4
D05,IS-1026,2024-06-10,102.0,702.28
D05,IS-1026,2024-06-17,112.0,815.6700000000001
D05,IS-1026,2024-06-24,110.0,781.0799999999999
D05,IS-1026,2024-07-01,92.0,628.4399999999999
D05,IS-1026,2024-07-08,120.0,838.1400000000001
D05,IS-1026,2024-07-15,108.0,789.55
D05,IS-1026,2024-07-22,132.0,889.88
D05,IS-1026,2024-07-29,127.0,947.89
D05,IS-1026,2024-08-05,104.0,731.3199999999999
D05,IS-1026,2024-08-12,116.0,831.5799999999999
D05,IS-1026,2024-08-19,75.0,523.4
D05,IS-1026,2024-08-26,76.0,536.0
D05,IS-1026,2024-09-02,122.0,897.45
D05,IS-1026,2024-09-09,101.0,683.86
D05,IS-1026,2024-09-16,123.0,902.21
D05,IS-1026,2024-09-23,119.0,871.79
D05,IS-1026,2024-09-30,79.0,539.52
D05,IS-1026,2024-10-07,109.0,788.05
D05,IS-1026,2024-10-14,87.0,597.77
D05,IS-1026,2024-10-21,93.0,672.02
D05,IS-1026,2024-10-28,80.0,556.19
D05,IS-1026,2024-11-04,111.0,824.45
D05,IS-1026,2024-11-11,102.0,691.63
D05,IS-1026,2024-11-18,86.0,636.36
D05,IS-1026,2024-11-25,84.0,629.75
D05,IS-1026,2024-12-02,105.0,737.1
D05,IS-1026,2024-12-09,83.0,574.36
D05,IS-1026,2024-12-16,85.0,601.96
D05,IS-1026,2024-12-23,84.0,596.44
D05,IS-1026,2024-12-30,84.0,573.82
D05,IS-1026,2025-01-06,104.0,758.41
D05,IS-1026,2025-01-13,98.0,699.8299999999999
D05,IS-1026,2025-01-20,87.0,656.1899999999999
D05,IS-1026,2025-01-27,82.0,608.55
D05,IS-1026,2025-02-03,96.0,650.9399999999999
D05,IS-1026,2025-02-10,93.0,696.9
D05,IS-1026,2025-02-17,110.0,750.29
D05,IS-1026,2025-02-24,88.0,663.2199999999999
D05,IS-1026,2025-03-03,106.0,791.19
D05,IS-1026,2025-03-10,96.0,706.65
D05,IS-1026,2025-03-17,105.0,720.02
D05,IS-1026,2025-03-24,130.0,936.0
D05,IS-1026,2025-03-31,98.0,736.98
D05,IS-1026,2025-04-07,143.0,986.51
D05,IS-1026,2025-04-14,101.0,679.41
D05,IS-1026,2025-04-21,89.0,662.6700000000001
D05,IS-1026,2025-04-28,133.0,994.07
D05,IS-1026,2025-05-05,138.0,1001.69
D05,IS-1026,2025-05-12,92.0,663.36
D05,IS-1026,2025-05-19,94.0,667.2
D05,IS-1026,2025-05-26,120.0,850.6600000000001
D05,IS-1026,2025-06-02,116.0,780.32
D05,IS-1026,2025-06-09,94.0,657.45
D05,IS-1026,2025-06-16,93.0,655.0600000000001
D05,IS-1026,2025-06-23,110.0,767.19
D05,IS-1026,2025-06-30,103.0,735.86
D05,IS-1026,2025-07-07,114.0,851.27
D05,IS-1026,2025-07-14,113.0,830.17
D05,IS-1026,2025-07-21,119.0,848.04
D05,IS-1026,2025-07-28,76.0,521.87
D05,IS-1026,2025-08-04,135.0,934.2
D05,IS-1026,2025-08-11,109.0,772.78
D05,IS-1026,2025-08-18,94.0,639.94
D05,IS-1026,2025-08-25,98.0,724.36
D05,IS-1026,2025-09-01,108.0,770.34
D05,IS-1026,2025-09-08,101.0,691.77
D05,IS-1026,2025-09-15,100.0,713.23
D05,IS-1026,2025-09-22,94.0,652.51
D05,IS-1026,2025-09-29,121.0,857.64
D05,IS-1026,2025-10-06,98.0,685.33
D05,IS-1026,2025-10-13,110.0,815.93
D05,IS-1026,2025-10-20,127.0,879.62
D05,IS-1026,2025-10-27,105.0,788.63
D05,IS-1026,2025-11-03,95.0,662.27
D05,IS-1026,2025-11-10,68.0,491.99
D05,IS-1026,2025-11-17,84.0,600.79
D05,IS-1026,2025-11-24,123.0,890.56
D05,IS-1026,2025-12-01,94.0,690.89
D05,IS-1026,2025-12-08,73.0,523.69
D05,IS-1026,2025-12-15,87.0,608.01
D05,IS-1026,2025-12-22,75.0,555.1899999999999
D05,IS-1026,2025-12-29,84.0,620.86
D05,IS-1026,2026-01-05,85.0,617.21
D05,IS-1026,2026-01-12,83.0,595.3199999999999
D05,IS-1026,2026-01-19,93.0,675.3
D05,IS-1026,2026-01-26,68.0,485.03
D05,IS-1026,2026-02-02,103.0,730.4300000000001
D05,IS-1026,2026-02-09,117.0,854.75
D05,IS-1026,2026-02-16,72.0,507.44
D05,IS-1026,2026-02-23,113.0,840.13
D05,IS-1026,2026-03-02,107.0,728.31
D05,IS-1026,2026-03-09,104.0,733.0799999999999
D05,IS-1026,2026-03-16,100.0,745.23
D05,IS-1026,2026-03-23,104.0,780.7
D05,IS-1026,2026-03-30,116.0,851.8
D05,IS-1026,2026-04-06,106.0,715.54
D05,IS-1026,2026-04-13,155.0,1054.62
D05,IS-1026,2026-04-20,95.0,695.92
D05,IS-1026,2026-04-27,135.0,918.27
D05,IS-1026,2026-05-04,104.0,700.9000000000001
D05,IS-1026,2026-05-11,100.0,704.95
D05,IS-1026,2026-05-18,125.0,843.72
D05,IS-1026,2026-05-25,103.0,709.78
D05,IS-1026,2026-06-01,140.0,1050.71
D05,IS-1026,2026-06-08,97.0,669.6500000000001
D05,IS-1026,2026-06-15,131.0,951.5400000000001
D05,IS-1026,2026-06-22,118.0,856.07
D05,IS-1027,2024-01-01,381.0,5246.43
D05,IS-1027,2024-01-08,451.0,6466.35
D05,IS-1027,2024-01-15,469.0,6949.42
D05,IS-1027,2024-01-22,520.0,7655.98
D05,IS-1027,2024-01-29,446.0,6270.44
D05,IS-1027,2024-02-05,465.0,6434.87
D05,IS-1027,2024-02-12,544.0,8313.220000000001
D05,IS-1027,2024-02-19,384.0,5305.5
D05,IS-1027,2024-02-26,585.0,8471.03
D05,IS-1027,2024-03-04,440.0,6223.29
D05,IS-1027,2024-03-11,593.0,8577.91
D05,IS-1027,2024-03-18,617.0,8659.71
D05,IS-1027,2024-03-25,490.0,7208.82
D05,IS-1027,2024-04-01,607.0,8450.61
D05,IS-1027,2024-04-08,499.0,7192.74
D05,IS-1027,2024-04-15,477.0,6944.88
D05,IS-1027,2024-04-22,569.0,7928.57
D05,IS-1027,2024-04-29,617.0,9300.0
D05,IS-1027,2024-05-06,471.0,7031.89
D05,IS-1027,2024-05-13,422.0,6395.81
D05,IS-1027,2024-05-20,567.0,8047.99
D05,IS-1027,2024-05-27,706.0,10684.88
D05,IS-1027,2024-06-03,552.0,7972.31
D05,IS-1027,2024-06-10,673.0,9301.44
D05,IS-1027,2024-06-17,654.0,9434.19
D05,IS-1027,2024-06-24,633.0,8922.05
D05,IS-1027,2024-07-01,540.0,8257.26
D05,IS-1027,2024-07-08,500.0,6896.2300000000005
D05,IS-1027,2024-07-15,560.0,7780.8
D05,IS-1027,2024-07-22,459.0,6840.5599999999995
D05,IS-1027,2024-07-29,615.0,9152.22
D05,IS-1027,2024-08-05,508.0,6985.58
D05,IS-1027,2024-08-12,522.0,7452.39
D05,IS-1027,2024-08-19,515.0,7783.5
D05,IS-1027,2024-08-26,467.0,6617.79
D05,IS-1027,2024-09-02,480.0,6870.61
D05,IS-1027,2024-09-09,545.0,7519.82
D05,IS-1027,2024-09-16,430.0,5957.36
D05,IS-1027,2024-09-23,428.0,6460.969999999999
D05,IS-1027,2024-09-30,439.0,6437.59
D05,IS-1027,2024-10-07,500.0,6877.2300000000005
D05,IS-1027,2024-10-14,385.0,5351.17
D05,IS-1027,2024-10-21,436.0,6198.14
D05,IS-1027,2024-10-28,340.0,5077.08
D05,IS-1027,2024-11-04,376.0,5343.4
D05,IS-1027,2024-11-11,447.0,6803.629999999999
D05,IS-1027,2024-11-18,496.0,7459.5
D05,IS-1027,2024-11-25,478.0,7264.21
D05,IS-1027,2024-12-02,469.0,6677.02
D05,IS-1027,2024-12-09,431.0,6006.81
D05,IS-1027,2024-12-16,560.0,7988.91
D05,IS-1027,2024-12-23,437.0,6054.99
D05,IS-1027,2024-12-30,378.0,5738.96
D05,IS-1027,2025-01-06,581.0,8057.02
D05,IS-1027,2025-01-13,415.0,5898.37
D05,IS-1027,2025-01-20,456.0,6340.110000000001
D05,IS-1027,2025-01-27,555.0,8390.51
D05,IS-1027,2025-02-03,437.0,6290.99
D05,IS-1027,2025-02-10,574.0,8741.68
D05,IS-1027,2025-02-17,499.0,7330.530000000001
D05,IS-1027,2025-02-24,533.0,7659.599999999999
D05,IS-1027,2025-03-03,516.0,7554.42
D05,IS-1027,2025-03-10,483.0,7176.78
D05,IS-1027,2025-03-17,640.0,9151.86
D05,IS-1027,2025-03-24,572.0,8742.76
D05,IS-1027,2025-03-31,395.0,5795.63
D05,IS-1027,2025-04-07,483.0,7091.01
D05,IS-1027,2025-04-14,586.0,8821.800000000001
D05,IS-1027,2025-04-21,367.0,5368.48
D05,IS-1027,2025-04-28,465.0,7091.99
D05,IS-1027,2025-05-05,621.0,9524.17
D05,IS-1027,2025-05-12,556.0,8217.32
D05,IS-1027,2025-05-19,491.0,6829.23
D05,IS-1027,2025-05-26,593.0,8594.74
D05,IS-1027,2025-06-02,739.0,10549.0
D05,IS-1027,2025-06-09,463.0,7045.55
D05,IS-1027,2025-06-16,442.0,6257.05
D05,IS-1027,2025-06-23,687.0,10428.4
D05,IS-1027,2025-06-30,615.0,8724.48
D05,IS-1027,2025-07-07,504.0,7612.7
D05,IS-1027,2025-07-14,528.0,7443.040000000001
D05,IS-1027,2025-07-21,590.0,8479.12
D05,IS-1027,2025-07-28,586.0,8228.34
D05,IS-1027,2025-08-04,587.0,8370.45
D05,IS-1027,2025-08-11,449.0,6606.37
D05,IS-1027,2025-08-18,483.0,6927.29
D05,IS-1027,2025-08-25,666.0,10082.380000000001
D05,IS-1027,2025-09-01,543.0,8132.76
D05,IS-1027,2025-09-08,627.0,8733.68
D05,IS-1027,2025-09-15,497.0,6907.42
D05,IS-1027,2025-09-22,443.0,6298.13
D05,IS-1027,2025-09-29,411.0,6037.5
D05,IS-1027,2025-10-06,441.0,6167.14
D05,IS-1027,2025-10-13,559.0,7848.42
D05,IS-1027,2025-10-20,469.0,6880.09
D05,IS-1027,2025-10-27,368.0,5152.44
D05,IS-1027,2025-11-03,393.0,5723.0
D05,IS-1027,2025-11-10,643.0,9063.39
D05,IS-1027,2025-11-17,397.0,6038.7
D05,IS-1027,2025-11-24,468.0,6718.2
D05,IS-1027,2025-12-01,513.0,7770.5
D05,IS-1027,2025-12-08,429.0,6099.83
D05,IS-1027,2025-12-15,315.0,4376.71
D05,IS-1027,2025-12-22,375.0,5274.84
D05,IS-1027,2025-12-29,392.0,5755.36
D05,IS-1027,2026-01-05,367.0,5133.08
D05,IS-1027,2026-01-12,567.0,7887.93
D05,IS-1027,2026-01-19,519.0,7676.1
D05,IS-1027,2026-01-26,559.0,8043.44
D05,IS-1027,2026-02-02,410.0,5736.16
D05,IS-1027,2026-02-09,457.0,6997.62
D05,IS-1027,2026-02-16,557.0,7859.710000000001
D05,IS-1027,2026-02-23,371.0,5615.98
D05,IS-1027,2026-03-02,644.0,9305.29
D05,IS-1027,2026-03-09,587.0,8273.19
D05,IS-1027,2026-03-16,532.0,7854.2
D05,IS-1027,2026-03-23,460.0,6800.15
D05,IS-1027,2026-03-30,418.0,5780.75
D05,IS-1027,2026-04-06,570.0,8198.93
D05,IS-1027,2026-04-13,653.0,9458.23
D05,IS-1027,2026-04-20,554.0,8173.13
D05,IS-1027,2026-04-27,582.0,8293.4
D05,IS-1027,2026-05-04,589.0,8131.13
D05,IS-1027,2026-05-11,550.0,8441.91
D05,IS-1027,2026-05-18,581.0,8244.44
D05,IS-1027,2026-05-25,680.0,9967.31
D05,IS-1027,2026-06-01,591.0,8565.869999999999
D05,IS-1027,2026-06-08,555.0,8237.53
D05,IS-1027,2026-06-15,483.0,7302.08
D05,IS-1027,2026-06-22,616.0,8923.61
D05,LD-1036,2024-01-01,2918.0,835.38
D05,LD-1036,2024-01-08,3157.0,914.79
D05,LD-1036,2024-01-15,2509.0,724.99
D05,LD-1036,2024-01-22,3144.0,947.14
D05,LD-1036,2024-01-29,4027.0,1126.54
D05,LD-1036,2024-02-05,3473.0,1008.37
D05,LD-1036,2024-02-12,3278.0,992.37
D05,LD-1036,2024-02-19,2242.0,637.03
D05,LD-1036,2024-02-26,3398.0,1021.85
D05,LD-1036,2024-03-04,3234.0,960.25
D05,LD-1036,2024-03-11,2697.0,797.31
D05,LD-1036,2024-03-18,2931.0,799.29
D05,LD-1036,2024-03-25,3065.0,868.77
D05,LD-1036,2024-04-01,3396.0,928.0
D05,LD-1036,2024-04-08,2546.0,701.63
D05,LD-1036,2024-04-15,3211.0,922.98
D05,LD-1036,2024-04-22,4049.0,1167.1
D05,LD-1036,2024-04-29,3499.0,1047.06
D05,LD-1036,2024-05-06,2764.0,772.52
D05,LD-1036,2024-05-13,3399.0,1008.56
D05,LD-1036,2024-05-20,3522.0,965.89
D05,LD-1036,2024-05-27,2409.0,729.3899999999999
D05,LD-1036,2024-06-03,3444.0,972.37
D05,LD-1036,2024-06-10,3299.0,956.36
D05,LD-1036,2024-06-17,2600.0,715.91
D05,LD-1036,2024-06-24,4376.0,1195.96
D05,LD-1036,2024-07-01,3432.0,982.44
D05,LD-1036,2024-07-08,3164.0,904.78
D05,LD-1036,2024-07-15,2855.0,856.0699999999999
D05,LD-1036,2024-07-22,3284.0,972.5
D05,LD-1036,2024-07-29,3417.0,956.02
D05,LD-1036,2024-08-05,3889.0,1167.5
D05,LD-1036,2024-08-12,3106.0,859.75
D05,LD-1036,2024-08-19,2559.0,701.92
D05,LD-1036,2024-08-26,3069.0,862.74
D05,LD-1036,2024-09-02,3037.0,844.5600000000001
D05,LD-1036,2024-09-09,3898.0,1155.69
D05,LD-1036,2024-09-16,3152.0,914.47
D05,LD-1036,2024-09-23,3166.0,864.09
D05,LD-1036,2024-09-30,2727.0,747.12
D05,LD-1036,2024-10-07,3094.0,873.88
D05,LD-1036,2024-10-14,2565.0,747.0
D05,LD-1036,2024-10-21,2958.0,823.8399999999999
D05,LD-1036,2024-10-28,3227.0,954.98
D05,LD-1036,2024-11-04,2841.0,793.39
D05,LD-1036,2024-11-11,3341.0,952.22
D05,LD-1036,2024-11-18,3474.0,1016.1800000000001
D05,LD-1036,2024-11-25,3333.0,970.3599999999999
D05,LD-1036,2024-12-02,2832.0,809.83
D05,LD-1036,2024-12-09,2438.0,667.37
D05,LD-1036,2024-12-16,2416.0,715.79
D05,LD-1036,2024-12-23,3050.0,917.87
D05,LD-1036,2024-12-30,2935.0,874.27
D05,LD-1036,2025-01-06,2807.0,762.57
D05,LD-1036,2025-01-13,2629.0,743.8199999999999
D05,LD-1036,2025-01-20,2871.0,783.95
D05,LD-1036,2025-01-27,2347.0,660.39
D05,LD-1036,2025-02-03,2641.0,796.85
D05,LD-1036,2025-02-10,2846.0,845.6
D05,LD-1036,2025-02-17,3289.0,997.06
D05,LD-1036,2025-02-24,3460.0,1047.02
D05,LD-1036,2025-03-03,2255.0,667.16
D05,LD-1036,2025-03-10,2401.0,695.39
D05,LD-1036,2025-03-17,3426.0,975.79
D05,LD-1036,2025-03-24,3154.0,947.4100000000001
D05,LD-1036,2025-03-31,3444.0,963.35
D05,LD-1036,2025-04-07,2879.0,851.53
D05,LD-1036,2025-04-14,2927.0,837.42
D05,LD-1036,2025-04-21,2873.0,834.04
D05,LD-1036,2025-04-28,2162.0,589.46
D05,LD-1036,2025-05-05,2746.0,772.38
D05,LD-1036,2025-05-12,2781.0,833.34
D05,LD-1036,2025-05-19,2850.0,824.91
D05,LD-1036,2025-05-26,2838.0,857.5500000000001
D05,LD-1036,2025-06-02,2866.0,867.45
D05,LD-1036,2025-06-09,3177.0,885.85
D05,LD-1036,2025-06-16,3573.0,1022.0600000000001
D05,LD-1036,2025-06-23,2134.0,608.19
D05,LD-1036,2025-06-30,2845.0,805.11
D05,LD-1036,2025-07-07,2850.0,793.9100000000001
D05,LD-1036,2025-07-14,2581.0,711.95
D05,LD-1036,2025-07-21,3814.0,1070.35
D05,LD-1036,2025-07-28,2717.0,799.47
D05,LD-1036,2025-08-04,3389.0,944.93
D05,LD-1036,2025-08-11,2807.0,810.8
D05,LD-1036,2025-08-18,3789.0,1054.3
D05,LD-1036,2025-08-25,2734.0,777.64
D05,LD-1036,2025-09-01,2680.0,728.39
D05,LD-1036,2025-09-08,2964.0,862.58
D05,LD-1036,2025-09-15,3778.0,1097.08
D05,LD-1036,2025-09-22,3216.0,880.05
D05,LD-1036,2025-09-29,2679.0,796.0
D05,LD-1036,2025-10-06,3011.0,867.48
D05,LD-1036,2025-10-13,2667.0,801.98
D05,LD-1036,2025-10-20,3603.0,1000.9499999999999
D05,LD-1036,2025-10-27,3218.0,889.8199999999999
D05,LD-1036,2025-11-03,2829.0,772.75
D05,LD-1036,2025-11-10,2912.0,856.51
D05,LD-1036,2025-11-17,2562.0,749.3299999999999
D05,LD-1036,2025-11-24,2810.0,783.8
D05,LD-1036,2025-12-01,3058.0,870.6
D05,LD-1036,2025-12-08,3202.0,874.01
D05,LD-1036,2025-12-15,2630.0,764.71
D05,LD-1036,2025-12-22,2035.0,607.03
D05,LD-1036,2025-12-29,3128.0,940.02
D05,LD-1036,2026-01-05,2576.0,757.93
D05,LD-1036,2026-01-12,3229.0,913.68
D05,LD-1036,2026-01-19,2279.0,652.78
D05,LD-1036,2026-01-26,3029.0,887.72
D05,LD-1036,2026-02-02,2820.0,843.55
D05,LD-1036,2026-02-09,2743.0,796.14
D05,LD-1036,2026-02-16,3681.0,1108.88
D05,LD-1036,2026-02-23,2679.0,745.84
D05,LD-1036,2026-03-02,3700.0,1007.48
D05,LD-1036,2026-03-09,4221.0,1161.26
D05,LD-1036,2026-03-16,2546.0,766.97
D05,LD-1036,2026-03-23,2709.0,808.85
D05,LD-1036,2026-03-30,3058.0,896.46
D05,LD-1036,2026-04-06,3055.0,836.53
D05,LD-1036,2026-04-13,3760.0,1125.49
D05,LD-1036,2026-04-20,3786.0,1056.74
D05,LD-1036,2026-04-27,3001.0,879.5600000000001
D05,LD-1036,2026-05-04,2887.0,864.76
D05,LD-1036,2026-05-11,3105.0,895.4
D05,LD-1036,2026-05-18,3384.0,944.21
D05,LD-1036,2026-05-25,2765.0,789.58
D05,LD-1036,2026-06-01,2723.0,747.36
D05,LD-1036,2026-06-08,2940.0,875.17
D05,LD-1036,2026-06-15,3072.0,865.78
D05,LD-1036,2026-06-22,3105.0,888.28
D05,LD-1037,2024-01-01,1103.0,661.75
D05,LD-1037,2024-01-08,1252.0,737.42
D05,LD-1037,2024-01-15,1193.0,740.33
D05,LD-1037,2024-01-22,1304.0,805.01
D05,LD-1037,2024-01-29,1296.0,812.71
D05,LD-1037,2024-02-05,1090.0,673.8199999999999
D05,LD-1037,2024-02-12,1009.0,607.61
D05,LD-1037,2024-02-19,1029.0,604.66
D05,LD-1037,2024-02-26,1109.0,710.0699999999999
D05,LD-1037,2024-03-04,1450.0,876.6700000000001
D05,LD-1037,2024-03-11,1446.0,908.85
D05,LD-1037,2024-03-18,1220.0,761.3
D05,LD-1037,2024-03-25,1265.0,732.45
D05,LD-1037,2024-04-01,1092.0,697.15
D05,LD-1037,2024-04-08,1112.0,671.23
D05,LD-1037,2024-04-15,1443.0,909.96
D05,LD-1037,2024-04-22,1280.0,812.57
D05,LD-1037,2024-04-29,1307.0,833.21
D05,LD-1037,2024-05-06,1528.0,880.91
D05,LD-1037,2024-05-13,1484.0,903.3800000000001
D05,LD-1037,2024-05-20,1347.0,824.3199999999999
D05,LD-1037,2024-05-27,1671.0,1038.97
D05,LD-1037,2024-06-03,1293.0,781.2199999999999
D05,LD-1037,2024-06-10,1213.0,734.1
D05,LD-1037,2024-06-17,1158.0,693.6
D05,LD-1037,2024-06-24,1674.0,993.88
D05,LD-1037,2024-07-01,1268.0,797.0699999999999
D05,LD-1037,2024-07-08,1392.0,887.95
D05,LD-1037,2024-07-15,1832.0,1078.5
D05,LD-1037,2024-07-22,1221.0,758.96
D05,LD-1037,2024-07-29,1390.0,815.55
D05,LD-1037,2024-08-05,1379.0,872.6199999999999
D05,LD-1037,2024-08-12,1355.0,794.74
D05,LD-1037,2024-08-19,1531.0,904.69
D05,LD-1037,2024-08-26,1400.0,842.55
D05,LD-1037,2024-09-02,1347.0,828.67
D05,LD-1037,2024-09-09,1669.0,976.3
D05,LD-1037,2024-09-16,1029.0,635.03
D05,LD-1037,2024-09-23,1065.0,644.06
D05,LD-1037,2024-09-30,1248.0,751.09
D05,LD-1037,2024-10-07,1351.0,787.61
D05,LD-1037,2024-10-14,1231.0,759.73
D05,LD-1037,2024-10-21,1113.0,641.46
D05,LD-1037,2024-10-28,1475.0,926.44
D05,LD-1037,2024-11-04,1369.0,825.35
D05,LD-1037,2024-11-11,1102.0,671.16
D05,LD-1037,2024-11-18,1535.0,982.52
D05,LD-1037,2024-11-25,1124.0,665.99
D05,LD-1037,2024-12-02,1147.0,681.3100000000001
D05,LD-1037,2024-12-09,949.0,553.8
D05,LD-1037,2024-12-16,1243.0,724.12
D05,LD-1037,2024-12-23,1597.0,987.38
D05,LD-1037,2024-12-30,1593.0,938.0899999999999
D05,LD-1037,2025-01-06,1143.0,711.54
D05,LD-1037,2025-01-13,1118.0,671.38
D05,LD-1037,2025-01-20,1224.0,778.12
D05,LD-1037,2025-01-27,1522.0,890.73
D05,LD-1037,2025-02-03,1277.0,818.42
D05,LD-1037,2025-02-10,1408.0,866.1600000000001
D05,LD-1037,2025-02-17,1399.0,885.39
D05,LD-1037,2025-02-24,1508.0,908.54
D05,LD-1037,2025-03-03,1462.0,937.19
D05,LD-1037,2025-03-10,1179.0,696.22
D05,LD-1037,2025-03-17,1341.0,788.3599999999999
D05,LD-1037,2025-03-24,1236.0,726.61
D05,LD-1037,2025-03-31,1535.0,900.6600000000001
D05,LD-1037,2025-04-07,1455.0,888.64
D05,LD-1037,2025-04-14,1475.0,946.97
D05,LD-1037,2025-04-21,1443.0,918.5999999999999
D05,LD-1037,2025-04-28,1095.0,673.79
D05,LD-1037,2025-05-05,1504.0,951.49
D05,LD-1037,2025-05-12,1149.0,715.87
D05,LD-1037,2025-05-19,1199.0,699.95
D05,LD-1037,2025-05-26,1656.0,984.56
D05,LD-1037,2025-06-02,1322.0,839.08
D05,LD-1037,2025-06-09,1141.0,661.5699999999999
D05,LD-1037,2025-06-16,1276.0,758.7
D05,LD-1037,2025-06-23,1564.0,927.45
D05,LD-1037,2025-06-30,1299.0,825.82
D05,LD-1037,2025-07-07,1642.0,1006.27
D05,LD-1037,2025-07-14,1585.0,946.68
D05,LD-1037,2025-07-21,1599.0,964.6800000000001
D05,LD-1037,2025-07-28,1507.0,950.5899999999999
D05,LD-1037,2025-08-04,1121.0,697.83
D05,LD-1037,2025-08-11,1294.0,751.71
D05,LD-1037,2025-08-18,1425.0,873.15
D05,LD-1037,2025-08-25,1173.0,741.21
D05,LD-1037,2025-09-01,1414.0,832.99
D05,LD-1037,2025-09-08,1523.0,928.6199999999999
D05,LD-1037,2025-09-15,1085.0,641.29
D05,LD-1037,2025-09-22,970.0,609.76
D05,LD-1037,2025-09-29,1279.0,765.68
D05,LD-1037,2025-10-06,1802.0,1088.67
D05,LD-1037,2025-10-13,1229.0,759.69
D05,LD-1037,2025-10-20,1015.0,634.8299999999999
D05,LD-1037,2025-10-27,1326.0,830.98
D05,LD-1037,2025-11-03,1274.0,758.9
D05,LD-1037,2025-11-10,1314.0,778.19
D05,LD-1037,2025-11-17,1667.0,990.95
D05,LD-1037,2025-11-24,998.0,595.83
D05,LD-1037,2025-12-01,1338.0,810.16
D05,LD-1037,2025-12-08,1190.0,734.67
D05,LD-1037,2025-12-15,1272.0,788.03
D05,LD-1037,2025-12-22,1082.0,630.4
D05,LD-1037,2025-12-29,974.0,602.64
D05,LD-1037,2026-01-05,1546.0,992.78
D05,LD-1037,2026-01-12,1588.0,991.89
D05,LD-1037,2026-01-19,1634.0,995.98
D05,LD-1037,2026-01-26,1101.0,693.05
D05,LD-1037,2026-02-02,1212.0,757.64
D05,LD-1037,2026-02-09,1501.0,921.14
D05,LD-1037,2026-02-16,1233.0,750.97
D05,LD-1037,2026-02-23,1149.0,726.71
D05,LD-1037,2026-03-02,1369.0,862.23
D05,LD-1037,2026-03-09,1079.0,677.96
D05,LD-1037,2026-03-16,998.0,624.93
D05,LD-1037,2026-03-23,1882.0,1083.5900000000001
D05,LD-1037,2026-03-30,1276.0,805.57
D05,LD-1037,2026-04-06,1522.0,909.06
D05,LD-1037,2026-04-13,1302.0,835.21
D05,LD-1037,2026-04-20,1417.0,831.7
D05,LD-1037,2026-04-27,1387.0,816.2900000000001
D05,LD-1037,2026-05-04,1105.0,661.96
D05,LD-1037,2026-05-11,1270.0,757.38
D05,LD-1037,2026-05-18,1554.0,937.75
D05,LD-1037,2026-05-25,1470.0,924.49
D05,LD-1037,2026-06-01,1397.0,875.4
D05,LD-1037,2026-06-08,1032.0,624.77
D05,LD-1037,2026-06-15,1513.0,891.93
D05,LD-1037,2026-06-22,1306.0,771.14
D05,LD-1040,2024-01-01,4019.0,1839.12
D05,LD-1040,2024-01-08,4537.0,2163.3999999999996
D05,LD-1040,2024-01-15,4318.0,2057.36
D05,LD-1040,2024-01-22,4431.0,1974.44
D05,LD-1040,2024-01-29,3839.0,1737.18
D05,LD-1040,2024-02-05,5799.0,2730.36
D05,LD-1040,2024-02-12,4796.0,2095.57
D05,LD-1040,2024-02-19,4278.0,2054.12
D05,LD-1040,2024-02-26,4146.0,1877.99
D05,LD-1040,2024-03-04,4452.0,2125.69
D05,LD-1040,2024-03-11,5677.0,2696.44
D05,LD-1040,2024-03-18,6030.0,2701.73
D05,LD-1040,2024-03-25,4413.0,1944.0100000000002
D05,LD-1040,2024-04-01,4586.0,2024.98
D05,LD-1040,2024-04-08,3844.0,1824.46
D05,LD-1040,2024-04-15,3910.0,1885.19
D05,LD-1040,2024-04-22,5117.0,2433.7200000000003
D05,LD-1040,2024-04-29,4815.0,2245.52
D05,LD-1040,2024-05-06,4809.0,2234.6
D05,LD-1040,2024-05-13,4734.0,2289.8199999999997
D05,LD-1040,2024-05-20,5371.0,2396.64
D05,LD-1040,2024-05-27,5233.0,2507.56
D05,LD-1040,2024-06-03,6009.0,2905.01
D05,LD-1040,2024-06-10,7598.0,3343.6800000000003
D05,LD-1040,2024-06-17,4378.0,2007.35
D05,LD-1040,2024-06-24,4264.0,2014.5700000000002
D05,LD-1040,2024-07-01,6522.0,3068.28
D05,LD-1040,2024-07-08,5056.0,2335.8199999999997
D05,LD-1040,2024-07-15,5729.0,2748.99
D05,LD-1040,2024-07-22,4266.0,1868.3899999999999
D05,LD-1040,2024-07-29,4278.0,1992.41
D05,LD-1040,2024-08-05,5671.0,2514.03
D05,LD-1040,2024-08-12,4094.0,1913.36
D05,LD-1040,2024-08-19,6075.0,2732.81
D05,LD-1040,2024-08-26,5509.0,2550.5699999999997
D05,LD-1040,2024-09-02,4338.0,1939.5
D05,LD-1040,2024-09-09,6016.0,2870.59
D05,LD-1040,2024-09-16,5118.0,2252.54
D05,LD-1040,2024-09-23,4533.0,2148.3
D05,LD-1040,2024-09-30,4694.0,2157.96
D05,LD-1040,2024-10-07,3432.0,1503.13
D05,LD-1040,2024-10-14,3722.0,1791.0800000000002
D05,LD-1040,2024-10-21,5066.0,2406.78
D05,LD-1040,2024-10-28,4628.0,2144.7
D05,LD-1040,2024-11-04,5543.0,2496.8
D05,LD-1040,2024-11-11,4697.0,2245.18
D05,LD-1040,2024-11-18,3683.0,1717.85
D05,LD-1040,2024-11-25,3763.0,1681.03
D05,LD-1040,2024-12-02,3879.0,1791.74
D05,LD-1040,2024-12-09,4015.0,1774.49
D05,LD-1040,2024-12-16,4488.0,2130.6400000000003
D05,LD-1040,2024-12-23,5251.0,2332.33
D05,LD-1040,2024-12-30,4841.0,2289.92
D05,LD-1040,2025-01-06,5348.0,2372.76
D05,LD-1040,2025-01-13,4728.0,2151.61
D05,LD-1040,2025-01-20,4204.0,1994.9
D05,LD-1040,2025-01-27,3663.0,1711.55
D05,LD-1040,2025-02-03,4997.0,2212.35
D05,LD-1040,2025-02-10,4521.0,2130.9
D05,LD-1040,2025-02-17,5212.0,2340.6800000000003
D05,LD-1040,2025-02-24,4267.0,2014.3400000000001
D05,LD-1040,2025-03-03,6026.0,2920.8599999999997
D05,LD-1040,2025-03-10,6089.0,2866.29
D05,LD-1040,2025-03-17,4219.0,1977.04
D05,LD-1040,2025-03-24,5099.0,2350.32
D05,LD-1040,2025-03-31,3870.0,1848.7399999999998
D05,LD-1040,2025-04-07,4368.0,2028.57
D05,LD-1040,2025-04-14,4367.0,1963.57
D05,LD-1040,2025-04-21,4581.0,2140.32
D05,LD-1040,2025-04-28,4845.0,2267.43
D05,LD-1040,2025-05-05,4517.0,2173.7
D05,LD-1040,2025-05-12,5218.0,2419.84
D05,LD-1040,2025-05-19,4069.0,1863.42
D05,LD-1040,2025-05-26,5956.0,2647.04
D05,LD-1040,2025-06-02,4383.0,2064.75
D05,LD-1040,2025-06-09,5024.0,2193.13
D05,LD-1040,2025-06-16,4823.0,2280.75
D05,LD-1040,2025-06-23,5989.0,2669.77
D05,LD-1040,2025-06-30,4873.0,2151.35
D05,LD-1040,2025-07-07,6347.0,2920.09
D05,LD-1040,2025-07-14,5356.0,2412.89
D05,LD-1040,2025-07-21,4387.0,1979.25
D05,LD-1040,2025-07-28,4857.0,2325.08
D05,LD-1040,2025-08-04,4946.0,2204.39
D05,LD-1040,2025-08-11,5515.0,2489.4
D05,LD-1040,2025-08-18,5023.0,2286.79
D05,LD-1040,2025-08-25,4695.0,2160.68
D05,LD-1040,2025-09-01,4287.0,1931.1599999999999
D05,LD-1040,2025-09-08,5116.0,2317.9
D05,LD-1040,2025-09-15,4473.0,2071.84
D05,LD-1040,2025-09-22,4192.0,2011.98
D05,LD-1040,2025-09-29,3966.0,1724.23
D05,LD-1040,2025-10-06,5348.0,2583.47
D05,LD-1040,2025-10-13,3638.0,1684.13
D05,LD-1040,2025-10-20,4847.0,2108.52
D05,LD-1040,2025-10-27,4491.0,2034.08
D05,LD-1040,2025-11-03,4099.0,1840.77
D05,LD-1040,2025-11-10,3974.0,1751.28
D05,LD-1040,2025-11-17,4418.0,2100.24
D05,LD-1040,2025-11-24,4052.0,1844.67
D05,LD-1040,2025-12-01,4021.0,1948.3200000000002
D05,LD-1040,2025-12-08,5086.0,2398.97
D05,LD-1040,2025-12-15,4284.0,2007.83
D05,LD-1040,2025-12-22,4397.0,2046.33
D05,LD-1040,2025-12-29,3907.0,1767.05
D05,LD-1040,2026-01-05,5137.0,2426.17
D05,LD-1040,2026-01-12,5343.0,2389.53
D05,LD-1040,2026-01-19,4626.0,2017.1399999999999
D05,LD-1040,2026-01-26,5586.0,2683.92
D05,LD-1040,2026-02-02,4190.0,1893.94
D05,LD-1040,2026-02-09,5263.0,2399.69
D05,LD-1040,2026-02-16,4371.0,1950.53
D05,LD-1040,2026-02-23,4345.0,2053.83
D05,LD-1040,2026-03-02,5817.0,2536.35
D05,LD-1040,2026-03-09,4510.0,2150.6
D05,LD-1040,2026-03-16,4166.0,1999.1899999999998
D05,LD-1040,2026-03-23,3697.0,1624.54
D05,LD-1040,2026-03-30,4903.0,2169.85
D05,LD-1040,2026-04-06,4235.0,1977.66
D05,LD-1040,2026-04-13,6695.0,3110.81
D05,LD-1040,2026-04-20,6511.0,3107.4700000000003
D05,LD-1040,2026-04-27,3219.0,1400.07
D05,LD-1040,2026-05-04,6487.0,2889.77
D05,LD-1040,2026-05-11,4535.0,2163.18
D05,LD-1040,2026-05-18,6176.0,2710.54
D05,LD-1040,2026-05-25,6016.0,2750.17
D05,LD-1040,2026-06-01,6286.0,2874.65
D05,LD-1040,2026-06-08,6737.0,3167.63
D05,LD-1040,2026-06-15,4321.0,1932.68
D05,LD-1040,2026-06-22,4387.0,1908.4099999999999
D05,LD-1041,2024-01-01,3548.0,1812.75
D05,LD-1041,2024-01-08,2585.0,1273.8
D05,LD-1041,2024-01-15,3803.0,1999.34
D05,LD-1041,2024-01-22,2510.0,1346.5800000000002
D05,LD-1041,2024-01-29,2779.0,1382.32
D05,LD-1041,2024-02-05,3694.0,1819.77
D05,LD-1041,2024-02-12,3882.0,1926.42
D05,LD-1041,2024-02-19,3100.0,1536.91
D05,LD-1041,2024-02-26,3849.0,1891.63
D05,LD-1041,2024-03-04,3258.0,1759.0700000000002
D05,LD-1041,2024-03-11,2702.0,1378.27
D05,LD-1041,2024-03-18,3173.0,1583.15
D05,LD-1041,2024-03-25,2858.0,1456.05
D05,LD-1041,2024-04-01,3550.0,1877.4
D05,LD-1041,2024-04-08,3736.0,2022.91
D05,LD-1041,2024-04-15,3853.0,2069.54
D05,LD-1041,2024-04-22,2978.0,1605.09
D05,LD-1041,2024-04-29,3910.0,1971.35
D05,LD-1041,2024-05-06,4009.0,2158.52
D05,LD-1041,2024-05-13,4524.0,2326.21
D05,LD-1041,2024-05-20,3414.0,1713.59
D05,LD-1041,2024-05-27,3173.0,1680.1
D05,LD-1041,2024-06-03,3306.0,1681.64
D05,LD-1041,2024-06-10,3842.0,1962.49
D05,LD-1041,2024-06-17,3712.0,1841.1100000000001
D05,LD-1041,2024-06-24,3624.0,1916.6200000000001
D05,LD-1041,2024-07-01,3409.0,1848.97
D05,LD-1041,2024-07-08,4048.0,2148.04
D05,LD-1041,2024-07-15,3993.0,1974.15
D05,LD-1041,2024-07-22,3515.0,1744.68
D05,LD-1041,2024-07-29,5165.0,2641.9300000000003
D05,LD-1041,2024-08-05,2957.0,1597.43
D05,LD-1041,2024-08-12,3310.0,1699.2
D05,LD-1041,2024-08-19,3053.0,1571.75
D05,LD-1041,2024-08-26,3140.0,1607.81
D05,LD-1041,2024-09-02,3362.0,1830.38
D05,LD-1041,2024-09-09,3625.0,1882.9
D05,LD-1041,2024-09-16,3436.0,1730.9699999999998
D05,LD-1041,2024-09-23,5166.0,2706.42
D05,LD-1041,2024-09-30,2631.0,1289.68
D05,LD-1041,2024-10-07,3153.0,1690.82
D05,LD-1041,2024-10-14,3629.0,1866.73
D05,LD-1041,2024-10-21,2149.0,1057.71
D05,LD-1041,2024-10-28,3621.0,1785.6
D05,LD-1041,2024-11-04,3985.0,2014.62
D05,LD-1041,2024-11-11,3053.0,1516.11
D05,LD-1041,2024-11-18,2883.0,1519.9299999999998
D05,LD-1041,2024-11-25,2956.0,1557.53
D05,LD-1041,2024-12-02,3346.0,1655.65
D05,LD-1041,2024-12-09,3249.0,1609.8300000000002
D05,LD-1041,2024-12-16,3482.0,1735.87
D05,LD-1041,2024-12-23,2810.0,1524.65
D05,LD-1041,2024-12-30,3667.0,1912.2
D05,LD-1041,2025-01-06,3152.0,1546.74
D05,LD-1041,2025-01-13,4727.0,2314.5
D05,LD-1041,2025-01-20,2794.0,1522.34
D05,LD-1041,2025-01-27,4046.0,2048.8399999999997
D05,LD-1041,2025-02-03,2964.0,1594.75
D05,LD-1041,2025-02-10,2753.0,1386.7500000000002
D05,LD-1041,2025-02-17,3348.0,1826.21
D05,LD-1041,2025-02-24,2840.0,1409.8600000000001
D05,LD-1041,2025-03-03,3613.0,1869.12
D05,LD-1041,2025-03-10,4009.0,1982.54
D05,LD-1041,2025-03-17,3248.0,1759.31
D05,LD-1041,2025-03-24,3110.0,1529.67
D05,LD-1041,2025-03-31,4116.0,2197.38
D05,LD-1041,2025-04-07,3074.0,1518.67
D05,LD-1041,2025-04-14,2862.0,1449.38
D05,LD-1041,2025-04-21,4162.0,2063.09
D05,LD-1041,2025-04-28,3769.0,1952.26
D05,LD-1041,2025-05-05,3658.0,1862.92
D05,LD-1041,2025-05-12,3219.0,1685.93
D05,LD-1041,2025-05-19,4102.0,2213.12
D05,LD-1041,2025-05-26,4173.0,2108.34
D05,LD-1041,2025-06-02,2783.0,1421.18
D05,LD-1041,2025-06-09,5767.0,2939.44
D05,LD-1041,2025-06-16,3028.0,1625.2
D05,LD-1041,2025-06-23,3371.0,1692.45
D05,LD-1041,2025-06-30,3458.0,1874.94
D05,LD-1041,2025-07-07,2739.0,1390.53
D05,LD-1041,2025-07-14,3185.0,1624.3
D05,LD-1041,2025-07-21,3343.0,1685.54
D05,LD-1041,2025-07-28,3436.0,1697.06
D05,LD-1041,2025-08-04,3204.0,1634.1499999999999
D05,LD-1041,2025-08-11,4261.0,2226.44
D05,LD-1041,2025-08-18,3730.0,2023.45
D05,LD-1041,2025-08-25,4047.0,2068.01
D05,LD-1041,2025-09-01,3320.0,1782.28
D05,LD-1041,2025-09-08,3824.0,1878.23
D05,LD-1041,2025-09-15,3525.0,1818.7
D05,LD-1041,2025-09-22,3798.0,1973.66
D05,LD-1041,2025-09-29,2869.0,1405.7
D05,LD-1041,2025-10-06,3973.0,2085.83
D05,LD-1041,2025-10-13,3393.0,1810.06
D05,LD-1041,2025-10-20,3291.0,1624.61
D05,LD-1041,2025-10-27,4001.0,2170.85
D05,LD-1041,2025-11-03,3095.0,1657.95
D05,LD-1041,2025-11-10,3041.0,1589.42
D05,LD-1041,2025-11-17,3899.0,2077.94
D05,LD-1041,2025-11-24,3007.0,1531.52
D05,LD-1041,2025-12-01,3087.0,1534.22
D05,LD-1041,2025-12-08,2536.0,1318.3799999999999
D05,LD-1041,2025-12-15,2773.0,1382.73
D05,LD-1041,2025-12-22,3709.0,1946.51
D05,LD-1041,2025-12-29,3318.0,1647.6399999999999
D05,LD-1041,2026-01-05,2728.0,1412.98
D05,LD-1041,2026-01-12,2955.0,1580.29
D05,LD-1041,2026-01-19,2824.0,1421.3
D05,LD-1041,2026-01-26,3455.0,1711.45
D05,LD-1041,2026-02-02,3538.0,1903.44
D05,LD-1041,2026-02-09,3038.0,1616.01
D05,LD-1041,2026-02-16,2865.0,1509.8300000000002
D05,LD-1041,2026-02-23,2637.0,1389.42
D05,LD-1041,2026-03-02,4253.0,2296.37
D05,LD-1041,2026-03-09,3316.0,1692.72
D05,LD-1041,2026-03-16,3793.0,2018.76
D05,LD-1041,2026-03-23,3004.0,1497.51
D05,LD-1041,2026-03-30,3365.0,1720.87
D05,LD-1041,2026-04-06,3014.0,1509.73
D05,LD-1041,2026-04-13,3978.0,2019.82
D05,LD-1041,2026-04-20,4087.0,2038.93
D05,LD-1041,2026-04-27,4134.0,2158.55
D05,LD-1041,2026-05-04,3266.0,1765.6799999999998
D05,LD-1041,2026-05-11,3759.0,1933.42
D05,LD-1041,2026-05-18,3095.0,1606.41
D05,LD-1041,2026-05-25,3795.0,1954.71
D05,LD-1041,2026-06-01,4190.0,2052.16
D05,LD-1041,2026-06-08,3520.0,1915.77
D05,LD-1041,2026-06-15,3646.0,1873.14
D05,LD-1041,2026-06-22,3227.0,1725.2799999999997
D05,PM-1002,2024-01-01,1965.0,2333.72
D05,PM-1002,2024-01-08,1518.0,1953.46
D05,PM-1002,2024-01-15,1526.0,1826.2600000000002
D05,PM-1002,2024-01-22,1464.0,1771.52
D05,PM-1002,2024-01-29,2141.0,2793.92
D05,PM-1002,2024-02-05,1363.0,1719.01
D05,PM-1002,2024-02-12,1733.0,2243.51
D05,PM-1002,2024-02-19,1761.0,2293.74
D05,PM-1002,2024-02-26,1413.0,1768.98
D05,PM-1002,2024-03-04,1639.0,2075.7
D05,PM-1002,2024-03-11,1630.0,1920.44
D05,PM-1002,2024-03-18,1590.0,2079.28
D05,PM-1002,2024-03-25,1785.0,2155.04
D05,PM-1002,2024-04-01,1858.0,2237.09
D05,PM-1002,2024-04-08,1712.0,2134.0299999999997
D05,PM-1002,2024-04-15,2435.0,3148.26
D05,PM-1002,2024-04-22,1645.0,1983.9499999999998
D05,PM-1002,2024-04-29,1899.0,2407.43
D05,PM-1002,2024-05-06,1871.0,2237.96
D05,PM-1002,2024-05-13,2022.0,2524.12
D05,PM-1002,2024-05-20,1913.0,2497.94
D05,PM-1002,2024-05-27,1638.0,1968.83
D05,PM-1002,2024-06-03,2052.0,2459.93
D05,PM-1002,2024-06-10,1867.0,2397.59
D05,PM-1002,2024-06-17,2156.0,2605.33
D05,PM-1002,2024-06-24,2090.0,2572.91
D05,PM-1002,2024-07-01,2028.0,2651.34
D05,PM-1002,2024-07-08,2124.0,2642.22
D05,PM-1002,2024-07-15,1688.0,2102.17
D05,PM-1002,2024-07-22,1853.0,2227.7
D05,PM-1002,2024-07-29,2145.0,2791.5
D05,PM-1002,2024-08-05,1867.0,2298.07
D05,PM-1002,2024-08-12,1593.0,1998.78
D05,PM-1002,2024-08-19,1517.0,1849.94
D05,PM-1002,2024-08-26,1973.0,2543.9500000000003
D05,PM-1002,2024-09-02,1602.0,1934.1799999999998
D05,PM-1002,2024-09-09,1711.0,2115.44
D05,PM-1002,2024-09-16,2109.0,2672.15
D05,PM-1002,2024-09-23,1491.0,1926.08
D05,PM-1002,2024-09-30,2000.0,2373.29
D05,PM-1002,2024-10-07,1428.0,1757.74
D05,PM-1002,2024-10-14,1969.0,2384.15
D05,PM-1002,2024-10-21,1675.0,2110.42
D05,PM-1002,2024-10-28,1254.0,1475.8200000000002
D05,PM-1002,2024-11-04,1341.0,1639.96
D05,PM-1002,2024-11-11,1408.0,1675.8
D05,PM-1002,2024-11-18,1627.0,2033.28
D05,PM-1002,2024-11-25,1882.0,2225.4900000000002
D05,PM-1002,2024-12-02,1682.0,2064.52
D05,PM-1002,2024-12-09,1394.0,1724.66
D05,PM-1002,2024-12-16,1971.0,2457.2200000000003
D05,PM-1002,2024-12-23,1575.0,2007.05
D05,PM-1002,2024-12-30,1390.0,1714.9900000000002
D05,PM-1002,2025-01-06,1574.0,2011.55
D05,PM-1002,2025-01-13,1612.0,1992.02
D05,PM-1002,2025-01-20,1426.0,1807.06
D05,PM-1002,2025-01-27,1882.0,2325.74
D05,PM-1002,2025-02-03,1558.0,1989.85
D05,PM-1002,2025-02-10,1465.0,1773.01
D05,PM-1002,2025-02-17,1835.0,2277.49
D05,PM-1002,2025-02-24,1794.0,2303.43
D05,PM-1002,2025-03-03,1921.0,2273.75
D05,PM-1002,2025-03-10,1933.0,2319.05
D05,PM-1002,2025-03-17,1576.0,1926.67
D05,PM-1002,2025-03-24,1726.0,2027.55
D05,PM-1002,2025-03-31,1265.0,1630.12
D05,PM-1002,2025-04-07,1824.0,2287.64
D05,PM-1002,2025-04-14,1868.0,2253.32
D05,PM-1002,2025-04-21,1761.0,2157.2
D05,PM-1002,2025-04-28,1582.0,2057.1400000000003
D05,PM-1002,2025-05-05,2152.0,2692.8900000000003
D05,PM-1002,2025-05-12,1539.0,1931.0700000000002
D05,PM-1002,2025-05-19,2321.0,2843.7799999999997
D05,PM-1002,2025-05-26,1479.0,1924.7
D05,PM-1002,2025-06-02,1788.0,2126.24
D05,PM-1002,2025-06-09,1322.0,1651.15
D05,PM-1002,2025-06-16,1661.0,2004.51
D05,PM-1002,2025-06-23,1926.0,2502.4
D05,PM-1002,2025-06-30,1942.0,2347.02
D05,PM-1002,2025-07-07,1780.0,2182.69
D05,PM-1002,2025-07-14,1703.0,2047.9
D05,PM-1002,2025-07-21,2603.0,3255.25
D05,PM-1002,2025-07-28,1792.0,2284.99
D05,PM-1002,2025-08-04,2756.0,3514.34
D05,PM-1002,2025-08-11,2250.0,2827.53
D05,PM-1002,2025-08-18,1603.0,1920.94
D05,PM-1002,2025-08-25,1633.0,1965.63
D05,PM-1002,2025-09-01,2218.0,2669.54
D05,PM-1002,2025-09-08,1399.0,1671.8
D05,PM-1002,2025-09-15,2106.0,2547.5
D05,PM-1002,2025-09-22,1662.0,2048.66
D05,PM-1002,2025-09-29,1154.0,1398.8200000000002
D05,PM-1002,2025-10-06,1400.0,1726.23
D05,PM-1002,2025-10-13,1587.0,1913.13
D05,PM-1002,2025-10-20,1510.0,1780.78
D05,PM-1002,2025-10-27,1455.0,1891.58
D05,PM-1002,2025-11-03,1289.0,1679.37
D05,PM-1002,2025-11-10,1593.0,1943.53
D05,PM-1002,2025-11-17,2005.0,2493.25
D05,PM-1002,2025-11-24,1992.0,2424.21
D05,PM-1002,2025-12-01,1902.0,2250.1800000000003
D05,PM-1002,2025-12-08,1544.0,1833.59
D05,PM-1002,2025-12-15,1904.0,2345.83
D05,PM-1002,2025-12-22,1255.0,1621.03
D05,PM-1002,2025-12-29,1749.0,2273.45
D05,PM-1002,2026-01-05,2033.0,2641.0899999999997
D05,PM-1002,2026-01-12,1800.0,2321.64
D05,PM-1002,2026-01-19,1270.0,1625.06
D05,PM-1002,2026-01-26,1427.0,1747.57
D05,PM-1002,2026-02-02,1492.0,1862.3300000000002
D05,PM-1002,2026-02-09,1411.0,1750.99
D05,PM-1002,2026-02-16,1594.0,2017.4
D05,PM-1002,2026-02-23,1665.0,1997.48
D05,PM-1002,2026-03-02,1649.0,1966.3300000000002
D05,PM-1002,2026-03-09,1505.0,1834.5
D05,PM-1002,2026-03-16,2054.0,2411.9300000000003
D05,PM-1002,2026-03-23,1709.0,2185.6
D05,PM-1002,2026-03-30,1431.0,1716.4499999999998
D05,PM-1002,2026-04-06,1671.0,2031.55
D05,PM-1002,2026-04-13,1656.0,2121.91
D05,PM-1002,2026-04-20,1381.0,1724.2
D05,PM-1002,2026-04-27,1724.0,2056.77
D05,PM-1002,2026-05-04,2227.0,2766.5
D05,PM-1002,2026-05-11,1776.0,2307.96
D05,PM-1002,2026-05-18,1801.0,2161.04
D05,PM-1002,2026-05-25,2017.0,2468.69
D05,PM-1002,2026-06-01,1701.0,2022.23
D05,PM-1002,2026-06-08,1580.0,2064.2
D05,PM-1002,2026-06-15,2066.0,2630.48
D05,PM-1002,2026-06-22,1851.0,2323.13
D05,PM-1003,2024-01-01,3744.0,1900.65
D05,PM-1003,2024-01-08,2712.0,1329.26
D05,PM-1003,2024-01-15,2791.0,1360.85
D05,PM-1003,2024-01-22,2477.0,1187.67
D05,PM-1003,2024-01-29,3411.0,1733.77
D05,PM-1003,2024-02-05,2934.0,1473.68
D05,PM-1003,2024-02-12,3827.0,1849.69
D05,PM-1003,2024-02-19,3788.0,1812.8400000000001
D05,PM-1003,2024-02-26,3524.0,1786.58
D05,PM-1003,2024-03-04,3093.0,1477.14
D05,PM-1003,2024-03-11,3931.0,2024.98
D05,PM-1003,2024-03-18,3368.0,1729.08
D05,PM-1003,2024-03-25,3526.0,1804.75
D05,PM-1003,2024-04-01,2567.0,1231.79
D05,PM-1003,2024-04-08,3663.0,1762.09
D05,PM-1003,2024-04-15,3511.0,1804.15
D05,PM-1003,2024-04-22,3454.0,1624.79
D05,PM-1003,2024-04-29,3239.0,1514.47
D05,PM-1003,2024-05-06,2821.0,1388.2
D05,PM-1003,2024-05-13,3541.0,1743.81
D05,PM-1003,2024-05-20,2591.0,1266.38
D05,PM-1003,2024-05-27,3472.0,1667.43
D05,PM-1003,2024-06-03,3308.0,1609.75
D05,PM-1003,2024-06-10,4386.0,2208.97
D05,PM-1003,2024-06-17,4768.0,2267.89
D05,PM-1003,2024-06-24,2861.0,1395.19
D05,PM-1003,2024-07-01,4033.0,2030.11
D05,PM-1003,2024-07-08,3232.0,1526.16
D05,PM-1003,2024-07-15,3310.0,1579.8600000000001
D05,PM-1003,2024-07-22,3283.0,1681.07
D05,PM-1003,2024-07-29,4268.0,2200.91
D05,PM-1003,2024-08-05,3427.0,1669.35
D05,PM-1003,2024-08-12,3685.0,1787.72
D05,PM-1003,2024-08-19,2669.0,1326.58
D05,PM-1003,2024-08-26,2862.0,1365.81
D05,PM-1003,2024-09-02,3098.0,1497.98
D05,PM-1003,2024-09-09,3336.0,1675.35
D05,PM-1003,2024-09-16,3653.0,1711.61
D05,PM-1003,2024-09-23,2996.0,1454.02
D05,PM-1003,2024-09-30,3999.0,1952.02
D05,PM-1003,2024-10-07,3082.0,1575.95
D05,PM-1003,2024-10-14,2870.0,1448.19
D05,PM-1003,2024-10-21,3594.0,1700.12
D05,PM-1003,2024-10-28,3487.0,1795.78
D05,PM-1003,2024-11-04,2379.0,1126.17
D05,PM-1003,2024-11-11,3931.0,1983.84
D05,PM-1003,2024-11-18,2843.0,1354.9
D05,PM-1003,2024-11-25,2977.0,1454.78
D05,PM-1003,2024-12-02,2690.0,1314.6399999999999
D05,PM-1003,2024-12-09,2875.0,1426.65
D05,PM-1003,2024-12-16,2372.0,1194.44
D05,PM-1003,2024-12-23,3213.0,1586.7
D05,PM-1003,2024-12-30,2803.0,1448.52
D05,PM-1003,2025-01-06,2954.0,1410.38
D05,PM-1003,2025-01-13,3607.0,1741.48
D05,PM-1003,2025-01-20,3352.0,1696.5900000000001
D05,PM-1003,2025-01-27,3151.0,1491.75
D05,PM-1003,2025-02-03,4269.0,2130.94
D05,PM-1003,2025-02-10,2689.0,1269.8600000000001
D05,PM-1003,2025-02-17,3267.0,1579.39
D05,PM-1003,2025-02-24,3950.0,1996.03
D05,PM-1003,2025-03-03,4144.0,2106.79
D05,PM-1003,2025-03-10,2666.0,1288.58
D05,PM-1003,2025-03-17,3010.0,1424.5499999999997
D05,PM-1003,2025-03-24,4024.0,1925.9
D05,PM-1003,2025-03-31,3192.0,1522.61
D05,PM-1003,2025-04-07,3483.0,1686.23
D05,PM-1003,2025-04-14,3236.0,1633.75
D05,PM-1003,2025-04-21,3499.0,1777.79
D05,PM-1003,2025-04-28,2100.0,1070.41
D05,PM-1003,2025-05-05,3351.0,1658.27
D05,PM-1003,2025-05-12,3535.0,1748.91
D05,PM-1003,2025-05-19,3348.0,1630.1200000000001
D05,PM-1003,2025-05-26,3655.0,1776.76
D05,PM-1003,2025-06-02,2950.0,1433.2600000000002
D05,PM-1003,2025-06-09,3753.0,1947.21
D05,PM-1003,2025-06-16,4612.0,2310.71
D05,PM-1003,2025-06-23,4365.0,2127.1499999999996
D05,PM-1003,2025-06-30,3986.0,1882.92
D05,PM-1003,2025-07-07,3716.0,1859.55
D05,PM-1003,2025-07-14,3196.0,1554.86
D05,PM-1003,2025-07-21,3283.0,1534.05
D05,PM-1003,2025-07-28,4000.0,1929.43
D05,PM-1003,2025-08-04,3413.0,1677.32
D05,PM-1003,2025-08-11,4752.0,2270.26
D05,PM-1003,2025-08-18,2640.0,1352.67
D05,PM-1003,2025-08-25,3296.0,1589.4699999999998
D05,PM-1003,2025-09-01,3097.0,1463.1399999999999
D05,PM-1003,2025-09-08,3748.0,1754.06
D05,PM-1003,2025-09-15,3833.0,1873.59
D05,PM-1003,2025-09-22,2698.0,1286.94
D05,PM-1003,2025-09-29,2651.0,1264.73
D05,PM-1003,2025-10-06,2861.0,1413.57
D05,PM-1003,2025-10-13,3459.0,1681.3700000000001
D05,PM-1003,2025-10-20,3374.0,1726.86
D05,PM-1003,2025-10-27,2456.0,1257.97
D05,PM-1003,2025-11-03,3258.0,1657.27
D05,PM-1003,2025-11-10,3175.0,1580.3899999999999
D05,PM-1003,2025-11-17,3060.0,1554.78
D05,PM-1003,2025-11-24,3362.0,1635.13
D05,PM-1003,2025-12-01,3178.0,1583.38
D05,PM-1003,2025-12-08,3107.0,1585.41
D05,PM-1003,2025-12-15,3659.0,1808.1100000000001
D05,PM-1003,2025-12-22,3871.0,2007.12
D05,PM-1003,2025-12-29,2903.0,1438.37
D05,PM-1003,2026-01-05,3071.0,1548.95
D05,PM-1003,2026-01-12,3448.0,1673.01
D05,PM-1003,2026-01-19,3050.0,1466.46
D05,PM-1003,2026-01-26,3508.0,1769.86
D05,PM-1003,2026-02-02,3248.0,1684.3
D05,PM-1003,2026-02-09,3610.0,1873.65
D05,PM-1003,2026-02-16,3586.0,1809.5800000000002
D05,PM-1003,2026-02-23,3232.0,1591.1399999999999
D05,PM-1003,2026-03-02,3781.0,1797.34
D05,PM-1003,2026-03-09,3713.0,1793.53
D05,PM-1003,2026-03-16,4771.0,2274.2200000000003
D05,PM-1003,2026-03-23,2582.0,1245.96
D05,PM-1003,2026-03-30,3792.0,1945.3700000000001
D05,PM-1003,2026-04-06,4047.0,2014.12
D05,PM-1003,2026-04-13,4872.0,2408.09
D05,PM-1003,2026-04-20,3253.0,1585.17
D05,PM-1003,2026-04-27,3596.0,1861.31
D05,PM-1003,2026-05-04,3319.0,1678.33
D05,PM-1003,2026-05-11,4665.0,2209.18
D05,PM-1003,2026-05-18,3195.0,1562.6799999999998
D05,PM-1003,2026-05-25,3341.0,1639.0
D05,PM-1003,2026-06-01,2896.0,1431.67
D05,PM-1003,2026-06-08,2370.0,1207.76
D05,PM-1003,2026-06-15,3606.0,1828.67
D05,PM-1003,2026-06-22,3541.0,1680.76
D05,PM-1004,2024-01-01,2283.0,2724.11
D05,PM-1004,2024-01-08,2385.0,2779.9
D05,PM-1004,2024-01-15,2724.0,3033.84
D05,PM-1004,2024-01-22,2694.0,3032.4300000000003
D05,PM-1004,2024-01-29,2452.0,2851.0099999999998
D05,PM-1004,2024-02-05,2044.0,2243.92
D05,PM-1004,2024-02-12,1587.0,1744.1699999999998
D05,PM-1004,2024-02-19,2895.0,3363.09
D05,PM-1004,2024-02-26,3075.0,3648.71
D05,PM-1004,2024-03-04,2209.0,2637.96
D05,PM-1004,2024-03-11,2894.0,3203.34
D05,PM-1004,2024-03-18,1782.0,2093.47
D05,PM-1004,2024-03-25,2766.0,3237.74
D05,PM-1004,2024-04-01,2665.0,3101.03
D05,PM-1004,2024-04-08,2296.0,2550.4
D05,PM-1004,2024-04-15,3428.0,4032.54
D05,PM-1004,2024-04-22,2472.0,2903.02
D05,PM-1004,2024-04-29,2977.0,3474.48
D05,PM-1004,2024-05-06,3445.0,4023.2200000000003
D05,PM-1004,2024-05-13,2570.0,2977.01
D05,PM-1004,2024-05-20,2997.0,3607.59
D05,PM-1004,2024-05-27,2616.0,3157.0899999999997
D05,PM-1004,2024-06-03,2769.0,3211.2000000000003
D05,PM-1004,2024-06-10,2281.0,2664.7
D05,PM-1004,2024-06-17,2691.0,3062.4
D05,PM-1004,2024-06-24,2703.0,2953.45
D05,PM-1004,2024-07-01,2672.0,2958.54
D05,PM-1004,2024-07-08,3113.0,3451.06
D05,PM-1004,2024-07-15,2716.0,3121.77
D05,PM-1004,2024-07-22,2220.0,2587.1
D05,PM-1004,2024-07-29,2790.0,3099.71
D05,PM-1004,2024-08-05,2338.0,2633.02
D05,PM-1004,2024-08-12,2605.0,2991.91
D05,PM-1004,2024-08-19,2563.0,3055.42
D05,PM-1004,2024-08-26,2771.0,3273.21
D05,PM-1004,2024-09-02,2541.0,3059.02
D05,PM-1004,2024-09-09,2675.0,3048.4
D05,PM-1004,2024-09-16,2474.0,2750.84
D05,PM-1004,2024-09-23,3385.0,3934.55
D05,PM-1004,2024-09-30,2258.0,2487.21
D05,PM-1004,2024-10-07,2172.0,2569.6
D05,PM-1004,2024-10-14,2561.0,2974.73
D05,PM-1004,2024-10-21,2171.0,2546.38
D05,PM-1004,2024-10-28,2591.0,3032.23
D05,PM-1004,2024-11-04,1904.0,2209.88
D05,PM-1004,2024-11-11,2329.0,2689.09
D05,PM-1004,2024-11-18,2429.0,2678.29
D05,PM-1004,2024-11-25,1913.0,2107.94
D05,PM-1004,2024-12-02,2391.0,2818.43
D05,PM-1004,2024-12-09,1680.0,1837.06
D05,PM-1004,2024-12-16,2267.0,2640.67
D05,PM-1004,2024-12-23,2700.0,3235.37
D05,PM-1004,2024-12-30,1993.0,2408.05
D05,PM-1004,2025-01-06,2253.0,2509.92
D05,PM-1004,2025-01-13,2017.0,2227.9
D05,PM-1004,2025-01-20,2555.0,2989.29
D05,PM-1004,2025-01-27,2619.0,2892.38
D05,PM-1004,2025-02-03,2535.0,2891.7799999999997
D05,PM-1004,2025-02-10,2639.0,2893.5699999999997
D05,PM-1004,2025-02-17,2152.0,2432.48
D05,PM-1004,2025-02-24,2367.0,2604.81
D05,PM-1004,2025-03-03,2038.0,2383.3
D05,PM-1004,2025-03-10,2136.0,2450.33
D05,PM-1004,2025-03-17,2403.0,2895.54
D05,PM-1004,2025-03-24,2982.0,3575.22
D05,PM-1004,2025-03-31,2213.0,2494.51
D05,PM-1004,2025-04-07,2663.0,2916.17
D05,PM-1004,2025-04-14,2246.0,2546.89
D05,PM-1004,2025-04-21,2155.0,2512.6499999999996
D05,PM-1004,2025-04-28,3190.0,3654.11
D05,PM-1004,2025-05-05,3096.0,3735.73
D05,PM-1004,2025-05-12,2332.0,2668.99
D05,PM-1004,2025-05-19,2503.0,2986.09
D05,PM-1004,2025-05-26,2707.0,2979.07
D05,PM-1004,2025-06-02,2273.0,2573.92
D05,PM-1004,2025-06-09,2852.0,3357.69
D05,PM-1004,2025-06-16,2078.0,2378.04
D05,PM-1004,2025-06-23,2437.0,2815.42
D05,PM-1004,2025-06-30,2494.0,2917.3500000000004
D05,PM-1004,2025-07-07,2804.0,3373.56
D05,PM-1004,2025-07-14,3147.0,3545.54
D05,PM-1004,2025-07-21,2212.0,2435.73
D05,PM-1004,2025-07-28,2517.0,3021.7799999999997
D05,PM-1004,2025-08-04,2781.0,3039.37
D05,PM-1004,2025-08-11,2499.0,2802.42
D05,PM-1004,2025-08-18,2434.0,2732.98
D05,PM-1004,2025-08-25,2804.0,3219.6400000000003
D05,PM-1004,2025-09-01,1860.0,2171.23
D05,PM-1004,2025-09-08,2357.0,2703.1400000000003
D05,PM-1004,2025-09-15,2433.0,2698.94
D05,PM-1004,2025-09-22,2379.0,2732.85
D05,PM-1004,2025-09-29,2103.0,2483.21
D05,PM-1004,2025-10-06,2679.0,3176.73
D05,PM-1004,2025-10-13,2428.0,2695.03
D05,PM-1004,2025-10-20,1400.0,1677.23
D05,PM-1004,2025-10-27,2509.0,2896.36
D05,PM-1004,2025-11-03,2225.0,2446.79
D05,PM-1004,2025-11-10,2585.0,3009.7400000000002
D05,PM-1004,2025-11-17,2756.0,3038.17
D05,PM-1004,2025-11-24,2276.0,2582.9700000000003
D05,PM-1004,2025-12-01,2003.0,2405.2799999999997
D05,PM-1004,2025-12-08,2574.0,3061.77
D05,PM-1004,2025-12-15,2806.0,3205.75
D05,PM-1004,2025-12-22,2367.0,2575.72
D05,PM-1004,2025-12-29,2243.0,2567.87
D05,PM-1004,2026-01-05,2616.0,3001.66
D05,PM-1004,2026-01-12,2008.0,2363.0299999999997
D05,PM-1004,2026-01-19,2333.0,2565.55
D05,PM-1004,2026-01-26,2166.0,2550.6800000000003
D05,PM-1004,2026-02-02,2542.0,3066.73
D05,PM-1004,2026-02-09,2282.0,2651.03
D05,PM-1004,2026-02-16,2314.0,2799.1
D05,PM-1004,2026-02-23,2611.0,2964.57
D05,PM-1004,2026-03-02,2979.0,3301.49
D05,PM-1004,2026-03-09,2691.0,3071.7200000000003
D05,PM-1004,2026-03-16,2791.0,3186.7699999999995
D05,PM-1004,2026-03-23,2916.0,3171.98
D05,PM-1004,2026-03-30,2402.0,2708.07
D05,PM-1004,2026-04-06,2616.0,2924.33
D05,PM-1004,2026-04-13,2515.0,2878.79
D05,PM-1004,2026-04-20,2578.0,2828.08
D05,PM-1004,2026-04-27,2455.0,2923.31
D05,PM-1004,2026-05-04,2543.0,2831.34
D05,PM-1004,2026-05-11,2511.0,2886.0299999999997
D05,PM-1004,2026-05-18,2355.0,2739.16
D05,PM-1004,2026-05-25,1822.0,1999.0
D05,PM-1004,2026-06-01,2653.0,3108.67
D05,PM-1004,2026-06-08,3334.0,4015.23
D05,PM-1004,2026-06-15,2854.0,3104.29
D05,PM-1004,2026-06-22,2576.0,2850.5699999999997
D05,PM-1005,2024-01-01,1184.0,618.96
D05,PM-1005,2024-01-08,1872.0,1002.3100000000001
D05,PM-1005,2024-01-15,1360.0,715.79
D05,PM-1005,2024-01-22,1073.0,585.61
D05,PM-1005,2024-01-29,1604.0,872.87
D05,PM-1005,2024-02-05,1254.0,638.19
D05,PM-1005,2024-02-12,1013.0,559.5799999999999
D05,PM-1005,2024-02-19,1797.0,989.4200000000001
D05,PM-1005,2024-02-26,2059.0,1133.8400000000001
D05,PM-1005,2024-03-04,1493.0,831.72
D05,PM-1005,2024-03-11,1535.0,807.27
D05,PM-1005,2024-03-18,1508.0,830.76
D05,PM-1005,2024-03-25,1558.0,781.05
D05,PM-1005,2024-04-01,1368.0,738.5699999999999
D05,PM-1005,2024-04-08,1444.0,770.93
D05,PM-1005,2024-04-15,1415.0,754.51
D05,PM-1005,2024-04-22,1468.0,800.5600000000001
D05,PM-1005,2024-04-29,1232.0,678.78
D05,PM-1005,2024-05-06,1717.0,949.87
D05,PM-1005,2024-05-13,1516.0,772.03
D05,PM-1005,2024-05-20,1667.0,866.33
D05,PM-1005,2024-05-27,1618.0,838.37
D05,PM-1005,2024-06-03,1070.0,558.88
D05,PM-1005,2024-06-10,1611.0,869.03
D05,PM-1005,2024-06-17,1703.0,904.41
D05,PM-1005,2024-06-24,1322.0,726.87
D05,PM-1005,2024-07-01,1498.0,811.1
D05,PM-1005,2024-07-08,1418.0,741.01
D05,PM-1005,2024-07-15,1577.0,871.35
D05,PM-1005,2024-07-22,1445.0,752.09
D05,PM-1005,2024-07-29,1131.0,604.77
D05,PM-1005,2024-08-05,1258.0,700.08
D05,PM-1005,2024-08-12,1586.0,816.99
D05,PM-1005,2024-08-19,1532.0,792.55
D05,PM-1005,2024-08-26,2032.0,1025.27
D05,PM-1005,2024-09-02,1412.0,778.02
D05,PM-1005,2024-09-09,1078.0,556.4
D05,PM-1005,2024-09-16,1716.0,937.39
D05,PM-1005,2024-09-23,1598.0,799.33
D05,PM-1005,2024-09-30,1207.0,646.53
D05,PM-1005,2024-10-07,1523.0,807.92
D05,PM-1005,2024-10-21,1161.0,589.33
D05,PM-1005,2024-10-28,1374.0,717.3299999999999
D05,PM-1005,2024-11-04,1196.0,662.27
D05,PM-1005,2024-11-11,1045.0,523.53
D05,PM-1005,2024-11-18,1260.0,655.82
D05,PM-1005,2024-11-25,1423.0,763.16
D05,PM-1005,2024-12-02,1278.0,653.92
D05,PM-1005,2024-12-09,1168.0,590.11
D05,PM-1005,2024-12-16,1396.0,709.4300000000001
D05,PM-1005,2024-12-23,1248.0,647.99
D05,PM-1005,2024-12-30,1130.0,629.05
D05,PM-1005,2025-01-06,1344.0,675.25
D05,PM-1005,2025-01-13,1263.0,702.53
D05,PM-1005,2025-01-20,1732.0,964.42
D05,PM-1005,2025-01-27,1513.0,779.72
D05,PM-1005,2025-02-03,1506.0,827.14
D05,PM-1005,2025-02-10,1032.0,553.14
D05,PM-1005,2025-02-17,1517.0,797.34
D05,PM-1005,2025-02-24,1568.0,808.78
D05,PM-1005,2025-03-03,1083.0,571.99
D05,PM-1005,2025-03-10,1229.0,652.32
D05,PM-1005,2025-03-17,1257.0,681.58
D05,PM-1005,2025-03-24,1669.0,898.27
D05,PM-1005,2025-03-31,1720.0,907.5999999999999
D05,PM-1005,2025-04-07,1293.0,660.07
D05,PM-1005,2025-04-14,1224.0,654.44
D05,PM-1005,2025-04-21,1064.0,572.9
D05,PM-1005,2025-04-28,1155.0,637.28
D05,PM-1005,2025-05-05,1334.0,730.87
D05,PM-1005,2025-05-12,1355.0,737.92
D05,PM-1005,2025-05-19,1495.0,809.56
D05,PM-1005,2025-05-26,1641.0,868.73
D05,PM-1005,2025-06-02,1556.0,845.5699999999999
D05,PM-1005,2025-06-09,1361.0,710.5
D05,PM-1005,2025-06-16,1480.0,763.5699999999999
D05,PM-1005,2025-06-23,1326.0,721.27
D05,PM-1005,2025-06-30,1400.0,747.2
D05,PM-1005,2025-07-07,1435.0,771.2
D05,PM-1005,2025-07-14,1663.0,879.29
D05,PM-1005,2025-07-21,1692.0,849.9599999999999
D05,PM-1005,2025-07-28,1295.0,660.01
D05,PM-1005,2025-08-04,1460.0,806.16
D05,PM-1005,2025-08-11,1607.0,819.63
D05,PM-1005,2025-08-18,1403.0,719.11
D05,PM-1005,2025-08-25,1345.0,681.75
D05,PM-1005,2025-09-01,1634.0,866.97
D05,PM-1005,2025-09-08,1534.0,836.22
D05,PM-1005,2025-09-15,1371.0,758.31
D05,PM-1005,2025-09-22,1189.0,594.97
D05,PM-1005,2025-09-29,1067.0,556.08
D05,PM-1005,2025-10-06,1379.0,738.72
D05,PM-1005,2025-10-13,1457.0,738.02
D05,PM-1005,2025-10-20,1126.0,624.71
D05,PM-1005,2025-10-27,1518.0,834.6500000000001
D05,PM-1005,2025-11-03,1236.0,675.0
D05,PM-1005,2025-11-10,996.0,540.65
D05,PM-1005,2025-11-17,1386.0,744.85
D05,PM-1005,2025-11-24,1266.0,687.62
D05,PM-1005,2025-12-01,1254.0,656.75
D05,PM-1005,2025-12-08,1453.0,785.5
D05,PM-1005,2025-12-15,1607.0,885.71
D05,PM-1005,2025-12-22,1402.0,773.29
D05,PM-1005,2025-12-29,1211.0,641.74
D05,PM-1005,2026-01-05,998.0,506.96
D05,PM-1005,2026-01-12,1428.0,770.08
D05,PM-1005,2026-01-19,1320.0,663.28
D05,PM-1005,2026-01-26,1173.0,653.28
D05,PM-1005,2026-02-02,1230.0,630.0699999999999
D05,PM-1005,2026-02-09,1678.0,895.14
D05,PM-1005,2026-02-16,1561.0,831.93
D05,PM-1005,2026-02-23,1618.0,848.44
D05,PM-1005,2026-03-02,1616.0,820.61
D05,PM-1005,2026-03-09,1448.0,802.25
D05,PM-1005,2026-03-16,1204.0,654.51
D05,PM-1005,2026-03-23,1442.0,756.94
D05,PM-1005,2026-03-30,1580.0,818.19
D05,PM-1005,2026-04-06,1420.0,788.91
D05,PM-1005,2026-04-13,1515.0,817.4100000000001
D05,PM-1005,2026-04-20,1595.0,825.8799999999999
D05,PM-1005,2026-04-27,1707.0,920.52
D05,PM-1005,2026-05-04,1710.0,922.88
D05,PM-1005,2026-05-11,1412.0,737.05
D05,PM-1005,2026-05-18,1228.0,632.0799999999999
D05,PM-1005,2026-05-25,1889.0,974.27
D05,PM-1005,2026-06-01,1578.0,850.91
D05,PM-1005,2026-06-08,1439.0,780.84
D05,PM-1005,2026-06-15,1137.0,582.76
D05,PM-1005,2026-06-22,1670.0,868.49
D05,PM-1006,2024-01-01,2109.0,1570.3
D05,PM-1006,2024-01-08,2448.0,1895.96
D05,PM-1006,2024-01-15,2625.0,1915.4
D05,PM-1006,2024-01-22,2182.0,1769.26
D05,PM-1006,2024-01-29,3151.0,2349.76
D05,PM-1006,2024-02-05,2212.0,1661.8999999999999
D05,PM-1006,2024-02-12,2989.0,2248.04
D05,PM-1006,2024-02-19,2801.0,2092.03
D05,PM-1006,2024-02-26,4045.0,3064.52
D05,PM-1006,2024-03-04,2816.0,2184.29
D05,PM-1006,2024-03-11,2283.0,1848.6299999999999
D05,PM-1006,2024-03-18,2352.0,1746.79
D05,PM-1006,2024-03-25,2738.0,2070.57
D05,PM-1006,2024-04-01,1993.0,1472.43
D05,PM-1006,2024-04-08,2387.0,1838.9299999999998
D05,PM-1006,2024-04-15,3235.0,2519.0
D05,PM-1006,2024-04-22,4106.0,3033.21
D05,PM-1006,2024-04-29,2941.0,2254.11
D05,PM-1006,2024-05-06,2562.0,2013.6799999999998
D05,PM-1006,2024-05-13,3522.0,2723.75
D05,PM-1006,2024-05-20,3684.0,2927.82
D05,PM-1006,2024-05-27,2837.0,2107.27
D05,PM-1006,2024-06-03,3341.0,2628.07
D05,PM-1006,2024-06-10,3702.0,2895.77
D05,PM-1006,2024-06-17,3197.0,2405.43
D05,PM-1006,2024-06-24,2738.0,2052.37
D05,PM-1006,2024-07-01,2801.0,2090.2599999999998
D05,PM-1006,2024-07-08,2508.0,1872.76
D05,PM-1006,2024-07-15,2670.0,2023.5300000000002
D05,PM-1006,2024-07-22,3280.0,2399.27
D05,PM-1006,2024-07-29,2871.0,2174.07
D05,PM-1006,2024-08-05,2345.0,1769.25
D05,PM-1006,2024-08-12,3077.0,2439.86
D05,PM-1006,2024-08-19,3420.0,2683.15
D05,PM-1006,2024-08-26,2797.0,2101.68
D05,PM-1006,2024-09-02,2810.0,2174.7799999999997
D05,PM-1006,2024-09-09,3514.0,2800.1
D05,PM-1006,2024-09-16,3329.0,2478.49
D05,PM-1006,2024-09-23,3001.0,2417.46
D05,PM-1006,2024-09-30,3391.0,2656.83
D05,PM-1006,2024-10-07,3237.0,2434.57
D05,PM-1006,2024-10-14,2644.0,2034.81
D05,PM-1006,2024-10-21,2829.0,2156.69
D05,PM-1006,2024-10-28,2699.0,2050.2
D05,PM-1006,2024-11-04,3543.0,2741.14
D05,PM-1006,2024-11-11,2794.0,2043.27
D05,PM-1006,2024-11-18,2750.0,2039.65
D05,PM-1006,2024-11-25,3442.0,2678.79
D05,PM-1006,2024-12-02,2663.0,1993.38
D05,PM-1006,2024-12-09,2466.0,1796.66
D05,PM-1006,2024-12-16,1877.0,1481.27
D05,PM-1006,2024-12-23,2438.0,1840.1000000000001
D05,PM-1006,2024-12-30,2684.0,1976.78
D05,PM-1006,2025-01-06,3035.0,2298.27
D05,PM-1006,2025-01-13,2630.0,1925.6699999999998
D05,PM-1006,2025-01-20,2062.0,1674.68
D05,PM-1006,2025-01-27,2833.0,2132.32
D05,PM-1006,2025-02-03,2064.0,1530.1100000000001
D05,PM-1006,2025-02-10,3297.0,2565.74
D05,PM-1006,2025-02-17,3395.0,2503.12
D05,PM-1006,2025-02-24,2125.0,1690.17
D05,PM-1006,2025-03-03,2459.0,1914.71
D05,PM-1006,2025-03-10,2972.0,2355.2
D05,PM-1006,2025-03-17,3707.0,2943.79
D05,PM-1006,2025-03-24,2850.0,2234.62
D05,PM-1006,2025-03-31,3073.0,2265.12
D05,PM-1006,2025-04-07,3037.0,2460.66
D05,PM-1006,2025-04-14,2335.0,1758.9299999999998
D05,PM-1006,2025-04-21,2820.0,2170.89
D05,PM-1006,2025-04-28,2666.0,2019.46
D05,PM-1006,2025-05-05,3112.0,2300.39
D05,PM-1006,2025-05-12,2724.0,1984.9
D05,PM-1006,2025-05-19,3044.0,2329.1
D05,PM-1006,2025-05-26,3014.0,2297.09
D05,PM-1006,2025-06-02,3056.0,2423.16
D05,PM-1006,2025-06-09,3573.0,2860.88
D05,PM-1006,2025-06-16,3224.0,2451.57
D05,PM-1006,2025-06-23,2928.0,2337.81
D05,PM-1006,2025-06-30,3264.0,2565.64
D05,PM-1006,2025-07-07,2783.0,2248.4399999999996
D05,PM-1006,2025-07-14,2556.0,1971.74
D05,PM-1006,2025-07-21,3509.0,2652.46
D05,PM-1006,2025-07-28,2689.0,2069.29
D05,PM-1006,2025-08-04,2532.0,1928.12
D05,PM-1006,2025-08-11,3671.0,2930.63
D05,PM-1006,2025-08-18,3307.0,2615.0
D05,PM-1006,2025-08-25,2794.0,2206.27
D05,PM-1006,2025-09-01,3253.0,2435.27
D05,PM-1006,2025-09-08,2629.0,1975.6999999999998
D05,PM-1006,2025-09-15,3001.0,2294.9
D05,PM-1006,2025-09-22,2788.0,2071.7
D05,PM-1006,2025-09-29,2593.0,2010.69
D05,PM-1006,2025-10-06,2821.0,2232.93
D05,PM-1006,2025-10-13,2274.0,1727.69
D05,PM-1006,2025-10-20,2450.0,1938.7600000000002
D05,PM-1006,2025-10-27,1948.0,1422.54
D05,PM-1006,2025-11-03,2507.0,1939.84
D05,PM-1006,2025-11-10,2721.0,2202.52
D05,PM-1006,2025-11-17,2100.0,1558.95
D05,PM-1006,2025-11-24,2752.0,2085.63
D05,PM-1006,2025-12-01,1866.0,1482.11
D05,PM-1006,2025-12-08,2374.0,1874.35
D05,PM-1006,2025-12-15,2556.0,2024.62
D05,PM-1006,2025-12-22,2591.0,1979.31
D05,PM-1006,2025-12-29,2700.0,2039.6200000000001
D05,PM-1006,2026-01-05,2042.0,1635.77
D05,PM-1006,2026-01-12,2699.0,2026.71
D05,PM-1006,2026-01-19,2934.0,2203.74
D05,PM-1006,2026-01-26,2496.0,1875.91
D05,PM-1006,2026-02-02,2595.0,2078.41
D05,PM-1006,2026-02-09,2186.0,1608.3700000000001
D05,PM-1006,2026-02-16,3116.0,2390.09
D05,PM-1006,2026-02-23,2285.0,1760.0500000000002
D05,PM-1006,2026-03-02,3281.0,2498.28
D05,PM-1006,2026-03-09,3917.0,2947.4799999999996
D05,PM-1006,2026-03-16,2640.0,2065.85
D05,PM-1006,2026-03-23,2558.0,2049.93
D05,PM-1006,2026-03-30,2818.0,2250.25
D05,PM-1006,2026-04-06,3393.0,2665.11
D05,PM-1006,2026-04-13,2569.0,2062.9700000000003
D05,PM-1006,2026-04-20,2150.0,1630.38
D05,PM-1006,2026-04-27,3538.0,2650.72
D05,PM-1006,2026-05-04,3013.0,2445.33
D05,PM-1006,2026-05-11,2915.0,2328.95
D05,PM-1006,2026-05-18,3052.0,2266.63
D05,PM-1006,2026-05-25,2684.0,2051.74
D05,PM-1006,2026-06-01,2953.0,2228.3
D05,PM-1006,2026-06-08,3163.0,2550.54
D05,PM-1006,2026-06-15,3269.0,2396.19
D05,PM-1006,2026-06-22,3049.0,2437.55
D05,PM-1007,2024-01-01,2536.0,2723.48
D05,PM-1007,2024-01-08,2074.0,2114.85
D05,PM-1007,2024-01-15,2742.0,2903.43
D05,PM-1007,2024-01-22,1989.0,2162.65
D05,PM-1007,2024-01-29,2190.0,2202.49
D05,PM-1007,2024-02-05,2152.0,2149.1400000000003
D05,PM-1007,2024-02-12,2529.0,2509.22
D05,PM-1007,2024-02-19,2704.0,2913.0
D05,PM-1007,2024-02-26,2636.0,2806.69
D05,PM-1007,2024-03-04,2269.0,2236.7
D05,PM-1007,2024-03-11,3090.0,3215.83
D05,PM-1007,2024-03-18,2985.0,3217.08
D05,PM-1007,2024-03-25,2632.0,2863.46
D05,PM-1007,2024-04-01,2329.0,2312.07
D05,PM-1007,2024-04-08,2102.0,2076.92
D05,PM-1007,2024-04-15,2882.0,3018.8100000000004
D05,PM-1007,2024-04-22,2494.0,2690.77
D05,PM-1007,2024-04-29,3036.0,3125.9900000000002
D05,PM-1007,2024-05-06,3087.0,3106.11
D05,PM-1007,2024-05-13,2487.0,2636.8
D05,PM-1007,2024-05-20,2673.0,2616.77
D05,PM-1007,2024-05-27,2663.0,2675.77
D05,PM-1007,2024-06-03,3329.0,3611.42
D05,PM-1007,2024-06-10,2537.0,2602.01
D05,PM-1007,2024-06-17,2954.0,3203.81
D05,PM-1007,2024-06-24,2703.0,2700.81
D05,PM-1007,2024-07-01,3364.0,3466.76
D05,PM-1007,2024-07-08,2406.0,2579.06
D05,PM-1007,2024-07-15,2263.0,2359.03
D05,PM-1007,2024-07-22,1984.0,2073.63
D05,PM-1007,2024-07-29,2679.0,2695.71
D05,PM-1007,2024-08-05,2689.0,2682.29
D05,PM-1007,2024-08-12,2492.0,2672.23
D05,PM-1007,2024-08-19,2925.0,2975.57
D05,PM-1007,2024-08-26,3178.0,3119.81
D05,PM-1007,2024-09-02,2231.0,2297.35
D05,PM-1007,2024-09-09,2399.0,2588.4300000000003
D05,PM-1007,2024-09-16,1907.0,2048.8599999999997
D05,PM-1007,2024-09-23,2457.0,2656.93
D05,PM-1007,2024-09-30,2192.0,2338.64
D05,PM-1007,2024-10-07,2241.0,2398.76
D05,PM-1007,2024-10-14,2315.0,2488.31
D05,PM-1007,2024-10-21,2526.0,2731.97
D05,PM-1007,2024-10-28,2240.0,2215.59
D05,PM-1007,2024-11-04,3113.0,3102.63
D05,PM-1007,2024-11-11,2266.0,2360.87
D05,PM-1007,2024-11-18,1850.0,1880.15
D05,PM-1007,2024-11-25,2040.0,2005.78
D05,PM-1007,2024-12-02,2493.0,2634.17
D05,PM-1007,2024-12-09,2508.0,2568.45
D05,PM-1007,2024-12-16,2267.0,2465.13
D05,PM-1007,2024-12-23,2273.0,2226.5299999999997
D05,PM-1007,2024-12-30,2345.0,2556.76
D05,PM-1007,2025-01-06,2530.0,2663.99
D05,PM-1007,2025-01-13,2290.0,2285.89
D05,PM-1007,2025-01-20,1919.0,1932.3700000000001
D05,PM-1007,2025-01-27,2097.0,2241.81
D05,PM-1007,2025-02-03,2152.0,2190.35
D05,PM-1007,2025-02-10,1987.0,2051.61
D05,PM-1007,2025-02-17,1991.0,2015.1599999999999
D05,PM-1007,2025-02-24,2534.0,2581.75
D05,PM-1007,2025-03-03,2416.0,2485.87
D05,PM-1007,2025-03-10,2722.0,2701.6
D05,PM-1007,2025-03-17,3220.0,3384.8
D05,PM-1007,2025-03-24,2807.0,2950.16
D05,PM-1007,2025-03-31,2793.0,3045.6400000000003
D05,PM-1007,2025-04-07,2040.0,2106.5
D05,PM-1007,2025-04-14,2799.0,2848.11
D05,PM-1007,2025-04-21,2572.0,2682.78
D05,PM-1007,2025-04-28,3103.0,3242.59
D05,PM-1007,2025-05-05,2170.0,2161.21
D05,PM-1007,2025-05-12,2999.0,3091.82
D05,PM-1007,2025-05-19,2420.0,2479.08
D05,PM-1007,2025-05-26,2278.0,2303.42
D05,PM-1007,2025-06-02,3596.0,3862.54
D05,PM-1007,2025-06-09,2685.0,2636.38
D05,PM-1007,2025-06-16,2610.0,2823.53
D05,PM-1007,2025-06-23,2445.0,2602.72
D05,PM-1007,2025-06-30,2520.0,2478.88
D05,PM-1007,2025-07-07,2479.0,2426.25
D05,PM-1007,2025-07-14,2526.0,2677.3300000000004
D05,PM-1007,2025-07-21,2549.0,2739.09
D05,PM-1007,2025-07-28,2491.0,2660.8900000000003
D05,PM-1007,2025-08-04,2188.0,2373.72
D05,PM-1007,2025-08-11,2555.0,2677.89
D05,PM-1007,2025-08-18,2631.0,2679.6899999999996
D05,PM-1007,2025-08-25,2813.0,2790.31
D05,PM-1007,2025-09-01,2920.0,3066.05
D05,PM-1007,2025-09-08,2341.0,2552.79
D05,PM-1007,2025-09-15,2561.0,2647.18
D05,PM-1007,2025-09-22,2694.0,2707.8
D05,PM-1007,2025-09-29,2196.0,2156.5299999999997
D05,PM-1007,2025-10-06,2443.0,2592.22
D05,PM-1007,2025-10-13,2466.0,2684.76
D05,PM-1007,2025-10-20,1777.0,1857.81
D05,PM-1007,2025-10-27,2308.0,2457.2300000000005
D05,PM-1007,2025-11-03,2344.0,2305.4700000000003
D05,PM-1007,2025-11-10,2060.0,2153.62
D05,PM-1007,2025-11-17,2616.0,2697.52
D05,PM-1007,2025-11-24,2944.0,3106.16
D05,PM-1007,2025-12-01,2388.0,2380.93
D05,PM-1007,2025-12-08,1902.0,1962.73
D05,PM-1007,2025-12-15,2197.0,2224.32
D05,PM-1007,2025-12-22,1985.0,2036.24
D05,PM-1007,2025-12-29,3087.0,3341.62
D05,PM-1007,2026-01-05,2114.0,2264.11
D05,PM-1007,2026-01-12,2364.0,2442.87
D05,PM-1007,2026-01-19,2733.0,2804.56
D05,PM-1007,2026-01-26,2060.0,2148.56
D05,PM-1007,2026-02-02,2113.0,2091.21
D05,PM-1007,2026-02-09,2854.0,3080.07
D05,PM-1007,2026-02-16,2867.0,3090.47
D05,PM-1007,2026-02-23,2096.0,2185.98
D05,PM-1007,2026-03-02,2102.0,2155.72
D05,PM-1007,2026-03-09,2691.0,2679.77
D05,PM-1007,2026-03-16,2713.0,2692.16
D05,PM-1007,2026-03-23,2312.0,2521.69
D05,PM-1007,2026-03-30,2648.0,2662.37
D05,PM-1007,2026-04-06,2170.0,2237.2
D05,PM-1007,2026-04-13,2789.0,3001.45
D05,PM-1007,2026-04-20,2699.0,2898.9399999999996
D05,PM-1007,2026-04-27,2044.0,2228.77
D05,PM-1007,2026-05-04,2493.0,2658.97
D05,PM-1007,2026-05-11,2522.0,2727.79
D05,PM-1007,2026-05-18,2918.0,2910.38
D05,PM-1007,2026-05-25,2281.0,2479.85
D05,PM-1007,2026-06-01,3149.0,3363.52
D05,PM-1007,2026-06-08,2690.0,2705.26
D05,PM-1007,2026-06-15,3121.0,3329.93
D05,PM-1007,2026-06-22,2168.0,2138.42
D05,PW-1029,2024-01-01,974.0,3462.66
D05,PW-1029,2024-01-08,766.0,2753.87
D05,PW-1029,2024-01-15,892.0,3128.27
D05,PW-1029,2024-01-22,727.0,2735.92
D05,PW-1029,2024-01-29,1003.0,3588.38
D05,PW-1029,2024-02-05,982.0,3694.46
D05,PW-1029,2024-02-12,945.0,3220.5299999999997
D05,PW-1029,2024-02-19,997.0,3458.94
D05,PW-1029,2024-02-26,925.0,3310.0
D05,PW-1029,2024-03-04,915.0,3118.21
D05,PW-1029,2024-03-11,766.0,2876.31
D05,PW-1029,2024-03-18,832.0,3004.63
D05,PW-1029,2024-03-25,1057.0,3755.72
D05,PW-1029,2024-04-01,1062.0,3953.9300000000003
D05,PW-1029,2024-04-08,1087.0,3706.73
D05,PW-1029,2024-04-15,901.0,3345.28
D05,PW-1029,2024-04-22,1247.0,4548.34
D05,PW-1029,2024-04-29,953.0,3432.9300000000003
D05,PW-1029,2024-05-06,1055.0,3752.87
D05,PW-1029,2024-05-13,1504.0,5435.6900000000005
D05,PW-1029,2024-05-20,923.0,3356.28
D05,PW-1029,2024-05-27,1115.0,3842.9799999999996
D05,PW-1029,2024-06-03,801.0,2930.45
D05,PW-1029,2024-06-10,953.0,3446.07
D05,PW-1029,2024-06-17,1103.0,3957.6
D05,PW-1029,2024-06-24,919.0,3460.69
D05,PW-1029,2024-07-01,1014.0,3662.7
D05,PW-1029,2024-07-08,1041.0,3639.58
D05,PW-1029,2024-07-15,1028.0,3626.43
D05,PW-1029,2024-07-22,718.0,2431.62
D05,PW-1029,2024-07-29,1392.0,4925.73
D05,PW-1029,2024-08-05,838.0,3037.68
D05,PW-1029,2024-08-12,871.0,3086.38
D05,PW-1029,2024-08-19,766.0,2648.99
D05,PW-1029,2024-08-26,831.0,3095.5
D05,PW-1029,2024-09-02,952.0,3337.2
D05,PW-1029,2024-09-09,1107.0,3811.57
D05,PW-1029,2024-09-16,860.0,2959.34
D05,PW-1029,2024-09-23,954.0,3485.77
D05,PW-1029,2024-09-30,973.0,3497.37
D05,PW-1029,2024-10-07,777.0,2667.64
D05,PW-1029,2024-10-14,692.0,2366.7799999999997
D05,PW-1029,2024-10-21,786.0,2930.66
D05,PW-1029,2024-10-28,1103.0,3841.34
D05,PW-1029,2024-11-04,796.0,2955.59
D05,PW-1029,2024-11-11,801.0,2799.25
D05,PW-1029,2024-11-18,938.0,3233.76
D05,PW-1029,2024-11-25,978.0,3321.54
D05,PW-1029,2024-12-02,749.0,2714.83
D05,PW-1029,2024-12-09,994.0,3694.73
D05,PW-1029,2024-12-16,960.0,3487.28
D05,PW-1029,2024-12-23,820.0,2970.18
D05,PW-1029,2024-12-30,678.0,2555.42
D05,PW-1029,2025-01-06,1018.0,3724.3599999999997
D05,PW-1029,2025-01-13,959.0,3273.48
D05,PW-1029,2025-01-20,943.0,3422.85
D05,PW-1029,2025-01-27,752.0,2656.72
D05,PW-1029,2025-02-03,1313.0,4948.34
D05,PW-1029,2025-02-10,811.0,2889.7200000000003
D05,PW-1029,2025-02-17,879.0,3295.23
D05,PW-1029,2025-02-24,1116.0,3971.3
D05,PW-1029,2025-03-03,990.0,3347.57
D05,PW-1029,2025-03-10,1017.0,3708.73
D05,PW-1029,2025-03-17,834.0,3135.42
D05,PW-1029,2025-03-24,834.0,2848.47
D05,PW-1029,2025-03-31,1082.0,3738.27
D05,PW-1029,2025-04-07,971.0,3325.46
D05,PW-1029,2025-04-14,1387.0,4898.5
D05,PW-1029,2025-04-21,883.0,3211.06
D05,PW-1029,2025-04-28,999.0,3724.03
D05,PW-1029,2025-05-05,1101.0,4086.25
D05,PW-1029,2025-05-12,1008.0,3407.75
D05,PW-1029,2025-05-19,962.0,3533.8199999999997
D05,PW-1029,2025-05-26,1101.0,4101.33
D05,PW-1029,2025-06-02,1480.0,5456.76
D05,PW-1029,2025-06-09,994.0,3467.67
D05,PW-1029,2025-06-16,861.0,3229.9800000000005
D05,PW-1029,2025-06-23,1191.0,4190.35
D05,PW-1029,2025-06-30,1038.0,3524.0
D05,PW-1029,2025-07-07,937.0,3499.0099999999998
D05,PW-1029,2025-07-14,1198.0,4350.5199999999995
D05,PW-1029,2025-07-21,1167.0,4040.04
D05,PW-1029,2025-07-28,977.0,3435.5699999999997
D05,PW-1029,2025-08-04,838.0,2858.3999999999996
D05,PW-1029,2025-08-11,1228.0,4300.84
D05,PW-1029,2025-08-18,959.0,3486.58
D05,PW-1029,2025-08-25,1098.0,4099.96
D05,PW-1029,2025-09-01,1026.0,3536.88
D05,PW-1029,2025-09-08,1121.0,3912.38
D05,PW-1029,2025-09-15,1068.0,3889.96
D05,PW-1029,2025-09-22,1246.0,4346.78
D05,PW-1029,2025-09-29,1121.0,3927.32
D05,PW-1029,2025-10-06,751.0,2554.9700000000003
D05,PW-1029,2025-10-13,950.0,3317.91
D05,PW-1029,2025-10-20,1018.0,3694.44
D05,PW-1029,2025-10-27,933.0,3380.6600000000003
D05,PW-1029,2025-11-03,1178.0,3998.76
D05,PW-1029,2025-11-10,1053.0,3644.6099999999997
D05,PW-1029,2025-11-17,738.0,2738.45
D05,PW-1029,2025-11-24,927.0,3321.96
D05,PW-1029,2025-12-01,983.0,3651.03
D05,PW-1029,2025-12-08,870.0,3061.6800000000003
D05,PW-1029,2025-12-15,1088.0,3982.04
D05,PW-1029,2025-12-22,1072.0,3986.1
D05,PW-1029,2025-12-29,1050.0,3729.68
D05,PW-1029,2026-01-05,1112.0,3914.97
D05,PW-1029,2026-01-12,1227.0,4223.6
D05,PW-1029,2026-01-19,1146.0,3884.94
D05,PW-1029,2026-01-26,1152.0,4296.06
D05,PW-1029,2026-02-02,1028.0,3841.49
D05,PW-1029,2026-02-09,955.0,3455.88
D05,PW-1029,2026-02-16,1431.0,4901.67
D05,PW-1029,2026-02-23,1133.0,4083.19
D05,PW-1029,2026-03-02,932.0,3150.1299999999997
D05,PW-1029,2026-03-09,1076.0,3978.74
D05,PW-1029,2026-03-16,1045.0,3663.7200000000003
D05,PW-1029,2026-03-23,1260.0,4627.84
D05,PW-1029,2026-03-30,1073.0,3861.81
D05,PW-1029,2026-04-06,902.0,3204.79
D05,PW-1029,2026-04-13,1253.0,4704.67
D05,PW-1029,2026-04-20,1068.0,3632.86
D05,PW-1029,2026-04-27,826.0,2995.28
D05,PW-1029,2026-05-04,1346.0,4960.2
D05,PW-1029,2026-05-11,971.0,3591.56
D05,PW-1029,2026-05-18,1025.0,3777.8
D05,PW-1029,2026-05-25,1208.0,4421.99
D05,PW-1029,2026-06-01,1223.0,4217.01
D05,PW-1029,2026-06-08,1106.0,3924.6
D05,PW-1029,2026-06-15,1269.0,4503.82
D05,PW-1029,2026-06-22,1362.0,4878.780000000001
D05,PW-1032,2024-01-01,975.0,4079.52
D05,PW-1032,2024-01-08,1124.0,4541.79
D05,PW-1032,2024-01-15,1236.0,5205.26
D05,PW-1032,2024-01-22,1198.0,4727.4
D05,PW-1032,2024-01-29,1281.0,5179.62
D05,PW-1032,2024-02-05,1251.0,5181.24
D05,PW-1032,2024-02-12,1579.0,6109.379999999999
D05,PW-1032,2024-02-19,1295.0,4899.21
D05,PW-1032,2024-02-26,1269.0,5301.53
D05,PW-1032,2024-03-04,1139.0,4336.62
D05,PW-1032,2024-03-11,1793.0,7251.03
D05,PW-1032,2024-03-18,1910.0,8008.49
D05,PW-1032,2024-03-25,1642.0,6502.09
D05,PW-1032,2024-04-01,1628.0,6247.04
D05,PW-1032,2024-04-08,1782.0,6861.56
D05,PW-1032,2024-04-15,1842.0,7205.84
D05,PW-1032,2024-04-22,1383.0,5739.610000000001
D05,PW-1032,2024-04-29,1598.0,6617.3
D05,PW-1032,2024-05-06,1936.0,7466.26
D05,PW-1032,2024-05-13,1550.0,6038.86
D05,PW-1032,2024-05-20,1732.0,6625.96
D05,PW-1032,2024-05-27,2038.0,7787.22
D05,PW-1032,2024-06-03,2441.0,9429.369999999999
D05,PW-1032,2024-06-10,1981.0,7545.65
D05,PW-1032,2024-06-17,1415.0,5788.72
D05,PW-1032,2024-06-24,1542.0,6122.999999999999
D05,PW-1032,2024-07-01,2051.0,7831.21
D05,PW-1032,2024-07-08,1526.0,6222.9400000000005
D05,PW-1032,2024-07-15,1940.0,8073.36
D05,PW-1032,2024-07-22,2195.0,8438.33
D05,PW-1032,2024-07-29,1981.0,8351.01
D05,PW-1032,2024-08-05,2197.0,9178.2
D05,PW-1032,2024-08-12,1406.0,5507.0199999999995
D05,PW-1032,2024-08-19,1239.0,5104.78
D05,PW-1032,2024-08-26,1462.0,5596.01
D05,PW-1032,2024-09-02,1634.0,6439.51
D05,PW-1032,2024-09-09,1413.0,5918.05
D05,PW-1032,2024-09-16,1430.0,5619.09
D05,PW-1032,2024-09-23,1561.0,6271.92
D05,PW-1032,2024-09-30,1477.0,5806.66
D05,PW-1032,2024-10-07,1781.0,7203.61
D05,PW-1032,2024-10-14,1564.0,6202.429999999999
D05,PW-1032,2024-10-21,1419.0,5476.38
D05,PW-1032,2024-10-28,1780.0,6921.72
D05,PW-1032,2024-11-04,2357.0,9725.75
D05,PW-1032,2024-11-11,1639.0,6880.389999999999
D05,PW-1032,2024-11-18,1408.0,5540.75
D05,PW-1032,2024-11-25,1188.0,4675.58
D05,PW-1032,2024-12-02,1462.0,6132.79
D05,PW-1032,2024-12-09,1275.0,5291.48
D05,PW-1032,2024-12-16,1648.0,6423.2
D05,PW-1032,2024-12-23,1973.0,8186.96
D05,PW-1032,2024-12-30,1355.0,5261.889999999999
D05,PW-1032,2025-01-06,1420.0,5878.38
D05,PW-1032,2025-01-13,1739.0,6645.42
D05,PW-1032,2025-01-20,1411.0,5462.81
D05,PW-1032,2025-01-27,1221.0,5149.0
D05,PW-1032,2025-02-03,1917.0,7604.58
D05,PW-1032,2025-02-10,1313.0,5206.5599999999995
D05,PW-1032,2025-02-17,1615.0,6204.63
D05,PW-1032,2025-02-24,1621.0,6277.57
D05,PW-1032,2025-03-03,1569.0,6524.27
D05,PW-1032,2025-03-10,1853.0,7419.35
D05,PW-1032,2025-03-17,1361.0,5730.81
D05,PW-1032,2025-03-24,1824.0,7483.29
D05,PW-1032,2025-03-31,1538.0,5975.92
D05,PW-1032,2025-04-07,1779.0,7194.04
D05,PW-1032,2025-04-14,1575.0,6299.16
D05,PW-1032,2025-04-21,1830.0,7427.35
D05,PW-1032,2025-04-28,2054.0,7908.8099999999995
D05,PW-1032,2025-05-05,1782.0,7475.25
D05,PW-1032,2025-05-12,1752.0,6662.049999999999
D05,PW-1032,2025-05-19,1640.0,6280.48
D05,PW-1032,2025-05-26,1884.0,7646.79
D05,PW-1032,2025-06-02,2161.0,8971.75
D05,PW-1032,2025-06-09,1845.0,7429.4
D05,PW-1032,2025-06-16,2303.0,9044.09
D05,PW-1032,2025-06-23,1798.0,6935.3
D05,PW-1032,2025-06-30,2489.0,10462.34
D05,PW-1032,2025-07-07,1389.0,5518.49
D05,PW-1032,2025-07-14,1712.0,7191.32
D05,PW-1032,2025-07-21,1636.0,6511.21
D05,PW-1032,2025-07-28,1815.0,7146.3
D05,PW-1032,2025-08-04,2003.0,8146.27
D05,PW-1032,2025-08-11,2682.0,10932.630000000001
D05,PW-1032,2025-08-18,1839.0,7458.630000000001
D05,PW-1032,2025-08-25,2044.0,8590.38
D05,PW-1032,2025-09-01,1580.0,6266.88
D05,PW-1032,2025-09-08,1691.0,6501.0
D05,PW-1032,2025-09-15,1946.0,7797.200000000001
D05,PW-1032,2025-09-22,1389.0,5642.59
D05,PW-1032,2025-09-29,1457.0,5837.700000000001
D05,PW-1032,2025-10-06,1738.0,6596.22
D05,PW-1032,2025-10-13,1664.0,6935.51
D05,PW-1032,2025-10-20,1751.0,7307.98
D05,PW-1032,2025-10-27,1309.0,5465.67
D05,PW-1032,2025-11-03,1593.0,6235.9400000000005
D05,PW-1032,2025-11-10,1608.0,6114.95
D05,PW-1032,2025-11-17,1715.0,6835.91
D05,PW-1032,2025-11-24,1889.0,7719.030000000001
D05,PW-1032,2025-12-01,1675.0,6924.64
D05,PW-1032,2025-12-08,1412.0,5835.28
D05,PW-1032,2025-12-15,1752.0,7053.59
D05,PW-1032,2025-12-22,1288.0,5007.61
D05,PW-1032,2025-12-29,1707.0,7202.370000000001
D05,PW-1032,2026-01-05,1819.0,7082.26
D05,PW-1032,2026-01-12,1688.0,6797.639999999999
D05,PW-1032,2026-01-19,1895.0,7610.17
D05,PW-1032,2026-01-26,1421.0,5479.03
D05,PW-1032,2026-02-02,2458.0,9442.95
D05,PW-1032,2026-02-09,1539.0,6197.97
D05,PW-1032,2026-02-16,1209.0,4860.26
D05,PW-1032,2026-02-23,1491.0,5853.21
D05,PW-1032,2026-03-02,2837.0,11345.0
D05,PW-1032,2026-03-09,2176.0,8785.16
D05,PW-1032,2026-03-16,1545.0,6164.66
D05,PW-1032,2026-03-23,2253.0,9276.6
D05,PW-1032,2026-03-30,2313.0,9019.3
D05,PW-1032,2026-04-06,1551.0,6512.099999999999
D05,PW-1032,2026-04-13,2338.0,8869.83
D05,PW-1032,2026-04-20,1846.0,7506.46
D05,PW-1032,2026-04-27,2198.0,9272.210000000001
D05,PW-1032,2026-05-04,2303.0,8787.58
D05,PW-1032,2026-05-11,2310.0,8736.67
D05,PW-1032,2026-05-18,1957.0,7883.16
D05,PW-1032,2026-05-25,1791.0,7432.15
D05,PW-1032,2026-06-01,2199.0,8524.38
D05,PW-1032,2026-06-08,2303.0,8754.77
D05,PW-1032,2026-06-15,2186.0,9115.18
D05,PW-1032,2026-06-22,2019.0,7779.36
D05,PW-1033,2024-01-01,731.0,3278.2
D05,PW-1033,2024-01-08,541.0,2260.85
D05,PW-1033,2024-01-15,508.0,2110.05
D05,PW-1033,2024-01-22,491.0,2056.46
D05,PW-1033,2024-01-29,525.0,2214.19
D05,PW-1033,2024-02-05,543.0,2253.88
D05,PW-1033,2024-02-12,437.0,1895.6699999999998
D05,PW-1033,2024-02-19,437.0,1829.77
D05,PW-1033,2024-02-26,473.0,2068.08
D05,PW-1033,2024-03-04,510.0,2245.45
D05,PW-1033,2024-03-11,555.0,2421.12
D05,PW-1033,2024-03-18,512.0,2147.34
D05,PW-1033,2024-03-25,552.0,2422.2
D05,PW-1033,2024-04-01,452.0,1882.83
D05,PW-1033,2024-04-08,678.0,2750.77
D05,PW-1033,2024-04-15,464.0,2046.19
D05,PW-1033,2024-04-22,604.0,2680.88
D05,PW-1033,2024-04-29,499.0,2100.58
D05,PW-1033,2024-05-06,622.0,2531.11
D05,PW-1033,2024-05-13,745.0,3050.38
D05,PW-1033,2024-05-20,670.0,2896.01
D05,PW-1033,2024-05-27,521.0,2233.62
D05,PW-1033,2024-06-03,619.0,2751.27
D05,PW-1033,2024-06-10,567.0,2536.01
D05,PW-1033,2024-06-17,492.0,2001.65
D05,PW-1033,2024-06-24,696.0,2961.71
D05,PW-1033,2024-07-01,850.0,3654.89
D05,PW-1033,2024-07-08,727.0,3146.92
D05,PW-1033,2024-07-15,497.0,2156.58
D05,PW-1033,2024-07-22,812.0,3370.67
D05,PW-1033,2024-07-29,539.0,2290.12
D05,PW-1033,2024-08-05,553.0,2461.5
D05,PW-1033,2024-08-12,523.0,2235.18
D05,PW-1033,2024-08-19,595.0,2437.34
D05,PW-1033,2024-08-26,424.0,1841.98
D05,PW-1033,2024-09-02,495.0,2024.48
D05,PW-1033,2024-09-09,677.0,2999.19
D05,PW-1033,2024-09-16,831.0,3532.45
D05,PW-1033,2024-09-23,401.0,1780.26
D05,PW-1033,2024-09-30,650.0,2672.49
D05,PW-1033,2024-10-07,460.0,1889.01
D05,PW-1033,2024-10-14,510.0,2091.62
D05,PW-1033,2024-10-21,450.0,1954.45
D05,PW-1033,2024-10-28,628.0,2597.76
D05,PW-1033,2024-11-04,587.0,2616.85
D05,PW-1033,2024-11-11,546.0,2381.51
D05,PW-1033,2024-11-18,601.0,2480.6
D05,PW-1033,2024-11-25,587.0,2377.49
D05,PW-1033,2024-12-02,451.0,1936.59
D05,PW-1033,2024-12-09,562.0,2529.08
D05,PW-1033,2024-12-16,487.0,2188.79
D05,PW-1033,2024-12-23,480.0,2088.78
D05,PW-1033,2024-12-30,584.0,2444.11
D05,PW-1033,2025-01-06,664.0,2898.49
D05,PW-1033,2025-01-13,542.0,2339.87
D05,PW-1033,2025-01-20,708.0,3124.59
D05,PW-1033,2025-01-27,531.0,2154.42
D05,PW-1033,2025-02-03,437.0,1969.28
D05,PW-1033,2025-02-10,465.0,2034.31
D05,PW-1033,2025-02-17,454.0,2027.6100000000001
D05,PW-1033,2025-02-24,618.0,2522.89
D05,PW-1033,2025-03-03,785.0,3338.14
D05,PW-1033,2025-03-10,709.0,3187.81
D05,PW-1033,2025-03-17,690.0,3009.4900000000002
D05,PW-1033,2025-03-24,778.0,3372.69
D05,PW-1033,2025-03-31,681.0,3049.48
D05,PW-1033,2025-04-07,738.0,3244.46
D05,PW-1033,2025-04-14,637.0,2863.85
D05,PW-1033,2025-04-21,554.0,2409.38
D05,PW-1033,2025-04-28,530.0,2307.94
D05,PW-1033,2025-05-05,606.0,2572.88
D05,PW-1033,2025-05-12,498.0,2065.91
D05,PW-1033,2025-05-19,617.0,2652.17
D05,PW-1033,2025-05-26,622.0,2751.67
D05,PW-1033,2025-06-02,748.0,3111.86
D05,PW-1033,2025-06-09,642.0,2670.46
D05,PW-1033,2025-06-16,796.0,3301.1
D05,PW-1033,2025-06-23,614.0,2656.44
D05,PW-1033,2025-06-30,565.0,2504.3900000000003
D05,PW-1033,2025-07-07,859.0,3512.96
D05,PW-1033,2025-07-14,779.0,3242.59
D05,PW-1033,2025-07-21,665.0,2803.1
D05,PW-1033,2025-07-28,593.0,2545.0299999999997
D05,PW-1033,2025-08-04,908.0,3798.47
D05,PW-1033,2025-08-11,644.0,2798.01
D05,PW-1033,2025-08-18,726.0,3039.29
D05,PW-1033,2025-08-25,792.0,3513.6
D05,PW-1033,2025-09-01,671.0,2770.05
D05,PW-1033,2025-09-08,523.0,2340.08
D05,PW-1033,2025-09-15,601.0,2676.21
D05,PW-1033,2025-09-22,567.0,2465.59
D05,PW-1033,2025-09-29,605.0,2650.68
D05,PW-1033,2025-10-06,633.0,2840.36
D05,PW-1033,2025-10-13,565.0,2306.56
D05,PW-1033,2025-10-20,563.0,2360.83
D05,PW-1033,2025-10-27,605.0,2458.46
D05,PW-1033,2025-11-03,469.0,1958.93
D05,PW-1033,2025-11-10,558.0,2439.91
D05,PW-1033,2025-11-17,610.0,2517.57
D05,PW-1033,2025-11-24,600.0,2484.8399999999997
D05,PW-1033,2025-12-01,521.0,2163.27
D05,PW-1033,2025-12-08,541.0,2245.53
D05,PW-1033,2025-12-15,467.0,2008.2
D05,PW-1033,2025-12-22,522.0,2298.34
D05,PW-1033,2025-12-29,446.0,1924.73
D05,PW-1033,2026-01-05,572.0,2394.37
D05,PW-1033,2026-01-12,640.0,2633.21
D05,PW-1033,2026-01-19,539.0,2202.2
D05,PW-1033,2026-01-26,432.0,1919.06
D05,PW-1033,2026-02-02,698.0,2934.62
D05,PW-1033,2026-02-09,639.0,2664.25
D05,PW-1033,2026-02-16,549.0,2440.46
D05,PW-1033,2026-02-23,552.0,2466.02
D05,PW-1033,2026-03-02,733.0,3243.77
D05,PW-1033,2026-03-09,691.0,2977.24
D05,PW-1033,2026-03-16,728.0,3158.85
D05,PW-1033,2026-03-23,528.0,2140.73
D05,PW-1033,2026-03-30,726.0,3101.37
D05,PW-1033,2026-04-06,577.0,2369.24
D05,PW-1033,2026-04-13,552.0,2339.2
D05,PW-1033,2026-04-20,685.0,2832.41
D05,PW-1033,2026-04-27,746.0,3186.31
D05,PW-1033,2026-05-04,703.0,2981.06
D05,PW-1033,2026-05-11,712.0,3136.98
D05,PW-1033,2026-05-18,593.0,2596.69
D05,PW-1033,2026-05-25,528.0,2348.17
D05,PW-1033,2026-06-01,762.0,3309.0499999999997
D05,PW-1033,2026-06-08,740.0,2999.05
D05,PW-1033,2026-06-15,664.0,2890.4499999999994
D05,PW-1033,2026-06-22,667.0,2955.15
D05,PW-1035,2024-01-01,464.0,853.36
D05,PW-1035,2024-01-08,532.0,1032.01
D05,PW-1035,2024-01-15,496.0,930.37
D05,PW-1035,2024-01-22,527.0,1001.72
D05,PW-1035,2024-01-29,506.0,935.52
D05,PW-1035,2024-02-05,551.0,1061.44
D05,PW-1035,2024-02-12,494.0,917.11
D05,PW-1035,2024-02-19,509.0,980.79
D05,PW-1035,2024-02-26,468.0,911.12
D05,PW-1035,2024-03-04,573.0,1047.79
D05,PW-1035,2024-03-11,495.0,883.0699999999999
D05,PW-1035,2024-03-18,600.0,1117.81
D05,PW-1035,2024-03-25,675.0,1289.66
D05,PW-1035,2024-04-01,740.0,1434.1799999999998
D05,PW-1035,2024-04-08,582.0,1069.48
D05,PW-1035,2024-04-15,905.0,1746.3
D05,PW-1035,2024-04-22,661.0,1181.47
D05,PW-1035,2024-04-29,620.0,1195.23
D05,PW-1035,2024-05-06,819.0,1530.97
D05,PW-1035,2024-05-13,540.0,1028.23
D05,PW-1035,2024-05-20,618.0,1127.74
D05,PW-1035,2024-05-27,595.0,1108.92
D05,PW-1035,2024-06-03,515.0,913.41
D05,PW-1035,2024-06-10,727.0,1307.6100000000001
D05,PW-1035,2024-06-17,655.0,1226.24
D05,PW-1035,2024-06-24,693.0,1282.77
D05,PW-1035,2024-07-01,691.0,1226.49
D05,PW-1035,2024-07-08,485.0,880.78
D05,PW-1035,2024-07-15,746.0,1429.3200000000002
D05,PW-1035,2024-07-22,555.0,1039.08
D05,PW-1035,2024-07-29,716.0,1312.1799999999998
D05,PW-1035,2024-08-05,510.0,963.1999999999999
D05,PW-1035,2024-08-12,646.0,1205.42
D05,PW-1035,2024-08-19,553.0,1001.27
D05,PW-1035,2024-08-26,624.0,1117.88
D05,PW-1035,2024-09-02,585.0,1101.51
D05,PW-1035,2024-09-09,620.0,1107.3700000000001
D05,PW-1035,2024-09-16,570.0,1072.5
D05,PW-1035,2024-09-23,544.0,1044.8000000000002
D05,PW-1035,2024-09-30,700.0,1299.11
D05,PW-1035,2024-10-07,695.0,1306.71
D05,PW-1035,2024-10-14,761.0,1380.62
D05,PW-1035,2024-10-21,573.0,1110.97
D05,PW-1035,2024-10-28,559.0,1023.88
D05,PW-1035,2024-11-04,572.0,1013.0799999999999
D05,PW-1035,2024-11-11,509.0,971.0699999999999
D05,PW-1035,2024-11-18,467.0,907.65
D05,PW-1035,2024-11-25,518.0,1004.1800000000001
D05,PW-1035,2024-12-02,503.0,946.15
D05,PW-1035,2024-12-09,612.0,1174.04
D05,PW-1035,2024-12-16,634.0,1220.81
D05,PW-1035,2024-12-23,422.0,771.79
D05,PW-1035,2024-12-30,505.0,973.8399999999999
D05,PW-1035,2025-01-06,607.0,1088.6799999999998
D05,PW-1035,2025-01-13,589.0,1085.95
D05,PW-1035,2025-01-20,563.0,1024.6799999999998
D05,PW-1035,2025-01-27,566.0,1014.69
D05,PW-1035,2025-02-03,623.0,1150.0300000000002
D05,PW-1035,2025-02-10,635.0,1213.1
D05,PW-1035,2025-02-17,497.0,917.59
D05,PW-1035,2025-02-24,468.0,850.95
D05,PW-1035,2025-03-03,611.0,1189.1
D05,PW-1035,2025-03-10,698.0,1317.04
D05,PW-1035,2025-03-17,592.0,1091.4
D05,PW-1035,2025-03-24,887.0,1725.1
D05,PW-1035,2025-03-31,732.0,1426.8600000000001
D05,PW-1035,2025-04-07,609.0,1160.53
D05,PW-1035,2025-04-14,509.0,991.86
D05,PW-1035,2025-04-21,742.0,1350.93
D05,PW-1035,2025-04-28,591.0,1060.41
D05,PW-1035,2025-05-05,620.0,1167.09
D05,PW-1035,2025-05-12,606.0,1059.51
D05,PW-1035,2025-05-19,564.0,1004.22
D05,PW-1035,2025-05-26,634.0,1166.24
D05,PW-1035,2025-06-02,635.0,1236.98
D05,PW-1035,2025-06-09,607.0,1064.25
D05,PW-1035,2025-06-16,627.0,1179.3799999999999
D05,PW-1035,2025-06-23,901.0,1607.11
D05,PW-1035,2025-06-30,767.0,1425.6
D05,PW-1035,2025-07-07,672.0,1224.23
D05,PW-1035,2025-07-14,529.0,953.11
D05,PW-1035,2025-07-21,738.0,1299.8200000000002
D05,PW-1035,2025-07-28,891.0,1641.2
D05,PW-1035,2025-08-04,873.0,1580.8400000000001
D05,PW-1035,2025-08-11,656.0,1261.42
D05,PW-1035,2025-08-18,700.0,1363.64
D05,PW-1035,2025-08-25,559.0,1000.61
D05,PW-1035,2025-09-01,681.0,1233.63
D05,PW-1035,2025-09-08,720.0,1298.92
D05,PW-1035,2025-09-15,695.0,1252.3
D05,PW-1035,2025-09-22,762.0,1341.37
D05,PW-1035,2025-09-29,700.0,1330.97
D05,PW-1035,2025-10-06,493.0,940.6200000000001
D05,PW-1035,2025-10-13,590.0,1060.12
D05,PW-1035,2025-10-20,721.0,1346.55
D05,PW-1035,2025-10-27,483.0,846.91
D05,PW-1035,2025-11-03,621.0,1164.21
D05,PW-1035,2025-11-10,574.0,1111.49
D05,PW-1035,2025-11-17,507.0,953.67
D05,PW-1035,2025-11-24,702.0,1278.17
D05,PW-1035,2025-12-01,542.0,1016.1399999999999
D05,PW-1035,2025-12-08,838.0,1627.9099999999999
D05,PW-1035,2025-12-15,592.0,1110.47
D05,PW-1035,2025-12-22,721.0,1297.73
D05,PW-1035,2025-12-29,793.0,1475.43
D05,PW-1035,2026-01-05,651.0,1220.68
D05,PW-1035,2026-01-12,632.0,1109.35
D05,PW-1035,2026-01-19,706.0,1373.5900000000001
D05,PW-1035,2026-01-26,814.0,1537.27
D05,PW-1035,2026-02-02,673.0,1294.11
D05,PW-1035,2026-02-09,583.0,1082.23
D05,PW-1035,2026-02-16,527.0,986.74
D05,PW-1035,2026-02-23,697.0,1260.43
D05,PW-1035,2026-03-02,576.0,1074.87
D05,PW-1035,2026-03-09,778.0,1411.02
D05,PW-1035,2026-03-16,827.0,1494.44
D05,PW-1035,2026-03-23,755.0,1468.19
D05,PW-1035,2026-03-30,693.0,1327.82
D05,PW-1035,2026-04-06,775.0,1419.9099999999999
D05,PW-1035,2026-04-13,716.0,1295.89
D05,PW-1035,2026-04-20,692.0,1255.14
D05,PW-1035,2026-04-27,679.0,1221.83
D05,PW-1035,2026-05-04,744.0,1303.01
D05,PW-1035,2026-05-11,737.0,1316.2
D05,PW-1035,2026-05-18,891.0,1721.92
D05,PW-1035,2026-05-25,809.0,1472.32
D05,PW-1035,2026-06-01,611.0,1083.92
D05,PW-1035,2026-06-08,804.0,1500.71
D05,PW-1035,2026-06-15,758.0,1337.05
D05,PW-1035,2026-06-22,780.0,1505.42
D05,SC-1015,2024-01-01,195.0,2012.9899999999998
D05,SC-1015,2024-01-08,299.0,2999.47
D05,SC-1015,2024-01-15,264.0,2575.7799999999997
D05,SC-1015,2024-01-22,301.0,3167.19
D05,SC-1015,2024-01-29,222.0,2372.06
D05,SC-1015,2024-02-05,273.0,2737.79
D05,SC-1015,2024-02-12,295.0,3186.77
D05,SC-1015,2024-02-19,266.0,2836.01
D05,SC-1015,2024-02-26,229.0,2226.99
D05,SC-1015,2024-03-04,213.0,2144.54
D05,SC-1015,2024-03-11,312.0,3113.76
D05,SC-1015,2024-03-18,310.0,3342.79
D05,SC-1015,2024-03-25,259.0,2797.31
D05,SC-1015,2024-04-01,329.0,3555.29
D05,SC-1015,2024-04-08,271.0,2913.0200000000004
D05,SC-1015,2024-04-15,257.0,2513.19
D05,SC-1015,2024-04-22,322.0,3246.19
D05,SC-1015,2024-04-29,235.0,2532.48
D05,SC-1015,2024-05-06,317.0,3278.75
D05,SC-1015,2024-05-13,241.0,2360.39
D05,SC-1015,2024-05-20,262.0,2789.47
D05,SC-1015,2024-05-27,297.0,2997.94
D05,SC-1015,2024-06-03,351.0,3619.25
D05,SC-1015,2024-06-10,234.0,2366.24
D05,SC-1015,2024-06-17,355.0,3558.8500000000004
D05,SC-1015,2024-06-24,381.0,4113.31
D05,SC-1015,2024-07-01,331.0,3337.56
D05,SC-1015,2024-07-08,311.0,3027.0699999999997
D05,SC-1015,2024-07-15,318.0,3150.1899999999996
D05,SC-1015,2024-07-22,257.0,2592.0
D05,SC-1015,2024-07-29,315.0,3358.66
D05,SC-1015,2024-08-05,331.0,3268.49
D05,SC-1015,2024-08-12,546.0,5673.32
D05,SC-1015,2024-08-19,380.0,3963.9
D05,SC-1015,2024-08-26,304.0,3133.08
D05,SC-1015,2024-09-02,267.0,2664.45
D05,SC-1015,2024-09-09,324.0,3329.98
D05,SC-1015,2024-09-16,304.0,3286.04
D05,SC-1015,2024-09-23,321.0,3310.74
D05,SC-1015,2024-09-30,259.0,2540.76
D05,SC-1015,2024-10-07,234.0,2307.08
D05,SC-1015,2024-10-14,317.0,3271.48
D05,SC-1015,2024-10-21,277.0,2718.3500000000004
D05,SC-1015,2024-10-28,296.0,3115.3599999999997
D05,SC-1015,2024-11-04,251.0,2571.48
D05,SC-1015,2024-11-11,348.0,3713.1499999999996
D05,SC-1015,2024-11-18,243.0,2483.34
D05,SC-1015,2024-11-25,335.0,3537.73
D05,SC-1015,2024-12-02,293.0,2964.72
D05,SC-1015,2024-12-09,286.0,2862.3199999999997
D05,SC-1015,2024-12-16,305.0,2978.0
D05,SC-1015,2024-12-23,289.0,2870.9
D05,SC-1015,2024-12-30,287.0,2971.88
D05,SC-1015,2025-01-06,302.0,3046.2799999999997
D05,SC-1015,2025-01-13,284.0,3057.24
D05,SC-1015,2025-01-20,323.0,3185.0699999999997
D05,SC-1015,2025-01-27,379.0,3787.62
D05,SC-1015,2025-02-03,461.0,4963.0599999999995
D05,SC-1015,2025-02-10,371.0,3878.74
D05,SC-1015,2025-02-17,358.0,3649.68
D05,SC-1015,2025-02-24,240.0,2329.83
D05,SC-1015,2025-03-03,324.0,3248.04
D05,SC-1015,2025-03-10,304.0,3225.57
D05,SC-1015,2025-03-17,271.0,2662.6499999999996
D05,SC-1015,2025-03-24,402.0,4066.44
D05,SC-1015,2025-03-31,272.0,2683.35
D05,SC-1015,2025-04-07,312.0,3083.83
D05,SC-1015,2025-04-14,275.0,2830.16
D05,SC-1015,2025-04-21,353.0,3706.7200000000003
D05,SC-1015,2025-04-28,432.0,4453.49
D05,SC-1015,2025-05-05,306.0,3112.5699999999997
D05,SC-1015,2025-05-12,342.0,3607.83
D05,SC-1015,2025-05-19,421.0,4107.77
D05,SC-1015,2025-05-26,453.0,4638.81
D05,SC-1015,2025-06-02,378.0,3860.09
D05,SC-1015,2025-06-09,314.0,3192.8500000000004
D05,SC-1015,2025-06-16,361.0,3827.36
D05,SC-1015,2025-06-23,356.0,3761.58
D05,SC-1015,2025-06-30,347.0,3741.06
D05,SC-1015,2025-07-07,237.0,2352.11
D05,SC-1015,2025-07-14,318.0,3116.83
D05,SC-1015,2025-07-21,267.0,2596.91
D05,SC-1015,2025-07-28,211.0,2100.75
D05,SC-1015,2025-08-04,298.0,3076.33
D05,SC-1015,2025-08-11,347.0,3714.02
D05,SC-1015,2025-08-18,277.0,2813.79
D05,SC-1015,2025-08-25,224.0,2333.82
D05,SC-1015,2025-09-01,353.0,3603.69
D05,SC-1015,2025-09-08,251.0,2442.79
D05,SC-1015,2025-09-15,279.0,2836.38
D05,SC-1015,2025-09-22,230.0,2439.53
D05,SC-1015,2025-09-29,217.0,2261.99
D05,SC-1015,2025-10-06,263.0,2595.54
D05,SC-1015,2025-10-13,201.0,2035.96
D05,SC-1015,2025-10-20,214.0,2206.02
D05,SC-1015,2025-10-27,221.0,2311.73
D05,SC-1015,2025-11-03,268.0,2894.13
D05,SC-1015,2025-11-10,177.0,1881.5
D05,SC-1015,2025-11-17,253.0,2570.83
D05,SC-1015,2025-11-24,240.0,2494.08
D05,SC-1015,2025-12-01,231.0,2462.46
D05,SC-1015,2025-12-08,233.0,2485.55
D05,SC-1015,2025-12-15,176.0,1740.5
D05,SC-1015,2025-12-22,167.0,1792.13
D05,SC-1015,2025-12-29,157.0,1570.93
D05,SC-1015,2026-01-05,193.0,2088.97
D05,SC-1015,2026-01-12,214.0,2177.38
D05,SC-1015,2026-01-19,176.0,1732.47
D05,SC-1015,2026-01-26,221.0,2205.0899999999997
D05,SC-1015,2026-02-02,198.0,2103.48
D05,SC-1015,2026-02-09,203.0,1969.25
D05,SC-1015,2026-02-16,222.0,2320.26
D05,SC-1015,2026-02-23,203.0,2062.83
D05,SC-1015,2026-03-02,170.0,1673.42
D05,SC-1015,2026-03-09,257.0,2670.42
D05,SC-1015,2026-03-16,220.0,2159.9700000000003
D05,SC-1015,2026-03-23,172.0,1813.75
D05,SC-1015,2026-03-30,197.0,1990.67
D05,SC-1015,2026-04-06,208.0,2122.78
D05,SC-1015,2026-04-13,169.0,1742.64
D05,SC-1015,2026-04-20,229.0,2401.3999999999996
D05,SC-1015,2026-04-27,174.0,1760.81
D05,SC-1015,2026-05-04,266.0,2599.34
D05,SC-1015,2026-05-11,239.0,2435.47
D05,SC-1015,2026-05-18,188.0,1891.81
D05,SC-1015,2026-05-25,178.0,1823.12
D05,SC-1015,2026-06-01,214.0,2293.73
D05,SC-1015,2026-06-08,170.0,1834.91
D05,SC-1015,2026-06-15,204.0,2177.02
D05,SC-1015,2026-06-22,208.0,2068.41
D05,SC-1017,2024-01-01,285.0,3786.07
D05,SC-1017,2024-01-08,307.0,4472.54
D05,SC-1017,2024-01-15,355.0,4937.37
D05,SC-1017,2024-01-22,229.0,3334.59
D05,SC-1017,2024-01-29,302.0,4466.76
D05,SC-1017,2024-02-05,300.0,4411.6
D05,SC-1017,2024-02-12,358.0,4883.35
D05,SC-1017,2024-02-19,362.0,5000.950000000001
D05,SC-1017,2024-02-26,481.0,6430.469999999999
D05,SC-1017,2024-03-04,315.0,4349.6
D05,SC-1017,2024-03-11,292.0,4024.4100000000003
D05,SC-1017,2024-03-18,445.0,6332.62
D05,SC-1017,2024-03-25,342.0,4658.5
D05,SC-1017,2024-04-01,389.0,5169.33
D05,SC-1017,2024-04-08,357.0,4825.38
D05,SC-1017,2024-04-15,428.0,5836.46
D05,SC-1017,2024-04-22,416.0,5956.14
D05,SC-1017,2024-04-29,377.0,5144.7
D05,SC-1017,2024-05-06,404.0,5348.12
D05,SC-1017,2024-05-13,377.0,5415.69
D05,SC-1017,2024-05-20,412.0,5668.52
D05,SC-1017,2024-05-27,385.0,5584.66
D05,SC-1017,2024-06-03,515.0,7287.6900000000005
D05,SC-1017,2024-06-10,399.0,5413.99
D05,SC-1017,2024-06-17,389.0,5327.360000000001
D05,SC-1017,2024-06-24,319.0,4430.61
D05,SC-1017,2024-07-01,355.0,5222.56
D05,SC-1017,2024-07-08,457.0,6156.71
D05,SC-1017,2024-07-15,407.0,5651.7
D05,SC-1017,2024-07-22,396.0,5791.9400000000005
D05,SC-1017,2024-07-29,464.0,6492.11
D05,SC-1017,2024-08-05,504.0,7193.13
D05,SC-1017,2024-08-12,363.0,5238.3
D05,SC-1017,2024-08-19,396.0,5803.39
D05,SC-1017,2024-08-26,298.0,4154.2
D05,SC-1017,2024-09-02,468.0,6886.72
D05,SC-1017,2024-09-09,618.0,8273.96
D05,SC-1017,2024-09-16,380.0,5037.719999999999
D05,SC-1017,2024-09-23,376.0,5390.27
D05,SC-1017,2024-09-30,391.0,5531.71
D05,SC-1017,2024-10-07,408.0,5723.66
D05,SC-1017,2024-10-14,408.0,5892.48
D05,SC-1017,2024-10-21,406.0,5606.54
D05,SC-1017,2024-10-28,315.0,4479.37
D05,SC-1017,2024-11-04,384.0,5402.610000000001
D05,SC-1017,2024-11-11,425.0,5811.87
D05,SC-1017,2024-11-18,323.0,4449.4
D05,SC-1017,2024-11-25,315.0,4278.79
D05,SC-1017,2024-12-02,356.0,5082.81
D05,SC-1017,2024-12-09,398.0,5303.1900000000005
D05,SC-1017,2024-12-16,427.0,6111.11
D05,SC-1017,2024-12-23,440.0,6261.84
D05,SC-1017,2024-12-30,346.0,4945.1
D05,SC-1017,2025-01-06,299.0,4236.21
D05,SC-1017,2025-01-13,507.0,7377.8099999999995
D05,SC-1017,2025-01-20,487.0,6923.19
D05,SC-1017,2025-01-27,382.0,5627.12
D05,SC-1017,2025-02-03,463.0,6434.75
D05,SC-1017,2025-02-10,436.0,6283.57
D05,SC-1017,2025-02-17,412.0,5528.2
D05,SC-1017,2025-02-24,561.0,7904.85
D05,SC-1017,2025-03-03,394.0,5476.36
D05,SC-1017,2025-03-10,356.0,4772.83
D05,SC-1017,2025-03-17,455.0,6282.32
D05,SC-1017,2025-03-24,413.0,5502.87
D05,SC-1017,2025-03-31,469.0,6890.05
D05,SC-1017,2025-04-07,442.0,6338.77
D05,SC-1017,2025-04-14,420.0,5766.3
D05,SC-1017,2025-04-21,457.0,6146.639999999999
D05,SC-1017,2025-04-28,379.0,5381.52
D05,SC-1017,2025-05-05,382.0,5642.62
D05,SC-1017,2025-05-12,466.0,6516.26
D05,SC-1017,2025-05-19,517.0,7225.08
D05,SC-1017,2025-05-26,381.0,5619.18
D05,SC-1017,2025-06-02,528.0,7763.7
D05,SC-1017,2025-06-09,460.0,6327.4400000000005
D05,SC-1017,2025-06-16,526.0,7530.02
D05,SC-1017,2025-06-23,514.0,6879.32
D05,SC-1017,2025-06-30,575.0,7732.570000000001
D05,SC-1017,2025-07-07,369.0,5368.21
D05,SC-1017,2025-07-14,292.0,4266.95
D05,SC-1017,2025-07-21,500.0,7100.6
D05,SC-1017,2025-07-28,369.0,5062.37
D05,SC-1017,2025-08-04,366.0,5006.34
D05,SC-1017,2025-08-11,346.0,4724.8099999999995
D05,SC-1017,2025-08-18,428.0,5819.01
D05,SC-1017,2025-08-25,284.0,4004.62
D05,SC-1017,2025-09-01,273.0,3939.28
D05,SC-1017,2025-09-08,297.0,4029.41
D05,SC-1017,2025-09-15,344.0,4977.01
D05,SC-1017,2025-09-22,286.0,4037.71
D05,SC-1017,2025-09-29,280.0,4131.42
D05,SC-1017,2025-10-06,261.0,3666.49
D05,SC-1017,2025-10-13,345.0,5026.99
D05,SC-1017,2025-10-20,315.0,4346.719999999999
D05,SC-1017,2025-10-27,331.0,4748.63
D05,SC-1017,2025-11-03,267.0,3635.49
D05,SC-1017,2025-11-10,283.0,3781.23
D05,SC-1017,2025-11-17,316.0,4542.56
D05,SC-1017,2025-11-24,247.0,3493.78
D05,SC-1017,2025-12-01,322.0,4712.42
D05,SC-1017,2025-12-08,293.0,4217.52
D05,SC-1017,2025-12-15,330.0,4553.49
D05,SC-1017,2025-12-22,311.0,4168.7
D05,SC-1017,2025-12-29,210.0,2878.81
D05,SC-1017,2026-01-05,246.0,3363.86
D05,SC-1017,2026-01-12,188.0,2735.57
D05,SC-1017,2026-01-19,199.0,2644.5
D05,SC-1017,2026-01-26,229.0,3039.91
D05,SC-1017,2026-02-02,325.0,4519.06
D05,SC-1017,2026-02-09,265.0,3608.36
D05,SC-1017,2026-02-16,284.0,4135.620000000001
D05,SC-1017,2026-02-23,246.0,3544.8199999999997
D05,SC-1017,2026-03-02,253.0,3727.83
D05,SC-1017,2026-03-09,294.0,4115.77
D05,SC-1017,2026-03-16,259.0,3560.0
D05,SC-1017,2026-03-23,257.0,3756.8199999999997
D05,SC-1017,2026-03-30,287.0,3997.27
D05,SC-1017,2026-04-06,226.0,3095.88
D05,SC-1017,2026-04-13,272.0,3654.76
D05,SC-1017,2026-04-20,276.0,3810.9
D05,SC-1017,2026-04-27,206.0,2813.8199999999997
D05,SC-1017,2026-05-04,229.0,3170.06
D05,SC-1017,2026-05-11,246.0,3328.16
D05,SC-1017,2026-05-18,253.0,3505.09
D05,SC-1017,2026-05-25,294.0,4087.6600000000003
D05,SC-1017,2026-06-01,238.0,3276.81
D05,SC-1017,2026-06-08,238.0,3152.11
D05,SC-1017,2026-06-15,301.0,4160.54
D05,SC-1017,2026-06-22,315.0,4396.36
D05,SC-1018,2024-01-01,103.0,1858.8
D05,SC-1018,2024-01-08,84.0,1465.22
D05,SC-1018,2024-01-15,108.0,1817.3899999999999
D05,SC-1018,2024-01-22,107.0,1877.18
D05,SC-1018,2024-01-29,80.0,1436.63
D05,SC-1018,2024-02-05,96.0,1595.98
D05,SC-1018,2024-02-12,112.0,1957.9
D05,SC-1018,2024-02-19,94.0,1593.99
D05,SC-1018,2024-02-26,107.0,1819.1899999999998
D05,SC-1018,2024-03-04,101.0,1676.18
D05,SC-1018,2024-03-11,90.0,1600.3899999999999
D05,SC-1018,2024-03-18,84.0,1499.14
D05,SC-1018,2024-03-25,98.0,1727.15
D05,SC-1018,2024-04-01,160.0,2655.1
D05,SC-1018,2024-04-08,100.0,1689.11
D05,SC-1018,2024-04-15,118.0,2031.0
D05,SC-1018,2024-04-22,122.0,2198.44
D05,SC-1018,2024-04-29,166.0,2926.77
D05,SC-1018,2024-05-06,92.0,1614.8700000000001
D05,SC-1018,2024-05-13,113.0,1852.32
D05,SC-1018,2024-05-20,133.0,2156.94
D05,SC-1018,2024-05-27,126.0,2262.18
D05,SC-1018,2024-06-03,121.0,2035.23
D05,SC-1018,2024-06-10,140.0,2407.22
D05,SC-1018,2024-06-17,94.0,1626.74
D05,SC-1018,2024-06-24,124.0,2125.92
D05,SC-1018,2024-07-01,119.0,2020.3400000000001
D05,SC-1018,2024-07-08,148.0,2422.08
D05,SC-1018,2024-07-15,94.0,1630.8999999999999
D05,SC-1018,2024-07-22,125.0,2151.06
D05,SC-1018,2024-07-29,125.0,2239.23
D05,SC-1018,2024-08-05,120.0,2063.59
D05,SC-1018,2024-08-12,117.0,2028.9299999999998
D05,SC-1018,2024-08-19,124.0,2200.02
D05,SC-1018,2024-08-26,148.0,2576.4
D05,SC-1018,2024-09-02,138.0,2338.5
D05,SC-1018,2024-09-09,112.0,1945.37
D05,SC-1018,2024-09-16,111.0,1977.46
D05,SC-1018,2024-09-23,104.0,1763.83
D05,SC-1018,2024-09-30,142.0,2371.24
D05,SC-1018,2024-10-07,111.0,1855.48
D05,SC-1018,2024-10-14,100.0,1770.82
D05,SC-1018,2024-10-21,122.0,2137.12
D05,SC-1018,2024-10-28,124.0,2057.56
D05,SC-1018,2024-11-04,114.0,2016.63
D05,SC-1018,2024-11-11,121.0,2122.5699999999997
D05,SC-1018,2024-11-18,116.0,2063.41
D05,SC-1018,2024-11-25,128.0,2240.68
D05,SC-1018,2024-12-02,124.0,2113.51
D05,SC-1018,2024-12-09,108.0,1777.9
D05,SC-1018,2024-12-16,132.0,2314.3
D05,SC-1018,2024-12-23,106.0,1721.99
D05,SC-1018,2024-12-30,103.0,1787.8000000000002
D05,SC-1018,2025-01-06,125.0,2216.98
D05,SC-1018,2025-01-13,130.0,2206.21
D05,SC-1018,2025-01-20,141.0,2518.11
D05,SC-1018,2025-01-27,166.0,2699.89
D05,SC-1018,2025-02-03,96.0,1675.3
D05,SC-1018,2025-02-10,118.0,2118.8
D05,SC-1018,2025-02-17,132.0,2214.67
D05,SC-1018,2025-02-24,170.0,2752.14
D05,SC-1018,2025-03-03,126.0,2114.27
D05,SC-1018,2025-03-10,106.0,1827.56
D05,SC-1018,2025-03-17,116.0,1913.25
D05,SC-1018,2025-03-24,134.0,2254.2
D05,SC-1018,2025-03-31,149.0,2644.95
D05,SC-1018,2025-04-07,197.0,3253.1
D05,SC-1018,2025-04-14,130.0,2107.99
D05,SC-1018,2025-04-21,157.0,2668.8199999999997
D05,SC-1018,2025-04-28,171.0,2841.46
D05,SC-1018,2025-05-05,135.0,2275.4
D05,SC-1018,2025-05-12,191.0,3419.66
D05,SC-1018,2025-05-19,137.0,2443.04
D05,SC-1018,2025-05-26,129.0,2234.88
D05,SC-1018,2025-06-02,190.0,3388.36
D05,SC-1018,2025-06-09,151.0,2491.99
D05,SC-1018,2025-06-16,129.0,2305.52
D05,SC-1018,2025-06-23,143.0,2532.86
D05,SC-1018,2025-06-30,137.0,2427.1
D05,SC-1018,2025-07-07,106.0,1876.19
D05,SC-1018,2025-07-14,117.0,2014.86
D05,SC-1018,2025-07-21,107.0,1917.91
D05,SC-1018,2025-07-28,152.0,2703.12
D05,SC-1018,2025-08-04,104.0,1705.78
D05,SC-1018,2025-08-11,106.0,1799.71
D05,SC-1018,2025-08-18,133.0,2327.69
D05,SC-1018,2025-08-25,126.0,2069.65
D05,SC-1018,2025-09-01,115.0,1938.41
D05,SC-1018,2025-09-08,95.0,1545.76
D05,SC-1018,2025-09-15,123.0,2217.4900000000002
D05,SC-1018,2025-09-22,92.0,1596.63
D05,SC-1018,2025-09-29,82.0,1418.95
D05,SC-1018,2025-10-06,86.0,1538.23
D05,SC-1018,2025-10-13,105.0,1821.97
D05,SC-1018,2025-10-20,88.0,1426.15
D05,SC-1018,2025-10-27,93.0,1622.25
D05,SC-1018,2025-11-03,77.0,1379.52
D05,SC-1018,2025-11-10,99.0,1706.6
D05,SC-1018,2025-11-17,78.0,1278.92
D05,SC-1018,2025-11-24,75.0,1356.3799999999999
D05,SC-1018,2025-12-01,82.0,1403.6999999999998
D05,SC-1018,2025-12-08,69.0,1164.25
D05,SC-1018,2025-12-15,73.0,1299.54
D05,SC-1018,2025-12-22,73.0,1271.6499999999999
D05,SC-1018,2025-12-29,85.0,1454.0100000000002
D05,SC-1018,2026-01-05,74.0,1251.42
D05,SC-1018,2026-01-12,86.0,1543.15
D05,SC-1018,2026-01-19,80.0,1425.92
D05,SC-1018,2026-01-26,76.0,1349.85
D05,SC-1018,2026-02-02,98.0,1680.85
D05,SC-1018,2026-02-09,64.0,1149.48
D05,SC-1018,2026-02-16,89.0,1455.7
D05,SC-1018,2026-02-23,69.0,1145.01
D05,SC-1018,2026-03-02,72.0,1193.91
D05,SC-1018,2026-03-09,76.0,1374.23
D05,SC-1018,2026-03-16,79.0,1405.54
D05,SC-1018,2026-03-23,81.0,1381.06
D05,SC-1018,2026-03-30,83.0,1428.29
D05,SC-1018,2026-04-06,75.0,1342.54
D05,SC-1018,2026-04-13,57.0,986.31
D05,SC-1018,2026-04-20,73.0,1204.2800000000002
D05,SC-1018,2026-04-27,93.0,1523.1
D05,SC-1018,2026-05-04,90.0,1485.79
D05,SC-1018,2026-05-11,91.0,1512.39
D05,SC-1018,2026-05-18,80.0,1453.0
D05,SC-1018,2026-05-25,90.0,1617.7
D05,SC-1018,2026-06-01,78.0,1335.33
D05,SC-1018,2026-06-08,79.0,1312.0800000000002
D05,SC-1018,2026-06-15,77.0,1275.9
D05,SC-1018,2026-06-22,97.0,1634.04
D05,SC-1019,2024-01-01,342.0,3205.36
D05,SC-1019,2024-01-08,326.0,3220.61
D05,SC-1019,2024-01-15,242.0,2288.5
D05,SC-1019,2024-01-22,257.0,2542.71
D05,SC-1019,2024-01-29,373.0,3772.65
D05,SC-1019,2024-02-05,417.0,4038.4700000000003
D05,SC-1019,2024-02-12,317.0,2964.48
D05,SC-1019,2024-02-19,507.0,4731.070000000001
D05,SC-1019,2024-02-26,293.0,2697.92
D05,SC-1019,2024-03-04,370.0,3584.51
D05,SC-1019,2024-03-11,272.0,2633.6099999999997
D05,SC-1019,2024-03-18,339.0,3135.22
D05,SC-1019,2024-03-25,265.0,2452.92
D05,SC-1019,2024-04-01,356.0,3575.75
D05,SC-1019,2024-04-08,299.0,2773.36
D05,SC-1019,2024-04-15,287.0,2670.66
D05,SC-1019,2024-04-22,419.0,3860.81
D05,SC-1019,2024-04-29,369.0,3779.1
D05,SC-1019,2024-05-06,303.0,2995.04
D05,SC-1019,2024-05-13,312.0,2983.4
D05,SC-1019,2024-05-20,276.0,2543.15
D05,SC-1019,2024-05-27,317.0,2977.69
D05,SC-1019,2024-06-03,317.0,3092.4
D05,SC-1019,2024-06-10,374.0,3502.12
D05,SC-1019,2024-06-17,364.0,3534.16
D05,SC-1019,2024-06-24,307.0,3134.0
D05,SC-1019,2024-07-01,305.0,2928.32
D05,SC-1019,2024-07-08,464.0,4305.5
D05,SC-1019,2024-07-15,403.0,3802.03
D05,SC-1019,2024-07-22,406.0,4075.1699999999996
D05,SC-1019,2024-07-29,350.0,3352.4500000000003
D05,SC-1019,2024-08-05,294.0,2705.97
D05,SC-1019,2024-08-12,370.0,3663.13
D05,SC-1019,2024-08-19,317.0,3132.58
D05,SC-1019,2024-08-26,520.0,5211.9400000000005
D05,SC-1019,2024-09-02,306.0,3096.85
D05,SC-1019,2024-09-09,422.0,3996.9
D05,SC-1019,2024-09-16,326.0,3014.6
D05,SC-1019,2024-09-23,337.0,3346.5499999999997
D05,SC-1019,2024-09-30,416.0,4192.15
D05,SC-1019,2024-10-07,283.0,2791.06
D05,SC-1019,2024-10-14,400.0,4107.59
D05,SC-1019,2024-10-21,308.0,3155.74
D05,SC-1019,2024-10-28,364.0,3406.01
D05,SC-1019,2024-11-04,379.0,3724.94
D05,SC-1019,2024-11-11,369.0,3416.23
D05,SC-1019,2024-11-18,272.0,2538.5
D05,SC-1019,2024-11-25,305.0,2812.26
D05,SC-1019,2024-12-02,336.0,3231.18
D05,SC-1019,2024-12-09,283.0,2828.62
D05,SC-1019,2024-12-16,350.0,3359.91
D05,SC-1019,2024-12-23,388.0,3903.44
D05,SC-1019,2024-12-30,310.0,2942.83
D05,SC-1019,2025-01-06,386.0,3726.88
D05,SC-1019,2025-01-13,339.0,3222.97
D05,SC-1019,2025-01-20,356.0,3598.93
D05,SC-1019,2025-01-27,383.0,3698.53
D05,SC-1019,2025-02-03,418.0,4123.19
D05,SC-1019,2025-02-10,305.0,3131.29
D05,SC-1019,2025-02-17,412.0,4032.31
D05,SC-1019,2025-02-24,415.0,3923.66
D05,SC-1019,2025-03-03,377.0,3723.2
D05,SC-1019,2025-03-10,319.0,2968.56
D05,SC-1019,2025-03-17,408.0,3782.04
D05,SC-1019,2025-03-24,408.0,3876.77
D05,SC-1019,2025-03-31,376.0,3652.75
D05,SC-1019,2025-04-07,439.0,4263.79
D05,SC-1019,2025-04-14,358.0,3434.82
D05,SC-1019,2025-04-21,440.0,4121.99
D05,SC-1019,2025-04-28,407.0,4060.0
D05,SC-1019,2025-05-05,459.0,4365.280000000001
D05,SC-1019,2025-05-12,337.0,3226.23
D05,SC-1019,2025-05-19,273.0,2613.2
D05,SC-1019,2025-05-26,342.0,3161.31
D05,SC-1019,2025-06-02,422.0,4076.18
D05,SC-1019,2025-06-09,566.0,5541.91
D05,SC-1019,2025-06-16,444.0,4534.04
D05,SC-1019,2025-06-23,525.0,5235.139999999999
D05,SC-1019,2025-06-30,474.0,4797.31
D05,SC-1019,2025-07-07,236.0,2181.52
D05,SC-1019,2025-07-14,321.0,3281.5
D05,SC-1019,2025-07-21,284.0,2656.8100000000004
D05,SC-1019,2025-07-28,269.0,2547.6099999999997
D05,SC-1019,2025-08-04,306.0,3050.35
D05,SC-1019,2025-08-11,316.0,3043.92
D05,SC-1019,2025-08-18,226.0,2243.18
D05,SC-1019,2025-08-25,255.0,2452.27
D05,SC-1019,2025-09-01,260.0,2530.2799999999997
D05,SC-1019,2025-09-08,274.0,2550.23
D05,SC-1019,2025-09-15,307.0,3109.91
D05,SC-1019,2025-09-22,243.0,2434.64
D05,SC-1019,2025-09-29,285.0,2922.01
D05,SC-1019,2025-10-06,355.0,3470.4
D05,SC-1019,2025-10-13,258.0,2578.21
D05,SC-1019,2025-10-20,267.0,2484.2200000000003
D05,SC-1019,2025-10-27,240.0,2299.8500000000004
D05,SC-1019,2025-11-03,220.0,2067.58
D05,SC-1019,2025-11-10,224.0,2116.5
D05,SC-1019,2025-11-17,268.0,2518.07
D05,SC-1019,2025-11-24,201.0,1895.15
D05,SC-1019,2025-12-01,212.0,2105.95
D05,SC-1019,2025-12-08,212.0,1986.07
D05,SC-1019,2025-12-15,247.0,2359.12
D05,SC-1019,2025-12-22,218.0,2082.3500000000004
D05,SC-1019,2025-12-29,216.0,2209.72
D05,SC-1019,2026-01-05,216.0,2122.34
D05,SC-1019,2026-01-12,233.0,2263.74
D05,SC-1019,2026-01-19,274.0,2779.32
D05,SC-1019,2026-01-26,278.0,2850.96
D05,SC-1019,2026-02-02,189.0,1889.22
D05,SC-1019,2026-02-09,229.0,2218.1
D05,SC-1019,2026-02-16,254.0,2377.5699999999997
D05,SC-1019,2026-02-23,298.0,2977.32
D05,SC-1019,2026-03-02,190.0,1905.7
D05,SC-1019,2026-03-09,232.0,2213.06
D05,SC-1019,2026-03-16,260.0,2469.1099999999997
D05,SC-1019,2026-03-23,207.0,2086.17
D05,SC-1019,2026-03-30,208.0,1929.98
D05,SC-1019,2026-04-06,210.0,2065.3
D05,SC-1019,2026-04-13,237.0,2324.25
D05,SC-1019,2026-04-20,217.0,2009.51
D05,SC-1019,2026-04-27,244.0,2411.42
D05,SC-1019,2026-05-04,209.0,2129.83
D05,SC-1019,2026-05-11,276.0,2537.5
D05,SC-1019,2026-05-18,248.0,2523.45
D05,SC-1019,2026-05-25,177.0,1732.79
D05,SC-1019,2026-06-01,255.0,2367.75
D05,SC-1019,2026-06-08,185.0,1802.23
D05,SC-1019,2026-06-15,213.0,2027.97
D05,SC-1019,2026-06-22,229.0,2127.02
D05,SC-1020,2024-01-01,380.0,4311.88
D05,SC-1020,2024-01-08,334.0,3785.0299999999997
D05,SC-1020,2024-01-15,306.0,3800.83
D05,SC-1020,2024-01-22,370.0,4309.5599999999995
D05,SC-1020,2024-01-29,322.0,3878.2
D05,SC-1020,2024-02-05,397.0,4768.620000000001
D05,SC-1020,2024-02-12,400.0,4568.99
D05,SC-1020,2024-02-19,488.0,5562.5199999999995
D05,SC-1020,2024-02-26,462.0,5630.59
D05,SC-1020,2024-03-04,425.0,5052.96
D05,SC-1020,2024-03-11,368.0,4573.66
D05,SC-1020,2024-03-18,348.0,4151.62
D05,SC-1020,2024-03-25,470.0,5655.64
D05,SC-1020,2024-04-01,431.0,5074.55
D05,SC-1020,2024-04-08,364.0,4331.01
D05,SC-1020,2024-04-15,424.0,4961.97
D05,SC-1020,2024-04-22,409.0,4810.19
D05,SC-1020,2024-04-29,404.0,4634.17
D05,SC-1020,2024-05-06,436.0,5336.41
D05,SC-1020,2024-05-13,392.0,4567.34
D05,SC-1020,2024-05-20,363.0,4515.46
D05,SC-1020,2024-05-27,578.0,6720.16
D05,SC-1020,2024-06-03,426.0,5058.73
D05,SC-1020,2024-06-10,483.0,5619.01
D05,SC-1020,2024-06-17,350.0,4022.21
D05,SC-1020,2024-06-24,362.0,4444.58
D05,SC-1020,2024-07-01,386.0,4377.7300000000005
D05,SC-1020,2024-07-08,385.0,4689.93
D05,SC-1020,2024-07-15,381.0,4447.57
D05,SC-1020,2024-07-22,384.0,4436.38
D05,SC-1020,2024-07-29,495.0,5592.84
D05,SC-1020,2024-08-05,392.0,4738.74
D05,SC-1020,2024-08-12,315.0,3806.98
D05,SC-1020,2024-08-19,442.0,5208.53
D05,SC-1020,2024-08-26,401.0,4564.17
D05,SC-1020,2024-09-02,539.0,6158.54
D05,SC-1020,2024-09-09,422.0,5123.34
D05,SC-1020,2024-09-16,512.0,5931.820000000001
D05,SC-1020,2024-09-23,405.0,4666.58
D05,SC-1020,2024-09-30,382.0,4743.77
D05,SC-1020,2024-10-07,455.0,5550.27
D05,SC-1020,2024-10-14,343.0,4143.22
D05,SC-1020,2024-10-21,487.0,5955.280000000001
D05,SC-1020,2024-10-28,387.0,4758.63
D05,SC-1020,2024-11-04,324.0,3845.44
D05,SC-1020,2024-11-11,441.0,5168.85
D05,SC-1020,2024-11-18,395.0,4510.77
D05,SC-1020,2024-11-25,340.0,4023.43
D05,SC-1020,2024-12-02,434.0,5328.28
D05,SC-1020,2024-12-09,380.0,4443.84
D05,SC-1020,2024-12-16,457.0,5452.52
D05,SC-1020,2024-12-23,405.0,4752.3
D05,SC-1020,2024-12-30,445.0,5553.96
D05,SC-1020,2025-01-06,401.0,4644.6
D05,SC-1020,2025-01-13,337.0,4044.62
D05,SC-1020,2025-01-20,486.0,6004.17
D05,SC-1020,2025-01-27,386.0,4718.81
D05,SC-1020,2025-02-03,323.0,3627.03
D05,SC-1020,2025-02-10,415.0,4781.64
D05,SC-1020,2025-02-17,403.0,4679.24
D05,SC-1020,2025-02-24,518.0,6377.38
D05,SC-1020,2025-03-03,415.0,5020.24
D05,SC-1020,2025-03-10,456.0,5168.22
D05,SC-1020,2025-03-17,510.0,5968.969999999999
D05,SC-1020,2025-03-24,480.0,5539.59
D05,SC-1020,2025-03-31,561.0,6831.93
D05,SC-1020,2025-04-07,571.0,6843.74
D05,SC-1020,2025-04-14,429.0,5303.49
D05,SC-1020,2025-04-21,526.0,6097.65
D05,SC-1020,2025-04-28,642.0,7228.28
D05,SC-1020,2025-05-05,447.0,5502.81
D05,SC-1020,2025-05-12,431.0,5329.2699999999995
D05,SC-1020,2025-05-19,571.0,6630.67
D05,SC-1020,2025-05-26,463.0,5263.639999999999
D05,SC-1020,2025-06-02,701.0,8436.94
D05,SC-1020,2025-06-09,496.0,5752.63
D05,SC-1020,2025-06-16,457.0,5505.04
D05,SC-1020,2025-06-23,484.0,5521.2
D05,SC-1020,2025-06-30,651.0,7456.3
D05,SC-1020,2025-07-07,329.0,3745.5299999999997
D05,SC-1020,2025-07-14,374.0,4652.8099999999995
D05,SC-1020,2025-07-21,374.0,4336.28
D05,SC-1020,2025-07-28,261.0,3000.7
D05,SC-1020,2025-08-04,352.0,4395.65
D05,SC-1020,2025-08-11,362.0,4324.26
D05,SC-1020,2025-08-18,322.0,3686.81
D05,SC-1020,2025-08-25,402.0,4713.42
D05,SC-1020,2025-09-01,400.0,4611.35
D05,SC-1020,2025-09-08,356.0,4179.5
D05,SC-1020,2025-09-15,288.0,3416.6899999999996
D05,SC-1020,2025-09-22,294.0,3525.34
D05,SC-1020,2025-09-29,389.0,4493.67
D05,SC-1020,2025-10-06,461.0,5262.08
D05,SC-1020,2025-10-13,368.0,4379.08
D05,SC-1020,2025-10-20,338.0,3849.78
D05,SC-1020,2025-10-27,268.0,3246.68
D05,SC-1020,2025-11-03,311.0,3560.67
D05,SC-1020,2025-11-10,248.0,3043.67
D05,SC-1020,2025-11-17,325.0,3679.72
D05,SC-1020,2025-11-24,279.0,3440.53
D05,SC-1020,2025-12-01,245.0,2747.6
D05,SC-1020,2025-12-08,271.0,3119.0699999999997
D05,SC-1020,2025-12-15,305.0,3447.33
D05,SC-1020,2025-12-22,294.0,3666.2799999999997
D05,SC-1020,2025-12-29,286.0,3436.95
D05,SC-1020,2026-01-05,297.0,3513.89
D05,SC-1020,2026-01-12,239.0,2705.71
D05,SC-1020,2026-01-19,241.0,2868.04
D05,SC-1020,2026-01-26,246.0,2974.22
D05,SC-1020,2026-02-02,229.0,2654.93
D05,SC-1020,2026-02-09,280.0,3456.09
D05,SC-1020,2026-02-16,224.0,2688.38
D05,SC-1020,2026-02-23,290.0,3264.3999999999996
D05,SC-1020,2026-03-02,221.0,2738.34
D05,SC-1020,2026-03-09,313.0,3815.66
D05,SC-1020,2026-03-16,292.0,3599.34
D05,SC-1020,2026-03-23,224.0,2667.04
D05,SC-1020,2026-03-30,301.0,3618.7
D05,SC-1020,2026-04-06,276.0,3118.12
D05,SC-1020,2026-04-13,332.0,3904.63
D05,SC-1020,2026-04-20,276.0,3398.37
D05,SC-1020,2026-04-27,221.0,2615.91
D05,SC-1020,2026-05-04,267.0,3188.86
D05,SC-1020,2026-05-11,278.0,3380.1400000000003
D05,SC-1020,2026-05-18,266.0,3125.2200000000003
D05,SC-1020,2026-05-25,312.0,3839.3999999999996
D05,SC-1020,2026-06-01,337.0,3882.2
D05,SC-1020,2026-06-08,311.0,3663.7200000000003
D05,SC-1020,2026-06-15,248.0,2924.7
D05,SC-1020,2026-06-22,304.0,3472.46
D05,SC-1021,2024-01-01,260.0,4069.04
D05,SC-1021,2024-01-08,318.0,5252.85
D05,SC-1021,2024-01-15,331.0,5625.66
D05,SC-1021,2024-01-22,287.0,4756.46
D05,SC-1021,2024-01-29,288.0,4837.37
D05,SC-1021,2024-02-05,264.0,4512.33
D05,SC-1021,2024-02-12,317.0,5419.7
D05,SC-1021,2024-02-19,359.0,5805.41
D05,SC-1021,2024-02-26,297.0,4933.15
D05,SC-1021,2024-03-04,390.0,6088.91
D05,SC-1021,2024-03-11,288.0,4551.040000000001
D05,SC-1021,2024-03-18,304.0,5090.85
D05,SC-1021,2024-03-25,339.0,5842.7
D05,SC-1021,2024-04-01,359.0,6141.4800000000005
D05,SC-1021,2024-04-08,342.0,5405.4
D05,SC-1021,2024-04-15,374.0,6278.110000000001
D05,SC-1021,2024-04-22,376.0,6265.51
D05,SC-1021,2024-04-29,439.0,6890.05
D05,SC-1021,2024-05-06,375.0,6226.0599999999995
D05,SC-1021,2024-05-13,356.0,5739.969999999999
D05,SC-1021,2024-05-20,400.0,6773.789999999999
D05,SC-1021,2024-05-27,290.0,4783.98
D05,SC-1021,2024-06-03,310.0,4860.48
D05,SC-1021,2024-06-10,438.0,7365.299999999999
D05,SC-1021,2024-06-17,354.0,6058.62
D05,SC-1021,2024-06-24,341.0,5425.219999999999
D05,SC-1021,2024-07-01,411.0,6412.07
D05,SC-1021,2024-07-08,378.0,6023.9
D05,SC-1021,2024-07-15,444.0,7255.24
D05,SC-1021,2024-07-22,361.0,6120.87
D05,SC-1021,2024-07-29,463.0,7393.280000000001
D05,SC-1021,2024-08-05,362.0,5845.299999999999
D05,SC-1021,2024-08-12,436.0,7081.05
D05,SC-1021,2024-08-19,383.0,6167.19
D05,SC-1021,2024-08-26,332.0,5601.97
D05,SC-1021,2024-09-02,369.0,5965.08
D05,SC-1021,2024-09-09,377.0,6362.29
D05,SC-1021,2024-09-16,364.0,6110.41
D05,SC-1021,2024-09-23,326.0,5516.22
D05,SC-1021,2024-09-30,452.0,7566.79
D05,SC-1021,2024-10-07,376.0,6457.780000000001
D05,SC-1021,2024-10-14,259.0,4222.31
D05,SC-1021,2024-10-21,370.0,6306.59
D05,SC-1021,2024-10-28,386.0,6265.17
D05,SC-1021,2024-11-04,264.0,4172.67
D05,SC-1021,2024-11-11,320.0,5050.700000000001
D05,SC-1021,2024-11-18,408.0,7069.9400000000005
D05,SC-1021,2024-11-25,364.0,5983.3
D05,SC-1021,2024-12-02,365.0,6145.99
D05,SC-1021,2024-12-09,298.0,5165.01
D05,SC-1021,2024-12-16,315.0,5182.02
D05,SC-1021,2024-12-23,294.0,5070.299999999999
D05,SC-1021,2024-12-30,273.0,4666.36
D05,SC-1021,2025-01-06,249.0,4283.05
D05,SC-1021,2025-01-13,504.0,8678.39
D05,SC-1021,2025-01-20,334.0,5691.860000000001
D05,SC-1021,2025-01-27,392.0,6330.9
D05,SC-1021,2025-02-03,450.0,7124.92
D05,SC-1021,2025-02-10,394.0,6655.85
D05,SC-1021,2025-02-17,384.0,6433.04
D05,SC-1021,2025-02-24,416.0,6966.22
D05,SC-1021,2025-03-03,544.0,9093.11
D05,SC-1021,2025-03-10,408.0,6909.47
D05,SC-1021,2025-03-17,330.0,5490.2699999999995
D05,SC-1021,2025-03-24,352.0,6018.37
D05,SC-1021,2025-03-31,365.0,5933.150000000001
D05,SC-1021,2025-04-07,413.0,7102.9
D05,SC-1021,2025-04-14,359.0,5715.639999999999
D05,SC-1021,2025-04-21,397.0,6736.62
D05,SC-1021,2025-04-28,428.0,6708.53
D05,SC-1021,2025-05-05,513.0,8681.939999999999
D05,SC-1021,2025-05-12,390.0,6062.43
D05,SC-1021,2025-05-19,490.0,7831.929999999999
D05,SC-1021,2025-05-26,468.0,7397.4800000000005
D05,SC-1021,2025-06-02,503.0,8202.74
D05,SC-1021,2025-06-09,318.0,5070.8
D05,SC-1021,2025-06-16,349.0,5634.49
D05,SC-1021,2025-06-23,363.0,5868.26
D05,SC-1021,2025-06-30,559.0,9178.11
D05,SC-1021,2025-07-07,309.0,4840.53
D05,SC-1021,2025-07-14,288.0,4496.56
D05,SC-1021,2025-07-21,333.0,5504.88
D05,SC-1021,2025-07-28,455.0,7444.31
D05,SC-1021,2025-08-04,297.0,4919.54
D05,SC-1021,2025-08-11,294.0,4933.44
D05,SC-1021,2025-08-18,369.0,6202.62
D05,SC-1021,2025-08-25,326.0,5163.09
D05,SC-1021,2025-09-01,309.0,5124.89
D05,SC-1021,2025-09-08,283.0,4873.860000000001
D05,SC-1021,2025-09-15,312.0,5370.24
D05,SC-1021,2025-09-22,196.0,3386.3
D05,SC-1021,2025-09-29,300.0,4835.71
D05,SC-1021,2025-10-06,235.0,3772.4700000000003
D05,SC-1021,2025-10-13,347.0,5958.879999999999
D05,SC-1021,2025-10-20,321.0,5422.08
D05,SC-1021,2025-10-27,303.0,4893.44
D05,SC-1021,2025-11-03,359.0,6215.26
D05,SC-1021,2025-11-10,392.0,6692.0599999999995
D05,SC-1021,2025-11-17,260.0,4326.780000000001
D05,SC-1021,2025-11-24,258.0,4053.73
D05,SC-1021,2025-12-01,283.0,4752.02
D05,SC-1021,2025-12-08,276.0,4778.48
D05,SC-1021,2025-12-15,175.0,2808.96
D05,SC-1021,2025-12-22,238.0,4120.3099999999995
D05,SC-1021,2025-12-29,216.0,3654.48
D05,SC-1021,2026-01-05,261.0,4323.0
D05,SC-1021,2026-01-12,262.0,4250.68
D05,SC-1021,2026-01-19,245.0,3838.89
D05,SC-1021,2026-01-26,220.0,3789.61
D05,SC-1021,2026-02-02,225.0,3752.51
D05,SC-1021,2026-02-09,321.0,5300.03
D05,SC-1021,2026-02-16,170.0,2909.9100000000003
D05,SC-1021,2026-02-23,385.0,6480.5
D05,SC-1021,2026-03-02,323.0,5306.66
D05,SC-1021,2026-03-09,238.0,3818.43
D05,SC-1021,2026-03-16,269.0,4433.23
D05,SC-1021,2026-03-23,240.0,3796.17
D05,SC-1021,2026-03-30,238.0,3786.33
D05,SC-1021,2026-04-06,228.0,3951.03
D05,SC-1021,2026-04-13,220.0,3619.02
D05,SC-1021,2026-04-20,273.0,4720.19
D05,SC-1021,2026-04-27,217.0,3428.0
D05,SC-1021,2026-05-04,251.0,3909.82
D05,SC-1021,2026-05-11,235.0,4066.67
D05,SC-1021,2026-05-18,336.0,5636.33
D05,SC-1021,2026-05-25,296.0,5107.84
D05,SC-1021,2026-06-01,225.0,3870.41
D05,SC-1021,2026-06-08,306.0,4853.23
D05,SC-1021,2026-06-15,267.0,4159.71
D05,SC-1021,2026-06-22,297.0,5066.54
D06,IG-1009,2024-01-01,33.0,1581.53
D06,IG-1009,2024-01-08,39.0,1870.82
D06,IG-1009,2024-01-15,33.0,1527.51
D06,IG-1009,2024-01-22,25.0,1248.9499999999998
D06,IG-1009,2024-01-29,29.0,1404.57
D06,IG-1009,2024-02-05,28.0,1368.8100000000002
D06,IG-1009,2024-02-12,34.0,1590.8
D06,IG-1009,2024-02-19,36.0,1771.65
D06,IG-1009,2024-02-26,37.0,1839.02
D06,IG-1009,2024-03-04,38.0,1860.5800000000002
D06,IG-1009,2024-03-11,47.0,2178.84
D06,IG-1009,2024-03-18,40.0,1907.61
D06,IG-1009,2024-03-25,28.0,1370.78
D06,IG-1009,2024-04-01,32.0,1593.82
D06,IG-1009,2024-04-08,46.0,2149.11
D06,IG-1009,2024-04-15,33.0,1650.51
D06,IG-1009,2024-04-22,38.0,1836.12
D06,IG-1009,2024-04-29,34.0,1560.63
D06,IG-1009,2024-05-06,30.0,1423.4499999999998
D06,IG-1009,2024-05-13,39.0,1916.5500000000002
D06,IG-1009,2024-05-20,45.0,2080.7
D06,IG-1009,2024-05-27,37.0,1696.01
D06,IG-1009,2024-06-03,27.0,1349.78
D06,IG-1009,2024-06-10,37.0,1870.44
D06,IG-1009,2024-06-17,37.0,1794.52
D06,IG-1009,2024-06-24,38.0,1792.17
D06,IG-1009,2024-07-01,35.0,1790.34
D06,IG-1009,2024-07-08,30.0,1452.81
D06,IG-1009,2024-07-15,34.0,1613.06
D06,IG-1009,2024-07-22,33.0,1593.5300000000002
D06,IG-1009,2024-07-29,43.0,2051.83
D06,IG-1009,2024-08-05,38.0,1876.44
D06,IG-1009,2024-08-12,42.0,1976.15
D06,IG-1009,2024-08-19,36.0,1754.56
D06,IG-1009,2024-08-26,34.0,1684.7800000000002
D06,IG-1009,2024-09-02,35.0,1749.79
D06,IG-1009,2024-09-09,33.0,1586.5
D06,IG-1009,2024-09-16,40.0,1872.95
D06,IG-1009,2024-09-23,28.0,1363.85
D06,IG-1009,2024-09-30,35.0,1668.5900000000001
D06,IG-1009,2024-10-07,34.0,1625.44
D06,IG-1009,2024-10-14,34.0,1663.25
D06,IG-1009,2024-10-21,38.0,1851.08
D06,IG-1009,2024-10-28,27.0,1268.47
D06,IG-1009,2024-11-04,38.0,1868.5900000000001
D06,IG-1009,2024-11-11,36.0,1666.18
D06,IG-1009,2024-11-18,38.0,1842.48
D06,IG-1009,2024-11-25,38.0,1778.33
D06,IG-1009,2024-12-02,34.0,1738.72
D06,IG-1009,2024-12-09,36.0,1690.85
D06,IG-1009,2024-12-16,44.0,2082.47
D06,IG-1009,2024-12-23,28.0,1345.9
D06,IG-1009,2024-12-30,45.0,2186.03
D06,IG-1009,2025-01-06,51.0,2504.05
D06,IG-1009,2025-01-13,42.0,2059.17
D06,IG-1009,2025-01-20,36.0,1647.76
D06,IG-1009,2025-01-27,37.0,1728.7
D06,IG-1009,2025-02-03,44.0,2109.88
D06,IG-1009,2025-02-10,43.0,1999.1100000000001
D06,IG-1009,2025-02-17,41.0,1988.64
D06,IG-1009,2025-02-24,34.0,1618.54
D06,IG-1009,2025-03-03,50.0,2529.84
D06,IG-1009,2025-03-10,44.0,2059.78
D06,IG-1009,2025-03-17,44.0,2169.84
D06,IG-1009,2025-03-24,48.0,2315.05
D06,IG-1009,2025-03-31,41.0,1995.83
D06,IG-1009,2025-04-07,45.0,2197.5299999999997
D06,IG-1009,2025-04-14,40.0,1836.15
D06,IG-1009,2025-04-21,42.0,2037.75
D06,IG-1009,2025-04-28,48.0,2391.39
D06,IG-1009,2025-05-05,45.0,2240.08
D06,IG-1009,2025-05-12,46.0,2169.16
D06,IG-1009,2025-05-19,43.0,1991.3
D06,IG-1009,2025-05-26,34.0,1593.66
D06,IG-1009,2025-06-02,55.0,2606.34
D06,IG-1009,2025-06-09,40.0,1865.83
D06,IG-1009,2025-06-16,52.0,2473.47
D06,IG-1009,2025-06-23,46.0,2327.34
D06,IG-1009,2025-06-30,49.0,2306.62
D06,IG-1009,2025-07-07,33.0,1585.48
D06,IG-1009,2025-07-14,32.0,1639.04
D06,IG-1009,2025-07-21,29.0,1486.06
D06,IG-1009,2025-07-28,40.0,2024.61
D06,IG-1009,2025-08-04,37.0,1846.6499999999999
D06,IG-1009,2025-08-11,35.0,1682.0700000000002
D06,IG-1009,2025-08-18,36.0,1793.67
D06,IG-1009,2025-08-25,33.0,1612.28
D06,IG-1009,2025-09-01,26.0,1266.61
D06,IG-1009,2025-09-08,33.0,1573.6100000000001
D06,IG-1009,2025-09-15,28.0,1304.78
D06,IG-1009,2025-09-22,32.0,1533.04
D06,IG-1009,2025-09-29,26.0,1253.8500000000001
D06,IG-1009,2025-10-06,21.0,979.57
D06,IG-1009,2025-10-13,26.0,1228.8
D06,IG-1009,2025-10-20,25.0,1278.7
D06,IG-1009,2025-10-27,33.0,1605.89
D06,IG-1009,2025-11-03,30.0,1410.1599999999999
D06,IG-1009,2025-11-10,41.0,1994.82
D06,IG-1009,2025-11-17,26.0,1259.28
D06,IG-1009,2025-11-24,25.0,1256.07
D06,IG-1009,2025-12-01,25.0,1247.8
D06,IG-1009,2025-12-08,25.0,1190.04
D06,IG-1009,2025-12-15,25.0,1214.0
D06,IG-1009,2025-12-22,22.0,1065.94
D06,IG-1009,2025-12-29,24.0,1198.43
D06,IG-1009,2026-01-05,23.0,1031.71
D06,IG-1009,2026-01-12,25.0,1222.63
D06,IG-1009,2026-01-19,32.0,1534.33
D06,IG-1009,2026-01-26,29.0,1469.58
D06,IG-1009,2026-02-02,39.0,1915.62
D06,IG-1009,2026-02-09,25.0,1170.21
D06,IG-1009,2026-02-16,30.0,1512.74
D06,IG-1009,2026-02-23,24.0,1084.66
D06,IG-1009,2026-03-02,27.0,1305.82
D06,IG-1009,2026-03-09,24.0,1188.61
D06,IG-1009,2026-03-16,34.0,1737.25
D06,IG-1009,2026-03-23,24.0,1128.15
D06,IG-1009,2026-03-30,22.0,1113.0
D06,IG-1009,2026-04-06,26.0,1307.59
D06,IG-1009,2026-04-13,23.0,1147.8
D06,IG-1009,2026-04-20,34.0,1717.26
D06,IG-1009,2026-04-27,26.0,1285.75
D06,IG-1009,2026-05-04,34.0,1688.22
D06,IG-1009,2026-05-25,26.0,1304.84
D06,IG-1009,2026-06-01,26.0,1274.13
D06,IG-1009,2026-06-08,28.0,1297.86
D06,IG-1009,2026-06-15,27.0,1360.3899999999999
D06,IG-1009,2026-06-22,23.0,1129.94
D06,IG-1010,2024-01-01,47.0,3014.5599999999995
D06,IG-1010,2024-01-08,64.0,3895.38
D06,IG-1010,2024-01-15,46.0,2901.56
D06,IG-1010,2024-01-22,47.0,3019.38
D06,IG-1010,2024-01-29,79.0,4763.91
D06,IG-1010,2024-02-05,50.0,3005.76
D06,IG-1010,2024-02-12,60.0,3908.4
D06,IG-1010,2024-02-19,49.0,3121.06
D06,IG-1010,2024-02-26,60.0,3573.78
D06,IG-1010,2024-03-04,82.0,5176.58
D06,IG-1010,2024-03-11,64.0,3834.34
D06,IG-1010,2024-03-18,57.0,3685.89
D06,IG-1010,2024-03-25,59.0,3848.42
D06,IG-1010,2024-04-01,62.0,3656.85
D06,IG-1010,2024-04-08,65.0,3892.5299999999997
D06,IG-1010,2024-04-15,69.0,4221.25
D06,IG-1010,2024-04-22,74.0,4820.73
D06,IG-1010,2024-04-29,61.0,3610.24
D06,IG-1010,2024-05-06,74.0,4490.450000000001
D06,IG-1010,2024-05-13,53.0,3415.2799999999997
D06,IG-1010,2024-05-20,70.0,4465.23
D06,IG-1010,2024-05-27,61.0,3781.53
D06,IG-1010,2024-06-03,67.0,4070.63
D06,IG-1010,2024-06-10,75.0,4546.25
D06,IG-1010,2024-06-17,86.0,5302.34
D06,IG-1010,2024-06-24,67.0,4317.86
D06,IG-1010,2024-07-01,74.0,4786.26
D06,IG-1010,2024-07-08,72.0,4560.26
D06,IG-1010,2024-07-15,53.0,3369.16
D06,IG-1010,2024-07-22,72.0,4430.75
D06,IG-1010,2024-07-29,94.0,5798.74
D06,IG-1010,2024-08-05,80.0,4765.87
D06,IG-1010,2024-08-12,65.0,4034.2
D06,IG-1010,2024-08-19,64.0,3974.39
D06,IG-1010,2024-08-26,63.0,4081.62
D06,IG-1010,2024-09-02,75.0,4566.6
D06,IG-1010,2024-09-09,68.0,4059.2299999999996
D06,IG-1010,2024-09-16,54.0,3460.5899999999997
D06,IG-1010,2024-09-23,74.0,4651.49
D06,IG-1010,2024-09-30,72.0,4484.76
D06,IG-1010,2024-10-07,66.0,4198.42
D06,IG-1010,2024-10-14,68.0,3993.7400000000002
D06,IG-1010,2024-10-21,57.0,3695.2999999999997
D06,IG-1010,2024-10-28,81.0,4840.34
D06,IG-1010,2024-11-04,52.0,3188.54
D06,IG-1010,2024-11-11,64.0,3967.15
D06,IG-1010,2024-11-18,65.0,3956.65
D06,IG-1010,2024-11-25,61.0,3646.12
D06,IG-1010,2024-12-02,65.0,4064.94
D06,IG-1010,2024-12-09,56.0,3282.2999999999997
D06,IG-1010,2024-12-16,60.0,3723.04
D06,IG-1010,2024-12-23,56.0,3575.6600000000003
D06,IG-1010,2024-12-30,64.0,4043.79
D06,IG-1010,2025-01-06,82.0,5071.68
D06,IG-1010,2025-01-13,72.0,4274.36
D06,IG-1010,2025-01-20,56.0,3574.6800000000003
D06,IG-1010,2025-01-27,66.0,4081.95
D06,IG-1010,2025-02-03,69.0,4175.360000000001
D06,IG-1010,2025-02-10,63.0,3743.55
D06,IG-1010,2025-02-17,66.0,4142.16
D06,IG-1010,2025-02-24,87.0,5152.4
D06,IG-1010,2025-03-03,56.0,3541.66
D06,IG-1010,2025-03-10,78.0,5024.85
D06,IG-1010,2025-03-17,57.0,3495.41
D06,IG-1010,2025-03-24,79.0,4846.8
D06,IG-1010,2025-03-31,67.0,4192.84
D06,IG-1010,2025-04-07,85.0,5486.75
D06,IG-1010,2025-04-14,105.0,6476.259999999999
D06,IG-1010,2025-04-21,78.0,4848.26
D06,IG-1010,2025-04-28,97.0,6319.17
D06,IG-1010,2025-05-05,89.0,5645.93
D06,IG-1010,2025-05-12,87.0,5081.82
D06,IG-1010,2025-05-19,70.0,4389.91
D06,IG-1010,2025-05-26,97.0,6034.57
D06,IG-1010,2025-06-02,88.0,5494.1
D06,IG-1010,2025-06-09,71.0,4249.65
D06,IG-1010,2025-06-16,72.0,4581.92
D06,IG-1010,2025-06-23,76.0,4808.76
D06,IG-1010,2025-06-30,73.0,4538.83
D06,IG-1010,2025-07-07,62.0,3807.39
D06,IG-1010,2025-07-14,68.0,4169.62
D06,IG-1010,2025-07-21,59.0,3521.91
D06,IG-1010,2025-07-28,63.0,3672.6800000000003
D06,IG-1010,2025-08-04,50.0,3169.56
D06,IG-1010,2025-08-11,69.0,4440.14
D06,IG-1010,2025-08-18,66.0,4076.1099999999997
D06,IG-1010,2025-08-25,78.0,4867.33
D06,IG-1010,2025-09-01,48.0,2959.92
D06,IG-1010,2025-09-08,46.0,2789.81
D06,IG-1010,2025-09-15,44.0,2700.73
D06,IG-1010,2025-09-22,64.0,3954.76
D06,IG-1010,2025-09-29,42.0,2661.41
D06,IG-1010,2025-10-06,48.0,3069.4900000000002
D06,IG-1010,2025-10-13,40.0,2347.97
D06,IG-1010,2025-10-20,50.0,3276.98
D06,IG-1010,2025-10-27,51.0,2993.14
D06,IG-1010,2025-11-03,52.0,3348.63
D06,IG-1010,2025-11-10,47.0,2989.11
D06,IG-1010,2025-11-17,40.0,2384.59
D06,IG-1010,2025-11-24,50.0,2986.05
D06,IG-1010,2025-12-01,47.0,2973.29
D06,IG-1010,2025-12-08,46.0,2964.45
D06,IG-1010,2025-12-15,40.0,2508.7799999999997
D06,IG-1010,2025-12-22,48.0,3057.71
D06,IG-1010,2025-12-29,51.0,3304.3999999999996
D06,IG-1010,2026-01-05,39.0,2453.62
D06,IG-1010,2026-01-12,36.0,2303.13
D06,IG-1010,2026-01-19,50.0,3048.38
D06,IG-1010,2026-01-26,34.0,2024.42
D06,IG-1010,2026-02-02,38.0,2406.95
D06,IG-1010,2026-02-09,40.0,2471.08
D06,IG-1010,2026-02-16,39.0,2384.6099999999997
D06,IG-1010,2026-02-23,50.0,3151.77
D06,IG-1010,2026-03-02,53.0,3275.21
D06,IG-1010,2026-03-09,52.0,3233.67
D06,IG-1010,2026-03-16,39.0,2393.1
D06,IG-1010,2026-03-23,56.0,3518.84
D06,IG-1010,2026-03-30,37.0,2385.49
D06,IG-1010,2026-04-06,46.0,2871.56
D06,IG-1010,2026-04-13,46.0,2855.44
D06,IG-1010,2026-04-20,56.0,3453.2400000000002
D06,IG-1010,2026-04-27,48.0,2867.26
D06,IG-1010,2026-05-04,58.0,3565.47
D06,IG-1010,2026-05-25,54.0,3171.77
D06,IG-1010,2026-06-01,50.0,3129.16
D06,IG-1010,2026-06-08,40.0,2618.91
D06,IG-1010,2026-06-15,44.0,2808.92
D06,IG-1010,2026-06-22,50.0,3091.7400000000002
D06,IG-1012,2024-01-01,53.0,3607.29
D06,IG-1012,2024-01-08,65.0,4458.7
D06,IG-1012,2024-01-15,72.0,5154.79
D06,IG-1012,2024-01-22,60.0,4326.41
D06,IG-1012,2024-01-29,69.0,4625.53
D06,IG-1012,2024-02-05,77.0,5225.349999999999
D06,IG-1012,2024-02-12,61.0,4126.57
D06,IG-1012,2024-02-19,69.0,4759.87
D06,IG-1012,2024-02-26,78.0,5447.62
D06,IG-1012,2024-03-04,86.0,5844.129999999999
D06,IG-1012,2024-03-11,88.0,5828.02
D06,IG-1012,2024-03-18,81.0,5674.49
D06,IG-1012,2024-03-25,80.0,5357.64
D06,IG-1012,2024-04-01,102.0,6742.17
D06,IG-1012,2024-04-08,109.0,7227.46
D06,IG-1012,2024-04-15,110.0,7858.34
D06,IG-1012,2024-04-22,88.0,6146.66
D06,IG-1012,2024-04-29,83.0,6036.35
D06,IG-1012,2024-05-06,88.0,6034.18
D06,IG-1012,2024-05-13,75.0,5203.64
D06,IG-1012,2024-05-20,81.0,5637.18
D06,IG-1012,2024-05-27,85.0,5981.29
D06,IG-1012,2024-06-03,95.0,6795.400000000001
D06,IG-1012,2024-06-10,101.0,6777.64
D06,IG-1012,2024-06-17,112.0,7658.450000000001
D06,IG-1012,2024-06-24,116.0,7651.370000000001
D06,IG-1012,2024-07-01,86.0,5791.46
D06,IG-1012,2024-07-08,93.0,6607.459999999999
D06,IG-1012,2024-07-15,110.0,7772.76
D06,IG-1012,2024-07-22,93.0,6235.15
D06,IG-1012,2024-07-29,76.0,5228.03
D06,IG-1012,2024-08-05,104.0,6911.3
D06,IG-1012,2024-08-12,83.0,5905.0599999999995
D06,IG-1012,2024-08-19,72.0,5165.91
D06,IG-1012,2024-08-26,78.0,5683.73
D06,IG-1012,2024-09-02,95.0,6539.92
D06,IG-1012,2024-09-09,91.0,6254.59
D06,IG-1012,2024-09-16,81.0,5864.63
D06,IG-1012,2024-09-23,125.0,8827.91
D06,IG-1012,2024-09-30,72.0,4941.32
D06,IG-1012,2024-10-07,78.0,5165.4400000000005
D06,IG-1012,2024-10-14,81.0,5752.05
D06,IG-1012,2024-10-21,69.0,4854.34
D06,IG-1012,2024-10-28,80.0,5406.91
D06,IG-1012,2024-11-04,66.0,4486.3099999999995
D06,IG-1012,2024-11-11,92.0,6200.95
D06,IG-1012,2024-11-18,87.0,6286.95
D06,IG-1012,2024-11-25,86.0,5953.53
D06,IG-1012,2024-12-02,102.0,6899.049999999999
D06,IG-1012,2024-12-09,84.0,5720.700000000001
D06,IG-1012,2024-12-16,66.0,4686.66
D06,IG-1012,2024-12-23,80.0,5517.39
D06,IG-1012,2024-12-30,96.0,6745.0
D06,IG-1012,2025-01-06,76.0,5067.8
D06,IG-1012,2025-01-13,89.0,5783.49
D06,IG-1012,2025-01-20,78.0,5214.78
D06,IG-1012,2025-01-27,78.0,5168.93
D06,IG-1012,2025-02-03,90.0,5975.48
D06,IG-1012,2025-02-10,106.0,7060.05
D06,IG-1012,2025-02-17,84.0,5568.76
D06,IG-1012,2025-02-24,113.0,8017.13
D06,IG-1012,2025-03-03,92.0,6525.89
D06,IG-1012,2025-03-10,89.0,6346.76
D06,IG-1012,2025-03-17,84.0,5830.17
D06,IG-1012,2025-03-24,99.0,6528.53
D06,IG-1012,2025-03-31,100.0,6990.0
D06,IG-1012,2025-04-07,94.0,6285.51
D06,IG-1012,2025-04-14,87.0,6165.46
D06,IG-1012,2025-04-21,74.0,5116.37
D06,IG-1012,2025-04-28,98.0,6799.7
D06,IG-1012,2025-05-05,104.0,6973.66
D06,IG-1012,2025-05-12,130.0,8944.08
D06,IG-1012,2025-05-19,106.0,7577.610000000001
D06,IG-1012,2025-05-26,125.0,8291.74
D06,IG-1012,2025-06-02,97.0,6819.38
D06,IG-1012,2025-06-09,93.0,6149.08
D06,IG-1012,2025-06-16,67.0,4532.94
D06,IG-1012,2025-06-23,103.0,7035.14
D06,IG-1012,2025-06-30,126.0,8305.35
D06,IG-1012,2025-07-07,59.0,3917.23
D06,IG-1012,2025-07-14,80.0,5388.66
D06,IG-1012,2025-07-21,88.0,6346.53
D06,IG-1012,2025-07-28,66.0,4460.89
D06,IG-1012,2025-08-04,84.0,5836.71
D06,IG-1012,2025-08-11,68.0,4862.07
D06,IG-1012,2025-08-18,96.0,6644.05
D06,IG-1012,2025-08-25,62.0,4482.55
D06,IG-1012,2025-09-01,84.0,5646.75
D06,IG-1012,2025-09-08,52.0,3387.67
D06,IG-1012,2025-09-15,80.0,5405.28
D06,IG-1012,2025-09-22,67.0,4707.06
D06,IG-1012,2025-09-29,72.0,4808.53
D06,IG-1012,2025-10-06,53.0,3747.8999999999996
D06,IG-1012,2025-10-13,61.0,4004.4
D06,IG-1012,2025-10-20,72.0,4883.2300000000005
D06,IG-1012,2025-10-27,63.0,4351.96
D06,IG-1012,2025-11-03,56.0,4026.0699999999997
D06,IG-1012,2025-11-10,77.0,5354.25
D06,IG-1012,2025-11-17,62.0,4380.61
D06,IG-1012,2025-11-24,69.0,4563.4
D06,IG-1012,2025-12-01,48.0,3326.69
D06,IG-1012,2025-12-08,57.0,3849.46
D06,IG-1012,2025-12-15,52.0,3446.35
D06,IG-1012,2025-12-22,54.0,3526.7000000000003
D06,IG-1012,2025-12-29,82.0,5484.4400000000005
D06,IG-1012,2026-01-05,65.0,4254.67
D06,IG-1012,2026-01-12,57.0,4016.29
D06,IG-1012,2026-01-19,55.0,3808.29
D06,IG-1012,2026-01-26,47.0,3290.37
D06,IG-1012,2026-02-02,49.0,3436.95
D06,IG-1012,2026-02-09,64.0,4262.27
D06,IG-1012,2026-02-16,56.0,4001.25
D06,IG-1012,2026-02-23,54.0,3718.46
D06,IG-1012,2026-03-02,40.0,2671.98
D06,IG-1012,2026-03-09,56.0,3987.11
D06,IG-1012,2026-03-16,86.0,5956.99
D06,IG-1012,2026-03-23,63.0,4411.7
D06,IG-1012,2026-03-30,54.0,3872.22
D06,IG-1012,2026-04-06,59.0,4013.87
D06,IG-1012,2026-04-13,52.0,3663.3199999999997
D06,IG-1012,2026-04-20,76.0,5355.96
D06,IG-1012,2026-04-27,67.0,4675.84
D06,IG-1012,2026-05-04,61.0,4128.38
D06,IG-1012,2026-05-25,63.0,4515.48
D06,IG-1012,2026-06-01,64.0,4450.85
D06,IG-1012,2026-06-08,65.0,4637.23
D06,IG-1012,2026-06-15,59.0,4009.05
D06,IG-1012,2026-06-22,46.0,3272.44
D06,IG-1013,2024-01-01,24.0,1439.98
D06,IG-1013,2024-01-08,17.0,1061.33
D06,IG-1013,2024-01-15,24.0,1411.33
D06,IG-1013,2024-01-22,27.0,1553.0499999999997
D06,IG-1013,2024-01-29,23.0,1321.68
D06,IG-1013,2024-02-05,25.0,1546.72
D06,IG-1013,2024-02-12,34.0,1963.92
D06,IG-1013,2024-02-19,24.0,1465.8
D06,IG-1013,2024-02-26,25.0,1480.13
D06,IG-1013,2024-03-04,28.0,1604.78
D06,IG-1013,2024-03-11,22.0,1329.6799999999998
D06,IG-1013,2024-03-18,22.0,1236.95
D06,IG-1013,2024-03-25,25.0,1461.65
D06,IG-1013,2024-04-01,24.0,1408.99
D06,IG-1013,2024-04-08,21.0,1226.1000000000001
D06,IG-1013,2024-04-15,21.0,1196.83
D06,IG-1013,2024-04-22,21.0,1217.72
D06,IG-1013,2024-04-29,24.0,1511.48
D06,IG-1013,2024-05-06,22.0,1380.44
D06,IG-1013,2024-05-13,29.0,1709.16
D06,IG-1013,2024-05-20,33.0,1952.09
D06,IG-1013,2024-05-27,29.0,1752.6399999999999
D06,IG-1013,2024-06-03,24.0,1446.22
D06,IG-1013,2024-06-10,38.0,2271.8300000000004
D06,IG-1013,2024-06-17,25.0,1441.38
D06,IG-1013,2024-06-24,26.0,1606.18
D06,IG-1013,2024-07-01,26.0,1520.52
D06,IG-1013,2024-07-08,32.0,1878.97
D06,IG-1013,2024-07-15,24.0,1518.55
D06,IG-1013,2024-07-22,35.0,2164.92
D06,IG-1013,2024-07-29,21.0,1185.64
D06,IG-1013,2024-08-05,24.0,1493.55
D06,IG-1013,2024-08-12,31.0,1809.21
D06,IG-1013,2024-08-19,39.0,2190.46
D06,IG-1013,2024-08-26,34.0,2063.11
D06,IG-1013,2024-09-02,29.0,1740.93
D06,IG-1013,2024-09-09,23.0,1454.32
D06,IG-1013,2024-09-16,24.0,1383.38
D06,IG-1013,2024-09-23,29.0,1709.8300000000002
D06,IG-1013,2024-09-30,29.0,1714.03
D06,IG-1013,2024-10-07,24.0,1488.12
D06,IG-1013,2024-10-14,24.0,1450.25
D06,IG-1013,2024-10-21,30.0,1778.44
D06,IG-1013,2024-10-28,29.0,1735.31
D06,IG-1013,2024-11-04,27.0,1627.7500000000002
D06,IG-1013,2024-11-11,23.0,1359.9699999999998
D06,IG-1013,2024-11-18,27.0,1594.45
D06,IG-1013,2024-11-25,24.0,1453.29
D06,IG-1013,2024-12-02,25.0,1553.83
D06,IG-1013,2024-12-09,26.0,1498.93
D06,IG-1013,2024-12-16,28.0,1660.6200000000001
D06,IG-1013,2024-12-23,19.0,1160.1599999999999
D06,IG-1013,2024-12-30,30.0,1782.22
D06,IG-1013,2025-01-06,30.0,1788.56
D06,IG-1013,2025-01-13,29.0,1825.6399999999999
D06,IG-1013,2025-01-20,28.0,1590.38
D06,IG-1013,2025-01-27,22.0,1341.81
D06,IG-1013,2025-02-03,31.0,1930.27
D06,IG-1013,2025-02-10,25.0,1535.21
D06,IG-1013,2025-02-17,25.0,1425.31
D06,IG-1013,2025-02-24,38.0,2281.5
D06,IG-1013,2025-03-03,30.0,1826.25
D06,IG-1013,2025-03-10,28.0,1580.4099999999999
D06,IG-1013,2025-03-17,27.0,1594.5900000000001
D06,IG-1013,2025-03-24,30.0,1715.9
D06,IG-1013,2025-03-31,27.0,1561.49
D06,IG-1013,2025-04-07,21.0,1192.32
D06,IG-1013,2025-04-14,26.0,1594.9
D06,IG-1013,2025-04-21,31.0,1881.69
D06,IG-1013,2025-04-28,35.0,2139.62
D06,IG-1013,2025-05-05,35.0,2004.74
D06,IG-1013,2025-05-12,35.0,1995.57
D06,IG-1013,2025-05-19,28.0,1715.3999999999999
D06,IG-1013,2025-05-26,33.0,2017.1799999999998
D06,IG-1013,2025-06-02,36.0,2037.44
D06,IG-1013,2025-06-09,36.0,2260.62
D06,IG-1013,2025-06-16,30.0,1758.72
D06,IG-1013,2025-06-23,36.0,2114.14
D06,IG-1013,2025-06-30,33.0,1885.2599999999998
D06,IG-1013,2025-07-07,23.0,1395.18
D06,IG-1013,2025-07-14,21.0,1222.1
D06,IG-1013,2025-07-21,23.0,1352.93
D06,IG-1013,2025-07-28,22.0,1314.69
D06,IG-1013,2025-08-04,20.0,1185.99
D06,IG-1013,2025-08-11,22.0,1244.78
D06,IG-1013,2025-08-18,21.0,1298.97
D06,IG-1013,2025-08-25,31.0,1941.8600000000001
D06,IG-1013,2025-09-01,25.0,1456.94
D06,IG-1013,2025-09-08,20.0,1140.77
D06,IG-1013,2025-09-15,25.0,1445.06
D06,IG-1013,2025-09-22,22.0,1380.25
D06,IG-1013,2025-09-29,17.0,1021.41
D06,IG-1013,2025-10-06,20.0,1252.02
D06,IG-1013,2025-10-13,21.0,1181.27
D06,IG-1013,2025-10-20,19.0,1112.44
D06,IG-1013,2025-10-27,15.0,911.62
D06,IG-1013,2025-11-03,14.0,787.13
D06,IG-1013,2025-11-10,21.0,1200.11
D06,IG-1013,2025-11-17,19.0,1070.58
D06,IG-1013,2025-11-24,17.0,1032.15
D06,IG-1013,2025-12-01,21.0,1316.83
D06,IG-1013,2025-12-08,18.0,1036.69
D06,IG-1013,2025-12-15,15.0,935.08
D06,IG-1013,2025-12-22,18.0,1127.65
D06,IG-1013,2025-12-29,20.0,1174.1
D06,IG-1013,2026-01-05,13.0,749.8399999999999
D06,IG-1013,2026-01-12,21.0,1239.87
D06,IG-1013,2026-01-19,21.0,1219.45
D06,IG-1013,2026-01-26,19.0,1166.65
D06,IG-1013,2026-02-02,17.0,1082.22
D06,IG-1013,2026-02-09,18.0,1031.1699999999998
D06,IG-1013,2026-02-16,15.0,928.6800000000001
D06,IG-1013,2026-02-23,15.0,939.11
D06,IG-1013,2026-03-02,22.0,1305.44
D06,IG-1013,2026-03-09,16.0,957.2
D06,IG-1013,2026-03-16,16.0,1029.38
D06,IG-1013,2026-03-23,19.0,1136.73
D06,IG-1013,2026-03-30,13.0,763.23
D06,IG-1013,2026-04-06,10.0,595.64
D06,IG-1013,2026-04-13,16.0,988.5999999999999
D06,IG-1013,2026-04-20,18.0,1000.44
D06,IG-1013,2026-04-27,19.0,1153.58
D06,IG-1013,2026-05-04,17.0,1056.3799999999999
D06,IG-1013,2026-05-25,12.0,736.65
D06,IG-1013,2026-06-01,17.0,1030.8
D06,IG-1013,2026-06-08,16.0,981.5
D06,IG-1013,2026-06-15,17.0,1068.03
D06,IG-1013,2026-06-22,19.0,1171.1
D06,IG-1014,2024-01-01,26.0,1155.3
D06,IG-1014,2024-01-08,34.0,1510.29
D06,IG-1014,2024-01-15,27.0,1268.24
D06,IG-1014,2024-01-22,26.0,1082.16
D06,IG-1014,2024-01-29,32.0,1432.52
D06,IG-1014,2024-02-05,29.0,1320.67
D06,IG-1014,2024-02-12,34.0,1457.58
D06,IG-1014,2024-02-19,42.0,1935.05
D06,IG-1014,2024-02-26,32.0,1426.82
D06,IG-1014,2024-03-04,31.0,1316.54
D06,IG-1014,2024-03-11,28.0,1280.4099999999999
D06,IG-1014,2024-03-18,30.0,1349.05
D06,IG-1014,2024-03-25,32.0,1464.03
D06,IG-1014,2024-04-01,27.0,1189.82
D06,IG-1014,2024-04-08,40.0,1679.49
D06,IG-1014,2024-04-15,34.0,1536.39
D06,IG-1014,2024-04-22,39.0,1763.27
D06,IG-1014,2024-04-29,38.0,1706.2099999999998
D06,IG-1014,2024-05-06,39.0,1742.5
D06,IG-1014,2024-05-13,35.0,1579.58
D06,IG-1014,2024-05-20,42.0,1776.58
D06,IG-1014,2024-05-27,43.0,1799.53
D06,IG-1014,2024-06-03,39.0,1725.01
D06,IG-1014,2024-06-10,31.0,1426.77
D06,IG-1014,2024-06-17,45.0,2048.28
D06,IG-1014,2024-06-24,35.0,1466.52
D06,IG-1014,2024-07-01,44.0,1853.56
D06,IG-1014,2024-07-08,40.0,1803.92
D06,IG-1014,2024-07-15,33.0,1407.56
D06,IG-1014,2024-07-22,40.0,1817.01
D06,IG-1014,2024-07-29,35.0,1525.8600000000001
D06,IG-1014,2024-08-05,34.0,1583.35
D06,IG-1014,2024-08-12,46.0,2088.06
D06,IG-1014,2024-08-19,31.0,1320.62
D06,IG-1014,2024-08-26,37.0,1665.3600000000001
D06,IG-1014,2024-09-02,42.0,1767.32
D06,IG-1014,2024-09-09,37.0,1622.1
D06,IG-1014,2024-09-16,32.0,1387.46
D06,IG-1014,2024-09-23,39.0,1713.28
D06,IG-1014,2024-09-30,33.0,1470.6100000000001
D06,IG-1014,2024-10-07,34.0,1470.82
D06,IG-1014,2024-10-14,26.0,1205.8600000000001
D06,IG-1014,2024-10-21,41.0,1704.04
D06,IG-1014,2024-10-28,39.0,1744.2
D06,IG-1014,2024-11-04,39.0,1733.64
D06,IG-1014,2024-11-11,30.0,1316.8200000000002
D06,IG-1014,2024-11-18,29.0,1233.05
D06,IG-1014,2024-11-25,37.0,1693.73
D06,IG-1014,2024-12-02,36.0,1564.48
D06,IG-1014,2024-12-09,47.0,2126.85
D06,IG-1014,2024-12-16,39.0,1774.12
D06,IG-1014,2024-12-23,31.0,1341.78
D06,IG-1014,2024-12-30,31.0,1381.99
D06,IG-1014,2025-01-06,37.0,1627.0099999999998
D06,IG-1014,2025-01-13,40.0,1712.45
D06,IG-1014,2025-01-20,43.0,1927.81
D06,IG-1014,2025-01-27,39.0,1764.3500000000001
D06,IG-1014,2025-02-03,34.0,1485.45
D06,IG-1014,2025-02-10,35.0,1531.07
D06,IG-1014,2025-02-17,32.0,1354.02
D06,IG-1014,2025-02-24,46.0,2150.2
D06,IG-1014,2025-03-03,39.0,1825.7400000000002
D06,IG-1014,2025-03-10,25.0,1063.99
D06,IG-1014,2025-03-17,44.0,1946.85
D06,IG-1014,2025-03-24,40.0,1766.29
D06,IG-1014,2025-03-31,38.0,1587.75
D06,IG-1014,2025-04-07,43.0,1870.47
D06,IG-1014,2025-04-14,44.0,1822.0
D06,IG-1014,2025-04-21,47.0,2112.94
D06,IG-1014,2025-04-28,46.0,2075.98
D06,IG-1014,2025-05-05,45.0,2102.82
D06,IG-1014,2025-05-12,41.0,1856.52
D06,IG-1014,2025-05-19,51.0,2152.62
D06,IG-1014,2025-05-26,33.0,1509.5
D06,IG-1014,2025-06-02,46.0,2044.92
D06,IG-1014,2025-06-09,38.0,1693.0400000000002
D06,IG-1014,2025-06-16,43.0,1849.26
D06,IG-1014,2025-06-23,49.0,2088.52
D06,IG-1014,2025-06-30,42.0,1804.46
D06,IG-1014,2025-07-07,33.0,1392.14
D06,IG-1014,2025-07-14,38.0,1686.9099999999999
D06,IG-1014,2025-07-21,27.0,1228.49
D06,IG-1014,2025-07-28,37.0,1553.82
D06,IG-1014,2025-08-04,31.0,1358.18
D06,IG-1014,2025-08-11,39.0,1732.78
D06,IG-1014,2025-08-18,28.0,1172.76
D06,IG-1014,2025-08-25,33.0,1509.47
D06,IG-1014,2025-09-01,32.0,1441.52
D06,IG-1014,2025-09-08,23.0,971.7
D06,IG-1014,2025-09-15,31.0,1321.25
D06,IG-1014,2025-09-22,32.0,1319.2
D06,IG-1014,2025-09-29,26.0,1127.16
D06,IG-1014,2025-10-06,34.0,1558.0
D06,IG-1014,2025-10-13,23.0,986.58
D06,IG-1014,2025-10-20,23.0,999.69
D06,IG-1014,2025-10-27,24.0,1057.5
D06,IG-1014,2025-11-03,23.0,1057.34
D06,IG-1014,2025-11-10,27.0,1139.04
D06,IG-1014,2025-11-17,28.0,1290.04
D06,IG-1014,2025-11-24,21.0,937.76
D06,IG-1014,2025-12-01,23.0,1018.46
D06,IG-1014,2025-12-08,23.0,1010.58
D06,IG-1014,2025-12-15,26.0,1149.31
D06,IG-1014,2025-12-22,20.0,901.85
D06,IG-1014,2025-12-29,20.0,883.5899999999999
D06,IG-1014,2026-01-05,24.0,1032.67
D06,IG-1014,2026-01-12,25.0,1055.35
D06,IG-1014,2026-01-19,27.0,1238.1
D06,IG-1014,2026-01-26,35.0,1581.82
D06,IG-1014,2026-02-02,22.0,933.5
D06,IG-1014,2026-02-09,21.0,949.51
D06,IG-1014,2026-02-16,26.0,1118.38
D06,IG-1014,2026-02-23,25.0,1095.55
D06,IG-1014,2026-03-02,28.0,1217.0
D06,IG-1014,2026-03-09,23.0,1028.58
D06,IG-1014,2026-03-16,21.0,965.06
D06,IG-1014,2026-03-23,27.0,1240.65
D06,IG-1014,2026-03-30,24.0,1076.93
D06,IG-1014,2026-04-06,28.0,1171.45
D06,IG-1014,2026-04-13,24.0,1113.7
D06,IG-1014,2026-04-20,25.0,1060.05
D06,IG-1014,2026-04-27,19.0,804.65
D06,IG-1014,2026-05-04,22.0,990.4200000000001
D06,IG-1014,2026-05-25,31.0,1359.69
D06,IG-1014,2026-06-01,32.0,1395.65
D06,IG-1014,2026-06-08,24.0,1038.58
D06,IG-1014,2026-06-15,26.0,1224.1399999999999
D06,IG-1014,2026-06-22,26.0,1198.05
D06,IS-1022,2024-01-01,186.0,2470.98
D06,IS-1022,2024-01-08,178.0,2421.2900000000004
D06,IS-1022,2024-01-15,146.0,1929.81
D06,IS-1022,2024-01-22,166.0,2347.33
D06,IS-1022,2024-01-29,204.0,2766.52
D06,IS-1022,2024-02-05,201.0,2850.23
D06,IS-1022,2024-02-12,182.0,2388.18
D06,IS-1022,2024-02-19,260.0,3445.46
D06,IS-1022,2024-02-26,190.0,2519.99
D06,IS-1022,2024-03-04,191.0,2669.3099999999995
D06,IS-1022,2024-03-11,176.0,2412.35
D06,IS-1022,2024-03-18,181.0,2564.46
D06,IS-1022,2024-03-25,203.0,2680.9399999999996
D06,IS-1022,2024-04-01,174.0,2485.3500000000004
D06,IS-1022,2024-04-08,214.0,2808.4700000000003
D06,IS-1022,2024-04-15,216.0,2953.06
D06,IS-1022,2024-04-22,158.0,2111.71
D06,IS-1022,2024-04-29,157.0,2187.52
D06,IS-1022,2024-05-06,190.0,2691.33
D06,IS-1022,2024-05-13,260.0,3562.77
D06,IS-1022,2024-05-20,264.0,3536.93
D06,IS-1022,2024-05-27,112.0,1503.74
D06,IS-1022,2024-06-03,209.0,2824.38
D06,IS-1022,2024-06-10,202.0,2789.45
D06,IS-1022,2024-06-17,175.0,2449.23
D06,IS-1022,2024-06-24,196.0,2585.59
D06,IS-1022,2024-07-01,181.0,2534.88
D06,IS-1022,2024-07-08,193.0,2685.3
D06,IS-1022,2024-07-15,194.0,2696.6600000000003
D06,IS-1022,2024-07-22,168.0,2383.09
D06,IS-1022,2024-07-29,190.0,2644.87
D06,IS-1022,2024-08-05,188.0,2552.05
D06,IS-1022,2024-08-12,215.0,2905.53
D06,IS-1022,2024-08-19,197.0,2762.4
D06,IS-1022,2024-08-26,214.0,2803.4700000000003
D06,IS-1022,2024-09-02,202.0,2663.63
D06,IS-1022,2024-09-09,230.0,3244.7799999999997
D06,IS-1022,2024-09-16,177.0,2546.37
D06,IS-1022,2024-09-23,210.0,2991.46
D06,IS-1022,2024-09-30,183.0,2619.57
D06,IS-1022,2024-10-07,226.0,3074.8399999999997
D06,IS-1022,2024-10-14,188.0,2573.11
D06,IS-1022,2024-10-21,153.0,2178.19
D06,IS-1022,2024-10-28,173.0,2465.0699999999997
D06,IS-1022,2024-11-04,169.0,2398.11
D06,IS-1022,2024-11-11,153.0,1985.31
D06,IS-1022,2024-11-18,160.0,2283.54
D06,IS-1022,2024-11-25,125.0,1641.71
D06,IS-1022,2024-12-02,156.0,2134.21
D06,IS-1022,2024-12-09,188.0,2688.54
D06,IS-1022,2024-12-16,185.0,2484.31
D06,IS-1022,2024-12-23,158.0,2247.71
D06,IS-1022,2024-12-30,180.0,2590.03
D06,IS-1022,2025-01-06,207.0,2779.1
D06,IS-1022,2025-01-13,154.0,2129.32
D06,IS-1022,2025-01-20,139.0,1979.41
D06,IS-1022,2025-01-27,174.0,2266.18
D06,IS-1022,2025-02-03,214.0,2879.25
D06,IS-1022,2025-02-10,213.0,2885.77
D06,IS-1022,2025-02-17,172.0,2247.64
D06,IS-1022,2025-02-24,200.0,2810.79
D06,IS-1022,2025-03-03,180.0,2482.06
D06,IS-1022,2025-03-10,245.0,3442.83
D06,IS-1022,2025-03-17,199.0,2632.68
D06,IS-1022,2025-03-24,146.0,2068.58
D06,IS-1022,2025-03-31,175.0,2530.54
D06,IS-1022,2025-04-07,189.0,2688.89
D06,IS-1022,2025-04-14,163.0,2188.91
D06,IS-1022,2025-04-21,197.0,2676.56
D06,IS-1022,2025-04-28,177.0,2397.2999999999997
D06,IS-1022,2025-05-05,211.0,2771.9500000000003
D06,IS-1022,2025-05-12,165.0,2275.98
D06,IS-1022,2025-05-19,185.0,2649.57
D06,IS-1022,2025-05-26,231.0,3207.81
D06,IS-1022,2025-06-02,196.0,2826.1299999999997
D06,IS-1022,2025-06-09,199.0,2730.58
D06,IS-1022,2025-06-16,167.0,2243.32
D06,IS-1022,2025-06-23,183.0,2447.0699999999997
D06,IS-1022,2025-06-30,176.0,2520.39
D06,IS-1022,2025-07-07,186.0,2636.75
D06,IS-1022,2025-07-14,269.0,3884.57
D06,IS-1022,2025-07-21,209.0,2839.29
D06,IS-1022,2025-07-28,195.0,2661.63
D06,IS-1022,2025-08-04,174.0,2406.35
D06,IS-1022,2025-08-11,169.0,2345.29
D06,IS-1022,2025-08-18,185.0,2570.23
D06,IS-1022,2025-08-25,196.0,2833.85
D06,IS-1022,2025-09-01,181.0,2547.62
D06,IS-1022,2025-09-08,160.0,2205.31
D06,IS-1022,2025-09-15,178.0,2568.43
D06,IS-1022,2025-09-22,193.0,2501.44
D06,IS-1022,2025-09-29,206.0,2714.49
D06,IS-1022,2025-10-06,200.0,2795.01
D06,IS-1022,2025-10-13,158.0,2087.0
D06,IS-1022,2025-10-20,112.0,1592.87
D06,IS-1022,2025-10-27,138.0,1802.34
D06,IS-1022,2025-11-03,137.0,1886.34
D06,IS-1022,2025-11-10,168.0,2391.3199999999997
D06,IS-1022,2025-11-17,140.0,1966.16
D06,IS-1022,2025-11-24,146.0,1980.71
D06,IS-1022,2025-12-01,153.0,2135.92
D06,IS-1022,2025-12-08,261.0,3434.58
D06,IS-1022,2025-12-15,205.0,2793.25
D06,IS-1022,2025-12-22,154.0,2174.67
D06,IS-1022,2025-12-29,215.0,2883.29
D06,IS-1022,2026-01-05,167.0,2410.38
D06,IS-1022,2026-01-12,148.0,2009.96
D06,IS-1022,2026-01-19,178.0,2405.19
D06,IS-1022,2026-01-26,146.0,1898.85
D06,IS-1022,2026-02-02,126.0,1744.7400000000002
D06,IS-1022,2026-02-09,125.0,1766.29
D06,IS-1022,2026-02-16,204.0,2711.7799999999997
D06,IS-1022,2026-02-23,171.0,2453.96
D06,IS-1022,2026-03-02,150.0,2144.4700000000003
D06,IS-1022,2026-03-09,188.0,2463.25
D06,IS-1022,2026-03-16,144.0,2061.94
D06,IS-1022,2026-03-23,155.0,2142.63
D06,IS-1022,2026-03-30,197.0,2638.95
D06,IS-1022,2026-04-06,247.0,3250.25
D06,IS-1022,2026-04-13,154.0,2161.69
D06,IS-1022,2026-04-20,160.0,2088.76
D06,IS-1022,2026-04-27,185.0,2460.33
D06,IS-1022,2026-05-04,211.0,2772.9
D06,IS-1022,2026-05-25,191.0,2667.16
D06,IS-1022,2026-06-01,202.0,2673.3
D06,IS-1022,2026-06-08,255.0,3630.4500000000003
D06,IS-1022,2026-06-15,224.0,3132.98
D06,IS-1022,2026-06-22,173.0,2288.86
D06,IS-1025,2024-01-01,136.0,1815.9099999999999
D06,IS-1025,2024-01-08,113.0,1463.18
D06,IS-1025,2024-01-15,131.0,1775.4
D06,IS-1025,2024-01-22,175.0,2263.66
D06,IS-1025,2024-01-29,124.0,1598.3600000000001
D06,IS-1025,2024-02-05,137.0,1935.19
D06,IS-1025,2024-02-12,151.0,2142.01
D06,IS-1025,2024-02-19,127.0,1686.56
D06,IS-1025,2024-02-26,207.0,2701.21
D06,IS-1025,2024-03-04,139.0,1964.53
D06,IS-1025,2024-03-11,172.0,2202.6
D06,IS-1025,2024-03-18,164.0,2165.01
D06,IS-1025,2024-03-25,166.0,2301.8900000000003
D06,IS-1025,2024-04-01,165.0,2261.35
D06,IS-1025,2024-04-08,119.0,1577.54
D06,IS-1025,2024-04-15,123.0,1747.6399999999999
D06,IS-1025,2024-04-22,193.0,2721.0299999999997
D06,IS-1025,2024-04-29,133.0,1783.81
D06,IS-1025,2024-05-06,205.0,2738.0800000000004
D06,IS-1025,2024-05-13,127.0,1637.6799999999998
D06,IS-1025,2024-05-20,148.0,1943.97
D06,IS-1025,2024-05-27,161.0,2148.08
D06,IS-1025,2024-06-03,149.0,2044.49
D06,IS-1025,2024-06-10,177.0,2311.97
D06,IS-1025,2024-06-17,212.0,2788.91
D06,IS-1025,2024-06-24,141.0,1916.74
D06,IS-1025,2024-07-01,136.0,1924.97
D06,IS-1025,2024-07-08,167.0,2345.29
D06,IS-1025,2024-07-15,167.0,2238.18
D06,IS-1025,2024-07-22,134.0,1866.0
D06,IS-1025,2024-07-29,199.0,2783.33
D06,IS-1025,2024-08-05,136.0,1730.73
D06,IS-1025,2024-08-12,169.0,2170.35
D06,IS-1025,2024-08-19,151.0,2036.42
D06,IS-1025,2024-08-26,174.0,2268.36
D06,IS-1025,2024-09-02,127.0,1648.96
D06,IS-1025,2024-09-09,160.0,2175.73
D06,IS-1025,2024-09-16,107.0,1455.76
D06,IS-1025,2024-09-23,141.0,1959.93
D06,IS-1025,2024-09-30,129.0,1680.74
D06,IS-1025,2024-10-07,150.0,2074.6
D06,IS-1025,2024-10-14,184.0,2529.41
D06,IS-1025,2024-10-21,122.0,1739.69
D06,IS-1025,2024-10-28,143.0,1903.1
D06,IS-1025,2024-11-04,126.0,1633.4699999999998
D06,IS-1025,2024-11-11,167.0,2319.23
D06,IS-1025,2024-11-18,142.0,1851.08
D06,IS-1025,2024-11-25,126.0,1786.8899999999999
D06,IS-1025,2024-12-02,150.0,1972.85
D06,IS-1025,2024-12-09,113.0,1594.69
D06,IS-1025,2024-12-16,138.0,1769.49
D06,IS-1025,2024-12-23,129.0,1797.6000000000001
D06,IS-1025,2024-12-30,148.0,1962.62
D06,IS-1025,2025-01-06,100.0,1277.48
D06,IS-1025,2025-01-13,120.0,1555.9
D06,IS-1025,2025-01-20,129.0,1775.0400000000002
D06,IS-1025,2025-01-27,108.0,1378.24
D06,IS-1025,2025-02-03,105.0,1402.53
D06,IS-1025,2025-02-10,163.0,2167.1000000000004
D06,IS-1025,2025-02-17,135.0,1823.42
D06,IS-1025,2025-02-24,172.0,2366.77
D06,IS-1025,2025-03-03,141.0,1940.02
D06,IS-1025,2025-03-10,170.0,2279.02
D06,IS-1025,2025-03-17,121.0,1677.25
D06,IS-1025,2025-03-24,160.0,2124.44
D06,IS-1025,2025-03-31,117.0,1512.0
D06,IS-1025,2025-04-07,156.0,2005.95
D06,IS-1025,2025-04-14,207.0,2680.69
D06,IS-1025,2025-04-21,141.0,1936.3
D06,IS-1025,2025-04-28,156.0,2172.26
D06,IS-1025,2025-05-05,144.0,1889.72
D06,IS-1025,2025-05-12,159.0,2167.1800000000003
D06,IS-1025,2025-05-19,149.0,2052.89
D06,IS-1025,2025-05-26,216.0,3036.15
D06,IS-1025,2025-06-02,159.0,2219.34
D06,IS-1025,2025-06-09,132.0,1879.4
D06,IS-1025,2025-06-16,137.0,1753.83
D06,IS-1025,2025-06-23,185.0,2590.33
D06,IS-1025,2025-06-30,143.0,1844.69
D06,IS-1025,2025-07-07,180.0,2415.7200000000003
D06,IS-1025,2025-07-14,171.0,2234.83
D06,IS-1025,2025-07-21,139.0,1978.5
D06,IS-1025,2025-07-28,133.0,1733.09
D06,IS-1025,2025-08-04,157.0,2180.11
D06,IS-1025,2025-08-11,122.0,1674.44
D06,IS-1025,2025-08-18,170.0,2361.04
D06,IS-1025,2025-08-25,128.0,1789.8300000000002
D06,IS-1025,2025-09-01,136.0,1770.9
D06,IS-1025,2025-09-08,146.0,1879.79
D06,IS-1025,2025-09-15,145.0,1982.1299999999999
D06,IS-1025,2025-09-22,117.0,1545.9499999999998
D06,IS-1025,2025-09-29,100.0,1385.33
D06,IS-1025,2025-10-06,121.0,1609.26
D06,IS-1025,2025-10-13,138.0,1823.78
D06,IS-1025,2025-10-20,151.0,1957.3600000000001
D06,IS-1025,2025-10-27,104.0,1345.64
D06,IS-1025,2025-11-03,127.0,1711.67
D06,IS-1025,2025-11-10,100.0,1283.46
D06,IS-1025,2025-11-17,89.0,1248.18
D06,IS-1025,2025-11-24,177.0,2483.16
D06,IS-1025,2025-12-01,118.0,1542.26
D06,IS-1025,2025-12-08,130.0,1760.48
D06,IS-1025,2025-12-15,143.0,1948.4499999999998
D06,IS-1025,2025-12-22,167.0,2257.2
D06,IS-1025,2025-12-29,124.0,1692.76
D06,IS-1025,2026-01-05,115.0,1476.73
D06,IS-1025,2026-01-12,118.0,1512.06
D06,IS-1025,2026-01-19,125.0,1659.43
D06,IS-1025,2026-01-26,131.0,1844.16
D06,IS-1025,2026-02-02,133.0,1742.76
D06,IS-1025,2026-02-09,122.0,1607.75
D06,IS-1025,2026-02-16,115.0,1512.2
D06,IS-1025,2026-02-23,175.0,2349.53
D06,IS-1025,2026-03-02,137.0,1799.9499999999998
D06,IS-1025,2026-03-09,122.0,1703.26
D06,IS-1025,2026-03-16,105.0,1351.07
D06,IS-1025,2026-03-23,147.0,2050.45
D06,IS-1025,2026-03-30,139.0,1809.02
D06,IS-1025,2026-04-06,127.0,1762.8
D06,IS-1025,2026-04-13,165.0,2288.77
D06,IS-1025,2026-04-20,123.0,1684.98
D06,IS-1025,2026-04-27,152.0,1934.0299999999997
D06,IS-1025,2026-05-04,162.0,2097.4
D06,IS-1025,2026-05-25,147.0,1928.0
D06,IS-1025,2026-06-01,167.0,2325.66
D06,IS-1025,2026-06-08,171.0,2220.71
D06,IS-1025,2026-06-15,106.0,1424.28
D06,IS-1025,2026-06-22,164.0,2287.08
D06,IS-1026,2024-01-01,65.0,489.45
D06,IS-1026,2024-01-08,53.0,403.98
D06,IS-1026,2024-01-15,62.0,428.45
D06,IS-1026,2024-01-22,52.0,372.32
D06,IS-1026,2024-01-29,54.0,396.46
D06,IS-1026,2024-02-05,77.0,558.08
D06,IS-1026,2024-02-12,61.0,463.21
D06,IS-1026,2024-02-19,63.0,443.44
D06,IS-1026,2024-02-26,52.0,398.49
D06,IS-1026,2024-03-04,57.0,434.08
D06,IS-1026,2024-03-11,56.0,422.16999999999996
D06,IS-1026,2024-03-18,64.0,469.16999999999996
D06,IS-1026,2024-03-25,62.0,433.36
D06,IS-1026,2024-04-01,65.0,470.42
D06,IS-1026,2024-04-08,75.0,570.4399999999999
D06,IS-1026,2024-04-15,87.0,655.31
D06,IS-1026,2024-04-22,76.0,576.49
D06,IS-1026,2024-04-29,61.0,465.70000000000005
D06,IS-1026,2024-05-06,59.0,433.64
D06,IS-1026,2024-05-13,62.0,447.37
D06,IS-1026,2024-05-20,74.0,522.14
D06,IS-1026,2024-05-27,85.0,629.65
D06,IS-1026,2024-06-03,84.0,594.8
D06,IS-1026,2024-06-10,100.0,702.07
D06,IS-1026,2024-06-17,72.0,503.71999999999997
D06,IS-1026,2024-06-24,67.0,483.64
D06,IS-1026,2024-07-01,72.0,511.5
D06,IS-1026,2024-07-08,55.0,388.72
D06,IS-1026,2024-07-15,72.0,514.95
D06,IS-1026,2024-07-22,68.0,508.81999999999994
D06,IS-1026,2024-07-29,59.0,432.25
D06,IS-1026,2024-08-05,86.0,597.49
D06,IS-1026,2024-08-12,63.0,478.49
D06,IS-1026,2024-08-19,65.0,473.17
D06,IS-1026,2024-08-26,55.0,418.2
D06,IS-1026,2024-09-02,70.0,531.4
D06,IS-1026,2024-09-09,91.0,632.3
D06,IS-1026,2024-09-16,69.0,489.06
D06,IS-1026,2024-09-23,78.0,538.4100000000001
D06,IS-1026,2024-09-30,59.0,429.62
D06,IS-1026,2024-10-07,72.0,515.84
D06,IS-1026,2024-10-14,58.0,412.13
D06,IS-1026,2024-10-21,54.0,387.74
D06,IS-1026,2024-10-28,68.0,483.28999999999996
D06,IS-1026,2024-11-04,78.0,554.86
D06,IS-1026,2024-11-11,55.0,387.02
D06,IS-1026,2024-11-18,65.0,454.87
D06,IS-1026,2024-11-25,46.0,334.16
D06,IS-1026,2024-12-02,52.0,388.55
D06,IS-1026,2024-12-09,91.0,654.01
D06,IS-1026,2024-12-16,57.0,433.96
D06,IS-1026,2024-12-23,56.0,426.37
D06,IS-1026,2024-12-30,68.0,473.63
D06,IS-1026,2025-01-06,53.0,364.33
D06,IS-1026,2025-01-13,68.0,523.28
D06,IS-1026,2025-01-20,69.0,503.24
D06,IS-1026,2025-01-27,60.0,418.85
D06,IS-1026,2025-02-03,79.0,541.82
D06,IS-1026,2025-02-10,50.0,362.87
D06,IS-1026,2025-02-17,61.0,440.48
D06,IS-1026,2025-02-24,79.0,568.23
D06,IS-1026,2025-03-03,75.0,541.98
D06,IS-1026,2025-03-10,61.0,434.36
D06,IS-1026,2025-03-17,60.0,434.59000000000003
D06,IS-1026,2025-03-24,69.0,515.66
D06,IS-1026,2025-03-31,50.0,371.9
D06,IS-1026,2025-04-07,68.0,479.93999999999994
D06,IS-1026,2025-04-14,71.0,492.15000000000003
D06,IS-1026,2025-04-21,61.0,469.66
D06,IS-1026,2025-04-28,69.0,525.64
D06,IS-1026,2025-05-05,69.0,487.0
D06,IS-1026,2025-05-12,56.0,413.65
D06,IS-1026,2025-05-19,69.0,475.94
D06,IS-1026,2025-05-26,56.0,413.0
D06,IS-1026,2025-06-02,63.0,478.0
D06,IS-1026,2025-06-09,65.0,488.64
D06,IS-1026,2025-06-16,87.0,634.11
D06,IS-1026,2025-06-23,79.0,592.8299999999999
D06,IS-1026,2025-06-30,87.0,631.88
D06,IS-1026,2025-07-07,63.0,452.11
D06,IS-1026,2025-07-14,66.0,488.37
D06,IS-1026,2025-07-21,71.0,496.09
D06,IS-1026,2025-07-28,69.0,488.9
D06,IS-1026,2025-08-04,79.0,580.0
D06,IS-1026,2025-08-11,74.0,532.77
D06,IS-1026,2025-08-18,76.0,553.16
D06,IS-1026,2025-08-25,62.0,454.24
D06,IS-1026,2025-09-01,72.0,546.09
D06,IS-1026,2025-09-08,59.0,439.74
D06,IS-1026,2025-09-15,91.0,671.54
D06,IS-1026,2025-09-22,60.0,417.86
D06,IS-1026,2025-09-29,63.0,470.18
D06,IS-1026,2025-10-06,69.0,528.74
D06,IS-1026,2025-10-13,87.0,638.2
D06,IS-1026,2025-10-20,71.0,495.02
D06,IS-1026,2025-10-27,53.0,388.28
D06,IS-1026,2025-11-03,70.0,517.36
D06,IS-1026,2025-11-10,47.0,351.2
D06,IS-1026,2025-11-17,55.0,411.53
D06,IS-1026,2025-11-24,52.0,382.42
D06,IS-1026,2025-12-01,55.0,387.51
D06,IS-1026,2025-12-08,66.0,479.66
D06,IS-1026,2025-12-15,69.0,522.87
D06,IS-1026,2025-12-22,71.0,518.7
D06,IS-1026,2025-12-29,55.0,394.29999999999995
D06,IS-1026,2026-01-05,48.0,364.23
D06,IS-1026,2026-01-12,64.0,487.81
D06,IS-1026,2026-01-19,62.0,455.88000000000005
D06,IS-1026,2026-01-26,46.0,343.87
D06,IS-1026,2026-02-02,58.0,440.11
D06,IS-1026,2026-02-09,53.0,372.44
D06,IS-1026,2026-02-16,45.0,340.17999999999995
D06,IS-1026,2026-02-23,65.0,473.07
D06,IS-1026,2026-03-02,58.0,411.94
D06,IS-1026,2026-03-09,59.0,437.56
D06,IS-1026,2026-03-16,66.0,506.91999999999996
D06,IS-1026,2026-03-23,49.0,341.15
D06,IS-1026,2026-03-30,56.0,421.39
D06,IS-1026,2026-04-06,70.0,533.79
D06,IS-1026,2026-04-13,74.0,563.5999999999999
D06,IS-1026,2026-04-20,84.0,598.29
D06,IS-1026,2026-04-27,71.0,507.33000000000004
D06,IS-1026,2026-05-04,76.0,574.88
D06,IS-1026,2026-05-25,60.0,451.39
D06,IS-1026,2026-06-01,64.0,470.22
D06,IS-1026,2026-06-08,70.0,503.27
D06,IS-1026,2026-06-15,71.0,530.15
D06,IS-1026,2026-06-22,59.0,428.22
D06,IS-1027,2024-01-01,321.0,4761.41
D06,IS-1027,2024-01-08,292.0,4113.41
D06,IS-1027,2024-01-15,358.0,5251.23
D06,IS-1027,2024-01-22,303.0,4608.92
D06,IS-1027,2024-01-29,371.0,5473.36
D06,IS-1027,2024-02-05,360.0,5438.34
D06,IS-1027,2024-02-12,350.0,5157.38
D06,IS-1027,2024-02-19,336.0,5126.7
D06,IS-1027,2024-02-26,319.0,4569.93
D06,IS-1027,2024-03-04,332.0,4816.610000000001
D06,IS-1027,2024-03-11,348.0,5174.97
D06,IS-1027,2024-03-18,395.0,5993.1900000000005
D06,IS-1027,2024-03-25,362.0,5588.15
D06,IS-1027,2024-04-01,325.0,4660.47
D06,IS-1027,2024-04-08,403.0,5914.11
D06,IS-1027,2024-04-15,339.0,5040.43
D06,IS-1027,2024-04-22,456.0,6856.93
D06,IS-1027,2024-04-29,400.0,5866.66
D06,IS-1027,2024-05-06,458.0,6847.16
D06,IS-1027,2024-05-13,373.0,5499.59
D06,IS-1027,2024-05-20,414.0,6438.12
D06,IS-1027,2024-05-27,375.0,5791.38
D06,IS-1027,2024-06-03,346.0,5216.28
D06,IS-1027,2024-06-10,420.0,6086.95
D06,IS-1027,2024-06-17,347.0,5080.08
D06,IS-1027,2024-06-24,346.0,5107.48
D06,IS-1027,2024-07-01,292.0,4324.2
D06,IS-1027,2024-07-08,459.0,7149.35
D06,IS-1027,2024-07-15,354.0,5237.47
D06,IS-1027,2024-07-22,350.0,5322.24
D06,IS-1027,2024-07-29,340.0,4809.61
D06,IS-1027,2024-08-05,346.0,4924.14
D06,IS-1027,2024-08-12,328.0,5126.17
D06,IS-1027,2024-08-19,305.0,4539.71
D06,IS-1027,2024-08-26,392.0,6111.5599999999995
D06,IS-1027,2024-09-02,322.0,4919.66
D06,IS-1027,2024-09-09,407.0,5791.01
D06,IS-1027,2024-09-16,353.0,4993.56
D06,IS-1027,2024-09-23,252.0,3795.54
D06,IS-1027,2024-09-30,373.0,5593.36
D06,IS-1027,2024-10-07,338.0,5227.87
D06,IS-1027,2024-10-14,338.0,4912.08
D06,IS-1027,2024-10-21,367.0,5707.01
D06,IS-1027,2024-10-28,290.0,4169.639999999999
D06,IS-1027,2024-11-04,395.0,5999.86
D06,IS-1027,2024-11-11,306.0,4323.85
D06,IS-1027,2024-11-18,414.0,5818.719999999999
D06,IS-1027,2024-11-25,269.0,4020.01
D06,IS-1027,2024-12-02,274.0,4019.48
D06,IS-1027,2024-12-09,329.0,4687.96
D06,IS-1027,2024-12-16,338.0,5050.26
D06,IS-1027,2024-12-23,316.0,4583.04
D06,IS-1027,2024-12-30,328.0,4644.25
D06,IS-1027,2025-01-06,369.0,5605.88
D06,IS-1027,2025-01-13,309.0,4400.129999999999
D06,IS-1027,2025-01-20,276.0,4196.46
D06,IS-1027,2025-01-27,402.0,6118.71
D06,IS-1027,2025-02-03,391.0,5612.780000000001
D06,IS-1027,2025-02-10,385.0,5893.9
D06,IS-1027,2025-02-17,277.0,4229.88
D06,IS-1027,2025-02-24,295.0,4187.24
D06,IS-1027,2025-03-03,366.0,5356.34
D06,IS-1027,2025-03-10,447.0,6639.04
D06,IS-1027,2025-03-17,430.0,6663.62
D06,IS-1027,2025-03-24,338.0,5105.66
D06,IS-1027,2025-03-31,309.0,4676.76
D06,IS-1027,2025-04-07,300.0,4625.01
D06,IS-1027,2025-04-14,339.0,5298.139999999999
D06,IS-1027,2025-04-21,539.0,8352.55
D06,IS-1027,2025-04-28,307.0,4685.6900000000005
D06,IS-1027,2025-05-05,360.0,5597.35
D06,IS-1027,2025-05-12,320.0,4748.4800000000005
D06,IS-1027,2025-05-19,377.0,5612.54
D06,IS-1027,2025-05-26,275.0,4224.66
D06,IS-1027,2025-06-02,304.0,4676.97
D06,IS-1027,2025-06-09,312.0,4844.22
D06,IS-1027,2025-06-16,301.0,4700.97
D06,IS-1027,2025-06-23,316.0,4736.6
D06,IS-1027,2025-06-30,359.0,5596.35
D06,IS-1027,2025-07-07,439.0,6345.7
D06,IS-1027,2025-07-14,342.0,5211.76
D06,IS-1027,2025-07-21,313.0,4538.0599999999995
D06,IS-1027,2025-07-28,376.0,5303.67
D06,IS-1027,2025-08-04,403.0,5691.8
D06,IS-1027,2025-08-11,288.0,4180.16
D06,IS-1027,2025-08-18,301.0,4517.65
D06,IS-1027,2025-08-25,303.0,4369.01
D06,IS-1027,2025-09-01,320.0,4564.11
D06,IS-1027,2025-09-08,321.0,4543.81
D06,IS-1027,2025-09-15,334.0,5108.01
D06,IS-1027,2025-09-22,307.0,4404.45
D06,IS-1027,2025-09-29,349.0,4945.29
D06,IS-1027,2025-10-06,303.0,4333.32
D06,IS-1027,2025-10-13,248.0,3617.91
D06,IS-1027,2025-10-20,340.0,5113.92
D06,IS-1027,2025-10-27,273.0,4180.88
D06,IS-1027,2025-11-03,288.0,4426.85
D06,IS-1027,2025-11-10,344.0,4847.31
D06,IS-1027,2025-11-17,324.0,4856.08
D06,IS-1027,2025-11-24,281.0,4260.39
D06,IS-1027,2025-12-01,362.0,5196.55
D06,IS-1027,2025-12-08,358.0,5104.55
D06,IS-1027,2025-12-15,250.0,3542.7200000000003
D06,IS-1027,2025-12-22,198.0,2861.37
D06,IS-1027,2025-12-29,305.0,4559.9
D06,IS-1027,2026-01-05,300.0,4469.17
D06,IS-1027,2026-01-12,352.0,5474.93
D06,IS-1027,2026-01-19,386.0,5912.71
D06,IS-1027,2026-01-26,398.0,5694.62
D06,IS-1027,2026-02-02,430.0,6409.070000000001
D06,IS-1027,2026-02-09,273.0,4080.91
D06,IS-1027,2026-02-16,404.0,5712.85
D06,IS-1027,2026-02-23,255.0,3607.42
D06,IS-1027,2026-03-02,224.0,3470.14
D06,IS-1027,2026-03-09,276.0,4027.6499999999996
D06,IS-1027,2026-03-16,343.0,4849.86
D06,IS-1027,2026-03-23,364.0,5327.639999999999
D06,IS-1027,2026-03-30,325.0,5088.95
D06,IS-1027,2026-04-06,344.0,5045.1
D06,IS-1027,2026-04-13,361.0,5255.09
D06,IS-1027,2026-04-20,354.0,5342.84
D06,IS-1027,2026-04-27,304.0,4380.219999999999
D06,IS-1027,2026-05-04,368.0,5479.83
D06,IS-1027,2026-05-25,300.0,4310.81
D06,IS-1027,2026-06-01,478.0,7467.92
D06,IS-1027,2026-06-08,373.0,5303.650000000001
D06,IS-1027,2026-06-15,355.0,5336.07
D06,IS-1027,2026-06-22,469.0,6840.74
D06,IS-1028,2024-01-01,307.0,4157.59
D06,IS-1028,2024-01-08,298.0,4013.1000000000004
D06,IS-1028,2024-01-15,328.0,4763.389999999999
D06,IS-1028,2024-01-22,344.0,4778.18
D06,IS-1028,2024-01-29,350.0,4791.99
D06,IS-1028,2024-02-05,286.0,3864.25
D06,IS-1028,2024-02-12,338.0,4763.82
D06,IS-1028,2024-02-19,287.0,3753.92
D06,IS-1028,2024-02-26,332.0,4586.94
D06,IS-1028,2024-03-04,376.0,5242.97
D06,IS-1028,2024-03-11,377.0,5270.18
D06,IS-1028,2024-03-18,472.0,6361.3099999999995
D06,IS-1028,2024-03-25,329.0,4484.04
D06,IS-1028,2024-04-01,421.0,6074.84
D06,IS-1028,2024-04-08,491.0,7090.31
D06,IS-1028,2024-04-15,518.0,7120.049999999999
D06,IS-1028,2024-04-22,432.0,6250.5599999999995
D06,IS-1028,2024-04-29,302.0,4376.61
D06,IS-1028,2024-05-06,323.0,4510.38
D06,IS-1028,2024-05-13,331.0,4392.62
D06,IS-1028,2024-05-20,386.0,5549.96
D06,IS-1028,2024-05-27,506.0,7336.01
D06,IS-1028,2024-06-03,372.0,5138.74
D06,IS-1028,2024-06-10,340.0,4742.389999999999
D06,IS-1028,2024-06-17,458.0,6297.6
D06,IS-1028,2024-06-24,354.0,4648.46
D06,IS-1028,2024-07-01,442.0,6184.52
D06,IS-1028,2024-07-08,358.0,5079.32
D06,IS-1028,2024-07-15,432.0,5720.1
D06,IS-1028,2024-07-22,390.0,5088.55
D06,IS-1028,2024-07-29,356.0,4648.6
D06,IS-1028,2024-08-05,298.0,4084.7
D06,IS-1028,2024-08-12,369.0,5286.23
D06,IS-1028,2024-08-19,300.0,3935.3
D06,IS-1028,2024-08-26,381.0,5052.02
D06,IS-1028,2024-09-02,411.0,5617.01
D06,IS-1028,2024-09-09,385.0,5564.62
D06,IS-1028,2024-09-16,347.0,4722.02
D06,IS-1028,2024-09-23,343.0,4874.66
D06,IS-1028,2024-09-30,382.0,5391.33
D06,IS-1028,2024-10-07,310.0,4414.29
D06,IS-1028,2024-10-14,346.0,5033.51
D06,IS-1028,2024-10-21,271.0,3632.45
D06,IS-1028,2024-10-28,296.0,3914.57
D06,IS-1028,2024-11-04,341.0,4510.11
D06,IS-1028,2024-11-11,267.0,3585.6
D06,IS-1028,2024-11-18,334.0,4823.95
D06,IS-1028,2024-11-25,356.0,4865.49
D06,IS-1028,2024-12-02,290.0,4110.79
D06,IS-1028,2024-12-09,339.0,4731.43
D06,IS-1028,2024-12-16,262.0,3509.99
D06,IS-1028,2024-12-23,344.0,4830.74
D06,IS-1028,2024-12-30,301.0,4262.81
D06,IS-1028,2025-01-06,280.0,3693.8
D06,IS-1028,2025-01-13,308.0,4045.18
D06,IS-1028,2025-01-20,273.0,3807.08
D06,IS-1028,2025-01-27,368.0,4857.67
D06,IS-1028,2025-02-03,337.0,4482.049999999999
D06,IS-1028,2025-02-10,389.0,5254.8
D06,IS-1028,2025-02-17,256.0,3374.83
D06,IS-1028,2025-02-24,386.0,5565.15
D06,IS-1028,2025-03-03,267.0,3750.28
D06,IS-1028,2025-03-10,341.0,4450.71
D06,IS-1028,2025-03-17,496.0,6749.06
D06,IS-1028,2025-03-24,275.0,3913.07
D06,IS-1028,2025-03-31,352.0,4938.24
D06,IS-1028,2025-04-07,302.0,4118.0599999999995
D06,IS-1028,2025-04-14,326.0,4351.13
D06,IS-1028,2025-04-21,309.0,4225.69
D06,IS-1028,2025-04-28,242.0,3169.07
D06,IS-1028,2025-05-05,391.0,5341.91
D06,IS-1028,2025-05-12,364.0,5076.83
D06,IS-1028,2025-05-19,316.0,4593.13
D06,IS-1028,2025-05-26,440.0,5983.54
D06,IS-1028,2025-06-02,395.0,5255.48
D06,IS-1028,2025-06-09,364.0,5014.42
D06,IS-1028,2025-06-16,394.0,5212.3
D06,IS-1028,2025-06-23,393.0,5215.03
D06,IS-1028,2025-06-30,359.0,5056.84
D06,IS-1028,2025-07-07,384.0,5397.08
D06,IS-1028,2025-07-14,371.0,5353.51
D06,IS-1028,2025-07-21,336.0,4458.42
D06,IS-1028,2025-07-28,317.0,4393.889999999999
D06,IS-1028,2025-08-04,315.0,4371.35
D06,IS-1028,2025-08-11,302.0,3989.58
D06,IS-1028,2025-08-18,335.0,4780.78
D06,IS-1028,2025-08-25,367.0,5011.02
D06,IS-1028,2025-09-01,386.0,5259.389999999999
D06,IS-1028,2025-09-08,344.0,4870.3099999999995
D06,IS-1028,2025-09-15,389.0,5450.15
D06,IS-1028,2025-09-22,275.0,3826.11
D06,IS-1028,2025-09-29,379.0,5015.12
D06,IS-1028,2025-10-06,371.0,5333.8
D06,IS-1028,2025-10-13,257.0,3707.16
D06,IS-1028,2025-10-20,264.0,3689.83
D06,IS-1028,2025-10-27,283.0,3714.62
D06,IS-1028,2025-11-03,334.0,4611.83
D06,IS-1028,2025-11-10,220.0,2875.04
D06,IS-1028,2025-11-17,320.0,4266.16
D06,IS-1028,2025-11-24,334.0,4367.2
D06,IS-1028,2025-12-01,404.0,5383.37
D06,IS-1028,2025-12-08,383.0,5476.9
D06,IS-1028,2025-12-15,288.0,3789.2000000000003
D06,IS-1028,2025-12-22,280.0,3919.82
D06,IS-1028,2025-12-29,366.0,5116.98
D06,IS-1028,2026-01-05,375.0,5142.54
D06,IS-1028,2026-01-12,339.0,4632.469999999999
D06,IS-1028,2026-01-19,262.0,3710.89
D06,IS-1028,2026-01-26,316.0,4365.39
D06,IS-1028,2026-02-02,294.0,3860.16
D06,IS-1028,2026-02-09,269.0,3709.79
D06,IS-1028,2026-02-16,341.0,4945.910000000001
D06,IS-1028,2026-02-23,288.0,4128.5
D06,IS-1028,2026-03-02,470.0,6544.82
D06,IS-1028,2026-03-09,288.0,3938.47
D06,IS-1028,2026-03-16,239.0,3456.49
D06,IS-1028,2026-03-23,355.0,4899.12
D06,IS-1028,2026-03-30,438.0,5850.96
D06,IS-1028,2026-04-06,361.0,5089.96
D06,IS-1028,2026-04-13,328.0,4363.66
D06,IS-1028,2026-04-20,305.0,3998.2599999999998
D06,IS-1028,2026-04-27,291.0,4151.68
D06,IS-1028,2026-05-04,333.0,4665.33
D06,IS-1028,2026-05-25,361.0,5005.66
D06,IS-1028,2026-06-01,375.0,5265.99
D06,IS-1028,2026-06-08,325.0,4412.280000000001
D06,IS-1028,2026-06-15,361.0,4796.3099999999995
D06,IS-1028,2026-06-22,429.0,5714.92
D06,LD-1036,2024-01-01,1889.0,540.62
D06,LD-1036,2024-01-08,1853.0,529.87
D06,LD-1036,2024-01-15,1976.0,554.81
D06,LD-1036,2024-01-22,1834.0,534.1
D06,LD-1036,2024-01-29,1677.0,493.94
D06,LD-1036,2024-02-05,2026.0,618.79
D06,LD-1036,2024-02-12,2490.0,694.4
D06,LD-1036,2024-02-19,2174.0,644.14
D06,LD-1036,2024-02-26,1666.0,484.07000000000005
D06,LD-1036,2024-03-04,2081.0,577.94
D06,LD-1036,2024-03-11,2379.0,701.04
D06,LD-1036,2024-03-18,2041.0,604.0600000000001
D06,LD-1036,2024-03-25,2170.0,609.22
D06,LD-1036,2024-04-01,3634.0,1059.8600000000001
D06,LD-1036,2024-04-08,2847.0,836.29
D06,LD-1036,2024-04-15,2172.0,604.99
D06,LD-1036,2024-04-22,2440.0,750.13
D06,LD-1036,2024-04-29,2130.0,597.08
D06,LD-1036,2024-05-06,2120.0,612.98
D06,LD-1036,2024-05-13,2575.0,726.2
D06,LD-1036,2024-05-20,2577.0,729.0799999999999
D06,LD-1036,2024-05-27,2481.0,722.1700000000001
D06,LD-1036,2024-06-03,2177.0,616.9
D06,LD-1036,2024-06-10,2968.0,828.77
D06,LD-1036,2024-06-17,1909.0,588.39
D06,LD-1036,2024-06-24,2282.0,657.21
D06,LD-1036,2024-07-01,1887.0,548.24
D06,LD-1036,2024-07-08,2273.0,669.86
D06,LD-1036,2024-07-15,2128.0,610.77
D06,LD-1036,2024-07-22,2715.0,773.58
D06,LD-1036,2024-07-29,2197.0,674.28
D06,LD-1036,2024-08-05,2691.0,807.97
D06,LD-1036,2024-08-12,2106.0,593.85
D06,LD-1036,2024-08-19,1996.0,578.06
D06,LD-1036,2024-08-26,2268.0,698.67
D06,LD-1036,2024-09-02,1538.0,436.95
D06,LD-1036,2024-09-09,1984.0,567.02
D06,LD-1036,2024-09-16,2137.0,616.05
D06,LD-1036,2024-09-23,2881.0,867.1500000000001
D06,LD-1036,2024-09-30,2234.0,664.43
D06,LD-1036,2024-10-07,1534.0,425.54999999999995
D06,LD-1036,2024-10-14,1801.0,503.08
D06,LD-1036,2024-10-21,1671.0,474.15
D06,LD-1036,2024-10-28,2104.0,614.49
D06,LD-1036,2024-11-04,2244.0,694.18
D06,LD-1036,2024-11-11,1551.0,442.08
D06,LD-1036,2024-11-18,2299.0,659.71
D06,LD-1036,2024-11-25,1683.0,500.61
D06,LD-1036,2024-12-02,1685.0,483.66
D06,LD-1036,2024-12-09,1602.0,464.9
D06,LD-1036,2024-12-16,1764.0,522.99
D06,LD-1036,2024-12-23,1932.0,563.46
D06,LD-1036,2024-12-30,2310.0,697.4699999999999
D06,LD-1036,2025-01-06,1600.0,467.96
D06,LD-1036,2025-01-13,1620.0,488.65
D06,LD-1036,2025-01-20,2246.0,624.18
D06,LD-1036,2025-01-27,1882.0,556.85
D06,LD-1036,2025-02-03,1799.0,507.78
D06,LD-1036,2025-02-10,2080.0,636.72
D06,LD-1036,2025-02-17,1867.0,550.32
D06,LD-1036,2025-02-24,1779.0,502.57
D06,LD-1036,2025-03-03,1974.0,559.39
D06,LD-1036,2025-03-10,2160.0,627.67
D06,LD-1036,2025-03-17,1780.0,505.56
D06,LD-1036,2025-03-24,2470.0,696.67
D06,LD-1036,2025-03-31,2092.0,598.29
D06,LD-1036,2025-04-07,2101.0,597.6
D06,LD-1036,2025-04-14,1993.0,569.11
D06,LD-1036,2025-04-21,2060.0,621.34
D06,LD-1036,2025-04-28,1967.0,577.68
D06,LD-1036,2025-05-05,2626.0,799.49
D06,LD-1036,2025-05-12,2279.0,686.62
D06,LD-1036,2025-05-19,2076.0,590.5699999999999
D06,LD-1036,2025-05-26,1971.0,604.14
D06,LD-1036,2025-06-02,2090.0,614.86
D06,LD-1036,2025-06-09,2412.0,679.76
D06,LD-1036,2025-06-16,2123.0,595.17
D06,LD-1036,2025-06-23,2162.0,619.4699999999999
D06,LD-1036,2025-06-30,2270.0,641.6800000000001
D06,LD-1036,2025-07-07,2043.0,617.08
D06,LD-1036,2025-07-14,2177.0,637.67
D06,LD-1036,2025-07-21,2992.0,863.84
D06,LD-1036,2025-07-28,2246.0,638.4
D06,LD-1036,2025-08-04,2241.0,654.65
D06,LD-1036,2025-08-11,1926.0,535.59
D06,LD-1036,2025-08-18,2429.0,721.12
D06,LD-1036,2025-08-25,1919.0,581.71
D06,LD-1036,2025-09-01,2200.0,625.8
D06,LD-1036,2025-09-08,1520.0,468.58
D06,LD-1036,2025-09-15,1822.0,510.08
D06,LD-1036,2025-09-22,1871.0,558.04
D06,LD-1036,2025-09-29,1924.0,571.48
D06,LD-1036,2025-10-06,1876.0,562.27
D06,LD-1036,2025-10-13,2374.0,729.42
D06,LD-1036,2025-10-20,1944.0,568.99
D06,LD-1036,2025-10-27,2342.0,724.08
D06,LD-1036,2025-11-03,1683.0,507.0
D06,LD-1036,2025-11-10,1605.0,481.12
D06,LD-1036,2025-11-17,2401.0,674.6
D06,LD-1036,2025-11-24,1670.0,486.27
D06,LD-1036,2025-12-01,1992.0,601.41
D06,LD-1036,2025-12-08,1835.0,561.92
D06,LD-1036,2025-12-15,1610.0,472.53
D06,LD-1036,2025-12-22,1557.0,455.52
D06,LD-1036,2025-12-29,1695.0,493.89
D06,LD-1036,2026-01-05,1804.0,521.67
D06,LD-1036,2026-01-12,2061.0,599.86
D06,LD-1036,2026-01-19,1970.0,554.1
D06,LD-1036,2026-01-26,1866.0,524.58
D06,LD-1036,2026-02-02,2311.0,666.52
D06,LD-1036,2026-02-09,2435.0,742.4200000000001
D06,LD-1036,2026-02-16,2063.0,591.3499999999999
D06,LD-1036,2026-02-23,1893.0,569.13
D06,LD-1036,2026-03-02,2049.0,621.44
D06,LD-1036,2026-03-09,2155.0,615.37
D06,LD-1036,2026-03-16,1683.0,518.26
D06,LD-1036,2026-03-23,2092.0,594.68
D06,LD-1036,2026-03-30,2144.0,628.36
D06,LD-1036,2026-04-06,1851.0,549.42
D06,LD-1036,2026-04-13,1994.0,597.03
D06,LD-1036,2026-04-20,1951.0,552.0
D06,LD-1036,2026-04-27,2635.0,792.52
D06,LD-1036,2026-05-04,1838.0,525.1800000000001
D06,LD-1036,2026-05-25,2203.0,658.84
D06,LD-1036,2026-06-01,2756.0,778.86
D06,LD-1036,2026-06-08,2274.0,702.2900000000001
D06,LD-1036,2026-06-15,2408.0,699.16
D06,LD-1036,2026-06-22,1816.0,545.39
D06,LD-1037,2024-01-01,862.0,553.9200000000001
D06,LD-1037,2024-01-08,1125.0,736.03
D06,LD-1037,2024-01-15,880.0,568.46
D06,LD-1037,2024-01-22,803.0,495.40999999999997
D06,LD-1037,2024-01-29,760.0,472.53999999999996
D06,LD-1037,2024-02-05,1240.0,812.69
D06,LD-1037,2024-02-12,674.0,409.05
D06,LD-1037,2024-02-19,877.0,557.8
D06,LD-1037,2024-02-26,792.0,475.59000000000003
D06,LD-1037,2024-03-04,926.0,596.03
D06,LD-1037,2024-03-11,943.0,597.87
D06,LD-1037,2024-03-18,1101.0,694.31
D06,LD-1037,2024-03-25,781.0,474.34
D06,LD-1037,2024-04-01,983.0,622.9
D06,LD-1037,2024-04-08,770.0,458.71
D06,LD-1037,2024-04-15,772.0,485.78
D06,LD-1037,2024-04-22,961.0,625.49
D06,LD-1037,2024-04-29,1087.0,680.48
D06,LD-1037,2024-05-06,1139.0,739.38
D06,LD-1037,2024-05-13,1109.0,705.51
D06,LD-1037,2024-05-20,1024.0,649.7
D06,LD-1037,2024-05-27,1083.0,636.99
D06,LD-1037,2024-06-03,970.0,618.18
D06,LD-1037,2024-06-10,901.0,566.34
D06,LD-1037,2024-06-17,907.0,592.42
D06,LD-1037,2024-06-24,998.0,613.49
D06,LD-1037,2024-07-01,916.0,557.96
D06,LD-1037,2024-07-08,1318.0,862.77
D06,LD-1037,2024-07-15,928.0,552.35
D06,LD-1037,2024-07-22,759.0,485.02
D06,LD-1037,2024-07-29,1122.0,670.89
D06,LD-1037,2024-08-05,1119.0,710.5899999999999
D06,LD-1037,2024-08-12,1008.0,604.46
D06,LD-1037,2024-08-19,989.0,598.4100000000001
D06,LD-1037,2024-08-26,941.0,599.13
D06,LD-1037,2024-09-02,926.0,591.41
D06,LD-1037,2024-09-09,932.0,552.74
D06,LD-1037,2024-09-16,954.0,602.37
D06,LD-1037,2024-09-23,906.0,552.06
D06,LD-1037,2024-09-30,703.0,432.75
D06,LD-1037,2024-10-07,784.0,475.14
D06,LD-1037,2024-10-14,938.0,598.1
D06,LD-1037,2024-10-21,767.0,501.57
D06,LD-1037,2024-10-28,787.0,470.73
D06,LD-1037,2024-11-04,993.0,610.24
D06,LD-1037,2024-11-11,688.0,437.62
D06,LD-1037,2024-11-18,753.0,493.78999999999996
D06,LD-1037,2024-11-25,962.0,598.5
D06,LD-1037,2024-12-02,782.0,503.84
D06,LD-1037,2024-12-09,864.0,542.21
D06,LD-1037,2024-12-16,589.0,355.86
D06,LD-1037,2024-12-23,1016.0,652.63
D06,LD-1037,2024-12-30,1018.0,667.14
D06,LD-1037,2025-01-06,884.0,544.44
D06,LD-1037,2025-01-13,752.0,442.31
D06,LD-1037,2025-01-20,1130.0,697.44
D06,LD-1037,2025-01-27,1270.0,816.92
D06,LD-1037,2025-02-03,1171.0,728.73
D06,LD-1037,2025-02-10,1046.0,616.02
D06,LD-1037,2025-02-17,948.0,612.2
D06,LD-1037,2025-02-24,886.0,532.52
D06,LD-1037,2025-03-03,1155.0,745.06
D06,LD-1037,2025-03-10,936.0,610.3199999999999
D06,LD-1037,2025-03-17,617.0,367.78999999999996
D06,LD-1037,2025-03-24,975.0,631.45
D06,LD-1037,2025-03-31,956.0,584.63
D06,LD-1037,2025-04-07,898.0,531.04
D06,LD-1037,2025-04-14,1133.0,691.21
D06,LD-1037,2025-04-21,911.0,542.19
D06,LD-1037,2025-04-28,1046.0,677.18
D06,LD-1037,2025-05-05,706.0,459.64
D06,LD-1037,2025-05-12,877.0,529.26
D06,LD-1037,2025-05-19,982.0,619.4
D06,LD-1037,2025-05-26,760.0,455.07000000000005
D06,LD-1037,2025-06-02,895.0,531.71
D06,LD-1037,2025-06-09,1153.0,693.5300000000001
D06,LD-1037,2025-06-16,968.0,577.54
D06,LD-1037,2025-06-23,1275.0,791.14
D06,LD-1037,2025-06-30,1078.0,643.57
D06,LD-1037,2025-07-07,847.0,531.77
D06,LD-1037,2025-07-14,1247.0,732.96
D06,LD-1037,2025-07-21,1120.0,697.47
D06,LD-1037,2025-07-28,1050.0,633.31
D06,LD-1037,2025-08-04,1162.0,760.5699999999999
D06,LD-1037,2025-08-11,860.0,507.83
D06,LD-1037,2025-08-18,1021.0,653.15
D06,LD-1037,2025-08-25,869.0,546.1
D06,LD-1037,2025-09-01,1081.0,646.24
D06,LD-1037,2025-09-08,800.0,515.79
D06,LD-1037,2025-09-15,968.0,585.08
D06,LD-1037,2025-09-22,1107.0,698.77
D06,LD-1037,2025-09-29,890.0,572.9100000000001
D06,LD-1037,2025-10-06,1121.0,694.73
D06,LD-1037,2025-10-13,834.0,528.47
D06,LD-1037,2025-10-20,759.0,453.96
D06,LD-1037,2025-10-27,937.0,606.82
D06,LD-1037,2025-11-03,879.0,536.71
D06,LD-1037,2025-11-10,1062.0,686.19
D06,LD-1037,2025-11-17,781.0,471.47
D06,LD-1037,2025-11-24,1021.0,646.5500000000001
D06,LD-1037,2025-12-01,891.0,569.04
D06,LD-1037,2025-12-08,1020.0,614.25
D06,LD-1037,2025-12-15,783.0,476.89
D06,LD-1037,2025-12-22,838.0,511.3
D06,LD-1037,2025-12-29,895.0,581.87
D06,LD-1037,2026-01-05,1063.0,673.21
D06,LD-1037,2026-01-12,965.0,603.46
D06,LD-1037,2026-01-19,725.0,453.83
D06,LD-1037,2026-01-26,800.0,490.22999999999996
D06,LD-1037,2026-02-02,899.0,587.69
D06,LD-1037,2026-02-09,828.0,489.16
D06,LD-1037,2026-02-16,1201.0,781.44
D06,LD-1037,2026-02-23,847.0,512.41
D06,LD-1037,2026-03-02,796.0,479.54999999999995
D06,LD-1037,2026-03-09,885.0,532.23
D06,LD-1037,2026-03-16,1059.0,661.68
D06,LD-1037,2026-03-23,931.0,550.05
D06,LD-1037,2026-03-30,1250.0,763.1300000000001
D06,LD-1037,2026-04-06,806.0,486.24
D06,LD-1037,2026-04-13,965.0,622.07
D06,LD-1037,2026-04-20,1491.0,885.21
D06,LD-1037,2026-04-27,1107.0,722.08
D06,LD-1037,2026-05-04,916.0,573.52
D06,LD-1037,2026-05-25,1034.0,645.19
D06,LD-1037,2026-06-01,1226.0,790.2
D06,LD-1037,2026-06-08,878.0,556.6899999999999
D06,LD-1037,2026-06-15,873.0,554.64
D06,LD-1037,2026-06-22,1012.0,659.67
D06,LD-1040,2024-01-01,2297.0,1036.69
D06,LD-1040,2024-01-08,2264.0,1015.0799999999999
D06,LD-1040,2024-01-15,2485.0,1214.49
D06,LD-1040,2024-01-22,2246.0,1110.6100000000001
D06,LD-1040,2024-01-29,2271.0,1112.87
D06,LD-1040,2024-02-05,2366.0,1093.52
D06,LD-1040,2024-02-12,1843.0,884.27
D06,LD-1040,2024-02-19,2188.0,1056.46
D06,LD-1040,2024-02-26,2489.0,1147.32
D06,LD-1040,2024-03-04,2003.0,945.75
D06,LD-1040,2024-03-11,2436.0,1099.26
D06,LD-1040,2024-03-18,2251.0,1030.55
D06,LD-1040,2024-03-25,2231.0,1047.65
D06,LD-1040,2024-04-01,2783.0,1363.22
D06,LD-1040,2024-04-08,2123.0,1042.39
D06,LD-1040,2024-04-15,2401.0,1124.58
D06,LD-1040,2024-04-22,2036.0,908.21
D06,LD-1040,2024-04-29,2448.0,1156.54
D06,LD-1040,2024-05-06,1962.0,912.51
D06,LD-1040,2024-05-13,2704.0,1224.71
D06,LD-1040,2024-05-20,3128.0,1416.22
D06,LD-1040,2024-05-27,2572.0,1235.09
D06,LD-1040,2024-06-03,2740.0,1289.57
D06,LD-1040,2024-06-10,2370.0,1159.25
D06,LD-1040,2024-06-17,2440.0,1134.36
D06,LD-1040,2024-06-24,2877.0,1352.1799999999998
D06,LD-1040,2024-07-01,2341.0,1075.34
D06,LD-1040,2024-07-08,2312.0,1137.03
D06,LD-1040,2024-07-15,1937.0,908.5
D06,LD-1040,2024-07-22,2239.0,1044.92
D06,LD-1040,2024-07-29,2389.0,1166.27
D06,LD-1040,2024-08-05,2033.0,909.13
D06,LD-1040,2024-08-12,2520.0,1160.03
D06,LD-1040,2024-08-19,2651.0,1312.14
D06,LD-1040,2024-08-26,2236.0,1041.93
D06,LD-1040,2024-09-02,2495.0,1197.77
D06,LD-1040,2024-09-09,2291.0,1102.65
D06,LD-1040,2024-09-16,3048.0,1372.73
D06,LD-1040,2024-09-23,1887.0,840.5500000000001
D06,LD-1040,2024-09-30,2718.0,1288.52
D06,LD-1040,2024-10-07,2503.0,1197.43
D06,LD-1040,2024-10-14,2013.0,930.6
D06,LD-1040,2024-10-21,2318.0,1138.85
D06,LD-1040,2024-10-28,2401.0,1137.41
D06,LD-1040,2024-11-04,2734.0,1288.51
D06,LD-1040,2024-11-11,2386.0,1061.58
D06,LD-1040,2024-11-18,1775.0,804.15
D06,LD-1040,2024-11-25,2310.0,1090.97
D06,LD-1040,2024-12-02,2544.0,1144.04
D06,LD-1040,2024-12-09,3074.0,1404.94
D06,LD-1040,2024-12-16,2018.0,948.86
D06,LD-1040,2024-12-23,2949.0,1384.1200000000001
D06,LD-1040,2024-12-30,2342.0,1062.85
D06,LD-1040,2025-01-06,1766.0,787.12
D06,LD-1040,2025-01-13,2942.0,1351.93
D06,LD-1040,2025-01-20,2070.0,961.6400000000001
D06,LD-1040,2025-01-27,2659.0,1217.13
D06,LD-1040,2025-02-03,2032.0,939.47
D06,LD-1040,2025-02-10,2834.0,1297.37
D06,LD-1040,2025-02-17,2511.0,1193.66
D06,LD-1040,2025-02-24,2219.0,1051.61
D06,LD-1040,2025-03-03,2159.0,1061.51
D06,LD-1040,2025-03-10,2242.0,1001.1
D06,LD-1040,2025-03-17,2241.0,1016.88
D06,LD-1040,2025-03-24,1986.0,907.3900000000001
D06,LD-1040,2025-03-31,2132.0,970.1800000000001
D06,LD-1040,2025-04-07,3486.0,1643.28
D06,LD-1040,2025-04-14,2438.0,1137.74
D06,LD-1040,2025-04-21,2716.0,1280.9
D06,LD-1040,2025-04-28,2407.0,1136.86
D06,LD-1040,2025-05-05,3138.0,1526.22
D06,LD-1040,2025-05-12,3013.0,1349.42
D06,LD-1040,2025-05-19,2462.0,1140.76
D06,LD-1040,2025-05-26,2359.0,1114.24
D06,LD-1040,2025-06-02,2252.0,1058.13
D06,LD-1040,2025-06-09,2374.0,1167.53
D06,LD-1040,2025-06-16,2911.0,1422.55
D06,LD-1040,2025-06-23,2518.0,1246.23
D06,LD-1040,2025-06-30,2354.0,1089.35
D06,LD-1040,2025-07-07,2397.0,1086.78
D06,LD-1040,2025-07-14,3196.0,1463.16
D06,LD-1040,2025-07-21,2444.0,1189.03
D06,LD-1040,2025-07-28,2831.0,1357.03
D06,LD-1040,2025-08-04,2725.0,1215.1100000000001
D06,LD-1040,2025-08-11,2623.0,1244.36
D06,LD-1040,2025-08-18,2357.0,1126.58
D06,LD-1040,2025-08-25,3077.0,1419.5900000000001
D06,LD-1040,2025-09-01,2696.0,1283.6299999999999
D06,LD-1040,2025-09-08,2424.0,1105.5900000000001
D06,LD-1040,2025-09-15,2207.0,1024.31
D06,LD-1040,2025-09-22,2162.0,978.53
D06,LD-1040,2025-09-29,2894.0,1294.95
D06,LD-1040,2025-10-06,2693.0,1234.11
D06,LD-1040,2025-10-13,3134.0,1418.18
D06,LD-1040,2025-10-20,2451.0,1162.93
D06,LD-1040,2025-10-27,2542.0,1150.99
D06,LD-1040,2025-11-03,1654.0,784.78
D06,LD-1040,2025-11-10,2523.0,1157.0900000000001
D06,LD-1040,2025-11-17,2652.0,1227.6200000000001
D06,LD-1040,2025-11-24,2852.0,1392.15
D06,LD-1040,2025-12-01,1585.0,746.58
D06,LD-1040,2025-12-08,1781.0,790.0699999999999
D06,LD-1040,2025-12-15,2498.0,1114.75
D06,LD-1040,2025-12-22,2368.0,1065.81
D06,LD-1040,2025-12-29,1844.0,891.45
D06,LD-1040,2026-01-05,2472.0,1136.87
D06,LD-1040,2026-01-12,2229.0,1056.09
D06,LD-1040,2026-01-19,2054.0,921.2
D06,LD-1040,2026-01-26,2029.0,1004.24
D06,LD-1040,2026-02-02,2103.0,983.16
D06,LD-1040,2026-02-09,2124.0,1015.66
D06,LD-1040,2026-02-16,1889.0,868.67
D06,LD-1040,2026-02-23,3173.0,1560.55
D06,LD-1040,2026-03-02,3101.0,1376.74
D06,LD-1040,2026-03-09,2937.0,1410.9899999999998
D06,LD-1040,2026-03-16,2460.0,1217.53
D06,LD-1040,2026-03-23,2229.0,1000.45
D06,LD-1040,2026-03-30,1963.0,912.26
D06,LD-1040,2026-04-06,2864.0,1350.83
D06,LD-1040,2026-04-13,2462.0,1160.58
D06,LD-1040,2026-04-20,3402.0,1535.71
D06,LD-1040,2026-04-27,2664.0,1193.01
D06,LD-1040,2026-05-04,2662.0,1250.01
D06,LD-1040,2026-05-25,1937.0,880.47
D06,LD-1040,2026-06-01,2685.0,1302.6399999999999
D06,LD-1040,2026-06-08,2394.0,1172.06
D06,LD-1040,2026-06-15,3069.0,1513.97
D06,LD-1040,2026-06-22,2685.0,1211.1
D06,LD-1041,2024-01-01,2669.0,1351.8200000000002
D06,LD-1041,2024-01-08,2087.0,1093.99
D06,LD-1041,2024-01-15,2027.0,1031.68
D06,LD-1041,2024-01-22,1986.0,1017.53
D06,LD-1041,2024-01-29,2409.0,1341.54
D06,LD-1041,2024-02-05,2786.0,1466.69
D06,LD-1041,2024-02-12,1738.0,901.88
D06,LD-1041,2024-02-19,2447.0,1285.17
D06,LD-1041,2024-02-26,2256.0,1192.3
D06,LD-1041,2024-03-04,2337.0,1174.48
D06,LD-1041,2024-03-11,2850.0,1470.51
D06,LD-1041,2024-03-18,2724.0,1367.44
D06,LD-1041,2024-03-25,2795.0,1541.66
D06,LD-1041,2024-04-01,2560.0,1334.79
D06,LD-1041,2024-04-08,2526.0,1307.35
D06,LD-1041,2024-04-15,2703.0,1451.58
D06,LD-1041,2024-04-22,3588.0,1997.83
D06,LD-1041,2024-04-29,2522.0,1261.53
D06,LD-1041,2024-05-06,2602.0,1349.54
D06,LD-1041,2024-05-13,2270.0,1143.3400000000001
D06,LD-1041,2024-05-20,1947.0,1038.45
D06,LD-1041,2024-05-27,3037.0,1624.33
D06,LD-1041,2024-06-03,2450.0,1283.08
D06,LD-1041,2024-06-10,2786.0,1391.47
D06,LD-1041,2024-06-17,2648.0,1471.11
D06,LD-1041,2024-06-24,3142.0,1669.94
D06,LD-1041,2024-07-01,2405.0,1270.47
D06,LD-1041,2024-07-08,2044.0,1113.43
D06,LD-1041,2024-07-15,3057.0,1603.3899999999999
D06,LD-1041,2024-07-22,2593.0,1330.05
D06,LD-1041,2024-07-29,2513.0,1298.75
D06,LD-1041,2024-08-05,1778.0,980.29
D06,LD-1041,2024-08-12,2651.0,1324.08
D06,LD-1041,2024-08-19,1848.0,1012.44
D06,LD-1041,2024-08-26,2729.0,1465.61
D06,LD-1041,2024-09-02,2256.0,1182.65
D06,LD-1041,2024-09-09,2532.0,1358.05
D06,LD-1041,2024-09-16,2326.0,1226.65
D06,LD-1041,2024-09-23,2184.0,1119.72
D06,LD-1041,2024-09-30,2023.0,1058.1000000000001
D06,LD-1041,2024-10-07,1656.0,869.94
D06,LD-1041,2024-10-14,2168.0,1124.82
D06,LD-1041,2024-10-21,2308.0,1265.07
D06,LD-1041,2024-10-28,2337.0,1284.09
D06,LD-1041,2024-11-04,2460.0,1230.68
D06,LD-1041,2024-11-11,2309.0,1257.47
D06,LD-1041,2024-11-18,2913.0,1494.17
D06,LD-1041,2024-11-25,2000.0,1083.72
D06,LD-1041,2024-12-02,2809.0,1475.53
D06,LD-1041,2024-12-09,2214.0,1232.06
D06,LD-1041,2024-12-16,2371.0,1264.75
D06,LD-1041,2024-12-23,2496.0,1353.71
D06,LD-1041,2024-12-30,1303.0,686.19
D06,LD-1041,2025-01-06,2795.0,1540.05
D06,LD-1041,2025-01-13,2368.0,1182.57
D06,LD-1041,2025-01-20,1979.0,1017.19
D06,LD-1041,2025-01-27,2068.0,1119.79
D06,LD-1041,2025-02-03,2531.0,1272.42
D06,LD-1041,2025-02-10,2143.0,1100.6000000000001
D06,LD-1041,2025-02-17,2060.0,1059.14
D06,LD-1041,2025-02-24,2231.0,1185.88
D06,LD-1041,2025-03-03,2026.0,1062.8799999999999
D06,LD-1041,2025-03-10,1940.0,1030.23
D06,LD-1041,2025-03-17,2342.0,1188.4799999999998
D06,LD-1041,2025-03-24,1605.0,813.3
D06,LD-1041,2025-03-31,2571.0,1414.3799999999999
D06,LD-1041,2025-04-07,2069.0,1115.38
D06,LD-1041,2025-04-14,3312.0,1662.29
D06,LD-1041,2025-04-21,2672.0,1465.14
D06,LD-1041,2025-04-28,2824.0,1566.81
D06,LD-1041,2025-05-05,1991.0,995.1
D06,LD-1041,2025-05-12,2904.0,1460.68
D06,LD-1041,2025-05-19,1945.0,1039.5
D06,LD-1041,2025-05-26,2401.0,1296.94
D06,LD-1041,2025-06-02,1965.0,1027.54
D06,LD-1041,2025-06-09,2435.0,1350.27
D06,LD-1041,2025-06-16,2650.0,1436.67
D06,LD-1041,2025-06-23,2418.0,1322.48
D06,LD-1041,2025-06-30,2242.0,1165.34
D06,LD-1041,2025-07-07,2775.0,1527.26
D06,LD-1041,2025-07-14,2492.0,1354.76
D06,LD-1041,2025-07-21,2429.0,1238.26
D06,LD-1041,2025-07-28,2583.0,1418.11
D06,LD-1041,2025-08-04,2069.0,1043.6499999999999
D06,LD-1041,2025-08-11,2758.0,1416.24
D06,LD-1041,2025-08-18,2739.0,1472.25
D06,LD-1041,2025-08-25,2248.0,1204.63
D06,LD-1041,2025-09-01,2470.0,1272.03
D06,LD-1041,2025-09-08,2403.0,1280.5100000000002
D06,LD-1041,2025-09-15,2722.0,1468.97
D06,LD-1041,2025-09-22,3363.0,1806.3
D06,LD-1041,2025-09-29,2800.0,1545.6399999999999
D06,LD-1041,2025-10-06,1884.0,972.4399999999999
D06,LD-1041,2025-10-13,2549.0,1386.97
D06,LD-1041,2025-10-20,3357.0,1785.3600000000001
D06,LD-1041,2025-10-27,1896.0,960.16
D06,LD-1041,2025-11-03,2715.0,1465.9
D06,LD-1041,2025-11-10,2409.0,1240.15
D06,LD-1041,2025-11-17,2241.0,1137.43
D06,LD-1041,2025-11-24,2253.0,1224.8600000000001
D06,LD-1041,2025-12-01,2049.0,1059.19
D06,LD-1041,2025-12-08,1726.0,954.4399999999999
D06,LD-1041,2025-12-15,2511.0,1255.73
D06,LD-1041,2025-12-22,1672.0,900.94
D06,LD-1041,2025-12-29,2101.0,1164.48
D06,LD-1041,2026-01-05,2187.0,1125.81
D06,LD-1041,2026-01-12,2081.0,1117.34
D06,LD-1041,2026-01-19,2273.0,1143.6100000000001
D06,LD-1041,2026-01-26,2968.0,1513.79
D06,LD-1041,2026-02-02,2315.0,1201.8200000000002
D06,LD-1041,2026-02-09,2354.0,1215.16
D06,LD-1041,2026-02-16,2646.0,1362.06
D06,LD-1041,2026-02-23,2483.0,1352.94
D06,LD-1041,2026-03-02,2367.0,1309.21
D06,LD-1041,2026-03-09,2230.0,1196.22
D06,LD-1041,2026-03-16,2405.0,1272.9
D06,LD-1041,2026-03-23,2595.0,1342.43
D06,LD-1041,2026-03-30,2617.0,1449.45
D06,LD-1041,2026-04-06,2102.0,1121.71
D06,LD-1041,2026-04-13,1983.0,1015.7
D06,LD-1041,2026-04-20,2671.0,1487.49
D06,LD-1041,2026-04-27,2206.0,1180.8600000000001
D06,LD-1041,2026-05-04,2538.0,1276.09
D06,LD-1041,2026-05-25,2741.0,1518.47
D06,LD-1041,2026-06-01,2565.0,1282.19
D06,LD-1041,2026-06-08,3044.0,1649.76
D06,LD-1041,2026-06-15,2847.0,1520.68
D06,LD-1041,2026-06-22,2213.0,1186.73
D06,PM-1001,2024-01-01,1244.0,1463.07
D06,PM-1001,2024-01-08,1599.0,1811.84
D06,PM-1001,2024-01-15,1291.0,1519.68
D06,PM-1001,2024-01-22,1175.0,1467.13
D06,PM-1001,2024-01-29,1202.0,1352.94
D06,PM-1001,2024-02-05,1188.0,1376.01
D06,PM-1001,2024-02-12,1519.0,1789.34
D06,PM-1001,2024-02-19,1593.0,1834.8799999999999
D06,PM-1001,2024-02-26,1058.0,1219.82
D06,PM-1001,2024-03-04,1277.0,1581.32
D06,PM-1001,2024-03-11,1514.0,1732.45
D06,PM-1001,2024-03-18,1460.0,1795.52
D06,PM-1001,2024-03-25,1356.0,1635.8300000000002
D06,PM-1001,2024-04-01,1623.0,1854.72
D06,PM-1001,2024-04-08,1781.0,2024.8000000000002
D06,PM-1001,2024-04-15,1307.0,1467.69
D06,PM-1001,2024-04-22,1154.0,1430.46
D06,PM-1001,2024-04-29,1454.0,1668.79
D06,PM-1001,2024-05-06,1260.0,1424.33
D06,PM-1001,2024-05-13,1659.0,1937.14
D06,PM-1001,2024-05-20,1281.0,1512.91
D06,PM-1001,2024-05-27,2015.0,2329.7200000000003
D06,PM-1001,2024-06-03,1264.0,1528.72
D06,PM-1001,2024-06-10,1476.0,1672.37
D06,PM-1001,2024-06-17,1548.0,1792.95
D06,PM-1001,2024-06-24,1360.0,1599.35
D06,PM-1001,2024-07-01,1456.0,1668.55
D06,PM-1001,2024-07-08,1535.0,1786.6599999999999
D06,PM-1001,2024-07-15,1982.0,2344.16
D06,PM-1001,2024-07-22,1555.0,1757.67
D06,PM-1001,2024-07-29,1481.0,1836.32
D06,PM-1001,2024-08-05,1756.0,2032.65
D06,PM-1001,2024-08-12,1599.0,1810.26
D06,PM-1001,2024-08-19,1724.0,2130.67
D06,PM-1001,2024-08-26,1251.0,1515.53
D06,PM-1001,2024-09-02,1133.0,1389.32
D06,PM-1001,2024-09-09,1802.0,2180.31
D06,PM-1001,2024-09-16,1487.0,1776.1799999999998
D06,PM-1001,2024-09-23,1258.0,1418.4
D06,PM-1001,2024-09-30,1148.0,1366.56
D06,PM-1001,2024-10-07,1259.0,1541.1999999999998
D06,PM-1001,2024-10-14,1764.0,2010.3100000000002
D06,PM-1001,2024-10-21,1096.0,1271.69
D06,PM-1001,2024-10-28,1728.0,2095.29
D06,PM-1001,2024-11-04,1190.0,1482.88
D06,PM-1001,2024-11-11,1291.0,1544.76
D06,PM-1001,2024-11-18,1291.0,1569.43
D06,PM-1001,2024-11-25,1312.0,1504.77
D06,PM-1001,2024-12-02,1021.0,1226.96
D06,PM-1001,2024-12-09,1861.0,2237.34
D06,PM-1001,2024-12-16,1430.0,1613.13
D06,PM-1001,2024-12-23,1454.0,1661.93
D06,PM-1001,2024-12-30,1309.0,1538.88
D06,PM-1001,2025-01-06,1346.0,1542.35
D06,PM-1001,2025-01-13,1395.0,1620.12
D06,PM-1001,2025-01-20,1380.0,1699.02
D06,PM-1001,2025-01-27,1155.0,1374.0
D06,PM-1001,2025-02-03,1205.0,1428.5
D06,PM-1001,2025-02-10,1554.0,1743.7600000000002
D06,PM-1001,2025-02-17,1672.0,1944.73
D06,PM-1001,2025-02-24,1213.0,1386.83
D06,PM-1001,2025-03-03,1332.0,1495.49
D06,PM-1001,2025-03-10,1338.0,1570.71
D06,PM-1001,2025-03-17,1606.0,1843.95
D06,PM-1001,2025-03-24,1392.0,1690.95
D06,PM-1001,2025-03-31,1364.0,1619.38
D06,PM-1001,2025-04-07,1283.0,1597.84
D06,PM-1001,2025-04-14,1678.0,1886.05
D06,PM-1001,2025-04-21,1453.0,1688.08
D06,PM-1001,2025-04-28,1408.0,1646.96
D06,PM-1001,2025-05-05,1467.0,1719.36
D06,PM-1001,2025-05-12,1899.0,2243.93
D06,PM-1001,2025-05-19,1562.0,1780.61
D06,PM-1001,2025-05-26,1884.0,2175.81
D06,PM-1001,2025-06-02,1305.0,1510.09
D06,PM-1001,2025-06-09,1539.0,1907.71
D06,PM-1001,2025-06-16,1481.0,1793.49
D06,PM-1001,2025-06-23,2243.0,2705.64
D06,PM-1001,2025-06-30,1502.0,1834.62
D06,PM-1001,2025-07-07,1313.0,1562.24
D06,PM-1001,2025-07-14,1568.0,1773.8400000000001
D06,PM-1001,2025-07-21,1606.0,1872.35
D06,PM-1001,2025-07-28,1855.0,2304.26
D06,PM-1001,2025-08-04,1377.0,1605.8700000000001
D06,PM-1001,2025-08-11,1722.0,2112.05
D06,PM-1001,2025-08-18,1473.0,1678.0800000000002
D06,PM-1001,2025-08-25,1539.0,1811.58
D06,PM-1001,2025-09-01,1563.0,1938.07
D06,PM-1001,2025-09-08,1384.0,1567.37
D06,PM-1001,2025-09-15,1117.0,1383.25
D06,PM-1001,2025-09-22,1417.0,1595.8500000000001
D06,PM-1001,2025-09-29,1262.0,1454.0500000000002
D06,PM-1001,2025-10-06,1134.0,1293.25
D06,PM-1001,2025-10-13,1372.0,1698.96
D06,PM-1001,2025-10-20,1150.0,1337.9299999999998
D06,PM-1001,2025-10-27,1349.0,1657.47
D06,PM-1001,2025-11-03,1317.0,1562.14
D06,PM-1001,2025-11-10,1265.0,1538.45
D06,PM-1001,2025-11-17,1122.0,1303.0
D06,PM-1001,2025-11-24,1046.0,1244.9
D06,PM-1001,2025-12-01,1324.0,1653.3
D06,PM-1001,2025-12-08,1550.0,1904.37
D06,PM-1001,2025-12-15,1447.0,1641.18
D06,PM-1001,2025-12-22,1065.0,1285.3
D06,PM-1001,2025-12-29,1218.0,1423.0
D06,PM-1001,2026-01-05,1247.0,1556.53
D06,PM-1001,2026-01-12,1081.0,1221.86
D06,PM-1001,2026-01-19,1203.0,1409.96
D06,PM-1001,2026-01-26,1145.0,1349.83
D06,PM-1001,2026-02-02,1687.0,2090.94
D06,PM-1001,2026-02-09,1384.0,1727.61
D06,PM-1001,2026-02-16,1692.0,2053.53
D06,PM-1001,2026-02-23,1426.0,1615.08
D06,PM-1001,2026-03-02,1713.0,1980.0
D06,PM-1001,2026-03-09,1133.0,1389.33
D06,PM-1001,2026-03-16,1706.0,2118.79
D06,PM-1001,2026-03-23,1401.0,1603.58
D06,PM-1001,2026-03-30,1409.0,1746.3400000000001
D06,PM-1001,2026-04-06,1686.0,1961.46
D06,PM-1001,2026-04-13,1444.0,1658.18
D06,PM-1001,2026-04-20,1582.0,1969.89
D06,PM-1001,2026-04-27,1291.0,1488.47
D06,PM-1001,2026-05-04,1981.0,2395.21
D06,PM-1001,2026-05-25,1316.0,1537.44
D06,PM-1001,2026-06-01,1249.0,1474.72
D06,PM-1001,2026-06-08,1146.0,1353.27
D06,PM-1001,2026-06-15,1524.0,1835.56
D06,PM-1001,2026-06-22,1251.0,1523.62
D06,PM-1002,2024-01-01,991.0,1264.49
D06,PM-1002,2024-01-08,866.0,1134.3700000000001
D06,PM-1002,2024-01-15,963.0,1249.79
D06,PM-1002,2024-01-22,811.0,971.7900000000001
D06,PM-1002,2024-01-29,1228.0,1474.66
D06,PM-1002,2024-02-05,996.0,1221.63
D06,PM-1002,2024-02-12,949.0,1210.62
D06,PM-1002,2024-02-19,1057.0,1394.48
D06,PM-1002,2024-02-26,1081.0,1433.74
D06,PM-1002,2024-03-04,895.0,1146.1399999999999
D06,PM-1002,2024-03-11,830.0,1099.58
D06,PM-1002,2024-03-18,934.0,1245.33
D06,PM-1002,2024-03-25,1152.0,1409.03
D06,PM-1002,2024-04-01,982.0,1275.78
D06,PM-1002,2024-04-08,866.0,1045.76
D06,PM-1002,2024-04-15,1064.0,1354.25
D06,PM-1002,2024-04-22,1346.0,1728.53
D06,PM-1002,2024-04-29,1042.0,1303.1
D06,PM-1002,2024-05-06,824.0,1049.84
D06,PM-1002,2024-05-13,934.0,1152.6399999999999
D06,PM-1002,2024-05-20,984.0,1226.9299999999998
D06,PM-1002,2024-05-27,1070.0,1413.3999999999999
D06,PM-1002,2024-06-03,1159.0,1413.98
D06,PM-1002,2024-06-10,1204.0,1584.56
D06,PM-1002,2024-06-17,1052.0,1368.74
D06,PM-1002,2024-06-24,931.0,1127.72
D06,PM-1002,2024-07-01,828.0,1017.09
D06,PM-1002,2024-07-08,1098.0,1465.04
D06,PM-1002,2024-07-15,818.0,1036.51
D06,PM-1002,2024-07-22,1360.0,1660.3
D06,PM-1002,2024-07-29,1234.0,1544.0900000000001
D06,PM-1002,2024-08-05,1286.0,1679.26
D06,PM-1002,2024-08-12,993.0,1290.9
D06,PM-1002,2024-08-19,1029.0,1276.45
D06,PM-1002,2024-08-26,841.0,1055.65
D06,PM-1002,2024-09-02,1135.0,1436.23
D06,PM-1002,2024-09-09,780.0,1026.92
D06,PM-1002,2024-09-16,947.0,1246.99
D06,PM-1002,2024-09-23,842.0,1093.0
D06,PM-1002,2024-09-30,1200.0,1438.78
D06,PM-1002,2024-10-07,1013.0,1293.7
D06,PM-1002,2024-10-14,985.0,1198.31
D06,PM-1002,2024-10-21,894.0,1073.68
D06,PM-1002,2024-10-28,1037.0,1258.95
D06,PM-1002,2024-11-04,1163.0,1513.64
D06,PM-1002,2024-11-11,1163.0,1489.22
D06,PM-1002,2024-11-18,1352.0,1699.91
D06,PM-1002,2024-11-25,785.0,946.69
D06,PM-1002,2024-12-02,834.0,1030.31
D06,PM-1002,2024-12-09,1024.0,1269.63
D06,PM-1002,2024-12-16,916.0,1143.36
D06,PM-1002,2024-12-23,959.0,1275.37
D06,PM-1002,2024-12-30,733.0,927.46
D06,PM-1002,2025-01-06,1042.0,1276.62
D06,PM-1002,2025-01-13,862.0,1125.9099999999999
D06,PM-1002,2025-01-20,994.0,1305.56
D06,PM-1002,2025-01-27,914.0,1114.17
D06,PM-1002,2025-02-03,804.0,1042.57
D06,PM-1002,2025-02-10,1233.0,1533.5300000000002
D06,PM-1002,2025-02-17,1057.0,1402.03
D06,PM-1002,2025-02-24,972.0,1234.24
D06,PM-1002,2025-03-03,847.0,1069.0
D06,PM-1002,2025-03-10,1111.0,1404.61
D06,PM-1002,2025-03-17,1076.0,1288.51
D06,PM-1002,2025-03-24,883.0,1058.21
D06,PM-1002,2025-03-31,1094.0,1317.0900000000001
D06,PM-1002,2025-04-07,1013.0,1323.16
D06,PM-1002,2025-04-14,1106.0,1332.19
D06,PM-1002,2025-04-21,1132.0,1391.25
D06,PM-1002,2025-04-28,953.0,1249.4
D06,PM-1002,2025-05-05,1133.0,1476.1599999999999
D06,PM-1002,2025-05-12,1323.0,1767.5800000000002
D06,PM-1002,2025-05-19,1184.0,1554.11
D06,PM-1002,2025-05-26,1072.0,1369.92
D06,PM-1002,2025-06-02,1082.0,1427.67
D06,PM-1002,2025-06-09,1352.0,1654.83
D06,PM-1002,2025-06-16,1341.0,1606.0
D06,PM-1002,2025-06-23,912.0,1134.32
D06,PM-1002,2025-06-30,1152.0,1467.76
D06,PM-1002,2025-07-07,1023.0,1286.73
D06,PM-1002,2025-07-14,878.0,1125.24
D06,PM-1002,2025-07-21,1192.0,1479.64
D06,PM-1002,2025-07-28,1137.0,1425.66
D06,PM-1002,2025-08-04,950.0,1203.84
D06,PM-1002,2025-08-11,991.0,1239.1399999999999
D06,PM-1002,2025-08-18,1218.0,1584.9
D06,PM-1002,2025-08-25,953.0,1190.33
D06,PM-1002,2025-09-01,917.0,1203.34
D06,PM-1002,2025-09-08,838.0,1085.31
D06,PM-1002,2025-09-15,1071.0,1367.88
D06,PM-1002,2025-09-22,784.0,1019.26
D06,PM-1002,2025-09-29,776.0,935.02
D06,PM-1002,2025-10-06,923.0,1222.8500000000001
D06,PM-1002,2025-10-13,863.0,1118.05
D06,PM-1002,2025-10-20,767.0,922.57
D06,PM-1002,2025-10-27,791.0,1006.39
D06,PM-1002,2025-11-03,722.0,908.6
D06,PM-1002,2025-11-10,944.0,1165.71
D06,PM-1002,2025-11-17,755.0,991.87
D06,PM-1002,2025-11-24,760.0,948.15
D06,PM-1002,2025-12-01,893.0,1095.6599999999999
D06,PM-1002,2025-12-08,883.0,1164.77
D06,PM-1002,2025-12-15,928.0,1173.1399999999999
D06,PM-1002,2025-12-22,1225.0,1589.54
D06,PM-1002,2025-12-29,833.0,1054.97
D06,PM-1002,2026-01-05,590.0,733.1
D06,PM-1002,2026-01-12,1057.0,1378.38
D06,PM-1002,2026-01-19,769.0,965.27
D06,PM-1002,2026-01-26,1046.0,1364.22
D06,PM-1002,2026-02-02,824.0,1080.02
D06,PM-1002,2026-02-09,960.0,1245.85
D06,PM-1002,2026-02-16,912.0,1154.55
D06,PM-1002,2026-02-23,905.0,1108.39
D06,PM-1002,2026-03-02,751.0,909.76
D06,PM-1002,2026-03-09,911.0,1209.61
D06,PM-1002,2026-03-16,841.0,1096.13
D06,PM-1002,2026-03-23,1062.0,1330.9099999999999
D06,PM-1002,2026-03-30,1386.0,1741.71
D06,PM-1002,2026-04-06,1017.0,1285.06
D06,PM-1002,2026-04-13,1338.0,1631.8700000000001
D06,PM-1002,2026-04-20,797.0,1048.37
D06,PM-1002,2026-04-27,1081.0,1418.47
D06,PM-1002,2026-05-04,995.0,1219.83
D06,PM-1002,2026-05-25,1141.0,1373.27
D06,PM-1002,2026-06-01,1214.0,1601.11
D06,PM-1002,2026-06-08,1085.0,1365.57
D06,PM-1002,2026-06-15,844.0,1028.32
D06,PM-1002,2026-06-22,925.0,1143.76
D06,PM-1003,2024-01-01,1161.0,574.35
D06,PM-1003,2024-01-08,953.0,493.99999999999994
D06,PM-1003,2024-01-15,1252.0,608.44
D06,PM-1003,2024-01-22,969.0,512.81
D06,PM-1003,2024-01-29,1195.0,608.2
D06,PM-1003,2024-02-05,1466.0,731.6899999999999
D06,PM-1003,2024-02-12,1197.0,631.53
D06,PM-1003,2024-02-19,1298.0,671.19
D06,PM-1003,2024-02-26,939.0,486.13
D06,PM-1003,2024-03-04,1453.0,757.33
D06,PM-1003,2024-03-11,801.0,426.24
D06,PM-1003,2024-03-18,1571.0,779.8299999999999
D06,PM-1003,2024-03-25,1671.0,854.5699999999999
D06,PM-1003,2024-04-01,1181.0,564.32
D06,PM-1003,2024-04-08,1161.0,595.07
D06,PM-1003,2024-04-15,1228.0,638.33
D06,PM-1003,2024-04-22,1505.0,781.16
D06,PM-1003,2024-04-29,1004.0,527.18
D06,PM-1003,2024-05-06,1238.0,613.44
D06,PM-1003,2024-05-13,1352.0,653.54
D06,PM-1003,2024-05-20,1638.0,845.78
D06,PM-1003,2024-05-27,1114.0,532.23
D06,PM-1003,2024-06-03,1415.0,685.07
D06,PM-1003,2024-06-10,1348.0,702.8900000000001
D06,PM-1003,2024-06-17,1507.0,736.4399999999999
D06,PM-1003,2024-06-24,1489.0,780.22
D06,PM-1003,2024-07-01,1172.0,587.87
D06,PM-1003,2024-07-08,2036.0,1000.4100000000001
D06,PM-1003,2024-07-15,1604.0,802.78
D06,PM-1003,2024-07-22,1079.0,570.22
D06,PM-1003,2024-07-29,1135.0,555.24
D06,PM-1003,2024-08-05,1403.0,724.15
D06,PM-1003,2024-08-12,1157.0,570.8199999999999
D06,PM-1003,2024-08-19,1208.0,594.16
D06,PM-1003,2024-08-26,1583.0,818.21
D06,PM-1003,2024-09-02,1438.0,755.45
D06,PM-1003,2024-09-09,1139.0,595.95
D06,PM-1003,2024-09-16,1148.0,607.5
D06,PM-1003,2024-09-30,1247.0,601.7
D06,PM-1003,2024-10-07,838.0,430.54
D06,PM-1003,2024-10-14,980.0,520.79
D06,PM-1003,2024-10-21,947.0,457.37
D06,PM-1003,2024-10-28,1316.0,629.29
D06,PM-1003,2024-11-04,1178.0,563.88
D06,PM-1003,2024-11-11,1220.0,639.35
D06,PM-1003,2024-11-18,900.0,475.69
D06,PM-1003,2024-11-25,1343.0,699.98
D06,PM-1003,2024-12-02,1110.0,536.36
D06,PM-1003,2024-12-09,912.0,456.84
D06,PM-1003,2024-12-16,1037.0,549.4300000000001
D06,PM-1003,2024-12-23,1440.0,739.62
D06,PM-1003,2024-12-30,993.0,493.86
D06,PM-1003,2025-01-06,1174.0,610.02
D06,PM-1003,2025-01-13,1131.0,583.62
D06,PM-1003,2025-01-20,1018.0,533.71
D06,PM-1003,2025-01-27,1236.0,625.51
D06,PM-1003,2025-02-03,1230.0,596.45
D06,PM-1003,2025-02-10,1133.0,543.34
D06,PM-1003,2025-02-17,1136.0,591.09
D06,PM-1003,2025-02-24,1016.0,487.11
D06,PM-1003,2025-03-03,934.0,464.82
D06,PM-1003,2025-03-10,1362.0,713.27
D06,PM-1003,2025-03-17,1094.0,568.78
D06,PM-1003,2025-03-24,1311.0,642.53
D06,PM-1003,2025-03-31,1295.0,636.55
D06,PM-1003,2025-04-07,1264.0,640.64
D06,PM-1003,2025-04-14,1693.0,813.57
D06,PM-1003,2025-04-21,1035.0,505.14
D06,PM-1003,2025-04-28,1222.0,606.63
D06,PM-1003,2025-05-05,1271.0,617.27
D06,PM-1003,2025-05-12,1392.0,727.44
D06,PM-1003,2025-05-19,1265.0,660.8299999999999
D06,PM-1003,2025-05-26,1152.0,562.97
D06,PM-1003,2025-06-02,1045.0,504.0
D06,PM-1003,2025-06-09,1234.0,635.65
D06,PM-1003,2025-06-16,1078.0,545.21
D06,PM-1003,2025-06-23,1452.0,714.66
D06,PM-1003,2025-06-30,1045.0,514.93
D06,PM-1003,2025-07-07,1325.0,652.77
D06,PM-1003,2025-07-14,1609.0,802.1700000000001
D06,PM-1003,2025-07-21,1525.0,761.34
D06,PM-1003,2025-07-28,1316.0,696.6400000000001
D06,PM-1003,2025-08-04,1224.0,608.72
D06,PM-1003,2025-08-11,1413.0,674.03
D06,PM-1003,2025-08-18,1590.0,775.82
D06,PM-1003,2025-08-25,1055.0,511.58
D06,PM-1003,2025-09-01,981.0,486.34
D06,PM-1003,2025-09-08,1024.0,535.42
D06,PM-1003,2025-09-15,1101.0,548.18
D06,PM-1003,2025-09-22,1133.0,556.0699999999999
D06,PM-1003,2025-09-29,1514.0,724.73
D06,PM-1003,2025-10-06,1187.0,626.92
D06,PM-1003,2025-10-13,1069.0,566.0799999999999
D06,PM-1003,2025-10-20,1459.0,709.8199999999999
D06,PM-1003,2025-10-27,1102.0,559.68
D06,PM-1003,2025-11-03,1280.0,667.37
D06,PM-1003,2025-11-10,969.0,515.1600000000001
D06,PM-1003,2025-11-17,1338.0,679.38
D06,PM-1003,2025-11-24,1071.0,536.59
D06,PM-1003,2025-12-01,1057.0,557.86
D06,PM-1003,2025-12-08,838.0,414.05
D06,PM-1003,2025-12-15,1009.0,493.03
D06,PM-1003,2025-12-22,905.0,449.72
D06,PM-1003,2025-12-29,1140.0,551.55
D06,PM-1003,2026-01-05,959.0,462.05
D06,PM-1003,2026-01-12,870.0,448.86
D06,PM-1003,2026-01-19,1230.0,597.98
D06,PM-1003,2026-01-26,1014.0,490.68
D06,PM-1003,2026-02-02,1014.0,527.41
D06,PM-1003,2026-02-09,1690.0,889.37
D06,PM-1003,2026-02-16,1056.0,515.16
D06,PM-1003,2026-02-23,1363.0,718.55
D06,PM-1003,2026-03-02,990.0,492.51
D06,PM-1003,2026-03-09,1252.0,646.77
D06,PM-1003,2026-03-16,1323.0,685.5699999999999
D06,PM-1003,2026-03-23,931.0,464.04999999999995
D06,PM-1003,2026-03-30,1009.0,523.37
D06,PM-1003,2026-04-06,1485.0,725.45
D06,PM-1003,2026-04-13,1175.0,603.83
D06,PM-1003,2026-04-20,1275.0,609.21
D06,PM-1003,2026-04-27,1491.0,774.43
D06,PM-1003,2026-05-04,1552.0,818.92
D06,PM-1003,2026-05-25,1193.0,634.5
D06,PM-1003,2026-06-01,1254.0,643.5999999999999
D06,PM-1003,2026-06-08,1176.0,618.98
D06,PM-1003,2026-06-15,1212.0,624.9000000000001
D06,PM-1003,2026-06-22,1737.0,837.4
D06,PM-1005,2024-01-01,719.0,398.51
D06,PM-1005,2024-01-08,715.0,365.78000000000003
D06,PM-1005,2024-01-15,1024.0,569.35
D06,PM-1005,2024-01-22,669.0,355.18
D06,PM-1005,2024-01-29,815.0,424.65
D06,PM-1005,2024-02-05,678.0,361.85
D06,PM-1005,2024-02-12,608.0,333.45
D06,PM-1005,2024-02-19,766.0,430.45
D06,PM-1005,2024-02-26,833.0,453.97
D06,PM-1005,2024-03-04,725.0,395.24
D06,PM-1005,2024-03-11,723.0,403.17
D06,PM-1005,2024-03-18,706.0,372.11
D06,PM-1005,2024-03-25,822.0,444.89
D06,PM-1005,2024-04-01,839.0,436.32
D06,PM-1005,2024-04-08,1081.0,592.21
D06,PM-1005,2024-04-15,1001.0,520.06
D06,PM-1005,2024-04-22,876.0,487.04999999999995
D06,PM-1005,2024-04-29,733.0,377.51
D06,PM-1005,2024-05-06,747.0,419.27
D06,PM-1005,2024-05-13,969.0,514.03
D06,PM-1005,2024-05-20,1267.0,706.38
D06,PM-1005,2024-05-27,874.0,470.29
D06,PM-1005,2024-06-03,698.0,389.06
D06,PM-1005,2024-06-10,1003.0,514.24
D06,PM-1005,2024-06-17,1079.0,600.9200000000001
D06,PM-1005,2024-06-24,950.0,504.96
D06,PM-1005,2024-07-01,893.0,462.55
D06,PM-1005,2024-07-08,801.0,446.84999999999997
D06,PM-1005,2024-07-15,780.0,402.59000000000003
D06,PM-1005,2024-07-22,950.0,496.9
D06,PM-1005,2024-07-29,771.0,430.41
D06,PM-1005,2024-08-05,923.0,480.0
D06,PM-1005,2024-08-12,771.0,434.73
D06,PM-1005,2024-08-19,993.0,545.6600000000001
D06,PM-1005,2024-08-26,804.0,421.05
D06,PM-1005,2024-09-02,833.0,434.73
D06,PM-1005,2024-09-09,898.0,502.96
D06,PM-1005,2024-09-16,993.0,507.65999999999997
D06,PM-1005,2024-09-23,923.0,504.33
D06,PM-1005,2024-09-30,827.0,449.61
D06,PM-1005,2024-10-07,814.0,430.55
D06,PM-1005,2024-10-14,678.0,367.06
D06,PM-1005,2024-10-21,765.0,398.77
D06,PM-1005,2024-10-28,979.0,512.1
D06,PM-1005,2024-11-04,799.0,447.94
D06,PM-1005,2024-11-11,697.0,369.98
D06,PM-1005,2024-11-18,871.0,475.85
D06,PM-1005,2024-11-25,795.0,436.71
D06,PM-1005,2024-12-02,580.0,328.47
D06,PM-1005,2024-12-09,679.0,380.53999999999996
D06,PM-1005,2024-12-16,645.0,358.57
D06,PM-1005,2024-12-23,663.0,351.87
D06,PM-1005,2024-12-30,704.0,397.88
D06,PM-1005,2025-01-06,857.0,481.68
D06,PM-1005,2025-01-13,678.0,361.37
D06,PM-1005,2025-01-20,645.0,361.40999999999997
D06,PM-1005,2025-01-27,887.0,485.79
D06,PM-1005,2025-02-03,786.0,403.14
D06,PM-1005,2025-02-10,918.0,513.99
D06,PM-1005,2025-02-17,831.0,432.34
D06,PM-1005,2025-02-24,1438.0,757.85
D06,PM-1005,2025-03-03,811.0,451.43
D06,PM-1005,2025-03-10,740.0,419.78
D06,PM-1005,2025-03-17,879.0,454.77
D06,PM-1005,2025-03-24,814.0,433.41999999999996
D06,PM-1005,2025-03-31,907.0,464.27
D06,PM-1005,2025-04-07,830.0,465.88
D06,PM-1005,2025-04-14,1051.0,568.88
D06,PM-1005,2025-04-21,1067.0,589.39
D06,PM-1005,2025-04-28,813.0,448.87
D06,PM-1005,2025-05-05,995.0,561.6
D06,PM-1005,2025-05-12,1027.0,523.79
D06,PM-1005,2025-05-19,1055.0,578.4
D06,PM-1005,2025-05-26,735.0,405.03
D06,PM-1005,2025-06-02,964.0,533.14
D06,PM-1005,2025-06-09,775.0,405.74
D06,PM-1005,2025-06-16,839.0,446.39
D06,PM-1005,2025-06-23,917.0,504.92999999999995
D06,PM-1005,2025-06-30,822.0,421.18999999999994
D06,PM-1005,2025-07-07,900.0,510.63
D06,PM-1005,2025-07-14,1016.0,531.54
D06,PM-1005,2025-07-21,931.0,506.47
D06,PM-1005,2025-07-28,824.0,422.11
D06,PM-1005,2025-08-04,901.0,496.28
D06,PM-1005,2025-08-11,899.0,463.75
D06,PM-1005,2025-08-18,940.0,504.34
D06,PM-1005,2025-08-25,741.0,384.87
D06,PM-1005,2025-09-01,813.0,450.78
D06,PM-1005,2025-09-08,841.0,440.38
D06,PM-1005,2025-09-15,1054.0,564.86
D06,PM-1005,2025-09-22,732.0,410.0
D06,PM-1005,2025-09-29,849.0,465.0
D06,PM-1005,2025-10-06,750.0,421.85
D06,PM-1005,2025-10-13,687.0,369.29
D06,PM-1005,2025-10-20,845.0,473.07
D06,PM-1005,2025-10-27,723.0,388.65000000000003
D06,PM-1005,2025-11-03,910.0,477.42
D06,PM-1005,2025-11-10,691.0,390.86
D06,PM-1005,2025-11-17,765.0,396.51
D06,PM-1005,2025-11-24,805.0,453.72
D06,PM-1005,2025-12-01,771.0,438.19
D06,PM-1005,2025-12-08,625.0,340.69
D06,PM-1005,2025-12-15,633.0,356.28999999999996
D06,PM-1005,2025-12-22,833.0,460.28
D06,PM-1005,2025-12-29,936.0,506.41999999999996
D06,PM-1005,2026-01-05,646.0,362.59000000000003
D06,PM-1005,2026-01-12,550.0,297.34
D06,PM-1005,2026-01-19,839.0,429.97
D06,PM-1005,2026-01-26,866.0,450.12
D06,PM-1005,2026-02-02,907.0,482.78
D06,PM-1005,2026-02-09,857.0,464.28
D06,PM-1005,2026-02-16,904.0,509.26
D06,PM-1005,2026-02-23,1103.0,584.84
D06,PM-1005,2026-03-02,755.0,402.63
D06,PM-1005,2026-03-09,999.0,563.86
D06,PM-1005,2026-03-16,1116.0,572.77
D06,PM-1005,2026-03-23,869.0,471.84000000000003
D06,PM-1005,2026-03-30,836.0,468.5
D06,PM-1005,2026-04-06,797.0,437.86
D06,PM-1005,2026-04-13,719.0,399.28
D06,PM-1005,2026-04-20,558.0,316.40999999999997
D06,PM-1005,2026-04-27,1055.0,575.09
D06,PM-1005,2026-05-04,835.0,461.65
D06,PM-1005,2026-05-25,883.0,501.64
D06,PM-1005,2026-06-01,1067.0,573.38
D06,PM-1005,2026-06-08,823.0,454.99
D06,PM-1005,2026-06-15,1202.0,665.5699999999999
D06,PM-1005,2026-06-22,875.0,474.31
D06,PM-1006,2024-01-01,1242.0,942.2199999999999
D06,PM-1006,2024-01-08,1741.0,1402.99
D06,PM-1006,2024-01-15,1390.0,1052.94
D06,PM-1006,2024-01-22,1891.0,1511.0500000000002
D06,PM-1006,2024-01-29,1266.0,941.41
D06,PM-1006,2024-02-05,1734.0,1302.24
D06,PM-1006,2024-02-12,1440.0,1112.57
D06,PM-1006,2024-02-19,1379.0,1103.16
D06,PM-1006,2024-02-26,1628.0,1302.2
D06,PM-1006,2024-03-04,1571.0,1232.54
D06,PM-1006,2024-03-11,1689.0,1353.24
D06,PM-1006,2024-03-18,1411.0,1062.7
D06,PM-1006,2024-03-25,1254.0,1020.8299999999999
D06,PM-1006,2024-04-01,1760.0,1359.92
D06,PM-1006,2024-04-08,1456.0,1202.85
D06,PM-1006,2024-04-15,1636.0,1302.74
D06,PM-1006,2024-04-22,1793.0,1430.85
D06,PM-1006,2024-04-29,1685.0,1331.1
D06,PM-1006,2024-05-06,1606.0,1230.38
D06,PM-1006,2024-05-13,1530.0,1244.64
D06,PM-1006,2024-05-20,1966.0,1607.03
D06,PM-1006,2024-05-27,1878.0,1455.86
D06,PM-1006,2024-06-03,1992.0,1608.53
D06,PM-1006,2024-06-10,1419.0,1061.51
D06,PM-1006,2024-06-17,1520.0,1172.43
D06,PM-1006,2024-06-24,1579.0,1264.16
D06,PM-1006,2024-07-01,1757.0,1427.58
D06,PM-1006,2024-07-08,2139.0,1754.79
D06,PM-1006,2024-07-15,1669.0,1308.88
D06,PM-1006,2024-07-22,1543.0,1201.13
D06,PM-1006,2024-07-29,1697.0,1343.73
D06,PM-1006,2024-08-05,1323.0,1050.0
D06,PM-1006,2024-08-12,1173.0,900.04
D06,PM-1006,2024-08-19,1337.0,1069.27
D06,PM-1006,2024-08-26,1487.0,1200.65
D06,PM-1006,2024-09-02,1672.0,1342.36
D06,PM-1006,2024-09-09,1836.0,1502.1
D06,PM-1006,2024-09-16,1876.0,1495.96
D06,PM-1006,2024-09-23,1743.0,1368.4
D06,PM-1006,2024-09-30,1240.0,997.3
D06,PM-1006,2024-10-07,1447.0,1194.3000000000002
D06,PM-1006,2024-10-14,1833.0,1365.31
D06,PM-1006,2024-10-21,1191.0,906.95
D06,PM-1006,2024-10-28,1462.0,1206.58
D06,PM-1006,2024-11-04,1456.0,1149.3
D06,PM-1006,2024-11-11,1626.0,1275.6000000000001
D06,PM-1006,2024-11-18,942.0,749.83
D06,PM-1006,2024-11-25,1568.0,1265.1
D06,PM-1006,2024-12-02,1191.0,942.82
D06,PM-1006,2024-12-09,1627.0,1263.91
D06,PM-1006,2024-12-16,1183.0,946.09
D06,PM-1006,2024-12-23,1456.0,1172.0
D06,PM-1006,2024-12-30,1070.0,846.66
D06,PM-1006,2025-01-06,1235.0,1003.71
D06,PM-1006,2025-01-13,1557.0,1268.41
D06,PM-1006,2025-01-20,1318.0,993.47
D06,PM-1006,2025-01-27,1608.0,1197.2
D06,PM-1006,2025-02-03,1551.0,1190.02
D06,PM-1006,2025-02-10,1459.0,1186.63
D06,PM-1006,2025-02-17,1090.0,834.23
D06,PM-1006,2025-02-24,1559.0,1236.6799999999998
D06,PM-1006,2025-03-03,1708.0,1357.78
D06,PM-1006,2025-03-10,1674.0,1352.03
D06,PM-1006,2025-03-17,1379.0,1124.76
D06,PM-1006,2025-03-24,1637.0,1337.62
D06,PM-1006,2025-03-31,1548.0,1168.96
D06,PM-1006,2025-04-07,1643.0,1340.54
D06,PM-1006,2025-04-14,1945.0,1464.1
D06,PM-1006,2025-04-21,1703.0,1315.07
D06,PM-1006,2025-04-28,1519.0,1202.65
D06,PM-1006,2025-05-05,1790.0,1394.53
D06,PM-1006,2025-05-12,1684.0,1352.96
D06,PM-1006,2025-05-19,1935.0,1520.42
D06,PM-1006,2025-05-26,1415.0,1112.81
D06,PM-1006,2025-06-02,1403.0,1138.52
D06,PM-1006,2025-06-09,1615.0,1277.06
D06,PM-1006,2025-06-16,1290.0,1056.48
D06,PM-1006,2025-06-23,1568.0,1181.2399999999998
D06,PM-1006,2025-06-30,1715.0,1314.59
D06,PM-1006,2025-07-07,1956.0,1588.16
D06,PM-1006,2025-07-14,1563.0,1175.65
D06,PM-1006,2025-07-21,1870.0,1493.95
D06,PM-1006,2025-07-28,1686.0,1305.36
D06,PM-1006,2025-08-04,1588.0,1269.78
D06,PM-1006,2025-08-11,1387.0,1086.4
D06,PM-1006,2025-08-18,1459.0,1097.22
D06,PM-1006,2025-08-25,1456.0,1103.17
D06,PM-1006,2025-09-01,1492.0,1115.68
D06,PM-1006,2025-09-08,1430.0,1068.54
D06,PM-1006,2025-09-15,1742.0,1429.1
D06,PM-1006,2025-09-22,1487.0,1122.82
D06,PM-1006,2025-09-29,1923.0,1437.33
D06,PM-1006,2025-10-06,1302.0,1060.2
D06,PM-1006,2025-10-13,1666.0,1368.21
D06,PM-1006,2025-10-20,1236.0,958.6
D06,PM-1006,2025-10-27,1402.0,1067.8600000000001
D06,PM-1006,2025-11-03,1395.0,1043.99
D06,PM-1006,2025-11-10,1394.0,1149.49
D06,PM-1006,2025-11-17,1682.0,1380.42
D06,PM-1006,2025-11-24,1449.0,1135.51
D06,PM-1006,2025-12-01,1831.0,1455.31
D06,PM-1006,2025-12-08,1719.0,1370.15
D06,PM-1006,2025-12-15,1022.0,830.6800000000001
D06,PM-1006,2025-12-22,1656.0,1272.21
D06,PM-1006,2025-12-29,1197.0,914.88
D06,PM-1006,2026-01-05,1422.0,1142.33
D06,PM-1006,2026-01-12,1411.0,1079.03
D06,PM-1006,2026-01-19,1551.0,1173.54
D06,PM-1006,2026-01-26,1603.0,1278.03
D06,PM-1006,2026-02-02,1302.0,980.2199999999999
D06,PM-1006,2026-02-09,1580.0,1219.89
D06,PM-1006,2026-02-16,1809.0,1438.12
D06,PM-1006,2026-02-23,1683.0,1253.55
D06,PM-1006,2026-03-02,1620.0,1316.78
D06,PM-1006,2026-03-09,1759.0,1387.23
D06,PM-1006,2026-03-16,1119.0,848.44
D06,PM-1006,2026-03-23,1208.0,941.05
D06,PM-1006,2026-03-30,2014.0,1652.94
D06,PM-1006,2026-04-06,1754.0,1363.03
D06,PM-1006,2026-04-13,1687.0,1263.47
D06,PM-1006,2026-04-20,1659.0,1344.6399999999999
D06,PM-1006,2026-04-27,1631.0,1277.5100000000002
D06,PM-1006,2026-05-04,1753.0,1451.79
D06,PM-1006,2026-05-25,1725.0,1282.4199999999998
D06,PM-1006,2026-06-01,1723.0,1422.6499999999999
D06,PM-1006,2026-06-08,1535.0,1237.04
D06,PM-1006,2026-06-15,1955.0,1586.03
D06,PM-1006,2026-06-22,1530.0,1153.9
D06,PM-1007,2024-01-01,2318.0,2327.83
D06,PM-1007,2024-01-08,1783.0,1873.5900000000001
D06,PM-1007,2024-01-15,1348.0,1404.15
D06,PM-1007,2024-01-22,1474.0,1626.8799999999999
D06,PM-1007,2024-01-29,1591.0,1651.29
D06,PM-1007,2024-02-05,1661.0,1840.5300000000002
D06,PM-1007,2024-02-12,1451.0,1519.71
D06,PM-1007,2024-02-19,2019.0,2164.44
D06,PM-1007,2024-02-26,1540.0,1709.88
D06,PM-1007,2024-03-04,1742.0,1833.15
D06,PM-1007,2024-03-11,2232.0,2419.54
D06,PM-1007,2024-03-18,1697.0,1872.52
D06,PM-1007,2024-03-25,2429.0,2663.97
D06,PM-1007,2024-04-01,1895.0,1952.18
D06,PM-1007,2024-04-08,1657.0,1690.37
D06,PM-1007,2024-04-15,1734.0,1803.93
D06,PM-1007,2024-04-22,1662.0,1822.65
D06,PM-1007,2024-04-29,1455.0,1485.48
D06,PM-1007,2024-05-06,1061.0,1179.48
D06,PM-1007,2024-05-13,1614.0,1686.31
D06,PM-1007,2024-05-20,1347.0,1373.46
D06,PM-1007,2024-05-27,1597.0,1640.5900000000001
D06,PM-1007,2024-06-03,2224.0,2359.42
D06,PM-1007,2024-06-10,1744.0,1804.87
D06,PM-1007,2024-06-17,2385.0,2478.81
D06,PM-1007,2024-06-24,1712.0,1718.6
D06,PM-1007,2024-07-01,2122.0,2255.89
D06,PM-1007,2024-07-08,1813.0,1978.7
D06,PM-1007,2024-07-15,1727.0,1869.94
D06,PM-1007,2024-07-22,2279.0,2344.19
D06,PM-1007,2024-07-29,2536.0,2598.54
D06,PM-1007,2024-08-05,1697.0,1835.47
D06,PM-1007,2024-08-12,1518.0,1549.43
D06,PM-1007,2024-08-19,1768.0,1835.39
D06,PM-1007,2024-08-26,1854.0,1874.65
D06,PM-1007,2024-09-02,1910.0,2064.3599999999997
D06,PM-1007,2024-09-09,1762.0,1773.83
D06,PM-1007,2024-09-16,1501.0,1540.48
D06,PM-1007,2024-09-23,2305.0,2461.25
D06,PM-1007,2024-09-30,1472.0,1594.98
D06,PM-1007,2024-10-07,1622.0,1759.6399999999999
D06,PM-1007,2024-10-14,1964.0,2130.1
D06,PM-1007,2024-10-21,1402.0,1467.61
D06,PM-1007,2024-10-28,1623.0,1804.36
D06,PM-1007,2024-11-04,1767.0,1772.71
D06,PM-1007,2024-11-11,1658.0,1821.0700000000002
D06,PM-1007,2024-11-18,1718.0,1719.31
D06,PM-1007,2024-11-25,1535.0,1656.41
D06,PM-1007,2024-12-02,1664.0,1830.51
D06,PM-1007,2024-12-09,1426.0,1485.38
D06,PM-1007,2024-12-16,1236.0,1270.47
D06,PM-1007,2024-12-23,1440.0,1529.51
D06,PM-1007,2024-12-30,1606.0,1750.4
D06,PM-1007,2025-01-06,1750.0,1844.6399999999999
D06,PM-1007,2025-01-13,1949.0,2060.67
D06,PM-1007,2025-01-20,2060.0,2152.71
D06,PM-1007,2025-01-27,1308.0,1397.39
D06,PM-1007,2025-02-03,1417.0,1544.9299999999998
D06,PM-1007,2025-02-10,1554.0,1554.15
D06,PM-1007,2025-02-17,1764.0,1907.37
D06,PM-1007,2025-02-24,1677.0,1721.35
D06,PM-1007,2025-03-03,1906.0,1930.36
D06,PM-1007,2025-03-10,1826.0,2017.1899999999998
D06,PM-1007,2025-03-17,1943.0,2132.38
D06,PM-1007,2025-03-24,1417.0,1415.68
D06,PM-1007,2025-03-31,1808.0,1909.3000000000002
D06,PM-1007,2025-04-07,1846.0,1945.77
D06,PM-1007,2025-04-14,1867.0,2065.73
D06,PM-1007,2025-04-21,1813.0,1810.53
D06,PM-1007,2025-04-28,2341.0,2557.15
D06,PM-1007,2025-05-05,1850.0,1970.14
D06,PM-1007,2025-05-12,1561.0,1675.37
D06,PM-1007,2025-05-19,1568.0,1566.01
D06,PM-1007,2025-05-26,1718.0,1730.67
D06,PM-1007,2025-06-02,1573.0,1600.66
D06,PM-1007,2025-06-09,2428.0,2562.09
D06,PM-1007,2025-06-16,2336.0,2490.23
D06,PM-1007,2025-06-23,1716.0,1906.76
D06,PM-1007,2025-06-30,1983.0,2063.84
D06,PM-1007,2025-07-07,1766.0,1949.68
D06,PM-1007,2025-07-14,1782.0,1834.02
D06,PM-1007,2025-07-21,1660.0,1687.5900000000001
D06,PM-1007,2025-07-28,1986.0,2116.89
D06,PM-1007,2025-08-04,1763.0,1950.96
D06,PM-1007,2025-08-11,1694.0,1747.75
D06,PM-1007,2025-08-18,1673.0,1754.08
D06,PM-1007,2025-08-25,2071.0,2293.49
D06,PM-1007,2025-09-01,1535.0,1567.43
D06,PM-1007,2025-09-08,1582.0,1692.19
D06,PM-1007,2025-09-15,1550.0,1659.78
D06,PM-1007,2025-09-22,1895.0,2042.6499999999999
D06,PM-1007,2025-09-29,2150.0,2278.9300000000003
D06,PM-1007,2025-10-06,1503.0,1582.64
D06,PM-1007,2025-10-13,2054.0,2272.76
D06,PM-1007,2025-10-20,1951.0,2126.92
D06,PM-1007,2025-10-27,1400.0,1447.26
D06,PM-1007,2025-11-03,1672.0,1779.82
D06,PM-1007,2025-11-10,1362.0,1438.94
D06,PM-1007,2025-11-17,1521.0,1681.1599999999999
D06,PM-1007,2025-11-24,1287.0,1304.22
D06,PM-1007,2025-12-01,1493.0,1581.27
D06,PM-1007,2025-12-08,1528.0,1679.82
D06,PM-1007,2025-12-15,1378.0,1501.54
D06,PM-1007,2025-12-22,1697.0,1808.2800000000002
D06,PM-1007,2025-12-29,1899.0,1912.96
D06,PM-1007,2026-01-05,1738.0,1885.02
D06,PM-1007,2026-01-12,1333.0,1454.64
D06,PM-1007,2026-01-19,1957.0,2000.0700000000002
D06,PM-1007,2026-01-26,1685.0,1805.3700000000001
D06,PM-1007,2026-02-02,1459.0,1555.57
D06,PM-1007,2026-02-09,1620.0,1735.55
D06,PM-1007,2026-02-16,2035.0,2140.84
D06,PM-1007,2026-02-23,1691.0,1878.32
D06,PM-1007,2026-03-02,1574.0,1743.77
D06,PM-1007,2026-03-09,1698.0,1887.56
D06,PM-1007,2026-03-16,1419.0,1577.78
D06,PM-1007,2026-03-23,1558.0,1636.6100000000001
D06,PM-1007,2026-03-30,1951.0,1983.33
D06,PM-1007,2026-04-06,1750.0,1863.76
D06,PM-1007,2026-04-13,1710.0,1767.77
D06,PM-1007,2026-04-20,1813.0,1888.59
D06,PM-1007,2026-04-27,2050.0,2096.41
D06,PM-1007,2026-05-04,2739.0,2774.5699999999997
D06,PM-1007,2026-05-25,1770.0,1772.4499999999998
D06,PM-1007,2026-06-01,2255.0,2252.12
D06,PM-1007,2026-06-08,1827.0,1945.6
D06,PM-1007,2026-06-15,1733.0,1911.5
D06,PM-1007,2026-06-22,1783.0,1958.73
D06,PW-1030,2024-01-01,179.0,430.19
D06,PW-1030,2024-01-08,311.0,743.78
D06,PW-1030,2024-01-15,275.0,660.97
D06,PW-1030,2024-01-22,368.0,865.49
D06,PW-1030,2024-01-29,286.0,668.27
D06,PW-1030,2024-02-05,289.0,684.88
D06,PW-1030,2024-02-12,351.0,789.94
D06,PW-1030,2024-02-19,258.0,607.86
D06,PW-1030,2024-02-26,303.0,675.82
D06,PW-1030,2024-03-04,352.0,811.6899999999999
D06,PW-1030,2024-03-11,320.0,759.73
D06,PW-1030,2024-03-18,374.0,907.67
D06,PW-1030,2024-03-25,291.0,663.58
D06,PW-1030,2024-04-01,294.0,673.7
D06,PW-1030,2024-04-08,365.0,826.16
D06,PW-1030,2024-04-15,292.0,717.9499999999999
D06,PW-1030,2024-04-22,299.0,696.62
D06,PW-1030,2024-04-29,335.0,814.04
D06,PW-1030,2024-05-06,363.0,875.63
D06,PW-1030,2024-05-13,392.0,925.09
D06,PW-1030,2024-05-20,340.0,756.45
D06,PW-1030,2024-05-27,374.0,844.0899999999999
D06,PW-1030,2024-06-03,434.0,1013.92
D06,PW-1030,2024-06-10,399.0,936.54
D06,PW-1030,2024-06-17,336.0,803.04
D06,PW-1030,2024-06-24,372.0,887.1899999999999
D06,PW-1030,2024-07-01,456.0,1091.81
D06,PW-1030,2024-07-08,384.0,930.75
D06,PW-1030,2024-07-15,336.0,809.64
D06,PW-1030,2024-07-22,468.0,1128.1200000000001
D06,PW-1030,2024-07-29,420.0,1010.19
D06,PW-1030,2024-08-05,409.0,1006.75
D06,PW-1030,2024-08-12,320.0,715.17
D06,PW-1030,2024-08-19,298.0,699.28
D06,PW-1030,2024-08-26,402.0,921.0
D06,PW-1030,2024-09-02,294.0,680.6899999999999
D06,PW-1030,2024-09-09,260.0,598.22
D06,PW-1030,2024-09-16,359.0,839.75
D06,PW-1030,2024-09-23,413.0,919.21
D06,PW-1030,2024-09-30,260.0,626.43
D06,PW-1030,2024-10-07,407.0,929.5
D06,PW-1030,2024-10-14,283.0,673.22
D06,PW-1030,2024-10-21,336.0,766.32
D06,PW-1030,2024-10-28,373.0,857.12
D06,PW-1030,2024-11-04,309.0,699.53
D06,PW-1030,2024-11-11,344.0,795.78
D06,PW-1030,2024-11-18,295.0,688.98
D06,PW-1030,2024-11-25,360.0,853.51
D06,PW-1030,2024-12-02,386.0,938.6500000000001
D06,PW-1030,2024-12-09,299.0,677.98
D06,PW-1030,2024-12-16,284.0,651.91
D06,PW-1030,2024-12-23,290.0,694.05
D06,PW-1030,2024-12-30,336.0,744.4
D06,PW-1030,2025-01-06,266.0,602.68
D06,PW-1030,2025-01-13,346.0,796.27
D06,PW-1030,2025-01-20,327.0,754.78
D06,PW-1030,2025-01-27,342.0,827.1
D06,PW-1030,2025-02-03,326.0,724.25
D06,PW-1030,2025-02-10,366.0,880.6
D06,PW-1030,2025-02-17,291.0,686.05
D06,PW-1030,2025-02-24,227.0,546.93
D06,PW-1030,2025-03-03,376.0,889.15
D06,PW-1030,2025-03-10,283.0,655.0
D06,PW-1030,2025-03-17,359.0,817.98
D06,PW-1030,2025-03-24,298.0,721.93
D06,PW-1030,2025-03-31,407.0,961.71
D06,PW-1030,2025-04-07,323.0,769.42
D06,PW-1030,2025-04-14,325.0,727.23
D06,PW-1030,2025-04-21,413.0,961.22
D06,PW-1030,2025-04-28,403.0,901.23
D06,PW-1030,2025-05-05,413.0,1000.83
D06,PW-1030,2025-05-12,321.0,784.14
D06,PW-1030,2025-05-19,321.0,739.5
D06,PW-1030,2025-05-26,416.0,995.6500000000001
D06,PW-1030,2025-06-02,362.0,844.99
D06,PW-1030,2025-06-09,317.0,716.0999999999999
D06,PW-1030,2025-06-16,388.0,894.23
D06,PW-1030,2025-06-23,549.0,1255.2
D06,PW-1030,2025-06-30,357.0,842.13
D06,PW-1030,2025-07-07,334.0,804.22
D06,PW-1030,2025-07-14,349.0,840.33
D06,PW-1030,2025-07-21,335.0,747.27
D06,PW-1030,2025-07-28,438.0,1006.6
D06,PW-1030,2025-08-04,482.0,1076.66
D06,PW-1030,2025-08-11,399.0,976.73
D06,PW-1030,2025-08-18,387.0,861.86
D06,PW-1030,2025-08-25,364.0,846.67
D06,PW-1030,2025-09-01,478.0,1167.96
D06,PW-1030,2025-09-08,417.0,941.8
D06,PW-1030,2025-09-15,457.0,1053.92
D06,PW-1030,2025-09-22,283.0,668.58
D06,PW-1030,2025-09-29,436.0,967.38
D06,PW-1030,2025-10-06,386.0,892.0
D06,PW-1030,2025-10-13,418.0,1018.56
D06,PW-1030,2025-10-20,444.0,1047.41
D06,PW-1030,2025-10-27,302.0,685.5799999999999
D06,PW-1030,2025-11-03,358.0,881.45
D06,PW-1030,2025-11-10,289.0,638.9
D06,PW-1030,2025-11-17,426.0,1041.44
D06,PW-1030,2025-11-24,295.0,698.8199999999999
D06,PW-1030,2025-12-01,261.0,637.99
D06,PW-1030,2025-12-08,289.0,638.99
D06,PW-1030,2025-12-15,307.0,725.5
D06,PW-1030,2025-12-22,298.0,712.99
D06,PW-1030,2025-12-29,349.0,832.59
D06,PW-1030,2026-01-05,390.0,905.3199999999999
D06,PW-1030,2026-01-12,283.0,649.06
D06,PW-1030,2026-01-19,420.0,974.92
D06,PW-1030,2026-01-26,369.0,827.65
D06,PW-1030,2026-02-02,424.0,1016.52
D06,PW-1030,2026-02-09,371.0,867.21
D06,PW-1030,2026-02-16,429.0,1032.1799999999998
D06,PW-1030,2026-02-23,309.0,711.0500000000001
D06,PW-1030,2026-03-02,375.0,893.83
D06,PW-1030,2026-03-09,336.0,804.14
D06,PW-1030,2026-03-16,417.0,930.94
D06,PW-1030,2026-03-23,417.0,1020.38
D06,PW-1030,2026-03-30,439.0,1076.15
D06,PW-1030,2026-04-06,433.0,1001.6
D06,PW-1030,2026-04-13,447.0,1000.18
D06,PW-1030,2026-04-20,414.0,937.71
D06,PW-1030,2026-04-27,377.0,847.53
D06,PW-1030,2026-05-04,477.0,1091.78
D06,PW-1030,2026-05-25,458.0,1017.96
D06,PW-1030,2026-06-01,404.0,989.6400000000001
D06,PW-1030,2026-06-08,392.0,871.81
D06,PW-1030,2026-06-15,506.0,1131.34
D06,PW-1030,2026-06-22,278.0,630.39
D06,PW-1031,2024-01-01,276.0,1249.6399999999999
D06,PW-1031,2024-01-08,340.0,1467.3
D06,PW-1031,2024-01-15,503.0,2192.21
D06,PW-1031,2024-01-22,322.0,1492.9199999999998
D06,PW-1031,2024-01-29,424.0,1930.57
D06,PW-1031,2024-02-05,329.0,1465.88
D06,PW-1031,2024-02-12,418.0,1874.67
D06,PW-1031,2024-02-19,435.0,1951.63
D06,PW-1031,2024-02-26,348.0,1596.1
D06,PW-1031,2024-03-04,346.0,1562.87
D06,PW-1031,2024-03-11,424.0,1998.27
D06,PW-1031,2024-03-18,435.0,1907.83
D06,PW-1031,2024-03-25,450.0,2084.5
D06,PW-1031,2024-04-01,401.0,1870.31
D06,PW-1031,2024-04-08,343.0,1609.11
D06,PW-1031,2024-04-15,401.0,1851.8200000000002
D06,PW-1031,2024-04-22,349.0,1649.0500000000002
D06,PW-1031,2024-04-29,451.0,1991.0800000000002
D06,PW-1031,2024-05-06,355.0,1681.4299999999998
D06,PW-1031,2024-05-13,373.0,1617.65
D06,PW-1031,2024-05-20,412.0,1938.71
D06,PW-1031,2024-05-27,521.0,2332.27
D06,PW-1031,2024-06-03,355.0,1617.1
D06,PW-1031,2024-06-10,386.0,1730.1200000000001
D06,PW-1031,2024-06-17,396.0,1819.83
D06,PW-1031,2024-06-24,456.0,1961.1
D06,PW-1031,2024-07-01,372.0,1635.84
D06,PW-1031,2024-07-08,354.0,1529.8999999999999
D06,PW-1031,2024-07-15,378.0,1619.55
D06,PW-1031,2024-07-22,447.0,2027.5700000000002
D06,PW-1031,2024-07-29,331.0,1511.48
D06,PW-1031,2024-08-05,491.0,2180.88
D06,PW-1031,2024-08-12,465.0,2160.82
D06,PW-1031,2024-08-19,458.0,2014.46
D06,PW-1031,2024-08-26,438.0,1951.5700000000002
D06,PW-1031,2024-09-02,413.0,1901.4499999999998
D06,PW-1031,2024-09-09,358.0,1566.8600000000001
D06,PW-1031,2024-09-16,375.0,1625.3
D06,PW-1031,2024-09-23,370.0,1689.19
D06,PW-1031,2024-09-30,317.0,1408.8
D06,PW-1031,2024-10-07,487.0,2293.9
D06,PW-1031,2024-10-14,324.0,1435.18
D06,PW-1031,2024-10-21,360.0,1548.26
D06,PW-1031,2024-10-28,367.0,1616.5700000000002
D06,PW-1031,2024-11-04,402.0,1875.65
D06,PW-1031,2024-11-11,357.0,1579.67
D06,PW-1031,2024-11-18,342.0,1617.93
D06,PW-1031,2024-11-25,440.0,2048.55
D06,PW-1031,2024-12-02,622.0,2782.17
D06,PW-1031,2024-12-09,524.0,2262.54
D06,PW-1031,2024-12-16,387.0,1792.11
D06,PW-1031,2024-12-23,298.0,1310.67
D06,PW-1031,2024-12-30,297.0,1299.9099999999999
D06,PW-1031,2025-01-06,448.0,1982.48
D06,PW-1031,2025-01-13,393.0,1719.14
D06,PW-1031,2025-01-20,403.0,1864.04
D06,PW-1031,2025-01-27,415.0,1842.8700000000001
D06,PW-1031,2025-02-03,361.0,1713.08
D06,PW-1031,2025-02-10,404.0,1886.5500000000002
D06,PW-1031,2025-02-17,444.0,1936.17
D06,PW-1031,2025-02-24,528.0,2287.16
D06,PW-1031,2025-03-03,538.0,2392.42
D06,PW-1031,2025-03-10,472.0,2013.33
D06,PW-1031,2025-03-17,400.0,1783.88
D06,PW-1031,2025-03-24,447.0,2049.38
D06,PW-1031,2025-03-31,527.0,2443.4
D06,PW-1031,2025-04-07,587.0,2528.29
D06,PW-1031,2025-04-14,544.0,2484.59
D06,PW-1031,2025-04-21,417.0,1859.79
D06,PW-1031,2025-04-28,542.0,2536.58
D06,PW-1031,2025-05-05,419.0,1794.0
D06,PW-1031,2025-05-12,542.0,2553.45
D06,PW-1031,2025-05-19,563.0,2576.88
D06,PW-1031,2025-05-26,527.0,2266.84
D06,PW-1031,2025-06-02,429.0,1894.5100000000002
D06,PW-1031,2025-06-09,399.0,1736.1
D06,PW-1031,2025-06-16,447.0,2102.19
D06,PW-1031,2025-06-23,513.0,2371.82
D06,PW-1031,2025-06-30,414.0,1888.33
D06,PW-1031,2025-07-07,358.0,1588.7800000000002
D06,PW-1031,2025-07-14,579.0,2486.3999999999996
D06,PW-1031,2025-07-21,383.0,1701.59
D06,PW-1031,2025-07-28,477.0,2136.79
D06,PW-1031,2025-08-04,486.0,2206.52
D06,PW-1031,2025-08-11,405.0,1773.4499999999998
D06,PW-1031,2025-08-18,441.0,2010.96
D06,PW-1031,2025-08-25,569.0,2564.88
D06,PW-1031,2025-09-01,345.0,1533.01
D06,PW-1031,2025-09-08,522.0,2284.7799999999997
D06,PW-1031,2025-09-15,442.0,2090.17
D06,PW-1031,2025-09-22,386.0,1788.62
D06,PW-1031,2025-09-29,458.0,2171.0099999999998
D06,PW-1031,2025-10-06,402.0,1790.83
D06,PW-1031,2025-10-13,435.0,1861.1399999999999
D06,PW-1031,2025-10-20,476.0,2037.27
D06,PW-1031,2025-10-27,480.0,2115.16
D06,PW-1031,2025-11-03,393.0,1855.62
D06,PW-1031,2025-11-10,470.0,2004.49
D06,PW-1031,2025-11-17,563.0,2556.89
D06,PW-1031,2025-11-24,347.0,1640.68
D06,PW-1031,2025-12-01,368.0,1627.48
D06,PW-1031,2025-12-08,333.0,1444.8
D06,PW-1031,2025-12-15,543.0,2580.92
D06,PW-1031,2025-12-22,420.0,1974.49
D06,PW-1031,2025-12-29,409.0,1847.13
D06,PW-1031,2026-01-05,461.0,2050.3
D06,PW-1031,2026-01-12,488.0,2267.28
D06,PW-1031,2026-01-19,443.0,1945.58
D06,PW-1031,2026-01-26,533.0,2341.8599999999997
D06,PW-1031,2026-02-02,430.0,1972.95
D06,PW-1031,2026-02-09,369.0,1713.56
D06,PW-1031,2026-02-16,559.0,2493.18
D06,PW-1031,2026-02-23,438.0,2026.67
D06,PW-1031,2026-03-02,355.0,1554.67
D06,PW-1031,2026-03-09,295.0,1259.1799999999998
D06,PW-1031,2026-03-16,372.0,1657.68
D06,PW-1031,2026-03-23,428.0,2016.68
D06,PW-1031,2026-03-30,477.0,2126.01
D06,PW-1031,2026-04-06,503.0,2161.05
D06,PW-1031,2026-04-13,387.0,1651.67
D06,PW-1031,2026-04-20,466.0,2105.57
D06,PW-1031,2026-04-27,447.0,2037.84
D06,PW-1031,2026-05-04,528.0,2252.82
D06,PW-1031,2026-05-25,621.0,2814.91
D06,PW-1031,2026-06-01,413.0,1890.25
D06,PW-1031,2026-06-08,521.0,2376.79
D06,PW-1031,2026-06-15,489.0,2170.8
D06,PW-1031,2026-06-22,496.0,2226.52
D06,PW-1032,2024-01-01,496.0,2107.56
D06,PW-1032,2024-01-08,560.0,2180.12
D06,PW-1032,2024-01-15,462.0,1963.31
D06,PW-1032,2024-01-22,344.0,1474.05
D06,PW-1032,2024-01-29,542.0,2125.04
D06,PW-1032,2024-02-05,483.0,1913.19
D06,PW-1032,2024-02-12,553.0,2256.51
D06,PW-1032,2024-02-19,558.0,2155.01
D06,PW-1032,2024-02-26,527.0,2161.67
D06,PW-1032,2024-03-04,544.0,2270.21
D06,PW-1032,2024-03-11,583.0,2481.02
D06,PW-1032,2024-03-18,517.0,2212.21
D06,PW-1032,2024-03-25,614.0,2577.69
D06,PW-1032,2024-04-01,783.0,3099.47
D06,PW-1032,2024-04-08,580.0,2303.03
D06,PW-1032,2024-04-15,600.0,2369.29
D06,PW-1032,2024-04-22,698.0,2699.58
D06,PW-1032,2024-04-29,684.0,2674.13
D06,PW-1032,2024-05-06,572.0,2413.75
D06,PW-1032,2024-05-13,452.0,1884.3
D06,PW-1032,2024-05-20,512.0,2015.29
D06,PW-1032,2024-05-27,612.0,2488.1000000000004
D06,PW-1032,2024-06-03,559.0,2252.82
D06,PW-1032,2024-06-10,528.0,2107.5299999999997
D06,PW-1032,2024-06-17,628.0,2669.8
D06,PW-1032,2024-06-24,539.0,2117.16
D06,PW-1032,2024-07-01,726.0,3029.42
D06,PW-1032,2024-07-08,533.0,2163.7599999999998
D06,PW-1032,2024-07-15,595.0,2466.4700000000003
D06,PW-1032,2024-07-22,560.0,2357.89
D06,PW-1032,2024-07-29,555.0,2337.56
D06,PW-1032,2024-08-05,611.0,2529.1800000000003
D06,PW-1032,2024-08-12,402.0,1574.53
D06,PW-1032,2024-08-19,577.0,2296.02
D06,PW-1032,2024-08-26,647.0,2579.74
D06,PW-1032,2024-09-02,648.0,2717.81
D06,PW-1032,2024-09-09,605.0,2468.39
D06,PW-1032,2024-09-16,607.0,2351.56
D06,PW-1032,2024-09-23,601.0,2554.62
D06,PW-1032,2024-09-30,675.0,2664.4900000000002
D06,PW-1032,2024-10-07,569.0,2257.62
D06,PW-1032,2024-10-14,531.0,2163.48
D06,PW-1032,2024-10-21,483.0,1876.13
D06,PW-1032,2024-10-28,518.0,2035.2
D06,PW-1032,2024-11-04,586.0,2494.87
D06,PW-1032,2024-11-11,600.0,2386.86
D06,PW-1032,2024-11-18,495.0,2000.2
D06,PW-1032,2024-11-25,494.0,2015.49
D06,PW-1032,2024-12-02,574.0,2338.7
D06,PW-1032,2024-12-09,638.0,2487.6000000000004
D06,PW-1032,2024-12-16,745.0,2938.05
D06,PW-1032,2024-12-23,581.0,2371.17
D06,PW-1032,2024-12-30,496.0,1935.24
D06,PW-1032,2025-01-06,470.0,1963.1399999999999
D06,PW-1032,2025-01-13,698.0,2915.56
D06,PW-1032,2025-01-20,581.0,2408.45
D06,PW-1032,2025-01-27,530.0,2199.43
D06,PW-1032,2025-02-03,516.0,2004.63
D06,PW-1032,2025-02-10,710.0,2955.03
D06,PW-1032,2025-02-17,549.0,2276.2400000000002
D06,PW-1032,2025-02-24,695.0,2807.12
D06,PW-1032,2025-03-03,657.0,2581.9
D06,PW-1032,2025-03-10,567.0,2190.11
D06,PW-1032,2025-03-17,778.0,3231.46
D06,PW-1032,2025-03-24,605.0,2370.33
D06,PW-1032,2025-03-31,572.0,2289.9
D06,PW-1032,2025-04-07,766.0,3090.05
D06,PW-1032,2025-04-14,706.0,2975.4300000000003
D06,PW-1032,2025-04-21,591.0,2539.57
D06,PW-1032,2025-04-28,722.0,2823.53
D06,PW-1032,2025-05-05,756.0,3233.67
D06,PW-1032,2025-05-12,712.0,2832.86
D06,PW-1032,2025-05-19,598.0,2414.18
D06,PW-1032,2025-05-26,682.0,2753.34
D06,PW-1032,2025-06-02,557.0,2222.04
D06,PW-1032,2025-06-09,619.0,2494.33
D06,PW-1032,2025-06-16,624.0,2561.76
D06,PW-1032,2025-06-23,741.0,3055.47
D06,PW-1032,2025-06-30,753.0,3034.26
D06,PW-1032,2025-07-07,533.0,2131.06
D06,PW-1032,2025-07-14,695.0,2726.6800000000003
D06,PW-1032,2025-07-21,643.0,2658.55
D06,PW-1032,2025-07-28,682.0,2674.69
D06,PW-1032,2025-08-04,810.0,3281.96
D06,PW-1032,2025-08-11,600.0,2365.67
D06,PW-1032,2025-08-18,608.0,2411.97
D06,PW-1032,2025-08-25,700.0,2936.4
D06,PW-1032,2025-09-01,632.0,2596.83
D06,PW-1032,2025-09-08,493.0,1972.03
D06,PW-1032,2025-09-15,798.0,3289.93
D06,PW-1032,2025-09-22,635.0,2572.72
D06,PW-1032,2025-09-29,700.0,2898.18
D06,PW-1032,2025-10-06,563.0,2415.1499999999996
D06,PW-1032,2025-10-13,485.0,1918.66
D06,PW-1032,2025-10-20,585.0,2426.36
D06,PW-1032,2025-10-27,611.0,2360.55
D06,PW-1032,2025-11-03,702.0,2877.77
D06,PW-1032,2025-11-10,547.0,2160.89
D06,PW-1032,2025-11-17,678.0,2795.5699999999997
D06,PW-1032,2025-11-24,478.0,2054.8900000000003
D06,PW-1032,2025-12-01,553.0,2341.74
D06,PW-1032,2025-12-08,604.0,2521.18
D06,PW-1032,2025-12-15,496.0,2050.5299999999997
D06,PW-1032,2025-12-22,742.0,2871.27
D06,PW-1032,2025-12-29,570.0,2403.6400000000003
D06,PW-1032,2026-01-05,531.0,2191.9700000000003
D06,PW-1032,2026-01-12,512.0,2183.69
D06,PW-1032,2026-01-19,502.0,2041.85
D06,PW-1032,2026-01-26,677.0,2710.76
D06,PW-1032,2026-02-02,544.0,2127.66
D06,PW-1032,2026-02-09,653.0,2629.17
D06,PW-1032,2026-02-16,588.0,2371.7
D06,PW-1032,2026-02-23,727.0,2983.08
D06,PW-1032,2026-03-02,676.0,2718.72
D06,PW-1032,2026-03-09,719.0,3051.92
D06,PW-1032,2026-03-16,957.0,3939.3
D06,PW-1032,2026-03-23,620.0,2500.7
D06,PW-1032,2026-03-30,684.0,2712.8
D06,PW-1032,2026-04-06,695.0,2735.16
D06,PW-1032,2026-04-13,724.0,2998.2
D06,PW-1032,2026-04-20,646.0,2532.4
D06,PW-1032,2026-04-27,767.0,3037.75
D06,PW-1032,2026-05-04,962.0,3992.45
D06,PW-1032,2026-05-25,614.0,2503.02
D06,PW-1032,2026-06-01,558.0,2315.05
D06,PW-1032,2026-06-08,616.0,2573.21
D06,PW-1032,2026-06-15,587.0,2506.65
D06,PW-1032,2026-06-22,596.0,2339.59
D06,PW-1033,2024-01-01,515.0,2233.02
D06,PW-1033,2024-01-08,490.0,2233.48
D06,PW-1033,2024-01-15,454.0,2008.71
D06,PW-1033,2024-01-22,423.0,1861.2
D06,PW-1033,2024-01-29,425.0,1849.72
D06,PW-1033,2024-02-05,414.0,1795.3600000000001
D06,PW-1033,2024-02-12,450.0,1936.21
D06,PW-1033,2024-02-19,513.0,2162.85
D06,PW-1033,2024-02-26,512.0,2214.6800000000003
D06,PW-1033,2024-03-04,451.0,1935.1799999999998
D06,PW-1033,2024-03-11,414.0,1787.97
D06,PW-1033,2024-03-18,640.0,2941.95
D06,PW-1033,2024-03-25,482.0,2050.2200000000003
D06,PW-1033,2024-04-01,454.0,2083.37
D06,PW-1033,2024-04-08,541.0,2361.9700000000003
D06,PW-1033,2024-04-15,503.0,2133.05
D06,PW-1033,2024-04-22,645.0,2757.2
D06,PW-1033,2024-04-29,486.0,2179.05
D06,PW-1033,2024-05-06,462.0,2012.69
D06,PW-1033,2024-05-13,546.0,2320.42
D06,PW-1033,2024-05-20,541.0,2357.9
D06,PW-1033,2024-05-27,506.0,2138.29
D06,PW-1033,2024-06-03,522.0,2237.4
D06,PW-1033,2024-06-10,605.0,2739.81
D06,PW-1033,2024-06-17,668.0,2898.57
D06,PW-1033,2024-06-24,464.0,2105.4
D06,PW-1033,2024-07-01,538.0,2434.35
D06,PW-1033,2024-07-08,615.0,2691.51
D06,PW-1033,2024-07-15,643.0,2696.64
D06,PW-1033,2024-07-22,668.0,2943.66
D06,PW-1033,2024-07-29,451.0,1983.83
D06,PW-1033,2024-08-05,530.0,2253.47
D06,PW-1033,2024-08-12,577.0,2556.16
D06,PW-1033,2024-08-19,460.0,1971.1
D06,PW-1033,2024-08-26,540.0,2429.65
D06,PW-1033,2024-09-02,414.0,1775.48
D06,PW-1033,2024-09-09,455.0,2005.99
D06,PW-1033,2024-09-16,407.0,1691.9
D06,PW-1033,2024-09-23,467.0,1983.1399999999999
D06,PW-1033,2024-09-30,343.0,1557.19
D06,PW-1033,2024-10-07,577.0,2628.4
D06,PW-1033,2024-10-14,527.0,2207.2
D06,PW-1033,2024-10-21,495.0,2094.19
D06,PW-1033,2024-10-28,429.0,1774.4
D06,PW-1033,2024-11-04,364.0,1563.52
D06,PW-1033,2024-11-11,526.0,2361.48
D06,PW-1033,2024-11-18,427.0,1857.96
D06,PW-1033,2024-11-25,481.0,2023.18
D06,PW-1033,2024-12-02,555.0,2337.31
D06,PW-1033,2024-12-09,381.0,1643.96
D06,PW-1033,2024-12-16,506.0,2101.48
D06,PW-1033,2024-12-23,500.0,2116.37
D06,PW-1033,2024-12-30,855.0,3817.48
D06,PW-1033,2025-01-06,466.0,1934.2
D06,PW-1033,2025-01-13,371.0,1688.99
D06,PW-1033,2025-01-20,466.0,1942.3600000000001
D06,PW-1033,2025-01-27,401.0,1768.68
D06,PW-1033,2025-02-03,644.0,2936.41
D06,PW-1033,2025-02-10,672.0,3055.2
D06,PW-1033,2025-02-17,515.0,2209.77
D06,PW-1033,2025-02-24,586.0,2587.84
D06,PW-1033,2025-03-03,564.0,2507.09
D06,PW-1033,2025-03-10,539.0,2236.9
D06,PW-1033,2025-03-17,462.0,1934.27
D06,PW-1033,2025-03-24,623.0,2713.12
D06,PW-1033,2025-03-31,588.0,2546.12
D06,PW-1033,2025-04-07,837.0,3812.2400000000002
D06,PW-1033,2025-04-14,579.0,2434.87
D06,PW-1033,2025-04-21,632.0,2902.37
D06,PW-1033,2025-04-28,612.0,2568.6400000000003
D06,PW-1033,2025-05-05,555.0,2400.06
D06,PW-1033,2025-05-12,619.0,2672.25
D06,PW-1033,2025-05-19,589.0,2684.13
D06,PW-1033,2025-05-26,506.0,2231.92
D06,PW-1033,2025-06-02,715.0,3025.28
D06,PW-1033,2025-06-09,562.0,2354.42
D06,PW-1033,2025-06-16,693.0,2889.88
D06,PW-1033,2025-06-23,614.0,2555.3100000000004
D06,PW-1033,2025-06-30,647.0,2910.3199999999997
D06,PW-1033,2025-07-07,626.0,2743.38
D06,PW-1033,2025-07-14,754.0,3452.87
D06,PW-1033,2025-07-21,737.0,3045.19
D06,PW-1033,2025-07-28,610.0,2800.49
D06,PW-1033,2025-08-04,691.0,3034.28
D06,PW-1033,2025-08-11,606.0,2658.5099999999998
D06,PW-1033,2025-08-18,623.0,2747.77
D06,PW-1033,2025-08-25,792.0,3517.98
D06,PW-1033,2025-09-01,567.0,2375.92
D06,PW-1033,2025-09-08,676.0,3032.21
D06,PW-1033,2025-09-15,620.0,2839.0299999999997
D06,PW-1033,2025-09-22,565.0,2497.17
D06,PW-1033,2025-09-29,587.0,2579.93
D06,PW-1033,2025-10-06,583.0,2601.21
D06,PW-1033,2025-10-13,580.0,2422.57
D06,PW-1033,2025-10-20,587.0,2527.88
D06,PW-1033,2025-10-27,565.0,2576.54
D06,PW-1033,2025-11-03,578.0,2505.3599999999997
D06,PW-1033,2025-11-10,635.0,2906.26
D06,PW-1033,2025-11-17,637.0,2772.19
D06,PW-1033,2025-11-24,599.0,2542.23
D06,PW-1033,2025-12-01,706.0,3127.7200000000003
D06,PW-1033,2025-12-08,520.0,2314.83
D06,PW-1033,2025-12-15,464.0,2088.93
D06,PW-1033,2025-12-22,556.0,2441.77
D06,PW-1033,2025-12-29,498.0,2293.82
D06,PW-1033,2026-01-05,674.0,2940.83
D06,PW-1033,2026-01-12,373.0,1696.26
D06,PW-1033,2026-01-19,520.0,2253.4700000000003
D06,PW-1033,2026-01-26,431.0,1872.29
D06,PW-1033,2026-02-02,589.0,2625.9300000000003
D06,PW-1033,2026-02-09,488.0,2018.44
D06,PW-1033,2026-02-16,589.0,2510.17
D06,PW-1033,2026-02-23,746.0,3266.65
D06,PW-1033,2026-03-02,589.0,2661.6
D06,PW-1033,2026-03-09,708.0,3103.1
D06,PW-1033,2026-03-16,719.0,3006.61
D06,PW-1033,2026-03-23,707.0,3163.9700000000003
D06,PW-1033,2026-03-30,483.0,2062.1
D06,PW-1033,2026-04-06,782.0,3364.48
D06,PW-1033,2026-04-13,610.0,2612.05
D06,PW-1033,2026-04-20,704.0,3037.57
D06,PW-1033,2026-04-27,666.0,2919.92
D06,PW-1033,2026-05-04,580.0,2501.96
D06,PW-1033,2026-05-25,566.0,2387.21
D06,PW-1033,2026-06-01,668.0,2883.2
D06,PW-1033,2026-06-08,883.0,3671.4199999999996
D06,PW-1033,2026-06-15,617.0,2807.03
D06,PW-1033,2026-06-22,834.0,3805.51
D06,PW-1034,2024-01-01,495.0,1973.04
D06,PW-1034,2024-01-08,441.0,1842.0
D06,PW-1034,2024-01-15,436.0,1689.25
D06,PW-1034,2024-01-22,473.0,1890.58
D06,PW-1034,2024-01-29,488.0,1894.76
D06,PW-1034,2024-02-05,531.0,2042.6
D06,PW-1034,2024-02-12,532.0,2205.23
D06,PW-1034,2024-02-19,433.0,1837.16
D06,PW-1034,2024-02-26,599.0,2318.08
D06,PW-1034,2024-03-04,434.0,1683.79
D06,PW-1034,2024-03-11,559.0,2285.09
D06,PW-1034,2024-03-18,534.0,2210.13
D06,PW-1034,2024-03-25,709.0,2842.3
D06,PW-1034,2024-04-01,520.0,2023.07
D06,PW-1034,2024-04-08,567.0,2285.71
D06,PW-1034,2024-04-15,575.0,2410.49
D06,PW-1034,2024-04-22,628.0,2440.56
D06,PW-1034,2024-04-29,691.0,2700.7
D06,PW-1034,2024-05-06,607.0,2450.36
D06,PW-1034,2024-05-13,830.0,3332.68
D06,PW-1034,2024-05-20,568.0,2200.28
D06,PW-1034,2024-05-27,710.0,2788.01
D06,PW-1034,2024-06-03,617.0,2636.04
D06,PW-1034,2024-06-10,609.0,2338.62
D06,PW-1034,2024-06-17,498.0,1916.6
D06,PW-1034,2024-06-24,652.0,2691.75
D06,PW-1034,2024-07-01,577.0,2470.15
D06,PW-1034,2024-07-08,593.0,2328.48
D06,PW-1034,2024-07-15,593.0,2416.88
D06,PW-1034,2024-07-22,642.0,2559.61
D06,PW-1034,2024-07-29,702.0,2821.34
D06,PW-1034,2024-08-05,569.0,2396.13
D06,PW-1034,2024-08-12,554.0,2156.3199999999997
D06,PW-1034,2024-08-19,600.0,2455.38
D06,PW-1034,2024-08-26,490.0,1910.36
D06,PW-1034,2024-09-02,501.0,2026.7400000000002
D06,PW-1034,2024-09-09,612.0,2592.13
D06,PW-1034,2024-09-16,515.0,2132.06
D06,PW-1034,2024-09-23,627.0,2617.08
D06,PW-1034,2024-09-30,544.0,2325.31
D06,PW-1034,2024-10-07,520.0,2180.7799999999997
D06,PW-1034,2024-10-14,646.0,2642.25
D06,PW-1034,2024-10-21,490.0,2024.04
D06,PW-1034,2024-10-28,538.0,2160.07
D06,PW-1034,2024-11-04,487.0,1912.49
D06,PW-1034,2024-11-11,533.0,2201.9700000000003
D06,PW-1034,2024-11-18,586.0,2368.68
D06,PW-1034,2024-11-25,544.0,2217.53
D06,PW-1034,2024-12-02,529.0,2048.93
D06,PW-1034,2024-12-09,522.0,2015.09
D06,PW-1034,2024-12-16,555.0,2361.21
D06,PW-1034,2024-12-23,573.0,2221.34
D06,PW-1034,2024-12-30,574.0,2387.71
D06,PW-1034,2025-01-06,556.0,2149.63
D06,PW-1034,2025-01-13,499.0,1987.45
D06,PW-1034,2025-01-20,539.0,2256.65
D06,PW-1034,2025-01-27,519.0,2084.47
D06,PW-1034,2025-02-03,593.0,2367.27
D06,PW-1034,2025-02-10,544.0,2135.68
D06,PW-1034,2025-02-17,552.0,2249.77
D06,PW-1034,2025-02-24,718.0,2987.7
D06,PW-1034,2025-03-03,577.0,2303.82
D06,PW-1034,2025-03-10,451.0,1774.35
D06,PW-1034,2025-03-17,768.0,3066.04
D06,PW-1034,2025-03-24,605.0,2524.7599999999998
D06,PW-1034,2025-03-31,584.0,2317.48
D06,PW-1034,2025-04-07,589.0,2308.21
D06,PW-1034,2025-04-14,593.0,2335.46
D06,PW-1034,2025-04-21,757.0,3052.68
D06,PW-1034,2025-04-28,583.0,2283.01
D06,PW-1034,2025-05-05,587.0,2499.46
D06,PW-1034,2025-05-12,627.0,2537.03
D06,PW-1034,2025-05-19,513.0,2185.27
D06,PW-1034,2025-05-26,611.0,2589.54
D06,PW-1034,2025-06-02,755.0,3036.2
D06,PW-1034,2025-06-09,684.0,2845.88
D06,PW-1034,2025-06-16,709.0,2786.7799999999997
D06,PW-1034,2025-06-23,599.0,2385.97
D06,PW-1034,2025-06-30,515.0,1991.58
D06,PW-1034,2025-07-07,718.0,2842.08
D06,PW-1034,2025-07-14,563.0,2238.08
D06,PW-1034,2025-07-21,516.0,2064.41
D06,PW-1034,2025-07-28,576.0,2435.4300000000003
D06,PW-1034,2025-08-04,582.0,2410.79
D06,PW-1034,2025-08-11,540.0,2104.19
D06,PW-1034,2025-08-18,635.0,2706.67
D06,PW-1034,2025-08-25,865.0,3414.09
D06,PW-1034,2025-09-01,619.0,2377.67
D06,PW-1034,2025-09-08,563.0,2225.3
D06,PW-1034,2025-09-15,619.0,2443.86
D06,PW-1034,2025-09-22,699.0,2742.5299999999997
D06,PW-1034,2025-09-29,438.0,1814.11
D06,PW-1034,2025-10-06,563.0,2345.29
D06,PW-1034,2025-10-13,618.0,2531.71
D06,PW-1034,2025-10-20,623.0,2584.45
D06,PW-1034,2025-10-27,548.0,2260.42
D06,PW-1034,2025-11-03,480.0,1854.4
D06,PW-1034,2025-11-10,600.0,2494.43
D06,PW-1034,2025-11-17,519.0,2068.56
D06,PW-1034,2025-11-24,390.0,1668.94
D06,PW-1034,2025-12-01,590.0,2410.4
D06,PW-1034,2025-12-08,602.0,2401.68
D06,PW-1034,2025-12-15,564.0,2356.02
D06,PW-1034,2025-12-22,751.0,3171.28
D06,PW-1034,2025-12-29,629.0,2445.59
D06,PW-1034,2026-01-05,602.0,2442.5499999999997
D06,PW-1034,2026-01-12,741.0,3127.66
D06,PW-1034,2026-01-19,790.0,3199.6699999999996
D06,PW-1034,2026-01-26,690.0,2871.52
D06,PW-1034,2026-02-02,571.0,2285.97
D06,PW-1034,2026-02-09,657.0,2782.85
D06,PW-1034,2026-02-16,703.0,2775.5
D06,PW-1034,2026-02-23,441.0,1711.96
D06,PW-1034,2026-03-02,534.0,2268.8
D06,PW-1034,2026-03-09,701.0,2693.44
D06,PW-1034,2026-03-16,642.0,2471.15
D06,PW-1034,2026-03-23,712.0,2755.31
D06,PW-1034,2026-03-30,737.0,2910.13
D06,PW-1034,2026-04-06,588.0,2277.22
D06,PW-1034,2026-04-13,659.0,2692.26
D06,PW-1034,2026-04-20,699.0,2946.06
D06,PW-1034,2026-04-27,784.0,3299.83
D06,PW-1034,2026-05-04,790.0,3138.14
D06,PW-1034,2026-05-25,649.0,2503.95
D06,PW-1034,2026-06-01,841.0,3243.83
D06,PW-1034,2026-06-08,653.0,2667.46
D06,PW-1034,2026-06-15,983.0,3965.76
D06,PW-1034,2026-06-22,585.0,2436.67
D06,SC-1016,2024-01-01,398.0,9194.37
D06,SC-1016,2024-01-08,272.0,6448.08
D06,SC-1016,2024-01-15,362.0,8641.1
D06,SC-1016,2024-01-22,366.0,8776.6
D06,SC-1016,2024-01-29,391.0,9723.59
D06,SC-1016,2024-02-05,382.0,8623.46
D06,SC-1016,2024-02-12,411.0,9400.32
D06,SC-1016,2024-02-19,357.0,8136.18
D06,SC-1016,2024-02-26,531.0,13057.0
D06,SC-1016,2024-03-04,416.0,9576.15
D06,SC-1016,2024-03-11,595.0,13862.99
D06,SC-1016,2024-03-18,355.0,7942.23
D06,SC-1016,2024-03-25,414.0,9953.67
D06,SC-1016,2024-04-01,499.0,11678.86
D06,SC-1016,2024-04-08,362.0,8566.18
D06,SC-1016,2024-04-15,548.0,13632.67
D06,SC-1016,2024-04-22,473.0,11350.720000000001
D06,SC-1016,2024-04-29,476.0,11359.39
D06,SC-1016,2024-05-06,574.0,13016.86
D06,SC-1016,2024-05-13,444.0,10976.31
D06,SC-1016,2024-05-20,440.0,9928.93
D06,SC-1016,2024-05-27,453.0,10253.83
D06,SC-1016,2024-06-03,463.0,11448.02
D06,SC-1016,2024-06-10,403.0,10047.51
D06,SC-1016,2024-06-17,517.0,12551.66
D06,SC-1016,2024-06-24,464.0,11178.529999999999
D06,SC-1016,2024-07-01,476.0,11190.64
D06,SC-1016,2024-07-08,477.0,11511.53
D06,SC-1016,2024-07-15,552.0,12539.04
D06,SC-1016,2024-07-22,511.0,12061.49
D06,SC-1016,2024-07-29,522.0,12568.630000000001
D06,SC-1016,2024-08-05,473.0,10761.13
D06,SC-1016,2024-08-12,520.0,11710.5
D06,SC-1016,2024-08-19,645.0,15789.529999999999
D06,SC-1016,2024-08-26,570.0,12751.34
D06,SC-1016,2024-09-02,412.0,9975.17
D06,SC-1016,2024-09-09,560.0,12551.64
D06,SC-1016,2024-09-16,503.0,12513.070000000002
D06,SC-1016,2024-09-23,468.0,10489.95
D06,SC-1016,2024-09-30,524.0,12469.04
D06,SC-1016,2024-10-07,509.0,12482.84
D06,SC-1016,2024-10-14,473.0,11489.76
D06,SC-1016,2024-10-21,433.0,9903.36
D06,SC-1016,2024-10-28,407.0,9384.2
D06,SC-1016,2024-11-04,514.0,12713.05
D06,SC-1016,2024-11-11,477.0,10846.369999999999
D06,SC-1016,2024-11-18,435.0,10105.86
D06,SC-1016,2024-11-25,451.0,10409.81
D06,SC-1016,2024-12-02,429.0,10417.46
D06,SC-1016,2024-12-09,390.0,9229.23
D06,SC-1016,2024-12-16,549.0,12600.93
D06,SC-1016,2024-12-23,468.0,10908.18
D06,SC-1016,2024-12-30,347.0,8319.29
D06,SC-1016,2025-01-06,521.0,11757.310000000001
D06,SC-1016,2025-01-13,491.0,11338.73
D06,SC-1016,2025-01-20,515.0,11571.59
D06,SC-1016,2025-01-27,562.0,13677.15
D06,SC-1016,2025-02-03,473.0,11064.75
D06,SC-1016,2025-02-10,501.0,11310.74
D06,SC-1016,2025-02-17,407.0,9324.59
D06,SC-1016,2025-02-24,464.0,11192.3
D06,SC-1016,2025-03-03,585.0,14042.390000000001
D06,SC-1016,2025-03-10,512.0,12661.91
D06,SC-1016,2025-03-17,493.0,12038.720000000001
D06,SC-1016,2025-03-24,550.0,13651.03
D06,SC-1016,2025-03-31,467.0,10761.69
D06,SC-1016,2025-04-07,498.0,11156.95
D06,SC-1016,2025-04-14,616.0,14218.01
D06,SC-1016,2025-04-21,428.0,10554.28
D06,SC-1016,2025-04-28,517.0,12233.36
D06,SC-1016,2025-05-05,572.0,13519.66
D06,SC-1016,2025-05-12,602.0,14886.36
D06,SC-1016,2025-05-19,503.0,11397.65
D06,SC-1016,2025-05-26,619.0,15216.39
D06,SC-1016,2025-06-02,581.0,13972.4
D06,SC-1016,2025-06-09,699.0,16947.86
D06,SC-1016,2025-06-16,640.0,14981.880000000001
D06,SC-1016,2025-06-23,561.0,12542.2
D06,SC-1016,2025-06-30,686.0,15588.31
D06,SC-1016,2025-07-07,445.0,10279.61
D06,SC-1016,2025-07-14,465.0,11126.81
D06,SC-1016,2025-07-21,396.0,8955.65
D06,SC-1016,2025-07-28,370.0,8299.88
D06,SC-1016,2025-08-04,335.0,7487.66
D06,SC-1016,2025-08-11,381.0,9358.46
D06,SC-1016,2025-08-18,407.0,9606.44
D06,SC-1016,2025-08-25,366.0,9085.58
D06,SC-1016,2025-09-01,409.0,9344.74
D06,SC-1016,2025-09-08,376.0,8843.33
D06,SC-1016,2025-09-15,380.0,8505.25
D06,SC-1016,2025-09-22,447.0,10382.9
D06,SC-1016,2025-09-29,457.0,11172.74
D06,SC-1016,2025-10-06,290.0,7018.08
D06,SC-1016,2025-10-13,300.0,7333.07
D06,SC-1016,2025-10-20,359.0,8883.65
D06,SC-1016,2025-10-27,325.0,7763.1
D06,SC-1016,2025-11-03,272.0,6717.84
D06,SC-1016,2025-11-10,355.0,8158.89
D06,SC-1016,2025-11-17,281.0,6659.61
D06,SC-1016,2025-11-24,362.0,8678.84
D06,SC-1016,2025-12-01,375.0,8850.88
D06,SC-1016,2025-12-08,381.0,9131.01
D06,SC-1016,2025-12-15,286.0,6663.719999999999
D06,SC-1016,2025-12-22,318.0,7292.31
D06,SC-1016,2025-12-29,372.0,8721.58
D06,SC-1016,2026-01-05,229.0,5416.23
D06,SC-1016,2026-01-12,264.0,6569.74
D06,SC-1016,2026-01-19,338.0,7820.650000000001
D06,SC-1016,2026-01-26,391.0,9735.7
D06,SC-1016,2026-02-02,215.0,4974.72
D06,SC-1016,2026-02-09,262.0,5956.63
D06,SC-1016,2026-02-16,295.0,7033.25
D06,SC-1016,2026-02-23,317.0,7677.700000000001
D06,SC-1016,2026-03-02,414.0,10145.27
D06,SC-1016,2026-03-09,361.0,8642.82
D06,SC-1016,2026-03-16,334.0,7755.5599999999995
D06,SC-1016,2026-03-23,252.0,5861.8099999999995
D06,SC-1016,2026-03-30,312.0,7587.129999999999
D06,SC-1016,2026-04-06,352.0,8042.6
D06,SC-1016,2026-04-13,263.0,6290.84
D06,SC-1016,2026-04-20,294.0,6711.14
D06,SC-1016,2026-04-27,308.0,7354.5
D06,SC-1016,2026-05-04,286.0,6671.18
D06,SC-1016,2026-05-25,283.0,6516.530000000001
D06,SC-1016,2026-06-01,274.0,6454.16
D06,SC-1016,2026-06-08,317.0,7837.870000000001
D06,SC-1016,2026-06-15,338.0,8373.56
D06,SC-1016,2026-06-22,425.0,10169.8
D06,SC-1017,2024-01-01,187.0,2693.49
D06,SC-1017,2024-01-08,190.0,2713.68
D06,SC-1017,2024-01-15,194.0,2853.98
D06,SC-1017,2024-01-22,157.0,2342.3
D06,SC-1017,2024-01-29,155.0,2169.92
D06,SC-1017,2024-02-05,211.0,3021.1400000000003
D06,SC-1017,2024-02-12,274.0,3845.5
D06,SC-1017,2024-02-19,300.0,4120.24
D06,SC-1017,2024-02-26,200.0,2783.98
D06,SC-1017,2024-03-04,186.0,2753.29
D06,SC-1017,2024-03-11,182.0,2489.32
D06,SC-1017,2024-03-18,300.0,4114.68
D06,SC-1017,2024-03-25,184.0,2562.5699999999997
D06,SC-1017,2024-04-01,221.0,3235.1
D06,SC-1017,2024-04-08,262.0,3616.58
D06,SC-1017,2024-04-15,226.0,3200.91
D06,SC-1017,2024-04-22,287.0,4291.18
D06,SC-1017,2024-04-29,188.0,2579.62
D06,SC-1017,2024-05-06,209.0,2860.44
D06,SC-1017,2024-05-13,218.0,3128.56
D06,SC-1017,2024-05-20,232.0,3277.95
D06,SC-1017,2024-05-27,279.0,3790.15
D06,SC-1017,2024-06-03,174.0,2356.13
D06,SC-1017,2024-06-10,234.0,3306.62
D06,SC-1017,2024-06-17,256.0,3593.01
D06,SC-1017,2024-06-24,277.0,3937.8199999999997
D06,SC-1017,2024-07-01,222.0,3268.27
D06,SC-1017,2024-07-08,239.0,3337.27
D06,SC-1017,2024-07-15,249.0,3628.53
D06,SC-1017,2024-07-22,265.0,3880.17
D06,SC-1017,2024-07-29,309.0,4575.95
D06,SC-1017,2024-08-05,238.0,3581.67
D06,SC-1017,2024-08-12,262.0,3888.05
D06,SC-1017,2024-08-19,176.0,2643.2
D06,SC-1017,2024-08-26,228.0,3087.91
D06,SC-1017,2024-09-02,261.0,3686.2000000000003
D06,SC-1017,2024-09-09,277.0,4175.1
D06,SC-1017,2024-09-16,180.0,2487.99
D06,SC-1017,2024-09-23,228.0,3167.78
D06,SC-1017,2024-09-30,213.0,3036.29
D06,SC-1017,2024-10-07,273.0,3997.82
D06,SC-1017,2024-10-14,180.0,2570.0699999999997
D06,SC-1017,2024-10-21,247.0,3629.38
D06,SC-1017,2024-10-28,238.0,3591.39
D06,SC-1017,2024-11-04,252.0,3562.57
D06,SC-1017,2024-11-11,229.0,3259.87
D06,SC-1017,2024-11-18,243.0,3602.38
D06,SC-1017,2024-11-25,252.0,3522.34
D06,SC-1017,2024-12-02,204.0,2786.81
D06,SC-1017,2024-12-09,220.0,3216.1400000000003
D06,SC-1017,2024-12-16,257.0,3512.84
D06,SC-1017,2024-12-23,235.0,3276.33
D06,SC-1017,2024-12-30,169.0,2429.05
D06,SC-1017,2025-01-06,183.0,2650.94
D06,SC-1017,2025-01-13,288.0,3953.98
D06,SC-1017,2025-01-20,219.0,3055.86
D06,SC-1017,2025-01-27,170.0,2362.37
D06,SC-1017,2025-02-03,221.0,3254.9900000000002
D06,SC-1017,2025-02-10,274.0,3757.03
D06,SC-1017,2025-02-17,226.0,3055.59
D06,SC-1017,2025-02-24,306.0,4210.88
D06,SC-1017,2025-03-03,215.0,3023.2799999999997
D06,SC-1017,2025-03-10,274.0,4088.8
D06,SC-1017,2025-03-17,293.0,4401.02
D06,SC-1017,2025-03-24,273.0,3832.76
D06,SC-1017,2025-03-31,293.0,4044.1499999999996
D06,SC-1017,2025-04-07,349.0,5183.27
D06,SC-1017,2025-04-14,295.0,4245.04
D06,SC-1017,2025-04-21,208.0,2825.49
D06,SC-1017,2025-04-28,274.0,4031.48
D06,SC-1017,2025-05-05,301.0,4191.14
D06,SC-1017,2025-05-12,338.0,4571.28
D06,SC-1017,2025-05-19,300.0,4424.44
D06,SC-1017,2025-05-26,297.0,4258.65
D06,SC-1017,2025-06-02,318.0,4389.780000000001
D06,SC-1017,2025-06-09,302.0,4456.9
D06,SC-1017,2025-06-16,251.0,3613.9800000000005
D06,SC-1017,2025-06-23,343.0,4869.32
D06,SC-1017,2025-06-30,258.0,3766.03
D06,SC-1017,2025-07-07,172.0,2526.35
D06,SC-1017,2025-07-14,227.0,3269.7599999999998
D06,SC-1017,2025-07-21,192.0,2860.5899999999997
D06,SC-1017,2025-07-28,215.0,3143.85
D06,SC-1017,2025-08-04,168.0,2278.78
D06,SC-1017,2025-08-11,208.0,3047.06
D06,SC-1017,2025-08-18,190.0,2653.88
D06,SC-1017,2025-08-25,194.0,2911.91
D06,SC-1017,2025-09-01,198.0,2842.62
D06,SC-1017,2025-09-08,185.0,2636.87
D06,SC-1017,2025-09-15,169.0,2399.8
D06,SC-1017,2025-09-22,153.0,2124.25
D06,SC-1017,2025-09-29,194.0,2754.36
D06,SC-1017,2025-10-06,161.0,2278.96
D06,SC-1017,2025-10-13,139.0,2082.55
D06,SC-1017,2025-10-20,161.0,2179.5
D06,SC-1017,2025-10-27,154.0,2233.49
D06,SC-1017,2025-11-03,154.0,2171.56
D06,SC-1017,2025-11-10,191.0,2706.22
D06,SC-1017,2025-11-17,142.0,2130.79
D06,SC-1017,2025-11-24,210.0,2968.8
D06,SC-1017,2025-12-01,160.0,2391.55
D06,SC-1017,2025-12-08,149.0,2209.81
D06,SC-1017,2025-12-15,190.0,2700.81
D06,SC-1017,2025-12-22,153.0,2284.89
D06,SC-1017,2025-12-29,145.0,2085.18
D06,SC-1017,2026-01-05,150.0,2054.74
D06,SC-1017,2026-01-12,270.0,3846.39
D06,SC-1017,2026-01-19,103.0,1450.35
D06,SC-1017,2026-01-26,154.0,2294.59
D06,SC-1017,2026-02-02,182.0,2701.87
D06,SC-1017,2026-02-09,164.0,2281.96
D06,SC-1017,2026-02-16,164.0,2293.38
D06,SC-1017,2026-02-23,174.0,2559.21
D06,SC-1017,2026-03-02,173.0,2464.56
D06,SC-1017,2026-03-09,149.0,2141.16
D06,SC-1017,2026-03-16,174.0,2397.61
D06,SC-1017,2026-03-23,157.0,2240.98
D06,SC-1017,2026-03-30,161.0,2329.12
D06,SC-1017,2026-04-06,133.0,1829.01
D06,SC-1017,2026-04-13,139.0,1984.28
D06,SC-1017,2026-04-20,143.0,2088.1000000000004
D06,SC-1017,2026-04-27,137.0,2009.71
D06,SC-1017,2026-05-04,133.0,1814.92
D06,SC-1017,2026-05-25,134.0,1920.81
D06,SC-1017,2026-06-01,163.0,2384.56
D06,SC-1017,2026-06-08,138.0,2037.9099999999999
D06,SC-1017,2026-06-15,173.0,2475.79
D06,SC-1017,2026-06-22,166.0,2329.4700000000003
D06,SC-1018,2024-01-01,148.0,2635.27
D06,SC-1018,2024-01-08,176.0,3181.99
D06,SC-1018,2024-01-15,145.0,2668.13
D06,SC-1018,2024-01-22,122.0,2045.86
D06,SC-1018,2024-01-29,142.0,2461.39
D06,SC-1018,2024-02-05,138.0,2285.18
D06,SC-1018,2024-02-12,169.0,3063.92
D06,SC-1018,2024-02-19,172.0,3078.59
D06,SC-1018,2024-02-26,210.0,3477.9900000000002
D06,SC-1018,2024-03-04,145.0,2520.0
D06,SC-1018,2024-03-11,180.0,3287.12
D06,SC-1018,2024-03-18,191.0,3363.62
D06,SC-1018,2024-03-25,173.0,3041.57
D06,SC-1018,2024-04-01,145.0,2560.16
D06,SC-1018,2024-04-08,150.0,2492.73
D06,SC-1018,2024-04-15,181.0,3324.61
D06,SC-1018,2024-04-22,177.0,3098.14
D06,SC-1018,2024-04-29,136.0,2494.57
D06,SC-1018,2024-05-06,140.0,2333.11
D06,SC-1018,2024-05-13,180.0,3059.7
D06,SC-1018,2024-05-20,120.0,1997.3500000000001
D06,SC-1018,2024-05-27,174.0,3170.96
D06,SC-1018,2024-06-03,155.0,2726.02
D06,SC-1018,2024-06-10,149.0,2595.2799999999997
D06,SC-1018,2024-06-17,158.0,2834.36
D06,SC-1018,2024-06-24,176.0,3008.9399999999996
D06,SC-1018,2024-07-01,171.0,3039.86
D06,SC-1018,2024-07-08,142.0,2495.42
D06,SC-1018,2024-07-15,131.0,2190.94
D06,SC-1018,2024-07-22,175.0,3046.8500000000004
D06,SC-1018,2024-07-29,183.0,3240.73
D06,SC-1018,2024-08-05,189.0,3361.32
D06,SC-1018,2024-08-12,131.0,2342.69
D06,SC-1018,2024-08-19,175.0,2939.77
D06,SC-1018,2024-08-26,182.0,3281.3
D06,SC-1018,2024-09-02,153.0,2661.93
D06,SC-1018,2024-09-09,155.0,2657.84
D06,SC-1018,2024-09-16,152.0,2778.23
D06,SC-1018,2024-09-23,149.0,2600.71
D06,SC-1018,2024-09-30,195.0,3495.5099999999998
D06,SC-1018,2024-10-07,147.0,2476.64
D06,SC-1018,2024-10-14,142.0,2627.13
D06,SC-1018,2024-10-21,114.0,1968.46
D06,SC-1018,2024-10-28,175.0,3124.37
D06,SC-1018,2024-11-04,139.0,2403.83
D06,SC-1018,2024-11-11,139.0,2402.92
D06,SC-1018,2024-11-18,198.0,3571.56
D06,SC-1018,2024-11-25,131.0,2340.92
D06,SC-1018,2024-12-02,126.0,2176.92
D06,SC-1018,2024-12-09,126.0,2270.16
D06,SC-1018,2024-12-16,127.0,2306.59
D06,SC-1018,2024-12-23,143.0,2609.07
D06,SC-1018,2024-12-30,158.0,2721.68
D06,SC-1018,2025-01-06,114.0,2002.92
D06,SC-1018,2025-01-13,185.0,3159.89
D06,SC-1018,2025-01-20,175.0,3211.09
D06,SC-1018,2025-01-27,171.0,3125.71
D06,SC-1018,2025-02-03,177.0,3107.6400000000003
D06,SC-1018,2025-02-10,185.0,3168.29
D06,SC-1018,2025-02-17,168.0,3031.63
D06,SC-1018,2025-02-24,222.0,3736.87
D06,SC-1018,2025-03-03,160.0,2848.47
D06,SC-1018,2025-03-10,164.0,2734.9
D06,SC-1018,2025-03-17,158.0,2631.45
D06,SC-1018,2025-03-24,162.0,2790.07
D06,SC-1018,2025-03-31,155.0,2615.2799999999997
D06,SC-1018,2025-04-07,157.0,2857.45
D06,SC-1018,2025-04-14,184.0,3354.87
D06,SC-1018,2025-04-21,185.0,3129.04
D06,SC-1018,2025-04-28,179.0,3263.2999999999997
D06,SC-1018,2025-05-05,172.0,3092.6400000000003
D06,SC-1018,2025-05-12,239.0,3973.3
D06,SC-1018,2025-05-19,249.0,4399.34
D06,SC-1018,2025-05-26,221.0,3700.26
D06,SC-1018,2025-06-02,210.0,3627.59
D06,SC-1018,2025-06-09,252.0,4562.61
D06,SC-1018,2025-06-16,211.0,3666.84
D06,SC-1018,2025-06-23,164.0,3016.68
D06,SC-1018,2025-06-30,174.0,2962.85
D06,SC-1018,2025-07-07,156.0,2677.18
D06,SC-1018,2025-07-14,168.0,2946.48
D06,SC-1018,2025-07-21,183.0,3203.08
D06,SC-1018,2025-07-28,180.0,3245.83
D06,SC-1018,2025-08-04,167.0,3009.65
D06,SC-1018,2025-08-11,168.0,2987.7
D06,SC-1018,2025-08-18,135.0,2468.74
D06,SC-1018,2025-08-25,132.0,2428.55
D06,SC-1018,2025-09-01,128.0,2136.59
D06,SC-1018,2025-09-08,137.0,2505.7200000000003
D06,SC-1018,2025-09-15,149.0,2573.82
D06,SC-1018,2025-09-22,211.0,3808.1699999999996
D06,SC-1018,2025-09-29,121.0,2179.48
D06,SC-1018,2025-10-06,115.0,2015.92
D06,SC-1018,2025-10-13,137.0,2298.4
D06,SC-1018,2025-10-20,115.0,2043.4499999999998
D06,SC-1018,2025-10-27,147.0,2593.94
D06,SC-1018,2025-11-03,148.0,2540.56
D06,SC-1018,2025-11-10,156.0,2755.28
D06,SC-1018,2025-11-17,125.0,2084.05
D06,SC-1018,2025-11-24,146.0,2580.48
D06,SC-1018,2025-12-01,94.0,1668.1200000000001
D06,SC-1018,2025-12-08,137.0,2535.81
D06,SC-1018,2025-12-15,127.0,2256.78
D06,SC-1018,2025-12-22,116.0,2068.0299999999997
D06,SC-1018,2025-12-29,108.0,1890.56
D06,SC-1018,2026-01-05,72.0,1274.96
D06,SC-1018,2026-01-12,122.0,2256.35
D06,SC-1018,2026-01-19,101.0,1791.1100000000001
D06,SC-1018,2026-01-26,104.0,1812.67
D06,SC-1018,2026-02-02,113.0,2010.32
D06,SC-1018,2026-02-09,115.0,2069.1
D06,SC-1018,2026-02-16,97.0,1774.9
D06,SC-1018,2026-02-23,97.0,1615.91
D06,SC-1018,2026-03-02,95.0,1637.3
D06,SC-1018,2026-03-09,111.0,1989.91
D06,SC-1018,2026-03-16,131.0,2212.35
D06,SC-1018,2026-03-23,113.0,1936.8999999999999
D06,SC-1018,2026-03-30,115.0,2040.14
D06,SC-1018,2026-04-06,106.0,1759.78
D06,SC-1018,2026-04-13,102.0,1734.09
D06,SC-1018,2026-04-20,100.0,1710.03
D06,SC-1018,2026-04-27,104.0,1858.74
D06,SC-1018,2026-05-04,90.0,1517.42
D06,SC-1018,2026-05-25,116.0,2070.81
D06,SC-1018,2026-06-01,119.0,2056.19
D06,SC-1018,2026-06-08,106.0,1766.9
D06,SC-1018,2026-06-15,118.0,2059.19
D06,SC-1018,2026-06-22,102.0,1768.98
D06,SC-1020,2024-01-01,290.0,3330.04
D06,SC-1020,2024-01-08,353.0,4137.7300000000005
D06,SC-1020,2024-01-15,392.0,4917.32
D06,SC-1020,2024-01-22,311.0,3778.54
D06,SC-1020,2024-01-29,384.0,4884.79
D06,SC-1020,2024-02-05,271.0,3253.3
D06,SC-1020,2024-02-12,333.0,3830.15
D06,SC-1020,2024-02-19,349.0,4254.22
D06,SC-1020,2024-02-26,307.0,3582.6400000000003
D06,SC-1020,2024-03-04,316.0,3915.74
D06,SC-1020,2024-03-11,369.0,4351.95
D06,SC-1020,2024-03-18,354.0,4431.5
D06,SC-1020,2024-03-25,376.0,4751.39
D06,SC-1020,2024-04-01,540.0,6428.25
D06,SC-1020,2024-04-08,349.0,4346.950000000001
D06,SC-1020,2024-04-15,299.0,3734.2699999999995
D06,SC-1020,2024-04-22,327.0,4131.86
D06,SC-1020,2024-04-29,367.0,4402.25
D06,SC-1020,2024-05-06,302.0,3641.7
D06,SC-1020,2024-05-13,391.0,4551.75
D06,SC-1020,2024-05-20,473.0,5640.28
D06,SC-1020,2024-05-27,490.0,5984.99
D06,SC-1020,2024-06-03,386.0,4626.41
D06,SC-1020,2024-06-10,421.0,5002.18
D06,SC-1020,2024-06-17,447.0,5185.48
D06,SC-1020,2024-06-24,589.0,6957.7
D06,SC-1020,2024-07-01,393.0,4917.53
D06,SC-1020,2024-07-08,341.0,4276.25
D06,SC-1020,2024-07-15,370.0,4552.03
D06,SC-1020,2024-07-22,344.0,4297.11
D06,SC-1020,2024-07-29,409.0,4982.09
D06,SC-1020,2024-08-05,432.0,5155.35
D06,SC-1020,2024-08-12,386.0,4890.1900000000005
D06,SC-1020,2024-08-19,340.0,4318.68
D06,SC-1020,2024-08-26,345.0,4328.15
D06,SC-1020,2024-09-02,433.0,5290.54
D06,SC-1020,2024-09-09,347.0,4232.17
D06,SC-1020,2024-09-16,547.0,6696.27
D06,SC-1020,2024-09-23,320.0,4024.1
D06,SC-1020,2024-09-30,315.0,3939.14
D06,SC-1020,2024-10-07,318.0,3799.25
D06,SC-1020,2024-10-14,438.0,5452.47
D06,SC-1020,2024-10-21,347.0,4028.4900000000002
D06,SC-1020,2024-10-28,341.0,4208.84
D06,SC-1020,2024-11-04,473.0,5580.26
D06,SC-1020,2024-11-11,244.0,3027.31
D06,SC-1020,2024-11-18,376.0,4297.21
D06,SC-1020,2024-11-25,345.0,4132.68
D06,SC-1020,2024-12-02,523.0,6558.98
D06,SC-1020,2024-12-09,335.0,3881.59
D06,SC-1020,2024-12-16,322.0,3981.02
D06,SC-1020,2024-12-23,403.0,4801.469999999999
D06,SC-1020,2024-12-30,385.0,4493.05
D06,SC-1020,2025-01-06,402.0,4688.120000000001
D06,SC-1020,2025-01-13,351.0,4415.860000000001
D06,SC-1020,2025-01-20,343.0,4131.1900000000005
D06,SC-1020,2025-01-27,330.0,3782.35
D06,SC-1020,2025-02-03,400.0,5074.129999999999
D06,SC-1020,2025-02-10,399.0,4796.24
D06,SC-1020,2025-02-17,415.0,4948.67
D06,SC-1020,2025-02-24,575.0,6820.58
D06,SC-1020,2025-03-03,509.0,5917.929999999999
D06,SC-1020,2025-03-10,406.0,5168.69
D06,SC-1020,2025-03-17,387.0,4580.14
D06,SC-1020,2025-03-24,505.0,6116.08
D06,SC-1020,2025-03-31,476.0,5716.34
D06,SC-1020,2025-04-07,451.0,5741.89
D06,SC-1020,2025-04-14,481.0,5951.72
D06,SC-1020,2025-04-21,378.0,4334.16
D06,SC-1020,2025-04-28,502.0,6336.68
D06,SC-1020,2025-05-05,412.0,4780.16
D06,SC-1020,2025-05-12,442.0,5056.18
D06,SC-1020,2025-05-19,507.0,6270.01
D06,SC-1020,2025-05-26,524.0,6344.419999999999
D06,SC-1020,2025-06-02,335.0,4176.21
D06,SC-1020,2025-06-09,585.0,6878.5
D06,SC-1020,2025-06-16,532.0,6213.299999999999
D06,SC-1020,2025-06-23,409.0,4931.35
D06,SC-1020,2025-06-30,435.0,4985.87
D06,SC-1020,2025-07-07,363.0,4156.01
D06,SC-1020,2025-07-14,329.0,3823.41
D06,SC-1020,2025-07-21,282.0,3579.2200000000003
D06,SC-1020,2025-07-28,297.0,3665.12
D06,SC-1020,2025-08-04,369.0,4567.83
D06,SC-1020,2025-08-11,281.0,3283.88
D06,SC-1020,2025-08-18,321.0,3934.51
D06,SC-1020,2025-08-25,341.0,3931.38
D06,SC-1020,2025-09-01,326.0,3782.9900000000002
D06,SC-1020,2025-09-08,292.0,3346.9900000000002
D06,SC-1020,2025-09-15,276.0,3377.1099999999997
D06,SC-1020,2025-09-22,252.0,3176.8599999999997
D06,SC-1020,2025-09-29,308.0,3820.35
D06,SC-1020,2025-10-06,251.0,2904.7400000000002
D06,SC-1020,2025-10-13,385.0,4436.13
D06,SC-1020,2025-10-20,268.0,3165.65
D06,SC-1020,2025-10-27,284.0,3419.45
D06,SC-1020,2025-11-03,244.0,2858.0
D06,SC-1020,2025-11-10,294.0,3370.23
D06,SC-1020,2025-11-17,197.0,2332.16
D06,SC-1020,2025-11-24,277.0,3256.4
D06,SC-1020,2025-12-01,248.0,2862.73
D06,SC-1020,2025-12-08,385.0,4439.59
D06,SC-1020,2025-12-15,251.0,3186.7200000000003
D06,SC-1020,2025-12-22,223.0,2670.29
D06,SC-1020,2025-12-29,288.0,3332.35
D06,SC-1020,2026-01-05,256.0,3211.64
D06,SC-1020,2026-01-12,201.0,2534.42
D06,SC-1020,2026-01-19,319.0,3747.4
D06,SC-1020,2026-01-26,205.0,2473.2
D06,SC-1020,2026-02-02,233.0,2917.76
D06,SC-1020,2026-02-09,259.0,3112.62
D06,SC-1020,2026-02-16,251.0,2876.1400000000003
D06,SC-1020,2026-02-23,282.0,3373.44
D06,SC-1020,2026-03-02,203.0,2318.8
D06,SC-1020,2026-03-09,241.0,2769.73
D06,SC-1020,2026-03-16,218.0,2509.8300000000004
D06,SC-1020,2026-03-23,272.0,3306.34
D06,SC-1020,2026-03-30,285.0,3517.45
D06,SC-1020,2026-04-06,235.0,2934.54
D06,SC-1020,2026-04-13,242.0,2768.47
D06,SC-1020,2026-04-20,230.0,2684.29
D06,SC-1020,2026-04-27,213.0,2628.84
D06,SC-1020,2026-05-04,276.0,3321.13
D06,SC-1020,2026-05-25,279.0,3520.08
D06,SC-1020,2026-06-01,203.0,2497.66
D06,SC-1020,2026-06-08,261.0,3079.18
D06,SC-1020,2026-06-15,217.0,2767.71
D06,SC-1020,2026-06-22,269.0,3321.08
