distributor_id,part_number,week_start,units_sold,resale_value
D01,SC-1019,2024-01-01,274,2702.94
D01,SC-1019,2024-01-08,244,2439.36
D01,SC-1019,2024-01-15,317,3041.5
D01,SC-1019,2024-01-22,278,2692.65
D01,SC-1019,2024-01-29,302,2904.03
D01,SC-1019,2024-02-05,328,3237.11
D01,SC-1019,2024-02-12,330,3295.91
D01,SC-1019,2024-02-19,346,3535.49
D01,SC-1019,2024-02-26,312,2933.33
D01,SC-1019,2024-03-04,302,2997.58
D01,SC-1019,2024-03-11,322,3197.9
D01,SC-1019,2024-03-18,256,2541.79
D01,SC-1019,2024-03-25,269,2646.71
D01,SC-1019,2024-04-01,278,2610.06
D01,SC-1019,2024-04-08,295,2853.03
D01,SC-1019,2024-04-15,369,3551.99
D01,SC-1019,2024-04-22,306,2975.52
D01,SC-1019,2024-04-29,335,3288.24
D01,SC-1019,2024-05-06,435,4099.29
D01,SC-1019,2024-05-13,342,3434.46
D01,SC-1019,2024-05-20,406,3977.14
D01,SC-1019,2024-05-27,318,2995.64
D01,SC-1019,2024-06-03,357,3357.53
D01,SC-1019,2024-06-10,320,3288.73
D01,SC-1019,2024-06-17,352,3350.0
D01,SC-1019,2024-06-24,421,4191.73
D01,SC-1019,2024-07-01,287,2914.97
D01,SC-1019,2024-07-08,397,4085.4
D01,SC-1019,2024-07-15,385,3660.93
D01,SC-1019,2024-07-22,339,3462.46
D01,SC-1019,2024-07-29,297,2992.99
D01,SC-1019,2024-08-05,372,3814.59
D01,SC-1019,2024-08-12,339,3505.19
D01,SC-1019,2024-08-19,378,3569.94
D01,SC-1019,2024-08-26,364,3637.85
D01,SC-1019,2024-09-02,459,4497.18
D01,SC-1019,2024-09-09,346,3373.95
D01,SC-1019,2024-09-16,305,2911.7
D01,SC-1019,2024-09-23,364,3469.09
D01,SC-1019,2024-09-30,364,3637.03
D01,SC-1019,2024-10-07,429,4278.23
D01,SC-1019,2024-10-14,395,4059.96
D01,SC-1019,2024-10-21,366,3728.69
D01,SC-1019,2024-10-28,430,4126.76
D01,SC-1019,2024-11-04,288,2681.52
D01,SC-1019,2024-11-11,312,3103.34
D01,SC-1019,2024-11-18,299,3025.2
D01,SC-1019,2024-11-25,324,3233.86
D01,SC-1019,2024-12-02,280,2649.68
D01,SC-1019,2024-12-09,379,3867.08
D01,SC-1019,2024-12-16,335,3163.01
D01,SC-1019,2024-12-23,279,2724.48
D01,SC-1019,2024-12-30,301,2947.36
D01,SC-1019,2025-01-06,370,3530.64
D01,SC-1019,2025-01-13,404,3788.15
D01,SC-1019,2025-01-20,485,4857.43
D01,SC-1019,2025-01-27,562,5738.43
D01,SC-1019,2025-02-03,391,4016.4
D01,SC-1019,2025-02-10,320,3161.86
D01,SC-1019,2025-02-17,273,2592.63
D01,SC-1019,2025-02-24,397,3819.02
D01,SC-1019,2025-03-03,342,3409.85
D01,SC-1019,2025-03-10,367,3773.23
D01,SC-1019,2025-03-17,361,3403.03
D01,SC-1019,2025-03-24,393,3960.43
D01,SC-1019,2025-03-31,476,4654.27
D01,SC-1019,2025-04-07,420,4242.11
D01,SC-1019,2025-04-14,406,4201.25
D01,SC-1019,2025-04-21,359,3372.7
D01,SC-1019,2025-04-28,330,3196.38
D01,SC-1019,2025-05-05,397,4064.87
D01,SC-1019,2025-05-12,427,4367.92
D01,SC-1019,2025-05-19,565,5501.01
D01,SC-1019,2025-05-26,445,4544.73
D01,SC-1019,2025-06-02,508,4824.17
D01,SC-1019,2025-06-09,408,3924.48
D01,SC-1019,2025-06-16,369,3711.04
D01,SC-1019,2025-06-23,382,3702.68
D01,SC-1019,2025-06-30,396,3830.37
D01,SC-1019,2025-07-07,462,4738.59
D01,SC-1019,2025-07-14,293,2911.98
D01,SC-1019,2025-07-21,371,3713.3
D01,SC-1019,2025-07-28,282,2713.31
D01,SC-1019,2025-08-04,366,3498.71
D01,SC-1019,2025-08-11,332,3203.84
D01,SC-1019,2025-08-18,301,2853.18
D01,SC-1019,2025-08-25,302,3090.24
D01,SC-1019,2025-09-01,271,2598.88
D01,SC-1019,2025-09-08,314,3107.94
D01,SC-1019,2025-09-15,270,2735.78
D01,SC-1019,2025-09-22,236,2393.51
D01,SC-1019,2025-09-29,230,2248.82
D01,SC-1019,2025-10-06,281,2760.41
D01,SC-1019,2025-10-13,342,3544.72
D01,SC-1019,2025-10-20,272,2726.25
D01,SC-1019,2025-10-27,257,2614.32
D01,SC-1019,2025-11-03,269,2764.01
D01,SC-1019,2025-11-10,309,3139.97
D01,SC-1019,2025-11-17,260,2682.07
D01,SC-1019,2025-11-24,234,2182.39
D01,SC-1019,2025-12-01,290,2797.76
D01,SC-1019,2025-12-08,260,2502.13
D01,SC-1019,2025-12-15,305,2961.77
D01,SC-1019,2025-12-22,247,2297.52
D01,SC-1019,2025-12-29,199,2030.65
D01,SC-1019,2026-01-05,194,1857.38
D01,SC-1019,2026-01-12,304,2932.27
D01,SC-1019,2026-01-19,307,2960.32
D01,SC-1019,2026-01-26,230,2151.42
D01,SC-1019,2026-02-02,223,2106.84
D01,SC-1019,2026-02-09,294,2810.47
D01,SC-1019,2026-02-16,200,1895.08
D01,SC-1019,2026-02-23,207,2093.2
D01,SC-1019,2026-03-02,260,2697.16
D01,SC-1019,2026-03-09,223,2217.01
D01,SC-1019,2026-03-16,236,2253.0
D01,SC-1019,2026-03-23,231,2249.29
D01,SC-1019,2026-03-30,249,2356.96
D01,SC-1019,2026-04-06,292,2899.2
D01,SC-1019,2026-04-13,239,2353.08
D01,SC-1019,2026-04-20,262,2467.94
D01,SC-1019,2026-04-27,176,1643.71
D01,SC-1019,2026-05-04,239,2371.85
D01,SC-1019,2026-05-11,213,2115.51
D01,SC-1019,2026-05-18,202,1963.54
D01,SC-1019,2026-05-25,213,2077.33
D01,SC-1019,2026-06-01,232,2176.33
D01,SC-1019,2026-06-08,279,2652.03
D01,SC-1019,2026-06-15,200,1956.26
D01,SC-1019,2026-06-22,244,2463.51
D01,PW-1035,2024-01-01,1773,3373.56
D01,PW-1035,2024-01-08,1192,2316.06
D01,PW-1035,2024-01-15,1343,2411.14
D01,PW-1035,2024-01-22,1280,2404.79
D01,PW-1035,2024-01-29,1265,2397.58
D01,PW-1035,2024-02-05,1391,2464.98
D01,PW-1035,2024-02-12,1829,3583.03
D01,PW-1035,2024-02-19,1966,3729.92
D01,PW-1035,2024-02-26,1436,2785.15
D01,PW-1035,2024-03-04,2032,3791.97
D01,PW-1035,2024-03-11,1553,2827.07
D01,PW-1035,2024-03-18,2033,3951.77
D01,PW-1035,2024-03-25,1559,2798.5
D01,PW-1035,2024-04-01,1630,2944.1
D01,PW-1035,2024-04-08,1706,3357.11
D01,PW-1035,2024-04-15,2627,5118.43
D01,PW-1035,2024-04-22,1870,3466.15
D01,PW-1035,2024-04-29,1492,2940.54
D01,PW-1035,2024-05-06,1933,3812.43
D01,PW-1035,2024-05-13,1594,2920.36
D01,PW-1035,2024-05-20,1572,3032.08
D01,PW-1035,2024-05-27,1948,3741.19
D01,PW-1035,2024-06-03,1713,3336.93
D01,PW-1035,2024-06-10,1783,3169.3
D01,PW-1035,2024-06-17,1715,3031.54
D01,PW-1035,2024-06-24,1801,3244.41
D01,PW-1035,2024-07-01,1823,3528.51
D01,PW-1035,2024-07-08,1277,2453.72
D01,PW-1035,2024-07-15,1882,3409.92
D01,PW-1035,2024-07-22,1464,2639.92
D01,PW-1035,2024-07-29,1360,2452.12
D01,PW-1035,2024-08-05,1665,3164.76
D01,PW-1035,2024-08-12,1690,3289.37
D01,PW-1035,2024-08-19,1494,2865.34
D01,PW-1035,2024-08-26,1864,3304.9
D01,PW-1035,2024-09-02,1336,2474.98
D01,PW-1035,2024-09-09,1525,2779.32
D01,PW-1035,2024-09-16,1473,2623.02
D01,PW-1035,2024-09-23,1584,2855.78
D01,PW-1035,2024-09-30,1651,2937.69
D01,PW-1035,2024-10-07,1351,2447.23
D01,PW-1035,2024-10-14,1740,3123.36
D01,PW-1035,2024-10-21,1566,2882.42
D01,PW-1035,2024-10-28,1162,2274.49
D01,PW-1035,2024-11-04,1145,2051.89
D01,PW-1035,2024-11-11,1528,2966.53
D01,PW-1035,2024-11-18,1477,2623.11
D01,PW-1035,2024-11-25,1501,2900.79
D01,PW-1035,2024-12-02,1518,2984.71
D01,PW-1035,2024-12-09,1579,2893.5
D01,PW-1035,2024-12-16,1763,3245.82
D01,PW-1035,2024-12-23,1300,2545.2
D01,PW-1035,2024-12-30,1294,2409.35
D01,PW-1035,2025-01-06,1317,2430.18
D01,PW-1035,2025-01-13,1632,2956.48
D01,PW-1035,2025-01-20,1899,3717.88
D01,PW-1035,2025-01-27,1490,2916.28
D01,PW-1035,2025-02-03,1103,1955.6
D01,PW-1035,2025-02-10,1256,2411.87
D01,PW-1035,2025-02-17,1447,2810.69
D01,PW-1035,2025-02-24,1525,2970.43
D01,PW-1035,2025-03-03,1578,3038.83
D01,PW-1035,2025-03-10,1706,3315.1
D01,PW-1035,2025-03-17,1638,2927.74
D01,PW-1035,2025-03-24,2031,3841.7
D01,PW-1035,2025-03-31,1585,3058.62
D01,PW-1035,2025-04-07,1557,2758.8
D01,PW-1035,2025-04-14,1922,3660.33
D01,PW-1035,2025-04-21,1434,2596.56
D01,PW-1035,2025-04-28,1929,3784.45
D01,PW-1035,2025-05-05,1862,3538.58
D01,PW-1035,2025-05-12,1805,3202.21
D01,PW-1035,2025-05-19,2354,4500.4
D01,PW-1035,2025-05-26,1697,3039.7
D01,PW-1035,2025-06-02,2546,4977.37
D01,PW-1035,2025-06-09,1811,3560.18
D01,PW-1035,2025-06-16,1549,2766.37
D01,PW-1035,2025-06-23,1895,3676.7
D01,PW-1035,2025-06-30,1594,2995.19
D01,PW-1035,2025-07-07,1670,3108.38
D01,PW-1035,2025-07-14,1979,3528.02
D01,PW-1035,2025-07-21,2018,3581.23
D01,PW-1035,2025-07-28,1683,3152.85
D01,PW-1035,2025-08-04,2131,4175.23
D01,PW-1035,2025-08-11,2173,3926.08
D01,PW-1035,2025-08-18,2250,4068.81
D01,PW-1035,2025-08-25,1949,3583.67
D01,PW-1035,2025-09-01,2192,4043.69
D01,PW-1035,2025-09-08,1337,2541.31
D01,PW-1035,2025-09-15,1676,3193.71
D01,PW-1035,2025-09-22,1532,3000.64
D01,PW-1035,2025-09-29,1762,3297.15
D01,PW-1035,2025-10-06,1577,2922.58
D01,PW-1035,2025-10-13,1664,2962.99
D01,PW-1035,2025-10-20,2248,4245.74
D01,PW-1035,2025-10-27,1643,3205.85
D01,PW-1035,2025-11-03,1785,3440.47
D01,PW-1035,2025-11-10,1614,2967.33
D01,PW-1035,2025-11-17,1686,3126.15
D01,PW-1035,2025-11-24,1666,3017.41
D01,PW-1035,2025-12-01,1780,3417.61
D01,PW-1035,2025-12-08,1984,3568.17
D01,PW-1035,2025-12-15,2137,4110.07
D01,PW-1035,2025-12-22,1755,3153.9
D01,PW-1035,2025-12-29,1839,3514.99
D01,PW-1035,2026-01-05,1425,2755.47
D01,PW-1035,2026-01-12,1682,3033.96
D01,PW-1035,2026-01-19,1979,3623.95
D01,PW-1035,2026-01-26,1974,3638.01
D01,PW-1035,2026-02-02,1807,3431.11
D01,PW-1035,2026-02-09,2020,3945.59
D01,PW-1035,2026-02-16,1924,3588.0
D01,PW-1035,2026-02-23,2164,4194.71
D01,PW-1035,2026-03-02,1909,3762.2
D01,PW-1035,2026-03-09,1752,3192.74
D01,PW-1035,2026-03-16,1966,3592.88
D01,PW-1035,2026-03-23,1217,2359.69
D01,PW-1035,2026-03-30,2023,3856.77
D01,PW-1035,2026-04-06,1116,2181.21
D01,PW-1035,2026-04-13,1504,2700.66
D01,PW-1035,2026-04-20,2102,4007.58
D01,PW-1035,2026-04-27,2128,3875.24
D01,PW-1035,2026-05-04,1676,3226.28
D01,PW-1035,2026-05-11,1804,3399.07
D01,PW-1035,2026-05-18,2478,4424.87
D01,PW-1035,2026-05-25,1884,3405.64
D01,PW-1035,2026-06-01,2846,5431.89
D01,PW-1035,2026-06-08,2036,3701.36
D01,PW-1035,2026-06-15,2168,3919.92
D01,PW-1035,2026-06-22,2599,5075.74
D01,SC-1016,2024-01-01,518,12566.98
D01,SC-1016,2024-01-08,626,15311.37
D01,SC-1016,2024-01-15,904,21291.57
D01,SC-1016,2024-01-22,452,10379.89
D01,SC-1016,2024-01-29,626,14380.65
D01,SC-1016,2024-02-05,539,12226.7
D01,SC-1016,2024-02-12,667,15864.17
D01,SC-1016,2024-02-19,624,15150.56
D01,SC-1016,2024-02-26,704,15689.6
D01,SC-1016,2024-03-04,759,17851.47
D01,SC-1016,2024-03-11,664,15699.04
D01,SC-1016,2024-03-18,774,19022.98
D01,SC-1016,2024-03-25,466,10571.6
D01,SC-1016,2024-04-01,851,18931.14
D01,SC-1016,2024-04-08,718,17012.65
D01,SC-1016,2024-04-15,808,18846.2
D01,SC-1016,2024-04-22,578,13408.98
D01,SC-1016,2024-04-29,620,15181.01
D01,SC-1016,2024-05-06,724,17431.73
D01,SC-1016,2024-05-13,713,15901.58
D01,SC-1016,2024-05-20,751,17709.03
D01,SC-1016,2024-05-27,852,19881.38
D01,SC-1016,2024-06-03,559,12886.36
D01,SC-1016,2024-06-10,846,19094.21
D01,SC-1016,2024-06-17,734,16647.5
D01,SC-1016,2024-06-24,713,16897.23
D01,SC-1016,2024-07-01,590,13276.44
D01,SC-1016,2024-07-08,793,18511.8
D01,SC-1016,2024-07-15,512,11997.19
D01,SC-1016,2024-07-22,808,19623.8
D01,SC-1016,2024-07-29,585,14257.01
D01,SC-1016,2024-08-05,734,16331.44
D01,SC-1016,2024-08-12,712,16712.19
D01,SC-1016,2024-08-19,860,19262.83
D01,SC-1016,2024-08-26,699,16908.59
D01,SC-1016,2024-09-02,643,15071.87
D01,SC-1016,2024-09-09,657,16128.7
D01,SC-1016,2024-09-16,853,20593.8
D01,SC-1016,2024-09-23,759,17658.57
D01,SC-1016,2024-09-30,657,14562.91
D01,SC-1016,2024-10-07,668,16458.61
D01,SC-1016,2024-10-14,545,12748.18
D01,SC-1016,2024-10-21,727,16244.94
D01,SC-1016,2024-10-28,525,11951.36
D01,SC-1016,2024-11-04,762,18535.83
D01,SC-1016,2024-11-11,693,15862.79
D01,SC-1016,2024-11-18,972,21939.21
D01,SC-1016,2024-11-25,576,13798.51
D01,SC-1016,2024-12-02,670,15184.2
D01,SC-1016,2024-12-09,893,20305.67
D01,SC-1016,2024-12-16,819,19386.34
D01,SC-1016,2024-12-23,620,13975.97
D01,SC-1016,2024-12-30,717,15874.37
D01,SC-1016,2025-01-06,698,15937.14
D01,SC-1016,2025-01-13,735,16975.03
D01,SC-1016,2025-01-20,640,14719.13
D01,SC-1016,2025-01-27,709,17484.75
D01,SC-1016,2025-02-03,572,13783.13
D01,SC-1016,2025-02-10,750,18071.19
D01,SC-1016,2025-02-17,797,19343.27
D01,SC-1016,2025-02-24,729,16694.81
D01,SC-1016,2025-03-03,599,13402.02
D01,SC-1016,2025-03-10,897,21821.41
D01,SC-1016,2025-03-17,828,19259.18
D01,SC-1016,2025-03-24,712,16234.58
D01,SC-1016,2025-03-31,770,17543.51
D01,SC-1016,2025-04-07,649,15041.4
D01,SC-1016,2025-04-14,705,17101.45
D01,SC-1016,2025-04-21,766,18091.95
D01,SC-1016,2025-04-28,1008,22448.2
D01,SC-1016,2025-05-05,768,18303.27
D01,SC-1016,2025-05-12,938,22168.84
D01,SC-1016,2025-05-19,792,18434.72
D01,SC-1016,2025-05-26,896,21953.19
D01,SC-1016,2025-06-02,849,19193.4
D01,SC-1016,2025-06-09,992,22808.48
D01,SC-1016,2025-06-16,805,18094.44
D01,SC-1016,2025-06-23,690,15374.22
D01,SC-1016,2025-06-30,711,16388.41
D01,SC-1016,2025-07-07,613,13957.67
D01,SC-1016,2025-07-14,544,12571.74
D01,SC-1016,2025-07-21,689,15587.14
D01,SC-1016,2025-07-28,596,13582.75
D01,SC-1016,2025-08-04,900,21343.19
D01,SC-1016,2025-08-11,478,11051.21
D01,SC-1016,2025-08-18,630,14485.82
D01,SC-1016,2025-08-25,507,11916.33
D01,SC-1016,2025-09-01,549,13223.73
D01,SC-1016,2025-09-08,593,13700.47
D01,SC-1016,2025-09-15,403,9517.73
D01,SC-1016,2025-09-22,582,14305.07
D01,SC-1016,2025-09-29,734,17218.67
D01,SC-1016,2025-10-06,507,12395.46
D01,SC-1016,2025-10-13,555,12928.2
D01,SC-1016,2025-10-20,613,14350.82
D01,SC-1016,2025-10-27,505,12260.99
D01,SC-1016,2025-11-03,468,11121.37
D01,SC-1016,2025-11-10,358,8300.96
D01,SC-1016,2025-11-17,548,12240.41
D01,SC-1016,2025-11-24,483,11572.05
D01,SC-1016,2025-12-01,418,9905.33
D01,SC-1016,2025-12-08,492,11265.1
D01,SC-1016,2025-12-15,439,10039.62
D01,SC-1016,2025-12-22,439,9764.81
D01,SC-1016,2025-12-29,518,12431.69
D01,SC-1016,2026-01-05,386,8992.85
D01,SC-1016,2026-01-12,550,12763.5
D01,SC-1016,2026-01-19,380,8747.37
D01,SC-1016,2026-01-26,424,9681.93
D01,SC-1016,2026-02-02,624,13904.42
D01,SC-1016,2026-02-09,554,12523.2
D01,SC-1016,2026-02-16,474,10659.69
D01,SC-1016,2026-02-23,406,9573.48
D01,SC-1016,2026-03-02,432,9634.56
D01,SC-1016,2026-03-09,473,10547.45
D01,SC-1016,2026-03-16,471,10697.43
D01,SC-1016,2026-03-23,462,10808.35
D01,SC-1016,2026-03-30,466,11097.63
D01,SC-1016,2026-04-06,453,10808.15
D01,SC-1016,2026-04-13,376,8567.71
D01,SC-1016,2026-04-20,435,10088.58
D01,SC-1016,2026-04-27,543,12427.88
D01,SC-1016,2026-05-04,387,8703.02
D01,SC-1016,2026-05-11,465,10331.79
D01,SC-1016,2026-05-18,424,10028.11
D01,SC-1016,2026-05-25,489,11142.0
D01,SC-1016,2026-06-01,455,10977.52
D01,SC-1016,2026-06-08,602,13766.77
D01,SC-1016,2026-06-15,520,12215.07
D01,SC-1016,2026-06-22,395,9683.72
D01,PW-1032,2024-01-01,1140,4691.68
D01,PW-1032,2024-01-08,1169,4864.59
D01,PW-1032,2024-01-15,1521,6364.57
D01,PW-1032,2024-01-22,1145,4846.87
D01,PW-1032,2024-01-29,845,3336.91
D01,PW-1032,2024-02-05,1328,5213.16
D01,PW-1032,2024-02-12,1120,4537.06
D01,PW-1032,2024-02-19,1266,4946.05
D01,PW-1032,2024-02-26,1256,4957.94
D01,PW-1032,2024-03-04,1235,5180.78
D01,PW-1032,2024-03-11,1466,5892.41
D01,PW-1032,2024-03-18,1046,4101.3
D01,PW-1032,2024-03-25,1232,4975.65
D01,PW-1032,2024-04-01,1492,6104.22
D01,PW-1032,2024-04-08,1241,5014.41
D01,PW-1032,2024-04-15,1079,4505.29
D01,PW-1032,2024-04-22,1533,6356.19
D01,PW-1032,2024-04-29,1654,7015.24
D01,PW-1032,2024-05-06,1399,5446.36
D01,PW-1032,2024-05-13,1056,4284.63
D01,PW-1032,2024-05-20,1585,6680.39
D01,PW-1032,2024-05-27,1116,4386.55
D01,PW-1032,2024-06-03,1505,5915.53
D01,PW-1032,2024-06-10,1261,5369.97
D01,PW-1032,2024-06-17,1212,4820.18
D01,PW-1032,2024-06-24,1350,5238.58
D01,PW-1032,2024-07-01,1402,5563.97
D01,PW-1032,2024-07-08,1306,5398.39
D01,PW-1032,2024-07-15,1567,6516.91
D01,PW-1032,2024-07-22,1337,5400.21
D01,PW-1032,2024-07-29,1648,6353.32
D01,PW-1032,2024-08-05,1476,6078.14
D01,PW-1032,2024-08-12,1267,5014.93
D01,PW-1032,2024-08-19,1227,5142.81
D01,PW-1032,2024-08-26,1083,4160.64
D01,PW-1032,2024-09-02,1438,5656.95
D01,PW-1032,2024-09-09,1295,5147.78
D01,PW-1032,2024-09-16,949,4019.19
D01,PW-1032,2024-09-23,1241,4950.26
D01,PW-1032,2024-09-30,1165,4883.29
D01,PW-1032,2024-10-07,1677,6838.2
D01,PW-1032,2024-10-14,1019,4342.42
D01,PW-1032,2024-10-21,1053,4136.34
D01,PW-1032,2024-10-28,1536,5895.79
D01,PW-1032,2024-11-04,1586,6257.22
D01,PW-1032,2024-11-11,1153,4751.64
D01,PW-1032,2024-11-18,1170,4709.73
D01,PW-1032,2024-11-25,1409,5663.21
D01,PW-1032,2024-12-02,906,3721.15
D01,PW-1032,2024-12-09,973,3831.43
D01,PW-1032,2024-12-16,1236,4923.53
D01,PW-1032,2024-12-23,1632,6411.56
D01,PW-1032,2024-12-30,1218,5065.12
D01,PW-1032,2025-01-06,1328,5292.72
D01,PW-1032,2025-01-13,1561,6487.82
D01,PW-1032,2025-01-20,1821,7326.11
D01,PW-1032,2025-01-27,1229,4919.01
D01,PW-1032,2025-02-03,1349,5175.87
D01,PW-1032,2025-02-10,1797,7034.69
D01,PW-1032,2025-02-17,1100,4279.41
D01,PW-1032,2025-02-24,1630,6294.29
D01,PW-1032,2025-03-03,1213,4646.57
D01,PW-1032,2025-03-10,1452,6176.26
D01,PW-1032,2025-03-17,1394,5927.23
D01,PW-1032,2025-03-24,1266,5359.17
D01,PW-1032,2025-03-31,1275,5417.3
D01,PW-1032,2025-04-07,1556,6046.38
D01,PW-1032,2025-04-14,1750,6874.0
D01,PW-1032,2025-04-21,1492,5803.63
D01,PW-1032,2025-04-28,1550,6322.68
D01,PW-1032,2025-05-05,1683,6847.5
D01,PW-1032,2025-05-12,1344,5183.29
D01,PW-1032,2025-05-19,1746,7300.75
D01,PW-1032,2025-05-26,1775,7407.76
D01,PW-1032,2025-06-02,2327,9041.97
D01,PW-1032,2025-06-09,1492,5705.8
D01,PW-1032,2025-06-16,1475,5700.67
D01,PW-1032,2025-06-23,1773,6996.76
D01,PW-1032,2025-06-30,1785,6919.66
D01,PW-1032,2025-07-07,1454,6011.27
D01,PW-1032,2025-07-14,1479,5712.79
D01,PW-1032,2025-07-21,1697,6894.27
D01,PW-1032,2025-07-28,1375,5441.83
D01,PW-1032,2025-08-04,1456,5915.38
D01,PW-1032,2025-08-11,1559,6633.79
D01,PW-1032,2025-08-18,1774,7364.03
D01,PW-1032,2025-08-25,1385,5340.65
D01,PW-1032,2025-09-01,1142,4714.76
D01,PW-1032,2025-09-08,1120,4440.87
D01,PW-1032,2025-09-15,1226,4994.65
D01,PW-1032,2025-09-22,1207,4777.77
D01,PW-1032,2025-09-29,1425,5680.68
D01,PW-1032,2025-10-06,1211,5154.2
D01,PW-1032,2025-10-13,1293,5158.15
D01,PW-1032,2025-10-20,1272,5377.85
D01,PW-1032,2025-10-27,1329,5349.1
D01,PW-1032,2025-11-03,1724,6657.75
D01,PW-1032,2025-11-10,1555,6365.56
D01,PW-1032,2025-11-17,1408,5653.01
D01,PW-1032,2025-11-24,1309,5236.0
D01,PW-1032,2025-12-01,1314,5579.27
D01,PW-1032,2025-12-08,1474,5850.59
D01,PW-1032,2025-12-15,1535,5941.48
D01,PW-1032,2025-12-22,1232,4816.74
D01,PW-1032,2025-12-29,1426,6025.07
D01,PW-1032,2026-01-05,1052,4056.0
D01,PW-1032,2026-01-12,1483,5919.85
D01,PW-1032,2026-01-19,1623,6890.25
D01,PW-1032,2026-01-26,1401,5751.02
D01,PW-1032,2026-02-02,1937,8007.85
D01,PW-1032,2026-02-09,1305,5375.78
D01,PW-1032,2026-02-16,1556,6171.1
D01,PW-1032,2026-02-23,1514,5871.08
D01,PW-1032,2026-03-02,1517,5859.65
D01,PW-1032,2026-03-09,1531,5885.43
D01,PW-1032,2026-03-16,1600,6818.87
D01,PW-1032,2026-03-23,1808,7476.3
D01,PW-1032,2026-03-30,1978,7665.09
D01,PW-1032,2026-04-06,1625,6430.78
D01,PW-1032,2026-04-13,1854,7576.59
D01,PW-1032,2026-04-20,1490,6090.15
D01,PW-1032,2026-04-27,1872,7712.48
D01,PW-1032,2026-05-04,1499,6063.37
D01,PW-1032,2026-05-11,1992,7658.87
D01,PW-1032,2026-05-18,2369,9349.8
D01,PW-1032,2026-05-25,1676,6691.29
D01,PW-1032,2026-06-01,1233,5124.56
D01,PW-1032,2026-06-08,1581,6684.89
D01,PW-1032,2026-06-15,2067,7897.28
D01,PW-1032,2026-06-22,1866,7709.56
D01,SC-1018,2024-01-01,231,3889.17
D01,SC-1018,2024-01-08,250,4101.39
D01,SC-1018,2024-01-15,229,3909.16
D01,SC-1018,2024-01-22,260,4415.45
D01,SC-1018,2024-01-29,282,4629.62
D01,SC-1018,2024-02-05,247,4056.33
D01,SC-1018,2024-02-12,332,5623.46
D01,SC-1018,2024-02-19,267,4534.9
D01,SC-1018,2024-02-26,272,4668.7
D01,SC-1018,2024-03-04,231,4194.45
D01,SC-1018,2024-03-11,286,4987.82
D01,SC-1018,2024-03-18,267,4473.56
D01,SC-1018,2024-03-25,252,4183.69
D01,SC-1018,2024-04-01,249,4474.68
D01,SC-1018,2024-04-08,422,7368.47
D01,SC-1018,2024-04-15,275,5005.03
D01,SC-1018,2024-04-22,232,4140.96
D01,SC-1018,2024-04-29,263,4570.46
D01,SC-1018,2024-05-06,293,5034.02
D01,SC-1018,2024-05-13,323,5317.66
D01,SC-1018,2024-05-20,326,5825.93
D01,SC-1018,2024-05-27,334,6030.58
D01,SC-1018,2024-06-03,275,4753.87
D01,SC-1018,2024-06-10,320,5539.86
D01,SC-1018,2024-06-17,268,4667.47
D01,SC-1018,2024-06-24,279,4831.22
D01,SC-1018,2024-07-01,267,4627.28
D01,SC-1018,2024-07-08,256,4616.64
D01,SC-1018,2024-07-15,359,5974.07
D01,SC-1018,2024-07-22,339,6072.87
D01,SC-1018,2024-07-29,353,6042.36
D01,SC-1018,2024-08-05,305,5278.38
D01,SC-1018,2024-08-12,339,6077.58
D01,SC-1018,2024-08-19,231,4196.31
D01,SC-1018,2024-08-26,340,5713.69
D01,SC-1018,2024-09-02,305,5112.7
D01,SC-1018,2024-09-09,324,5862.86
D01,SC-1018,2024-09-16,311,5278.14
D01,SC-1018,2024-09-23,252,4519.38
D01,SC-1018,2024-09-30,232,4087.4
D01,SC-1018,2024-10-07,259,4519.83
D01,SC-1018,2024-10-14,312,5638.36
D01,SC-1018,2024-10-21,317,5767.19
D01,SC-1018,2024-10-28,232,4156.27
D01,SC-1018,2024-11-04,245,4109.85
D01,SC-1018,2024-11-11,254,4547.33
D01,SC-1018,2024-11-18,268,4661.97
D01,SC-1018,2024-11-25,231,3799.25
D01,SC-1018,2024-12-02,229,4122.02
D01,SC-1018,2024-12-09,251,4264.13
D01,SC-1018,2024-12-16,289,4762.84
D01,SC-1018,2024-12-23,240,4042.79
D01,SC-1018,2024-12-30,284,4954.27
D01,SC-1018,2025-01-06,341,6092.71
D01,SC-1018,2025-01-13,241,3975.18
D01,SC-1018,2025-01-20,287,4801.97
D01,SC-1018,2025-01-27,349,5967.64
D01,SC-1018,2025-02-03,284,5060.77
D01,SC-1018,2025-02-10,281,5073.42
D01,SC-1018,2025-02-17,369,6153.03
D01,SC-1018,2025-02-24,300,5405.97
D01,SC-1018,2025-03-03,375,6741.27
D01,SC-1018,2025-03-10,344,6043.98
D01,SC-1018,2025-03-17,310,5547.48
D01,SC-1018,2025-03-24,355,6427.85
D01,SC-1018,2025-03-31,351,6231.56
D01,SC-1018,2025-04-07,394,6842.92
D01,SC-1018,2025-04-14,315,5347.55
D01,SC-1018,2025-04-21,348,6005.58
D01,SC-1018,2025-04-28,346,5773.87
D01,SC-1018,2025-05-05,391,6998.42
D01,SC-1018,2025-05-12,304,5528.35
D01,SC-1018,2025-05-19,416,7374.83
D01,SC-1018,2025-05-26,386,6996.93
D01,SC-1018,2025-06-02,296,5050.96
D01,SC-1018,2025-06-09,434,7692.05
D01,SC-1018,2025-06-16,508,8950.82
D01,SC-1018,2025-06-23,423,7092.13
D01,SC-1018,2025-06-30,451,7924.59
D01,SC-1018,2025-07-07,280,4618.52
D01,SC-1018,2025-07-14,213,3765.24
D01,SC-1018,2025-07-21,205,3677.67
D01,SC-1018,2025-07-28,277,4932.66
D01,SC-1018,2025-08-04,240,4217.67
D01,SC-1018,2025-08-11,225,3919.66
D01,SC-1018,2025-08-18,252,4141.09
D01,SC-1018,2025-08-25,274,4871.21
D01,SC-1018,2025-09-01,198,3445.59
D01,SC-1018,2025-09-08,226,3819.97
D01,SC-1018,2025-09-15,298,5069.65
D01,SC-1018,2025-09-22,199,3611.23
D01,SC-1018,2025-09-29,262,4597.97
D01,SC-1018,2025-10-06,210,3630.85
D01,SC-1018,2025-10-13,241,4235.56
D01,SC-1018,2025-10-20,258,4427.21
D01,SC-1018,2025-10-27,241,4159.94
D01,SC-1018,2025-11-03,244,4122.32
D01,SC-1018,2025-11-10,176,3036.22
D01,SC-1018,2025-11-17,245,4326.94
D01,SC-1018,2025-11-24,180,2964.61
D01,SC-1018,2025-12-01,211,3770.32
D01,SC-1018,2025-12-08,209,3532.98
D01,SC-1018,2025-12-15,214,3790.22
D01,SC-1018,2025-12-22,208,3667.16
D01,SC-1018,2025-12-29,174,3058.83
D01,SC-1018,2026-01-05,160,2809.67
D01,SC-1018,2026-01-12,223,4057.29
D01,SC-1018,2026-01-19,201,3479.9
D01,SC-1018,2026-01-26,232,3913.47
D01,SC-1018,2026-02-02,193,3327.76
D01,SC-1018,2026-02-09,158,2866.07
D01,SC-1018,2026-02-16,225,3823.53
D01,SC-1018,2026-02-23,184,3087.99
D01,SC-1018,2026-03-02,205,3359.29
D01,SC-1018,2026-03-09,177,3136.31
D01,SC-1018,2026-03-16,250,4526.69
D01,SC-1018,2026-03-23,171,3099.91
D01,SC-1018,2026-03-30,185,3252.16
D01,SC-1018,2026-04-06,198,3293.66
D01,SC-1018,2026-04-13,165,2956.42
D01,SC-1018,2026-04-20,206,3713.05
D01,SC-1018,2026-04-27,251,4293.12
D01,SC-1018,2026-05-04,184,3165.0
D01,SC-1018,2026-05-11,211,3542.01
D01,SC-1018,2026-05-18,132,2299.69
D01,SC-1018,2026-05-25,199,3483.31
D01,SC-1018,2026-06-01,191,3259.81
D01,SC-1018,2026-06-08,178,3113.08
D01,SC-1018,2026-06-15,236,4257.35
D01,SC-1018,2026-06-22,191,3148.86
D01,LD-1040,2024-01-01,5372,2577.23
D01,LD-1040,2024-01-08,6767,3149.82
D01,LD-1040,2024-01-15,8202,3863.21
D01,LD-1040,2024-01-22,6742,3133.01
D01,LD-1040,2024-01-29,7049,3284.6
D01,LD-1040,2024-02-05,6547,2884.87
D01,LD-1040,2024-02-12,5647,2633.85
D01,LD-1040,2024-02-19,6176,2996.99
D01,LD-1040,2024-02-26,5595,2536.11
D01,LD-1040,2024-03-04,5592,2460.81
D01,LD-1040,2024-03-11,7266,3451.65
D01,LD-1040,2024-03-18,5836,2744.11
D01,LD-1040,2024-03-25,7314,3258.65
D01,LD-1040,2024-04-01,5787,2571.41
D01,LD-1040,2024-04-08,7418,3530.2
D01,LD-1040,2024-04-15,6646,2957.73
D01,LD-1040,2024-04-22,8896,4271.13
D01,LD-1040,2024-04-29,7611,3415.33
D01,LD-1040,2024-05-06,8776,4012.58
D01,LD-1040,2024-05-13,6540,3097.8
D01,LD-1040,2024-05-20,7415,3260.66
D01,LD-1040,2024-05-27,6363,2989.34
D01,LD-1040,2024-06-03,6940,3058.47
D01,LD-1040,2024-06-10,7103,3432.85
D01,LD-1040,2024-06-17,6622,3068.19
D01,LD-1040,2024-06-24,6143,2703.72
D01,LD-1040,2024-07-01,5948,2667.9
D01,LD-1040,2024-07-08,5157,2403.67
D01,LD-1040,2024-07-15,6223,2820.52
D01,LD-1040,2024-07-22,7966,3775.82
D01,LD-1040,2024-07-29,5668,2707.07
D01,LD-1040,2024-08-05,5825,2620.14
D01,LD-1040,2024-08-12,9282,4406.12
D01,LD-1040,2024-08-19,6394,3099.5
D01,LD-1040,2024-08-26,7316,3437.35
D01,LD-1040,2024-09-02,7605,3495.21
D01,LD-1040,2024-09-09,7556,3498.84
D01,LD-1040,2024-09-16,5392,2401.7
D01,LD-1040,2024-09-23,6481,3028.34
D01,LD-1040,2024-09-30,5214,2501.31
D01,LD-1040,2024-10-07,9506,4555.36
D01,LD-1040,2024-10-14,5141,2418.94
D01,LD-1040,2024-10-21,5536,2639.56
D01,LD-1040,2024-10-28,5502,2434.44
D01,LD-1040,2024-11-04,5105,2374.49
D01,LD-1040,2024-11-11,7786,3740.36
D01,LD-1040,2024-11-18,9102,4334.97
D01,LD-1040,2024-11-25,5875,2828.48
D01,LD-1040,2024-12-02,5166,2503.02
D01,LD-1040,2024-12-09,4500,2134.06
D01,LD-1040,2024-12-16,6071,2960.05
D01,LD-1040,2024-12-23,6017,2807.85
D01,LD-1040,2024-12-30,5740,2659.14
D01,LD-1040,2025-01-06,6571,2924.64
D01,LD-1040,2025-01-13,6781,3227.01
D01,LD-1040,2025-01-20,6751,3041.17
D01,LD-1040,2025-01-27,6178,2760.9
D01,LD-1040,2025-02-03,5535,2576.61
D01,LD-1040,2025-02-10,7278,3476.04
D01,LD-1040,2025-02-17,6659,2930.25
D01,LD-1040,2025-02-24,7666,3512.52
D01,LD-1040,2025-03-03,7627,3637.25
D01,LD-1040,2025-03-10,5527,2430.49
D01,LD-1040,2025-03-17,5570,2619.54
D01,LD-1040,2025-03-24,6225,2776.73
D01,LD-1040,2025-03-31,6004,2749.85
D01,LD-1040,2025-04-07,7946,3608.72
D01,LD-1040,2025-04-14,7539,3660.12
D01,LD-1040,2025-04-21,8495,3969.76
D01,LD-1040,2025-04-28,7695,3637.26
D01,LD-1040,2025-05-05,7523,3320.12
D01,LD-1040,2025-05-12,8770,4283.46
D01,LD-1040,2025-05-19,7889,3862.46
D01,LD-1040,2025-05-26,7448,3285.27
D01,LD-1040,2025-06-02,9220,4437.29
D01,LD-1040,2025-06-09,7517,3392.68
D01,LD-1040,2025-06-16,7055,3200.9
D01,LD-1040,2025-06-23,6502,2889.95
D01,LD-1040,2025-06-30,8170,3943.52
D01,LD-1040,2025-07-07,8819,3930.58
D01,LD-1040,2025-07-14,7236,3295.44
D01,LD-1040,2025-07-21,8822,3924.57
D01,LD-1040,2025-07-28,5361,2420.56
D01,LD-1040,2025-08-04,7092,3144.5
D01,LD-1040,2025-08-11,7053,3296.86
D01,LD-1040,2025-08-18,6308,3017.21
D01,LD-1040,2025-08-25,9969,4422.39
D01,LD-1040,2025-09-01,6839,3019.34
D01,LD-1040,2025-09-08,6435,2915.34
D01,LD-1040,2025-09-15,6801,3010.46
D01,LD-1040,2025-09-22,4969,2376.34
D01,LD-1040,2025-09-29,5931,2677.15
D01,LD-1040,2025-10-06,7633,3644.96
D01,LD-1040,2025-10-13,5942,2874.15
D01,LD-1040,2025-10-20,5721,2750.99
D01,LD-1040,2025-10-27,7827,3467.92
D01,LD-1040,2025-11-03,7813,3768.76
D01,LD-1040,2025-11-10,6869,3335.14
D01,LD-1040,2025-11-17,5911,2815.21
D01,LD-1040,2025-11-24,6087,2728.75
D01,LD-1040,2025-12-01,5582,2731.33
D01,LD-1040,2025-12-08,5421,2440.26
D01,LD-1040,2025-12-15,5384,2549.19
D01,LD-1040,2025-12-22,5751,2685.81
D01,LD-1040,2025-12-29,5419,2555.6
D01,LD-1040,2026-01-05,5027,2437.64
D01,LD-1040,2026-01-12,6604,2965.19
D01,LD-1040,2026-01-19,6661,3016.75
D01,LD-1040,2026-01-26,8360,3764.7
D01,LD-1040,2026-02-02,5907,2675.58
D01,LD-1040,2026-02-09,6886,3185.76
D01,LD-1040,2026-02-16,6966,3206.26
D01,LD-1040,2026-02-23,6459,2887.06
D01,LD-1040,2026-03-02,7575,3549.37
D01,LD-1040,2026-03-09,7684,3480.92
D01,LD-1040,2026-03-16,7254,3237.58
D01,LD-1040,2026-03-23,6709,2961.65
D01,LD-1040,2026-03-30,6668,3024.31
D01,LD-1040,2026-04-06,5779,2609.27
D01,LD-1040,2026-04-13,6337,2911.59
D01,LD-1040,2026-04-20,6562,3029.57
D01,LD-1040,2026-04-27,6126,2716.33
D01,LD-1040,2026-05-04,7789,3517.09
D01,LD-1040,2026-05-11,8766,4002.46
D01,LD-1040,2026-05-18,6416,2994.54
D01,LD-1040,2026-05-25,7692,3478.89
D01,LD-1040,2026-06-01,6323,2886.69
D01,LD-1040,2026-06-08,7058,3116.45
D01,LD-1040,2026-06-15,6658,3187.34
D01,LD-1040,2026-06-22,8069,3899.76
D01,PM-1002,2024-01-01,2731,3365.85
D01,PM-1002,2024-01-08,2989,3854.35
D01,PM-1002,2024-01-15,2945,3553.45
D01,PM-1002,2024-01-22,4077,5313.81
D01,PM-1002,2024-01-29,2982,3863.15
D01,PM-1002,2024-02-05,3761,4576.27
D01,PM-1002,2024-02-12,3315,4037.09
D01,PM-1002,2024-02-19,3333,4024.06
D01,PM-1002,2024-02-26,2987,3545.19
D01,PM-1002,2024-03-04,3389,4050.47
D01,PM-1002,2024-03-11,3078,3845.76
D01,PM-1002,2024-03-18,3576,4348.88
D01,PM-1002,2024-03-25,3396,4321.47
D01,PM-1002,2024-04-01,3081,4015.05
D01,PM-1002,2024-04-08,4155,5021.86
D01,PM-1002,2024-04-15,3848,4912.37
D01,PM-1002,2024-04-22,3399,4333.86
D01,PM-1002,2024-04-29,3740,4538.43
D01,PM-1002,2024-05-06,3634,4550.79
D01,PM-1002,2024-05-13,3246,4240.25
D01,PM-1002,2024-05-20,3750,4611.59
D01,PM-1002,2024-05-27,3390,4262.87
D01,PM-1002,2024-06-03,3234,4227.32
D01,PM-1002,2024-06-10,2923,3625.02
D01,PM-1002,2024-06-17,3531,4263.49
D01,PM-1002,2024-06-24,4051,4868.93
D01,PM-1002,2024-07-01,3343,4240.6
D01,PM-1002,2024-07-08,5396,6503.78
D01,PM-1002,2024-07-15,4203,5141.44
D01,PM-1002,2024-07-22,4450,5584.56
D01,PM-1002,2024-07-29,4096,5052.86
D01,PM-1002,2024-08-05,4766,5683.11
D01,PM-1002,2024-08-12,3182,4182.42
D01,PM-1002,2024-08-19,2418,2987.51
D01,PM-1002,2024-08-26,3291,4351.32
D01,PM-1002,2024-09-02,3790,4942.28
D01,PM-1002,2024-09-09,3532,4460.29
D01,PM-1002,2024-09-16,3563,4304.78
D01,PM-1002,2024-09-23,4128,5241.49
D01,PM-1002,2024-09-30,3552,4504.92
D01,PM-1002,2024-10-07,3747,4600.21
D01,PM-1002,2024-10-14,2862,3566.07
D01,PM-1002,2024-10-21,2774,3355.06
D01,PM-1002,2024-10-28,4135,4932.94
D01,PM-1002,2024-11-04,3274,4134.98
D01,PM-1002,2024-11-11,2922,3823.37
D01,PM-1002,2024-11-18,2910,3484.62
D01,PM-1002,2024-11-25,2889,3612.79
D01,PM-1002,2024-12-02,2858,3566.4
D01,PM-1002,2024-12-09,2620,3255.55
D01,PM-1002,2024-12-16,2538,3051.56
D01,PM-1002,2024-12-23,3092,3685.74
D01,PM-1002,2024-12-30,2922,3728.7
D01,PM-1002,2025-01-06,3787,4940.96
D01,PM-1002,2025-01-13,3370,4276.99
D01,PM-1002,2025-01-20,3377,4456.38
D01,PM-1002,2025-01-27,2924,3570.15
D01,PM-1002,2025-02-03,3236,3845.02
D01,PM-1002,2025-02-10,3509,4277.94
D01,PM-1002,2025-02-17,3735,4620.15
D01,PM-1002,2025-02-24,3339,4215.68
D01,PM-1002,2025-03-03,4020,4841.31
D01,PM-1002,2025-03-10,3457,4532.79
D01,PM-1002,2025-03-17,3926,4753.25
D01,PM-1002,2025-03-24,3269,4007.3
D01,PM-1002,2025-03-31,2705,3396.3
D01,PM-1002,2025-04-07,3728,4450.88
D01,PM-1002,2025-04-14,4024,5103.62
D01,PM-1002,2025-04-21,3963,5017.1
D01,PM-1002,2025-04-28,3898,4797.01
D01,PM-1002,2025-05-05,3492,4560.29
D01,PM-1002,2025-05-12,3276,4143.11
D01,PM-1002,2025-05-19,4031,4946.0
D01,PM-1002,2025-05-26,3966,5130.11
D01,PM-1002,2025-06-02,3426,4272.4
D01,PM-1002,2025-06-09,4404,5820.88
D01,PM-1002,2025-06-16,3264,4145.08
D01,PM-1002,2025-06-23,3409,4178.92
D01,PM-1002,2025-06-30,4743,5848.81
D01,PM-1002,2025-07-07,4211,5524.15
D01,PM-1002,2025-07-14,3487,4548.37
D01,PM-1002,2025-07-21,3820,5012.88
D01,PM-1002,2025-07-28,3721,4537.18
D01,PM-1002,2025-08-04,2391,3053.24
D01,PM-1002,2025-08-11,3126,4061.72
D01,PM-1002,2025-08-18,3523,4310.97
D01,PM-1002,2025-08-25,3335,3985.47
D01,PM-1002,2025-09-01,3617,4648.04
D01,PM-1002,2025-09-08,4090,5271.88
D01,PM-1002,2025-09-15,3258,4129.22
D01,PM-1002,2025-09-22,2890,3455.98
D01,PM-1002,2025-09-29,3522,4382.3
D01,PM-1002,2025-10-06,3165,4186.15
D01,PM-1002,2025-10-13,3219,3929.36
D01,PM-1002,2025-10-20,3129,4009.42
D01,PM-1002,2025-10-27,4543,5439.12
D01,PM-1002,2025-11-03,2304,2854.68
D01,PM-1002,2025-11-10,3026,3994.82
D01,PM-1002,2025-11-17,3192,3927.35
D01,PM-1002,2025-11-24,2832,3414.37
D01,PM-1002,2025-12-01,3637,4425.28
D01,PM-1002,2025-12-08,3588,4346.77
D01,PM-1002,2025-12-15,3156,3894.04
D01,PM-1002,2025-12-22,3058,4016.72
D01,PM-1002,2025-12-29,3141,4002.5
D01,PM-1002,2026-01-05,3158,3898.55
D01,PM-1002,2026-01-12,3187,3818.66
D01,PM-1002,2026-01-19,3155,3796.54
D01,PM-1002,2026-01-26,3395,4151.35
D01,PM-1002,2026-02-02,3690,4376.75
D01,PM-1002,2026-02-09,2764,3478.06
D01,PM-1002,2026-02-16,2865,3666.8
D01,PM-1002,2026-02-23,2605,3378.33
D01,PM-1002,2026-03-02,3894,4954.42
D01,PM-1002,2026-03-09,3584,4312.37
D01,PM-1002,2026-03-16,3760,4470.72
D01,PM-1002,2026-03-23,2839,3722.44
D01,PM-1002,2026-03-30,4640,5700.28
D01,PM-1002,2026-04-06,3268,3986.82
D01,PM-1002,2026-04-13,3702,4645.94
D01,PM-1002,2026-04-20,4133,4994.68
D01,PM-1002,2026-04-27,3156,3973.92
D01,PM-1002,2026-05-04,3390,4100.87
D01,PM-1002,2026-05-11,3798,4632.18
D01,PM-1002,2026-05-18,5696,6992.61
D01,PM-1002,2026-05-25,3892,5064.82
D01,PM-1002,2026-06-01,4742,5815.47
D01,PM-1002,2026-06-08,4468,5663.96
D01,PM-1002,2026-06-15,3938,5005.08
D01,PM-1002,2026-06-22,3208,3956.78
D01,PW-1031,2024-01-01,939,4287.35
D01,PW-1031,2024-01-08,1062,4513.14
D01,PW-1031,2024-01-15,1226,5190.55
D01,PW-1031,2024-01-22,1498,6762.28
D01,PW-1031,2024-01-29,856,3640.65
D01,PW-1031,2024-02-05,1136,5018.36
D01,PW-1031,2024-02-12,930,4286.31
D01,PW-1031,2024-02-19,1290,5461.1
D01,PW-1031,2024-02-26,973,4574.01
D01,PW-1031,2024-03-04,1024,4684.69
D01,PW-1031,2024-03-11,1049,4842.64
D01,PW-1031,2024-03-18,1146,5181.37
D01,PW-1031,2024-03-25,1231,5436.15
D01,PW-1031,2024-04-01,1274,5824.7
D01,PW-1031,2024-04-08,1197,5087.18
D01,PW-1031,2024-04-15,991,4321.23
D01,PW-1031,2024-04-22,1361,6300.74
D01,PW-1031,2024-04-29,1221,5556.45
D01,PW-1031,2024-05-06,1476,6436.49
D01,PW-1031,2024-05-13,1122,5210.49
D01,PW-1031,2024-05-20,987,4320.3
D01,PW-1031,2024-05-27,1254,5864.25
D01,PW-1031,2024-06-03,1537,7125.39
D01,PW-1031,2024-06-10,1299,5801.9
D01,PW-1031,2024-06-17,1232,5583.31
D01,PW-1031,2024-06-24,1115,5087.98
D01,PW-1031,2024-07-01,1652,7058.58
D01,PW-1031,2024-07-08,1085,4668.2
D01,PW-1031,2024-07-15,1133,5209.62
D01,PW-1031,2024-07-22,1371,6341.68
D01,PW-1031,2024-07-29,948,4388.88
D01,PW-1031,2024-08-05,1508,6376.47
D01,PW-1031,2024-08-12,1360,5770.78
D01,PW-1031,2024-08-19,1407,6538.29
D01,PW-1031,2024-08-26,1328,6219.39
D01,PW-1031,2024-09-02,1183,5329.14
D01,PW-1031,2024-09-09,1025,4553.98
D01,PW-1031,2024-09-16,1168,5019.75
D01,PW-1031,2024-09-23,1022,4805.83
D01,PW-1031,2024-09-30,1263,5666.24
D01,PW-1031,2024-10-07,1316,5992.22
D01,PW-1031,2024-10-14,1445,6277.63
D01,PW-1031,2024-10-21,1217,5335.09
D01,PW-1031,2024-10-28,1315,5892.78
D01,PW-1031,2024-11-04,1090,4675.48
D01,PW-1031,2024-11-11,1057,4852.88
D01,PW-1031,2024-11-18,1216,5151.94
D01,PW-1031,2024-11-25,1067,4892.32
D01,PW-1031,2024-12-02,1177,5272.56
D01,PW-1031,2024-12-09,965,4089.09
D01,PW-1031,2024-12-16,994,4373.84
D01,PW-1031,2024-12-23,1253,5862.08
D01,PW-1031,2024-12-30,1307,6090.0
D01,PW-1031,2025-01-06,993,4603.89
D01,PW-1031,2025-01-13,1282,5502.3
D01,PW-1031,2025-01-20,1079,4961.65
D01,PW-1031,2025-01-27,1182,5345.66
D01,PW-1031,2025-02-03,1473,6892.29
D01,PW-1031,2025-02-10,1358,6282.43
D01,PW-1031,2025-02-17,1371,5894.01
D01,PW-1031,2025-02-24,1638,7700.4
D01,PW-1031,2025-03-03,1120,4951.96
D01,PW-1031,2025-03-10,1086,4855.94
D01,PW-1031,2025-03-17,1142,5094.54
D01,PW-1031,2025-03-24,1239,5238.07
D01,PW-1031,2025-03-31,914,4247.93
D01,PW-1031,2025-04-07,1274,5765.51
D01,PW-1031,2025-04-14,1223,5674.85
D01,PW-1031,2025-04-21,1506,7024.12
D01,PW-1031,2025-04-28,1423,6434.2
D01,PW-1031,2025-05-05,1243,5257.56
D01,PW-1031,2025-05-12,1495,6661.2
D01,PW-1031,2025-05-19,1534,6551.0
D01,PW-1031,2025-05-26,1231,5229.42
D01,PW-1031,2025-06-02,1288,5551.67
D01,PW-1031,2025-06-09,995,4671.52
D01,PW-1031,2025-06-16,1181,5199.57
D01,PW-1031,2025-06-23,1245,5481.16
D01,PW-1031,2025-06-30,1405,6395.65
D01,PW-1031,2025-07-07,1204,5076.29
D01,PW-1031,2025-07-14,1280,5850.58
D01,PW-1031,2025-07-21,1146,4937.61
D01,PW-1031,2025-07-28,1406,5993.88
D01,PW-1031,2025-08-04,1453,6356.35
D01,PW-1031,2025-08-11,1439,6317.06
D01,PW-1031,2025-08-18,1348,5709.36
D01,PW-1031,2025-08-25,1060,4643.96
D01,PW-1031,2025-09-01,1208,5361.41
D01,PW-1031,2025-09-08,1237,5450.21
D01,PW-1031,2025-09-15,1228,5389.95
D01,PW-1031,2025-09-22,1308,5937.61
D01,PW-1031,2025-09-29,1590,7185.1
D01,PW-1031,2025-10-06,1439,6408.28
D01,PW-1031,2025-10-13,1091,4844.26
D01,PW-1031,2025-10-20,1392,5993.43
D01,PW-1031,2025-10-27,1376,5821.82
D01,PW-1031,2025-11-03,1103,4780.91
D01,PW-1031,2025-11-10,1408,6235.09
D01,PW-1031,2025-11-17,1207,5388.27
D01,PW-1031,2025-11-24,999,4423.5
D01,PW-1031,2025-12-01,1321,6156.46
D01,PW-1031,2025-12-08,1276,5426.14
D01,PW-1031,2025-12-15,1197,5418.19
D01,PW-1031,2025-12-22,1236,5262.75
D01,PW-1031,2025-12-29,1121,5180.58
D01,PW-1031,2026-01-05,1376,6419.2
D01,PW-1031,2026-01-12,1256,5838.99
D01,PW-1031,2026-01-19,1307,6044.11
D01,PW-1031,2026-01-26,1357,5865.11
D01,PW-1031,2026-02-02,1092,4952.63
D01,PW-1031,2026-02-09,1147,5052.94
D01,PW-1031,2026-02-16,952,4462.15
D01,PW-1031,2026-02-23,1459,6797.17
D01,PW-1031,2026-03-02,1130,5119.9
D01,PW-1031,2026-03-09,1398,6251.11
D01,PW-1031,2026-03-16,1466,6786.07
D01,PW-1031,2026-03-23,1534,7180.62
D01,PW-1031,2026-03-30,1182,5392.51
D01,PW-1031,2026-04-06,1417,6572.04
D01,PW-1031,2026-04-13,1856,8347.77
D01,PW-1031,2026-04-20,1885,8413.07
D01,PW-1031,2026-04-27,1704,7461.12
D01,PW-1031,2026-05-04,1556,7230.96
D01,PW-1031,2026-05-11,1281,5852.64
D01,PW-1031,2026-05-18,1667,7648.93
D01,PW-1031,2026-05-25,1468,6863.75
D01,PW-1031,2026-06-01,1640,7329.94
D01,PW-1031,2026-06-08,1374,5930.03
D01,PW-1031,2026-06-15,1474,6913.43
D01,PW-1031,2026-06-22,1550,7197.43
D01,PW-1033,2024-01-01,1513,6588.7
D01,PW-1033,2024-01-08,1700,7346.7
D01,PW-1033,2024-01-15,1534,6732.31
D01,PW-1033,2024-01-22,1474,6546.89
D01,PW-1033,2024-01-29,1548,6871.89
D01,PW-1033,2024-02-05,1796,8156.95
D01,PW-1033,2024-02-12,1437,6164.35
D01,PW-1033,2024-02-19,1575,6630.04
D01,PW-1033,2024-02-26,1626,6761.56
D01,PW-1033,2024-03-04,1870,7729.72
D01,PW-1033,2024-03-11,1637,6768.86
D01,PW-1033,2024-03-18,2204,9255.26
D01,PW-1033,2024-03-25,1660,7114.69
D01,PW-1033,2024-04-01,1658,6927.73
D01,PW-1033,2024-04-08,1692,7544.36
D01,PW-1033,2024-04-15,1439,6138.66
D01,PW-1033,2024-04-22,1514,6634.34
D01,PW-1033,2024-04-29,1648,7242.75
D01,PW-1033,2024-05-06,2131,9082.73
D01,PW-1033,2024-05-13,1800,7633.98
D01,PW-1033,2024-05-20,1692,7480.97
D01,PW-1033,2024-05-27,2197,9351.52
D01,PW-1033,2024-06-03,2314,9599.62
D01,PW-1033,2024-06-10,2219,9994.21
D01,PW-1033,2024-06-17,1619,7335.65
D01,PW-1033,2024-06-24,1709,7026.34
D01,PW-1033,2024-07-01,2415,10251.33
D01,PW-1033,2024-07-08,1904,8334.79
D01,PW-1033,2024-07-15,1759,7320.14
D01,PW-1033,2024-07-22,2031,9118.73
D01,PW-1033,2024-07-29,2112,9361.97
D01,PW-1033,2024-08-05,1657,7064.45
D01,PW-1033,2024-08-12,1855,7940.28
D01,PW-1033,2024-08-19,2048,8630.58
D01,PW-1033,2024-08-26,1487,6673.67
D01,PW-1033,2024-09-02,1760,7848.75
D01,PW-1033,2024-09-09,1475,6252.43
D01,PW-1033,2024-09-16,1492,6161.11
D01,PW-1033,2024-09-23,1577,6893.85
D01,PW-1033,2024-09-30,1829,7701.91
D01,PW-1033,2024-10-07,1610,7184.8
D01,PW-1033,2024-10-14,1523,6645.0
D01,PW-1033,2024-10-21,1681,7588.88
D01,PW-1033,2024-10-28,1397,6018.31
D01,PW-1033,2024-11-04,1761,7578.85
D01,PW-1033,2024-11-11,1950,8467.91
D01,PW-1033,2024-11-18,1622,7097.14
D01,PW-1033,2024-11-25,1590,7034.64
D01,PW-1033,2024-12-02,1733,7664.55
D01,PW-1033,2024-12-09,1210,5051.11
D01,PW-1033,2024-12-16,1783,7695.42
D01,PW-1033,2024-12-23,2629,11917.18
D01,PW-1033,2024-12-30,1629,6910.51
D01,PW-1033,2025-01-06,1639,6840.98
D01,PW-1033,2025-01-13,1879,8108.63
D01,PW-1033,2025-01-20,2169,9740.19
D01,PW-1033,2025-01-27,1979,8321.58
D01,PW-1033,2025-02-03,1249,5478.29
D01,PW-1033,2025-02-10,1898,8400.77
D01,PW-1033,2025-02-17,2594,10837.68
D01,PW-1033,2025-02-24,1958,8371.8
D01,PW-1033,2025-03-03,1517,6347.64
D01,PW-1033,2025-03-10,1903,8063.17
D01,PW-1033,2025-03-17,1523,6684.71
D01,PW-1033,2025-03-24,2245,9763.98
D01,PW-1033,2025-03-31,1634,6846.29
D01,PW-1033,2025-04-07,1926,7923.19
D01,PW-1033,2025-04-14,1691,7672.93
D01,PW-1033,2025-04-21,1788,7661.66
D01,PW-1033,2025-04-28,2445,10357.74
D01,PW-1033,2025-05-05,2002,9052.88
D01,PW-1033,2025-05-12,1824,7903.6
D01,PW-1033,2025-05-19,1680,7451.34
D01,PW-1033,2025-05-26,1513,6609.0
D01,PW-1033,2025-06-02,1666,7077.45
D01,PW-1033,2025-06-09,2048,9131.37
D01,PW-1033,2025-06-16,2336,9826.15
D01,PW-1033,2025-06-23,1854,8205.65
D01,PW-1033,2025-06-30,2550,11505.35
D01,PW-1033,2025-07-07,1805,7794.36
D01,PW-1033,2025-07-14,1934,8560.78
D01,PW-1033,2025-07-21,1698,7711.86
D01,PW-1033,2025-07-28,2305,9728.19
D01,PW-1033,2025-08-04,2707,11276.68
D01,PW-1033,2025-08-11,1508,6539.91
D01,PW-1033,2025-08-18,1851,7711.73
D01,PW-1033,2025-08-25,2340,9831.45
D01,PW-1033,2025-09-01,1546,6889.2
D01,PW-1033,2025-09-08,2075,9225.43
D01,PW-1033,2025-09-15,2271,9276.75
D01,PW-1033,2025-09-22,1898,8214.32
D01,PW-1033,2025-09-29,2021,9079.09
D01,PW-1033,2025-10-06,2405,10667.09
D01,PW-1033,2025-10-13,2457,11067.42
D01,PW-1033,2025-10-20,1806,7435.45
D01,PW-1033,2025-10-27,1673,7134.28
D01,PW-1033,2025-11-03,1571,7145.0
D01,PW-1033,2025-11-10,2081,8827.79
D01,PW-1033,2025-11-17,1459,6130.4
D01,PW-1033,2025-11-24,1723,7136.33
D01,PW-1033,2025-12-01,1817,8181.96
D01,PW-1033,2025-12-08,1661,6963.17
D01,PW-1033,2025-12-15,1872,8495.84
D01,PW-1033,2025-12-22,2646,11169.89
D01,PW-1033,2025-12-29,1777,7360.56
D01,PW-1033,2026-01-05,1705,7291.07
D01,PW-1033,2026-01-12,2135,9443.56
D01,PW-1033,2026-01-19,1915,8017.1
D01,PW-1033,2026-01-26,2313,9694.74
D01,PW-1033,2026-02-02,1929,8643.46
D01,PW-1033,2026-02-09,1832,8126.58
D01,PW-1033,2026-02-16,1471,6404.52
D01,PW-1033,2026-02-23,1524,6826.9
D01,PW-1033,2026-03-02,1492,6635.86
D01,PW-1033,2026-03-09,2104,9263.34
D01,PW-1033,2026-03-16,1638,6696.82
D01,PW-1033,2026-03-23,2453,10329.22
D01,PW-1033,2026-03-30,2063,8565.97
D01,PW-1033,2026-04-06,2000,8928.63
D01,PW-1033,2026-04-13,1845,8103.25
D01,PW-1033,2026-04-20,2319,10565.98
D01,PW-1033,2026-04-27,1887,8109.57
D01,PW-1033,2026-05-04,1850,8147.62
D01,PW-1033,2026-05-11,2579,11047.68
D01,PW-1033,2026-05-18,2288,10127.72
D01,PW-1033,2026-05-25,2103,9144.81
D01,PW-1033,2026-06-01,2406,10674.47
D01,PW-1033,2026-06-08,2193,9564.42
D01,PW-1033,2026-06-15,2322,9940.69
D01,PW-1033,2026-06-22,1939,8382.09
D01,LD-1039,2024-01-01,3437,1123.21
D01,LD-1039,2024-01-08,2583,825.23
D01,LD-1039,2024-01-15,2829,885.36
D01,LD-1039,2024-01-22,2921,971.61
D01,LD-1039,2024-01-29,3177,1063.68
D01,LD-1039,2024-02-05,2948,923.68
D01,LD-1039,2024-02-12,3705,1249.87
D01,LD-1039,2024-02-19,2643,819.88
D01,LD-1039,2024-02-26,2679,859.47
D01,LD-1039,2024-03-04,3260,1065.93
D01,LD-1039,2024-03-11,3371,1037.8
D01,LD-1039,2024-03-18,2810,902.55
D01,LD-1039,2024-03-25,3221,1019.07
D01,LD-1039,2024-04-01,3352,1144.77
D01,LD-1039,2024-04-08,3384,1129.1
D01,LD-1039,2024-04-15,3702,1164.93
D01,LD-1039,2024-04-22,3301,1037.64
D01,LD-1039,2024-04-29,4579,1569.38
D01,LD-1039,2024-05-06,3969,1311.67
D01,LD-1039,2024-05-13,3284,1051.12
D01,LD-1039,2024-05-20,3773,1255.74
D01,LD-1039,2024-05-27,3800,1217.98
D01,LD-1039,2024-06-03,4483,1444.63
D01,LD-1039,2024-06-10,3416,1148.25
D01,LD-1039,2024-06-17,4192,1294.04
D01,LD-1039,2024-06-24,3754,1258.21
D01,LD-1039,2024-07-01,4653,1506.49
D01,LD-1039,2024-07-08,4498,1450.6
D01,LD-1039,2024-07-15,3800,1272.0
D01,LD-1039,2024-07-22,3527,1104.17
D01,LD-1039,2024-07-29,3933,1223.79
D01,LD-1039,2024-08-05,3522,1165.53
D01,LD-1039,2024-08-12,4619,1492.69
D01,LD-1039,2024-08-19,3602,1186.73
D01,LD-1039,2024-08-26,3319,1102.8
D01,LD-1039,2024-09-02,3262,1044.66
D01,LD-1039,2024-09-09,2885,888.81
D01,LD-1039,2024-09-16,3726,1170.38
D01,LD-1039,2024-09-23,3002,941.08
D01,LD-1039,2024-09-30,3965,1265.84
D01,LD-1039,2024-10-07,2745,869.89
D01,LD-1039,2024-10-14,3368,1148.68
D01,LD-1039,2024-10-21,3895,1239.43
D01,LD-1039,2024-10-28,2356,749.2
D01,LD-1039,2024-11-04,4377,1379.58
D01,LD-1039,2024-11-11,3017,1019.26
D01,LD-1039,2024-11-18,3271,1056.57
D01,LD-1039,2024-11-25,3478,1190.11
D01,LD-1039,2024-12-02,3553,1216.32
D01,LD-1039,2024-12-09,3318,1119.93
D01,LD-1039,2024-12-16,3701,1156.54
D01,LD-1039,2024-12-23,3451,1172.06
D01,LD-1039,2024-12-30,4170,1326.22
D01,LD-1039,2025-01-06,3478,1191.11
D01,LD-1039,2025-01-13,4342,1454.86
D01,LD-1039,2025-01-20,3725,1243.41
D01,LD-1039,2025-01-27,2500,794.5
D01,LD-1039,2025-02-03,4888,1631.6
D01,LD-1039,2025-02-10,3058,1043.02
D01,LD-1039,2025-02-17,4209,1398.89
D01,LD-1039,2025-02-24,3409,1108.01
D01,LD-1039,2025-03-03,4019,1366.44
D01,LD-1039,2025-03-10,3122,966.48
D01,LD-1039,2025-03-17,3839,1210.16
D01,LD-1039,2025-03-24,3396,1139.83
D01,LD-1039,2025-03-31,4511,1545.82
D01,LD-1039,2025-04-07,3834,1283.87
D01,LD-1039,2025-04-14,4164,1305.54
D01,LD-1039,2025-04-21,2635,834.62
D01,LD-1039,2025-04-28,3622,1199.6
D01,LD-1039,2025-05-05,3924,1300.03
D01,LD-1039,2025-05-12,3833,1208.69
D01,LD-1039,2025-05-19,4297,1337.7
D01,LD-1039,2025-05-26,3531,1166.05
D01,LD-1039,2025-06-02,3764,1206.74
D01,LD-1039,2025-06-09,4463,1409.09
D01,LD-1039,2025-06-16,2655,888.63
D01,LD-1039,2025-06-23,4075,1310.37
D01,LD-1039,2025-06-30,3538,1163.21
D01,LD-1039,2025-07-07,3232,1021.19
D01,LD-1039,2025-07-14,3880,1205.21
D01,LD-1039,2025-07-21,4410,1498.66
D01,LD-1039,2025-07-28,4260,1352.87
D01,LD-1039,2025-08-04,3546,1197.14
D01,LD-1039,2025-08-11,4094,1308.98
D01,LD-1039,2025-08-18,4054,1286.73
D01,LD-1039,2025-08-25,3482,1191.43
D01,LD-1039,2025-09-01,3150,1074.99
D01,LD-1039,2025-09-08,3147,989.69
D01,LD-1039,2025-09-15,3887,1225.49
D01,LD-1039,2025-09-22,3374,1101.87
D01,LD-1039,2025-09-29,2875,925.76
D01,LD-1039,2025-10-06,2588,830.52
D01,LD-1039,2025-10-13,3743,1186.55
D01,LD-1039,2025-10-20,3020,952.0
D01,LD-1039,2025-10-27,3419,1054.59
D01,LD-1039,2025-11-03,3894,1273.77
D01,LD-1039,2025-11-10,2643,855.16
D01,LD-1039,2025-11-17,3181,1051.09
D01,LD-1039,2025-11-24,3112,979.28
D01,LD-1039,2025-12-01,3373,1153.05
D01,LD-1039,2025-12-08,3835,1224.73
D01,LD-1039,2025-12-15,2610,883.82
D01,LD-1039,2025-12-22,3477,1102.98
D01,LD-1039,2025-12-29,3738,1221.82
D01,LD-1039,2026-01-05,3127,1049.51
D01,LD-1039,2026-01-12,3167,1042.68
D01,LD-1039,2026-01-19,3465,1122.2
D01,LD-1039,2026-01-26,3452,1064.91
D01,LD-1039,2026-02-02,3606,1124.01
D01,LD-1039,2026-02-09,3625,1149.52
D01,LD-1039,2026-02-16,2902,929.26
D01,LD-1039,2026-02-23,3939,1285.71
D01,LD-1039,2026-03-02,4084,1350.53
D01,LD-1039,2026-03-09,3559,1139.44
D01,LD-1039,2026-03-16,2793,877.05
D01,LD-1039,2026-03-23,3467,1187.42
D01,LD-1039,2026-03-30,3665,1254.46
D01,LD-1039,2026-04-06,3024,971.77
D01,LD-1039,2026-04-13,3428,1076.23
D01,LD-1039,2026-04-20,2950,965.38
D01,LD-1039,2026-04-27,4018,1265.75
D01,LD-1039,2026-05-04,3782,1211.3
D01,LD-1039,2026-05-11,2896,986.26
D01,LD-1039,2026-05-18,3922,1291.1
D01,LD-1039,2026-05-25,3699,1184.2
D01,LD-1039,2026-06-01,4037,1278.07
D01,LD-1039,2026-06-08,3525,1147.49
D01,LD-1039,2026-06-15,3313,1080.2
D01,LD-1039,2026-06-22,3323,1134.8
D01,IG-1010,2024-01-01,162,10175.68
D01,IG-1010,2024-01-08,201,12305.88
D01,IG-1010,2024-01-15,195,11844.29
D01,IG-1010,2024-01-22,250,14661.66
D01,IG-1010,2024-01-29,177,10511.25
D01,IG-1010,2024-02-05,197,12176.19
D01,IG-1010,2024-02-12,190,11806.2
D01,IG-1010,2024-02-19,273,16937.0
D01,IG-1010,2024-02-26,196,11880.79
D01,IG-1010,2024-03-04,246,15764.5
D01,IG-1010,2024-03-11,265,17038.33
D01,IG-1010,2024-03-18,227,14084.86
D01,IG-1010,2024-03-25,191,11944.06
D01,IG-1010,2024-04-01,194,12480.77
D01,IG-1010,2024-04-08,275,16625.41
D01,IG-1010,2024-04-15,202,11974.91
D01,IG-1010,2024-04-22,262,16510.29
D01,IG-1010,2024-04-29,254,14834.07
D01,IG-1010,2024-05-06,266,17098.36
D01,IG-1010,2024-05-13,272,16065.42
D01,IG-1010,2024-05-20,222,13505.62
D01,IG-1010,2024-05-27,222,13761.96
D01,IG-1010,2024-06-03,288,17456.15
D01,IG-1010,2024-06-10,236,15199.56
D01,IG-1010,2024-06-17,173,10772.92
D01,IG-1010,2024-06-24,288,17207.44
D01,IG-1010,2024-07-01,224,13289.1
D01,IG-1010,2024-07-08,280,17494.01
D01,IG-1010,2024-07-15,322,18702.05
D01,IG-1010,2024-07-22,261,16657.25
D01,IG-1010,2024-07-29,302,19374.91
D01,IG-1010,2024-08-05,265,16768.99
D01,IG-1010,2024-08-12,327,20224.62
D01,IG-1010,2024-08-19,219,13253.24
D01,IG-1010,2024-08-26,255,16008.84
D01,IG-1010,2024-09-02,281,17813.76
D01,IG-1010,2024-09-09,245,14268.12
D01,IG-1010,2024-09-16,298,19051.05
D01,IG-1010,2024-09-23,233,14760.16
D01,IG-1010,2024-09-30,338,19935.91
D01,IG-1010,2024-10-07,338,21822.18
D01,IG-1010,2024-10-14,255,15512.74
D01,IG-1010,2024-10-21,265,16356.51
D01,IG-1010,2024-10-28,290,17777.8
D01,IG-1010,2024-11-04,203,12254.97
D01,IG-1010,2024-11-11,198,12381.73
D01,IG-1010,2024-11-18,291,17726.36
D01,IG-1010,2024-11-25,252,15845.55
D01,IG-1010,2024-12-02,234,15075.98
D01,IG-1010,2024-12-09,243,15360.51
D01,IG-1010,2024-12-16,170,10920.2
D01,IG-1010,2024-12-23,238,15087.59
D01,IG-1010,2024-12-30,220,13015.55
D01,IG-1010,2025-01-06,285,17446.34
D01,IG-1010,2025-01-13,291,18667.52
D01,IG-1010,2025-01-20,276,17516.17
D01,IG-1010,2025-01-27,271,17130.44
D01,IG-1010,2025-02-03,206,11981.64
D01,IG-1010,2025-02-10,286,17342.92
D01,IG-1010,2025-02-17,291,17440.58
D01,IG-1010,2025-02-24,323,19646.2
D01,IG-1010,2025-03-03,373,21825.06
D01,IG-1010,2025-03-10,213,13717.53
D01,IG-1010,2025-03-17,263,16790.91
D01,IG-1010,2025-03-24,252,15727.07
D01,IG-1010,2025-03-31,293,17955.65
D01,IG-1010,2025-04-07,289,17570.01
D01,IG-1010,2025-04-14,282,17180.8
D01,IG-1010,2025-04-21,344,21211.91
D01,IG-1010,2025-04-28,253,15983.78
D01,IG-1010,2025-05-05,257,16114.15
D01,IG-1010,2025-05-12,260,16100.52
D01,IG-1010,2025-05-19,289,16744.5
D01,IG-1010,2025-05-26,255,15942.36
D01,IG-1010,2025-06-02,306,19487.42
D01,IG-1010,2025-06-09,302,18272.69
D01,IG-1010,2025-06-16,276,16155.44
D01,IG-1010,2025-06-23,354,20826.79
D01,IG-1010,2025-06-30,308,18379.07
D01,IG-1010,2025-07-07,277,16451.97
D01,IG-1010,2025-07-14,226,13391.8
D01,IG-1010,2025-07-21,229,14062.34
D01,IG-1010,2025-07-28,209,12942.14
D01,IG-1010,2025-08-04,224,13927.56
D01,IG-1010,2025-08-11,245,15527.35
D01,IG-1010,2025-08-18,204,12828.07
D01,IG-1010,2025-08-25,231,13830.77
D01,IG-1010,2025-09-01,186,11857.09
D01,IG-1010,2025-09-08,231,13870.0
D01,IG-1010,2025-09-15,186,11076.75
D01,IG-1010,2025-09-22,227,14445.42
D01,IG-1010,2025-09-29,198,12064.96
D01,IG-1010,2025-10-06,242,15334.32
D01,IG-1010,2025-10-13,160,9517.75
D01,IG-1010,2025-10-20,150,9202.71
D01,IG-1010,2025-10-27,168,9712.74
D01,IG-1010,2025-11-03,147,9370.96
D01,IG-1010,2025-11-10,145,8773.89
D01,IG-1010,2025-11-17,194,11416.88
D01,IG-1010,2025-11-24,175,10627.64
D01,IG-1010,2025-12-01,161,10266.15
D01,IG-1010,2025-12-08,162,9866.6
D01,IG-1010,2025-12-15,156,9456.21
D01,IG-1010,2025-12-22,217,13504.34
D01,IG-1010,2025-12-29,151,8885.42
D01,IG-1010,2026-01-05,137,8058.82
D01,IG-1010,2026-01-12,188,11810.25
D01,IG-1010,2026-01-19,161,9708.16
D01,IG-1010,2026-01-26,226,14385.67
D01,IG-1010,2026-02-02,154,9384.9
D01,IG-1010,2026-02-09,189,11280.46
D01,IG-1010,2026-02-16,195,12214.41
D01,IG-1010,2026-02-23,154,9879.51
D01,IG-1010,2026-03-02,149,8799.53
D01,IG-1010,2026-03-09,186,11113.73
D01,IG-1010,2026-03-16,181,11342.77
D01,IG-1010,2026-03-23,135,7962.49
D01,IG-1010,2026-03-30,140,8250.87
D01,IG-1010,2026-04-06,114,7132.19
D01,IG-1010,2026-04-13,181,11448.15
D01,IG-1010,2026-04-20,161,10026.53
D01,IG-1010,2026-04-27,164,10358.96
D01,IG-1010,2026-05-04,131,7823.02
D01,IG-1010,2026-05-11,144,8373.78
D01,IG-1010,2026-05-18,159,10070.33
D01,IG-1010,2026-05-25,155,9458.59
D01,IG-1010,2026-06-01,174,10416.03
D01,IG-1010,2026-06-08,187,11356.21
D01,IG-1010,2026-06-15,241,14149.29
D01,IG-1010,2026-06-22,170,9934.15
D01,LD-1037,2024-01-01,3807,2226.76
D01,LD-1037,2024-01-08,3877,2452.0
D01,LD-1037,2024-01-15,4082,2457.98
D01,LD-1037,2024-01-22,3566,2263.16
D01,LD-1037,2024-01-29,3393,2160.43
D01,LD-1037,2024-02-05,3921,2445.45
D01,LD-1037,2024-02-12,3706,2210.69
D01,LD-1037,2024-02-19,5043,2935.76
D01,LD-1037,2024-02-26,3842,2484.94
D01,LD-1037,2024-03-04,4040,2389.01
D01,LD-1037,2024-03-11,5962,3475.2
D01,LD-1037,2024-03-18,4033,2364.64
D01,LD-1037,2024-03-25,4556,2872.77
D01,LD-1037,2024-04-01,4660,2814.38
D01,LD-1037,2024-04-08,4760,2978.09
D01,LD-1037,2024-04-15,4490,2826.21
D01,LD-1037,2024-04-22,4458,2689.72
D01,LD-1037,2024-04-29,4425,2821.26
D01,LD-1037,2024-05-06,4020,2533.4
D01,LD-1037,2024-05-13,4624,2885.18
D01,LD-1037,2024-05-20,5992,3727.33
D01,LD-1037,2024-05-27,5314,3230.3
D01,LD-1037,2024-06-03,4646,2837.11
D01,LD-1037,2024-06-10,5050,3156.65
D01,LD-1037,2024-06-17,3896,2269.02
D01,LD-1037,2024-06-24,4262,2488.64
D01,LD-1037,2024-07-01,5095,3299.32
D01,LD-1037,2024-07-08,5504,3505.39
D01,LD-1037,2024-07-15,3905,2461.99
D01,LD-1037,2024-07-22,4054,2501.61
D01,LD-1037,2024-07-29,6007,3866.62
D01,LD-1037,2024-08-05,4362,2802.7
D01,LD-1037,2024-08-12,5607,3399.93
D01,LD-1037,2024-08-19,4362,2830.03
D01,LD-1037,2024-08-26,4349,2760.87
D01,LD-1037,2024-09-02,3966,2316.14
D01,LD-1037,2024-09-09,4737,3007.62
D01,LD-1037,2024-09-16,4993,3132.22
D01,LD-1037,2024-09-23,3454,2166.96
D01,LD-1037,2024-09-30,3790,2394.49
D01,LD-1037,2024-10-07,4542,2681.1
D01,LD-1037,2024-10-14,3850,2333.42
D01,LD-1037,2024-10-21,3617,2304.05
D01,LD-1037,2024-10-28,4498,2656.75
D01,LD-1037,2024-11-04,4533,2755.75
D01,LD-1037,2024-11-11,3572,2193.75
D01,LD-1037,2024-11-18,3928,2404.15
D01,LD-1037,2024-11-25,3164,1947.02
D01,LD-1037,2024-12-02,3310,2052.41
D01,LD-1037,2024-12-09,3855,2403.34
D01,LD-1037,2024-12-16,3804,2302.32
D01,LD-1037,2024-12-23,3281,1971.06
D01,LD-1037,2024-12-30,3417,2123.52
D01,LD-1037,2025-01-06,3257,1964.09
D01,LD-1037,2025-01-13,4113,2580.41
D01,LD-1037,2025-01-20,2878,1745.74
D01,LD-1037,2025-01-27,3346,2166.17
D01,LD-1037,2025-02-03,2969,1773.02
D01,LD-1037,2025-02-10,4216,2617.47
D01,LD-1037,2025-02-17,3049,1807.19
D01,LD-1037,2025-02-24,4053,2401.57
D01,LD-1037,2025-03-03,5208,3301.83
D01,LD-1037,2025-03-10,5286,3426.09
D01,LD-1037,2025-03-17,3167,2003.52
D01,LD-1037,2025-03-24,4383,2626.26
D01,LD-1037,2025-03-31,3646,2193.31
D01,LD-1037,2025-04-07,3566,2159.51
D01,LD-1037,2025-04-14,4227,2528.93
D01,LD-1037,2025-04-21,5207,3067.31
D01,LD-1037,2025-04-28,4769,3026.76
D01,LD-1037,2025-05-05,3937,2473.22
D01,LD-1037,2025-05-12,4895,3105.94
D01,LD-1037,2025-05-19,3157,2030.32
D01,LD-1037,2025-05-26,3959,2333.82
D01,LD-1037,2025-06-02,3923,2536.7
D01,LD-1037,2025-06-09,4494,2794.45
D01,LD-1037,2025-06-16,4306,2575.22
D01,LD-1037,2025-06-23,4339,2585.36
D01,LD-1037,2025-06-30,4306,2791.1
D01,LD-1037,2025-07-07,4419,2783.59
D01,LD-1037,2025-07-14,4753,2785.7
D01,LD-1037,2025-07-21,4457,2606.58
D01,LD-1037,2025-07-28,4150,2692.0
D01,LD-1037,2025-08-04,4566,2925.45
D01,LD-1037,2025-08-11,4828,3037.94
D01,LD-1037,2025-08-18,3891,2508.72
D01,LD-1037,2025-08-25,4154,2485.2
D01,LD-1037,2025-09-01,4943,3185.03
D01,LD-1037,2025-09-08,3485,2087.4
D01,LD-1037,2025-09-15,5339,3227.31
D01,LD-1037,2025-09-22,3300,1949.73
D01,LD-1037,2025-09-29,3794,2222.35
D01,LD-1037,2025-10-06,3434,2085.16
D01,LD-1037,2025-10-13,5450,3372.47
D01,LD-1037,2025-10-20,3611,2149.5
D01,LD-1037,2025-10-27,3586,2255.44
D01,LD-1037,2025-11-03,3634,2292.3
D01,LD-1037,2025-11-10,3876,2413.54
D01,LD-1037,2025-11-17,3622,2124.08
D01,LD-1037,2025-11-24,3718,2354.54
D01,LD-1037,2025-12-01,2230,1413.17
D01,LD-1037,2025-12-08,3816,2448.85
D01,LD-1037,2025-12-15,3796,2229.82
D01,LD-1037,2025-12-22,4432,2877.4
D01,LD-1037,2025-12-29,4630,2824.58
D01,LD-1037,2026-01-05,3715,2383.59
D01,LD-1037,2026-01-12,4342,2688.0
D01,LD-1037,2026-01-19,3277,2097.59
D01,LD-1037,2026-01-26,4369,2696.72
D01,LD-1037,2026-02-02,3603,2126.52
D01,LD-1037,2026-02-09,3315,1983.61
D01,LD-1037,2026-02-16,3886,2454.0
D01,LD-1037,2026-02-23,4977,2963.39
D01,LD-1037,2026-03-02,4185,2629.08
D01,LD-1037,2026-03-09,5147,3152.38
D01,LD-1037,2026-03-16,3711,2288.55
D01,LD-1037,2026-03-23,4905,2952.08
D01,LD-1037,2026-03-30,3835,2295.0
D01,LD-1037,2026-04-06,4412,2765.4
D01,LD-1037,2026-04-13,4441,2759.66
D01,LD-1037,2026-04-20,4782,3097.11
D01,LD-1037,2026-04-27,4526,2701.8
D01,LD-1037,2026-05-04,3923,2540.52
D01,LD-1037,2026-05-11,5025,3251.29
D01,LD-1037,2026-05-18,5731,3431.53
D01,LD-1037,2026-05-25,4060,2470.75
D01,LD-1037,2026-06-01,3371,1997.51
D01,LD-1037,2026-06-08,4787,3007.98
D01,LD-1037,2026-06-15,4224,2635.59
D01,LD-1037,2026-06-22,4346,2701.44
D01,PM-1003,2024-01-01,5412,2571.54
D01,PM-1003,2024-01-08,4800,2305.53
D01,PM-1003,2024-01-15,5889,2869.87
D01,PM-1003,2024-01-22,5539,2853.86
D01,PM-1003,2024-01-29,5127,2644.23
D01,PM-1003,2024-02-05,5716,2962.69
D01,PM-1003,2024-02-12,5619,2766.24
D01,PM-1003,2024-02-19,5650,2854.48
D01,PM-1003,2024-02-26,5486,2642.29
D01,PM-1003,2024-03-04,4845,2461.94
D01,PM-1003,2024-03-11,6018,3104.95
D01,PM-1003,2024-03-18,5326,2552.71
D01,PM-1003,2024-03-25,5204,2628.17
D01,PM-1003,2024-04-01,5902,2864.78
D01,PM-1003,2024-04-08,6890,3452.28
D01,PM-1003,2024-04-15,6396,3149.96
D01,PM-1003,2024-04-22,5786,2765.04
D01,PM-1003,2024-04-29,5789,2789.52
D01,PM-1003,2024-05-06,6977,3536.86
D01,PM-1003,2024-05-13,4448,2156.88
D01,PM-1003,2024-05-20,7208,3408.95
D01,PM-1003,2024-05-27,4841,2446.03
D01,PM-1003,2024-06-03,5194,2647.99
D01,PM-1003,2024-06-10,5949,2932.26
D01,PM-1003,2024-06-17,8894,4200.38
D01,PM-1003,2024-06-24,8247,4133.61
D01,PM-1003,2024-07-01,7110,3533.18
D01,PM-1003,2024-07-08,6722,3434.3
D01,PM-1003,2024-07-15,4796,2487.27
D01,PM-1003,2024-07-22,6457,3388.78
D01,PM-1003,2024-07-29,5771,2789.93
D01,PM-1003,2024-08-05,5504,2608.43
D01,PM-1003,2024-08-12,6317,3017.85
D01,PM-1003,2024-08-19,5702,2720.72
D01,PM-1003,2024-08-26,6909,3510.29
D01,PM-1003,2024-09-02,4494,2244.09
D01,PM-1003,2024-09-09,6018,2859.95
D01,PM-1003,2024-09-16,5165,2660.16
D01,PM-1003,2024-09-23,5489,2665.57
D01,PM-1003,2024-09-30,6052,2914.43
D01,PM-1003,2024-10-07,4845,2378.56
D01,PM-1003,2024-10-14,5822,2760.14
D01,PM-1003,2024-10-21,5458,2844.46
D01,PM-1003,2024-10-28,5066,2583.49
D01,PM-1003,2024-11-04,5180,2586.99
D01,PM-1003,2024-11-11,5402,2644.04
D01,PM-1003,2024-11-18,4906,2383.58
D01,PM-1003,2024-11-25,5494,2625.52
D01,PM-1003,2024-12-02,5254,2491.44
D01,PM-1003,2024-12-09,4995,2574.68
D01,PM-1003,2024-12-16,6953,3359.71
D01,PM-1003,2024-12-23,5841,3002.3
D01,PM-1003,2024-12-30,5198,2616.56
D01,PM-1003,2025-01-06,5651,2862.77
D01,PM-1003,2025-01-13,4765,2376.0
D01,PM-1003,2025-01-20,5239,2600.92
D01,PM-1003,2025-01-27,5371,2822.05
D01,PM-1003,2025-02-03,4711,2269.88
D01,PM-1003,2025-02-10,6072,2977.76
D01,PM-1003,2025-02-17,5359,2560.35
D01,PM-1003,2025-02-24,5533,2795.79
D01,PM-1003,2025-03-03,5411,2653.16
D01,PM-1003,2025-03-10,9275,4558.38
D01,PM-1003,2025-03-17,5439,2710.52
D01,PM-1003,2025-03-24,4447,2172.62
D01,PM-1003,2025-03-31,4814,2355.95
D01,PM-1003,2025-04-07,6916,3303.29
D01,PM-1003,2025-04-14,7602,3658.51
D01,PM-1003,2025-04-21,5657,2709.94
D01,PM-1003,2025-04-28,7640,3847.52
D01,PM-1003,2025-05-05,7088,3711.26
D01,PM-1003,2025-05-12,6193,2928.14
D01,PM-1003,2025-05-19,6150,3061.62
D01,PM-1003,2025-05-26,6589,3110.25
D01,PM-1003,2025-06-02,7327,3527.33
D01,PM-1003,2025-06-09,6821,3549.53
D01,PM-1003,2025-06-16,5803,2864.8
D01,PM-1003,2025-06-23,6247,3258.98
D01,PM-1003,2025-06-30,8609,4325.79
D01,PM-1003,2025-07-07,6617,3204.56
D01,PM-1003,2025-07-14,7226,3686.11
D01,PM-1003,2025-07-21,6839,3266.39
D01,PM-1003,2025-07-28,6528,3094.13
D01,PM-1003,2025-08-04,6323,3251.38
D01,PM-1003,2025-08-11,7061,3458.97
D01,PM-1003,2025-08-18,6816,3327.96
D01,PM-1003,2025-08-25,6309,3165.3
D01,PM-1003,2025-09-01,5414,2592.83
D01,PM-1003,2025-09-08,6305,3107.95
D01,PM-1003,2025-09-15,5834,2931.52
D01,PM-1003,2025-09-22,5573,2644.3
D01,PM-1003,2025-09-29,8641,4323.66
D01,PM-1003,2025-10-06,4548,2265.2
D01,PM-1003,2025-10-13,6558,3417.77
D01,PM-1003,2025-10-20,4951,2468.9
D01,PM-1003,2025-10-27,5705,2867.96
D01,PM-1003,2025-11-03,8171,4262.32
D01,PM-1003,2025-11-10,4786,2342.05
D01,PM-1003,2025-11-17,4939,2355.04
D01,PM-1003,2025-11-24,5474,2766.27
D01,PM-1003,2025-12-01,4824,2333.05
D01,PM-1003,2025-12-08,6251,3033.36
D01,PM-1003,2025-12-15,5056,2516.76
D01,PM-1003,2025-12-22,6054,3065.82
D01,PM-1003,2025-12-29,4510,2249.41
D01,PM-1003,2026-01-05,4216,2152.05
D01,PM-1003,2026-01-12,5371,2702.18
D01,PM-1003,2026-01-19,4421,2088.97
D01,PM-1003,2026-01-26,7076,3608.43
D01,PM-1003,2026-02-02,4515,2308.63
D01,PM-1003,2026-02-09,4903,2512.47
D01,PM-1003,2026-02-16,6152,3160.4
D01,PM-1003,2026-02-23,5345,2763.06
D01,PM-1003,2026-03-02,4693,2215.68
D01,PM-1003,2026-03-09,8081,3834.72
D01,PM-1003,2026-03-16,5170,2697.69
D01,PM-1003,2026-03-23,5888,2911.65
D01,PM-1003,2026-03-30,5930,2820.46
D01,PM-1003,2026-04-06,6866,3349.93
D01,PM-1003,2026-04-13,6668,3367.4
D01,PM-1003,2026-04-20,5535,2754.71
D01,PM-1003,2026-04-27,6006,2978.77
D01,PM-1003,2026-05-04,6130,3192.59
D01,PM-1003,2026-05-11,7130,3695.33
D01,PM-1003,2026-05-18,5367,2657.93
D01,PM-1003,2026-05-25,8680,4387.04
D01,PM-1003,2026-06-01,5732,2743.79
D01,PM-1003,2026-06-08,6418,3380.36
D01,PM-1003,2026-06-15,5397,2835.38
D01,PM-1003,2026-06-22,5278,2658.86
D01,IS-1022,2024-01-01,663,8677.85
D01,IS-1022,2024-01-08,599,8501.84
D01,IS-1022,2024-01-15,731,9857.65
D01,IS-1022,2024-01-22,663,9206.32
D01,IS-1022,2024-01-29,776,10361.68
D01,IS-1022,2024-02-05,633,8998.18
D01,IS-1022,2024-02-12,1065,15010.8
D01,IS-1022,2024-02-19,626,8903.43
D01,IS-1022,2024-02-26,602,8078.49
D01,IS-1022,2024-03-04,597,8129.34
D01,IS-1022,2024-03-11,682,8938.61
D01,IS-1022,2024-03-18,550,7485.2
D01,IS-1022,2024-03-25,752,10523.82
D01,IS-1022,2024-04-01,546,7351.8
D01,IS-1022,2024-04-08,752,10338.41
D01,IS-1022,2024-04-15,605,8641.71
D01,IS-1022,2024-04-22,705,9506.85
D01,IS-1022,2024-04-29,824,10665.47
D01,IS-1022,2024-05-06,1070,15002.15
D01,IS-1022,2024-05-13,648,9235.49
D01,IS-1022,2024-05-20,748,9762.56
D01,IS-1022,2024-05-27,689,9827.96
D01,IS-1022,2024-06-03,675,9253.2
D01,IS-1022,2024-06-10,692,9767.49
D01,IS-1022,2024-06-17,872,12017.45
D01,IS-1022,2024-06-24,715,9767.01
D01,IS-1022,2024-07-01,1076,15381.3
D01,IS-1022,2024-07-08,814,10780.3
D01,IS-1022,2024-07-15,655,8547.45
D01,IS-1022,2024-07-22,717,9696.56
D01,IS-1022,2024-07-29,668,9346.9
D01,IS-1022,2024-08-05,843,11049.23
D01,IS-1022,2024-08-12,580,8102.34
D01,IS-1022,2024-08-19,601,8571.81
D01,IS-1022,2024-08-26,667,8986.77
D01,IS-1022,2024-09-02,799,10860.3
D01,IS-1022,2024-09-09,860,11719.04
D01,IS-1022,2024-09-16,870,12307.76
D01,IS-1022,2024-09-23,758,9861.62
D01,IS-1022,2024-09-30,685,9573.2
D01,IS-1022,2024-10-07,774,10580.76
D01,IS-1022,2024-10-14,573,8067.17
D01,IS-1022,2024-10-21,511,6792.44
D01,IS-1022,2024-10-28,714,9470.25
D01,IS-1022,2024-11-04,571,7948.25
D01,IS-1022,2024-11-11,654,8990.03
D01,IS-1022,2024-11-18,669,9359.3
D01,IS-1022,2024-11-25,679,8977.22
D01,IS-1022,2024-12-02,750,10060.98
D01,IS-1022,2024-12-09,737,10037.24
D01,IS-1022,2024-12-16,670,8914.42
D01,IS-1022,2024-12-23,609,8246.62
D01,IS-1022,2024-12-30,663,8694.94
D01,IS-1022,2025-01-06,598,7944.08
D01,IS-1022,2025-01-13,638,8221.35
D01,IS-1022,2025-01-20,978,13042.83
D01,IS-1022,2025-01-27,682,9235.75
D01,IS-1022,2025-02-03,715,10108.82
D01,IS-1022,2025-02-10,606,8513.6
D01,IS-1022,2025-02-17,791,10367.45
D01,IS-1022,2025-02-24,766,10126.81
D01,IS-1022,2025-03-03,773,10268.35
D01,IS-1022,2025-03-10,718,9844.41
D01,IS-1022,2025-03-17,818,11416.18
D01,IS-1022,2025-03-24,855,11108.38
D01,IS-1022,2025-03-31,742,10298.45
D01,IS-1022,2025-04-07,704,9089.69
D01,IS-1022,2025-04-14,825,11016.18
D01,IS-1022,2025-04-21,633,8733.99
D01,IS-1022,2025-04-28,655,9096.08
D01,IS-1022,2025-05-05,726,9781.97
D01,IS-1022,2025-05-12,566,7795.97
D01,IS-1022,2025-05-19,834,11556.63
D01,IS-1022,2025-05-26,638,8478.94
D01,IS-1022,2025-06-02,687,8875.91
D01,IS-1022,2025-06-09,714,10035.07
D01,IS-1022,2025-06-16,740,10048.88
D01,IS-1022,2025-06-23,697,9743.15
D01,IS-1022,2025-06-30,723,10205.87
D01,IS-1022,2025-07-07,721,10190.63
D01,IS-1022,2025-07-14,676,9450.86
D01,IS-1022,2025-07-21,640,8599.03
D01,IS-1022,2025-07-28,839,11781.8
D01,IS-1022,2025-08-04,516,7125.99
D01,IS-1022,2025-08-11,680,9674.91
D01,IS-1022,2025-08-18,648,8316.49
D01,IS-1022,2025-08-25,733,9731.34
D01,IS-1022,2025-09-01,548,7327.47
D01,IS-1022,2025-09-08,626,8397.48
D01,IS-1022,2025-09-15,657,9342.61
D01,IS-1022,2025-09-22,776,11049.44
D01,IS-1022,2025-09-29,688,9050.42
D01,IS-1022,2025-10-06,543,7719.88
D01,IS-1022,2025-10-13,597,8552.26
D01,IS-1022,2025-10-20,728,9934.65
D01,IS-1022,2025-10-27,529,7108.51
D01,IS-1022,2025-11-03,622,8547.63
D01,IS-1022,2025-11-10,625,8564.74
D01,IS-1022,2025-11-17,588,8178.55
D01,IS-1022,2025-11-24,931,13204.49
D01,IS-1022,2025-12-01,583,8228.73
D01,IS-1022,2025-12-08,664,9425.11
D01,IS-1022,2025-12-15,554,7211.38
D01,IS-1022,2025-12-22,674,9226.08
D01,IS-1022,2025-12-29,712,9755.99
D01,IS-1022,2026-01-05,575,7757.97
D01,IS-1022,2026-01-12,627,8722.74
D01,IS-1022,2026-01-19,557,7464.58
D01,IS-1022,2026-01-26,541,7157.51
D01,IS-1022,2026-02-02,757,10843.39
D01,IS-1022,2026-02-09,602,8140.58
D01,IS-1022,2026-02-16,460,6416.37
D01,IS-1022,2026-02-23,871,11549.45
D01,IS-1022,2026-03-02,599,8018.94
D01,IS-1022,2026-03-09,658,8860.04
D01,IS-1022,2026-03-16,883,12568.48
D01,IS-1022,2026-03-23,683,9056.31
D01,IS-1022,2026-03-30,688,9261.41
D01,IS-1022,2026-04-06,592,7892.92
D01,IS-1022,2026-04-13,562,7412.45
D01,IS-1022,2026-04-20,707,9826.24
D01,IS-1022,2026-04-27,772,10904.97
D01,IS-1022,2026-05-04,770,10323.01
D01,IS-1022,2026-05-11,689,9290.07
D01,IS-1022,2026-05-18,747,10552.04
D01,IS-1022,2026-05-25,567,7591.75
D01,IS-1022,2026-06-01,803,11096.15
D01,IS-1022,2026-06-08,770,10650.87
D01,IS-1022,2026-06-15,1011,14421.59
D01,IS-1022,2026-06-22,753,10552.19
D01,IG-1014,2024-01-01,71,2993.65
D01,IG-1014,2024-01-08,97,4103.14
D01,IG-1014,2024-01-15,83,3705.7
D01,IG-1014,2024-01-22,66,2841.34
D01,IG-1014,2024-01-29,74,3229.73
D01,IG-1014,2024-02-05,101,4401.8
D01,IG-1014,2024-02-12,90,3803.71
D01,IG-1014,2024-02-19,72,3106.57
D01,IG-1014,2024-02-26,80,3420.14
D01,IG-1014,2024-03-04,82,3545.08
D01,IG-1014,2024-03-11,79,3527.4
D01,IG-1014,2024-03-18,67,2997.5
D01,IG-1014,2024-03-25,79,3551.38
D01,IG-1014,2024-04-01,110,4614.96
D01,IG-1014,2024-04-08,85,3667.09
D01,IG-1014,2024-04-15,90,4060.73
D01,IG-1014,2024-04-22,94,4118.43
D01,IG-1014,2024-04-29,130,5770.57
D01,IG-1014,2024-05-06,94,3959.62
D01,IG-1014,2024-05-13,112,4999.9
D01,IG-1014,2024-05-20,87,3705.92
D01,IG-1014,2024-05-27,93,3937.02
D01,IG-1014,2024-06-03,97,4318.74
D01,IG-1014,2024-06-10,86,3604.97
D01,IG-1014,2024-06-17,94,4122.28
D01,IG-1014,2024-06-24,112,4994.72
D01,IG-1014,2024-07-01,87,3741.75
D01,IG-1014,2024-07-08,98,4043.45
D01,IG-1014,2024-07-15,109,4803.74
D01,IG-1014,2024-07-22,86,3766.03
D01,IG-1014,2024-07-29,114,4780.76
D01,IG-1014,2024-08-05,98,4207.35
D01,IG-1014,2024-08-12,94,4112.04
D01,IG-1014,2024-08-19,71,3029.56
D01,IG-1014,2024-08-26,90,3930.15
D01,IG-1014,2024-09-02,100,4614.4
D01,IG-1014,2024-09-09,122,5629.14
D01,IG-1014,2024-09-16,102,4233.94
D01,IG-1014,2024-09-23,110,4928.38
D01,IG-1014,2024-09-30,77,3205.8
D01,IG-1014,2024-10-07,90,3794.85
D01,IG-1014,2024-10-14,110,4759.74
D01,IG-1014,2024-10-21,80,3422.58
D01,IG-1014,2024-10-28,105,4617.12
D01,IG-1014,2024-11-04,101,4632.18
D01,IG-1014,2024-11-11,94,4081.58
D01,IG-1014,2024-11-18,86,3845.07
D01,IG-1014,2024-11-25,78,3331.69
D01,IG-1014,2024-12-02,118,5242.18
D01,IG-1014,2024-12-09,100,4293.52
D01,IG-1014,2024-12-16,96,4002.49
D01,IG-1014,2024-12-23,86,3823.22
D01,IG-1014,2024-12-30,93,4136.13
D01,IG-1014,2025-01-06,95,4375.04
D01,IG-1014,2025-01-13,99,4142.52
D01,IG-1014,2025-01-20,105,4744.19
D01,IG-1014,2025-01-27,85,3619.15
D01,IG-1014,2025-02-03,77,3285.55
D01,IG-1014,2025-02-10,99,4455.12
D01,IG-1014,2025-02-17,76,3249.96
D01,IG-1014,2025-02-24,95,4247.06
D01,IG-1014,2025-03-03,94,4108.82
D01,IG-1014,2025-03-10,111,4951.38
D01,IG-1014,2025-03-17,140,5905.18
D01,IG-1014,2025-03-24,79,3408.53
D01,IG-1014,2025-03-31,150,6624.25
D01,IG-1014,2025-04-07,104,4687.52
D01,IG-1014,2025-04-14,115,5107.11
D01,IG-1014,2025-04-21,89,3870.15
D01,IG-1014,2025-04-28,129,5470.7
D01,IG-1014,2025-05-05,113,4883.99
D01,IG-1014,2025-05-12,112,5081.82
D01,IG-1014,2025-05-19,85,3600.72
D01,IG-1014,2025-05-26,116,5254.03
D01,IG-1014,2025-06-02,131,5855.57
D01,IG-1014,2025-06-09,112,5022.69
D01,IG-1014,2025-06-16,138,6049.0
D01,IG-1014,2025-06-23,138,5713.25
D01,IG-1014,2025-06-30,105,4509.07
D01,IG-1014,2025-07-07,112,4916.61
D01,IG-1014,2025-07-14,88,3912.2
D01,IG-1014,2025-07-21,87,3978.4
D01,IG-1014,2025-07-28,86,3604.54
D01,IG-1014,2025-08-04,85,3828.07
D01,IG-1014,2025-08-11,56,2534.13
D01,IG-1014,2025-08-18,79,3566.91
D01,IG-1014,2025-08-25,65,2936.22
D01,IG-1014,2025-09-01,100,4307.08
D01,IG-1014,2025-09-08,98,4373.87
D01,IG-1014,2025-09-15,86,3795.71
D01,IG-1014,2025-09-22,72,3114.68
D01,IG-1014,2025-09-29,63,2899.79
D01,IG-1014,2025-10-06,65,2785.65
D01,IG-1014,2025-10-13,95,4103.52
D01,IG-1014,2025-10-20,63,2824.85
D01,IG-1014,2025-10-27,48,2147.17
D01,IG-1014,2025-11-03,79,3518.33
D01,IG-1014,2025-11-10,84,3841.18
D01,IG-1014,2025-11-17,85,3636.83
D01,IG-1014,2025-11-24,76,3175.1
D01,IG-1014,2025-12-01,77,3199.9
D01,IG-1014,2025-12-08,65,2866.84
D01,IG-1014,2025-12-15,47,1972.82
D01,IG-1014,2025-12-22,63,2626.4
D01,IG-1014,2025-12-29,69,2862.11
D01,IG-1014,2026-01-05,61,2533.37
D01,IG-1014,2026-01-12,61,2689.4
D01,IG-1014,2026-01-19,54,2305.91
D01,IG-1014,2026-01-26,53,2404.88
D01,IG-1014,2026-02-02,82,3450.01
D01,IG-1014,2026-02-09,82,3657.23
D01,IG-1014,2026-02-16,62,2647.41
D01,IG-1014,2026-02-23,65,2883.01
D01,IG-1014,2026-03-02,54,2430.18
D01,IG-1014,2026-03-09,68,2984.72
D01,IG-1014,2026-03-16,81,3517.44
D01,IG-1014,2026-03-23,49,2204.99
D01,IG-1014,2026-03-30,67,2778.59
D01,IG-1014,2026-04-06,67,2864.23
D01,IG-1014,2026-04-13,67,2773.67
D01,IG-1014,2026-04-20,80,3469.83
D01,IG-1014,2026-04-27,85,3543.25
D01,IG-1014,2026-05-04,61,2587.95
D01,IG-1014,2026-05-11,70,3077.46
D01,IG-1014,2026-05-18,65,2776.35
D01,IG-1014,2026-05-25,58,2458.58
D01,IG-1014,2026-06-01,67,2913.62
D01,IG-1014,2026-06-08,71,3123.2
D01,IG-1014,2026-06-15,66,2854.42
D01,IG-1014,2026-06-22,56,2440.78
D01,SC-1021,2024-01-01,485,8274.53
D01,SC-1021,2024-01-08,527,8975.96
D01,SC-1021,2024-01-15,534,8574.18
D01,SC-1021,2024-01-22,525,8886.06
D01,SC-1021,2024-01-29,442,7203.91
D01,SC-1021,2024-02-05,657,11273.53
D01,SC-1021,2024-02-12,648,11147.28
D01,SC-1021,2024-02-19,478,7640.76
D01,SC-1021,2024-02-26,542,9042.04
D01,SC-1021,2024-03-04,555,9435.51
D01,SC-1021,2024-03-11,489,8562.35
D01,SC-1021,2024-03-18,446,7061.12
D01,SC-1021,2024-03-25,541,9095.41
D01,SC-1021,2024-04-01,574,10011.16
D01,SC-1021,2024-04-08,494,8100.06
D01,SC-1021,2024-04-15,637,10358.18
D01,SC-1021,2024-04-22,747,12258.94
D01,SC-1021,2024-04-29,719,12149.18
D01,SC-1021,2024-05-06,628,10023.19
D01,SC-1021,2024-05-13,489,8447.25
D01,SC-1021,2024-05-20,723,12197.33
D01,SC-1021,2024-05-27,668,11469.42
D01,SC-1021,2024-06-03,701,11093.48
D01,SC-1021,2024-06-10,883,15023.61
D01,SC-1021,2024-06-17,585,9428.19
D01,SC-1021,2024-06-24,431,6781.68
D01,SC-1021,2024-07-01,567,9434.51
D01,SC-1021,2024-07-08,714,12360.98
D01,SC-1021,2024-07-15,666,10553.0
D01,SC-1021,2024-07-22,552,9641.29
D01,SC-1021,2024-07-29,534,9180.48
D01,SC-1021,2024-08-05,624,10774.13
D01,SC-1021,2024-08-12,543,9088.35
D01,SC-1021,2024-08-19,705,11737.55
D01,SC-1021,2024-08-26,609,9709.61
D01,SC-1021,2024-09-02,586,9215.38
D01,SC-1021,2024-09-09,572,9454.59
D01,SC-1021,2024-09-16,662,10603.27
D01,SC-1021,2024-09-23,637,10321.07
D01,SC-1021,2024-09-30,648,10963.69
D01,SC-1021,2024-10-07,642,10411.69
D01,SC-1021,2024-10-14,615,10717.59
D01,SC-1021,2024-10-21,530,8936.21
D01,SC-1021,2024-10-28,553,8885.7
D01,SC-1021,2024-11-04,580,9577.45
D01,SC-1021,2024-11-11,837,14139.68
D01,SC-1021,2024-11-18,501,8308.05
D01,SC-1021,2024-11-25,576,9755.12
D01,SC-1021,2024-12-02,623,10766.76
D01,SC-1021,2024-12-09,589,9669.57
D01,SC-1021,2024-12-16,726,12153.17
D01,SC-1021,2024-12-23,593,9416.24
D01,SC-1021,2024-12-30,604,10169.51
D01,SC-1021,2025-01-06,712,12226.82
D01,SC-1021,2025-01-13,834,13459.16
D01,SC-1021,2025-01-20,793,12765.01
D01,SC-1021,2025-01-27,636,11135.71
D01,SC-1021,2025-02-03,651,11404.45
D01,SC-1021,2025-02-10,669,10788.49
D01,SC-1021,2025-02-17,687,11021.83
D01,SC-1021,2025-02-24,600,9695.05
D01,SC-1021,2025-03-03,794,13282.41
D01,SC-1021,2025-03-10,721,12306.94
D01,SC-1021,2025-03-17,703,11131.15
D01,SC-1021,2025-03-24,592,10025.5
D01,SC-1021,2025-03-31,732,12203.24
D01,SC-1021,2025-04-07,552,9463.28
D01,SC-1021,2025-04-14,680,10684.21
D01,SC-1021,2025-04-21,689,10836.33
D01,SC-1021,2025-04-28,790,13850.87
D01,SC-1021,2025-05-05,1012,17221.11
D01,SC-1021,2025-05-12,839,14459.48
D01,SC-1021,2025-05-19,963,16295.42
D01,SC-1021,2025-05-26,859,14566.98
D01,SC-1021,2025-06-02,927,15905.8
D01,SC-1021,2025-06-09,1038,16458.91
D01,SC-1021,2025-06-16,706,11362.63
D01,SC-1021,2025-06-23,700,11830.48
D01,SC-1021,2025-06-30,873,13839.94
D01,SC-1021,2025-07-07,599,10371.21
D01,SC-1021,2025-07-14,612,9858.32
D01,SC-1021,2025-07-21,564,8851.61
D01,SC-1021,2025-07-28,528,8536.12
D01,SC-1021,2025-08-04,725,12037.56
D01,SC-1021,2025-08-11,475,8172.52
D01,SC-1021,2025-08-18,611,10317.73
D01,SC-1021,2025-08-25,587,10201.62
D01,SC-1021,2025-09-01,421,6962.02
D01,SC-1021,2025-09-08,463,7602.69
D01,SC-1021,2025-09-15,467,7528.3
D01,SC-1021,2025-09-22,552,8882.24
D01,SC-1021,2025-09-29,472,8038.49
D01,SC-1021,2025-10-06,484,7667.39
D01,SC-1021,2025-10-13,387,6254.57
D01,SC-1021,2025-10-20,672,11648.19
D01,SC-1021,2025-10-27,472,7915.25
D01,SC-1021,2025-11-03,496,7840.22
D01,SC-1021,2025-11-10,419,7121.81
D01,SC-1021,2025-11-17,407,6770.79
D01,SC-1021,2025-11-24,592,10212.56
D01,SC-1021,2025-12-01,330,5589.03
D01,SC-1021,2025-12-08,454,7138.64
D01,SC-1021,2025-12-15,360,6153.42
D01,SC-1021,2025-12-22,404,6726.94
D01,SC-1021,2025-12-29,388,6329.94
D01,SC-1021,2026-01-05,367,5832.98
D01,SC-1021,2026-01-12,426,6853.75
D01,SC-1021,2026-01-19,288,4731.24
D01,SC-1021,2026-01-26,403,6733.79
D01,SC-1021,2026-02-02,416,7253.35
D01,SC-1021,2026-02-09,344,5817.1
D01,SC-1021,2026-02-16,530,8616.29
D01,SC-1021,2026-02-23,386,6293.04
D01,SC-1021,2026-03-02,408,7032.74
D01,SC-1021,2026-03-09,387,6339.27
D01,SC-1021,2026-03-16,418,6788.86
D01,SC-1021,2026-03-23,514,8960.52
D01,SC-1021,2026-03-30,612,10721.85
D01,SC-1021,2026-04-06,472,7936.53
D01,SC-1021,2026-04-13,496,7935.54
D01,SC-1021,2026-04-20,549,8952.98
D01,SC-1021,2026-04-27,443,7668.69
D01,SC-1021,2026-05-04,544,8957.42
D01,SC-1021,2026-05-11,486,7773.28
D01,SC-1021,2026-05-18,443,7205.41
D01,SC-1021,2026-05-25,458,7322.17
D01,SC-1021,2026-06-01,331,5678.71
D01,SC-1021,2026-06-08,455,7604.65
D01,SC-1021,2026-06-15,345,5720.49
D01,SC-1021,2026-06-22,340,5516.92
D01,IS-1025,2024-01-01,514,6576.56
D01,IS-1025,2024-01-08,488,6827.76
D01,IS-1025,2024-01-15,483,6124.88
D01,IS-1025,2024-01-22,514,7126.56
D01,IS-1025,2024-01-29,535,6812.93
D01,IS-1025,2024-02-05,393,5062.43
D01,IS-1025,2024-02-12,505,6418.22
D01,IS-1025,2024-02-19,478,6247.25
D01,IS-1025,2024-02-26,469,6562.82
D01,IS-1025,2024-03-04,611,8427.7
D01,IS-1025,2024-03-11,455,5850.14
D01,IS-1025,2024-03-18,417,5313.53
D01,IS-1025,2024-03-25,585,7599.62
D01,IS-1025,2024-04-01,424,5779.95
D01,IS-1025,2024-04-08,397,5026.16
D01,IS-1025,2024-04-15,613,7900.89
D01,IS-1025,2024-04-22,552,7231.82
D01,IS-1025,2024-04-29,583,7567.19
D01,IS-1025,2024-05-06,512,6670.72
D01,IS-1025,2024-05-13,447,6025.09
D01,IS-1025,2024-05-20,462,6371.73
D01,IS-1025,2024-05-27,532,7267.18
D01,IS-1025,2024-06-03,459,6420.74
D01,IS-1025,2024-06-10,582,7597.35
D01,IS-1025,2024-06-17,519,6709.18
D01,IS-1025,2024-06-24,571,7278.39
D01,IS-1025,2024-07-01,567,7782.98
D01,IS-1025,2024-07-08,585,8049.24
D01,IS-1025,2024-07-15,593,8207.69
D01,IS-1025,2024-07-22,519,6761.88
D01,IS-1025,2024-07-29,559,7495.87
D01,IS-1025,2024-08-05,559,7855.64
D01,IS-1025,2024-08-12,372,5116.59
D01,IS-1025,2024-08-19,585,7806.75
D01,IS-1025,2024-08-26,538,7086.17
D01,IS-1025,2024-09-02,567,7189.51
D01,IS-1025,2024-09-09,425,5873.98
D01,IS-1025,2024-09-16,487,6306.45
D01,IS-1025,2024-09-23,429,5857.07
D01,IS-1025,2024-09-30,560,7458.48
D01,IS-1025,2024-10-07,401,5294.92
D01,IS-1025,2024-10-14,427,5638.57
D01,IS-1025,2024-10-21,527,7207.59
D01,IS-1025,2024-10-28,439,5928.29
D01,IS-1025,2024-11-04,417,5639.99
D01,IS-1025,2024-11-11,546,7448.22
D01,IS-1025,2024-11-18,546,7257.78
D01,IS-1025,2024-11-25,526,6928.94
D01,IS-1025,2024-12-02,535,7028.28
D01,IS-1025,2024-12-09,454,6146.44
D01,IS-1025,2024-12-16,455,5825.12
D01,IS-1025,2024-12-23,426,5768.44
D01,IS-1025,2024-12-30,483,6201.81
D01,IS-1025,2025-01-06,436,5873.45
D01,IS-1025,2025-01-13,444,5998.08
D01,IS-1025,2025-01-20,521,6631.24
D01,IS-1025,2025-01-27,572,7436.41
D01,IS-1025,2025-02-03,512,7013.02
D01,IS-1025,2025-02-10,636,8617.91
D01,IS-1025,2025-02-17,440,6121.91
D01,IS-1025,2025-02-24,375,5151.14
D01,IS-1025,2025-03-03,554,7307.93
D01,IS-1025,2025-03-10,447,5883.64
D01,IS-1025,2025-03-17,485,6223.24
D01,IS-1025,2025-03-24,391,5417.88
D01,IS-1025,2025-03-31,449,6028.0
D01,IS-1025,2025-04-07,413,5543.7
D01,IS-1025,2025-04-14,488,6437.9
D01,IS-1025,2025-04-21,494,6696.94
D01,IS-1025,2025-04-28,533,7008.83
D01,IS-1025,2025-05-05,636,8235.21
D01,IS-1025,2025-05-12,587,7571.96
D01,IS-1025,2025-05-19,417,5575.53
D01,IS-1025,2025-05-26,583,7927.39
D01,IS-1025,2025-06-02,541,7542.25
D01,IS-1025,2025-06-09,524,6841.09
D01,IS-1025,2025-06-16,529,6862.02
D01,IS-1025,2025-06-23,546,7000.86
D01,IS-1025,2025-06-30,475,6675.33
D01,IS-1025,2025-07-07,511,6899.34
D01,IS-1025,2025-07-14,623,8564.07
D01,IS-1025,2025-07-21,467,6150.95
D01,IS-1025,2025-07-28,441,5836.56
D01,IS-1025,2025-08-04,506,6696.98
D01,IS-1025,2025-08-11,427,5962.9
D01,IS-1025,2025-08-18,387,5363.11
D01,IS-1025,2025-08-25,472,6088.15
D01,IS-1025,2025-09-01,611,8216.89
D01,IS-1025,2025-09-08,484,6365.95
D01,IS-1025,2025-09-15,495,6584.79
D01,IS-1025,2025-09-22,347,4483.82
D01,IS-1025,2025-09-29,505,6471.35
D01,IS-1025,2025-10-06,475,6637.73
D01,IS-1025,2025-10-13,420,5774.4
D01,IS-1025,2025-10-20,473,5985.16
D01,IS-1025,2025-10-27,469,6035.83
D01,IS-1025,2025-11-03,387,5253.54
D01,IS-1025,2025-11-10,475,6432.17
D01,IS-1025,2025-11-17,538,7220.79
D01,IS-1025,2025-11-24,434,5480.36
D01,IS-1025,2025-12-01,393,5490.81
D01,IS-1025,2025-12-08,436,5845.48
D01,IS-1025,2025-12-15,510,6611.31
D01,IS-1025,2025-12-22,374,5255.79
D01,IS-1025,2025-12-29,492,6344.88
D01,IS-1025,2026-01-05,410,5184.34
D01,IS-1025,2026-01-12,473,6209.99
D01,IS-1025,2026-01-19,422,5745.09
D01,IS-1025,2026-01-26,426,5696.6
D01,IS-1025,2026-02-02,588,7844.35
D01,IS-1025,2026-02-09,382,4852.62
D01,IS-1025,2026-02-16,513,6569.74
D01,IS-1025,2026-02-23,625,8657.42
D01,IS-1025,2026-03-02,540,7529.61
D01,IS-1025,2026-03-09,404,5225.14
D01,IS-1025,2026-03-16,411,5207.69
D01,IS-1025,2026-03-23,450,5949.63
D01,IS-1025,2026-03-30,521,6972.83
D01,IS-1025,2026-04-06,532,6876.37
D01,IS-1025,2026-04-13,429,5698.56
D01,IS-1025,2026-04-20,459,6369.52
D01,IS-1025,2026-04-27,467,6238.86
D01,IS-1025,2026-05-04,517,6611.23
D01,IS-1025,2026-05-11,720,9736.99
D01,IS-1025,2026-05-18,467,6363.9
D01,IS-1025,2026-05-25,466,5965.81
D01,IS-1025,2026-06-01,457,5950.86
D01,IS-1025,2026-06-08,597,7749.08
D01,IS-1025,2026-06-15,539,7231.27
D01,IS-1025,2026-06-22,474,6117.6
D01,PM-1006,2024-01-01,3292,2504.91
D01,PM-1006,2024-01-08,3984,3242.36
D01,PM-1006,2024-01-15,3757,2918.82
D01,PM-1006,2024-01-22,4955,3678.72
D01,PM-1006,2024-01-29,4910,3842.08
D01,PM-1006,2024-02-05,3103,2363.31
D01,PM-1006,2024-02-12,4485,3639.91
D01,PM-1006,2024-02-19,5339,3971.62
D01,PM-1006,2024-02-26,4887,3652.75
D01,PM-1006,2024-03-04,4933,3724.59
D01,PM-1006,2024-03-11,4613,3573.05
D01,PM-1006,2024-03-18,4197,3206.19
D01,PM-1006,2024-03-25,4954,3694.06
D01,PM-1006,2024-04-01,5051,4051.3
D01,PM-1006,2024-04-08,5543,4412.61
D01,PM-1006,2024-04-15,5656,4424.76
D01,PM-1006,2024-04-22,5198,3851.17
D01,PM-1006,2024-04-29,6087,4563.67
D01,PM-1006,2024-05-06,4910,3612.31
D01,PM-1006,2024-05-13,4202,3208.93
D01,PM-1006,2024-05-20,5626,4555.42
D01,PM-1006,2024-05-27,5352,4289.02
D01,PM-1006,2024-06-03,5667,4264.93
D01,PM-1006,2024-06-10,4354,3258.21
D01,PM-1006,2024-06-17,6881,5368.51
D01,PM-1006,2024-06-24,5842,4791.13
D01,PM-1006,2024-07-01,5016,3869.19
D01,PM-1006,2024-07-08,4535,3532.68
D01,PM-1006,2024-07-15,6105,4801.07
D01,PM-1006,2024-07-22,4378,3540.86
D01,PM-1006,2024-07-29,7204,5619.44
D01,PM-1006,2024-08-05,4647,3789.81
D01,PM-1006,2024-08-12,6542,5101.32
D01,PM-1006,2024-08-19,4874,3860.14
D01,PM-1006,2024-08-26,6295,4841.83
D01,PM-1006,2024-09-02,4406,3403.79
D01,PM-1006,2024-09-09,4887,4004.92
D01,PM-1006,2024-09-16,5445,4265.09
D01,PM-1006,2024-09-23,5279,4270.2
D01,PM-1006,2024-09-30,5585,4130.06
D01,PM-1006,2024-10-07,4361,3494.26
D01,PM-1006,2024-10-14,4711,3510.59
D01,PM-1006,2024-10-21,5565,4381.62
D01,PM-1006,2024-10-28,4121,3266.31
D01,PM-1006,2024-11-04,4960,3759.0
D01,PM-1006,2024-11-11,4381,3538.5
D01,PM-1006,2024-11-18,4650,3583.13
D01,PM-1006,2024-11-25,4552,3634.15
D01,PM-1006,2024-12-02,3986,3104.06
D01,PM-1006,2024-12-09,4311,3444.97
D01,PM-1006,2024-12-16,4585,3467.33
D01,PM-1006,2024-12-23,4426,3324.8
D01,PM-1006,2024-12-30,5708,4617.58
D01,PM-1006,2025-01-06,5268,3945.08
D01,PM-1006,2025-01-13,4755,3865.81
D01,PM-1006,2025-01-20,4086,3187.63
D01,PM-1006,2025-01-27,4078,3111.9
D01,PM-1006,2025-02-03,6254,4868.24
D01,PM-1006,2025-02-10,4032,3018.26
D01,PM-1006,2025-02-17,4816,3612.07
D01,PM-1006,2025-02-24,5046,3951.3
D01,PM-1006,2025-03-03,4606,3408.31
D01,PM-1006,2025-03-10,4193,3214.03
D01,PM-1006,2025-03-17,4374,3450.75
D01,PM-1006,2025-03-24,4575,3659.78
D01,PM-1006,2025-03-31,4505,3510.83
D01,PM-1006,2025-04-07,6168,4745.41
D01,PM-1006,2025-04-14,5087,3981.69
D01,PM-1006,2025-04-21,4744,3833.5
D01,PM-1006,2025-04-28,5248,4013.08
D01,PM-1006,2025-05-05,5741,4233.27
D01,PM-1006,2025-05-12,4955,4025.05
D01,PM-1006,2025-05-19,5996,4609.04
D01,PM-1006,2025-05-26,4340,3516.01
D01,PM-1006,2025-06-02,6270,4983.99
D01,PM-1006,2025-06-09,5256,3875.9
D01,PM-1006,2025-06-16,5222,4261.08
D01,PM-1006,2025-06-23,4733,3806.77
D01,PM-1006,2025-06-30,4357,3575.0
D01,PM-1006,2025-07-07,4064,3182.08
D01,PM-1006,2025-07-14,4632,3586.35
D01,PM-1006,2025-07-21,5641,4474.21
D01,PM-1006,2025-07-28,4442,3638.15
D01,PM-1006,2025-08-04,4039,3300.76
D01,PM-1006,2025-08-11,4410,3602.63
D01,PM-1006,2025-08-18,4730,3626.73
D01,PM-1006,2025-08-25,4715,3620.44
D01,PM-1006,2025-09-01,4826,3850.02
D01,PM-1006,2025-09-08,5689,4415.79
D01,PM-1006,2025-09-15,5821,4700.43
D01,PM-1006,2025-09-22,6457,5224.19
D01,PM-1006,2025-09-29,3711,2865.01
D01,PM-1006,2025-10-06,4127,3327.58
D01,PM-1006,2025-10-13,5165,3845.24
D01,PM-1006,2025-10-20,4311,3330.82
D01,PM-1006,2025-10-27,5213,4164.28
D01,PM-1006,2025-11-03,4696,3638.25
D01,PM-1006,2025-11-10,5738,4503.5
D01,PM-1006,2025-11-17,5272,4194.95
D01,PM-1006,2025-11-24,5270,3960.22
D01,PM-1006,2025-12-01,4217,3112.51
D01,PM-1006,2025-12-08,4418,3448.54
D01,PM-1006,2025-12-15,4285,3467.01
D01,PM-1006,2025-12-22,3586,2850.32
D01,PM-1006,2025-12-29,5622,4599.53
D01,PM-1006,2026-01-05,5063,3750.87
D01,PM-1006,2026-01-12,4323,3354.46
D01,PM-1006,2026-01-19,5571,4544.36
D01,PM-1006,2026-01-26,4198,3397.29
D01,PM-1006,2026-02-02,3531,2741.39
D01,PM-1006,2026-02-09,5457,4248.97
D01,PM-1006,2026-02-16,3908,3153.65
D01,PM-1006,2026-02-23,4641,3521.4
D01,PM-1006,2026-03-02,4978,3976.49
D01,PM-1006,2026-03-09,5163,4072.01
D01,PM-1006,2026-03-16,5588,4372.72
D01,PM-1006,2026-03-23,5418,4107.29
D01,PM-1006,2026-03-30,5442,4256.92
D01,PM-1006,2026-04-06,4489,3622.16
D01,PM-1006,2026-04-13,5324,4064.05
D01,PM-1006,2026-04-20,4094,3287.63
D01,PM-1006,2026-04-27,6529,4907.06
D01,PM-1006,2026-05-04,4208,3423.79
D01,PM-1006,2026-05-11,4954,3963.44
D01,PM-1006,2026-05-18,4297,3351.06
D01,PM-1006,2026-05-25,4707,3813.9
D01,PM-1006,2026-06-01,5271,4259.24
D01,PM-1006,2026-06-08,4862,3710.32
D01,PM-1006,2026-06-15,6245,5016.61
D01,PM-1006,2026-06-22,5433,4267.16
D01,IS-1023,2024-01-01,822,12413.67
D01,IS-1023,2024-01-08,575,9146.84
D01,IS-1023,2024-01-15,611,8867.89
D01,IS-1023,2024-01-22,772,12053.7
D01,IS-1023,2024-01-29,755,11680.95
D01,IS-1023,2024-02-05,711,11137.65
D01,IS-1023,2024-02-12,1030,16164.97
D01,IS-1023,2024-02-19,795,11961.9
D01,IS-1023,2024-02-26,858,13487.16
D01,IS-1023,2024-03-04,927,14840.62
D01,IS-1023,2024-03-11,815,12317.12
D01,IS-1023,2024-03-18,1206,18350.74
D01,IS-1023,2024-03-25,717,10957.03
D01,IS-1023,2024-04-01,762,11118.34
D01,IS-1023,2024-04-08,732,10900.48
D01,IS-1023,2024-04-15,1075,16670.75
D01,IS-1023,2024-04-22,967,14125.16
D01,IS-1023,2024-04-29,796,12386.87
D01,IS-1023,2024-05-06,764,12248.68
D01,IS-1023,2024-05-13,1076,16629.79
D01,IS-1023,2024-05-20,927,13872.52
D01,IS-1023,2024-05-27,1089,16863.63
D01,IS-1023,2024-06-03,875,12946.35
D01,IS-1023,2024-06-10,955,14764.9
D01,IS-1023,2024-06-17,925,14580.9
D01,IS-1023,2024-06-24,805,12358.66
D01,IS-1023,2024-07-01,863,12875.63
D01,IS-1023,2024-07-08,736,11446.85
D01,IS-1023,2024-07-15,942,13645.8
D01,IS-1023,2024-07-22,975,15595.24
D01,IS-1023,2024-07-29,1003,15594.06
D01,IS-1023,2024-08-05,949,14204.34
D01,IS-1023,2024-08-12,835,12963.79
D01,IS-1023,2024-08-19,1066,15956.12
D01,IS-1023,2024-08-26,956,14974.24
D01,IS-1023,2024-09-02,1020,16406.7
D01,IS-1023,2024-09-09,1020,15059.69
D01,IS-1023,2024-09-16,797,12664.65
D01,IS-1023,2024-09-23,852,12627.85
D01,IS-1023,2024-09-30,894,13395.62
D01,IS-1023,2024-10-07,664,9977.15
D01,IS-1023,2024-10-14,660,10098.39
D01,IS-1023,2024-10-21,637,10245.65
D01,IS-1023,2024-10-28,756,11856.96
D01,IS-1023,2024-11-04,725,11669.82
D01,IS-1023,2024-11-11,611,9010.77
D01,IS-1023,2024-11-18,771,12112.74
D01,IS-1023,2024-11-25,740,11367.4
D01,IS-1023,2024-12-02,894,14157.88
D01,IS-1023,2024-12-09,1011,15533.54
D01,IS-1023,2024-12-16,800,12419.24
D01,IS-1023,2024-12-23,673,10661.91
D01,IS-1023,2024-12-30,825,12513.02
D01,IS-1023,2025-01-06,752,11275.05
D01,IS-1023,2025-01-13,727,11463.43
D01,IS-1023,2025-01-20,666,9855.55
D01,IS-1023,2025-01-27,711,11398.6
D01,IS-1023,2025-02-03,747,11581.98
D01,IS-1023,2025-02-10,872,13162.39
D01,IS-1023,2025-02-17,841,13366.92
D01,IS-1023,2025-02-24,1032,16249.69
D01,IS-1023,2025-03-03,876,13439.3
D01,IS-1023,2025-03-10,851,12560.02
D01,IS-1023,2025-03-17,768,11979.5
D01,IS-1023,2025-03-24,694,10784.14
D01,IS-1023,2025-03-31,750,11245.91
D01,IS-1023,2025-04-07,741,10895.76
D01,IS-1023,2025-04-14,564,8605.32
D01,IS-1023,2025-04-21,716,11228.03
D01,IS-1023,2025-04-28,1065,15753.51
D01,IS-1023,2025-05-05,888,13933.76
D01,IS-1023,2025-05-12,797,12181.94
D01,IS-1023,2025-05-19,897,13491.31
D01,IS-1023,2025-05-26,631,9404.56
D01,IS-1023,2025-06-02,883,13157.36
D01,IS-1023,2025-06-09,1025,15754.12
D01,IS-1023,2025-06-16,829,12656.52
D01,IS-1023,2025-06-23,646,9812.35
D01,IS-1023,2025-06-30,789,11776.79
D01,IS-1023,2025-07-07,1012,16158.0
D01,IS-1023,2025-07-14,863,13636.47
D01,IS-1023,2025-07-21,667,10180.46
D01,IS-1023,2025-07-28,1168,18507.78
D01,IS-1023,2025-08-04,673,10639.02
D01,IS-1023,2025-08-11,776,11987.37
D01,IS-1023,2025-08-18,683,10548.21
D01,IS-1023,2025-08-25,676,10811.33
D01,IS-1023,2025-09-01,731,11478.54
D01,IS-1023,2025-09-08,852,13640.6
D01,IS-1023,2025-09-15,930,14843.72
D01,IS-1023,2025-09-22,716,10866.13
D01,IS-1023,2025-09-29,646,10289.41
D01,IS-1023,2025-10-06,800,12745.83
D01,IS-1023,2025-10-13,797,11562.39
D01,IS-1023,2025-10-20,759,11003.9
D01,IS-1023,2025-10-27,758,11109.44
D01,IS-1023,2025-11-03,710,11268.35
D01,IS-1023,2025-11-10,729,11106.09
D01,IS-1023,2025-11-17,696,10229.77
D01,IS-1023,2025-11-24,838,12871.44
D01,IS-1023,2025-12-01,996,15534.16
D01,IS-1023,2025-12-08,732,10578.62
D01,IS-1023,2025-12-15,713,11110.15
D01,IS-1023,2025-12-22,743,11967.21
D01,IS-1023,2025-12-29,650,10341.33
D01,IS-1023,2026-01-05,809,12226.63
D01,IS-1023,2026-01-12,776,12043.46
D01,IS-1023,2026-01-19,687,10378.29
D01,IS-1023,2026-01-26,844,12535.31
D01,IS-1023,2026-02-02,746,11247.91
D01,IS-1023,2026-02-09,649,10255.09
D01,IS-1023,2026-02-16,800,12660.31
D01,IS-1023,2026-02-23,795,12509.57
D01,IS-1023,2026-03-02,896,13193.4
D01,IS-1023,2026-03-09,888,13457.57
D01,IS-1023,2026-03-16,780,12201.73
D01,IS-1023,2026-03-23,746,11125.58
D01,IS-1023,2026-03-30,810,12674.92
D01,IS-1023,2026-04-06,863,13532.3
D01,IS-1023,2026-04-13,887,13920.34
D01,IS-1023,2026-04-20,871,12606.56
D01,IS-1023,2026-04-27,828,13089.79
D01,IS-1023,2026-05-04,981,15658.68
D01,IS-1023,2026-05-11,768,12216.64
D01,IS-1023,2026-05-18,1240,18613.13
D01,IS-1023,2026-05-25,962,14164.77
D01,IS-1023,2026-06-01,727,10677.96
D01,IS-1023,2026-06-08,887,14128.69
D01,IS-1023,2026-06-15,970,15457.28
D01,IS-1023,2026-06-22,819,12172.98
D01,PW-1030,2024-01-01,512,1118.99
D01,PW-1030,2024-01-08,521,1204.58
D01,PW-1030,2024-01-15,757,1688.61
D01,PW-1030,2024-01-22,601,1411.15
D01,PW-1030,2024-01-29,477,1078.77
D01,PW-1030,2024-02-05,656,1579.58
D01,PW-1030,2024-02-12,639,1496.76
D01,PW-1030,2024-02-19,591,1305.31
D01,PW-1030,2024-02-26,549,1240.14
D01,PW-1030,2024-03-04,552,1326.45
D01,PW-1030,2024-03-11,771,1721.99
D01,PW-1030,2024-03-18,687,1546.88
D01,PW-1030,2024-03-25,720,1576.9
D01,PW-1030,2024-04-01,702,1655.26
D01,PW-1030,2024-04-08,719,1727.44
D01,PW-1030,2024-04-15,644,1539.97
D01,PW-1030,2024-04-22,676,1610.0
D01,PW-1030,2024-04-29,837,1937.77
D01,PW-1030,2024-05-06,876,1930.57
D01,PW-1030,2024-05-13,594,1333.77
D01,PW-1030,2024-05-20,695,1630.46
D01,PW-1030,2024-05-27,817,1936.86
D01,PW-1030,2024-06-03,959,2204.24
D01,PW-1030,2024-06-10,947,2085.7
D01,PW-1030,2024-06-17,644,1500.5
D01,PW-1030,2024-06-24,879,2044.94
D01,PW-1030,2024-07-01,731,1764.38
D01,PW-1030,2024-07-08,846,1884.2
D01,PW-1030,2024-07-15,812,1868.89
D01,PW-1030,2024-07-22,595,1409.92
D01,PW-1030,2024-07-29,777,1716.24
D01,PW-1030,2024-08-05,828,1868.42
D01,PW-1030,2024-08-12,705,1662.34
D01,PW-1030,2024-08-19,677,1530.1
D01,PW-1030,2024-08-26,551,1306.81
D01,PW-1030,2024-09-02,767,1739.55
D01,PW-1030,2024-09-09,709,1597.31
D01,PW-1030,2024-09-16,593,1383.54
D01,PW-1030,2024-09-23,644,1483.15
D01,PW-1030,2024-09-30,687,1661.32
D01,PW-1030,2024-10-07,613,1383.46
D01,PW-1030,2024-10-14,662,1595.71
D01,PW-1030,2024-10-21,506,1225.84
D01,PW-1030,2024-10-28,801,1777.25
D01,PW-1030,2024-11-04,652,1534.31
D01,PW-1030,2024-11-11,550,1324.03
D01,PW-1030,2024-11-18,447,1052.32
D01,PW-1030,2024-11-25,754,1824.37
D01,PW-1030,2024-12-02,702,1624.12
D01,PW-1030,2024-12-09,667,1576.45
D01,PW-1030,2024-12-16,738,1701.47
D01,PW-1030,2024-12-23,740,1783.44
D01,PW-1030,2024-12-30,673,1529.39
D01,PW-1030,2025-01-06,633,1507.52
D01,PW-1030,2025-01-13,622,1379.34
D01,PW-1030,2025-01-20,711,1714.76
D01,PW-1030,2025-01-27,831,1838.27
D01,PW-1030,2025-02-03,670,1484.88
D01,PW-1030,2025-02-10,858,1950.59
D01,PW-1030,2025-02-17,735,1661.05
D01,PW-1030,2025-02-24,744,1654.85
D01,PW-1030,2025-03-03,1020,2272.82
D01,PW-1030,2025-03-10,921,2088.61
D01,PW-1030,2025-03-17,935,2081.81
D01,PW-1030,2025-03-24,652,1549.13
D01,PW-1030,2025-03-31,1033,2278.47
D01,PW-1030,2025-04-07,742,1746.54
D01,PW-1030,2025-04-14,733,1777.57
D01,PW-1030,2025-04-21,553,1223.55
D01,PW-1030,2025-04-28,810,1875.7
D01,PW-1030,2025-05-05,660,1527.55
D01,PW-1030,2025-05-12,831,1863.56
D01,PW-1030,2025-05-19,660,1501.81
D01,PW-1030,2025-05-26,1034,2415.31
D01,PW-1030,2025-06-02,860,1933.69
D01,PW-1030,2025-06-09,1118,2701.36
D01,PW-1030,2025-06-16,682,1551.84
D01,PW-1030,2025-06-23,1003,2381.42
D01,PW-1030,2025-06-30,606,1412.87
D01,PW-1030,2025-07-07,818,1808.2
D01,PW-1030,2025-07-14,719,1594.68
D01,PW-1030,2025-07-21,736,1727.15
D01,PW-1030,2025-07-28,725,1589.53
D01,PW-1030,2025-08-04,679,1530.92
D01,PW-1030,2025-08-11,641,1434.51
D01,PW-1030,2025-08-18,719,1695.65
D01,PW-1030,2025-08-25,776,1701.17
D01,PW-1030,2025-09-01,902,2018.79
D01,PW-1030,2025-09-08,785,1721.29
D01,PW-1030,2025-09-15,888,1985.7
D01,PW-1030,2025-09-22,592,1404.75
D01,PW-1030,2025-09-29,687,1507.87
D01,PW-1030,2025-10-06,810,1835.74
D01,PW-1030,2025-10-13,761,1808.0
D01,PW-1030,2025-10-20,631,1440.75
D01,PW-1030,2025-10-27,822,1971.31
D01,PW-1030,2025-11-03,656,1462.05
D01,PW-1030,2025-11-10,630,1382.16
D01,PW-1030,2025-11-17,760,1776.95
D01,PW-1030,2025-11-24,706,1715.2
D01,PW-1030,2025-12-01,652,1556.1
D01,PW-1030,2025-12-08,649,1553.36
D01,PW-1030,2025-12-15,603,1341.29
D01,PW-1030,2025-12-22,669,1530.65
D01,PW-1030,2025-12-29,841,2039.28
D01,PW-1030,2026-01-05,744,1655.94
D01,PW-1030,2026-01-12,834,2028.49
D01,PW-1030,2026-01-19,787,1905.22
D01,PW-1030,2026-01-26,670,1566.35
D01,PW-1030,2026-02-02,579,1328.41
D01,PW-1030,2026-02-09,652,1561.16
D01,PW-1030,2026-02-16,685,1645.18
D01,PW-1030,2026-02-23,685,1609.9
D01,PW-1030,2026-03-02,897,1998.63
D01,PW-1030,2026-03-09,906,2200.2
D01,PW-1030,2026-03-16,1104,2622.8
D01,PW-1030,2026-03-23,714,1685.5
D01,PW-1030,2026-03-30,1028,2386.78
D01,PW-1030,2026-04-06,1038,2453.19
D01,PW-1030,2026-04-13,797,1844.15
D01,PW-1030,2026-04-20,894,2115.66
D01,PW-1030,2026-04-27,1011,2425.34
D01,PW-1030,2026-05-04,838,1834.37
D01,PW-1030,2026-05-11,833,1823.09
D01,PW-1030,2026-05-18,778,1840.7
D01,PW-1030,2026-05-25,603,1421.45
D01,PW-1030,2026-06-01,871,1911.58
D01,PW-1030,2026-06-08,776,1836.18
D01,PW-1030,2026-06-15,735,1686.27
D01,PW-1030,2026-06-22,921,2015.83
D01,IG-1012,2024-01-01,207,14432.17
D01,IG-1012,2024-01-08,153,10448.08
D01,IG-1012,2024-01-15,177,12729.38
D01,IG-1012,2024-01-22,215,15449.76
D01,IG-1012,2024-01-29,180,12293.44
D01,IG-1012,2024-02-05,166,11037.36
D01,IG-1012,2024-02-12,196,12745.33
D01,IG-1012,2024-02-19,174,12234.57
D01,IG-1012,2024-02-26,195,13722.81
D01,IG-1012,2024-03-04,177,12010.57
D01,IG-1012,2024-03-11,211,14284.94
D01,IG-1012,2024-03-18,153,10235.57
D01,IG-1012,2024-03-25,164,11717.08
D01,IG-1012,2024-04-01,156,10123.15
D01,IG-1012,2024-04-08,194,13199.04
D01,IG-1012,2024-04-15,157,10381.07
D01,IG-1012,2024-04-22,180,12342.69
D01,IG-1012,2024-04-29,171,11350.32
D01,IG-1012,2024-05-06,254,17162.11
D01,IG-1012,2024-05-13,177,12054.51
D01,IG-1012,2024-05-20,171,11205.56
D01,IG-1012,2024-05-27,216,14809.85
D01,IG-1012,2024-06-03,270,19415.58
D01,IG-1012,2024-06-10,207,13380.03
D01,IG-1012,2024-06-17,210,14004.49
D01,IG-1012,2024-06-24,257,16935.45
D01,IG-1012,2024-07-01,241,15886.34
D01,IG-1012,2024-07-08,226,16231.3
D01,IG-1012,2024-07-15,194,12855.0
D01,IG-1012,2024-07-22,226,15394.52
D01,IG-1012,2024-07-29,172,12230.43
D01,IG-1012,2024-08-05,191,13683.93
D01,IG-1012,2024-08-12,259,17035.0
D01,IG-1012,2024-08-19,252,16421.44
D01,IG-1012,2024-08-26,221,15531.2
D01,IG-1012,2024-09-02,154,10704.95
D01,IG-1012,2024-09-09,170,11850.48
D01,IG-1012,2024-09-16,183,12456.25
D01,IG-1012,2024-09-23,196,13843.55
D01,IG-1012,2024-09-30,166,11942.61
D01,IG-1012,2024-10-07,192,12749.54
D01,IG-1012,2024-10-14,258,17022.72
D01,IG-1012,2024-10-21,209,14657.34
D01,IG-1012,2024-10-28,203,14065.76
D01,IG-1012,2024-11-04,168,10852.19
D01,IG-1012,2024-11-11,153,10597.18
D01,IG-1012,2024-11-18,163,11484.93
D01,IG-1012,2024-11-25,152,10074.94
D01,IG-1012,2024-12-02,198,13398.88
D01,IG-1012,2024-12-09,208,13582.69
D01,IG-1012,2024-12-16,170,11015.35
D01,IG-1012,2024-12-23,203,13652.87
D01,IG-1012,2024-12-30,248,16160.24
D01,IG-1012,2025-01-06,269,19039.35
D01,IG-1012,2025-01-13,227,14744.45
D01,IG-1012,2025-01-20,199,14074.09
D01,IG-1012,2025-01-27,231,16034.42
D01,IG-1012,2025-02-03,256,17828.91
D01,IG-1012,2025-02-10,157,10651.42
D01,IG-1012,2025-02-17,268,17343.65
D01,IG-1012,2025-02-24,200,13867.2
D01,IG-1012,2025-03-03,203,13421.65
D01,IG-1012,2025-03-10,211,14255.96
D01,IG-1012,2025-03-17,237,16808.81
D01,IG-1012,2025-03-24,193,13850.16
D01,IG-1012,2025-03-31,221,14420.91
D01,IG-1012,2025-04-07,253,16957.17
D01,IG-1012,2025-04-14,244,16018.33
D01,IG-1012,2025-04-21,253,16498.18
D01,IG-1012,2025-04-28,230,16104.78
D01,IG-1012,2025-05-05,270,17620.97
D01,IG-1012,2025-05-12,287,19872.99
D01,IG-1012,2025-05-19,287,19290.02
D01,IG-1012,2025-05-26,265,18491.35
D01,IG-1012,2025-06-02,287,20513.87
D01,IG-1012,2025-06-09,285,19087.42
D01,IG-1012,2025-06-16,375,24974.19
D01,IG-1012,2025-06-23,302,20929.28
D01,IG-1012,2025-06-30,248,16659.32
D01,IG-1012,2025-07-07,167,11319.02
D01,IG-1012,2025-07-14,182,12186.92
D01,IG-1012,2025-07-21,177,11707.51
D01,IG-1012,2025-07-28,199,13360.74
D01,IG-1012,2025-08-04,163,11321.35
D01,IG-1012,2025-08-11,213,14553.99
D01,IG-1012,2025-08-18,143,10104.05
D01,IG-1012,2025-08-25,135,9645.93
D01,IG-1012,2025-09-01,167,11346.82
D01,IG-1012,2025-09-08,147,10583.21
D01,IG-1012,2025-09-15,136,8847.56
D01,IG-1012,2025-09-22,147,9770.48
D01,IG-1012,2025-09-29,142,9576.45
D01,IG-1012,2025-10-06,156,10766.95
D01,IG-1012,2025-10-13,140,9597.77
D01,IG-1012,2025-10-20,139,9586.4
D01,IG-1012,2025-10-27,149,10596.42
D01,IG-1012,2025-11-03,171,11379.96
D01,IG-1012,2025-11-10,181,12754.22
D01,IG-1012,2025-11-17,146,10046.97
D01,IG-1012,2025-11-24,146,9977.5
D01,IG-1012,2025-12-01,136,9095.26
D01,IG-1012,2025-12-08,149,9964.88
D01,IG-1012,2025-12-15,146,9846.9
D01,IG-1012,2025-12-22,167,11600.95
D01,IG-1012,2025-12-29,103,7138.05
D01,IG-1012,2026-01-05,131,8869.82
D01,IG-1012,2026-01-12,142,9318.22
D01,IG-1012,2026-01-19,134,9654.21
D01,IG-1012,2026-01-26,117,7653.28
D01,IG-1012,2026-02-02,111,7766.15
D01,IG-1012,2026-02-09,152,10047.19
D01,IG-1012,2026-02-16,120,8157.53
D01,IG-1012,2026-02-23,103,7381.17
D01,IG-1012,2026-03-02,153,10132.15
D01,IG-1012,2026-03-09,144,9418.64
D01,IG-1012,2026-03-16,132,8742.58
D01,IG-1012,2026-03-23,117,8360.49
D01,IG-1012,2026-03-30,132,8682.66
D01,IG-1012,2026-04-06,161,11603.33
D01,IG-1012,2026-04-13,105,6966.52
D01,IG-1012,2026-04-20,107,7282.61
D01,IG-1012,2026-04-27,124,8516.03
D01,IG-1012,2026-05-04,136,9798.31
D01,IG-1012,2026-05-11,128,8759.1
D01,IG-1012,2026-05-18,152,10707.89
D01,IG-1012,2026-05-25,163,10670.86
D01,IG-1012,2026-06-01,145,9554.27
D01,IG-1012,2026-06-08,151,10092.66
D01,IG-1012,2026-06-15,144,9896.01
D01,IG-1012,2026-06-22,139,9784.85
D01,PM-1001,2024-01-01,1323,1480.42
D01,PM-1001,2024-01-08,1465,1642.74
D01,PM-1001,2024-01-15,1510,1800.53
D01,PM-1001,2024-01-22,1745,2017.74
D01,PM-1001,2024-01-29,1970,2321.35
D01,PM-1001,2024-02-05,1834,2059.39
D01,PM-1001,2024-02-12,1917,2216.95
D01,PM-1001,2024-02-19,1661,2013.89
D01,PM-1001,2024-02-26,1910,2318.01
D01,PM-1001,2024-03-04,1723,1996.64
D01,PM-1001,2024-03-11,1665,2020.81
D01,PM-1001,2024-03-18,2387,2669.71
D01,PM-1001,2024-03-25,1278,1508.33
D01,PM-1001,2024-04-01,1381,1566.41
D01,PM-1001,2024-04-08,1954,2295.98
D01,PM-1001,2024-04-15,1787,2039.53
D01,PM-1001,2024-04-22,1510,1821.59
D01,PM-1001,2024-04-29,1610,1926.38
D01,PM-1001,2024-05-06,1651,2038.5
D01,PM-1001,2024-05-13,2178,2536.06
D01,PM-1001,2024-05-20,2293,2543.22
D01,PM-1001,2024-05-27,2452,2726.68
D01,PM-1001,2024-06-03,1513,1761.16
D01,PM-1001,2024-06-10,1565,1822.81
D01,PM-1001,2024-06-17,1548,1758.23
D01,PM-1001,2024-06-24,2326,2593.23
D01,PM-1001,2024-07-01,2036,2478.09
D01,PM-1001,2024-07-08,1928,2177.08
D01,PM-1001,2024-07-15,1963,2349.08
D01,PM-1001,2024-07-22,1870,2075.79
D01,PM-1001,2024-07-29,1583,1781.95
D01,PM-1001,2024-08-05,2009,2330.63
D01,PM-1001,2024-08-12,1794,2058.36
D01,PM-1001,2024-08-19,1528,1714.37
D01,PM-1001,2024-08-26,1976,2231.42
D01,PM-1001,2024-09-02,1685,2003.47
D01,PM-1001,2024-09-09,1841,2046.23
D01,PM-1001,2024-09-16,1729,1940.8
D01,PM-1001,2024-09-23,1995,2226.12
D01,PM-1001,2024-09-30,1787,2201.4
D01,PM-1001,2024-10-07,1500,1722.38
D01,PM-1001,2024-10-14,1782,2097.87
D01,PM-1001,2024-10-21,1777,2149.3
D01,PM-1001,2024-10-28,1806,2019.31
D01,PM-1001,2024-11-04,1941,2260.53
D01,PM-1001,2024-11-11,1507,1722.65
D01,PM-1001,2024-11-18,1819,2186.07
D01,PM-1001,2024-11-25,1267,1527.25
D01,PM-1001,2024-12-02,1608,1872.48
D01,PM-1001,2024-12-09,1571,1880.55
D01,PM-1001,2024-12-16,2035,2507.92
D01,PM-1001,2024-12-23,1603,1797.88
D01,PM-1001,2024-12-30,1803,2181.28
D01,PM-1001,2025-01-06,1269,1503.22
D01,PM-1001,2025-01-13,1576,1932.5
D01,PM-1001,2025-01-20,1473,1789.66
D01,PM-1001,2025-01-27,2442,2759.03
D01,PM-1001,2025-02-03,1536,1838.51
D01,PM-1001,2025-02-10,1732,2005.67
D01,PM-1001,2025-02-17,1762,2172.51
D01,PM-1001,2025-02-24,1375,1531.3
D01,PM-1001,2025-03-03,1628,1961.81
D01,PM-1001,2025-03-10,1890,2133.02
D01,PM-1001,2025-03-17,1819,2125.72
D01,PM-1001,2025-03-24,1284,1533.32
D01,PM-1001,2025-03-31,1680,2010.64
D01,PM-1001,2025-04-07,2150,2540.41
D01,PM-1001,2025-04-14,2031,2384.71
D01,PM-1001,2025-04-21,2249,2579.13
D01,PM-1001,2025-04-28,1626,1976.86
D01,PM-1001,2025-05-05,2298,2653.14
D01,PM-1001,2025-05-12,1892,2101.2
D01,PM-1001,2025-05-19,2428,2924.46
D01,PM-1001,2025-05-26,1918,2312.34
D01,PM-1001,2025-06-02,1412,1648.4
D01,PM-1001,2025-06-09,2182,2642.55
D01,PM-1001,2025-06-16,1797,2191.55
D01,PM-1001,2025-06-23,1812,2170.35
D01,PM-1001,2025-06-30,1538,1887.6
D01,PM-1001,2025-07-07,2430,2819.7
D01,PM-1001,2025-07-14,1754,2071.91
D01,PM-1001,2025-07-21,2388,2917.87
D01,PM-1001,2025-07-28,1756,1985.04
D01,PM-1001,2025-08-04,1618,1907.95
D01,PM-1001,2025-08-11,2249,2512.98
D01,PM-1001,2025-08-18,1809,2090.03
D01,PM-1001,2025-08-25,1796,2103.59
D01,PM-1001,2025-09-01,1482,1818.3
D01,PM-1001,2025-09-08,1661,1994.92
D01,PM-1001,2025-09-15,1879,2208.88
D01,PM-1001,2025-09-22,1436,1750.8
D01,PM-1001,2025-09-29,1594,1767.97
D01,PM-1001,2025-10-06,1608,1796.3
D01,PM-1001,2025-10-13,1715,2074.68
D01,PM-1001,2025-10-20,2103,2592.41
D01,PM-1001,2025-10-27,1599,1975.57
D01,PM-1001,2025-11-03,1498,1734.61
D01,PM-1001,2025-11-10,2496,2799.7
D01,PM-1001,2025-11-17,1542,1827.32
D01,PM-1001,2025-11-24,1595,1910.25
D01,PM-1001,2025-12-01,1552,1744.79
D01,PM-1001,2025-12-08,1570,1941.74
D01,PM-1001,2025-12-15,1657,1961.23
D01,PM-1001,2025-12-22,1884,2262.32
D01,PM-1001,2025-12-29,1749,1972.27
D01,PM-1001,2026-01-05,1943,2246.99
D01,PM-1001,2026-01-12,1944,2162.1
D01,PM-1001,2026-01-19,1726,2035.32
D01,PM-1001,2026-01-26,1782,2007.23
D01,PM-1001,2026-02-02,2005,2263.63
D01,PM-1001,2026-02-09,1450,1776.42
D01,PM-1001,2026-02-16,2514,2855.49
D01,PM-1001,2026-02-23,1616,1942.67
D01,PM-1001,2026-03-02,1671,1896.03
D01,PM-1001,2026-03-09,1483,1727.08
D01,PM-1001,2026-03-16,1504,1805.72
D01,PM-1001,2026-03-23,2098,2540.53
D01,PM-1001,2026-03-30,2572,3021.87
D01,PM-1001,2026-04-06,1695,1880.76
D01,PM-1001,2026-04-13,1959,2378.64
D01,PM-1001,2026-04-20,1936,2349.13
D01,PM-1001,2026-04-27,2191,2624.43
D01,PM-1001,2026-05-04,2645,3162.13
D01,PM-1001,2026-05-11,2393,2880.7
D01,PM-1001,2026-05-18,1845,2221.36
D01,PM-1001,2026-05-25,2075,2334.11
D01,PM-1001,2026-06-01,2110,2346.71
D01,PM-1001,2026-06-08,1916,2345.47
D01,PM-1001,2026-06-15,1629,1916.93
D01,PM-1001,2026-06-22,1701,1887.58
D01,IG-1013,2024-01-01,51,2847.86
D01,IG-1013,2024-01-08,55,3166.97
D01,IG-1013,2024-01-15,52,3034.01
D01,IG-1013,2024-01-22,64,3613.27
D01,IG-1013,2024-01-29,56,3323.26
D01,IG-1013,2024-02-05,59,3452.9
D01,IG-1013,2024-02-12,46,2660.08
D01,IG-1013,2024-02-19,66,3947.59
D01,IG-1013,2024-02-26,53,3211.64
D01,IG-1013,2024-03-04,50,3097.97
D01,IG-1013,2024-03-11,76,4301.82
D01,IG-1013,2024-03-18,67,3890.65
D01,IG-1013,2024-03-25,71,3961.06
D01,IG-1013,2024-04-01,66,4030.5
D01,IG-1013,2024-04-08,62,3535.1
D01,IG-1013,2024-04-15,61,3449.93
D01,IG-1013,2024-04-22,72,4400.08
D01,IG-1013,2024-04-29,77,4752.59
D01,IG-1013,2024-05-06,65,3954.96
D01,IG-1013,2024-05-13,90,5282.59
D01,IG-1013,2024-05-20,64,3605.85
D01,IG-1013,2024-05-27,54,3097.79
D01,IG-1013,2024-06-03,52,2927.99
D01,IG-1013,2024-06-10,52,3117.02
D01,IG-1013,2024-06-17,64,3922.52
D01,IG-1013,2024-06-24,65,3928.26
D01,IG-1013,2024-07-01,75,4646.41
D01,IG-1013,2024-07-08,68,4150.72
D01,IG-1013,2024-07-15,77,4774.91
D01,IG-1013,2024-07-22,68,4171.04
D01,IG-1013,2024-07-29,68,3830.32
D01,IG-1013,2024-08-05,62,3745.26
D01,IG-1013,2024-08-12,83,4714.68
D01,IG-1013,2024-08-19,53,2962.59
D01,IG-1013,2024-08-26,69,3948.04
D01,IG-1013,2024-09-02,64,3837.65
D01,IG-1013,2024-09-09,74,4428.93
D01,IG-1013,2024-09-16,65,3818.14
D01,IG-1013,2024-09-23,65,3851.65
D01,IG-1013,2024-09-30,62,3544.13
D01,IG-1013,2024-10-07,79,4844.95
D01,IG-1013,2024-10-14,64,3853.53
D01,IG-1013,2024-10-21,85,5026.3
D01,IG-1013,2024-10-28,66,3852.31
D01,IG-1013,2024-11-04,63,3705.23
D01,IG-1013,2024-11-11,61,3427.87
D01,IG-1013,2024-11-18,68,3886.89
D01,IG-1013,2024-11-25,57,3220.27
D01,IG-1013,2024-12-02,64,3618.4
D01,IG-1013,2024-12-09,63,3798.63
D01,IG-1013,2024-12-16,66,4084.45
D01,IG-1013,2024-12-23,67,3870.43
D01,IG-1013,2024-12-30,68,3935.81
D01,IG-1013,2025-01-06,65,4027.09
D01,IG-1013,2025-01-13,82,4881.6
D01,IG-1013,2025-01-20,70,4181.09
D01,IG-1013,2025-01-27,98,5640.36
D01,IG-1013,2025-02-03,68,3872.73
D01,IG-1013,2025-02-10,78,4449.69
D01,IG-1013,2025-02-17,62,3545.07
D01,IG-1013,2025-02-24,86,4976.38
D01,IG-1013,2025-03-03,63,3700.46
D01,IG-1013,2025-03-10,76,4660.2
D01,IG-1013,2025-03-17,69,4077.97
D01,IG-1013,2025-03-24,78,4476.8
D01,IG-1013,2025-03-31,72,4166.45
D01,IG-1013,2025-04-07,67,3893.76
D01,IG-1013,2025-04-14,73,4292.47
D01,IG-1013,2025-04-21,97,5654.07
D01,IG-1013,2025-04-28,83,4899.29
D01,IG-1013,2025-05-05,64,3614.66
D01,IG-1013,2025-05-12,93,5289.92
D01,IG-1013,2025-05-19,69,3889.59
D01,IG-1013,2025-05-26,89,5261.63
D01,IG-1013,2025-06-02,87,5219.27
D01,IG-1013,2025-06-09,88,5241.96
D01,IG-1013,2025-06-16,106,6243.17
D01,IG-1013,2025-06-23,71,4134.5
D01,IG-1013,2025-06-30,88,5130.67
D01,IG-1013,2025-07-07,74,4198.12
D01,IG-1013,2025-07-14,55,3209.42
D01,IG-1013,2025-07-21,53,3239.13
D01,IG-1013,2025-07-28,56,3143.15
D01,IG-1013,2025-08-04,61,3641.36
D01,IG-1013,2025-08-11,46,2771.83
D01,IG-1013,2025-08-18,61,3701.81
D01,IG-1013,2025-08-25,45,2764.14
D01,IG-1013,2025-09-01,66,4002.93
D01,IG-1013,2025-09-08,58,3492.91
D01,IG-1013,2025-09-15,70,4018.55
D01,IG-1013,2025-09-22,57,3550.57
D01,IG-1013,2025-09-29,49,2851.63
D01,IG-1013,2025-10-06,44,2589.32
D01,IG-1013,2025-10-13,51,3004.11
D01,IG-1013,2025-10-20,48,2972.78
D01,IG-1013,2025-10-27,57,3315.3
D01,IG-1013,2025-11-03,41,2385.1
D01,IG-1013,2025-11-10,63,3531.74
D01,IG-1013,2025-11-17,56,3321.24
D01,IG-1013,2025-11-24,44,2450.31
D01,IG-1013,2025-12-01,59,3474.52
D01,IG-1013,2025-12-08,40,2224.11
D01,IG-1013,2025-12-15,46,2662.37
D01,IG-1013,2025-12-22,36,2196.52
D01,IG-1013,2025-12-29,58,3429.21
D01,IG-1013,2026-01-05,34,1982.84
D01,IG-1013,2026-01-12,35,2112.11
D01,IG-1013,2026-01-19,39,2418.33
D01,IG-1013,2026-01-26,53,3114.51
D01,IG-1013,2026-02-02,50,2867.7
D01,IG-1013,2026-02-09,44,2691.13
D01,IG-1013,2026-02-16,50,3078.2
D01,IG-1013,2026-02-23,42,2566.25
D01,IG-1013,2026-03-02,46,2749.77
D01,IG-1013,2026-03-09,55,3077.67
D01,IG-1013,2026-03-16,42,2337.06
D01,IG-1013,2026-03-23,38,2175.32
D01,IG-1013,2026-03-30,46,2815.58
D01,IG-1013,2026-04-06,48,2963.8
D01,IG-1013,2026-04-13,44,2678.3
D01,IG-1013,2026-04-20,50,2933.54
D01,IG-1013,2026-04-27,42,2409.74
D01,IG-1013,2026-05-04,45,2539.03
D01,IG-1013,2026-05-11,47,2663.31
D01,IG-1013,2026-05-18,46,2829.36
D01,IG-1013,2026-05-25,57,3243.01
D01,IG-1013,2026-06-01,47,2802.61
D01,IG-1013,2026-06-08,42,2368.59
D01,IG-1013,2026-06-15,48,2930.84
D01,IG-1013,2026-06-22,52,3115.27
D01,IS-1028,2024-01-01,874,11618.3
D01,IS-1028,2024-01-08,791,10569.64
D01,IS-1028,2024-01-15,590,8232.28
D01,IS-1028,2024-01-22,767,10770.45
D01,IS-1028,2024-01-29,571,7698.55
D01,IS-1028,2024-02-05,867,11760.95
D01,IS-1028,2024-02-12,700,9433.31
D01,IS-1028,2024-02-19,653,8602.57
D01,IS-1028,2024-02-26,897,12084.37
D01,IS-1028,2024-03-04,872,11291.55
D01,IS-1028,2024-03-11,840,11263.81
D01,IS-1028,2024-03-18,1139,16083.02
D01,IS-1028,2024-03-25,911,12444.1
D01,IS-1028,2024-04-01,760,10278.72
D01,IS-1028,2024-04-08,913,12074.57
D01,IS-1028,2024-04-15,817,10551.87
D01,IS-1028,2024-04-22,1040,13971.93
D01,IS-1028,2024-04-29,904,12112.53
D01,IS-1028,2024-05-06,923,12273.58
D01,IS-1028,2024-05-13,706,9630.62
D01,IS-1028,2024-05-20,889,11962.09
D01,IS-1028,2024-05-27,876,11665.06
D01,IS-1028,2024-06-03,760,10267.89
D01,IS-1028,2024-06-10,858,11078.29
D01,IS-1028,2024-06-17,947,13075.61
D01,IS-1028,2024-06-24,885,12739.82
D01,IS-1028,2024-07-01,715,9471.8
D01,IS-1028,2024-07-08,846,11491.97
D01,IS-1028,2024-07-15,818,10936.08
D01,IS-1028,2024-07-22,898,12005.28
D01,IS-1028,2024-07-29,878,11616.69
D01,IS-1028,2024-08-05,809,10998.17
D01,IS-1028,2024-08-12,798,10422.54
D01,IS-1028,2024-08-19,855,11619.17
D01,IS-1028,2024-08-26,969,13939.21
D01,IS-1028,2024-09-02,866,12210.85
D01,IS-1028,2024-09-09,1018,14163.08
D01,IS-1028,2024-09-16,965,13196.47
D01,IS-1028,2024-09-23,1009,14323.96
D01,IS-1028,2024-09-30,980,12893.94
D01,IS-1028,2024-10-07,999,14138.68
D01,IS-1028,2024-10-14,659,8639.53
D01,IS-1028,2024-10-21,856,12237.01
D01,IS-1028,2024-10-28,925,12312.39
D01,IS-1028,2024-11-04,943,12861.41
D01,IS-1028,2024-11-11,677,9186.94
D01,IS-1028,2024-11-18,834,11724.55
D01,IS-1028,2024-11-25,761,10895.46
D01,IS-1028,2024-12-02,990,13330.72
D01,IS-1028,2024-12-09,609,8651.96
D01,IS-1028,2024-12-16,667,9509.56
D01,IS-1028,2024-12-23,571,7452.09
D01,IS-1028,2024-12-30,767,10642.45
D01,IS-1028,2025-01-06,1058,15093.84
D01,IS-1028,2025-01-13,751,9828.79
D01,IS-1028,2025-01-20,772,10423.69
D01,IS-1028,2025-01-27,830,11002.12
D01,IS-1028,2025-02-03,756,10502.35
D01,IS-1028,2025-02-10,819,10726.95
D01,IS-1028,2025-02-17,828,11478.5
D01,IS-1028,2025-02-24,693,9853.78
D01,IS-1028,2025-03-03,783,10882.46
D01,IS-1028,2025-03-10,894,11865.27
D01,IS-1028,2025-03-17,927,13107.73
D01,IS-1028,2025-03-24,988,13796.44
D01,IS-1028,2025-03-31,862,12216.55
D01,IS-1028,2025-04-07,870,12217.36
D01,IS-1028,2025-04-14,929,12835.48
D01,IS-1028,2025-04-21,764,10418.5
D01,IS-1028,2025-04-28,763,10506.7
D01,IS-1028,2025-05-05,827,11093.78
D01,IS-1028,2025-05-12,698,9455.73
D01,IS-1028,2025-05-19,901,12071.35
D01,IS-1028,2025-05-26,993,12928.69
D01,IS-1028,2025-06-02,763,10906.4
D01,IS-1028,2025-06-09,906,11753.76
D01,IS-1028,2025-06-16,771,10621.76
D01,IS-1028,2025-06-23,725,9712.99
D01,IS-1028,2025-06-30,1145,15102.5
D01,IS-1028,2025-07-07,720,9766.96
D01,IS-1028,2025-07-14,687,9628.65
D01,IS-1028,2025-07-21,854,12044.0
D01,IS-1028,2025-07-28,855,11125.51
D01,IS-1028,2025-08-04,900,12068.13
D01,IS-1028,2025-08-11,1090,15346.75
D01,IS-1028,2025-08-18,712,10066.48
D01,IS-1028,2025-08-25,726,9483.26
D01,IS-1028,2025-09-01,998,13692.89
D01,IS-1028,2025-09-08,894,12704.11
D01,IS-1028,2025-09-15,867,11549.59
D01,IS-1028,2025-09-22,697,9842.72
D01,IS-1028,2025-09-29,892,12199.16
D01,IS-1028,2025-10-06,842,11505.0
D01,IS-1028,2025-10-13,761,10366.51
D01,IS-1028,2025-10-20,672,9050.67
D01,IS-1028,2025-10-27,741,9858.47
D01,IS-1028,2025-11-03,928,12116.42
D01,IS-1028,2025-11-10,612,8625.35
D01,IS-1028,2025-11-17,637,8687.2
D01,IS-1028,2025-11-24,651,8896.71
D01,IS-1028,2025-12-01,672,8831.34
D01,IS-1028,2025-12-08,713,10081.79
D01,IS-1028,2025-12-15,826,10939.68
D01,IS-1028,2025-12-22,769,10947.49
D01,IS-1028,2025-12-29,726,9727.41
D01,IS-1028,2026-01-05,754,10232.55
D01,IS-1028,2026-01-12,799,10747.75
D01,IS-1028,2026-01-19,570,7438.73
D01,IS-1028,2026-01-26,868,11499.26
D01,IS-1028,2026-02-02,659,8928.03
D01,IS-1028,2026-02-09,705,10016.09
D01,IS-1028,2026-02-16,801,11049.15
D01,IS-1028,2026-02-23,760,10179.51
D01,IS-1028,2026-03-02,836,11167.63
D01,IS-1028,2026-03-09,803,10954.73
D01,IS-1028,2026-03-16,761,10958.22
D01,IS-1028,2026-03-23,1010,13357.41
D01,IS-1028,2026-03-30,903,12383.14
D01,IS-1028,2026-04-06,858,12043.47
D01,IS-1028,2026-04-13,918,12837.92
D01,IS-1028,2026-04-20,751,10402.89
D01,IS-1028,2026-04-27,1166,16074.01
D01,IS-1028,2026-05-04,720,10143.24
D01,IS-1028,2026-05-11,867,11281.42
D01,IS-1028,2026-05-18,821,11111.18
D01,IS-1028,2026-05-25,820,11639.88
D01,IS-1028,2026-06-01,806,10966.98
D01,IS-1028,2026-06-08,770,10586.43
D01,IS-1028,2026-06-15,1035,13572.66
D01,IS-1028,2026-06-22,723,9477.47
D01,SC-1017,2024-01-01,517,7511.42
D01,SC-1017,2024-01-08,490,6976.52
D01,SC-1017,2024-01-15,493,6632.12
D01,SC-1017,2024-01-22,463,6546.58
D01,SC-1017,2024-01-29,372,5350.07
D01,SC-1017,2024-02-05,546,7366.38
D01,SC-1017,2024-02-12,399,5464.0
D01,SC-1017,2024-02-19,538,7276.39
D01,SC-1017,2024-02-26,556,7695.99
D01,SC-1017,2024-03-04,424,5759.13
D01,SC-1017,2024-03-11,466,6735.26
D01,SC-1017,2024-03-18,711,9785.37
D01,SC-1017,2024-03-25,518,7488.26
D01,SC-1017,2024-04-01,442,6385.91
D01,SC-1017,2024-04-08,606,8254.56
D01,SC-1017,2024-04-15,484,7219.91
D01,SC-1017,2024-04-22,412,5832.5
D01,SC-1017,2024-04-29,600,8527.79
D01,SC-1017,2024-05-06,488,6909.58
D01,SC-1017,2024-05-13,593,8656.73
D01,SC-1017,2024-05-20,504,6925.19
D01,SC-1017,2024-05-27,637,9113.32
D01,SC-1017,2024-06-03,592,8549.09
D01,SC-1017,2024-06-10,392,5820.52
D01,SC-1017,2024-06-17,615,8679.82
D01,SC-1017,2024-06-24,557,8096.35
D01,SC-1017,2024-07-01,720,10511.72
D01,SC-1017,2024-07-08,618,8991.13
D01,SC-1017,2024-07-15,651,9633.23
D01,SC-1017,2024-07-22,522,7166.73
D01,SC-1017,2024-07-29,514,7338.48
D01,SC-1017,2024-08-05,574,8320.4
D01,SC-1017,2024-08-12,544,7303.74
D01,SC-1017,2024-08-19,698,10110.83
D01,SC-1017,2024-08-26,555,7526.93
D01,SC-1017,2024-09-02,470,6302.2
D01,SC-1017,2024-09-09,496,7039.82
D01,SC-1017,2024-09-16,645,9340.75
D01,SC-1017,2024-09-23,541,7560.38
D01,SC-1017,2024-09-30,533,7320.32
D01,SC-1017,2024-10-07,642,8693.32
D01,SC-1017,2024-10-14,475,6379.01
D01,SC-1017,2024-10-21,388,5219.94
D01,SC-1017,2024-10-28,476,6419.91
D01,SC-1017,2024-11-04,559,8118.19
D01,SC-1017,2024-11-11,518,7367.7
D01,SC-1017,2024-11-18,425,5880.59
D01,SC-1017,2024-11-25,626,8606.8
D01,SC-1017,2024-12-02,552,7498.11
D01,SC-1017,2024-12-09,572,7796.74
D01,SC-1017,2024-12-16,577,8512.34
D01,SC-1017,2024-12-23,448,6680.94
D01,SC-1017,2024-12-30,574,8283.25
D01,SC-1017,2025-01-06,633,8897.38
D01,SC-1017,2025-01-13,661,9164.76
D01,SC-1017,2025-01-20,627,9326.19
D01,SC-1017,2025-01-27,614,8910.46
D01,SC-1017,2025-02-03,443,6035.1
D01,SC-1017,2025-02-10,581,8483.91
D01,SC-1017,2025-02-17,510,7241.68
D01,SC-1017,2025-02-24,723,10557.08
D01,SC-1017,2025-03-03,716,9622.21
D01,SC-1017,2025-03-10,531,7292.15
D01,SC-1017,2025-03-17,616,9160.25
D01,SC-1017,2025-03-24,652,9625.0
D01,SC-1017,2025-03-31,728,10506.96
D01,SC-1017,2025-04-07,500,7187.96
D01,SC-1017,2025-04-14,467,6275.09
D01,SC-1017,2025-04-21,661,9153.4
D01,SC-1017,2025-04-28,454,6567.52
D01,SC-1017,2025-05-05,685,9616.68
D01,SC-1017,2025-05-12,737,10741.26
D01,SC-1017,2025-05-19,817,11732.32
D01,SC-1017,2025-05-26,622,8572.93
D01,SC-1017,2025-06-02,703,10352.16
D01,SC-1017,2025-06-09,759,11104.68
D01,SC-1017,2025-06-16,579,8277.42
D01,SC-1017,2025-06-23,793,11370.55
D01,SC-1017,2025-06-30,721,10249.45
D01,SC-1017,2025-07-07,480,7124.37
D01,SC-1017,2025-07-14,530,7912.75
D01,SC-1017,2025-07-21,502,7349.85
D01,SC-1017,2025-07-28,569,7654.42
D01,SC-1017,2025-08-04,472,6852.91
D01,SC-1017,2025-08-11,508,6937.56
D01,SC-1017,2025-08-18,440,6280.3
D01,SC-1017,2025-08-25,413,6099.81
D01,SC-1017,2025-09-01,480,6701.92
D01,SC-1017,2025-09-08,402,5955.48
D01,SC-1017,2025-09-15,509,7376.91
D01,SC-1017,2025-09-22,485,6720.97
D01,SC-1017,2025-09-29,389,5265.54
D01,SC-1017,2025-10-06,443,6492.89
D01,SC-1017,2025-10-13,376,5302.66
D01,SC-1017,2025-10-20,327,4409.79
D01,SC-1017,2025-10-27,374,5069.77
D01,SC-1017,2025-11-03,401,5962.76
D01,SC-1017,2025-11-10,431,5926.26
D01,SC-1017,2025-11-17,402,5988.29
D01,SC-1017,2025-11-24,446,6437.08
D01,SC-1017,2025-12-01,332,4603.78
D01,SC-1017,2025-12-08,361,5042.82
D01,SC-1017,2025-12-15,485,7011.71
D01,SC-1017,2025-12-22,282,3805.66
D01,SC-1017,2025-12-29,350,5221.95
D01,SC-1017,2026-01-05,317,4316.78
D01,SC-1017,2026-01-12,361,5336.6
D01,SC-1017,2026-01-19,347,5168.47
D01,SC-1017,2026-01-26,405,5734.35
D01,SC-1017,2026-02-02,384,5186.29
D01,SC-1017,2026-02-09,304,4353.36
D01,SC-1017,2026-02-16,339,4637.73
D01,SC-1017,2026-02-23,370,5087.51
D01,SC-1017,2026-03-02,414,5812.75
D01,SC-1017,2026-03-09,533,7294.66
D01,SC-1017,2026-03-16,412,5865.38
D01,SC-1017,2026-03-23,318,4284.93
D01,SC-1017,2026-03-30,365,5210.79
D01,SC-1017,2026-04-06,380,5184.45
D01,SC-1017,2026-04-13,342,4962.91
D01,SC-1017,2026-04-20,399,5348.93
D01,SC-1017,2026-04-27,266,3756.42
D01,SC-1017,2026-05-04,409,5540.69
D01,SC-1017,2026-05-11,352,5034.96
D01,SC-1017,2026-05-18,373,5575.21
D01,SC-1017,2026-05-25,474,6909.32
D01,SC-1017,2026-06-01,316,4529.62
D01,SC-1017,2026-06-08,397,5486.44
D01,SC-1017,2026-06-15,429,5957.6
D01,SC-1017,2026-06-22,390,5561.01
D01,LD-1042,2024-01-01,2243,1281.84
D01,LD-1042,2024-01-08,3227,1878.68
D01,LD-1042,2024-01-15,3210,1866.34
D01,LD-1042,2024-01-22,2924,1832.84
D01,LD-1042,2024-01-29,2320,1377.62
D01,LD-1042,2024-02-05,3505,2031.55
D01,LD-1042,2024-02-12,2716,1676.42
D01,LD-1042,2024-02-19,3738,2281.89
D01,LD-1042,2024-02-26,2995,1843.67
D01,LD-1042,2024-03-04,3135,1920.58
D01,LD-1042,2024-03-11,2738,1631.62
D01,LD-1042,2024-03-18,3659,2102.78
D01,LD-1042,2024-03-25,3276,1910.32
D01,LD-1042,2024-04-01,3747,2295.16
D01,LD-1042,2024-04-08,3125,1882.43
D01,LD-1042,2024-04-15,3046,1935.7
D01,LD-1042,2024-04-22,3378,2070.3
D01,LD-1042,2024-04-29,3861,2304.05
D01,LD-1042,2024-05-06,3643,2260.06
D01,LD-1042,2024-05-13,3208,2037.35
D01,LD-1042,2024-05-20,2387,1507.98
D01,LD-1042,2024-05-27,3571,2172.15
D01,LD-1042,2024-06-03,2552,1474.04
D01,LD-1042,2024-06-10,3186,1953.98
D01,LD-1042,2024-06-17,3113,1796.69
D01,LD-1042,2024-06-24,2556,1551.3
D01,LD-1042,2024-07-01,3335,2069.82
D01,LD-1042,2024-07-08,4341,2670.92
D01,LD-1042,2024-07-15,2984,1781.28
D01,LD-1042,2024-07-22,3489,2134.08
D01,LD-1042,2024-07-29,4399,2636.71
D01,LD-1042,2024-08-05,3491,2001.02
D01,LD-1042,2024-08-12,2763,1736.52
D01,LD-1042,2024-08-19,3127,1899.95
D01,LD-1042,2024-08-26,3214,1853.94
D01,LD-1042,2024-09-02,3673,2120.43
D01,LD-1042,2024-09-09,3520,2036.7
D01,LD-1042,2024-09-16,1918,1101.98
D01,LD-1042,2024-09-23,2531,1500.92
D01,LD-1042,2024-09-30,2821,1778.92
D01,LD-1042,2024-10-07,2426,1517.54
D01,LD-1042,2024-10-14,1608,978.86
D01,LD-1042,2024-10-21,2492,1502.31
D01,LD-1042,2024-10-28,2757,1754.9
D01,LD-1042,2024-11-04,2533,1567.11
D01,LD-1042,2024-11-11,2348,1488.1
D01,LD-1042,2024-11-18,2732,1591.24
D01,LD-1042,2024-11-25,2849,1752.29
D01,LD-1042,2024-12-02,2518,1576.92
D01,LD-1042,2024-12-09,3316,2048.46
D01,LD-1042,2024-12-16,2725,1648.63
D01,LD-1042,2024-12-23,2375,1477.78
D01,LD-1042,2024-12-30,2293,1316.67
D01,LD-1042,2025-01-06,2641,1599.5
D01,LD-1042,2025-01-13,3239,2062.5
D01,LD-1042,2025-01-20,2438,1494.4
D01,LD-1042,2025-01-27,3038,1807.15
D01,LD-1042,2025-02-03,2841,1755.93
D01,LD-1042,2025-02-10,3810,2178.81
D01,LD-1042,2025-02-17,3023,1864.06
D01,LD-1042,2025-02-24,2592,1525.59
D01,LD-1042,2025-03-03,3245,1883.54
D01,LD-1042,2025-03-10,3293,1903.2
D01,LD-1042,2025-03-17,2791,1619.19
D01,LD-1042,2025-03-24,2511,1446.12
D01,LD-1042,2025-03-31,3270,2011.0
D01,LD-1042,2025-04-07,3072,1845.57
D01,LD-1042,2025-04-14,2443,1401.47
D01,LD-1042,2025-04-21,3210,1864.66
D01,LD-1042,2025-04-28,2827,1625.68
D01,LD-1042,2025-05-05,2491,1584.54
D01,LD-1042,2025-05-12,2980,1767.35
D01,LD-1042,2025-05-19,3823,2226.3
D01,LD-1042,2025-05-26,3790,2252.26
D01,LD-1042,2025-06-02,3651,2248.65
D01,LD-1042,2025-06-09,3300,1885.51
D01,LD-1042,2025-06-16,3463,2133.92
D01,LD-1042,2025-06-23,3209,2013.59
D01,LD-1042,2025-06-30,2672,1692.79
D01,LD-1042,2025-07-07,2743,1689.59
D01,LD-1042,2025-07-14,2855,1630.72
D01,LD-1042,2025-07-21,3837,2204.03
D01,LD-1042,2025-07-28,3631,2209.3
D01,LD-1042,2025-08-04,2609,1571.83
D01,LD-1042,2025-08-11,3068,1926.01
D01,LD-1042,2025-08-18,2841,1764.47
D01,LD-1042,2025-08-25,2922,1747.71
D01,LD-1042,2025-09-01,2734,1592.3
D01,LD-1042,2025-09-08,3623,2226.18
D01,LD-1042,2025-09-15,2898,1808.03
D01,LD-1042,2025-09-22,2973,1756.15
D01,LD-1042,2025-09-29,2948,1858.7
D01,LD-1042,2025-10-06,2421,1491.56
D01,LD-1042,2025-10-13,2847,1734.77
D01,LD-1042,2025-10-20,3259,1975.83
D01,LD-1042,2025-10-27,3440,2160.48
D01,LD-1042,2025-11-03,2307,1354.32
D01,LD-1042,2025-11-10,2171,1330.96
D01,LD-1042,2025-11-17,2740,1729.96
D01,LD-1042,2025-11-24,3196,2033.31
D01,LD-1042,2025-12-01,2851,1773.4
D01,LD-1042,2025-12-08,2989,1860.56
D01,LD-1042,2025-12-15,2203,1378.35
D01,LD-1042,2025-12-22,2484,1523.91
D01,LD-1042,2025-12-29,1953,1193.84
D01,LD-1042,2026-01-05,2669,1675.75
D01,LD-1042,2026-01-12,1981,1213.54
D01,LD-1042,2026-01-19,3369,2085.01
D01,LD-1042,2026-01-26,3508,2100.96
D01,LD-1042,2026-02-02,2861,1634.1
D01,LD-1042,2026-02-09,2252,1424.31
D01,LD-1042,2026-02-16,3016,1859.89
D01,LD-1042,2026-02-23,3804,2255.8
D01,LD-1042,2026-03-02,3121,1807.31
D01,LD-1042,2026-03-09,3505,2014.71
D01,LD-1042,2026-03-16,2755,1724.28
D01,LD-1042,2026-03-23,2624,1607.19
D01,LD-1042,2026-03-30,2986,1887.45
D01,LD-1042,2026-04-06,2279,1376.29
D01,LD-1042,2026-04-13,4308,2528.6
D01,LD-1042,2026-04-20,3155,1880.71
D01,LD-1042,2026-04-27,3542,2144.41
D01,LD-1042,2026-05-04,2918,1752.07
D01,LD-1042,2026-05-11,2493,1554.7
D01,LD-1042,2026-05-18,3906,2294.3
D01,LD-1042,2026-05-25,2671,1628.52
D01,LD-1042,2026-06-01,3337,1959.02
D01,LD-1042,2026-06-08,3387,1988.2
D01,LD-1042,2026-06-15,3203,1839.58
D01,LD-1042,2026-06-22,2811,1656.81
D01,PM-1007,2024-01-01,2426,2616.99
D01,PM-1007,2024-01-08,2653,2833.41
D01,PM-1007,2024-01-15,2836,2984.74
D01,PM-1007,2024-01-22,3426,3514.29
D01,PM-1007,2024-01-29,3259,3529.91
D01,PM-1007,2024-02-05,3350,3670.48
D01,PM-1007,2024-02-12,3105,3195.4
D01,PM-1007,2024-02-19,2796,2882.46
D01,PM-1007,2024-02-26,3971,4240.55
D01,PM-1007,2024-03-04,2889,2864.48
D01,PM-1007,2024-03-11,3449,3578.72
D01,PM-1007,2024-03-18,3215,3378.53
D01,PM-1007,2024-03-25,3592,3797.7
D01,PM-1007,2024-04-01,3041,3308.99
D01,PM-1007,2024-04-08,3934,4110.4
D01,PM-1007,2024-04-15,4163,4404.82
D01,PM-1007,2024-04-22,3957,3943.63
D01,PM-1007,2024-04-29,3515,3687.56
D01,PM-1007,2024-05-06,3234,3259.36
D01,PM-1007,2024-05-13,5296,5838.19
D01,PM-1007,2024-05-20,3000,3241.74
D01,PM-1007,2024-05-27,3983,4364.91
D01,PM-1007,2024-06-03,3675,3766.47
D01,PM-1007,2024-06-10,3465,3603.62
D01,PM-1007,2024-06-17,3594,3948.12
D01,PM-1007,2024-06-24,3233,3562.19
D01,PM-1007,2024-07-01,3711,3940.16
D01,PM-1007,2024-07-08,3637,3807.64
D01,PM-1007,2024-07-15,5158,5556.48
D01,PM-1007,2024-07-22,4031,4269.07
D01,PM-1007,2024-07-29,3685,4004.41
D01,PM-1007,2024-08-05,3691,4041.94
D01,PM-1007,2024-08-12,4426,4682.14
D01,PM-1007,2024-08-19,2879,3155.49
D01,PM-1007,2024-08-26,3211,3426.02
D01,PM-1007,2024-09-02,2456,2705.96
D01,PM-1007,2024-09-09,3522,3483.68
D01,PM-1007,2024-09-16,3643,3708.89
D01,PM-1007,2024-09-23,2736,2833.23
D01,PM-1007,2024-09-30,3903,3983.64
D01,PM-1007,2024-10-07,2799,2984.38
D01,PM-1007,2024-10-14,2937,3050.0
D01,PM-1007,2024-10-21,3122,3148.34
D01,PM-1007,2024-10-28,3867,3904.56
D01,PM-1007,2024-11-04,2660,2639.51
D01,PM-1007,2024-11-11,3144,3304.68
D01,PM-1007,2024-11-18,3366,3421.37
D01,PM-1007,2024-11-25,3253,3256.77
D01,PM-1007,2024-12-02,3265,3564.92
D01,PM-1007,2024-12-09,3340,3431.3
D01,PM-1007,2024-12-16,2743,2857.82
D01,PM-1007,2024-12-23,3848,4232.69
D01,PM-1007,2024-12-30,2947,3167.04
D01,PM-1007,2025-01-06,2901,3033.35
D01,PM-1007,2025-01-13,3703,3975.57
D01,PM-1007,2025-01-20,2770,2749.78
D01,PM-1007,2025-01-27,3218,3295.64
D01,PM-1007,2025-02-03,2774,2954.77
D01,PM-1007,2025-02-10,4550,4808.61
D01,PM-1007,2025-02-17,4449,4580.67
D01,PM-1007,2025-02-24,3125,3263.72
D01,PM-1007,2025-03-03,3468,3780.57
D01,PM-1007,2025-03-10,3241,3446.16
D01,PM-1007,2025-03-17,3103,3121.72
D01,PM-1007,2025-03-24,3360,3568.06
D01,PM-1007,2025-03-31,3310,3294.35
D01,PM-1007,2025-04-07,2674,2679.55
D01,PM-1007,2025-04-14,3522,3588.23
D01,PM-1007,2025-04-21,3389,3426.26
D01,PM-1007,2025-04-28,3597,3640.55
D01,PM-1007,2025-05-05,3412,3721.35
D01,PM-1007,2025-05-12,3286,3360.7
D01,PM-1007,2025-05-19,3969,4067.79
D01,PM-1007,2025-05-26,3781,3753.74
D01,PM-1007,2025-06-02,4310,4563.68
D01,PM-1007,2025-06-09,3767,3762.77
D01,PM-1007,2025-06-16,3394,3446.15
D01,PM-1007,2025-06-23,3829,4129.85
D01,PM-1007,2025-06-30,2586,2610.29
D01,PM-1007,2025-07-07,4755,5040.43
D01,PM-1007,2025-07-14,3597,3602.06
D01,PM-1007,2025-07-21,4764,4961.21
D01,PM-1007,2025-07-28,2994,3046.92
D01,PM-1007,2025-08-04,2863,3092.83
D01,PM-1007,2025-08-11,3549,3744.02
D01,PM-1007,2025-08-18,3517,3682.49
D01,PM-1007,2025-08-25,3472,3810.72
D01,PM-1007,2025-09-01,3362,3495.46
D01,PM-1007,2025-09-08,2947,3026.95
D01,PM-1007,2025-09-15,2567,2568.69
D01,PM-1007,2025-09-22,3314,3552.06
D01,PM-1007,2025-09-29,2596,2583.94
D01,PM-1007,2025-10-06,2536,2792.79
D01,PM-1007,2025-10-13,2920,3150.02
D01,PM-1007,2025-10-20,3271,3371.86
D01,PM-1007,2025-10-27,4102,4106.05
D01,PM-1007,2025-11-03,3504,3611.22
D01,PM-1007,2025-11-10,3731,3797.33
D01,PM-1007,2025-11-17,3305,3545.36
D01,PM-1007,2025-11-24,3156,3390.71
D01,PM-1007,2025-12-01,4342,4729.39
D01,PM-1007,2025-12-08,2443,2495.05
D01,PM-1007,2025-12-15,2802,2937.5
D01,PM-1007,2025-12-22,2841,3048.36
D01,PM-1007,2025-12-29,3426,3771.51
D01,PM-1007,2026-01-05,2598,2593.49
D01,PM-1007,2026-01-12,3392,3586.77
D01,PM-1007,2026-01-19,3321,3438.25
D01,PM-1007,2026-01-26,3465,3600.65
D01,PM-1007,2026-02-02,3483,3530.51
D01,PM-1007,2026-02-09,3928,4004.75
D01,PM-1007,2026-02-16,3124,3261.71
D01,PM-1007,2026-02-23,3440,3461.73
D01,PM-1007,2026-03-02,2872,3117.72
D01,PM-1007,2026-03-09,2802,2805.06
D01,PM-1007,2026-03-16,4261,4352.18
D01,PM-1007,2026-03-23,2922,2973.5
D01,PM-1007,2026-03-30,3667,3847.51
D01,PM-1007,2026-04-06,3638,3783.8
D01,PM-1007,2026-04-13,4038,4079.98
D01,PM-1007,2026-04-20,2659,2776.45
D01,PM-1007,2026-04-27,3924,4156.59
D01,PM-1007,2026-05-04,3422,3474.41
D01,PM-1007,2026-05-11,3170,3304.12
D01,PM-1007,2026-05-18,3352,3476.48
D01,PM-1007,2026-05-25,4077,4311.52
D01,PM-1007,2026-06-01,3901,3904.17
D01,PM-1007,2026-06-08,3431,3549.38
D01,PM-1007,2026-06-15,2947,3116.98
D01,PM-1007,2026-06-22,2973,3016.43
D01,IG-1008,2024-01-01,103,4474.88
D01,IG-1008,2024-01-08,115,4675.28
D01,IG-1008,2024-01-15,131,5326.01
D01,IG-1008,2024-01-22,147,6345.22
D01,IG-1008,2024-01-29,168,7506.47
D01,IG-1008,2024-02-05,127,5351.0
D01,IG-1008,2024-02-12,152,6761.95
D01,IG-1008,2024-02-19,151,6352.45
D01,IG-1008,2024-02-26,150,6135.2
D01,IG-1008,2024-03-04,139,5850.34
D01,IG-1008,2024-03-11,134,5402.13
D01,IG-1008,2024-03-18,122,4932.31
D01,IG-1008,2024-03-25,123,5209.29
D01,IG-1008,2024-04-01,155,6956.24
D01,IG-1008,2024-04-08,148,6353.91
D01,IG-1008,2024-04-15,142,6359.27
D01,IG-1008,2024-04-22,169,7237.29
D01,IG-1008,2024-04-29,150,6529.54
D01,IG-1008,2024-05-06,136,5989.24
D01,IG-1008,2024-05-13,151,6093.51
D01,IG-1008,2024-05-20,179,7325.0
D01,IG-1008,2024-05-27,137,5552.88
D01,IG-1008,2024-06-03,165,7197.83
D01,IG-1008,2024-06-10,159,7015.34
D01,IG-1008,2024-06-17,144,6302.02
D01,IG-1008,2024-06-24,155,6682.03
D01,IG-1008,2024-07-01,128,5581.54
D01,IG-1008,2024-07-08,164,7204.88
D01,IG-1008,2024-07-15,132,5734.46
D01,IG-1008,2024-07-22,189,8124.78
D01,IG-1008,2024-07-29,159,7054.36
D01,IG-1008,2024-08-05,147,6140.56
D01,IG-1008,2024-08-12,190,8241.3
D01,IG-1008,2024-08-19,136,5863.64
D01,IG-1008,2024-08-26,141,6249.9
D01,IG-1008,2024-09-02,119,5223.34
D01,IG-1008,2024-09-09,190,7881.37
D01,IG-1008,2024-09-16,205,9195.63
D01,IG-1008,2024-09-23,120,5243.93
D01,IG-1008,2024-09-30,135,5815.58
D01,IG-1008,2024-10-07,154,6512.65
D01,IG-1008,2024-10-14,140,5660.86
D01,IG-1008,2024-10-21,150,6065.57
D01,IG-1008,2024-10-28,148,6009.22
D01,IG-1008,2024-11-04,159,6865.7
D01,IG-1008,2024-11-11,129,5332.5
D01,IG-1008,2024-11-18,154,6768.41
D01,IG-1008,2024-11-25,126,5431.9
D01,IG-1008,2024-12-02,141,5915.6
D01,IG-1008,2024-12-09,116,4905.27
D01,IG-1008,2024-12-16,142,6233.31
D01,IG-1008,2024-12-23,139,5901.17
D01,IG-1008,2024-12-30,176,7380.11
D01,IG-1008,2025-01-06,152,6583.37
D01,IG-1008,2025-01-13,158,6632.29
D01,IG-1008,2025-01-20,156,6693.51
D01,IG-1008,2025-01-27,115,4720.21
D01,IG-1008,2025-02-03,118,4771.73
D01,IG-1008,2025-02-10,154,6301.09
D01,IG-1008,2025-02-17,171,7195.38
D01,IG-1008,2025-02-24,160,6531.38
D01,IG-1008,2025-03-03,148,6014.81
D01,IG-1008,2025-03-10,164,6812.72
D01,IG-1008,2025-03-17,164,7242.67
D01,IG-1008,2025-03-24,196,8334.5
D01,IG-1008,2025-03-31,197,8027.09
D01,IG-1008,2025-04-07,164,7355.88
D01,IG-1008,2025-04-14,179,7691.7
D01,IG-1008,2025-04-21,190,8039.33
D01,IG-1008,2025-04-28,196,8635.62
D01,IG-1008,2025-05-05,238,10493.48
D01,IG-1008,2025-05-12,187,8169.89
D01,IG-1008,2025-05-19,225,9559.87
D01,IG-1008,2025-05-26,159,6594.32
D01,IG-1008,2025-06-02,173,7581.4
D01,IG-1008,2025-06-09,139,6033.02
D01,IG-1008,2025-06-16,196,8669.47
D01,IG-1008,2025-06-23,212,9086.03
D01,IG-1008,2025-06-30,131,5512.35
D01,IG-1008,2025-07-07,150,6356.07
D01,IG-1008,2025-07-14,158,6721.63
D01,IG-1008,2025-07-21,155,6863.44
D01,IG-1008,2025-07-28,117,4946.45
D01,IG-1008,2025-08-04,156,6459.14
D01,IG-1008,2025-08-11,137,5926.49
D01,IG-1008,2025-08-18,147,6177.51
D01,IG-1008,2025-08-25,130,5540.08
D01,IG-1008,2025-09-01,138,6063.42
D01,IG-1008,2025-09-08,151,6086.14
D01,IG-1008,2025-09-15,122,4895.41
D01,IG-1008,2025-09-22,129,5650.4
D01,IG-1008,2025-09-29,146,6491.35
D01,IG-1008,2025-10-06,117,4965.2
D01,IG-1008,2025-10-13,99,4100.81
D01,IG-1008,2025-10-20,128,5183.74
D01,IG-1008,2025-10-27,141,6318.24
D01,IG-1008,2025-11-03,136,5605.55
D01,IG-1008,2025-11-10,123,5204.64
D01,IG-1008,2025-11-17,77,3380.67
D01,IG-1008,2025-11-24,98,4335.06
D01,IG-1008,2025-12-01,98,4038.55
D01,IG-1008,2025-12-08,107,4521.54
D01,IG-1008,2025-12-15,136,5935.42
D01,IG-1008,2025-12-22,89,3870.32
D01,IG-1008,2025-12-29,146,5952.86
D01,IG-1008,2026-01-05,98,4003.48
D01,IG-1008,2026-01-12,92,3934.49
D01,IG-1008,2026-01-19,117,4978.08
D01,IG-1008,2026-01-26,118,5296.36
D01,IG-1008,2026-02-02,113,4633.2
D01,IG-1008,2026-02-09,92,3699.92
D01,IG-1008,2026-02-16,111,4939.84
D01,IG-1008,2026-02-23,88,3773.45
D01,IG-1008,2026-03-02,91,4033.99
D01,IG-1008,2026-03-09,101,4357.6
D01,IG-1008,2026-03-16,91,3947.23
D01,IG-1008,2026-03-23,121,4998.36
D01,IG-1008,2026-03-30,94,3899.28
D01,IG-1008,2026-04-06,99,4439.16
D01,IG-1008,2026-04-13,90,3904.21
D01,IG-1008,2026-04-20,121,5134.91
D01,IG-1008,2026-04-27,94,3869.08
D01,IG-1008,2026-05-04,124,5409.83
D01,IG-1008,2026-05-11,123,5158.68
D01,IG-1008,2026-05-18,99,4370.74
D01,IG-1008,2026-05-25,106,4752.53
D01,IG-1008,2026-06-01,99,4334.76
D01,IG-1008,2026-06-08,115,4739.48
D01,IG-1008,2026-06-15,103,4144.82
D01,IG-1008,2026-06-22,99,4055.89
D01,PW-1034,2024-01-01,1255,5279.07
D01,PW-1034,2024-01-08,1244,4815.43
D01,PW-1034,2024-01-15,1166,4675.35
D01,PW-1034,2024-01-22,1146,4580.32
D01,PW-1034,2024-01-29,1384,5799.15
D01,PW-1034,2024-02-05,1272,4877.35
D01,PW-1034,2024-02-12,1217,4848.48
D01,PW-1034,2024-02-19,1181,4995.06
D01,PW-1034,2024-02-26,1334,5577.43
D01,PW-1034,2024-03-04,1580,6561.7
D01,PW-1034,2024-03-11,1435,5983.47
D01,PW-1034,2024-03-18,1358,5159.99
D01,PW-1034,2024-03-25,1491,6047.18
D01,PW-1034,2024-04-01,1766,7205.35
D01,PW-1034,2024-04-08,1565,6366.79
D01,PW-1034,2024-04-15,1527,5918.02
D01,PW-1034,2024-04-22,1631,6328.95
D01,PW-1034,2024-04-29,1459,5687.89
D01,PW-1034,2024-05-06,1548,5928.63
D01,PW-1034,2024-05-13,1408,5405.77
D01,PW-1034,2024-05-20,1208,4864.43
D01,PW-1034,2024-05-27,1612,6141.91
D01,PW-1034,2024-06-03,1618,6708.7
D01,PW-1034,2024-06-10,1475,5759.51
D01,PW-1034,2024-06-17,1801,6872.41
D01,PW-1034,2024-06-24,1384,5270.26
D01,PW-1034,2024-07-01,1181,4808.15
D01,PW-1034,2024-07-08,1385,5581.38
D01,PW-1034,2024-07-15,1217,4741.36
D01,PW-1034,2024-07-22,1607,6766.47
D01,PW-1034,2024-07-29,1358,5644.88
D01,PW-1034,2024-08-05,1753,6690.01
D01,PW-1034,2024-08-12,1737,7190.63
D01,PW-1034,2024-08-19,1300,5222.18
D01,PW-1034,2024-08-26,1313,5087.77
D01,PW-1034,2024-09-02,1594,6099.15
D01,PW-1034,2024-09-09,1691,6894.91
D01,PW-1034,2024-09-16,1071,4084.46
D01,PW-1034,2024-09-23,1499,6271.23
D01,PW-1034,2024-09-30,1026,4027.76
D01,PW-1034,2024-10-07,1304,5233.6
D01,PW-1034,2024-10-14,1657,6895.41
D01,PW-1034,2024-10-21,2195,8421.45
D01,PW-1034,2024-10-28,1341,5133.09
D01,PW-1034,2024-11-04,1147,4829.53
D01,PW-1034,2024-11-11,1276,5208.95
D01,PW-1034,2024-11-18,1389,5692.62
D01,PW-1034,2024-11-25,1242,5136.36
D01,PW-1034,2024-12-02,1195,4999.92
D01,PW-1034,2024-12-09,1289,5210.26
D01,PW-1034,2024-12-16,1462,5765.12
D01,PW-1034,2024-12-23,1348,5253.23
D01,PW-1034,2024-12-30,1217,5072.77
D01,PW-1034,2025-01-06,1264,5286.23
D01,PW-1034,2025-01-13,1323,5541.59
D01,PW-1034,2025-01-20,1222,5005.08
D01,PW-1034,2025-01-27,1288,5344.28
D01,PW-1034,2025-02-03,1593,6468.29
D01,PW-1034,2025-02-10,1412,5535.79
D01,PW-1034,2025-02-17,1136,4526.99
D01,PW-1034,2025-02-24,1742,7168.72
D01,PW-1034,2025-03-03,1608,6695.47
D01,PW-1034,2025-03-10,1242,5120.71
D01,PW-1034,2025-03-17,1463,5731.24
D01,PW-1034,2025-03-24,1388,5514.9
D01,PW-1034,2025-03-31,1748,7001.65
D01,PW-1034,2025-04-07,1509,5885.71
D01,PW-1034,2025-04-14,1594,6126.95
D01,PW-1034,2025-04-21,1580,6548.71
D01,PW-1034,2025-04-28,1313,5469.9
D01,PW-1034,2025-05-05,2039,8129.41
D01,PW-1034,2025-05-12,1835,7305.0
D01,PW-1034,2025-05-19,1493,5964.38
D01,PW-1034,2025-05-26,1727,7089.99
D01,PW-1034,2025-06-02,1948,8137.65
D01,PW-1034,2025-06-09,1701,6944.15
D01,PW-1034,2025-06-16,2133,8861.35
D01,PW-1034,2025-06-23,2617,10263.8
D01,PW-1034,2025-06-30,1656,6755.91
D01,PW-1034,2025-07-07,1543,6130.27
D01,PW-1034,2025-07-14,1448,5575.1
D01,PW-1034,2025-07-21,1200,4558.94
D01,PW-1034,2025-07-28,2007,8307.48
D01,PW-1034,2025-08-04,1570,6429.28
D01,PW-1034,2025-08-11,1876,7195.8
D01,PW-1034,2025-08-18,1920,7976.32
D01,PW-1034,2025-08-25,1379,5686.14
D01,PW-1034,2025-09-01,1399,5803.98
D01,PW-1034,2025-09-08,2074,8117.66
D01,PW-1034,2025-09-15,1567,6071.07
D01,PW-1034,2025-09-22,1423,5441.48
D01,PW-1034,2025-09-29,1333,5180.14
D01,PW-1034,2025-10-06,1515,6289.88
D01,PW-1034,2025-10-13,1926,8149.71
D01,PW-1034,2025-10-20,1692,6645.04
D01,PW-1034,2025-10-27,1560,6446.17
D01,PW-1034,2025-11-03,1917,7545.51
D01,PW-1034,2025-11-10,1856,7665.83
D01,PW-1034,2025-11-17,1578,6030.87
D01,PW-1034,2025-11-24,2273,9123.68
D01,PW-1034,2025-12-01,1444,5879.39
D01,PW-1034,2025-12-08,1769,7395.4
D01,PW-1034,2025-12-15,1417,5723.36
D01,PW-1034,2025-12-22,1728,6581.85
D01,PW-1034,2025-12-29,1460,6139.85
D01,PW-1034,2026-01-05,1634,6606.36
D01,PW-1034,2026-01-12,2198,8953.56
D01,PW-1034,2026-01-19,1785,7180.81
D01,PW-1034,2026-01-26,1677,7009.79
D01,PW-1034,2026-02-02,1404,5337.2
D01,PW-1034,2026-02-09,1638,6404.52
D01,PW-1034,2026-02-16,1384,5377.26
D01,PW-1034,2026-02-23,1859,7505.82
D01,PW-1034,2026-03-02,1873,7789.41
D01,PW-1034,2026-03-09,1620,6513.19
D01,PW-1034,2026-03-16,2160,8356.33
D01,PW-1034,2026-03-23,2139,8900.64
D01,PW-1034,2026-03-30,1759,7303.44
D01,PW-1034,2026-04-06,1891,7228.86
D01,PW-1034,2026-04-13,1606,6515.17
D01,PW-1034,2026-04-20,1699,6661.33
D01,PW-1034,2026-04-27,1517,6219.74
D01,PW-1034,2026-05-04,1672,6735.17
D01,PW-1034,2026-05-11,1780,7337.31
D01,PW-1034,2026-05-18,1417,5843.8
D01,PW-1034,2026-05-25,1990,7995.92
D01,PW-1034,2026-06-01,2134,8475.81
D01,PW-1034,2026-06-08,1833,7413.42
D01,PW-1034,2026-06-15,1225,5180.06
D01,PW-1034,2026-06-22,1768,6776.18
D02,LD-1041,2024-01-01,3273,1612.05
D02,LD-1041,2024-01-08,2518,1303.42
D02,LD-1041,2024-01-15,3135,1552.08
D02,LD-1041,2024-01-22,3771,1879.0
D02,LD-1041,2024-01-29,3499,1789.26
D02,LD-1041,2024-02-05,2700,1340.88
D02,LD-1041,2024-02-12,2465,1218.76
D02,LD-1041,2024-02-19,3563,1776.89
D02,LD-1041,2024-02-26,4232,2193.41
D02,LD-1041,2024-03-04,2917,1514.61
D02,LD-1041,2024-03-11,4662,2410.46
D02,LD-1041,2024-03-18,3433,1678.64
D02,LD-1041,2024-03-25,2586,1325.83
D02,LD-1041,2024-04-01,2770,1418.19
D02,LD-1041,2024-04-08,3962,2122.27
D02,LD-1041,2024-04-15,3628,1923.43
D02,LD-1041,2024-04-22,4477,2201.67
D02,LD-1041,2024-04-29,3014,1559.89
D02,LD-1041,2024-05-06,3693,1831.7
D02,LD-1041,2024-05-13,3648,1803.7
D02,LD-1041,2024-05-20,3581,1876.88
D02,LD-1041,2024-05-27,3463,1760.22
D02,LD-1041,2024-06-03,3479,1857.27
D02,LD-1041,2024-06-10,3773,2032.87
D02,LD-1041,2024-06-17,3845,2085.8
D02,LD-1041,2024-06-24,3810,1910.18
D02,LD-1041,2024-07-01,4384,2264.85
D02,LD-1041,2024-07-08,3044,1622.88
D02,LD-1041,2024-07-15,2764,1397.41
D02,LD-1041,2024-07-22,4202,2284.82
D02,LD-1041,2024-07-29,3111,1539.06
D02,LD-1041,2024-08-05,3361,1736.87
D02,LD-1041,2024-08-12,3220,1610.59
D02,LD-1041,2024-08-19,3183,1734.13
D02,LD-1041,2024-08-26,2787,1433.9
D02,LD-1041,2024-09-02,3155,1623.06
D02,LD-1041,2024-09-09,3752,2016.65
D02,LD-1041,2024-09-16,3369,1696.67
D02,LD-1041,2024-09-23,3601,1832.94
D02,LD-1041,2024-09-30,3070,1667.63
D02,LD-1041,2024-10-07,3752,1908.51
D02,LD-1041,2024-10-14,3010,1595.23
D02,LD-1041,2024-10-21,2349,1156.36
D02,LD-1041,2024-10-28,3355,1695.14
D02,LD-1041,2024-11-04,3567,1897.9
D02,LD-1041,2024-11-11,2908,1436.56
D02,LD-1041,2024-11-18,3770,1913.45
D02,LD-1041,2024-11-25,2763,1407.73
D02,LD-1041,2024-12-02,3465,1836.85
D02,LD-1041,2024-12-09,4068,2050.6
D02,LD-1041,2024-12-16,3151,1663.06
D02,LD-1041,2024-12-23,3034,1507.74
D02,LD-1041,2024-12-30,3099,1599.04
D02,LD-1041,2025-01-06,4037,2124.54
D02,LD-1041,2025-01-13,3378,1819.46
D02,LD-1041,2025-01-20,4414,2226.41
D02,LD-1041,2025-01-27,3361,1700.37
D02,LD-1041,2025-02-03,2945,1564.8
D02,LD-1041,2025-02-10,3002,1525.58
D02,LD-1041,2025-02-17,3338,1806.0
D02,LD-1041,2025-02-24,2458,1287.65
D02,LD-1041,2025-03-03,3139,1585.46
D02,LD-1041,2025-03-10,3180,1628.05
D02,LD-1041,2025-03-17,3562,1756.32
D02,LD-1041,2025-03-24,4642,2390.08
D02,LD-1041,2025-03-31,3529,1842.25
D02,LD-1041,2025-04-07,2646,1354.75
D02,LD-1041,2025-04-14,3102,1662.72
D02,LD-1041,2025-04-21,3728,1848.51
D02,LD-1041,2025-04-28,3658,1837.27
D02,LD-1041,2025-05-05,4629,2308.46
D02,LD-1041,2025-05-12,4209,2065.24
D02,LD-1041,2025-05-19,4206,2280.85
D02,LD-1041,2025-05-26,3550,1921.21
D02,LD-1041,2025-06-02,4332,2195.47
D02,LD-1041,2025-06-09,3214,1637.41
D02,LD-1041,2025-06-16,4248,2241.07
D02,LD-1041,2025-06-23,3516,1822.04
D02,LD-1041,2025-06-30,2944,1581.32
D02,LD-1041,2025-07-07,3984,2128.69
D02,LD-1041,2025-07-14,4474,2376.16
D02,LD-1041,2025-07-21,3394,1782.44
D02,LD-1041,2025-07-28,4531,2255.53
D02,LD-1041,2025-08-04,2776,1481.88
D02,LD-1041,2025-08-11,2950,1484.31
D02,LD-1041,2025-08-18,3424,1723.1
D02,LD-1041,2025-08-25,3281,1712.42
D02,LD-1041,2025-09-01,3109,1556.69
D02,LD-1041,2025-09-08,3473,1811.07
D02,LD-1041,2025-09-15,3114,1529.23
D02,LD-1041,2025-09-22,3163,1566.61
D02,LD-1041,2025-09-29,3448,1817.18
D02,LD-1041,2025-10-06,2965,1459.12
D02,LD-1041,2025-10-13,3198,1698.03
D02,LD-1041,2025-10-20,2926,1589.76
D02,LD-1041,2025-10-27,2670,1333.55
D02,LD-1041,2025-11-03,3565,1846.5
D02,LD-1041,2025-11-10,4086,2211.44
D02,LD-1041,2025-11-17,3694,1996.15
D02,LD-1041,2025-11-24,3299,1695.05
D02,LD-1041,2025-12-01,2846,1442.34
D02,LD-1041,2025-12-08,2999,1467.44
D02,LD-1041,2025-12-15,3672,1969.6
D02,LD-1041,2025-12-22,2229,1124.69
D02,LD-1041,2025-12-29,2982,1523.94
D02,LD-1041,2026-01-05,3531,1799.17
D02,LD-1041,2026-01-12,2680,1439.13
D02,LD-1041,2026-01-19,3410,1766.6
D02,LD-1041,2026-01-26,3411,1676.18
D02,LD-1041,2026-02-02,2612,1278.29
D02,LD-1041,2026-02-09,3320,1646.35
D02,LD-1041,2026-02-16,3015,1486.05
D02,LD-1041,2026-02-23,3553,1755.26
D02,LD-1041,2026-03-02,3727,1879.74
D02,LD-1041,2026-03-09,3613,1828.88
D02,LD-1041,2026-03-16,3474,1729.28
D02,LD-1041,2026-03-23,3622,1864.57
D02,LD-1041,2026-03-30,2934,1598.03
D02,LD-1041,2026-04-06,3514,1810.08
D02,LD-1041,2026-04-13,3158,1590.24
D02,LD-1041,2026-04-20,4184,2070.81
D02,LD-1041,2026-04-27,3997,2153.98
D02,LD-1041,2026-05-04,4017,2010.96
D02,LD-1041,2026-05-11,4713,2384.85
D02,LD-1041,2026-05-18,3482,1748.99
D02,LD-1041,2026-05-25,3378,1758.67
D02,LD-1041,2026-06-01,3484,1849.78
D02,LD-1041,2026-06-08,2891,1529.7
D02,LD-1041,2026-06-15,2923,1488.74
D02,LD-1041,2026-06-22,4026,1973.64
D02,PW-1035,2024-01-01,686,1318.96
D02,PW-1035,2024-01-08,801,1553.5
D02,PW-1035,2024-01-15,680,1227.54
D02,PW-1035,2024-01-22,596,1105.28
D02,PW-1035,2024-01-29,1087,1959.45
D02,PW-1035,2024-02-05,603,1110.85
D02,PW-1035,2024-02-12,786,1386.23
D02,PW-1035,2024-02-19,794,1412.16
D02,PW-1035,2024-02-26,831,1507.84
D02,PW-1035,2024-03-04,768,1413.85
D02,PW-1035,2024-03-11,778,1402.42
D02,PW-1035,2024-03-18,813,1466.15
D02,PW-1035,2024-03-25,865,1585.36
D02,PW-1035,2024-04-01,814,1433.38
D02,PW-1035,2024-04-08,814,1486.44
D02,PW-1035,2024-04-15,681,1274.26
D02,PW-1035,2024-04-22,1134,1998.69
D02,PW-1035,2024-04-29,916,1666.89
D02,PW-1035,2024-05-06,879,1589.5
D02,PW-1035,2024-05-13,781,1419.72
D02,PW-1035,2024-05-20,741,1441.73
D02,PW-1035,2024-05-27,985,1728.92
D02,PW-1035,2024-06-03,848,1585.49
D02,PW-1035,2024-06-10,956,1794.62
D02,PW-1035,2024-06-17,712,1280.23
D02,PW-1035,2024-06-24,1100,1934.0
D02,PW-1035,2024-07-01,998,1866.49
D02,PW-1035,2024-07-08,859,1658.34
D02,PW-1035,2024-07-15,930,1710.06
D02,PW-1035,2024-07-22,966,1691.46
D02,PW-1035,2024-07-29,704,1372.72
D02,PW-1035,2024-08-05,1100,2144.24
D02,PW-1035,2024-08-12,914,1695.93
D02,PW-1035,2024-08-19,760,1462.88
D02,PW-1035,2024-08-26,711,1365.2
D02,PW-1035,2024-09-02,965,1847.94
D02,PW-1035,2024-09-09,852,1513.67
D02,PW-1035,2024-09-16,881,1604.49
D02,PW-1035,2024-09-23,816,1505.03
D02,PW-1035,2024-09-30,694,1340.68
D02,PW-1035,2024-10-07,864,1563.19
D02,PW-1035,2024-10-14,772,1489.7
D02,PW-1035,2024-10-21,788,1438.28
D02,PW-1035,2024-10-28,1123,2048.57
D02,PW-1035,2024-11-04,891,1606.94
D02,PW-1035,2024-11-11,896,1643.35
D02,PW-1035,2024-11-18,1170,2245.54
D02,PW-1035,2024-11-25,823,1551.77
D02,PW-1035,2024-12-02,791,1502.75
D02,PW-1035,2024-12-09,702,1262.33
D02,PW-1035,2024-12-16,728,1277.4
D02,PW-1035,2024-12-23,575,1070.07
D02,PW-1035,2024-12-30,885,1603.81
D02,PW-1035,2025-01-06,654,1198.22
D02,PW-1035,2025-01-13,912,1700.1
D02,PW-1035,2025-01-20,798,1499.56
D02,PW-1035,2025-01-27,826,1539.32
D02,PW-1035,2025-02-03,813,1521.41
D02,PW-1035,2025-02-10,1017,1807.96
D02,PW-1035,2025-02-17,1002,1846.29
D02,PW-1035,2025-02-24,841,1509.92
D02,PW-1035,2025-03-03,747,1431.91
D02,PW-1035,2025-03-10,993,1894.33
D02,PW-1035,2025-03-17,755,1349.81
D02,PW-1035,2025-03-24,700,1343.03
D02,PW-1035,2025-03-31,963,1873.63
D02,PW-1035,2025-04-07,1084,1945.92
D02,PW-1035,2025-04-14,858,1588.83
D02,PW-1035,2025-04-21,977,1828.03
D02,PW-1035,2025-04-28,871,1657.01
D02,PW-1035,2025-05-05,1041,1991.3
D02,PW-1035,2025-05-12,1108,2091.24
D02,PW-1035,2025-05-19,908,1647.45
D02,PW-1035,2025-05-26,813,1442.62
D02,PW-1035,2025-06-02,765,1481.2
D02,PW-1035,2025-06-09,1096,1921.62
D02,PW-1035,2025-06-16,806,1531.5
D02,PW-1035,2025-06-23,1010,1853.79
D02,PW-1035,2025-06-30,1073,1924.65
D02,PW-1035,2025-07-07,884,1643.49
D02,PW-1035,2025-07-14,926,1764.68
D02,PW-1035,2025-07-21,1099,2074.05
D02,PW-1035,2025-07-28,834,1526.32
D02,PW-1035,2025-08-04,817,1519.15
D02,PW-1035,2025-08-11,898,1636.04
D02,PW-1035,2025-08-18,1119,2144.11
D02,PW-1035,2025-08-25,1168,2204.95
D02,PW-1035,2025-09-01,897,1610.1
D02,PW-1035,2025-09-08,811,1445.16
D02,PW-1035,2025-09-15,1051,2025.55
D02,PW-1035,2025-09-22,692,1322.14
D02,PW-1035,2025-09-29,915,1754.98
D02,PW-1035,2025-10-06,869,1617.02
D02,PW-1035,2025-10-13,1055,2052.81
D02,PW-1035,2025-10-20,1064,1909.52
D02,PW-1035,2025-10-27,745,1313.17
D02,PW-1035,2025-11-03,876,1661.36
D02,PW-1035,2025-11-10,782,1455.87
D02,PW-1035,2025-11-17,813,1439.13
D02,PW-1035,2025-11-24,930,1815.02
D02,PW-1035,2025-12-01,806,1552.72
D02,PW-1035,2025-12-08,874,1692.59
D02,PW-1035,2025-12-15,982,1743.53
D02,PW-1035,2025-12-22,1071,1962.89
D02,PW-1035,2025-12-29,895,1594.77
D02,PW-1035,2026-01-05,878,1539.83
D02,PW-1035,2026-01-12,736,1321.97
D02,PW-1035,2026-01-19,1110,2066.48
D02,PW-1035,2026-01-26,951,1787.2
D02,PW-1035,2026-02-02,910,1716.24
D02,PW-1035,2026-02-09,912,1726.84
D02,PW-1035,2026-02-16,961,1748.07
D02,PW-1035,2026-02-23,1034,1861.26
D02,PW-1035,2026-03-02,1065,2000.23
D02,PW-1035,2026-03-09,1199,2227.53
D02,PW-1035,2026-03-16,987,1836.98
D02,PW-1035,2026-03-23,1252,2379.0
D02,PW-1035,2026-03-30,1140,2079.98
D02,PW-1035,2026-04-06,974,1894.54
D02,PW-1035,2026-04-13,773,1463.16
D02,PW-1035,2026-04-20,1014,1816.25
D02,PW-1035,2026-04-27,1275,2336.06
D02,PW-1035,2026-05-04,905,1682.73
D02,PW-1035,2026-05-11,1035,1829.4
D02,PW-1035,2026-05-18,1054,1980.66
D02,PW-1035,2026-05-25,1189,2098.89
D02,PW-1035,2026-06-01,977,1757.16
D02,PW-1035,2026-06-08,911,1778.01
D02,PW-1035,2026-06-15,1131,2162.18
D02,PW-1035,2026-06-22,929,1728.3
D02,PM-1003,2024-01-01,3569,1704.89
D02,PM-1003,2024-01-08,3543,1813.76
D02,PM-1003,2024-01-15,3488,1657.75
D02,PM-1003,2024-01-22,4009,2065.29
D02,PM-1003,2024-01-29,5410,2721.2
D02,PM-1003,2024-02-05,4768,2443.72
D02,PM-1003,2024-02-12,5271,2612.26
D02,PM-1003,2024-02-19,3650,1803.94
D02,PM-1003,2024-02-26,5158,2540.02
D02,PM-1003,2024-03-04,4192,2058.52
D02,PM-1003,2024-03-11,4743,2289.96
D02,PM-1003,2024-03-18,4424,2102.1
D02,PM-1003,2024-03-25,3960,2059.75
D02,PM-1003,2024-04-01,4686,2254.0
D02,PM-1003,2024-04-08,4563,2294.2
D02,PM-1003,2024-04-15,3280,1668.02
D02,PM-1003,2024-04-22,4228,1995.09
D02,PM-1003,2024-04-29,4942,2481.77
D02,PM-1003,2024-05-06,4545,2368.86
D02,PM-1003,2024-05-13,4700,2215.68
D02,PM-1003,2024-05-20,3928,1976.02
D02,PM-1003,2024-05-27,4581,2164.94
D02,PM-1003,2024-06-03,4352,2219.02
D02,PM-1003,2024-06-10,4285,2177.66
D02,PM-1003,2024-06-17,3988,1994.1
D02,PM-1003,2024-06-24,5057,2425.7
D02,PM-1003,2024-07-01,4631,2307.21
D02,PM-1003,2024-07-08,4544,2252.05
D02,PM-1003,2024-07-15,5931,3048.87
D02,PM-1003,2024-07-22,4655,2336.86
D02,PM-1003,2024-07-29,5158,2563.35
D02,PM-1003,2024-08-05,4456,2194.71
D02,PM-1003,2024-08-12,4024,1948.13
D02,PM-1003,2024-08-19,3589,1685.12
D02,PM-1003,2024-08-26,4323,2193.5
D02,PM-1003,2024-09-02,2770,1314.88
D02,PM-1003,2024-09-09,4262,2163.58
D02,PM-1003,2024-09-16,4248,2179.96
D02,PM-1003,2024-09-23,3884,1828.46
D02,PM-1003,2024-09-30,3920,2002.23
D02,PM-1003,2024-10-07,3265,1662.1
D02,PM-1003,2024-10-14,4807,2307.72
D02,PM-1003,2024-10-21,3683,1919.94
D02,PM-1003,2024-10-28,3324,1596.17
D02,PM-1003,2024-11-04,4147,2054.55
D02,PM-1003,2024-11-11,3865,1985.08
D02,PM-1003,2024-11-18,3587,1782.11
D02,PM-1003,2024-11-25,3519,1735.69
D02,PM-1003,2024-12-02,3763,1878.36
D02,PM-1003,2024-12-09,4606,2293.13
D02,PM-1003,2024-12-16,4041,2000.2
D02,PM-1003,2024-12-23,3754,1864.2
D02,PM-1003,2024-12-30,4301,2018.53
D02,PM-1003,2025-01-06,3817,1801.52
D02,PM-1003,2025-01-13,4059,2046.67
D02,PM-1003,2025-01-20,3934,1869.83
D02,PM-1003,2025-01-27,4232,2193.14
D02,PM-1003,2025-02-03,3653,1742.1
D02,PM-1003,2025-02-10,3320,1594.72
D02,PM-1003,2025-02-17,4554,2213.48
D02,PM-1003,2025-02-24,5029,2563.38
D02,PM-1003,2025-03-03,3439,1649.48
D02,PM-1003,2025-03-10,4202,2045.82
D02,PM-1003,2025-03-17,3861,1847.98
D02,PM-1003,2025-03-24,4760,2466.39
D02,PM-1003,2025-03-31,4365,2118.55
D02,PM-1003,2025-04-07,6989,3314.18
D02,PM-1003,2025-04-14,4088,1943.98
D02,PM-1003,2025-04-21,5425,2597.1
D02,PM-1003,2025-04-28,5541,2662.48
D02,PM-1003,2025-05-05,4724,2404.27
D02,PM-1003,2025-05-12,4405,2257.68
D02,PM-1003,2025-05-19,4460,2285.3
D02,PM-1003,2025-05-26,4415,2217.77
D02,PM-1003,2025-06-02,5234,2632.24
D02,PM-1003,2025-06-09,3876,1858.35
D02,PM-1003,2025-06-16,4310,2221.87
D02,PM-1003,2025-06-23,4226,2060.86
D02,PM-1003,2025-06-30,3394,1616.95
D02,PM-1003,2025-07-07,4983,2516.77
D02,PM-1003,2025-07-14,5114,2581.48
D02,PM-1003,2025-07-21,3942,2041.58
D02,PM-1003,2025-07-28,5028,2365.85
D02,PM-1003,2025-08-04,3373,1674.45
D02,PM-1003,2025-08-11,4258,2089.71
D02,PM-1003,2025-08-18,4128,1948.45
D02,PM-1003,2025-08-25,4224,1992.77
D02,PM-1003,2025-09-01,4182,1978.29
D02,PM-1003,2025-09-08,4044,2009.35
D02,PM-1003,2025-09-15,3823,1958.28
D02,PM-1003,2025-09-22,3948,1857.7
D02,PM-1003,2025-09-29,4877,2497.65
D02,PM-1003,2025-10-06,3611,1718.58
D02,PM-1003,2025-10-13,5477,2758.92
D02,PM-1003,2025-10-20,3522,1817.42
D02,PM-1003,2025-10-27,3987,2058.5
D02,PM-1003,2025-11-03,4163,1976.07
D02,PM-1003,2025-11-10,3638,1823.32
D02,PM-1003,2025-11-17,4657,2375.91
D02,PM-1003,2025-11-24,4095,2000.15
D02,PM-1003,2025-12-01,3652,1737.84
D02,PM-1003,2025-12-08,4623,2270.97
D02,PM-1003,2025-12-15,3234,1629.22
D02,PM-1003,2025-12-22,3466,1653.0
D02,PM-1003,2025-12-29,4118,1969.98
D02,PM-1003,2026-01-05,4287,2076.77
D02,PM-1003,2026-01-12,4011,1935.56
D02,PM-1003,2026-01-19,3773,1778.08
D02,PM-1003,2026-01-26,3730,1743.16
D02,PM-1003,2026-02-02,4627,2191.29
D02,PM-1003,2026-02-09,4083,2052.07
D02,PM-1003,2026-02-16,3487,1630.29
D02,PM-1003,2026-02-23,3490,1658.23
D02,PM-1003,2026-03-02,5084,2520.95
D02,PM-1003,2026-03-09,3673,1768.57
D02,PM-1003,2026-03-16,4303,2151.88
D02,PM-1003,2026-03-23,5106,2474.25
D02,PM-1003,2026-03-30,4563,2326.67
D02,PM-1003,2026-04-06,3787,1874.39
D02,PM-1003,2026-04-13,3672,1866.47
D02,PM-1003,2026-04-20,5703,2820.82
D02,PM-1003,2026-04-27,3709,1873.18
D02,PM-1003,2026-05-04,4013,2058.6
D02,PM-1003,2026-05-11,4632,2244.72
D02,PM-1003,2026-05-18,4255,2069.85
D02,PM-1003,2026-05-25,4805,2455.48
D02,PM-1003,2026-06-01,3543,1673.97
D02,PM-1003,2026-06-08,4281,2215.92
D02,PM-1003,2026-06-15,4888,2483.29
D02,PM-1003,2026-06-22,4883,2377.29
D02,SC-1018,2024-01-01,169,2799.78
D02,SC-1018,2024-01-08,130,2211.08
D02,SC-1018,2024-01-15,171,2926.28
D02,SC-1018,2024-01-22,162,2826.81
D02,SC-1018,2024-01-29,176,3160.74
D02,SC-1018,2024-02-05,135,2198.41
D02,SC-1018,2024-02-12,193,3178.86
D02,SC-1018,2024-02-19,170,3065.05
D02,SC-1018,2024-02-26,186,3041.11
D02,SC-1018,2024-03-04,138,2455.34
D02,SC-1018,2024-03-11,154,2527.85
D02,SC-1018,2024-03-18,177,3073.19
D02,SC-1018,2024-03-25,234,3949.72
D02,SC-1018,2024-04-01,208,3739.88
D02,SC-1018,2024-04-08,199,3547.96
D02,SC-1018,2024-04-15,172,2960.2
D02,SC-1018,2024-04-22,169,2897.37
D02,SC-1018,2024-04-29,210,3548.48
D02,SC-1018,2024-05-06,226,3781.52
D02,SC-1018,2024-05-13,212,3552.4
D02,SC-1018,2024-05-20,267,4505.82
D02,SC-1018,2024-05-27,188,3139.29
D02,SC-1018,2024-06-03,215,3481.79
D02,SC-1018,2024-06-10,163,2939.34
D02,SC-1018,2024-06-17,217,3521.33
D02,SC-1018,2024-06-24,263,4652.68
D02,SC-1018,2024-07-01,181,3247.14
D02,SC-1018,2024-07-08,239,3954.63
D02,SC-1018,2024-07-15,262,4437.71
D02,SC-1018,2024-07-22,190,3341.05
D02,SC-1018,2024-07-29,225,3934.74
D02,SC-1018,2024-08-05,265,4780.57
D02,SC-1018,2024-08-12,215,3657.54
D02,SC-1018,2024-08-19,233,4178.8
D02,SC-1018,2024-08-26,158,2761.82
D02,SC-1018,2024-09-02,224,4047.05
D02,SC-1018,2024-09-09,220,3795.09
D02,SC-1018,2024-09-16,166,2755.41
D02,SC-1018,2024-09-23,174,2905.83
D02,SC-1018,2024-09-30,219,3704.28
D02,SC-1018,2024-10-07,190,3164.86
D02,SC-1018,2024-10-14,234,4086.16
D02,SC-1018,2024-10-21,206,3346.59
D02,SC-1018,2024-10-28,198,3474.84
D02,SC-1018,2024-11-04,191,3197.46
D02,SC-1018,2024-11-11,204,3417.79
D02,SC-1018,2024-11-18,220,3625.55
D02,SC-1018,2024-11-25,211,3684.16
D02,SC-1018,2024-12-02,183,3136.3
D02,SC-1018,2024-12-09,236,4209.72
D02,SC-1018,2024-12-16,217,3698.7
D02,SC-1018,2024-12-23,209,3739.38
D02,SC-1018,2024-12-30,202,3559.87
D02,SC-1018,2025-01-06,216,3901.13
D02,SC-1018,2025-01-13,154,2738.82
D02,SC-1018,2025-01-20,212,3687.87
D02,SC-1018,2025-01-27,264,4618.17
D02,SC-1018,2025-02-03,216,3717.45
D02,SC-1018,2025-02-10,214,3714.47
D02,SC-1018,2025-02-17,195,3433.0
D02,SC-1018,2025-02-24,233,4010.23
D02,SC-1018,2025-03-03,213,3632.0
D02,SC-1018,2025-03-10,270,4580.55
D02,SC-1018,2025-03-17,198,3454.32
D02,SC-1018,2025-03-24,213,3506.5
D02,SC-1018,2025-03-31,211,3722.81
D02,SC-1018,2025-04-07,307,5388.14
D02,SC-1018,2025-04-14,229,4130.32
D02,SC-1018,2025-04-21,219,3799.5
D02,SC-1018,2025-04-28,176,2924.26
D02,SC-1018,2025-05-05,212,3584.39
D02,SC-1018,2025-05-12,265,4760.25
D02,SC-1018,2025-05-19,266,4512.69
D02,SC-1018,2025-05-26,225,3964.19
D02,SC-1018,2025-06-02,228,3745.85
D02,SC-1018,2025-06-09,330,5961.93
D02,SC-1018,2025-06-16,375,6772.54
D02,SC-1018,2025-06-23,298,5014.4
D02,SC-1018,2025-06-30,317,5545.5
D02,SC-1018,2025-07-07,248,4391.03
D02,SC-1018,2025-07-14,262,4376.22
D02,SC-1018,2025-07-21,178,2919.61
D02,SC-1018,2025-07-28,161,2843.53
D02,SC-1018,2025-08-04,238,3965.28
D02,SC-1018,2025-08-11,154,2769.55
D02,SC-1018,2025-08-18,150,2446.67
D02,SC-1018,2025-08-25,148,2677.35
D02,SC-1018,2025-09-01,166,2894.18
D02,SC-1018,2025-09-08,124,2016.43
D02,SC-1018,2025-09-15,132,2240.04
D02,SC-1018,2025-09-22,147,2449.21
D02,SC-1018,2025-09-29,132,2343.82
D02,SC-1018,2025-10-06,183,3037.21
D02,SC-1018,2025-10-13,153,2723.63
D02,SC-1018,2025-10-20,164,2761.48
D02,SC-1018,2025-10-27,159,2878.66
D02,SC-1018,2025-11-03,142,2372.93
D02,SC-1018,2025-11-10,168,2931.81
D02,SC-1018,2025-11-17,153,2705.31
D02,SC-1018,2025-11-24,135,2235.39
D02,SC-1018,2025-12-01,109,1774.41
D02,SC-1018,2025-12-08,150,2581.95
D02,SC-1018,2025-12-15,114,1988.16
D02,SC-1018,2025-12-22,145,2564.94
D02,SC-1018,2025-12-29,137,2297.74
D02,SC-1018,2026-01-05,110,1968.1
D02,SC-1018,2026-01-12,140,2512.37
D02,SC-1018,2026-01-19,138,2445.91
D02,SC-1018,2026-01-26,138,2242.87
D02,SC-1018,2026-02-02,137,2455.58
D02,SC-1018,2026-02-09,122,2082.22
D02,SC-1018,2026-02-16,147,2461.76
D02,SC-1018,2026-02-23,121,2084.03
D02,SC-1018,2026-03-02,114,1854.23
D02,SC-1018,2026-03-09,149,2522.67
D02,SC-1018,2026-03-16,155,2681.06
D02,SC-1018,2026-03-23,147,2576.08
D02,SC-1018,2026-03-30,130,2275.52
D02,SC-1018,2026-04-06,100,1745.1
D02,SC-1018,2026-04-13,167,2945.98
D02,SC-1018,2026-04-20,101,1783.18
D02,SC-1018,2026-04-27,148,2673.07
D02,SC-1018,2026-05-04,187,3214.65
D02,SC-1018,2026-05-11,140,2309.2
D02,SC-1018,2026-05-18,144,2480.82
D02,SC-1018,2026-05-25,146,2440.71
D02,SC-1018,2026-06-01,142,2472.58
D02,SC-1018,2026-06-08,197,3278.13
D02,SC-1018,2026-06-15,122,2186.2
D02,SC-1018,2026-06-22,119,2007.77
D02,SC-1019,2024-01-01,405,4016.55
D02,SC-1019,2024-01-08,548,5601.92
D02,SC-1019,2024-01-15,473,4490.61
D02,SC-1019,2024-01-22,409,4176.79
D02,SC-1019,2024-01-29,692,6669.77
D02,SC-1019,2024-02-05,461,4245.03
D02,SC-1019,2024-02-12,427,4267.39
D02,SC-1019,2024-02-19,563,5454.92
D02,SC-1019,2024-02-26,541,5450.06
D02,SC-1019,2024-03-04,693,6387.9
D02,SC-1019,2024-03-11,531,5449.63
D02,SC-1019,2024-03-18,539,5248.1
D02,SC-1019,2024-03-25,607,5685.61
D02,SC-1019,2024-04-01,602,5977.34
D02,SC-1019,2024-04-08,612,6117.76
D02,SC-1019,2024-04-15,624,6210.71
D02,SC-1019,2024-04-22,620,6158.21
D02,SC-1019,2024-04-29,574,5449.1
D02,SC-1019,2024-05-06,699,7099.98
D02,SC-1019,2024-05-13,590,5904.83
D02,SC-1019,2024-05-20,708,6883.54
D02,SC-1019,2024-05-27,777,7819.75
D02,SC-1019,2024-06-03,573,5750.72
D02,SC-1019,2024-06-10,914,8992.3
D02,SC-1019,2024-06-17,574,5860.64
D02,SC-1019,2024-06-24,576,5730.56
D02,SC-1019,2024-07-01,695,7022.56
D02,SC-1019,2024-07-08,685,6497.72
D02,SC-1019,2024-07-15,647,6364.43
D02,SC-1019,2024-07-22,722,7023.18
D02,SC-1019,2024-07-29,662,6183.05
D02,SC-1019,2024-08-05,865,8693.57
D02,SC-1019,2024-08-12,627,6088.33
D02,SC-1019,2024-08-19,553,5668.56
D02,SC-1019,2024-08-26,576,5623.78
D02,SC-1019,2024-09-02,667,6787.42
D02,SC-1019,2024-09-09,665,6722.66
D02,SC-1019,2024-09-16,634,5929.05
D02,SC-1019,2024-09-23,537,5184.44
D02,SC-1019,2024-09-30,717,7141.39
D02,SC-1019,2024-10-07,807,7850.74
D02,SC-1019,2024-10-14,603,5916.98
D02,SC-1019,2024-10-21,784,7295.84
D02,SC-1019,2024-10-28,678,6805.42
D02,SC-1019,2024-11-04,828,7893.54
D02,SC-1019,2024-11-11,636,5910.18
D02,SC-1019,2024-11-18,604,6120.62
D02,SC-1019,2024-11-25,672,6734.01
D02,SC-1019,2024-12-02,555,5656.47
D02,SC-1019,2024-12-09,632,6029.88
D02,SC-1019,2024-12-16,729,6852.79
D02,SC-1019,2024-12-23,678,6316.69
D02,SC-1019,2024-12-30,601,5723.6
D02,SC-1019,2025-01-06,627,6247.95
D02,SC-1019,2025-01-13,688,6637.29
D02,SC-1019,2025-01-20,691,6374.16
D02,SC-1019,2025-01-27,701,7012.73
D02,SC-1019,2025-02-03,666,6827.15
D02,SC-1019,2025-02-10,566,5593.37
D02,SC-1019,2025-02-17,587,5945.11
D02,SC-1019,2025-02-24,704,7145.45
D02,SC-1019,2025-03-03,754,7385.15
D02,SC-1019,2025-03-10,749,7529.86
D02,SC-1019,2025-03-17,617,6191.66
D02,SC-1019,2025-03-24,676,6445.17
D02,SC-1019,2025-03-31,587,5696.09
D02,SC-1019,2025-04-07,575,5452.99
D02,SC-1019,2025-04-14,725,6970.82
D02,SC-1019,2025-04-21,887,9104.39
D02,SC-1019,2025-04-28,742,6980.54
D02,SC-1019,2025-05-05,981,10040.64
D02,SC-1019,2025-05-12,725,6853.71
D02,SC-1019,2025-05-19,751,7341.71
D02,SC-1019,2025-05-26,648,6654.59
D02,SC-1019,2025-06-02,717,7112.07
D02,SC-1019,2025-06-09,634,6179.14
D02,SC-1019,2025-06-16,603,5893.53
D02,SC-1019,2025-06-23,639,6473.01
D02,SC-1019,2025-06-30,772,7332.88
D02,SC-1019,2025-07-07,518,4902.38
D02,SC-1019,2025-07-14,530,4886.41
D02,SC-1019,2025-07-21,600,5997.97
D02,SC-1019,2025-07-28,441,4436.58
D02,SC-1019,2025-08-04,556,5677.13
D02,SC-1019,2025-08-11,614,6181.67
D02,SC-1019,2025-08-18,612,6087.73
D02,SC-1019,2025-08-25,566,5503.02
D02,SC-1019,2025-09-01,511,4807.6
D02,SC-1019,2025-09-08,461,4630.57
D02,SC-1019,2025-09-15,491,4881.02
D02,SC-1019,2025-09-22,627,6265.75
D02,SC-1019,2025-09-29,501,5029.6
D02,SC-1019,2025-10-06,465,4433.57
D02,SC-1019,2025-10-13,506,5042.85
D02,SC-1019,2025-10-20,461,4413.24
D02,SC-1019,2025-10-27,467,4702.18
D02,SC-1019,2025-11-03,428,4154.76
D02,SC-1019,2025-11-10,412,4012.07
D02,SC-1019,2025-11-17,503,4758.66
D02,SC-1019,2025-11-24,320,3042.44
D02,SC-1019,2025-12-01,456,4520.76
D02,SC-1019,2025-12-08,391,3699.31
D02,SC-1019,2025-12-15,314,2914.74
D02,SC-1019,2025-12-22,358,3669.91
D02,SC-1019,2025-12-29,410,3911.75
D02,SC-1019,2026-01-05,417,3935.3
D02,SC-1019,2026-01-12,457,4383.5
D02,SC-1019,2026-01-19,461,4640.89
D02,SC-1019,2026-01-26,323,3147.13
D02,SC-1019,2026-02-02,431,4014.97
D02,SC-1019,2026-02-09,454,4244.8
D02,SC-1019,2026-02-16,421,4088.07
D02,SC-1019,2026-02-23,439,4411.29
D02,SC-1019,2026-03-02,305,2875.65
D02,SC-1019,2026-03-09,352,3492.43
D02,SC-1019,2026-03-16,501,4877.22
D02,SC-1019,2026-03-23,391,3784.52
D02,SC-1019,2026-03-30,569,5604.17
D02,SC-1019,2026-04-06,336,3138.66
D02,SC-1019,2026-04-13,514,4828.77
D02,SC-1019,2026-04-20,374,3793.69
D02,SC-1019,2026-04-27,469,4643.01
D02,SC-1019,2026-05-04,397,3833.91
D02,SC-1019,2026-05-11,424,4019.62
D02,SC-1019,2026-05-18,457,4465.48
D02,SC-1019,2026-05-25,382,3628.95
D02,SC-1019,2026-06-01,473,4518.32
D02,SC-1019,2026-06-08,404,3859.71
D02,SC-1019,2026-06-15,431,4239.96
D02,SC-1019,2026-06-22,282,2685.28
D02,SC-1015,2024-01-01,377,3806.86
D02,SC-1015,2024-01-08,361,3761.47
D02,SC-1015,2024-01-15,308,3163.17
D02,SC-1015,2024-01-22,463,4547.5
D02,SC-1015,2024-01-29,354,3791.38
D02,SC-1015,2024-02-05,375,3720.95
D02,SC-1015,2024-02-12,334,3351.68
D02,SC-1015,2024-02-19,441,4278.56
D02,SC-1015,2024-02-26,412,4395.46
D02,SC-1015,2024-03-04,402,4209.95
D02,SC-1015,2024-03-11,327,3261.81
D02,SC-1015,2024-03-18,464,4820.99
D02,SC-1015,2024-03-25,447,4737.78
D02,SC-1015,2024-04-01,471,4884.43
D02,SC-1015,2024-04-08,412,4164.37
D02,SC-1015,2024-04-15,410,4057.08
D02,SC-1015,2024-04-22,408,4411.73
D02,SC-1015,2024-04-29,596,6210.42
D02,SC-1015,2024-05-06,394,4004.67
D02,SC-1015,2024-05-13,361,3714.62
D02,SC-1015,2024-05-20,410,4156.03
D02,SC-1015,2024-05-27,403,4322.2
D02,SC-1015,2024-06-03,531,5462.53
D02,SC-1015,2024-06-10,360,3505.24
D02,SC-1015,2024-06-17,407,4218.22
D02,SC-1015,2024-06-24,456,4592.11
D02,SC-1015,2024-07-01,537,5768.06
D02,SC-1015,2024-07-08,494,5309.95
D02,SC-1015,2024-07-15,565,5956.76
D02,SC-1015,2024-07-22,466,4779.46
D02,SC-1015,2024-07-29,428,4492.03
D02,SC-1015,2024-08-05,500,5022.89
D02,SC-1015,2024-08-12,356,3628.1
D02,SC-1015,2024-08-19,337,3569.22
D02,SC-1015,2024-08-26,501,4982.4
D02,SC-1015,2024-09-02,444,4326.3
D02,SC-1015,2024-09-09,494,5008.18
D02,SC-1015,2024-09-16,374,3975.01
D02,SC-1015,2024-09-23,512,5252.5
D02,SC-1015,2024-09-30,464,4911.2
D02,SC-1015,2024-10-07,416,4381.71
D02,SC-1015,2024-10-14,429,4188.55
D02,SC-1015,2024-10-21,436,4235.16
D02,SC-1015,2024-10-28,362,3608.68
D02,SC-1015,2024-11-04,388,4169.25
D02,SC-1015,2024-11-11,431,4344.74
D02,SC-1015,2024-11-18,384,3829.89
D02,SC-1015,2024-11-25,329,3358.06
D02,SC-1015,2024-12-02,429,4443.62
D02,SC-1015,2024-12-09,466,4924.5
D02,SC-1015,2024-12-16,485,4843.08
D02,SC-1015,2024-12-23,450,4729.44
D02,SC-1015,2024-12-30,473,4977.57
D02,SC-1015,2025-01-06,488,4823.61
D02,SC-1015,2025-01-13,430,4196.13
D02,SC-1015,2025-01-20,312,3047.37
D02,SC-1015,2025-01-27,516,5575.96
D02,SC-1015,2025-02-03,383,4066.19
D02,SC-1015,2025-02-10,374,3940.75
D02,SC-1015,2025-02-17,381,3766.82
D02,SC-1015,2025-02-24,660,6454.57
D02,SC-1015,2025-03-03,492,5255.51
D02,SC-1015,2025-03-10,399,4269.59
D02,SC-1015,2025-03-17,427,4333.63
D02,SC-1015,2025-03-24,479,4726.78
D02,SC-1015,2025-03-31,526,5216.72
D02,SC-1015,2025-04-07,511,5231.26
D02,SC-1015,2025-04-14,431,4339.11
D02,SC-1015,2025-04-21,525,5568.62
D02,SC-1015,2025-04-28,461,4928.08
D02,SC-1015,2025-05-05,597,6177.83
D02,SC-1015,2025-05-12,519,5087.74
D02,SC-1015,2025-05-19,462,4621.78
D02,SC-1015,2025-05-26,577,5620.55
D02,SC-1015,2025-06-02,554,5676.63
D02,SC-1015,2025-06-09,489,4783.72
D02,SC-1015,2025-06-16,587,5857.05
D02,SC-1015,2025-06-23,579,6112.95
D02,SC-1015,2025-06-30,632,6412.84
D02,SC-1015,2025-07-07,445,4569.49
D02,SC-1015,2025-07-14,383,3812.09
D02,SC-1015,2025-07-21,303,3009.45
D02,SC-1015,2025-07-28,396,3953.56
D02,SC-1015,2025-08-04,400,4118.1
D02,SC-1015,2025-08-11,377,3765.7
D02,SC-1015,2025-08-18,235,2391.98
D02,SC-1015,2025-08-25,401,4149.2
D02,SC-1015,2025-09-01,311,3220.45
D02,SC-1015,2025-09-08,388,4060.6
D02,SC-1015,2025-09-15,445,4350.91
D02,SC-1015,2025-09-22,326,3379.01
D02,SC-1015,2025-09-29,355,3531.25
D02,SC-1015,2025-10-06,329,3552.18
D02,SC-1015,2025-10-13,348,3707.11
D02,SC-1015,2025-10-20,322,3179.62
D02,SC-1015,2025-10-27,289,3004.28
D02,SC-1015,2025-11-03,269,2892.65
D02,SC-1015,2025-11-10,386,4103.65
D02,SC-1015,2025-11-17,320,3250.06
D02,SC-1015,2025-11-24,336,3442.66
D02,SC-1015,2025-12-01,312,3345.59
D02,SC-1015,2025-12-08,337,3547.87
D02,SC-1015,2025-12-15,253,2487.49
D02,SC-1015,2025-12-22,291,3049.91
D02,SC-1015,2025-12-29,308,3281.04
D02,SC-1015,2026-01-05,345,3566.11
D02,SC-1015,2026-01-12,423,4524.24
D02,SC-1015,2026-01-19,300,3197.39
D02,SC-1015,2026-01-26,256,2533.42
D02,SC-1015,2026-02-02,236,2497.22
D02,SC-1015,2026-02-09,246,2472.47
D02,SC-1015,2026-02-16,251,2448.21
D02,SC-1015,2026-02-23,183,1889.44
D02,SC-1015,2026-03-02,255,2756.77
D02,SC-1015,2026-03-09,314,3220.19
D02,SC-1015,2026-03-16,286,2792.63
D02,SC-1015,2026-03-23,272,2846.98
D02,SC-1015,2026-03-30,221,2324.16
D02,SC-1015,2026-04-06,330,3274.61
D02,SC-1015,2026-04-13,304,3051.51
D02,SC-1015,2026-04-20,283,2895.29
D02,SC-1015,2026-04-27,205,2075.56
D02,SC-1015,2026-05-04,267,2826.81
D02,SC-1015,2026-05-11,308,3087.99
D02,SC-1015,2026-05-18,288,3024.96
D02,SC-1015,2026-05-25,299,3140.09
D02,SC-1015,2026-06-01,322,3333.34
D02,SC-1015,2026-06-08,298,3052.07
D02,SC-1015,2026-06-15,320,3259.66
D02,SC-1015,2026-06-22,256,2722.65
D02,LD-1042,2024-01-01,3170,1856.43
D02,LD-1042,2024-01-08,2725,1707.74
D02,LD-1042,2024-01-15,2400,1432.42
D02,LD-1042,2024-01-22,3194,1948.35
D02,LD-1042,2024-01-29,1909,1120.73
D02,LD-1042,2024-02-05,2534,1578.2
D02,LD-1042,2024-02-12,2720,1611.74
D02,LD-1042,2024-02-19,3263,1911.03
D02,LD-1042,2024-02-26,4056,2465.53
D02,LD-1042,2024-03-04,2821,1752.5
D02,LD-1042,2024-03-11,3166,1962.83
D02,LD-1042,2024-03-18,4506,2582.99
D02,LD-1042,2024-03-25,3014,1859.28
D02,LD-1042,2024-04-01,3260,2033.9
D02,LD-1042,2024-04-08,2546,1467.94
D02,LD-1042,2024-04-15,4145,2417.59
D02,LD-1042,2024-04-22,2796,1710.68
D02,LD-1042,2024-04-29,3261,1952.88
D02,LD-1042,2024-05-06,3265,2026.33
D02,LD-1042,2024-05-13,3205,1966.09
D02,LD-1042,2024-05-20,2976,1686.64
D02,LD-1042,2024-05-27,3302,1955.15
D02,LD-1042,2024-06-03,4152,2429.6
D02,LD-1042,2024-06-10,4493,2807.09
D02,LD-1042,2024-06-17,3107,1920.34
D02,LD-1042,2024-06-24,2977,1715.56
D02,LD-1042,2024-07-01,2813,1614.93
D02,LD-1042,2024-07-08,4734,2854.97
D02,LD-1042,2024-07-15,3211,1984.59
D02,LD-1042,2024-07-22,3702,2103.71
D02,LD-1042,2024-07-29,3454,2029.78
D02,LD-1042,2024-08-05,4302,2669.48
D02,LD-1042,2024-08-12,2953,1719.68
D02,LD-1042,2024-08-19,2574,1540.82
D02,LD-1042,2024-08-26,3980,2306.06
D02,LD-1042,2024-09-02,3416,2086.01
D02,LD-1042,2024-09-09,3164,1901.96
D02,LD-1042,2024-09-16,3684,2198.72
D02,LD-1042,2024-09-23,3130,1830.45
D02,LD-1042,2024-09-30,3633,2203.63
D02,LD-1042,2024-10-07,2952,1682.17
D02,LD-1042,2024-10-14,3229,1952.41
D02,LD-1042,2024-10-21,3028,1900.95
D02,LD-1042,2024-10-28,2646,1614.72
D02,LD-1042,2024-11-04,2677,1607.41
D02,LD-1042,2024-11-11,2588,1587.3
D02,LD-1042,2024-11-18,2845,1778.28
D02,LD-1042,2024-11-25,2545,1445.39
D02,LD-1042,2024-12-02,2904,1768.9
D02,LD-1042,2024-12-09,2887,1665.33
D02,LD-1042,2024-12-16,2805,1625.5
D02,LD-1042,2024-12-23,2818,1663.38
D02,LD-1042,2024-12-30,2511,1491.48
D02,LD-1042,2025-01-06,2632,1545.8
D02,LD-1042,2025-01-13,2149,1314.39
D02,LD-1042,2025-01-20,2728,1642.0
D02,LD-1042,2025-01-27,2414,1434.38
D02,LD-1042,2025-02-03,2863,1732.27
D02,LD-1042,2025-02-10,2556,1563.4
D02,LD-1042,2025-02-17,2111,1206.29
D02,LD-1042,2025-02-24,4063,2407.46
D02,LD-1042,2025-03-03,2827,1738.39
D02,LD-1042,2025-03-10,3671,2264.48
D02,LD-1042,2025-03-17,2757,1601.48
D02,LD-1042,2025-03-24,3885,2242.96
D02,LD-1042,2025-03-31,2557,1516.63
D02,LD-1042,2025-04-07,3147,1813.79
D02,LD-1042,2025-04-14,2622,1561.12
D02,LD-1042,2025-04-21,4596,2845.16
D02,LD-1042,2025-04-28,3017,1744.42
D02,LD-1042,2025-05-05,3566,2091.21
D02,LD-1042,2025-05-12,3385,1989.06
D02,LD-1042,2025-05-19,3164,1789.92
D02,LD-1042,2025-05-26,3442,2059.06
D02,LD-1042,2025-06-02,3911,2442.42
D02,LD-1042,2025-06-09,3528,2182.21
D02,LD-1042,2025-06-16,3268,2046.24
D02,LD-1042,2025-06-23,3442,2130.53
D02,LD-1042,2025-06-30,4233,2462.57
D02,LD-1042,2025-07-07,2972,1868.14
D02,LD-1042,2025-07-14,2385,1411.09
D02,LD-1042,2025-07-21,2657,1662.85
D02,LD-1042,2025-07-28,2669,1650.45
D02,LD-1042,2025-08-04,2707,1640.5
D02,LD-1042,2025-08-11,2699,1602.55
D02,LD-1042,2025-08-18,3028,1741.67
D02,LD-1042,2025-08-25,3125,1795.75
D02,LD-1042,2025-09-01,3091,1878.02
D02,LD-1042,2025-09-08,2648,1562.62
D02,LD-1042,2025-09-15,3397,1944.64
D02,LD-1042,2025-09-22,3140,1868.01
D02,LD-1042,2025-09-29,3640,2133.11
D02,LD-1042,2025-10-06,3230,1955.62
D02,LD-1042,2025-10-13,2677,1625.38
D02,LD-1042,2025-10-20,3403,2063.92
D02,LD-1042,2025-10-27,2894,1686.45
D02,LD-1042,2025-11-03,3111,1883.73
D02,LD-1042,2025-11-10,3059,1834.01
D02,LD-1042,2025-11-17,2683,1641.09
D02,LD-1042,2025-11-24,2768,1643.93
D02,LD-1042,2025-12-01,2667,1564.68
D02,LD-1042,2025-12-08,2392,1439.26
D02,LD-1042,2025-12-15,1972,1183.5
D02,LD-1042,2025-12-22,2456,1431.13
D02,LD-1042,2025-12-29,2817,1612.04
D02,LD-1042,2026-01-05,3231,1839.33
D02,LD-1042,2026-01-12,3110,1859.15
D02,LD-1042,2026-01-19,2664,1575.13
D02,LD-1042,2026-01-26,2527,1553.22
D02,LD-1042,2026-02-02,2746,1596.99
D02,LD-1042,2026-02-09,2458,1494.81
D02,LD-1042,2026-02-16,2091,1257.42
D02,LD-1042,2026-02-23,2299,1444.01
D02,LD-1042,2026-03-02,3597,2043.45
D02,LD-1042,2026-03-09,3904,2314.55
D02,LD-1042,2026-03-16,3341,2092.93
D02,LD-1042,2026-03-23,2985,1731.74
D02,LD-1042,2026-03-30,2466,1456.72
D02,LD-1042,2026-04-06,2992,1859.96
D02,LD-1042,2026-04-13,3386,2003.46
D02,LD-1042,2026-04-20,3524,2174.46
D02,LD-1042,2026-04-27,3473,2162.0
D02,LD-1042,2026-05-04,3776,2258.87
D02,LD-1042,2026-05-11,4235,2479.7
D02,LD-1042,2026-05-18,2989,1844.99
D02,LD-1042,2026-05-25,4850,2948.56
D02,LD-1042,2026-06-01,2356,1448.16
D02,LD-1042,2026-06-08,2840,1714.07
D02,LD-1042,2026-06-15,3287,1957.47
D02,LD-1042,2026-06-22,3458,2075.15
D02,SC-1016,2024-01-01,512,11236.84
D02,SC-1016,2024-01-08,406,9160.5
D02,SC-1016,2024-01-15,710,15848.18
D02,SC-1016,2024-01-22,599,13551.64
D02,SC-1016,2024-01-29,508,11135.89
D02,SC-1016,2024-02-05,413,9861.27
D02,SC-1016,2024-02-12,543,12434.42
D02,SC-1016,2024-02-19,517,11512.9
D02,SC-1016,2024-02-26,567,13566.05
D02,SC-1016,2024-03-04,420,9366.51
D02,SC-1016,2024-03-11,548,12917.45
D02,SC-1016,2024-03-18,561,13439.65
D02,SC-1016,2024-03-25,587,13299.8
D02,SC-1016,2024-04-01,591,14066.95
D02,SC-1016,2024-04-08,624,14456.33
D02,SC-1016,2024-04-15,788,18260.74
D02,SC-1016,2024-04-22,587,14043.68
D02,SC-1016,2024-04-29,559,12275.16
D02,SC-1016,2024-05-06,499,11613.92
D02,SC-1016,2024-05-13,604,13714.48
D02,SC-1016,2024-05-20,532,12993.96
D02,SC-1016,2024-05-27,763,18535.75
D02,SC-1016,2024-06-03,655,15262.41
D02,SC-1016,2024-06-10,768,18284.17
D02,SC-1016,2024-06-17,834,19299.66
D02,SC-1016,2024-06-24,589,13856.26
D02,SC-1016,2024-07-01,637,15381.01
D02,SC-1016,2024-07-08,820,18735.96
D02,SC-1016,2024-07-15,690,16133.18
D02,SC-1016,2024-07-22,724,16191.03
D02,SC-1016,2024-07-29,779,17527.43
D02,SC-1016,2024-08-05,760,17957.41
D02,SC-1016,2024-08-12,704,16106.65
D02,SC-1016,2024-08-19,812,18058.31
D02,SC-1016,2024-08-26,648,14996.56
D02,SC-1016,2024-09-02,704,15956.76
D02,SC-1016,2024-09-09,630,15184.57
D02,SC-1016,2024-09-16,750,16493.58
D02,SC-1016,2024-09-23,575,12965.58
D02,SC-1016,2024-09-30,494,11602.43
D02,SC-1016,2024-10-07,697,15616.0
D02,SC-1016,2024-10-14,539,12642.62
D02,SC-1016,2024-10-21,529,11968.26
D02,SC-1016,2024-10-28,754,17799.82
D02,SC-1016,2024-11-04,718,15961.27
D02,SC-1016,2024-11-11,589,14341.64
D02,SC-1016,2024-11-18,392,8738.25
D02,SC-1016,2024-11-25,671,15181.93
D02,SC-1016,2024-12-02,686,16557.45
D02,SC-1016,2024-12-09,673,16228.55
D02,SC-1016,2024-12-16,671,15948.45
D02,SC-1016,2024-12-23,611,14088.51
D02,SC-1016,2024-12-30,594,13632.6
D02,SC-1016,2025-01-06,540,13140.5
D02,SC-1016,2025-01-13,579,13396.11
D02,SC-1016,2025-01-20,681,15560.47
D02,SC-1016,2025-01-27,690,15296.93
D02,SC-1016,2025-02-03,746,17922.4
D02,SC-1016,2025-02-10,543,12459.78
D02,SC-1016,2025-02-17,530,12151.1
D02,SC-1016,2025-02-24,650,15244.39
D02,SC-1016,2025-03-03,598,14065.31
D02,SC-1016,2025-03-10,726,16757.45
D02,SC-1016,2025-03-17,588,13346.81
D02,SC-1016,2025-03-24,864,19741.5
D02,SC-1016,2025-03-31,648,14384.19
D02,SC-1016,2025-04-07,942,20713.7
D02,SC-1016,2025-04-14,811,19257.33
D02,SC-1016,2025-04-21,647,15532.65
D02,SC-1016,2025-04-28,1047,24856.55
D02,SC-1016,2025-05-05,803,18430.38
D02,SC-1016,2025-05-12,797,18385.06
D02,SC-1016,2025-05-19,775,17414.99
D02,SC-1016,2025-05-26,845,19571.52
D02,SC-1016,2025-06-02,856,19809.96
D02,SC-1016,2025-06-09,698,16072.39
D02,SC-1016,2025-06-16,771,16910.02
D02,SC-1016,2025-06-23,811,18132.03
D02,SC-1016,2025-06-30,871,19354.82
D02,SC-1016,2025-07-07,663,14981.96
D02,SC-1016,2025-07-14,614,14951.16
D02,SC-1016,2025-07-21,544,12579.34
D02,SC-1016,2025-07-28,533,11953.85
D02,SC-1016,2025-08-04,481,11727.66
D02,SC-1016,2025-08-11,619,14870.35
D02,SC-1016,2025-08-18,508,11275.16
D02,SC-1016,2025-08-25,533,11892.52
D02,SC-1016,2025-09-01,559,13292.08
D02,SC-1016,2025-09-08,530,12929.69
D02,SC-1016,2025-09-15,521,12632.94
D02,SC-1016,2025-09-22,447,10893.28
D02,SC-1016,2025-09-29,524,11950.26
D02,SC-1016,2025-10-06,472,11446.18
D02,SC-1016,2025-10-13,481,11615.0
D02,SC-1016,2025-10-20,570,13693.83
D02,SC-1016,2025-10-27,509,11736.4
D02,SC-1016,2025-11-03,427,10265.68
D02,SC-1016,2025-11-10,449,10153.94
D02,SC-1016,2025-11-17,577,13556.11
D02,SC-1016,2025-11-24,428,9888.97
D02,SC-1016,2025-12-01,447,10312.09
D02,SC-1016,2025-12-08,486,11315.99
D02,SC-1016,2025-12-15,451,10696.89
D02,SC-1016,2025-12-22,410,9240.14
D02,SC-1016,2025-12-29,386,8485.86
D02,SC-1016,2026-01-05,429,9479.22
D02,SC-1016,2026-01-12,473,10400.8
D02,SC-1016,2026-01-19,521,11866.05
D02,SC-1016,2026-01-26,343,7651.88
D02,SC-1016,2026-02-02,556,12691.33
D02,SC-1016,2026-02-09,408,9017.13
D02,SC-1016,2026-02-16,490,11400.41
D02,SC-1016,2026-02-23,382,8389.61
D02,SC-1016,2026-03-02,335,7659.66
D02,SC-1016,2026-03-09,351,8394.77
D02,SC-1016,2026-03-16,407,9708.92
D02,SC-1016,2026-03-23,462,10919.9
D02,SC-1016,2026-03-30,429,9408.3
D02,SC-1016,2026-04-06,411,9891.27
D02,SC-1016,2026-04-13,504,11883.41
D02,SC-1016,2026-04-20,429,10361.79
D02,SC-1016,2026-04-27,450,10042.8
D02,SC-1016,2026-05-04,692,15896.33
D02,SC-1016,2026-05-11,436,10297.86
D02,SC-1016,2026-05-18,394,8932.19
D02,SC-1016,2026-05-25,472,11357.72
D02,SC-1016,2026-06-01,491,10918.27
D02,SC-1016,2026-06-08,460,10673.22
D02,SC-1016,2026-06-15,450,10296.92
D02,SC-1016,2026-06-22,548,13161.6
D02,LD-1038,2024-01-01,2463,530.69
D02,LD-1038,2024-01-08,3167,655.01
D02,LD-1038,2024-01-15,3760,820.12
D02,LD-1038,2024-01-22,2448,530.71
D02,LD-1038,2024-01-29,2640,559.59
D02,LD-1038,2024-02-05,2772,596.16
D02,LD-1038,2024-02-12,3436,749.7
D02,LD-1038,2024-02-19,2223,451.84
D02,LD-1038,2024-02-26,3874,814.18
D02,LD-1038,2024-03-04,2504,537.62
D02,LD-1038,2024-03-11,2225,435.6
D02,LD-1038,2024-03-18,2554,504.2
D02,LD-1038,2024-03-25,2393,510.21
D02,LD-1038,2024-04-01,2904,623.0
D02,LD-1038,2024-04-08,2147,465.23
D02,LD-1038,2024-04-15,2832,556.8
D02,LD-1038,2024-04-22,3085,635.55
D02,LD-1038,2024-04-29,3511,757.21
D02,LD-1038,2024-05-06,3130,637.62
D02,LD-1038,2024-05-13,3514,699.1
D02,LD-1038,2024-05-20,2603,551.25
D02,LD-1038,2024-05-27,3032,624.98
D02,LD-1038,2024-06-03,2049,402.13
D02,LD-1038,2024-06-10,2815,552.15
D02,LD-1038,2024-06-17,3033,659.8
D02,LD-1038,2024-06-24,3070,602.31
D02,LD-1038,2024-07-01,2251,476.91
D02,LD-1038,2024-07-08,2678,552.78
D02,LD-1038,2024-07-15,2722,545.46
D02,LD-1038,2024-07-22,2635,565.74
D02,LD-1038,2024-07-29,3113,643.93
D02,LD-1038,2024-08-05,2684,551.52
D02,LD-1038,2024-08-12,2792,570.0
D02,LD-1038,2024-08-19,2534,512.1
D02,LD-1038,2024-08-26,3171,666.28
D02,LD-1038,2024-09-02,3176,662.08
D02,LD-1038,2024-09-09,2532,517.36
D02,LD-1038,2024-09-16,4027,835.3
D02,LD-1038,2024-09-23,2319,487.54
D02,LD-1038,2024-09-30,2997,648.85
D02,LD-1038,2024-10-07,2214,449.4
D02,LD-1038,2024-10-14,2842,589.6
D02,LD-1038,2024-10-21,2787,583.83
D02,LD-1038,2024-10-28,2142,462.61
D02,LD-1038,2024-11-04,2429,487.68
D02,LD-1038,2024-11-11,3261,700.7
D02,LD-1038,2024-11-18,2171,425.72
D02,LD-1038,2024-11-25,2598,543.34
D02,LD-1038,2024-12-02,2567,512.62
D02,LD-1038,2024-12-09,2424,475.0
D02,LD-1038,2024-12-16,1883,375.59
D02,LD-1038,2024-12-23,2769,572.94
D02,LD-1038,2024-12-30,2458,506.05
D02,LD-1038,2025-01-06,2908,587.25
D02,LD-1038,2025-01-13,2565,533.04
D02,LD-1038,2025-01-20,2517,534.52
D02,LD-1038,2025-01-27,2655,550.15
D02,LD-1038,2025-02-03,2183,475.92
D02,LD-1038,2025-02-10,3225,677.11
D02,LD-1038,2025-02-17,2435,488.13
D02,LD-1038,2025-02-24,2463,499.53
D02,LD-1038,2025-03-03,3188,695.24
D02,LD-1038,2025-03-10,2752,567.28
D02,LD-1038,2025-03-17,2584,511.51
D02,LD-1038,2025-03-24,2876,571.33
D02,LD-1038,2025-03-31,2995,630.51
D02,LD-1038,2025-04-07,2702,554.09
D02,LD-1038,2025-04-14,3184,657.5
D02,LD-1038,2025-04-21,2308,452.15
D02,LD-1038,2025-04-28,2923,630.19
D02,LD-1038,2025-05-05,3187,653.58
D02,LD-1038,2025-05-12,3117,642.36
D02,LD-1038,2025-05-19,2036,401.14
D02,LD-1038,2025-05-26,2804,561.11
D02,LD-1038,2025-06-02,2386,509.26
D02,LD-1038,2025-06-09,3473,687.82
D02,LD-1038,2025-06-16,2699,579.78
D02,LD-1038,2025-06-23,3408,740.24
D02,LD-1038,2025-06-30,2375,469.3
D02,LD-1038,2025-07-07,3011,629.44
D02,LD-1038,2025-07-14,2830,606.14
D02,LD-1038,2025-07-21,4255,881.8
D02,LD-1038,2025-07-28,3332,717.14
D02,LD-1038,2025-08-04,3276,663.27
D02,LD-1038,2025-08-11,3728,754.4
D02,LD-1038,2025-08-18,2846,600.47
D02,LD-1038,2025-08-25,2662,540.85
D02,LD-1038,2025-09-01,2593,521.92
D02,LD-1038,2025-09-08,2785,585.8
D02,LD-1038,2025-09-15,1733,347.55
D02,LD-1038,2025-09-22,2602,509.02
D02,LD-1038,2025-09-29,2666,568.12
D02,LD-1038,2025-10-06,2494,529.55
D02,LD-1038,2025-10-13,2012,409.3
D02,LD-1038,2025-10-20,2455,480.54
D02,LD-1038,2025-10-27,1981,422.64
D02,LD-1038,2025-11-03,3232,639.37
D02,LD-1038,2025-11-10,2371,499.14
D02,LD-1038,2025-11-17,1801,371.96
D02,LD-1038,2025-11-24,2371,482.35
D02,LD-1038,2025-12-01,2792,583.1
D02,LD-1038,2025-12-08,2505,495.41
D02,LD-1038,2025-12-15,2128,427.35
D02,LD-1038,2025-12-22,2209,449.8
D02,LD-1038,2025-12-29,2350,499.82
D02,LD-1038,2026-01-05,2307,497.62
D02,LD-1038,2026-01-12,2051,431.46
D02,LD-1038,2026-01-19,2468,512.15
D02,LD-1038,2026-01-26,2056,413.6
D02,LD-1038,2026-02-02,2919,603.38
D02,LD-1038,2026-02-09,2998,643.68
D02,LD-1038,2026-02-16,2217,433.63
D02,LD-1038,2026-02-23,2336,484.16
D02,LD-1038,2026-03-02,2465,513.76
D02,LD-1038,2026-03-09,2639,540.67
D02,LD-1038,2026-03-16,2782,576.52
D02,LD-1038,2026-03-23,2897,585.01
D02,LD-1038,2026-03-30,2913,600.54
D02,LD-1038,2026-04-06,3472,730.79
D02,LD-1038,2026-04-13,2797,604.66
D02,LD-1038,2026-04-20,2297,469.87
D02,LD-1038,2026-04-27,2208,478.87
D02,LD-1038,2026-05-04,3612,784.15
D02,LD-1038,2026-05-11,3065,621.23
D02,LD-1038,2026-05-18,2940,640.35
D02,LD-1038,2026-05-25,3057,641.56
D02,LD-1038,2026-06-01,2932,593.41
D02,LD-1038,2026-06-08,3056,614.8
D02,LD-1038,2026-06-15,2707,530.44
D02,LD-1038,2026-06-22,3348,714.11
D02,PM-1007,2024-01-01,2747,2848.29
D02,PM-1007,2024-01-08,3068,3033.59
D02,PM-1007,2024-01-15,3242,3297.48
D02,PM-1007,2024-01-22,2535,2544.92
D02,PM-1007,2024-01-29,3213,3493.8
D02,PM-1007,2024-02-05,2168,2254.95
D02,PM-1007,2024-02-12,3208,3289.7
D02,PM-1007,2024-02-19,2323,2315.88
D02,PM-1007,2024-02-26,3066,3161.81
D02,PM-1007,2024-03-04,3430,3449.11
D02,PM-1007,2024-03-11,3340,3346.02
D02,PM-1007,2024-03-18,2308,2445.51
D02,PM-1007,2024-03-25,2786,2952.4
D02,PM-1007,2024-04-01,3348,3461.48
D02,PM-1007,2024-04-08,3362,3315.67
D02,PM-1007,2024-04-15,3185,3464.27
D02,PM-1007,2024-04-22,2213,2322.71
D02,PM-1007,2024-04-29,3709,3949.61
D02,PM-1007,2024-05-06,3830,3833.05
D02,PM-1007,2024-05-13,3208,3247.0
D02,PM-1007,2024-05-20,3252,3309.83
D02,PM-1007,2024-05-27,3397,3510.73
D02,PM-1007,2024-06-03,3928,3916.41
D02,PM-1007,2024-06-10,3278,3318.59
D02,PM-1007,2024-06-17,3066,3184.91
D02,PM-1007,2024-06-24,3336,3437.34
D02,PM-1007,2024-07-01,3137,3314.36
D02,PM-1007,2024-07-08,3131,3372.75
D02,PM-1007,2024-07-15,2391,2601.14
D02,PM-1007,2024-07-22,3351,3465.77
D02,PM-1007,2024-07-29,3670,3589.41
D02,PM-1007,2024-08-05,3562,3843.04
D02,PM-1007,2024-08-12,3497,3521.22
D02,PM-1007,2024-08-19,2983,3019.7
D02,PM-1007,2024-08-26,3045,3190.77
D02,PM-1007,2024-09-02,3529,3831.19
D02,PM-1007,2024-09-09,3330,3544.03
D02,PM-1007,2024-09-16,3618,3625.95
D02,PM-1007,2024-09-23,2592,2575.17
D02,PM-1007,2024-09-30,2565,2527.79
D02,PM-1007,2024-10-07,2678,2780.4
D02,PM-1007,2024-10-14,2422,2496.67
D02,PM-1007,2024-10-21,2271,2388.75
D02,PM-1007,2024-10-28,2949,2952.68
D02,PM-1007,2024-11-04,2900,2931.88
D02,PM-1007,2024-11-11,2819,2850.75
D02,PM-1007,2024-11-18,2852,2895.04
D02,PM-1007,2024-11-25,2165,2298.56
D02,PM-1007,2024-12-02,2504,2714.15
D02,PM-1007,2024-12-09,2574,2749.92
D02,PM-1007,2024-12-16,2711,2876.94
D02,PM-1007,2024-12-23,2166,2259.87
D02,PM-1007,2024-12-30,2353,2475.56
D02,PM-1007,2025-01-06,2544,2716.42
D02,PM-1007,2025-01-13,3201,3285.92
D02,PM-1007,2025-01-20,2858,2977.85
D02,PM-1007,2025-01-27,3227,3510.69
D02,PM-1007,2025-02-03,2740,2683.7
D02,PM-1007,2025-02-10,2815,2908.4
D02,PM-1007,2025-02-17,3061,3145.6
D02,PM-1007,2025-02-24,2792,2759.36
D02,PM-1007,2025-03-03,2636,2867.92
D02,PM-1007,2025-03-10,2338,2511.78
D02,PM-1007,2025-03-17,2698,2857.84
D02,PM-1007,2025-03-24,3378,3507.52
D02,PM-1007,2025-03-31,3632,3759.97
D02,PM-1007,2025-04-07,2700,2655.28
D02,PM-1007,2025-04-14,2356,2357.54
D02,PM-1007,2025-04-21,3538,3634.92
D02,PM-1007,2025-04-28,3131,3347.88
D02,PM-1007,2025-05-05,2546,2643.05
D02,PM-1007,2025-05-12,1963,1946.76
D02,PM-1007,2025-05-19,2719,2660.77
D02,PM-1007,2025-05-26,2939,3118.28
D02,PM-1007,2025-06-02,2655,2675.65
D02,PM-1007,2025-06-09,3503,3550.8
D02,PM-1007,2025-06-16,2794,3041.18
D02,PM-1007,2025-06-23,3156,3409.01
D02,PM-1007,2025-06-30,4486,4575.01
D02,PM-1007,2025-07-07,3186,3176.83
D02,PM-1007,2025-07-14,3062,3180.95
D02,PM-1007,2025-07-21,3056,3084.09
D02,PM-1007,2025-07-28,3404,3487.69
D02,PM-1007,2025-08-04,3317,3502.98
D02,PM-1007,2025-08-11,2608,2642.14
D02,PM-1007,2025-08-18,2827,3039.86
D02,PM-1007,2025-08-25,2696,2918.71
D02,PM-1007,2025-09-01,2829,2930.95
D02,PM-1007,2025-09-08,3845,3814.99
D02,PM-1007,2025-09-15,3176,3123.21
D02,PM-1007,2025-09-22,2833,2900.51
D02,PM-1007,2025-09-29,3424,3674.51
D02,PM-1007,2025-10-06,2895,2849.73
D02,PM-1007,2025-10-13,2183,2167.95
D02,PM-1007,2025-10-20,3553,3511.55
D02,PM-1007,2025-10-27,2685,2673.73
D02,PM-1007,2025-11-03,1947,2081.92
D02,PM-1007,2025-11-10,2137,2178.99
D02,PM-1007,2025-11-17,3203,3346.67
D02,PM-1007,2025-11-24,2126,2222.56
D02,PM-1007,2025-12-01,3295,3456.06
D02,PM-1007,2025-12-08,2722,2746.0
D02,PM-1007,2025-12-15,2995,2969.93
D02,PM-1007,2025-12-22,2594,2807.68
D02,PM-1007,2025-12-29,2926,3066.11
D02,PM-1007,2026-01-05,2848,2933.97
D02,PM-1007,2026-01-12,2715,2667.04
D02,PM-1007,2026-01-19,2342,2511.16
D02,PM-1007,2026-01-26,2921,3037.59
D02,PM-1007,2026-02-02,2125,2082.01
D02,PM-1007,2026-02-09,3237,3452.43
D02,PM-1007,2026-02-16,2926,3083.24
D02,PM-1007,2026-02-23,3074,3166.41
D02,PM-1007,2026-03-02,1955,2131.67
D02,PM-1007,2026-03-09,2469,2550.52
D02,PM-1007,2026-03-16,2736,2787.98
D02,PM-1007,2026-03-23,3296,3353.69
D02,PM-1007,2026-03-30,2610,2757.57
D02,PM-1007,2026-04-06,4444,4648.8
D02,PM-1007,2026-04-13,2938,3040.44
D02,PM-1007,2026-04-20,2643,2625.54
D02,PM-1007,2026-04-27,3013,3014.93
D02,PM-1007,2026-05-04,2702,2896.71
D02,PM-1007,2026-05-11,2621,2849.67
D02,PM-1007,2026-05-18,3657,3765.25
D02,PM-1007,2026-05-25,3403,3505.55
D02,PM-1007,2026-06-01,3410,3661.85
D02,PM-1007,2026-06-08,3824,4006.56
D02,PM-1007,2026-06-15,3395,3409.42
D02,PM-1007,2026-06-22,2684,2743.27
D02,PM-1002,2024-01-01,3934,4811.97
D02,PM-1002,2024-01-08,3063,3678.28
D02,PM-1002,2024-01-15,2197,2616.61
D02,PM-1002,2024-01-22,3383,4034.09
D02,PM-1002,2024-01-29,3410,4359.7
D02,PM-1002,2024-02-05,2992,3890.56
D02,PM-1002,2024-02-12,2863,3389.71
D02,PM-1002,2024-02-19,3323,4264.52
D02,PM-1002,2024-02-26,3595,4477.61
D02,PM-1002,2024-03-04,3746,4832.46
D02,PM-1002,2024-03-11,2646,3357.07
D02,PM-1002,2024-03-18,2894,3770.84
D02,PM-1002,2024-03-25,4501,5349.89
D02,PM-1002,2024-04-01,3727,4788.7
D02,PM-1002,2024-04-08,3866,4865.03
D02,PM-1002,2024-04-15,3191,3887.71
D02,PM-1002,2024-04-22,3924,4996.12
D02,PM-1002,2024-04-29,3735,4822.37
D02,PM-1002,2024-05-06,3622,4545.96
D02,PM-1002,2024-05-13,3206,3797.93
D02,PM-1002,2024-05-20,3518,4489.61
D02,PM-1002,2024-05-27,5401,6891.17
D02,PM-1002,2024-06-03,3819,4713.0
D02,PM-1002,2024-06-10,4533,5556.45
D02,PM-1002,2024-06-17,3908,4726.47
D02,PM-1002,2024-06-24,3834,4856.09
D02,PM-1002,2024-07-01,3643,4621.92
D02,PM-1002,2024-07-08,4886,5866.08
D02,PM-1002,2024-07-15,4203,5311.78
D02,PM-1002,2024-07-22,3510,4489.46
D02,PM-1002,2024-07-29,3701,4533.13
D02,PM-1002,2024-08-05,4581,5515.5
D02,PM-1002,2024-08-12,2526,3221.14
D02,PM-1002,2024-08-19,4017,5201.37
D02,PM-1002,2024-08-26,4119,5064.92
D02,PM-1002,2024-09-02,3364,3970.94
D02,PM-1002,2024-09-09,3816,4994.21
D02,PM-1002,2024-09-16,3981,5178.92
D02,PM-1002,2024-09-23,3040,3854.29
D02,PM-1002,2024-09-30,4110,5237.62
D02,PM-1002,2024-10-07,3754,4900.58
D02,PM-1002,2024-10-14,3478,4137.74
D02,PM-1002,2024-10-21,3587,4450.27
D02,PM-1002,2024-10-28,3897,4852.32
D02,PM-1002,2024-11-04,4930,5935.61
D02,PM-1002,2024-11-11,3796,4804.58
D02,PM-1002,2024-11-18,3896,5004.36
D02,PM-1002,2024-11-25,3540,4523.67
D02,PM-1002,2024-12-02,4565,5670.09
D02,PM-1002,2024-12-09,2753,3242.28
D02,PM-1002,2024-12-16,2645,3289.76
D02,PM-1002,2024-12-23,3519,4230.58
D02,PM-1002,2024-12-30,3809,4573.19
D02,PM-1002,2025-01-06,2355,2976.82
D02,PM-1002,2025-01-13,3481,4508.14
D02,PM-1002,2025-01-20,3412,4352.15
D02,PM-1002,2025-01-27,3948,4669.51
D02,PM-1002,2025-02-03,3795,4775.9
D02,PM-1002,2025-02-10,2737,3457.59
D02,PM-1002,2025-02-17,3081,3627.05
D02,PM-1002,2025-02-24,3240,4229.63
D02,PM-1002,2025-03-03,4125,4874.79
D02,PM-1002,2025-03-10,3944,4709.16
D02,PM-1002,2025-03-17,3430,4040.35
D02,PM-1002,2025-03-24,3883,4817.34
D02,PM-1002,2025-03-31,3272,4151.18
D02,PM-1002,2025-04-07,5259,6807.31
D02,PM-1002,2025-04-14,4249,5370.28
D02,PM-1002,2025-04-21,4418,5496.1
D02,PM-1002,2025-04-28,4858,6053.57
D02,PM-1002,2025-05-05,4628,5652.2
D02,PM-1002,2025-05-12,4011,5091.55
D02,PM-1002,2025-05-19,3898,4668.83
D02,PM-1002,2025-05-26,4875,5915.06
D02,PM-1002,2025-06-02,4041,5172.24
D02,PM-1002,2025-06-09,3599,4674.98
D02,PM-1002,2025-06-16,5405,6362.59
D02,PM-1002,2025-06-23,3492,4099.03
D02,PM-1002,2025-06-30,3089,3737.16
D02,PM-1002,2025-07-07,4634,5825.24
D02,PM-1002,2025-07-14,3561,4453.92
D02,PM-1002,2025-07-21,4218,5117.98
D02,PM-1002,2025-07-28,5157,6061.14
D02,PM-1002,2025-08-04,3172,3892.67
D02,PM-1002,2025-08-11,3843,4630.33
D02,PM-1002,2025-08-18,4790,5877.25
D02,PM-1002,2025-08-25,4209,5163.44
D02,PM-1002,2025-09-01,3664,4391.0
D02,PM-1002,2025-09-08,5336,6449.79
D02,PM-1002,2025-09-15,3640,4732.93
D02,PM-1002,2025-09-22,3881,4967.48
D02,PM-1002,2025-09-29,4640,5787.89
D02,PM-1002,2025-10-06,4159,5155.71
D02,PM-1002,2025-10-13,4339,5353.79
D02,PM-1002,2025-10-20,3085,4002.28
D02,PM-1002,2025-10-27,4214,5388.94
D02,PM-1002,2025-11-03,3573,4242.31
D02,PM-1002,2025-11-10,3098,3677.92
D02,PM-1002,2025-11-17,3566,4650.76
D02,PM-1002,2025-11-24,3538,4576.18
D02,PM-1002,2025-12-01,4542,5491.73
D02,PM-1002,2025-12-08,3632,4685.34
D02,PM-1002,2025-12-15,3053,3689.35
D02,PM-1002,2025-12-22,2955,3818.19
D02,PM-1002,2025-12-29,3425,4277.02
D02,PM-1002,2026-01-05,2831,3419.41
D02,PM-1002,2026-01-12,3129,3703.5
D02,PM-1002,2026-01-19,3379,4130.31
D02,PM-1002,2026-01-26,3314,4017.78
D02,PM-1002,2026-02-02,3969,5001.54
D02,PM-1002,2026-02-09,3214,3932.66
D02,PM-1002,2026-02-16,2501,3035.16
D02,PM-1002,2026-02-23,2840,3416.5
D02,PM-1002,2026-03-02,3683,4483.55
D02,PM-1002,2026-03-09,3414,4375.48
D02,PM-1002,2026-03-16,3127,3804.0
D02,PM-1002,2026-03-23,5097,6474.01
D02,PM-1002,2026-03-30,4342,5327.9
D02,PM-1002,2026-04-06,3833,4589.09
D02,PM-1002,2026-04-13,4037,5252.18
D02,PM-1002,2026-04-20,3773,4888.89
D02,PM-1002,2026-04-27,3274,4065.61
D02,PM-1002,2026-05-04,4638,5526.27
D02,PM-1002,2026-05-11,4536,5481.75
D02,PM-1002,2026-05-18,2979,3695.85
D02,PM-1002,2026-05-25,4157,5111.39
D02,PM-1002,2026-06-01,4233,5444.92
D02,PM-1002,2026-06-08,3837,4616.13
D02,PM-1002,2026-06-15,5512,6890.01
D02,PM-1002,2026-06-22,5415,6919.48
D02,LD-1036,2024-01-01,2332,672.01
D02,LD-1036,2024-01-08,2261,650.48
D02,LD-1036,2024-01-15,2751,819.25
D02,LD-1036,2024-01-22,2759,833.67
D02,LD-1036,2024-01-29,2844,778.55
D02,LD-1036,2024-02-05,2469,678.2
D02,LD-1036,2024-02-12,2935,802.71
D02,LD-1036,2024-02-19,3004,854.7
D02,LD-1036,2024-02-26,3455,994.13
D02,LD-1036,2024-03-04,3011,828.83
D02,LD-1036,2024-03-11,2703,790.6
D02,LD-1036,2024-03-18,2439,736.1
D02,LD-1036,2024-03-25,2396,655.1
D02,LD-1036,2024-04-01,3192,866.93
D02,LD-1036,2024-04-08,3454,958.39
D02,LD-1036,2024-04-15,2705,806.04
D02,LD-1036,2024-04-22,3235,966.24
D02,LD-1036,2024-04-29,3053,834.9
D02,LD-1036,2024-05-06,3510,960.96
D02,LD-1036,2024-05-13,3606,1062.14
D02,LD-1036,2024-05-20,2262,618.08
D02,LD-1036,2024-05-27,3720,1017.45
D02,LD-1036,2024-06-03,3315,1002.04
D02,LD-1036,2024-06-10,2949,808.67
D02,LD-1036,2024-06-17,2960,893.35
D02,LD-1036,2024-06-24,3202,956.96
D02,LD-1036,2024-07-01,2947,876.18
D02,LD-1036,2024-07-08,2751,800.5
D02,LD-1036,2024-07-15,2834,770.94
D02,LD-1036,2024-07-22,2681,757.12
D02,LD-1036,2024-07-29,3811,1069.93
D02,LD-1036,2024-08-05,3117,879.15
D02,LD-1036,2024-08-12,4300,1173.14
D02,LD-1036,2024-08-19,3215,895.03
D02,LD-1036,2024-08-26,3292,995.81
D02,LD-1036,2024-09-02,2546,765.98
D02,LD-1036,2024-09-09,2862,791.29
D02,LD-1036,2024-09-16,2961,858.07
D02,LD-1036,2024-09-23,2636,758.43
D02,LD-1036,2024-09-30,2680,766.61
D02,LD-1036,2024-10-07,3032,902.16
D02,LD-1036,2024-10-14,3015,839.67
D02,LD-1036,2024-10-21,2291,670.73
D02,LD-1036,2024-10-28,2901,850.97
D02,LD-1036,2024-11-04,3001,865.23
D02,LD-1036,2024-11-11,2515,700.98
D02,LD-1036,2024-11-18,2466,718.21
D02,LD-1036,2024-11-25,2914,809.49
D02,LD-1036,2024-12-02,1851,552.17
D02,LD-1036,2024-12-09,2721,773.32
D02,LD-1036,2024-12-16,3478,972.38
D02,LD-1036,2024-12-23,1848,521.58
D02,LD-1036,2024-12-30,3095,881.75
D02,LD-1036,2025-01-06,2981,841.5
D02,LD-1036,2025-01-13,2226,631.28
D02,LD-1036,2025-01-20,3006,864.65
D02,LD-1036,2025-01-27,3254,964.65
D02,LD-1036,2025-02-03,2366,689.12
D02,LD-1036,2025-02-10,2560,741.01
D02,LD-1036,2025-02-17,2884,796.22
D02,LD-1036,2025-02-24,3358,986.43
D02,LD-1036,2025-03-03,2700,760.54
D02,LD-1036,2025-03-10,2938,799.99
D02,LD-1036,2025-03-17,2702,752.65
D02,LD-1036,2025-03-24,3025,839.69
D02,LD-1036,2025-03-31,3558,1027.56
D02,LD-1036,2025-04-07,3116,883.18
D02,LD-1036,2025-04-14,2930,880.34
D02,LD-1036,2025-04-21,3099,872.01
D02,LD-1036,2025-04-28,2779,762.53
D02,LD-1036,2025-05-05,2715,775.75
D02,LD-1036,2025-05-12,3793,1056.78
D02,LD-1036,2025-05-19,4063,1147.25
D02,LD-1036,2025-05-26,2436,690.15
D02,LD-1036,2025-06-02,3483,989.74
D02,LD-1036,2025-06-09,3633,1060.14
D02,LD-1036,2025-06-16,2661,723.77
D02,LD-1036,2025-06-23,2969,878.22
D02,LD-1036,2025-06-30,2915,811.76
D02,LD-1036,2025-07-07,4211,1248.55
D02,LD-1036,2025-07-14,4038,1144.72
D02,LD-1036,2025-07-21,2730,808.47
D02,LD-1036,2025-07-28,2502,717.4
D02,LD-1036,2025-08-04,3471,980.87
D02,LD-1036,2025-08-11,3328,993.55
D02,LD-1036,2025-08-18,3665,1091.74
D02,LD-1036,2025-08-25,2571,750.29
D02,LD-1036,2025-09-01,3328,1007.55
D02,LD-1036,2025-09-08,2650,766.42
D02,LD-1036,2025-09-15,3215,906.13
D02,LD-1036,2025-09-22,2884,825.16
D02,LD-1036,2025-09-29,3821,1058.56
D02,LD-1036,2025-10-06,3045,830.73
D02,LD-1036,2025-10-13,2693,815.43
D02,LD-1036,2025-10-20,2859,839.85
D02,LD-1036,2025-10-27,2738,805.62
D02,LD-1036,2025-11-03,2323,688.66
D02,LD-1036,2025-11-10,3667,1070.9
D02,LD-1036,2025-11-17,3477,1026.47
D02,LD-1036,2025-11-24,2656,731.96
D02,LD-1036,2025-12-01,3023,848.86
D02,LD-1036,2025-12-08,3701,1084.94
D02,LD-1036,2025-12-15,3277,987.6
D02,LD-1036,2025-12-22,2604,733.75
D02,LD-1036,2025-12-29,2700,792.39
D02,LD-1036,2026-01-05,2124,589.89
D02,LD-1036,2026-01-12,3103,869.89
D02,LD-1036,2026-01-19,3350,927.42
D02,LD-1036,2026-01-26,3377,1023.21
D02,LD-1036,2026-02-02,3136,896.2
D02,LD-1036,2026-02-09,3002,846.38
D02,LD-1036,2026-02-16,2474,719.46
D02,LD-1036,2026-02-23,3043,908.38
D02,LD-1036,2026-03-02,2664,792.99
D02,LD-1036,2026-03-09,3199,965.31
D02,LD-1036,2026-03-16,2662,727.02
D02,LD-1036,2026-03-23,3257,944.67
D02,LD-1036,2026-03-30,3708,1011.11
D02,LD-1036,2026-04-06,3245,926.17
D02,LD-1036,2026-04-13,3247,908.44
D02,LD-1036,2026-04-20,3571,1064.18
D02,LD-1036,2026-04-27,4087,1126.94
D02,LD-1036,2026-05-04,3101,916.9
D02,LD-1036,2026-05-11,3424,959.47
D02,LD-1036,2026-05-18,3987,1099.59
D02,LD-1036,2026-05-25,3523,979.29
D02,LD-1036,2026-06-01,2364,710.96
D02,LD-1036,2026-06-08,2869,787.76
D02,LD-1036,2026-06-15,3572,1078.01
D02,LD-1036,2026-06-22,3001,892.68
D02,PW-1031,2024-01-01,1342,6030.86
D02,PW-1031,2024-01-08,1161,4974.42
D02,PW-1031,2024-01-15,1379,6388.54
D02,PW-1031,2024-01-22,849,3615.19
D02,PW-1031,2024-01-29,1415,6286.08
D02,PW-1031,2024-02-05,1544,6908.15
D02,PW-1031,2024-02-12,1379,5902.51
D02,PW-1031,2024-02-19,1191,5454.22
D02,PW-1031,2024-02-26,1923,8812.58
D02,PW-1031,2024-03-04,1726,7362.34
D02,PW-1031,2024-03-11,1355,6268.2
D02,PW-1031,2024-03-18,1428,6512.21
D02,PW-1031,2024-03-25,1115,4785.1
D02,PW-1031,2024-04-01,1630,6863.3
D02,PW-1031,2024-04-08,1249,5803.31
D02,PW-1031,2024-04-15,1712,7209.39
D02,PW-1031,2024-04-22,1823,8391.04
D02,PW-1031,2024-04-29,1560,6752.63
D02,PW-1031,2024-05-06,1354,6276.83
D02,PW-1031,2024-05-13,1928,8929.58
D02,PW-1031,2024-05-20,1608,7142.2
D02,PW-1031,2024-05-27,1637,7064.19
D02,PW-1031,2024-06-03,1409,5974.37
D02,PW-1031,2024-06-10,1672,7521.81
D02,PW-1031,2024-06-17,1577,7255.74
D02,PW-1031,2024-06-24,1333,6044.59
D02,PW-1031,2024-07-01,1987,8340.73
D02,PW-1031,2024-07-08,2112,8826.01
D02,PW-1031,2024-07-15,1884,8528.22
D02,PW-1031,2024-07-22,1836,7985.63
D02,PW-1031,2024-07-29,2090,8795.61
D02,PW-1031,2024-08-05,1363,6321.49
D02,PW-1031,2024-08-12,1353,5858.78
D02,PW-1031,2024-08-19,1480,6327.19
D02,PW-1031,2024-08-26,1635,6979.8
D02,PW-1031,2024-09-02,1485,6291.63
D02,PW-1031,2024-09-09,1321,5809.35
D02,PW-1031,2024-09-16,1529,6816.85
D02,PW-1031,2024-09-23,1494,6808.46
D02,PW-1031,2024-09-30,1706,7893.45
D02,PW-1031,2024-10-07,1503,6980.83
D02,PW-1031,2024-10-14,1114,5183.26
D02,PW-1031,2024-10-21,1562,7201.0
D02,PW-1031,2024-10-28,1858,8531.89
D02,PW-1031,2024-11-04,1465,6285.37
D02,PW-1031,2024-11-11,1686,7290.57
D02,PW-1031,2024-11-18,1344,6074.51
D02,PW-1031,2024-11-25,1577,6743.44
D02,PW-1031,2024-12-02,1295,6017.88
D02,PW-1031,2024-12-09,1397,6065.7
D02,PW-1031,2024-12-16,1402,5973.1
D02,PW-1031,2024-12-23,1567,7196.9
D02,PW-1031,2024-12-30,1295,5500.88
D02,PW-1031,2025-01-06,1184,5483.41
D02,PW-1031,2025-01-13,1593,6778.69
D02,PW-1031,2025-01-20,1597,7225.69
D02,PW-1031,2025-01-27,1536,6563.41
D02,PW-1031,2025-02-03,1754,7763.68
D02,PW-1031,2025-02-10,1495,6494.56
D02,PW-1031,2025-02-17,1625,6976.06
D02,PW-1031,2025-02-24,1495,6479.21
D02,PW-1031,2025-03-03,1533,6887.85
D02,PW-1031,2025-03-10,1696,7390.35
D02,PW-1031,2025-03-17,2290,9775.85
D02,PW-1031,2025-03-24,1842,8452.04
D02,PW-1031,2025-03-31,1809,8062.55
D02,PW-1031,2025-04-07,1890,8416.88
D02,PW-1031,2025-04-14,1195,5069.99
D02,PW-1031,2025-04-21,1799,7559.15
D02,PW-1031,2025-04-28,1982,8606.83
D02,PW-1031,2025-05-05,1764,7656.6
D02,PW-1031,2025-05-12,1741,7749.26
D02,PW-1031,2025-05-19,1530,6839.44
D02,PW-1031,2025-05-26,1658,7566.34
D02,PW-1031,2025-06-02,1567,6787.8
D02,PW-1031,2025-06-09,2067,9127.23
D02,PW-1031,2025-06-16,2232,10318.57
D02,PW-1031,2025-06-23,2382,10094.92
D02,PW-1031,2025-06-30,1567,7171.2
D02,PW-1031,2025-07-07,1607,7340.77
D02,PW-1031,2025-07-14,1583,6986.65
D02,PW-1031,2025-07-21,1514,6426.98
D02,PW-1031,2025-07-28,1510,6846.19
D02,PW-1031,2025-08-04,1616,7446.51
D02,PW-1031,2025-08-11,1978,8475.89
D02,PW-1031,2025-08-18,1547,6628.68
D02,PW-1031,2025-08-25,2003,8585.98
D02,PW-1031,2025-09-01,2084,9174.32
D02,PW-1031,2025-09-08,1757,7634.04
D02,PW-1031,2025-09-15,2008,8595.37
D02,PW-1031,2025-09-22,1351,6003.89
D02,PW-1031,2025-09-29,1512,6653.3
D02,PW-1031,2025-10-06,1679,7354.24
D02,PW-1031,2025-10-13,1676,7298.91
D02,PW-1031,2025-10-20,1995,9106.74
D02,PW-1031,2025-10-27,1378,6212.17
D02,PW-1031,2025-11-03,1470,6476.93
D02,PW-1031,2025-11-10,1568,6986.22
D02,PW-1031,2025-11-17,1465,6663.66
D02,PW-1031,2025-11-24,1352,6053.86
D02,PW-1031,2025-12-01,1472,6638.16
D02,PW-1031,2025-12-08,1525,6446.87
D02,PW-1031,2025-12-15,1970,8227.74
D02,PW-1031,2025-12-22,1365,6219.28
D02,PW-1031,2025-12-29,1807,7802.81
D02,PW-1031,2026-01-05,1946,8357.56
D02,PW-1031,2026-01-12,1500,6659.1
D02,PW-1031,2026-01-19,1697,7566.21
D02,PW-1031,2026-01-26,1795,8134.75
D02,PW-1031,2026-02-02,1768,7883.57
D02,PW-1031,2026-02-09,1701,7862.67
D02,PW-1031,2026-02-16,1533,6933.02
D02,PW-1031,2026-02-23,1896,8709.08
D02,PW-1031,2026-03-02,1641,7185.45
D02,PW-1031,2026-03-09,1763,8121.41
D02,PW-1031,2026-03-16,1823,8004.06
D02,PW-1031,2026-03-23,2041,8992.22
D02,PW-1031,2026-03-30,2422,10676.39
D02,PW-1031,2026-04-06,1641,7482.27
D02,PW-1031,2026-04-13,1865,8066.61
D02,PW-1031,2026-04-20,1494,6518.65
D02,PW-1031,2026-04-27,2350,10339.79
D02,PW-1031,2026-05-04,1907,8751.21
D02,PW-1031,2026-05-11,1823,8306.05
D02,PW-1031,2026-05-18,1932,8453.23
D02,PW-1031,2026-05-25,1955,8415.1
D02,PW-1031,2026-06-01,1730,8050.53
D02,PW-1031,2026-06-08,2313,10503.22
D02,PW-1031,2026-06-15,2134,9641.97
D02,PW-1031,2026-06-22,2179,9630.31
D02,IS-1028,2024-01-01,759,9869.66
D02,IS-1028,2024-01-08,1165,15835.4
D02,IS-1028,2024-01-15,920,12191.37
D02,IS-1028,2024-01-22,1351,18177.73
D02,IS-1028,2024-01-29,981,12994.91
D02,IS-1028,2024-02-05,1030,13452.25
D02,IS-1028,2024-02-12,956,13041.57
D02,IS-1028,2024-02-19,1069,14446.39
D02,IS-1028,2024-02-26,1755,23479.91
D02,IS-1028,2024-03-04,1000,13006.6
D02,IS-1028,2024-03-11,1290,17560.44
D02,IS-1028,2024-03-18,1091,14242.08
D02,IS-1028,2024-03-25,1298,18181.16
D02,IS-1028,2024-04-01,823,11094.6
D02,IS-1028,2024-04-08,1486,19355.18
D02,IS-1028,2024-04-15,1179,15205.47
D02,IS-1028,2024-04-22,1085,14162.74
D02,IS-1028,2024-04-29,1303,17029.03
D02,IS-1028,2024-05-06,1170,16494.96
D02,IS-1028,2024-05-13,970,12959.74
D02,IS-1028,2024-05-20,804,10361.65
D02,IS-1028,2024-05-27,1527,21741.39
D02,IS-1028,2024-06-03,1125,15179.78
D02,IS-1028,2024-06-10,1063,14844.58
D02,IS-1028,2024-06-17,1075,14812.95
D02,IS-1028,2024-06-24,1450,18643.7
D02,IS-1028,2024-07-01,1079,14226.62
D02,IS-1028,2024-07-08,1275,16846.5
D02,IS-1028,2024-07-15,1096,14894.83
D02,IS-1028,2024-07-22,949,13477.17
D02,IS-1028,2024-07-29,1304,17718.94
D02,IS-1028,2024-08-05,1334,18897.01
D02,IS-1028,2024-08-12,1013,14218.76
D02,IS-1028,2024-08-19,1106,14274.36
D02,IS-1028,2024-08-26,1118,15537.41
D02,IS-1028,2024-09-02,1167,15718.68
D02,IS-1028,2024-09-09,1452,19284.65
D02,IS-1028,2024-09-16,1019,13327.77
D02,IS-1028,2024-09-23,1008,13915.38
D02,IS-1028,2024-09-30,1021,13074.78
D02,IS-1028,2024-10-07,902,11736.73
D02,IS-1028,2024-10-14,795,10277.36
D02,IS-1028,2024-10-21,1041,14255.21
D02,IS-1028,2024-10-28,1095,15333.9
D02,IS-1028,2024-11-04,1005,14127.52
D02,IS-1028,2024-11-11,989,13384.3
D02,IS-1028,2024-11-18,868,11578.93
D02,IS-1028,2024-11-25,1027,14400.82
D02,IS-1028,2024-12-02,1012,14219.52
D02,IS-1028,2024-12-09,1057,15037.01
D02,IS-1028,2024-12-16,1033,13576.83
D02,IS-1028,2024-12-23,1045,13683.71
D02,IS-1028,2024-12-30,1202,17064.6
D02,IS-1028,2025-01-06,1078,14216.59
D02,IS-1028,2025-01-13,1068,14560.01
D02,IS-1028,2025-01-20,769,10848.7
D02,IS-1028,2025-01-27,1176,15994.83
D02,IS-1028,2025-02-03,967,12523.41
D02,IS-1028,2025-02-10,1030,14134.64
D02,IS-1028,2025-02-17,848,11349.2
D02,IS-1028,2025-02-24,1415,18298.32
D02,IS-1028,2025-03-03,719,10004.61
D02,IS-1028,2025-03-10,1314,16801.19
D02,IS-1028,2025-03-17,1130,15329.31
D02,IS-1028,2025-03-24,803,10901.67
D02,IS-1028,2025-03-31,1461,20392.14
D02,IS-1028,2025-04-07,1171,15620.99
D02,IS-1028,2025-04-14,766,9986.76
D02,IS-1028,2025-04-21,1030,13612.31
D02,IS-1028,2025-04-28,1195,16428.8
D02,IS-1028,2025-05-05,1432,18550.98
D02,IS-1028,2025-05-12,1045,14274.47
D02,IS-1028,2025-05-19,749,10246.29
D02,IS-1028,2025-05-26,1388,18580.94
D02,IS-1028,2025-06-02,1202,16112.34
D02,IS-1028,2025-06-09,797,10264.6
D02,IS-1028,2025-06-16,1171,16443.15
D02,IS-1028,2025-06-23,1187,16258.5
D02,IS-1028,2025-06-30,1053,14094.8
D02,IS-1028,2025-07-07,972,13459.45
D02,IS-1028,2025-07-14,998,13037.94
D02,IS-1028,2025-07-21,1035,14178.66
D02,IS-1028,2025-07-28,1137,15255.0
D02,IS-1028,2025-08-04,1204,16207.65
D02,IS-1028,2025-08-11,768,10696.44
D02,IS-1028,2025-08-18,1092,15068.25
D02,IS-1028,2025-08-25,1120,15047.12
D02,IS-1028,2025-09-01,1057,14493.83
D02,IS-1028,2025-09-08,960,12401.83
D02,IS-1028,2025-09-15,1249,17589.44
D02,IS-1028,2025-09-22,1223,16014.72
D02,IS-1028,2025-09-29,937,13291.79
D02,IS-1028,2025-10-06,969,13661.75
D02,IS-1028,2025-10-13,1092,15021.39
D02,IS-1028,2025-10-20,1169,15803.09
D02,IS-1028,2025-10-27,847,11729.79
D02,IS-1028,2025-11-03,813,11367.43
D02,IS-1028,2025-11-10,986,13625.95
D02,IS-1028,2025-11-17,797,11146.09
D02,IS-1028,2025-11-24,702,9583.57
D02,IS-1028,2025-12-01,830,11228.39
D02,IS-1028,2025-12-08,999,14203.89
D02,IS-1028,2025-12-15,1186,15298.38
D02,IS-1028,2025-12-22,847,11152.75
D02,IS-1028,2025-12-29,928,13093.29
D02,IS-1028,2026-01-05,973,13431.44
D02,IS-1028,2026-01-12,868,12241.62
D02,IS-1028,2026-01-19,864,12238.96
D02,IS-1028,2026-01-26,1021,14383.6
D02,IS-1028,2026-02-02,819,11273.73
D02,IS-1028,2026-02-09,882,11490.45
D02,IS-1028,2026-02-16,970,13214.28
D02,IS-1028,2026-02-23,1060,13691.86
D02,IS-1028,2026-03-02,814,10920.32
D02,IS-1028,2026-03-09,1013,13557.0
D02,IS-1028,2026-03-16,860,11350.84
D02,IS-1028,2026-03-23,952,12788.41
D02,IS-1028,2026-03-30,1200,16600.04
D02,IS-1028,2026-04-06,1065,13854.53
D02,IS-1028,2026-04-13,1396,19563.61
D02,IS-1028,2026-04-20,1085,14964.49
D02,IS-1028,2026-04-27,1278,17446.93
D02,IS-1028,2026-05-04,1254,16940.53
D02,IS-1028,2026-05-11,1118,15706.08
D02,IS-1028,2026-05-18,924,12750.02
D02,IS-1028,2026-05-25,1113,14990.6
D02,IS-1028,2026-06-01,1047,14049.82
D02,IS-1028,2026-06-08,1043,14461.15
D02,IS-1028,2026-06-15,1164,16585.61
D02,IS-1028,2026-06-22,915,12219.88
D02,PM-1004,2024-01-01,1996,2312.42
D02,PM-1004,2024-01-08,2812,3230.93
D02,PM-1004,2024-01-15,2166,2531.63
D02,PM-1004,2024-01-22,2395,2881.76
D02,PM-1004,2024-01-29,1981,2388.32
D02,PM-1004,2024-02-05,2925,3230.48
D02,PM-1004,2024-02-12,2076,2430.39
D02,PM-1004,2024-02-19,2255,2495.14
D02,PM-1004,2024-02-26,2301,2702.61
D02,PM-1004,2024-03-04,2699,2952.65
D02,PM-1004,2024-03-11,2713,3006.4
D02,PM-1004,2024-03-18,3168,3746.41
D02,PM-1004,2024-03-25,2787,3285.87
D02,PM-1004,2024-04-01,3302,3763.68
D02,PM-1004,2024-04-08,3050,3581.19
D02,PM-1004,2024-04-15,2520,2899.92
D02,PM-1004,2024-04-22,2647,3003.1
D02,PM-1004,2024-04-29,3693,4128.65
D02,PM-1004,2024-05-06,3560,3882.57
D02,PM-1004,2024-05-13,3366,3826.49
D02,PM-1004,2024-05-20,3446,4048.51
D02,PM-1004,2024-05-27,3210,3632.47
D02,PM-1004,2024-06-03,3153,3743.05
D02,PM-1004,2024-06-10,3023,3417.91
D02,PM-1004,2024-06-17,3869,4544.82
D02,PM-1004,2024-06-24,2792,3315.35
D02,PM-1004,2024-07-01,3096,3375.49
D02,PM-1004,2024-07-08,2302,2628.14
D02,PM-1004,2024-07-15,2389,2758.68
D02,PM-1004,2024-07-22,3866,4212.94
D02,PM-1004,2024-07-29,3209,3740.22
D02,PM-1004,2024-08-05,2813,3276.27
D02,PM-1004,2024-08-12,2915,3506.11
D02,PM-1004,2024-08-19,2330,2639.03
D02,PM-1004,2024-08-26,2655,3075.82
D02,PM-1004,2024-09-02,2254,2652.16
D02,PM-1004,2024-09-09,2658,3198.68
D02,PM-1004,2024-09-16,3047,3618.69
D02,PM-1004,2024-09-23,2917,3502.51
D02,PM-1004,2024-09-30,3426,3746.75
D02,PM-1004,2024-10-07,2796,3223.56
D02,PM-1004,2024-10-14,1828,2068.39
D02,PM-1004,2024-10-21,3525,3876.42
D02,PM-1004,2024-10-28,2302,2611.96
D02,PM-1004,2024-11-04,2659,3132.14
D02,PM-1004,2024-11-11,2621,2867.99
D02,PM-1004,2024-11-18,2665,2938.89
D02,PM-1004,2024-11-25,2581,2805.1
D02,PM-1004,2024-12-02,2583,2998.49
D02,PM-1004,2024-12-09,2096,2333.47
D02,PM-1004,2024-12-16,3770,4182.62
D02,PM-1004,2024-12-23,2825,3331.07
D02,PM-1004,2024-12-30,2590,3039.7
D02,PM-1004,2025-01-06,3403,3998.12
D02,PM-1004,2025-01-13,2210,2453.4
D02,PM-1004,2025-01-20,2975,3511.53
D02,PM-1004,2025-01-27,2421,2714.54
D02,PM-1004,2025-02-03,2817,3372.29
D02,PM-1004,2025-02-10,2851,3402.75
D02,PM-1004,2025-02-17,1901,2262.75
D02,PM-1004,2025-02-24,2198,2465.09
D02,PM-1004,2025-03-03,3491,3793.92
D02,PM-1004,2025-03-10,2675,2982.04
D02,PM-1004,2025-03-17,3787,4583.66
D02,PM-1004,2025-03-24,3446,3833.43
D02,PM-1004,2025-03-31,2764,3160.37
D02,PM-1004,2025-04-07,2751,3044.33
D02,PM-1004,2025-04-14,3719,4184.92
D02,PM-1004,2025-04-21,4010,4599.95
D02,PM-1004,2025-04-28,2821,3283.57
D02,PM-1004,2025-05-05,3729,4163.54
D02,PM-1004,2025-05-12,3472,4005.15
D02,PM-1004,2025-05-19,3576,3894.38
D02,PM-1004,2025-05-26,3040,3596.7
D02,PM-1004,2025-06-02,2711,3037.94
D02,PM-1004,2025-06-09,2561,2934.02
D02,PM-1004,2025-06-16,2466,2931.28
D02,PM-1004,2025-06-23,3988,4733.08
D02,PM-1004,2025-06-30,2991,3368.9
D02,PM-1004,2025-07-07,2506,2744.14
D02,PM-1004,2025-07-14,3441,3960.23
D02,PM-1004,2025-07-21,2740,3287.59
D02,PM-1004,2025-07-28,2653,3116.24
D02,PM-1004,2025-08-04,3961,4511.39
D02,PM-1004,2025-08-11,2360,2683.55
D02,PM-1004,2025-08-18,2959,3554.56
D02,PM-1004,2025-08-25,2591,3110.91
D02,PM-1004,2025-09-01,2506,2832.62
D02,PM-1004,2025-09-08,2230,2528.4
D02,PM-1004,2025-09-15,2776,3347.12
D02,PM-1004,2025-09-22,2390,2712.57
D02,PM-1004,2025-09-29,2950,3535.2
D02,PM-1004,2025-10-06,2656,2951.34
D02,PM-1004,2025-10-13,2530,2881.61
D02,PM-1004,2025-10-20,2309,2691.05
D02,PM-1004,2025-10-27,3237,3822.79
D02,PM-1004,2025-11-03,2898,3312.8
D02,PM-1004,2025-11-10,2331,2694.8
D02,PM-1004,2025-11-17,2096,2466.62
D02,PM-1004,2025-11-24,1930,2120.69
D02,PM-1004,2025-12-01,3033,3422.51
D02,PM-1004,2025-12-08,2929,3538.84
D02,PM-1004,2025-12-15,2992,3340.17
D02,PM-1004,2025-12-22,2517,2887.07
D02,PM-1004,2025-12-29,2901,3490.7
D02,PM-1004,2026-01-05,3011,3476.98
D02,PM-1004,2026-01-12,2568,2958.09
D02,PM-1004,2026-01-19,2475,2709.39
D02,PM-1004,2026-01-26,2272,2725.5
D02,PM-1004,2026-02-02,2827,3088.63
D02,PM-1004,2026-02-09,2909,3166.42
D02,PM-1004,2026-02-16,2540,2993.51
D02,PM-1004,2026-02-23,2609,2923.86
D02,PM-1004,2026-03-02,2663,3149.52
D02,PM-1004,2026-03-09,3128,3631.9
D02,PM-1004,2026-03-16,2282,2546.56
D02,PM-1004,2026-03-23,2399,2626.41
D02,PM-1004,2026-03-30,2428,2719.86
D02,PM-1004,2026-04-06,2818,3301.77
D02,PM-1004,2026-04-13,3045,3339.85
D02,PM-1004,2026-04-20,2492,2997.09
D02,PM-1004,2026-04-27,3375,4025.83
D02,PM-1004,2026-05-04,3687,4244.7
D02,PM-1004,2026-05-11,3165,3592.42
D02,PM-1004,2026-05-18,3534,4260.03
D02,PM-1004,2026-05-25,2610,2894.0
D02,PM-1004,2026-06-01,2623,2851.89
D02,PM-1004,2026-06-08,3241,3846.07
D02,PM-1004,2026-06-15,2982,3474.79
D02,PM-1004,2026-06-22,2618,2972.79
D02,LD-1039,2024-01-01,4478,1399.59
D02,LD-1039,2024-01-08,3403,1046.52
D02,LD-1039,2024-01-15,4309,1444.18
D02,LD-1039,2024-01-22,4673,1440.54
D02,LD-1039,2024-01-29,3867,1262.49
D02,LD-1039,2024-02-05,4750,1446.53
D02,LD-1039,2024-02-12,3452,1103.94
D02,LD-1039,2024-02-19,4578,1434.8
D02,LD-1039,2024-02-26,5573,1709.33
D02,LD-1039,2024-03-04,4453,1490.29
D02,LD-1039,2024-03-11,4012,1264.8
D02,LD-1039,2024-03-18,3788,1269.93
D02,LD-1039,2024-03-25,5021,1545.1
D02,LD-1039,2024-04-01,5491,1699.39
D02,LD-1039,2024-04-08,4778,1596.56
D02,LD-1039,2024-04-15,4531,1412.89
D02,LD-1039,2024-04-22,3662,1227.54
D02,LD-1039,2024-04-29,5017,1613.63
D02,LD-1039,2024-05-06,4466,1500.78
D02,LD-1039,2024-05-13,4525,1461.99
D02,LD-1039,2024-05-20,6364,2145.85
D02,LD-1039,2024-05-27,3821,1199.96
D02,LD-1039,2024-06-03,3905,1231.69
D02,LD-1039,2024-06-10,5195,1585.31
D02,LD-1039,2024-06-17,4733,1603.73
D02,LD-1039,2024-06-24,4632,1481.35
D02,LD-1039,2024-07-01,5202,1707.66
D02,LD-1039,2024-07-08,5170,1729.54
D02,LD-1039,2024-07-15,4279,1383.38
D02,LD-1039,2024-07-22,4506,1394.83
D02,LD-1039,2024-07-29,4929,1626.01
D02,LD-1039,2024-08-05,4980,1541.01
D02,LD-1039,2024-08-12,5181,1721.61
D02,LD-1039,2024-08-19,4378,1336.57
D02,LD-1039,2024-08-26,4988,1659.45
D02,LD-1039,2024-09-02,5410,1744.82
D02,LD-1039,2024-09-09,4679,1459.82
D02,LD-1039,2024-09-16,4531,1393.61
D02,LD-1039,2024-09-23,4399,1474.64
D02,LD-1039,2024-09-30,4115,1392.42
D02,LD-1039,2024-10-07,3886,1284.6
D02,LD-1039,2024-10-14,4241,1375.8
D02,LD-1039,2024-10-21,4707,1575.73
D02,LD-1039,2024-10-28,3822,1167.88
D02,LD-1039,2024-11-04,4291,1319.47
D02,LD-1039,2024-11-11,4195,1396.06
D02,LD-1039,2024-11-18,5612,1841.64
D02,LD-1039,2024-11-25,4776,1528.6
D02,LD-1039,2024-12-02,4755,1573.06
D02,LD-1039,2024-12-09,4907,1508.98
D02,LD-1039,2024-12-16,3941,1289.76
D02,LD-1039,2024-12-23,5268,1686.37
D02,LD-1039,2024-12-30,4402,1354.35
D02,LD-1039,2025-01-06,4288,1425.46
D02,LD-1039,2025-01-13,3617,1156.51
D02,LD-1039,2025-01-20,4112,1365.54
D02,LD-1039,2025-01-27,3376,1096.31
D02,LD-1039,2025-02-03,4273,1310.17
D02,LD-1039,2025-02-10,4103,1347.48
D02,LD-1039,2025-02-17,4252,1363.92
D02,LD-1039,2025-02-24,3702,1227.92
D02,LD-1039,2025-03-03,5113,1654.95
D02,LD-1039,2025-03-10,5078,1674.71
D02,LD-1039,2025-03-17,6044,1971.98
D02,LD-1039,2025-03-24,6075,1950.19
D02,LD-1039,2025-03-31,4891,1546.13
D02,LD-1039,2025-04-07,5618,1804.3
D02,LD-1039,2025-04-14,5051,1709.1
D02,LD-1039,2025-04-21,4589,1519.56
D02,LD-1039,2025-04-28,4723,1495.26
D02,LD-1039,2025-05-05,5450,1795.57
D02,LD-1039,2025-05-12,9186,3004.49
D02,LD-1039,2025-05-19,5949,1944.34
D02,LD-1039,2025-05-26,5195,1605.7
D02,LD-1039,2025-06-02,5392,1804.01
D02,LD-1039,2025-06-09,5388,1652.69
D02,LD-1039,2025-06-16,4948,1616.68
D02,LD-1039,2025-06-23,5609,1843.35
D02,LD-1039,2025-06-30,4878,1623.82
D02,LD-1039,2025-07-07,4275,1317.11
D02,LD-1039,2025-07-14,5323,1770.36
D02,LD-1039,2025-07-21,5400,1712.18
D02,LD-1039,2025-07-28,4787,1556.68
D02,LD-1039,2025-08-04,5088,1610.31
D02,LD-1039,2025-08-11,5566,1707.97
D02,LD-1039,2025-08-18,4741,1568.37
D02,LD-1039,2025-08-25,4428,1396.61
D02,LD-1039,2025-09-01,4217,1390.56
D02,LD-1039,2025-09-08,4473,1512.7
D02,LD-1039,2025-09-15,5792,1812.64
D02,LD-1039,2025-09-22,4424,1394.62
D02,LD-1039,2025-09-29,4764,1548.4
D02,LD-1039,2025-10-06,4261,1388.56
D02,LD-1039,2025-10-13,4170,1322.65
D02,LD-1039,2025-10-20,3856,1208.72
D02,LD-1039,2025-10-27,4434,1368.59
D02,LD-1039,2025-11-03,4016,1310.91
D02,LD-1039,2025-11-10,5226,1773.37
D02,LD-1039,2025-11-17,4230,1347.16
D02,LD-1039,2025-11-24,4257,1383.85
D02,LD-1039,2025-12-01,4163,1317.04
D02,LD-1039,2025-12-08,4519,1426.73
D02,LD-1039,2025-12-15,5349,1681.32
D02,LD-1039,2025-12-22,3666,1218.7
D02,LD-1039,2025-12-29,4481,1432.5
D02,LD-1039,2026-01-05,3412,1122.56
D02,LD-1039,2026-01-12,5214,1677.43
D02,LD-1039,2026-01-19,4298,1438.22
D02,LD-1039,2026-01-26,3516,1168.01
D02,LD-1039,2026-02-02,3662,1234.64
D02,LD-1039,2026-02-09,5054,1670.53
D02,LD-1039,2026-02-16,3517,1162.89
D02,LD-1039,2026-02-23,4751,1466.62
D02,LD-1039,2026-03-02,4315,1354.76
D02,LD-1039,2026-03-09,4512,1488.23
D02,LD-1039,2026-03-16,4240,1418.59
D02,LD-1039,2026-03-23,4104,1253.13
D02,LD-1039,2026-03-30,4441,1433.01
D02,LD-1039,2026-04-06,5250,1614.75
D02,LD-1039,2026-04-13,4649,1461.45
D02,LD-1039,2026-04-20,5212,1752.37
D02,LD-1039,2026-04-27,4749,1448.07
D02,LD-1039,2026-05-04,5427,1785.19
D02,LD-1039,2026-05-11,5295,1704.23
D02,LD-1039,2026-05-18,4605,1520.93
D02,LD-1039,2026-05-25,4340,1331.65
D02,LD-1039,2026-06-01,5788,1769.98
D02,LD-1039,2026-06-08,4441,1457.18
D02,LD-1039,2026-06-15,5406,1682.22
D02,LD-1039,2026-06-22,5030,1632.85
D02,IG-1009,2024-01-01,51,2563.42
D02,IG-1009,2024-01-08,47,2160.8
D02,IG-1009,2024-01-15,56,2682.87
D02,IG-1009,2024-01-22,47,2156.3
D02,IG-1009,2024-01-29,58,2853.81
D02,IG-1009,2024-02-05,69,3148.26
D02,IG-1009,2024-02-12,71,3390.17
D02,IG-1009,2024-02-19,50,2349.31
D02,IG-1009,2024-02-26,55,2724.85
D02,IG-1009,2024-03-04,70,3163.16
D02,IG-1009,2024-03-11,69,3420.26
D02,IG-1009,2024-03-18,57,2701.85
D02,IG-1009,2024-03-25,59,2855.32
D02,IG-1009,2024-04-01,66,3214.72
D02,IG-1009,2024-04-08,50,2469.32
D02,IG-1009,2024-04-15,72,3316.34
D02,IG-1009,2024-04-22,79,3743.25
D02,IG-1009,2024-04-29,64,2900.6
D02,IG-1009,2024-05-06,55,2718.26
D02,IG-1009,2024-05-13,85,3942.79
D02,IG-1009,2024-05-20,72,3256.6
D02,IG-1009,2024-05-27,78,3768.64
D02,IG-1009,2024-06-03,58,2820.61
D02,IG-1009,2024-06-10,58,2709.97
D02,IG-1009,2024-06-17,75,3694.77
D02,IG-1009,2024-06-24,83,3908.05
D02,IG-1009,2024-07-01,60,2906.03
D02,IG-1009,2024-07-08,70,3458.55
D02,IG-1009,2024-07-15,56,2630.56
D02,IG-1009,2024-07-22,64,2963.8
D02,IG-1009,2024-07-29,68,3296.64
D02,IG-1009,2024-08-05,76,3752.12
D02,IG-1009,2024-08-12,51,2472.02
D02,IG-1009,2024-08-19,85,3888.25
D02,IG-1009,2024-08-26,67,3350.49
D02,IG-1009,2024-09-02,84,3935.86
D02,IG-1009,2024-09-09,76,3571.08
D02,IG-1009,2024-09-16,77,3502.22
D02,IG-1009,2024-09-23,91,4461.51
D02,IG-1009,2024-09-30,60,2869.94
D02,IG-1009,2024-10-07,68,3093.04
D02,IG-1009,2024-10-14,57,2783.57
D02,IG-1009,2024-10-21,65,3050.24
D02,IG-1009,2024-10-28,73,3523.74
D02,IG-1009,2024-11-04,78,3858.61
D02,IG-1009,2024-11-11,62,2914.86
D02,IG-1009,2024-11-18,55,2607.91
D02,IG-1009,2024-11-25,66,3166.97
D02,IG-1009,2024-12-02,58,2830.36
D02,IG-1009,2024-12-09,60,2718.34
D02,IG-1009,2024-12-16,73,3623.27
D02,IG-1009,2024-12-23,71,3337.63
D02,IG-1009,2024-12-30,76,3666.95
D02,IG-1009,2025-01-06,64,3157.4
D02,IG-1009,2025-01-13,79,3574.55
D02,IG-1009,2025-01-20,69,3263.97
D02,IG-1009,2025-01-27,66,3232.27
D02,IG-1009,2025-02-03,59,2925.18
D02,IG-1009,2025-02-10,52,2380.4
D02,IG-1009,2025-02-17,57,2700.05
D02,IG-1009,2025-02-24,75,3579.13
D02,IG-1009,2025-03-03,64,2976.3
D02,IG-1009,2025-03-10,58,2752.75
D02,IG-1009,2025-03-17,71,3406.57
D02,IG-1009,2025-03-24,80,3855.7
D02,IG-1009,2025-03-31,82,4054.88
D02,IG-1009,2025-04-07,78,3879.65
D02,IG-1009,2025-04-14,79,3792.22
D02,IG-1009,2025-04-21,74,3384.17
D02,IG-1009,2025-04-28,89,4081.94
D02,IG-1009,2025-05-05,79,3960.76
D02,IG-1009,2025-05-12,81,3726.21
D02,IG-1009,2025-05-19,97,4502.94
D02,IG-1009,2025-05-26,94,4463.58
D02,IG-1009,2025-06-02,81,3727.96
D02,IG-1009,2025-06-09,80,3963.73
D02,IG-1009,2025-06-16,80,3746.59
D02,IG-1009,2025-06-23,62,2977.32
D02,IG-1009,2025-06-30,99,4723.51
D02,IG-1009,2025-07-07,58,2697.64
D02,IG-1009,2025-07-14,72,3349.38
D02,IG-1009,2025-07-21,63,3115.11
D02,IG-1009,2025-07-28,76,3665.09
D02,IG-1009,2025-08-04,66,3127.44
D02,IG-1009,2025-08-11,69,3433.19
D02,IG-1009,2025-08-18,54,2464.25
D02,IG-1009,2025-08-25,48,2255.78
D02,IG-1009,2025-09-01,58,2899.23
D02,IG-1009,2025-09-08,42,2049.03
D02,IG-1009,2025-09-15,51,2452.71
D02,IG-1009,2025-09-22,45,2077.9
D02,IG-1009,2025-09-29,47,2187.1
D02,IG-1009,2025-10-06,57,2864.36
D02,IG-1009,2025-10-13,56,2692.26
D02,IG-1009,2025-10-20,49,2278.09
D02,IG-1009,2025-10-27,52,2583.88
D02,IG-1009,2025-11-03,45,2093.3
D02,IG-1009,2025-11-10,70,3390.33
D02,IG-1009,2025-11-17,50,2435.66
D02,IG-1009,2025-11-24,43,1988.87
D02,IG-1009,2025-12-01,54,2515.37
D02,IG-1009,2025-12-08,56,2535.8
D02,IG-1009,2025-12-15,41,1992.88
D02,IG-1009,2025-12-22,37,1805.02
D02,IG-1009,2025-12-29,38,1838.37
D02,IG-1009,2026-01-05,41,1980.63
D02,IG-1009,2026-01-12,45,2045.05
D02,IG-1009,2026-01-19,35,1738.18
D02,IG-1009,2026-01-26,42,2041.76
D02,IG-1009,2026-02-02,44,2136.49
D02,IG-1009,2026-02-09,47,2339.39
D02,IG-1009,2026-02-16,49,2356.71
D02,IG-1009,2026-02-23,48,2287.22
D02,IG-1009,2026-03-02,59,2778.13
D02,IG-1009,2026-03-09,53,2576.97
D02,IG-1009,2026-03-16,47,2203.81
D02,IG-1009,2026-03-23,39,1934.73
D02,IG-1009,2026-03-30,41,1933.63
D02,IG-1009,2026-04-06,36,1744.82
D02,IG-1009,2026-04-13,46,2163.28
D02,IG-1009,2026-04-20,48,2247.85
D02,IG-1009,2026-04-27,52,2410.1
D02,IG-1009,2026-05-04,48,2179.72
D02,IG-1009,2026-05-11,54,2470.67
D02,IG-1009,2026-05-18,54,2691.85
D02,IG-1009,2026-05-25,40,1881.52
D02,IG-1009,2026-06-01,43,1941.9
D02,IG-1009,2026-06-08,46,2232.92
D02,IG-1009,2026-06-15,42,1957.95
D02,IG-1009,2026-06-22,45,2095.91
D02,IG-1010,2024-01-01,99,5777.22
D02,IG-1010,2024-01-08,84,5163.27
D02,IG-1010,2024-01-15,82,5005.1
D02,IG-1010,2024-01-22,84,5373.66
D02,IG-1010,2024-01-29,103,6117.84
D02,IG-1010,2024-02-05,78,4623.72
D02,IG-1010,2024-02-12,99,6182.03
D02,IG-1010,2024-02-19,86,5274.24
D02,IG-1010,2024-02-26,82,5027.12
D02,IG-1010,2024-03-04,85,5312.15
D02,IG-1010,2024-03-11,102,6143.21
D02,IG-1010,2024-03-18,116,6888.32
D02,IG-1010,2024-03-25,95,5684.32
D02,IG-1010,2024-04-01,78,4769.72
D02,IG-1010,2024-04-08,172,10848.66
D02,IG-1010,2024-04-15,129,8081.31
D02,IG-1010,2024-04-22,126,7966.37
D02,IG-1010,2024-04-29,142,8943.47
D02,IG-1010,2024-05-06,114,6953.01
D02,IG-1010,2024-05-13,111,7065.99
D02,IG-1010,2024-05-20,140,8813.24
D02,IG-1010,2024-05-27,140,8645.49
D02,IG-1010,2024-06-03,126,7913.16
D02,IG-1010,2024-06-10,132,8349.47
D02,IG-1010,2024-06-17,96,5966.18
D02,IG-1010,2024-06-24,112,6431.14
D02,IG-1010,2024-07-01,150,8976.21
D02,IG-1010,2024-07-08,131,8270.31
D02,IG-1010,2024-07-15,93,5707.79
D02,IG-1010,2024-07-22,107,6446.5
D02,IG-1010,2024-07-29,146,9166.22
D02,IG-1010,2024-08-05,123,7591.17
D02,IG-1010,2024-08-12,118,6803.84
D02,IG-1010,2024-08-19,118,7102.33
D02,IG-1010,2024-08-26,112,6893.81
D02,IG-1010,2024-09-02,104,6468.04
D02,IG-1010,2024-09-09,99,5935.4
D02,IG-1010,2024-09-16,130,7734.83
D02,IG-1010,2024-09-23,115,6964.45
D02,IG-1010,2024-09-30,122,7541.71
D02,IG-1010,2024-10-07,119,7119.34
D02,IG-1010,2024-10-14,135,8572.18
D02,IG-1010,2024-10-21,116,6856.9
D02,IG-1010,2024-10-28,122,7109.95
D02,IG-1010,2024-11-04,110,7063.77
D02,IG-1010,2024-11-11,93,5481.1
D02,IG-1010,2024-11-18,104,6386.36
D02,IG-1010,2024-11-25,117,7148.54
D02,IG-1010,2024-12-02,119,7245.92
D02,IG-1010,2024-12-09,134,8257.31
D02,IG-1010,2024-12-16,101,5960.4
D02,IG-1010,2024-12-23,113,6918.02
D02,IG-1010,2024-12-30,108,6278.48
D02,IG-1010,2025-01-06,141,8147.96
D02,IG-1010,2025-01-13,118,6780.93
D02,IG-1010,2025-01-20,119,7380.91
D02,IG-1010,2025-01-27,113,6962.21
D02,IG-1010,2025-02-03,111,6724.56
D02,IG-1010,2025-02-10,94,5636.0
D02,IG-1010,2025-02-17,97,6137.01
D02,IG-1010,2025-02-24,123,7470.22
D02,IG-1010,2025-03-03,122,7516.24
D02,IG-1010,2025-03-10,126,7801.91
D02,IG-1010,2025-03-17,143,8227.1
D02,IG-1010,2025-03-24,127,7848.67
D02,IG-1010,2025-03-31,121,7208.03
D02,IG-1010,2025-04-07,125,7473.79
D02,IG-1010,2025-04-14,135,8274.15
D02,IG-1010,2025-04-21,124,7213.22
D02,IG-1010,2025-04-28,156,9240.68
D02,IG-1010,2025-05-05,134,8052.65
D02,IG-1010,2025-05-12,140,8814.71
D02,IG-1010,2025-05-19,120,7257.45
D02,IG-1010,2025-05-26,160,9593.39
D02,IG-1010,2025-06-02,170,9826.87
D02,IG-1010,2025-06-09,112,6616.48
D02,IG-1010,2025-06-16,147,8531.89
D02,IG-1010,2025-06-23,136,8221.36
D02,IG-1010,2025-06-30,144,8429.9
D02,IG-1010,2025-07-07,112,6841.0
D02,IG-1010,2025-07-14,74,4599.51
D02,IG-1010,2025-07-21,115,7042.05
D02,IG-1010,2025-07-28,119,6912.68
D02,IG-1010,2025-08-04,120,7325.65
D02,IG-1010,2025-08-11,85,5321.97
D02,IG-1010,2025-08-18,96,6099.09
D02,IG-1010,2025-08-25,88,5515.26
D02,IG-1010,2025-09-01,70,4458.51
D02,IG-1010,2025-09-08,84,5104.57
D02,IG-1010,2025-09-15,77,4623.09
D02,IG-1010,2025-09-22,93,5378.48
D02,IG-1010,2025-09-29,68,4347.98
D02,IG-1010,2025-10-06,74,4428.41
D02,IG-1010,2025-10-13,78,4647.92
D02,IG-1010,2025-10-20,93,5826.15
D02,IG-1010,2025-10-27,124,7385.19
D02,IG-1010,2025-11-03,84,5188.97
D02,IG-1010,2025-11-10,68,4159.27
D02,IG-1010,2025-11-17,71,4286.9
D02,IG-1010,2025-11-24,86,5299.33
D02,IG-1010,2025-12-01,63,3974.12
D02,IG-1010,2025-12-08,90,5723.31
D02,IG-1010,2025-12-15,79,4679.97
D02,IG-1010,2025-12-22,74,4492.91
D02,IG-1010,2025-12-29,58,3508.31
D02,IG-1010,2026-01-05,86,5165.59
D02,IG-1010,2026-01-12,66,4203.84
D02,IG-1010,2026-01-19,76,4705.38
D02,IG-1010,2026-01-26,72,4590.98
D02,IG-1010,2026-02-02,58,3579.93
D02,IG-1010,2026-02-09,71,4362.61
D02,IG-1010,2026-02-16,62,3780.4
D02,IG-1010,2026-02-23,67,4269.43
D02,IG-1010,2026-03-02,79,4899.95
D02,IG-1010,2026-03-09,82,5187.9
D02,IG-1010,2026-03-16,74,4343.59
D02,IG-1010,2026-03-23,65,3815.41
D02,IG-1010,2026-03-30,67,4182.87
D02,IG-1010,2026-04-06,67,3873.76
D02,IG-1010,2026-04-13,54,3287.45
D02,IG-1010,2026-04-20,75,4597.57
D02,IG-1010,2026-04-27,58,3410.82
D02,IG-1010,2026-05-04,76,4699.0
D02,IG-1010,2026-05-11,61,3632.72
D02,IG-1010,2026-05-18,63,3888.61
D02,IG-1010,2026-05-25,84,4863.97
D02,IG-1010,2026-06-01,77,4612.92
D02,IG-1010,2026-06-08,57,3616.35
D02,IG-1010,2026-06-15,70,4332.17
D02,IG-1010,2026-06-22,79,4990.68
D02,SC-1020,2024-01-01,698,8461.16
D02,SC-1020,2024-01-08,617,7092.84
D02,SC-1020,2024-01-15,564,6478.02
D02,SC-1020,2024-01-22,687,8207.14
D02,SC-1020,2024-01-29,756,9427.76
D02,SC-1020,2024-02-05,702,8393.68
D02,SC-1020,2024-02-12,690,8512.89
D02,SC-1020,2024-02-19,722,8363.03
D02,SC-1020,2024-02-26,698,7817.84
D02,SC-1020,2024-03-04,931,10788.47
D02,SC-1020,2024-03-11,779,9598.34
D02,SC-1020,2024-03-18,705,8780.25
D02,SC-1020,2024-03-25,586,7091.09
D02,SC-1020,2024-04-01,756,9043.29
D02,SC-1020,2024-04-08,723,8956.76
D02,SC-1020,2024-04-15,727,9052.85
D02,SC-1020,2024-04-22,929,10698.72
D02,SC-1020,2024-04-29,824,9279.42
D02,SC-1020,2024-05-06,639,7628.86
D02,SC-1020,2024-05-13,910,10898.25
D02,SC-1020,2024-05-20,659,8014.03
D02,SC-1020,2024-05-27,933,11437.25
D02,SC-1020,2024-06-03,787,9616.24
D02,SC-1020,2024-06-10,860,10413.29
D02,SC-1020,2024-06-17,848,9827.55
D02,SC-1020,2024-06-24,834,9398.72
D02,SC-1020,2024-07-01,881,9895.17
D02,SC-1020,2024-07-08,864,10148.89
D02,SC-1020,2024-07-15,1129,14036.1
D02,SC-1020,2024-07-22,880,10565.28
D02,SC-1020,2024-07-29,881,10384.99
D02,SC-1020,2024-08-05,760,8843.63
D02,SC-1020,2024-08-12,891,10837.42
D02,SC-1020,2024-08-19,718,8377.47
D02,SC-1020,2024-08-26,990,11603.75
D02,SC-1020,2024-09-02,663,8019.83
D02,SC-1020,2024-09-09,725,8412.81
D02,SC-1020,2024-09-16,641,7755.2
D02,SC-1020,2024-09-23,866,10535.09
D02,SC-1020,2024-09-30,758,9199.38
D02,SC-1020,2024-10-07,891,10889.44
D02,SC-1020,2024-10-14,691,8543.55
D02,SC-1020,2024-10-21,862,9908.95
D02,SC-1020,2024-10-28,865,9981.53
D02,SC-1020,2024-11-04,816,9387.1
D02,SC-1020,2024-11-11,793,9222.24
D02,SC-1020,2024-11-18,805,9945.01
D02,SC-1020,2024-11-25,688,8439.78
D02,SC-1020,2024-12-02,672,8360.93
D02,SC-1020,2024-12-09,859,9940.79
D02,SC-1020,2024-12-16,752,8556.33
D02,SC-1020,2024-12-23,855,10253.74
D02,SC-1020,2024-12-30,1015,11505.15
D02,SC-1020,2025-01-06,757,8653.58
D02,SC-1020,2025-01-13,747,8493.35
D02,SC-1020,2025-01-20,786,9480.51
D02,SC-1020,2025-01-27,839,9580.31
D02,SC-1020,2025-02-03,925,11331.08
D02,SC-1020,2025-02-10,850,10590.66
D02,SC-1020,2025-02-17,1180,13515.76
D02,SC-1020,2025-02-24,932,11397.65
D02,SC-1020,2025-03-03,997,11930.35
D02,SC-1020,2025-03-10,893,10976.46
D02,SC-1020,2025-03-17,1059,12909.19
D02,SC-1020,2025-03-24,893,10841.76
D02,SC-1020,2025-03-31,846,10132.25
D02,SC-1020,2025-04-07,1081,13300.2
D02,SC-1020,2025-04-14,946,11752.17
D02,SC-1020,2025-04-21,1000,11713.6
D02,SC-1020,2025-04-28,1128,14083.83
D02,SC-1020,2025-05-05,1002,12011.43
D02,SC-1020,2025-05-12,967,11729.43
D02,SC-1020,2025-05-19,919,11010.42
D02,SC-1020,2025-05-26,1175,14357.9
D02,SC-1020,2025-06-02,956,11180.33
D02,SC-1020,2025-06-09,1003,11675.81
D02,SC-1020,2025-06-16,1057,12987.7
D02,SC-1020,2025-06-23,1058,12477.31
D02,SC-1020,2025-06-30,1181,14274.13
D02,SC-1020,2025-07-07,763,8637.61
D02,SC-1020,2025-07-14,936,10519.3
D02,SC-1020,2025-07-21,724,8228.81
D02,SC-1020,2025-07-28,784,9559.65
D02,SC-1020,2025-08-04,711,8668.63
D02,SC-1020,2025-08-11,986,11890.62
D02,SC-1020,2025-08-18,673,7804.92
D02,SC-1020,2025-08-25,671,7545.32
D02,SC-1020,2025-09-01,698,7996.7
D02,SC-1020,2025-09-08,648,8036.86
D02,SC-1020,2025-09-15,695,8495.5
D02,SC-1020,2025-09-22,783,8905.33
D02,SC-1020,2025-09-29,655,7531.59
D02,SC-1020,2025-10-06,647,7662.64
D02,SC-1020,2025-10-13,599,7152.95
D02,SC-1020,2025-10-20,565,7039.3
D02,SC-1020,2025-10-27,609,7434.95
D02,SC-1020,2025-11-03,593,6898.03
D02,SC-1020,2025-11-10,697,8575.02
D02,SC-1020,2025-11-17,500,6171.23
D02,SC-1020,2025-11-24,710,8106.09
D02,SC-1020,2025-12-01,553,6828.1
D02,SC-1020,2025-12-08,573,6455.34
D02,SC-1020,2025-12-15,474,5607.72
D02,SC-1020,2025-12-22,601,6936.17
D02,SC-1020,2025-12-29,476,5377.35
D02,SC-1020,2026-01-05,578,6802.52
D02,SC-1020,2026-01-12,568,6780.98
D02,SC-1020,2026-01-19,518,6403.72
D02,SC-1020,2026-01-26,398,4760.58
D02,SC-1020,2026-02-02,750,9018.4
D02,SC-1020,2026-02-09,463,5358.31
D02,SC-1020,2026-02-16,565,6778.64
D02,SC-1020,2026-02-23,486,5670.17
D02,SC-1020,2026-03-02,635,7128.59
D02,SC-1020,2026-03-09,513,5781.4
D02,SC-1020,2026-03-16,485,5632.15
D02,SC-1020,2026-03-23,594,6727.43
D02,SC-1020,2026-03-30,449,5241.72
D02,SC-1020,2026-04-06,510,5810.62
D02,SC-1020,2026-04-13,601,6751.28
D02,SC-1020,2026-04-20,684,8355.38
D02,SC-1020,2026-04-27,475,5537.68
D02,SC-1020,2026-05-04,504,5778.74
D02,SC-1020,2026-05-11,585,6735.5
D02,SC-1020,2026-05-18,413,4827.44
D02,SC-1020,2026-05-25,684,8503.03
D02,SC-1020,2026-06-01,481,5493.52
D02,SC-1020,2026-06-08,524,6116.45
D02,SC-1020,2026-06-15,582,6577.11
D02,SC-1020,2026-06-22,563,6882.78
D02,IS-1022,2024-01-01,398,5469.87
D02,IS-1022,2024-01-08,348,4514.91
D02,IS-1022,2024-01-15,322,4513.73
D02,IS-1022,2024-01-22,479,6567.14
D02,IS-1022,2024-01-29,338,4578.1
D02,IS-1022,2024-02-05,328,4511.4
D02,IS-1022,2024-02-12,393,5235.27
D02,IS-1022,2024-02-19,355,4914.95
D02,IS-1022,2024-02-26,469,6421.52
D02,IS-1022,2024-03-04,389,5239.87
D02,IS-1022,2024-03-11,489,6834.67
D02,IS-1022,2024-03-18,443,5998.57
D02,IS-1022,2024-03-25,395,5056.66
D02,IS-1022,2024-04-01,500,6921.66
D02,IS-1022,2024-04-08,387,5078.12
D02,IS-1022,2024-04-15,410,5569.61
D02,IS-1022,2024-04-22,470,6173.86
D02,IS-1022,2024-04-29,453,6207.78
D02,IS-1022,2024-05-06,398,5318.95
D02,IS-1022,2024-05-13,352,4966.76
D02,IS-1022,2024-05-20,444,5783.64
D02,IS-1022,2024-05-27,400,5271.67
D02,IS-1022,2024-06-03,449,5964.3
D02,IS-1022,2024-06-10,420,5406.58
D02,IS-1022,2024-06-17,402,5145.72
D02,IS-1022,2024-06-24,430,5554.88
D02,IS-1022,2024-07-01,441,5818.95
D02,IS-1022,2024-07-08,494,7001.97
D02,IS-1022,2024-07-15,472,6660.64
D02,IS-1022,2024-07-22,603,8224.94
D02,IS-1022,2024-07-29,447,5898.79
D02,IS-1022,2024-08-05,393,5562.52
D02,IS-1022,2024-08-12,421,5740.22
D02,IS-1022,2024-08-19,466,6264.2
D02,IS-1022,2024-08-26,492,6316.27
D02,IS-1022,2024-09-02,513,6935.94
D02,IS-1022,2024-09-09,357,4980.12
D02,IS-1022,2024-09-16,498,6547.48
D02,IS-1022,2024-09-23,404,5682.51
D02,IS-1022,2024-09-30,351,4560.46
D02,IS-1022,2024-10-07,387,5124.39
D02,IS-1022,2024-10-14,474,6539.4
D02,IS-1022,2024-10-21,420,5646.57
D02,IS-1022,2024-10-28,324,4555.42
D02,IS-1022,2024-11-04,322,4435.0
D02,IS-1022,2024-11-11,319,4520.5
D02,IS-1022,2024-11-18,342,4567.46
D02,IS-1022,2024-11-25,385,5451.71
D02,IS-1022,2024-12-02,320,4341.03
D02,IS-1022,2024-12-09,355,4809.54
D02,IS-1022,2024-12-16,467,6410.86
D02,IS-1022,2024-12-23,482,6524.29
D02,IS-1022,2024-12-30,479,6690.19
D02,IS-1022,2025-01-06,291,3962.31
D02,IS-1022,2025-01-13,491,6601.98
D02,IS-1022,2025-01-20,389,5010.6
D02,IS-1022,2025-01-27,391,5265.62
D02,IS-1022,2025-02-03,453,6297.79
D02,IS-1022,2025-02-10,435,5629.76
D02,IS-1022,2025-02-17,298,3863.13
D02,IS-1022,2025-02-24,363,4830.18
D02,IS-1022,2025-03-03,379,5201.99
D02,IS-1022,2025-03-10,331,4649.79
D02,IS-1022,2025-03-17,473,6416.06
D02,IS-1022,2025-03-24,510,6592.87
D02,IS-1022,2025-03-31,413,5552.31
D02,IS-1022,2025-04-07,436,6000.11
D02,IS-1022,2025-04-14,419,5366.2
D02,IS-1022,2025-04-21,428,5527.67
D02,IS-1022,2025-04-28,501,6841.1
D02,IS-1022,2025-05-05,327,4571.84
D02,IS-1022,2025-05-12,459,6018.48
D02,IS-1022,2025-05-19,429,5477.05
D02,IS-1022,2025-05-26,385,5376.15
D02,IS-1022,2025-06-02,398,5608.8
D02,IS-1022,2025-06-09,564,7284.63
D02,IS-1022,2025-06-16,350,4901.92
D02,IS-1022,2025-06-23,416,5597.5
D02,IS-1022,2025-06-30,543,7523.35
D02,IS-1022,2025-07-07,350,4808.28
D02,IS-1022,2025-07-14,393,5145.69
D02,IS-1022,2025-07-21,420,5523.03
D02,IS-1022,2025-07-28,441,5814.69
D02,IS-1022,2025-08-04,406,5462.23
D02,IS-1022,2025-08-11,356,4644.08
D02,IS-1022,2025-08-18,432,5669.73
D02,IS-1022,2025-08-25,394,5097.82
D02,IS-1022,2025-09-01,435,5549.93
D02,IS-1022,2025-09-08,450,6072.05
D02,IS-1022,2025-09-15,311,3952.5
D02,IS-1022,2025-09-22,449,5794.01
D02,IS-1022,2025-09-29,366,4976.97
D02,IS-1022,2025-10-06,427,5662.47
D02,IS-1022,2025-10-13,403,5447.08
D02,IS-1022,2025-10-20,490,6793.5
D02,IS-1022,2025-10-27,368,5107.36
D02,IS-1022,2025-11-03,344,4642.36
D02,IS-1022,2025-11-10,337,4434.92
D02,IS-1022,2025-11-17,310,3974.01
D02,IS-1022,2025-11-24,408,5249.0
D02,IS-1022,2025-12-01,306,4274.07
D02,IS-1022,2025-12-08,407,5395.99
D02,IS-1022,2025-12-15,349,4486.9
D02,IS-1022,2025-12-22,278,3793.75
D02,IS-1022,2025-12-29,454,6022.18
D02,IS-1022,2026-01-05,220,2846.71
D02,IS-1022,2026-01-12,363,5020.56
D02,IS-1022,2026-01-19,384,5193.19
D02,IS-1022,2026-01-26,264,3730.41
D02,IS-1022,2026-02-02,403,5572.5
D02,IS-1022,2026-02-09,344,4455.36
D02,IS-1022,2026-02-16,370,5007.11
D02,IS-1022,2026-02-23,475,6631.92
D02,IS-1022,2026-03-02,401,5232.59
D02,IS-1022,2026-03-09,377,5060.78
D02,IS-1022,2026-03-16,391,5377.21
D02,IS-1022,2026-03-23,529,6784.52
D02,IS-1022,2026-03-30,436,5545.93
D02,IS-1022,2026-04-06,363,4641.86
D02,IS-1022,2026-04-13,388,5381.72
D02,IS-1022,2026-04-20,353,4815.25
D02,IS-1022,2026-04-27,397,5518.34
D02,IS-1022,2026-05-04,545,7223.16
D02,IS-1022,2026-05-11,420,5821.12
D02,IS-1022,2026-05-18,354,4956.62
D02,IS-1022,2026-05-25,464,6351.7
D02,IS-1022,2026-06-01,411,5504.21
D02,IS-1022,2026-06-08,475,6637.61
D02,IS-1022,2026-06-15,422,5749.55
D02,IS-1022,2026-06-22,543,7295.6
D02,PM-1006,2024-01-01,4289,3188.45
D02,PM-1006,2024-01-08,3130,2433.18
D02,PM-1006,2024-01-15,2723,2071.05
D02,PM-1006,2024-01-22,3185,2463.24
D02,PM-1006,2024-01-29,3439,2572.88
D02,PM-1006,2024-02-05,3553,2823.14
D02,PM-1006,2024-02-12,4221,3417.51
D02,PM-1006,2024-02-19,3832,2939.49
D02,PM-1006,2024-02-26,4003,3234.74
D02,PM-1006,2024-03-04,3399,2478.25
D02,PM-1006,2024-03-11,3387,2532.26
D02,PM-1006,2024-03-18,4164,3217.16
D02,PM-1006,2024-03-25,3851,3064.05
D02,PM-1006,2024-04-01,4218,3360.24
D02,PM-1006,2024-04-08,4613,3661.34
D02,PM-1006,2024-04-15,5480,4062.04
D02,PM-1006,2024-04-22,4303,3189.06
D02,PM-1006,2024-04-29,5702,4568.98
D02,PM-1006,2024-05-06,4643,3540.26
D02,PM-1006,2024-05-13,4868,3709.94
D02,PM-1006,2024-05-20,5159,3833.07
D02,PM-1006,2024-05-27,4921,3629.43
D02,PM-1006,2024-06-03,3923,2859.53
D02,PM-1006,2024-06-10,5208,4200.13
D02,PM-1006,2024-06-17,4183,3347.94
D02,PM-1006,2024-06-24,4622,3563.68
D02,PM-1006,2024-07-01,4494,3508.83
D02,PM-1006,2024-07-08,5211,3977.3
D02,PM-1006,2024-07-15,4634,3490.9
D02,PM-1006,2024-07-22,3529,2577.31
D02,PM-1006,2024-07-29,5907,4337.2
D02,PM-1006,2024-08-05,4857,3910.33
D02,PM-1006,2024-08-12,3914,3044.15
D02,PM-1006,2024-08-19,3554,2867.82
D02,PM-1006,2024-08-26,4817,3651.86
D02,PM-1006,2024-09-02,3552,2834.58
D02,PM-1006,2024-09-09,4622,3582.44
D02,PM-1006,2024-09-16,4765,3488.23
D02,PM-1006,2024-09-23,3647,2669.33
D02,PM-1006,2024-09-30,3565,2864.8
D02,PM-1006,2024-10-07,3678,2715.25
D02,PM-1006,2024-10-14,3373,2575.44
D02,PM-1006,2024-10-21,4017,3032.58
D02,PM-1006,2024-10-28,4075,3257.84
D02,PM-1006,2024-11-04,4271,3287.48
D02,PM-1006,2024-11-11,3361,2506.81
D02,PM-1006,2024-11-18,4302,3211.74
D02,PM-1006,2024-11-25,3260,2587.14
D02,PM-1006,2024-12-02,4280,3132.13
D02,PM-1006,2024-12-09,3017,2440.42
D02,PM-1006,2024-12-16,4774,3859.02
D02,PM-1006,2024-12-23,3496,2663.42
D02,PM-1006,2024-12-30,4149,3257.51
D02,PM-1006,2025-01-06,4217,3410.2
D02,PM-1006,2025-01-13,3165,2502.67
D02,PM-1006,2025-01-20,4368,3536.92
D02,PM-1006,2025-01-27,3574,2620.35
D02,PM-1006,2025-02-03,3737,2757.71
D02,PM-1006,2025-02-10,3569,2847.33
D02,PM-1006,2025-02-17,5073,4087.99
D02,PM-1006,2025-02-24,3373,2584.15
D02,PM-1006,2025-03-03,4330,3333.87
D02,PM-1006,2025-03-10,3733,2743.16
D02,PM-1006,2025-03-17,4874,3859.67
D02,PM-1006,2025-03-24,5917,4681.93
D02,PM-1006,2025-03-31,3835,2828.13
D02,PM-1006,2025-04-07,4342,3275.44
D02,PM-1006,2025-04-14,4045,2969.68
D02,PM-1006,2025-04-21,5044,4004.26
D02,PM-1006,2025-04-28,4185,3051.09
D02,PM-1006,2025-05-05,5004,4038.29
D02,PM-1006,2025-05-12,4135,3109.79
D02,PM-1006,2025-05-19,6168,4961.43
D02,PM-1006,2025-05-26,3180,2496.95
D02,PM-1006,2025-06-02,4682,3519.53
D02,PM-1006,2025-06-09,4420,3314.22
D02,PM-1006,2025-06-16,4394,3410.06
D02,PM-1006,2025-06-23,4610,3450.22
D02,PM-1006,2025-06-30,4444,3487.26
D02,PM-1006,2025-07-07,4536,3512.11
D02,PM-1006,2025-07-14,4645,3767.32
D02,PM-1006,2025-07-21,5648,4560.53
D02,PM-1006,2025-07-28,2851,2204.33
D02,PM-1006,2025-08-04,5653,4377.76
D02,PM-1006,2025-08-11,6241,4807.34
D02,PM-1006,2025-08-18,3241,2391.74
D02,PM-1006,2025-08-25,4207,3290.95
D02,PM-1006,2025-09-01,5084,4029.12
D02,PM-1006,2025-09-08,4704,3744.02
D02,PM-1006,2025-09-15,5220,3995.62
D02,PM-1006,2025-09-22,4251,3279.48
D02,PM-1006,2025-09-29,2936,2241.38
D02,PM-1006,2025-10-06,4800,3622.71
D02,PM-1006,2025-10-13,4304,3308.26
D02,PM-1006,2025-10-20,4836,3820.94
D02,PM-1006,2025-10-27,3061,2315.3
D02,PM-1006,2025-11-03,3191,2384.94
D02,PM-1006,2025-11-10,3818,2991.32
D02,PM-1006,2025-11-17,4632,3404.35
D02,PM-1006,2025-11-24,4814,3824.51
D02,PM-1006,2025-12-01,3384,2692.21
D02,PM-1006,2025-12-08,3548,2668.55
D02,PM-1006,2025-12-15,5805,4241.81
D02,PM-1006,2025-12-22,3480,2654.14
D02,PM-1006,2025-12-29,4197,3401.44
D02,PM-1006,2026-01-05,3559,2879.17
D02,PM-1006,2026-01-12,4112,3165.76
D02,PM-1006,2026-01-19,3384,2571.63
D02,PM-1006,2026-01-26,3423,2668.59
D02,PM-1006,2026-02-02,3701,2908.06
D02,PM-1006,2026-02-09,3637,2873.7
D02,PM-1006,2026-02-16,3805,3002.65
D02,PM-1006,2026-02-23,4350,3421.04
D02,PM-1006,2026-03-02,5390,4172.53
D02,PM-1006,2026-03-09,3751,2800.94
D02,PM-1006,2026-03-16,3568,2719.75
D02,PM-1006,2026-03-23,4183,3253.04
D02,PM-1006,2026-03-30,3710,2737.45
D02,PM-1006,2026-04-06,3327,2621.83
D02,PM-1006,2026-04-13,5027,3696.33
D02,PM-1006,2026-04-20,4369,3271.26
D02,PM-1006,2026-04-27,4462,3467.13
D02,PM-1006,2026-05-04,3272,2492.68
D02,PM-1006,2026-05-11,4021,3148.86
D02,PM-1006,2026-05-18,3563,2709.6
D02,PM-1006,2026-05-25,4404,3280.41
D02,PM-1006,2026-06-01,4514,3431.65
D02,PM-1006,2026-06-08,4516,3310.98
D02,PM-1006,2026-06-15,4003,3005.43
D02,PM-1006,2026-06-22,3887,3084.13
D02,SC-1021,2024-01-01,811,13908.05
D02,SC-1021,2024-01-08,692,11464.09
D02,SC-1021,2024-01-15,699,10887.92
D02,SC-1021,2024-01-22,810,13721.7
D02,SC-1021,2024-01-29,671,11503.07
D02,SC-1021,2024-02-05,653,10778.7
D02,SC-1021,2024-02-12,689,11855.93
D02,SC-1021,2024-02-19,792,13575.02
D02,SC-1021,2024-02-26,851,13385.73
D02,SC-1021,2024-03-04,966,15029.99
D02,SC-1021,2024-03-11,814,12706.46
D02,SC-1021,2024-03-18,760,12462.16
D02,SC-1021,2024-03-25,899,14921.41
D02,SC-1021,2024-04-01,689,11281.84
D02,SC-1021,2024-04-08,999,16305.98
D02,SC-1021,2024-04-15,843,14294.56
D02,SC-1021,2024-04-22,798,12583.58
D02,SC-1021,2024-04-29,722,12392.99
D02,SC-1021,2024-05-06,925,14800.86
D02,SC-1021,2024-05-13,814,13347.98
D02,SC-1021,2024-05-20,844,13246.69
D02,SC-1021,2024-05-27,670,11076.88
D02,SC-1021,2024-06-03,811,12908.23
D02,SC-1021,2024-06-10,798,13359.83
D02,SC-1021,2024-06-17,929,16106.62
D02,SC-1021,2024-06-24,839,13582.51
D02,SC-1021,2024-07-01,588,9960.91
D02,SC-1021,2024-07-08,822,13085.29
D02,SC-1021,2024-07-15,702,10927.52
D02,SC-1021,2024-07-22,746,11849.12
D02,SC-1021,2024-07-29,1011,17203.44
D02,SC-1021,2024-08-05,672,10951.8
D02,SC-1021,2024-08-12,901,14557.38
D02,SC-1021,2024-08-19,795,13316.8
D02,SC-1021,2024-08-26,768,12360.35
D02,SC-1021,2024-09-02,732,12663.12
D02,SC-1021,2024-09-09,885,13776.46
D02,SC-1021,2024-09-16,894,14417.38
D02,SC-1021,2024-09-23,643,10943.4
D02,SC-1021,2024-09-30,984,16683.47
D02,SC-1021,2024-10-07,689,10920.72
D02,SC-1021,2024-10-14,868,14185.71
D02,SC-1021,2024-10-21,683,11289.94
D02,SC-1021,2024-10-28,758,12689.83
D02,SC-1021,2024-11-04,668,10551.79
D02,SC-1021,2024-11-11,747,12190.03
D02,SC-1021,2024-11-18,783,12925.65
D02,SC-1021,2024-11-25,680,11491.26
D02,SC-1021,2024-12-02,848,14307.11
D02,SC-1021,2024-12-09,867,13685.93
D02,SC-1021,2024-12-16,1222,21117.18
D02,SC-1021,2024-12-23,941,15503.59
D02,SC-1021,2024-12-30,983,15960.6
D02,SC-1021,2025-01-06,637,10694.46
D02,SC-1021,2025-01-13,624,10792.12
D02,SC-1021,2025-01-20,809,12636.38
D02,SC-1021,2025-01-27,1117,19369.91
D02,SC-1021,2025-02-03,1252,21096.79
D02,SC-1021,2025-02-10,789,12936.96
D02,SC-1021,2025-02-17,811,13431.65
D02,SC-1021,2025-02-24,973,15696.97
D02,SC-1021,2025-03-03,882,14915.46
D02,SC-1021,2025-03-10,896,15543.74
D02,SC-1021,2025-03-17,1025,17162.96
D02,SC-1021,2025-03-24,1418,24088.03
D02,SC-1021,2025-03-31,1162,18868.02
D02,SC-1021,2025-04-07,1279,20878.21
D02,SC-1021,2025-04-14,741,12740.66
D02,SC-1021,2025-04-21,1160,19843.65
D02,SC-1021,2025-04-28,864,14352.94
D02,SC-1021,2025-05-05,1293,20690.86
D02,SC-1021,2025-05-12,1242,20479.29
D02,SC-1021,2025-05-19,1117,18169.62
D02,SC-1021,2025-05-26,918,15528.85
D02,SC-1021,2025-06-02,959,15375.5
D02,SC-1021,2025-06-09,974,15894.67
D02,SC-1021,2025-06-16,1163,19517.53
D02,SC-1021,2025-06-23,1104,17810.97
D02,SC-1021,2025-06-30,1286,20458.72
D02,SC-1021,2025-07-07,1005,17341.26
D02,SC-1021,2025-07-14,687,10886.46
D02,SC-1021,2025-07-21,827,13623.1
D02,SC-1021,2025-07-28,815,12956.64
D02,SC-1021,2025-08-04,738,12471.98
D02,SC-1021,2025-08-11,850,13817.82
D02,SC-1021,2025-08-18,782,12382.4
D02,SC-1021,2025-08-25,655,11174.94
D02,SC-1021,2025-09-01,688,11181.25
D02,SC-1021,2025-09-08,655,10686.55
D02,SC-1021,2025-09-15,609,10519.74
D02,SC-1021,2025-09-22,659,10536.49
D02,SC-1021,2025-09-29,540,8771.47
D02,SC-1021,2025-10-06,693,11730.55
D02,SC-1021,2025-10-13,783,12858.08
D02,SC-1021,2025-10-20,629,10098.28
D02,SC-1021,2025-10-27,709,11828.77
D02,SC-1021,2025-11-03,621,10269.99
D02,SC-1021,2025-11-10,514,8765.78
D02,SC-1021,2025-11-17,799,13557.18
D02,SC-1021,2025-11-24,407,6389.89
D02,SC-1021,2025-12-01,580,9151.56
D02,SC-1021,2025-12-08,511,8479.18
D02,SC-1021,2025-12-15,722,11829.75
D02,SC-1021,2025-12-22,584,9795.95
D02,SC-1021,2025-12-29,825,14130.53
D02,SC-1021,2026-01-05,563,9475.95
D02,SC-1021,2026-01-12,498,8147.27
D02,SC-1021,2026-01-19,431,7309.37
D02,SC-1021,2026-01-26,657,10582.59
D02,SC-1021,2026-02-02,490,8148.09
D02,SC-1021,2026-02-09,522,8249.87
D02,SC-1021,2026-02-16,668,11041.49
D02,SC-1021,2026-02-23,651,11287.4
D02,SC-1021,2026-03-02,508,8029.29
D02,SC-1021,2026-03-09,520,8102.76
D02,SC-1021,2026-03-16,428,7400.55
D02,SC-1021,2026-03-23,409,6562.02
D02,SC-1021,2026-03-30,624,10721.44
D02,SC-1021,2026-04-06,634,10140.45
D02,SC-1021,2026-04-13,585,9445.81
D02,SC-1021,2026-04-20,575,9649.07
D02,SC-1021,2026-04-27,506,7990.93
D02,SC-1021,2026-05-04,705,11869.85
D02,SC-1021,2026-05-11,435,7447.81
D02,SC-1021,2026-05-18,532,9070.15
D02,SC-1021,2026-05-25,586,9452.69
D02,SC-1021,2026-06-01,573,9598.31
D02,SC-1021,2026-06-08,573,9568.74
D02,SC-1021,2026-06-15,530,8964.86
D02,SC-1021,2026-06-22,620,9919.29
D02,PW-1032,2024-01-01,1624,6169.3
D02,PW-1032,2024-01-08,1587,6401.05
D02,PW-1032,2024-01-15,1585,6607.38
D02,PW-1032,2024-01-22,1778,7018.12
D02,PW-1032,2024-01-29,1374,5605.9
D02,PW-1032,2024-02-05,2181,8710.16
D02,PW-1032,2024-02-12,1585,6270.79
D02,PW-1032,2024-02-19,1946,7909.16
D02,PW-1032,2024-02-26,1832,7336.64
D02,PW-1032,2024-03-04,1540,6236.32
D02,PW-1032,2024-03-11,2249,9454.57
D02,PW-1032,2024-03-18,2204,8678.24
D02,PW-1032,2024-03-25,1497,6181.84
D02,PW-1032,2024-04-01,1895,7204.9
D02,PW-1032,2024-04-08,1997,8156.25
D02,PW-1032,2024-04-15,1433,5422.67
D02,PW-1032,2024-04-22,1435,5592.16
D02,PW-1032,2024-04-29,1755,6775.98
D02,PW-1032,2024-05-06,1646,6451.32
D02,PW-1032,2024-05-13,1725,7056.49
D02,PW-1032,2024-05-20,1666,6840.96
D02,PW-1032,2024-05-27,2001,8440.14
D02,PW-1032,2024-06-03,1789,6805.07
D02,PW-1032,2024-06-10,2422,9190.73
D02,PW-1032,2024-06-17,2109,8726.98
D02,PW-1032,2024-06-24,2313,9511.45
D02,PW-1032,2024-07-01,1592,6485.3
D02,PW-1032,2024-07-08,1863,7695.77
D02,PW-1032,2024-07-15,2084,8647.42
D02,PW-1032,2024-07-22,2177,9114.73
D02,PW-1032,2024-07-29,1837,7578.4
D02,PW-1032,2024-08-05,1868,7199.16
D02,PW-1032,2024-08-12,1887,7808.78
D02,PW-1032,2024-08-19,1901,7544.92
D02,PW-1032,2024-08-26,2730,11191.93
D02,PW-1032,2024-09-02,2053,8303.37
D02,PW-1032,2024-09-09,1955,7776.97
D02,PW-1032,2024-09-16,1596,6592.9
D02,PW-1032,2024-09-23,1589,6512.8
D02,PW-1032,2024-09-30,1839,7041.26
D02,PW-1032,2024-10-07,2233,9212.54
D02,PW-1032,2024-10-14,1817,7377.05
D02,PW-1032,2024-10-21,1817,7500.32
D02,PW-1032,2024-10-28,1655,6511.64
D02,PW-1032,2024-11-04,1418,5818.94
D02,PW-1032,2024-11-11,1959,7550.81
D02,PW-1032,2024-11-18,1762,7147.01
D02,PW-1032,2024-11-25,1954,8059.53
D02,PW-1032,2024-12-02,1870,7747.8
D02,PW-1032,2024-12-09,1583,6041.39
D02,PW-1032,2024-12-16,1897,7786.83
D02,PW-1032,2024-12-23,1517,6036.75
D02,PW-1032,2024-12-30,1911,7438.52
D02,PW-1032,2025-01-06,1843,7029.21
D02,PW-1032,2025-01-13,2361,9033.15
D02,PW-1032,2025-01-20,1659,6814.91
D02,PW-1032,2025-01-27,1562,6012.7
D02,PW-1032,2025-02-03,1809,7382.93
D02,PW-1032,2025-02-10,2131,8162.09
D02,PW-1032,2025-02-17,1292,5171.03
D02,PW-1032,2025-02-24,2267,9081.1
D02,PW-1032,2025-03-03,1949,7868.5
D02,PW-1032,2025-03-10,1714,7144.05
D02,PW-1032,2025-03-17,1947,7637.41
D02,PW-1032,2025-03-24,1861,7150.04
D02,PW-1032,2025-03-31,1750,6902.51
D02,PW-1032,2025-04-07,1588,6546.58
D02,PW-1032,2025-04-14,2393,9648.28
D02,PW-1032,2025-04-21,1990,8384.1
D02,PW-1032,2025-04-28,2057,8662.04
D02,PW-1032,2025-05-05,2495,10424.08
D02,PW-1032,2025-05-12,2231,8683.67
D02,PW-1032,2025-05-19,1760,7070.87
D02,PW-1032,2025-05-26,2471,9920.05
D02,PW-1032,2025-06-02,2800,10792.71
D02,PW-1032,2025-06-09,2422,9813.19
D02,PW-1032,2025-06-16,1975,8022.46
D02,PW-1032,2025-06-23,1803,7081.2
D02,PW-1032,2025-06-30,1962,8091.26
D02,PW-1032,2025-07-07,2277,9339.86
D02,PW-1032,2025-07-14,2768,11404.69
D02,PW-1032,2025-07-21,1987,8012.13
D02,PW-1032,2025-07-28,2010,7809.35
D02,PW-1032,2025-08-04,2568,9741.24
D02,PW-1032,2025-08-11,2052,8516.8
D02,PW-1032,2025-08-18,2812,11311.65
D02,PW-1032,2025-08-25,2111,8906.95
D02,PW-1032,2025-09-01,2552,10538.41
D02,PW-1032,2025-09-08,2251,8792.69
D02,PW-1032,2025-09-15,2344,8880.68
D02,PW-1032,2025-09-22,2036,8340.87
D02,PW-1032,2025-09-29,2040,8206.26
D02,PW-1032,2025-10-06,2193,8601.43
D02,PW-1032,2025-10-13,2305,9151.49
D02,PW-1032,2025-10-20,2199,8430.83
D02,PW-1032,2025-10-27,1550,6494.34
D02,PW-1032,2025-11-03,2091,8307.38
D02,PW-1032,2025-11-10,1816,7650.59
D02,PW-1032,2025-11-17,1841,7256.08
D02,PW-1032,2025-11-24,2137,8662.56
D02,PW-1032,2025-12-01,2574,10291.81
D02,PW-1032,2025-12-08,1929,7934.65
D02,PW-1032,2025-12-15,2691,10873.66
D02,PW-1032,2025-12-22,1704,6457.65
D02,PW-1032,2025-12-29,2427,9999.68
D02,PW-1032,2026-01-05,2165,9008.99
D02,PW-1032,2026-01-12,2109,8761.08
D02,PW-1032,2026-01-19,2535,10368.53
D02,PW-1032,2026-01-26,1889,7652.73
D02,PW-1032,2026-02-02,2542,9732.15
D02,PW-1032,2026-02-09,2055,8152.8
D02,PW-1032,2026-02-16,1946,8202.42
D02,PW-1032,2026-02-23,1776,7199.38
D02,PW-1032,2026-03-02,2779,11524.86
D02,PW-1032,2026-03-09,2630,10935.48
D02,PW-1032,2026-03-16,2086,8225.39
D02,PW-1032,2026-03-23,2459,9844.72
D02,PW-1032,2026-03-30,2333,8892.33
D02,PW-1032,2026-04-06,2194,9192.37
D02,PW-1032,2026-04-13,2698,11243.66
D02,PW-1032,2026-04-20,2145,8176.16
D02,PW-1032,2026-04-27,1709,6773.37
D02,PW-1032,2026-05-04,2487,9870.89
D02,PW-1032,2026-05-11,2431,9689.18
D02,PW-1032,2026-05-18,2213,8494.78
D02,PW-1032,2026-05-25,2125,8955.01
D02,PW-1032,2026-06-01,1929,7746.87
D02,PW-1032,2026-06-08,2313,9164.69
D02,PW-1032,2026-06-15,2144,8752.51
D02,PW-1032,2026-06-22,2825,10920.86
D02,PW-1030,2024-01-01,405,885.12
D02,PW-1030,2024-01-08,770,1841.12
D02,PW-1030,2024-01-15,524,1241.83
D02,PW-1030,2024-01-22,459,1037.21
D02,PW-1030,2024-01-29,576,1308.09
D02,PW-1030,2024-02-05,378,870.65
D02,PW-1030,2024-02-12,525,1202.73
D02,PW-1030,2024-02-19,541,1179.08
D02,PW-1030,2024-02-26,467,1124.69
D02,PW-1030,2024-03-04,520,1212.12
D02,PW-1030,2024-03-11,726,1636.48
D02,PW-1030,2024-03-18,601,1335.6
D02,PW-1030,2024-03-25,628,1505.96
D02,PW-1030,2024-04-01,531,1187.48
D02,PW-1030,2024-04-08,495,1173.36
D02,PW-1030,2024-04-15,588,1327.89
D02,PW-1030,2024-04-22,426,958.32
D02,PW-1030,2024-04-29,526,1147.47
D02,PW-1030,2024-05-06,518,1183.32
D02,PW-1030,2024-05-13,463,1111.18
D02,PW-1030,2024-05-20,697,1640.72
D02,PW-1030,2024-05-27,623,1411.95
D02,PW-1030,2024-06-03,581,1296.4
D02,PW-1030,2024-06-10,707,1676.34
D02,PW-1030,2024-06-17,500,1083.25
D02,PW-1030,2024-06-24,523,1149.18
D02,PW-1030,2024-07-01,757,1752.16
D02,PW-1030,2024-07-08,899,2081.36
D02,PW-1030,2024-07-15,706,1656.96
D02,PW-1030,2024-07-22,681,1593.14
D02,PW-1030,2024-07-29,579,1302.14
D02,PW-1030,2024-08-05,578,1249.77
D02,PW-1030,2024-08-12,646,1499.94
D02,PW-1030,2024-08-19,762,1760.4
D02,PW-1030,2024-08-26,656,1509.69
D02,PW-1030,2024-09-02,705,1586.55
D02,PW-1030,2024-09-09,528,1159.22
D02,PW-1030,2024-09-16,660,1545.32
D02,PW-1030,2024-09-23,540,1228.05
D02,PW-1030,2024-09-30,605,1361.3
D02,PW-1030,2024-10-07,645,1492.76
D02,PW-1030,2024-10-14,539,1244.45
D02,PW-1030,2024-10-21,498,1084.68
D02,PW-1030,2024-10-28,609,1461.36
D02,PW-1030,2024-11-04,563,1269.69
D02,PW-1030,2024-11-11,584,1332.22
D02,PW-1030,2024-11-18,630,1456.64
D02,PW-1030,2024-11-25,694,1604.86
D02,PW-1030,2024-12-02,630,1435.77
D02,PW-1030,2024-12-09,618,1421.54
D02,PW-1030,2024-12-16,531,1276.91
D02,PW-1030,2024-12-23,545,1232.8
D02,PW-1030,2024-12-30,618,1404.68
D02,PW-1030,2025-01-06,550,1304.63
D02,PW-1030,2025-01-13,625,1362.09
D02,PW-1030,2025-01-20,521,1150.26
D02,PW-1030,2025-01-27,794,1875.24
D02,PW-1030,2025-02-03,618,1461.09
D02,PW-1030,2025-02-10,618,1394.58
D02,PW-1030,2025-02-17,570,1320.88
D02,PW-1030,2025-02-24,826,1949.94
D02,PW-1030,2025-03-03,520,1140.53
D02,PW-1030,2025-03-10,571,1368.44
D02,PW-1030,2025-03-17,729,1746.96
D02,PW-1030,2025-03-24,673,1454.68
D02,PW-1030,2025-03-31,602,1416.77
D02,PW-1030,2025-04-07,610,1338.23
D02,PW-1030,2025-04-14,640,1392.44
D02,PW-1030,2025-04-21,685,1489.33
D02,PW-1030,2025-04-28,859,1879.49
D02,PW-1030,2025-05-05,751,1648.84
D02,PW-1030,2025-05-12,804,1901.28
D02,PW-1030,2025-05-19,650,1501.26
D02,PW-1030,2025-05-26,753,1692.79
D02,PW-1030,2025-06-02,554,1205.13
D02,PW-1030,2025-06-09,720,1651.59
D02,PW-1030,2025-06-16,714,1719.43
D02,PW-1030,2025-06-23,922,2100.83
D02,PW-1030,2025-06-30,885,2126.63
D02,PW-1030,2025-07-07,673,1553.06
D02,PW-1030,2025-07-14,617,1379.47
D02,PW-1030,2025-07-21,617,1340.14
D02,PW-1030,2025-07-28,661,1582.17
D02,PW-1030,2025-08-04,835,1810.63
D02,PW-1030,2025-08-11,727,1585.78
D02,PW-1030,2025-08-18,733,1587.98
D02,PW-1030,2025-08-25,760,1705.97
D02,PW-1030,2025-09-01,576,1319.7
D02,PW-1030,2025-09-08,596,1430.63
D02,PW-1030,2025-09-15,711,1587.09
D02,PW-1030,2025-09-22,580,1290.54
D02,PW-1030,2025-09-29,515,1223.19
D02,PW-1030,2025-10-06,546,1201.07
D02,PW-1030,2025-10-13,747,1668.45
D02,PW-1030,2025-10-20,599,1334.59
D02,PW-1030,2025-10-27,652,1497.17
D02,PW-1030,2025-11-03,537,1174.73
D02,PW-1030,2025-11-10,662,1565.06
D02,PW-1030,2025-11-17,599,1404.96
D02,PW-1030,2025-11-24,666,1533.18
D02,PW-1030,2025-12-01,579,1313.9
D02,PW-1030,2025-12-08,672,1592.2
D02,PW-1030,2025-12-15,577,1311.31
D02,PW-1030,2025-12-22,619,1490.21
D02,PW-1030,2025-12-29,604,1425.4
D02,PW-1030,2026-01-05,636,1419.5
D02,PW-1030,2026-01-12,665,1589.34
D02,PW-1030,2026-01-19,597,1384.95
D02,PW-1030,2026-01-26,637,1378.89
D02,PW-1030,2026-02-02,673,1561.75
D02,PW-1030,2026-02-09,714,1617.95
D02,PW-1030,2026-02-16,661,1578.19
D02,PW-1030,2026-02-23,592,1420.55
D02,PW-1030,2026-03-02,692,1574.88
D02,PW-1030,2026-03-09,764,1748.9
D02,PW-1030,2026-03-16,572,1260.56
D02,PW-1030,2026-03-23,580,1340.38
D02,PW-1030,2026-03-30,647,1439.26
D02,PW-1030,2026-04-06,701,1598.87
D02,PW-1030,2026-04-13,524,1263.67
D02,PW-1030,2026-04-20,801,1923.0
D02,PW-1030,2026-04-27,721,1651.65
D02,PW-1030,2026-05-04,524,1196.52
D02,PW-1030,2026-05-11,635,1433.13
D02,PW-1030,2026-05-18,721,1569.43
D02,PW-1030,2026-05-25,581,1329.11
D02,PW-1030,2026-06-01,879,1945.31
D02,PW-1030,2026-06-08,783,1881.24
D02,PW-1030,2026-06-15,844,1877.42
D02,PW-1030,2026-06-22,653,1502.76
D02,PW-1034,2024-01-01,545,2195.7
D02,PW-1034,2024-01-08,627,2630.59
D02,PW-1034,2024-01-15,542,2054.75
D02,PW-1034,2024-01-22,596,2376.92
D02,PW-1034,2024-01-29,458,1731.91
D02,PW-1034,2024-02-05,684,2846.82
D02,PW-1034,2024-02-12,499,1994.56
D02,PW-1034,2024-02-19,649,2513.92
D02,PW-1034,2024-02-26,597,2290.1
D02,PW-1034,2024-03-04,592,2312.46
D02,PW-1034,2024-03-11,658,2616.18
D02,PW-1034,2024-03-18,431,1751.88
D02,PW-1034,2024-03-25,551,2162.67
D02,PW-1034,2024-04-01,679,2568.07
D02,PW-1034,2024-04-08,818,3315.06
D02,PW-1034,2024-04-15,617,2387.34
D02,PW-1034,2024-04-22,434,1749.72
D02,PW-1034,2024-04-29,601,2270.15
D02,PW-1034,2024-05-06,629,2475.79
D02,PW-1034,2024-05-13,755,3055.42
D02,PW-1034,2024-05-20,647,2686.17
D02,PW-1034,2024-05-27,533,2064.22
D02,PW-1034,2024-06-03,749,3049.15
D02,PW-1034,2024-06-10,707,2749.54
D02,PW-1034,2024-06-17,585,2295.93
D02,PW-1034,2024-06-24,725,2858.12
D02,PW-1034,2024-07-01,599,2349.94
D02,PW-1034,2024-07-08,620,2535.15
D02,PW-1034,2024-07-15,597,2486.48
D02,PW-1034,2024-07-22,615,2316.6
D02,PW-1034,2024-07-29,735,2949.83
D02,PW-1034,2024-08-05,488,1873.4
D02,PW-1034,2024-08-12,748,2824.26
D02,PW-1034,2024-08-19,647,2474.82
D02,PW-1034,2024-08-26,590,2422.53
D02,PW-1034,2024-09-02,622,2529.22
D02,PW-1034,2024-09-09,537,2143.71
D02,PW-1034,2024-09-16,478,1840.46
D02,PW-1034,2024-09-23,531,2073.27
D02,PW-1034,2024-09-30,453,1859.81
D02,PW-1034,2024-10-07,487,2008.13
D02,PW-1034,2024-10-14,465,1905.42
D02,PW-1034,2024-10-21,708,2870.91
D02,PW-1034,2024-10-28,483,1990.75
D02,PW-1034,2024-11-04,580,2248.42
D02,PW-1034,2024-11-11,687,2772.74
D02,PW-1034,2024-11-18,659,2529.27
D02,PW-1034,2024-11-25,554,2256.02
D02,PW-1034,2024-12-02,554,2227.63
D02,PW-1034,2024-12-09,596,2246.01
D02,PW-1034,2024-12-16,798,3298.24
D02,PW-1034,2024-12-23,620,2546.21
D02,PW-1034,2024-12-30,648,2666.36
D02,PW-1034,2025-01-06,828,3216.56
D02,PW-1034,2025-01-13,619,2407.42
D02,PW-1034,2025-01-20,711,2758.81
D02,PW-1034,2025-01-27,649,2445.47
D02,PW-1034,2025-02-03,654,2466.92
D02,PW-1034,2025-02-10,533,2197.5
D02,PW-1034,2025-02-17,526,2198.02
D02,PW-1034,2025-02-24,583,2206.59
D02,PW-1034,2025-03-03,727,2909.37
D02,PW-1034,2025-03-10,730,3041.48
D02,PW-1034,2025-03-17,796,3322.02
D02,PW-1034,2025-03-24,658,2697.19
D02,PW-1034,2025-03-31,722,3021.08
D02,PW-1034,2025-04-07,730,2970.9
D02,PW-1034,2025-04-14,669,2713.92
D02,PW-1034,2025-04-21,653,2627.75
D02,PW-1034,2025-04-28,553,2193.63
D02,PW-1034,2025-05-05,681,2627.07
D02,PW-1034,2025-05-12,690,2633.13
D02,PW-1034,2025-05-19,835,3394.83
D02,PW-1034,2025-05-26,851,3285.58
D02,PW-1034,2025-06-02,726,2783.93
D02,PW-1034,2025-06-09,970,3662.45
D02,PW-1034,2025-06-16,733,2915.17
D02,PW-1034,2025-06-23,832,3255.36
D02,PW-1034,2025-06-30,701,2689.11
D02,PW-1034,2025-07-07,599,2509.4
D02,PW-1034,2025-07-14,664,2771.9
D02,PW-1034,2025-07-21,880,3433.43
D02,PW-1034,2025-07-28,675,2784.83
D02,PW-1034,2025-08-04,651,2540.94
D02,PW-1034,2025-08-11,693,2711.16
D02,PW-1034,2025-08-18,650,2595.64
D02,PW-1034,2025-08-25,818,3296.35
D02,PW-1034,2025-09-01,900,3401.43
D02,PW-1034,2025-09-08,674,2721.39
D02,PW-1034,2025-09-15,724,2956.72
D02,PW-1034,2025-09-22,767,3136.2
D02,PW-1034,2025-09-29,668,2552.84
D02,PW-1034,2025-10-06,572,2151.89
D02,PW-1034,2025-10-13,609,2535.02
D02,PW-1034,2025-10-20,685,2669.89
D02,PW-1034,2025-10-27,679,2692.54
D02,PW-1034,2025-11-03,487,1854.46
D02,PW-1034,2025-11-10,595,2475.35
D02,PW-1034,2025-11-17,567,2353.59
D02,PW-1034,2025-11-24,722,2799.52
D02,PW-1034,2025-12-01,569,2343.79
D02,PW-1034,2025-12-08,590,2360.08
D02,PW-1034,2025-12-15,589,2408.25
D02,PW-1034,2025-12-22,716,2811.74
D02,PW-1034,2025-12-29,739,3089.37
D02,PW-1034,2026-01-05,692,2714.36
D02,PW-1034,2026-01-12,764,3011.41
D02,PW-1034,2026-01-19,786,3008.42
D02,PW-1034,2026-01-26,502,2096.92
D02,PW-1034,2026-02-02,727,2790.71
D02,PW-1034,2026-02-09,635,2533.91
D02,PW-1034,2026-02-16,562,2299.87
D02,PW-1034,2026-02-23,654,2700.19
D02,PW-1034,2026-03-02,775,2924.49
D02,PW-1034,2026-03-09,873,3574.52
D02,PW-1034,2026-03-16,580,2336.06
D02,PW-1034,2026-03-23,787,3075.93
D02,PW-1034,2026-03-30,974,3773.64
D02,PW-1034,2026-04-06,964,3748.17
D02,PW-1034,2026-04-13,441,1767.28
D02,PW-1034,2026-04-20,1035,4064.44
D02,PW-1034,2026-04-27,869,3470.48
D02,PW-1034,2026-05-04,536,2225.52
D02,PW-1034,2026-05-11,680,2708.87
D02,PW-1034,2026-05-18,926,3553.1
D02,PW-1034,2026-05-25,812,3302.65
D02,PW-1034,2026-06-01,708,2927.31
D02,PW-1034,2026-06-08,781,2939.83
D02,PW-1034,2026-06-15,841,3516.03
D02,PW-1034,2026-06-22,710,2677.89
D02,LD-1037,2024-01-01,3122,1915.06
D02,LD-1037,2024-01-08,3378,2044.21
D02,LD-1037,2024-01-15,3122,1835.92
D02,LD-1037,2024-01-22,2984,1768.36
D02,LD-1037,2024-01-29,3194,1922.26
D02,LD-1037,2024-02-05,2736,1636.14
D02,LD-1037,2024-02-12,3595,2279.97
D02,LD-1037,2024-02-19,3023,1775.56
D02,LD-1037,2024-02-26,2730,1708.11
D02,LD-1037,2024-03-04,3513,2046.01
D02,LD-1037,2024-03-11,3574,2230.95
D02,LD-1037,2024-03-18,2938,1747.33
D02,LD-1037,2024-03-25,3704,2277.93
D02,LD-1037,2024-04-01,3744,2210.82
D02,LD-1037,2024-04-08,4617,2895.96
D02,LD-1037,2024-04-15,3341,2050.54
D02,LD-1037,2024-04-22,3458,2052.84
D02,LD-1037,2024-04-29,3203,2045.4
D02,LD-1037,2024-05-06,3799,2405.12
D02,LD-1037,2024-05-13,3542,2259.55
D02,LD-1037,2024-05-20,4126,2402.6
D02,LD-1037,2024-05-27,3343,2038.07
D02,LD-1037,2024-06-03,3835,2447.1
D02,LD-1037,2024-06-10,3450,2203.18
D02,LD-1037,2024-06-17,2710,1607.42
D02,LD-1037,2024-06-24,3920,2419.69
D02,LD-1037,2024-07-01,2737,1675.74
D02,LD-1037,2024-07-08,3461,2201.41
D02,LD-1037,2024-07-15,3453,2112.35
D02,LD-1037,2024-07-22,3504,2028.67
D02,LD-1037,2024-07-29,3511,2207.9
D02,LD-1037,2024-08-05,3480,2096.96
D02,LD-1037,2024-08-12,3626,2298.81
D02,LD-1037,2024-08-19,3349,1958.6
D02,LD-1037,2024-08-26,4995,2964.67
D02,LD-1037,2024-09-02,3175,1868.67
D02,LD-1037,2024-09-09,2756,1659.48
D02,LD-1037,2024-09-16,2653,1641.06
D02,LD-1037,2024-09-23,3584,2176.79
D02,LD-1037,2024-09-30,2533,1510.56
D02,LD-1037,2024-10-07,2658,1568.94
D02,LD-1037,2024-10-14,2579,1600.04
D02,LD-1037,2024-10-21,3357,1961.35
D02,LD-1037,2024-10-28,3800,2223.94
D02,LD-1037,2024-11-04,2684,1676.28
D02,LD-1037,2024-11-11,3277,1992.44
D02,LD-1037,2024-11-18,2062,1196.74
D02,LD-1037,2024-11-25,2730,1666.85
D02,LD-1037,2024-12-02,3336,2094.66
D02,LD-1037,2024-12-09,2906,1861.49
D02,LD-1037,2024-12-16,3537,2077.21
D02,LD-1037,2024-12-23,2184,1303.25
D02,LD-1037,2024-12-30,2743,1723.12
D02,LD-1037,2025-01-06,3292,1921.13
D02,LD-1037,2025-01-13,3303,2033.9
D02,LD-1037,2025-01-20,3363,1976.7
D02,LD-1037,2025-01-27,3234,2037.17
D02,LD-1037,2025-02-03,2662,1706.4
D02,LD-1037,2025-02-10,2836,1727.81
D02,LD-1037,2025-02-17,4553,2864.79
D02,LD-1037,2025-02-24,2688,1636.36
D02,LD-1037,2025-03-03,2651,1612.92
D02,LD-1037,2025-03-10,3666,2310.02
D02,LD-1037,2025-03-17,2851,1804.82
D02,LD-1037,2025-03-24,4414,2683.8
D02,LD-1037,2025-03-31,5130,3063.42
D02,LD-1037,2025-04-07,3311,2087.11
D02,LD-1037,2025-04-14,3625,2265.59
D02,LD-1037,2025-04-21,2651,1691.27
D02,LD-1037,2025-04-28,4096,2568.51
D02,LD-1037,2025-05-05,2522,1458.32
D02,LD-1037,2025-05-12,2900,1695.12
D02,LD-1037,2025-05-19,3622,2093.97
D02,LD-1037,2025-05-26,3873,2459.22
D02,LD-1037,2025-06-02,2860,1683.28
D02,LD-1037,2025-06-09,3296,2077.86
D02,LD-1037,2025-06-16,2785,1648.62
D02,LD-1037,2025-06-23,3402,2067.69
D02,LD-1037,2025-06-30,3155,1998.47
D02,LD-1037,2025-07-07,3222,1998.18
D02,LD-1037,2025-07-14,3890,2264.64
D02,LD-1037,2025-07-21,3660,2177.82
D02,LD-1037,2025-07-28,3792,2215.77
D02,LD-1037,2025-08-04,3394,2127.02
D02,LD-1037,2025-08-11,3823,2322.61
D02,LD-1037,2025-08-18,3386,2115.16
D02,LD-1037,2025-08-25,3134,1806.8
D02,LD-1037,2025-09-01,3641,2274.66
D02,LD-1037,2025-09-08,3107,1794.46
D02,LD-1037,2025-09-15,3120,1977.95
D02,LD-1037,2025-09-22,3811,2341.8
D02,LD-1037,2025-09-29,3722,2389.06
D02,LD-1037,2025-10-06,3048,1837.34
D02,LD-1037,2025-10-13,3602,2225.48
D02,LD-1037,2025-10-20,2588,1545.73
D02,LD-1037,2025-10-27,2979,1770.52
D02,LD-1037,2025-11-03,2763,1747.36
D02,LD-1037,2025-11-10,3075,1905.94
D02,LD-1037,2025-11-17,3419,1991.89
D02,LD-1037,2025-11-24,3319,1938.06
D02,LD-1037,2025-12-01,3245,2043.91
D02,LD-1037,2025-12-08,3109,1887.89
D02,LD-1037,2025-12-15,2975,1821.01
D02,LD-1037,2025-12-22,3656,2123.44
D02,LD-1037,2025-12-29,2429,1471.46
D02,LD-1037,2026-01-05,2783,1621.89
D02,LD-1037,2026-01-12,3289,1896.24
D02,LD-1037,2026-01-19,3914,2487.46
D02,LD-1037,2026-01-26,2976,1733.18
D02,LD-1037,2026-02-02,3039,1884.66
D02,LD-1037,2026-02-09,2627,1677.8
D02,LD-1037,2026-02-16,2965,1732.64
D02,LD-1037,2026-02-23,3611,2219.77
D02,LD-1037,2026-03-02,4155,2577.22
D02,LD-1037,2026-03-09,3168,1907.84
D02,LD-1037,2026-03-16,2965,1742.27
D02,LD-1037,2026-03-23,3409,2093.82
D02,LD-1037,2026-03-30,2672,1630.53
D02,LD-1037,2026-04-06,4132,2649.27
D02,LD-1037,2026-04-13,2877,1667.35
D02,LD-1037,2026-04-20,3654,2253.81
D02,LD-1037,2026-04-27,3669,2131.66
D02,LD-1037,2026-05-04,3877,2406.57
D02,LD-1037,2026-05-11,3683,2270.57
D02,LD-1037,2026-05-18,3559,2274.18
D02,LD-1037,2026-05-25,3804,2367.05
D02,LD-1037,2026-06-01,4050,2530.13
D02,LD-1037,2026-06-08,4681,2957.9
D02,LD-1037,2026-06-15,3029,1812.02
D02,LD-1037,2026-06-22,2707,1613.12
D02,IG-1014,2024-01-01,55,2464.58
D02,IG-1014,2024-01-08,67,3046.85
D02,IG-1014,2024-01-15,54,2446.01
D02,IG-1014,2024-01-22,60,2519.66
D02,IG-1014,2024-01-29,56,2404.93
D02,IG-1014,2024-02-05,57,2584.19
D02,IG-1014,2024-02-12,73,3052.84
D02,IG-1014,2024-02-19,50,2233.45
D02,IG-1014,2024-02-26,63,2616.22
D02,IG-1014,2024-03-04,67,2957.81
D02,IG-1014,2024-03-11,75,3113.46
D02,IG-1014,2024-03-18,65,2769.5
D02,IG-1014,2024-03-25,77,3321.88
D02,IG-1014,2024-04-01,67,2959.23
D02,IG-1014,2024-04-08,70,3114.71
D02,IG-1014,2024-04-15,70,3167.79
D02,IG-1014,2024-04-22,77,3185.16
D02,IG-1014,2024-04-29,77,3492.8
D02,IG-1014,2024-05-06,60,2689.02
D02,IG-1014,2024-05-13,74,3386.77
D02,IG-1014,2024-05-20,79,3435.98
D02,IG-1014,2024-05-27,91,3793.56
D02,IG-1014,2024-06-03,63,2590.59
D02,IG-1014,2024-06-10,80,3291.31
D02,IG-1014,2024-06-17,70,3046.15
D02,IG-1014,2024-06-24,76,3459.3
D02,IG-1014,2024-07-01,63,2620.05
D02,IG-1014,2024-07-08,74,3020.33
D02,IG-1014,2024-07-15,78,3524.5
D02,IG-1014,2024-07-22,64,2837.46
D02,IG-1014,2024-07-29,91,3850.25
D02,IG-1014,2024-08-05,58,2475.77
D02,IG-1014,2024-08-12,79,3440.68
D02,IG-1014,2024-08-19,50,2095.91
D02,IG-1014,2024-08-26,70,2862.63
D02,IG-1014,2024-09-02,77,3219.87
D02,IG-1014,2024-09-09,79,3543.19
D02,IG-1014,2024-09-16,70,2905.65
D02,IG-1014,2024-09-23,68,2918.62
D02,IG-1014,2024-09-30,76,3239.33
D02,IG-1014,2024-10-07,80,3539.22
D02,IG-1014,2024-10-14,85,3629.63
D02,IG-1014,2024-10-21,57,2349.09
D02,IG-1014,2024-10-28,67,2819.92
D02,IG-1014,2024-11-04,49,2103.76
D02,IG-1014,2024-11-11,56,2441.35
D02,IG-1014,2024-11-18,62,2621.76
D02,IG-1014,2024-11-25,78,3385.7
D02,IG-1014,2024-12-02,64,2767.61
D02,IG-1014,2024-12-09,66,2918.66
D02,IG-1014,2024-12-16,72,2996.47
D02,IG-1014,2024-12-23,63,2667.19
D02,IG-1014,2024-12-30,52,2204.67
D02,IG-1014,2025-01-06,63,2681.45
D02,IG-1014,2025-01-13,70,3049.88
D02,IG-1014,2025-01-20,77,3288.6
D02,IG-1014,2025-01-27,70,2955.4
D02,IG-1014,2025-02-03,78,3295.19
D02,IG-1014,2025-02-10,85,3499.02
D02,IG-1014,2025-02-17,89,3734.74
D02,IG-1014,2025-02-24,78,3398.25
D02,IG-1014,2025-03-03,65,2864.07
D02,IG-1014,2025-03-10,65,2864.8
D02,IG-1014,2025-03-17,66,2913.37
D02,IG-1014,2025-03-24,68,2971.2
D02,IG-1014,2025-03-31,82,3585.12
D02,IG-1014,2025-04-07,109,4909.09
D02,IG-1014,2025-04-14,85,3781.74
D02,IG-1014,2025-04-21,83,3386.34
D02,IG-1014,2025-04-28,98,4090.14
D02,IG-1014,2025-05-05,75,3165.27
D02,IG-1014,2025-05-12,100,4269.07
D02,IG-1014,2025-05-19,100,4329.57
D02,IG-1014,2025-05-26,88,3884.45
D02,IG-1014,2025-06-02,120,5304.6
D02,IG-1014,2025-06-09,104,4262.13
D02,IG-1014,2025-06-16,88,3972.6
D02,IG-1014,2025-06-23,86,3655.2
D02,IG-1014,2025-06-30,82,3548.2
D02,IG-1014,2025-07-07,66,2873.17
D02,IG-1014,2025-07-14,65,2833.25
D02,IG-1014,2025-07-21,62,2828.45
D02,IG-1014,2025-07-28,62,2620.53
D02,IG-1014,2025-08-04,53,2225.78
D02,IG-1014,2025-08-11,57,2514.05
D02,IG-1014,2025-08-18,48,2104.82
D02,IG-1014,2025-08-25,64,2877.45
D02,IG-1014,2025-09-01,60,2508.87
D02,IG-1014,2025-09-08,57,2427.37
D02,IG-1014,2025-09-15,66,2683.77
D02,IG-1014,2025-09-22,50,2087.1
D02,IG-1014,2025-09-29,50,2151.3
D02,IG-1014,2025-10-06,44,1897.84
D02,IG-1014,2025-10-13,63,2855.0
D02,IG-1014,2025-10-20,58,2615.77
D02,IG-1014,2025-10-27,64,2606.72
D02,IG-1014,2025-11-03,65,2687.81
D02,IG-1014,2025-11-10,48,2002.05
D02,IG-1014,2025-11-17,45,1902.52
D02,IG-1014,2025-11-24,38,1717.37
D02,IG-1014,2025-12-01,42,1863.91
D02,IG-1014,2025-12-08,46,1961.52
D02,IG-1014,2025-12-15,35,1590.35
D02,IG-1014,2025-12-22,41,1796.24
D02,IG-1014,2025-12-29,47,2012.87
D02,IG-1014,2026-01-05,54,2471.35
D02,IG-1014,2026-01-12,42,1770.4
D02,IG-1014,2026-01-19,48,1982.03
D02,IG-1014,2026-01-26,62,2836.66
D02,IG-1014,2026-02-02,36,1481.72
D02,IG-1014,2026-02-09,55,2301.21
D02,IG-1014,2026-02-16,50,2124.99
D02,IG-1014,2026-02-23,57,2430.47
D02,IG-1014,2026-03-02,54,2435.77
D02,IG-1014,2026-03-09,43,1857.63
D02,IG-1014,2026-03-16,47,2053.26
D02,IG-1014,2026-03-23,38,1720.8
D02,IG-1014,2026-03-30,44,1840.4
D02,IG-1014,2026-04-06,47,2053.94
D02,IG-1014,2026-04-13,49,2020.4
D02,IG-1014,2026-04-20,53,2306.37
D02,IG-1014,2026-04-27,60,2612.38
D02,IG-1014,2026-05-04,45,1960.2
D02,IG-1014,2026-05-11,57,2557.16
D02,IG-1014,2026-05-18,50,2201.58
D02,IG-1014,2026-05-25,40,1773.56
D02,IG-1014,2026-06-01,47,2073.41
D02,IG-1014,2026-06-08,49,2189.3
D02,IG-1014,2026-06-15,43,1773.35
D02,IG-1014,2026-06-22,41,1721.72
D02,PM-1005,2024-01-01,1090,585.13
D02,PM-1005,2024-01-08,1295,717.65
D02,PM-1005,2024-01-15,1084,595.67
D02,PM-1005,2024-01-22,1720,938.3
D02,PM-1005,2024-01-29,1373,741.83
D02,PM-1005,2024-02-05,1867,1025.53
D02,PM-1005,2024-02-12,1289,699.94
D02,PM-1005,2024-02-19,1271,637.04
D02,PM-1005,2024-02-26,1532,833.74
D02,PM-1005,2024-03-04,1361,716.74
D02,PM-1005,2024-03-11,1654,850.28
D02,PM-1005,2024-03-18,1790,907.28
D02,PM-1005,2024-03-25,1718,910.32
D02,PM-1005,2024-04-01,1804,992.24
D02,PM-1005,2024-04-08,1676,928.66
D02,PM-1005,2024-04-15,1376,722.21
D02,PM-1005,2024-04-22,1786,921.45
D02,PM-1005,2024-04-29,1682,922.44
D02,PM-1005,2024-05-06,1389,717.87
D02,PM-1005,2024-05-13,1422,724.41
D02,PM-1005,2024-05-20,1515,772.89
D02,PM-1005,2024-05-27,1820,985.02
D02,PM-1005,2024-06-03,1570,829.46
D02,PM-1005,2024-06-10,1542,804.5
D02,PM-1005,2024-06-17,1506,758.79
D02,PM-1005,2024-06-24,1461,736.03
D02,PM-1005,2024-07-01,1290,645.68
D02,PM-1005,2024-07-08,1724,941.09
D02,PM-1005,2024-07-15,1308,659.82
D02,PM-1005,2024-07-22,1530,831.19
D02,PM-1005,2024-07-29,1416,723.72
D02,PM-1005,2024-08-05,1676,889.2
D02,PM-1005,2024-08-12,1408,716.64
D02,PM-1005,2024-08-19,1264,631.76
D02,PM-1005,2024-08-26,1690,879.42
D02,PM-1005,2024-09-02,1275,663.07
D02,PM-1005,2024-09-09,1463,780.14
D02,PM-1005,2024-09-16,1713,931.39
D02,PM-1005,2024-09-23,1256,696.94
D02,PM-1005,2024-09-30,1367,733.16
D02,PM-1005,2024-10-07,1290,669.47
D02,PM-1005,2024-10-14,1391,766.37
D02,PM-1005,2024-10-21,1340,730.6
D02,PM-1005,2024-10-28,1543,815.82
D02,PM-1005,2024-11-04,1216,659.65
D02,PM-1005,2024-11-11,1608,811.34
D02,PM-1005,2024-11-18,1682,896.4
D02,PM-1005,2024-11-25,1370,738.96
D02,PM-1005,2024-12-02,1169,596.28
D02,PM-1005,2024-12-09,1307,707.2
D02,PM-1005,2024-12-16,1291,712.81
D02,PM-1005,2024-12-23,1720,862.2
D02,PM-1005,2024-12-30,1302,666.89
D02,PM-1005,2025-01-06,1634,862.51
D02,PM-1005,2025-01-13,1358,717.16
D02,PM-1005,2025-01-20,1353,744.77
D02,PM-1005,2025-01-27,1283,644.24
D02,PM-1005,2025-02-03,1312,701.56
D02,PM-1005,2025-02-10,1573,834.02
D02,PM-1005,2025-02-17,1245,665.71
D02,PM-1005,2025-02-24,1619,895.76
D02,PM-1005,2025-03-03,1757,943.9
D02,PM-1005,2025-03-10,1308,690.08
D02,PM-1005,2025-03-17,1730,875.98
D02,PM-1005,2025-03-24,1705,892.4
D02,PM-1005,2025-03-31,1674,881.71
D02,PM-1005,2025-04-07,1347,675.96
D02,PM-1005,2025-04-14,1468,763.58
D02,PM-1005,2025-04-21,1478,788.5
D02,PM-1005,2025-04-28,2073,1150.39
D02,PM-1005,2025-05-05,1521,847.59
D02,PM-1005,2025-05-12,1489,794.7
D02,PM-1005,2025-05-19,1293,652.06
D02,PM-1005,2025-05-26,1331,694.99
D02,PM-1005,2025-06-02,1392,716.91
D02,PM-1005,2025-06-09,1630,837.92
D02,PM-1005,2025-06-16,1246,694.21
D02,PM-1005,2025-06-23,1394,701.94
D02,PM-1005,2025-06-30,1162,596.08
D02,PM-1005,2025-07-07,1889,972.83
D02,PM-1005,2025-07-14,1548,830.96
D02,PM-1005,2025-07-21,1587,879.53
D02,PM-1005,2025-07-28,1278,645.9
D02,PM-1005,2025-08-04,1778,913.57
D02,PM-1005,2025-08-11,1857,973.67
D02,PM-1005,2025-08-18,1485,792.47
D02,PM-1005,2025-08-25,1356,690.45
D02,PM-1005,2025-09-01,1568,804.42
D02,PM-1005,2025-09-08,1596,853.16
D02,PM-1005,2025-09-15,1613,814.63
D02,PM-1005,2025-09-22,1549,813.13
D02,PM-1005,2025-09-29,1605,861.7
D02,PM-1005,2025-10-06,1240,626.52
D02,PM-1005,2025-10-13,1564,817.27
D02,PM-1005,2025-10-20,1264,634.35
D02,PM-1005,2025-10-27,922,494.01
D02,PM-1005,2025-11-03,1246,631.34
D02,PM-1005,2025-11-10,1222,615.72
D02,PM-1005,2025-11-17,1371,762.35
D02,PM-1005,2025-11-24,1495,761.86
D02,PM-1005,2025-12-01,1354,729.01
D02,PM-1005,2025-12-08,1777,949.53
D02,PM-1005,2025-12-15,1216,617.5
D02,PM-1005,2025-12-22,978,532.69
D02,PM-1005,2025-12-29,1379,759.96
D02,PM-1005,2026-01-05,1224,643.08
D02,PM-1005,2026-01-12,1134,607.09
D02,PM-1005,2026-01-19,1285,648.57
D02,PM-1005,2026-01-26,1203,633.23
D02,PM-1005,2026-02-02,1231,640.81
D02,PM-1005,2026-02-09,1729,871.53
D02,PM-1005,2026-02-16,1415,729.22
D02,PM-1005,2026-02-23,1347,750.92
D02,PM-1005,2026-03-02,1799,978.28
D02,PM-1005,2026-03-09,1367,702.79
D02,PM-1005,2026-03-16,1200,640.21
D02,PM-1005,2026-03-23,1194,611.0
D02,PM-1005,2026-03-30,1452,793.18
D02,PM-1005,2026-04-06,1159,634.96
D02,PM-1005,2026-04-13,1253,671.08
D02,PM-1005,2026-04-20,1421,719.47
D02,PM-1005,2026-04-27,1795,907.88
D02,PM-1005,2026-05-04,1849,1020.53
D02,PM-1005,2026-05-11,1690,906.54
D02,PM-1005,2026-05-18,1535,820.21
D02,PM-1005,2026-05-25,1414,721.01
D02,PM-1005,2026-06-01,1635,862.96
D02,PM-1005,2026-06-08,2017,1115.91
D02,PM-1005,2026-06-15,1576,873.76
D02,PM-1005,2026-06-22,1437,771.54
D02,PW-1033,2024-01-01,1695,7061.65
D02,PW-1033,2024-01-08,1371,5632.88
D02,PW-1033,2024-01-15,1951,8040.26
D02,PW-1033,2024-01-22,1658,7007.14
D02,PW-1033,2024-01-29,1403,5842.58
D02,PW-1033,2024-02-05,1657,7159.04
D02,PW-1033,2024-02-12,1785,7439.46
D02,PW-1033,2024-02-19,1687,7436.24
D02,PW-1033,2024-02-26,1610,7246.29
D02,PW-1033,2024-03-04,941,4005.11
D02,PW-1033,2024-03-11,1382,6180.79
D02,PW-1033,2024-03-18,1790,7874.21
D02,PW-1033,2024-03-25,1410,6147.92
D02,PW-1033,2024-04-01,1785,7508.4
D02,PW-1033,2024-04-08,1907,7810.06
D02,PW-1033,2024-04-15,1658,6943.69
D02,PW-1033,2024-04-22,1306,5293.49
D02,PW-1033,2024-04-29,1537,6821.05
D02,PW-1033,2024-05-06,1916,7941.64
D02,PW-1033,2024-05-13,2102,9439.29
D02,PW-1033,2024-05-20,1281,5268.77
D02,PW-1033,2024-05-27,1780,7931.08
D02,PW-1033,2024-06-03,1416,6182.13
D02,PW-1033,2024-06-10,1793,7371.31
D02,PW-1033,2024-06-17,1729,7503.2
D02,PW-1033,2024-06-24,2524,10205.23
D02,PW-1033,2024-07-01,1632,7243.07
D02,PW-1033,2024-07-08,2067,8536.56
D02,PW-1033,2024-07-15,2049,9086.28
D02,PW-1033,2024-07-22,1704,7137.55
D02,PW-1033,2024-07-29,1778,7962.54
D02,PW-1033,2024-08-05,1737,7081.55
D02,PW-1033,2024-08-12,1544,6862.97
D02,PW-1033,2024-08-19,1514,6267.53
D02,PW-1033,2024-08-26,1601,6578.67
D02,PW-1033,2024-09-02,1424,6044.55
D02,PW-1033,2024-09-09,1555,6486.19
D02,PW-1033,2024-09-16,1615,7276.15
D02,PW-1033,2024-09-23,1691,7062.2
D02,PW-1033,2024-09-30,1751,7084.1
D02,PW-1033,2024-10-07,1579,6954.2
D02,PW-1033,2024-10-14,1439,5967.31
D02,PW-1033,2024-10-21,1711,7012.84
D02,PW-1033,2024-10-28,1797,7374.74
D02,PW-1033,2024-11-04,1477,6129.56
D02,PW-1033,2024-11-11,1366,6161.78
D02,PW-1033,2024-11-18,1477,5985.85
D02,PW-1033,2024-11-25,1535,6655.85
D02,PW-1033,2024-12-02,1872,8262.07
D02,PW-1033,2024-12-09,1752,7493.19
D02,PW-1033,2024-12-16,1582,7004.63
D02,PW-1033,2024-12-23,2112,8711.27
D02,PW-1033,2024-12-30,1588,6978.56
D02,PW-1033,2025-01-06,1985,8609.48
D02,PW-1033,2025-01-13,1942,8690.24
D02,PW-1033,2025-01-20,1937,8144.06
D02,PW-1033,2025-01-27,1726,7742.92
D02,PW-1033,2025-02-03,1690,7224.98
D02,PW-1033,2025-02-10,1679,7141.93
D02,PW-1033,2025-02-17,1927,8369.06
D02,PW-1033,2025-02-24,1524,6215.55
D02,PW-1033,2025-03-03,1668,7473.96
D02,PW-1033,2025-03-10,2254,9593.17
D02,PW-1033,2025-03-17,1949,8514.06
D02,PW-1033,2025-03-24,2071,8949.21
D02,PW-1033,2025-03-31,1510,6461.16
D02,PW-1033,2025-04-07,1718,7198.45
D02,PW-1033,2025-04-14,1946,8669.75
D02,PW-1033,2025-04-21,1856,7587.45
D02,PW-1033,2025-04-28,1566,6899.25
D02,PW-1033,2025-05-05,2125,9313.51
D02,PW-1033,2025-05-12,2243,9745.9
D02,PW-1033,2025-05-19,1838,7852.38
D02,PW-1033,2025-05-26,2171,9188.06
D02,PW-1033,2025-06-02,2621,11567.51
D02,PW-1033,2025-06-09,2436,10937.67
D02,PW-1033,2025-06-16,1871,7755.76
D02,PW-1033,2025-06-23,1644,6917.96
D02,PW-1033,2025-06-30,2006,8248.18
D02,PW-1033,2025-07-07,2750,11949.26
D02,PW-1033,2025-07-14,2357,9658.67
D02,PW-1033,2025-07-21,1919,8343.51
D02,PW-1033,2025-07-28,2416,10495.39
D02,PW-1033,2025-08-04,2265,9543.84
D02,PW-1033,2025-08-11,1421,6302.15
D02,PW-1033,2025-08-18,2200,9241.03
D02,PW-1033,2025-08-25,1896,7939.84
D02,PW-1033,2025-09-01,1623,6736.01
D02,PW-1033,2025-09-08,1859,7890.4
D02,PW-1033,2025-09-15,1935,8667.26
D02,PW-1033,2025-09-22,1602,6614.8
D02,PW-1033,2025-09-29,1758,7815.74
D02,PW-1033,2025-10-06,1691,6998.24
D02,PW-1033,2025-10-13,1988,8259.42
D02,PW-1033,2025-10-20,1676,7396.12
D02,PW-1033,2025-10-27,1351,5863.56
D02,PW-1033,2025-11-03,1623,7167.56
D02,PW-1033,2025-11-10,1500,6674.36
D02,PW-1033,2025-11-17,1420,6191.58
D02,PW-1033,2025-11-24,2055,8411.13
D02,PW-1033,2025-12-01,1942,7949.33
D02,PW-1033,2025-12-08,1490,6297.67
D02,PW-1033,2025-12-15,1427,5841.96
D02,PW-1033,2025-12-22,1706,7373.14
D02,PW-1033,2025-12-29,1427,5961.61
D02,PW-1033,2026-01-05,1689,7566.22
D02,PW-1033,2026-01-12,1782,7746.68
D02,PW-1033,2026-01-19,1861,8387.01
D02,PW-1033,2026-01-26,1887,8255.07
D02,PW-1033,2026-02-02,1610,6657.41
D02,PW-1033,2026-02-09,1849,7878.7
D02,PW-1033,2026-02-16,2240,10024.09
D02,PW-1033,2026-02-23,1365,5681.04
D02,PW-1033,2026-03-02,1985,8345.12
D02,PW-1033,2026-03-09,1602,6749.9
D02,PW-1033,2026-03-16,2386,10464.08
D02,PW-1033,2026-03-23,2209,9013.37
D02,PW-1033,2026-03-30,2222,9859.12
D02,PW-1033,2026-04-06,1756,7522.41
D02,PW-1033,2026-04-13,2096,9193.22
D02,PW-1033,2026-04-20,2150,9020.78
D02,PW-1033,2026-04-27,1436,5853.02
D02,PW-1033,2026-05-04,2109,8806.45
D02,PW-1033,2026-05-11,2276,9770.32
D02,PW-1033,2026-05-18,1688,7330.69
D02,PW-1033,2026-05-25,2294,9506.42
D02,PW-1033,2026-06-01,2134,9046.86
D02,PW-1033,2026-06-08,2592,11491.57
D02,PW-1033,2026-06-15,1982,8863.14
D02,PW-1033,2026-06-22,2166,9076.46
D03,LD-1041,2024-01-01,2546,1384.61
D03,LD-1041,2024-01-08,3293,1660.84
D03,LD-1041,2024-01-15,2803,1506.08
D03,LD-1041,2024-01-22,2153,1064.65
D03,LD-1041,2024-01-29,4578,2415.13
D03,LD-1041,2024-02-05,2577,1335.52
D03,LD-1041,2024-02-12,2025,1015.18
D03,LD-1041,2024-02-19,2251,1158.62
D03,LD-1041,2024-02-26,2274,1200.43
D03,LD-1041,2024-03-04,2190,1123.45
D03,LD-1041,2024-03-11,2923,1547.73
D03,LD-1041,2024-03-18,1832,947.95
D03,LD-1041,2024-03-25,3196,1746.24
D03,LD-1041,2024-04-01,3145,1563.54
D03,LD-1041,2024-04-08,2622,1339.76
D03,LD-1041,2024-04-15,3246,1717.61
D03,LD-1041,2024-04-22,2419,1202.17
D03,LD-1041,2024-04-29,2528,1348.87
D03,LD-1041,2024-05-06,3133,1586.77
D03,LD-1041,2024-05-13,2809,1464.8
D03,LD-1041,2024-05-20,2649,1451.85
D03,LD-1041,2024-05-27,2868,1557.69
D03,LD-1041,2024-06-03,3561,1775.97
D03,LD-1041,2024-06-10,3542,1891.61
D03,LD-1041,2024-06-17,3114,1656.1
D03,LD-1041,2024-06-24,2765,1368.61
D03,LD-1041,2024-07-01,3146,1704.14
D03,LD-1041,2024-07-08,2547,1368.29
D03,LD-1041,2024-07-15,3438,1792.2
D03,LD-1041,2024-07-22,3308,1732.59
D03,LD-1041,2024-07-29,3808,1966.92
D03,LD-1041,2024-08-05,2509,1342.21
D03,LD-1041,2024-08-12,2443,1215.93
D03,LD-1041,2024-08-19,3023,1572.97
D03,LD-1041,2024-08-26,2648,1336.49
D03,LD-1041,2024-09-02,3175,1734.07
D03,LD-1041,2024-09-09,3298,1779.64
D03,LD-1041,2024-09-16,3461,1852.13
D03,LD-1041,2024-09-23,2678,1423.01
D03,LD-1041,2024-09-30,3001,1519.35
D03,LD-1041,2024-10-07,2412,1201.98
D03,LD-1041,2024-10-14,2669,1343.85
D03,LD-1041,2024-10-21,2543,1288.99
D03,LD-1041,2024-10-28,2504,1369.9
D03,LD-1041,2024-11-04,3324,1824.35
D03,LD-1041,2024-11-11,2056,1033.01
D03,LD-1041,2024-11-18,2502,1337.78
D03,LD-1041,2024-11-25,2517,1304.41
D03,LD-1041,2024-12-02,2744,1442.01
D03,LD-1041,2024-12-09,2112,1083.26
D03,LD-1041,2024-12-16,2382,1285.52
D03,LD-1041,2024-12-23,2283,1240.18
D03,LD-1041,2024-12-30,1786,960.34
D03,LD-1041,2025-01-06,2994,1523.84
D03,LD-1041,2025-01-13,2028,1029.59
D03,LD-1041,2025-01-20,2001,1014.8
D03,LD-1041,2025-01-27,2955,1609.15
D03,LD-1041,2025-02-03,2457,1231.22
D03,LD-1041,2025-02-10,2491,1304.96
D03,LD-1041,2025-02-17,2521,1332.48
D03,LD-1041,2025-02-24,3119,1633.35
D03,LD-1041,2025-03-03,2468,1232.36
D03,LD-1041,2025-03-10,2959,1476.64
D03,LD-1041,2025-03-17,2303,1143.97
D03,LD-1041,2025-03-24,2899,1455.58
D03,LD-1041,2025-03-31,3187,1621.89
D03,LD-1041,2025-04-07,3466,1779.4
D03,LD-1041,2025-04-14,2243,1226.24
D03,LD-1041,2025-04-21,2726,1468.3
D03,LD-1041,2025-04-28,3646,1862.48
D03,LD-1041,2025-05-05,3313,1716.32
D03,LD-1041,2025-05-12,2813,1402.84
D03,LD-1041,2025-05-19,2911,1467.9
D03,LD-1041,2025-05-26,3050,1632.38
D03,LD-1041,2025-06-02,2763,1461.34
D03,LD-1041,2025-06-09,3173,1675.97
D03,LD-1041,2025-06-16,3145,1595.5
D03,LD-1041,2025-06-23,2468,1277.42
D03,LD-1041,2025-06-30,2703,1387.16
D03,LD-1041,2025-07-07,2708,1469.47
D03,LD-1041,2025-07-14,2776,1455.17
D03,LD-1041,2025-07-21,2987,1613.91
D03,LD-1041,2025-07-28,2928,1606.43
D03,LD-1041,2025-08-04,2540,1341.79
D03,LD-1041,2025-08-11,3432,1822.89
D03,LD-1041,2025-08-18,2786,1521.01
D03,LD-1041,2025-08-25,3436,1762.82
D03,LD-1041,2025-09-01,3392,1813.62
D03,LD-1041,2025-09-08,2309,1239.38
D03,LD-1041,2025-09-15,2490,1323.65
D03,LD-1041,2025-09-22,2494,1312.75
D03,LD-1041,2025-09-29,2756,1478.78
D03,LD-1041,2025-10-06,2906,1530.41
D03,LD-1041,2025-10-13,2641,1412.97
D03,LD-1041,2025-10-20,2360,1197.75
D03,LD-1041,2025-10-27,3260,1796.06
D03,LD-1041,2025-11-03,2368,1204.77
D03,LD-1041,2025-11-10,2811,1513.22
D03,LD-1041,2025-11-17,2490,1348.58
D03,LD-1041,2025-11-24,2472,1297.86
D03,LD-1041,2025-12-01,2757,1376.68
D03,LD-1041,2025-12-08,3139,1596.39
D03,LD-1041,2025-12-15,2608,1406.08
D03,LD-1041,2025-12-22,2320,1168.13
D03,LD-1041,2025-12-29,3127,1690.04
D03,LD-1041,2026-01-05,2708,1458.86
D03,LD-1041,2026-01-12,2594,1321.38
D03,LD-1041,2026-01-19,2969,1466.79
D03,LD-1041,2026-01-26,2690,1426.95
D03,LD-1041,2026-02-02,3735,1974.0
D03,LD-1041,2026-02-09,2607,1398.49
D03,LD-1041,2026-02-16,3125,1556.08
D03,LD-1041,2026-02-23,2837,1471.14
D03,LD-1041,2026-03-02,2863,1464.53
D03,LD-1041,2026-03-09,2564,1361.55
D03,LD-1041,2026-03-16,2590,1340.19
D03,LD-1041,2026-03-23,2972,1471.26
D03,LD-1041,2026-03-30,2444,1258.78
D03,LD-1041,2026-04-06,2575,1410.86
D03,LD-1041,2026-04-13,2836,1550.97
D03,LD-1041,2026-04-20,3433,1800.65
D03,LD-1041,2026-04-27,2904,1440.39
D03,LD-1041,2026-05-04,2913,1580.7
D03,LD-1041,2026-05-11,2473,1361.6
D03,LD-1041,2026-05-18,3752,2004.2
D03,LD-1041,2026-05-25,3444,1863.37
D03,LD-1041,2026-06-01,3508,1768.27
D03,LD-1041,2026-06-08,2351,1280.98
D03,LD-1041,2026-06-15,3080,1681.34
D03,LD-1041,2026-06-22,2534,1324.46
D03,IG-1012,2024-01-01,61,4184.37
D03,IG-1012,2024-01-08,71,4621.98
D03,IG-1012,2024-01-15,74,4959.38
D03,IG-1012,2024-01-22,66,4396.1
D03,IG-1012,2024-01-29,60,3943.9
D03,IG-1012,2024-02-05,66,4714.73
D03,IG-1012,2024-02-12,60,4006.92
D03,IG-1012,2024-02-19,88,5889.11
D03,IG-1012,2024-02-26,86,6073.46
D03,IG-1012,2024-03-04,74,4801.82
D03,IG-1012,2024-03-11,68,4484.38
D03,IG-1012,2024-03-18,101,6674.75
D03,IG-1012,2024-03-25,92,6214.35
D03,IG-1012,2024-04-01,79,5245.24
D03,IG-1012,2024-04-08,105,7137.02
D03,IG-1012,2024-04-15,91,6397.48
D03,IG-1012,2024-04-22,95,6513.29
D03,IG-1012,2024-04-29,78,5140.26
D03,IG-1012,2024-05-06,73,4986.97
D03,IG-1012,2024-05-13,73,5204.81
D03,IG-1012,2024-05-20,128,9140.95
D03,IG-1012,2024-05-27,83,5815.72
D03,IG-1012,2024-06-03,95,6527.27
D03,IG-1012,2024-06-10,102,6714.97
D03,IG-1012,2024-06-17,95,6629.29
D03,IG-1012,2024-06-24,93,6676.0
D03,IG-1012,2024-07-01,93,6253.87
D03,IG-1012,2024-07-08,103,7218.41
D03,IG-1012,2024-07-15,82,5747.02
D03,IG-1012,2024-07-22,89,5828.06
D03,IG-1012,2024-07-29,67,4349.54
D03,IG-1012,2024-08-05,71,4832.17
D03,IG-1012,2024-08-12,77,5340.7
D03,IG-1012,2024-08-19,106,7546.69
D03,IG-1012,2024-08-26,89,6318.86
D03,IG-1012,2024-09-02,103,6906.84
D03,IG-1012,2024-09-09,97,6363.46
D03,IG-1012,2024-09-16,95,6843.35
D03,IG-1012,2024-09-23,79,5391.43
D03,IG-1012,2024-09-30,91,6072.66
D03,IG-1012,2024-10-07,93,6559.92
D03,IG-1012,2024-10-14,124,8317.34
D03,IG-1012,2024-10-21,84,5843.01
D03,IG-1012,2024-10-28,99,6923.18
D03,IG-1012,2024-11-04,87,5846.6
D03,IG-1012,2024-11-11,79,5384.61
D03,IG-1012,2024-11-18,100,6493.59
D03,IG-1012,2024-11-25,117,8306.8
D03,IG-1012,2024-12-02,92,6437.07
D03,IG-1012,2024-12-09,80,5622.08
D03,IG-1012,2024-12-16,95,6253.55
D03,IG-1012,2024-12-23,93,6014.64
D03,IG-1012,2024-12-30,125,8874.14
D03,IG-1012,2025-01-06,101,7209.23
D03,IG-1012,2025-01-13,79,5137.67
D03,IG-1012,2025-01-20,112,7216.07
D03,IG-1012,2025-01-27,105,7200.56
D03,IG-1012,2025-02-03,108,7726.13
D03,IG-1012,2025-02-10,102,6622.57
D03,IG-1012,2025-02-17,112,7993.55
D03,IG-1012,2025-02-24,105,7405.85
D03,IG-1012,2025-03-03,95,6276.65
D03,IG-1012,2025-03-10,102,7004.15
D03,IG-1012,2025-03-17,100,6902.99
D03,IG-1012,2025-03-24,108,7435.98
D03,IG-1012,2025-03-31,105,7029.18
D03,IG-1012,2025-04-07,101,7111.14
D03,IG-1012,2025-04-14,104,6722.01
D03,IG-1012,2025-04-21,108,7439.93
D03,IG-1012,2025-04-28,83,5673.08
D03,IG-1012,2025-05-05,128,8647.65
D03,IG-1012,2025-05-12,117,7579.6
D03,IG-1012,2025-05-19,102,6862.7
D03,IG-1012,2025-05-26,122,8106.62
D03,IG-1012,2025-06-02,104,7109.19
D03,IG-1012,2025-06-09,105,7114.96
D03,IG-1012,2025-06-16,120,8546.29
D03,IG-1012,2025-06-23,141,9709.46
D03,IG-1012,2025-06-30,118,7976.56
D03,IG-1012,2025-07-07,77,4977.22
D03,IG-1012,2025-07-14,81,5295.67
D03,IG-1012,2025-07-21,95,6289.43
D03,IG-1012,2025-07-28,88,5963.97
D03,IG-1012,2025-08-04,94,6731.72
D03,IG-1012,2025-08-11,85,6101.88
D03,IG-1012,2025-08-18,89,6371.74
D03,IG-1012,2025-08-25,105,6901.83
D03,IG-1012,2025-09-01,63,4368.09
D03,IG-1012,2025-09-08,108,7500.32
D03,IG-1012,2025-09-15,85,5637.47
D03,IG-1012,2025-09-22,108,7529.03
D03,IG-1012,2025-09-29,62,4348.39
D03,IG-1012,2025-10-06,75,4849.2
D03,IG-1012,2025-10-13,71,4878.53
D03,IG-1012,2025-10-20,78,5179.07
D03,IG-1012,2025-10-27,72,5067.0
D03,IG-1012,2025-11-03,70,4928.71
D03,IG-1012,2025-11-10,73,5118.66
D03,IG-1012,2025-11-17,63,4557.52
D03,IG-1012,2025-11-24,59,3969.63
D03,IG-1012,2025-12-01,68,4844.61
D03,IG-1012,2025-12-08,58,4095.68
D03,IG-1012,2025-12-15,61,4087.08
D03,IG-1012,2025-12-22,50,3458.11
D03,IG-1012,2025-12-29,62,4177.32
D03,IG-1012,2026-01-05,53,3600.95
D03,IG-1012,2026-01-12,61,4335.79
D03,IG-1012,2026-01-19,52,3616.58
D03,IG-1012,2026-01-26,61,4321.11
D03,IG-1012,2026-02-02,69,4983.95
D03,IG-1012,2026-02-09,55,3864.52
D03,IG-1012,2026-02-16,53,3568.23
D03,IG-1012,2026-02-23,68,4401.43
D03,IG-1012,2026-03-02,70,4837.95
D03,IG-1012,2026-03-09,65,4183.26
D03,IG-1012,2026-03-16,57,3823.75
D03,IG-1012,2026-03-23,55,3760.41
D03,IG-1012,2026-03-30,58,3880.76
D03,IG-1012,2026-04-06,60,4278.8
D03,IG-1012,2026-04-13,47,3107.28
D03,IG-1012,2026-04-20,53,3725.78
D03,IG-1012,2026-04-27,74,5036.24
D03,IG-1012,2026-05-04,64,4563.13
D03,IG-1012,2026-05-11,75,4827.79
D03,IG-1012,2026-05-18,72,4899.55
D03,IG-1012,2026-05-25,60,3990.17
D03,IG-1012,2026-06-01,60,3878.51
D03,IG-1012,2026-06-08,72,4967.13
D03,IG-1012,2026-06-15,70,4693.67
D03,IG-1012,2026-06-22,72,5063.37
D03,IG-1014,2024-01-01,34,1481.06
D03,IG-1014,2024-01-08,43,1815.97
D03,IG-1014,2024-01-15,40,1853.85
D03,IG-1014,2024-01-22,29,1212.98
D03,IG-1014,2024-01-29,38,1696.34
D03,IG-1014,2024-02-05,40,1769.67
D03,IG-1014,2024-02-12,34,1499.89
D03,IG-1014,2024-02-19,39,1796.95
D03,IG-1014,2024-02-26,44,1861.32
D03,IG-1014,2024-03-04,37,1578.22
D03,IG-1014,2024-03-11,44,1848.58
D03,IG-1014,2024-03-18,37,1541.17
D03,IG-1014,2024-03-25,36,1617.92
D03,IG-1014,2024-04-01,48,2074.38
D03,IG-1014,2024-04-08,53,2330.69
D03,IG-1014,2024-04-15,38,1722.79
D03,IG-1014,2024-04-22,53,2396.64
D03,IG-1014,2024-04-29,46,2038.81
D03,IG-1014,2024-05-06,33,1435.7
D03,IG-1014,2024-05-13,38,1568.89
D03,IG-1014,2024-05-20,52,2334.3
D03,IG-1014,2024-05-27,37,1578.15
D03,IG-1014,2024-06-03,44,1873.1
D03,IG-1014,2024-06-10,47,2016.36
D03,IG-1014,2024-06-17,51,2358.37
D03,IG-1014,2024-06-24,50,2134.28
D03,IG-1014,2024-07-01,61,2525.13
D03,IG-1014,2024-07-08,43,1790.7
D03,IG-1014,2024-07-15,49,2102.4
D03,IG-1014,2024-07-22,51,2250.22
D03,IG-1014,2024-07-29,53,2449.42
D03,IG-1014,2024-08-05,56,2554.08
D03,IG-1014,2024-08-12,45,1940.9
D03,IG-1014,2024-08-19,52,2232.9
D03,IG-1014,2024-08-26,41,1883.22
D03,IG-1014,2024-09-02,46,1976.68
D03,IG-1014,2024-09-09,50,2172.86
D03,IG-1014,2024-09-16,54,2345.79
D03,IG-1014,2024-09-23,50,2087.89
D03,IG-1014,2024-09-30,46,2124.32
D03,IG-1014,2024-10-07,45,1934.56
D03,IG-1014,2024-10-14,49,2088.31
D03,IG-1014,2024-10-21,62,2836.57
D03,IG-1014,2024-10-28,51,2178.84
D03,IG-1014,2024-11-04,47,2066.9
D03,IG-1014,2024-11-11,36,1663.55
D03,IG-1014,2024-11-18,39,1694.87
D03,IG-1014,2024-11-25,42,1850.44
D03,IG-1014,2024-12-02,51,2174.55
D03,IG-1014,2024-12-09,39,1707.29
D03,IG-1014,2024-12-16,49,2237.98
D03,IG-1014,2024-12-23,46,2015.95
D03,IG-1014,2024-12-30,48,2070.42
D03,IG-1014,2025-01-06,44,1898.96
D03,IG-1014,2025-01-13,42,1820.22
D03,IG-1014,2025-01-20,40,1841.4
D03,IG-1014,2025-01-27,52,2327.19
D03,IG-1014,2025-02-03,47,2034.85
D03,IG-1014,2025-02-10,41,1758.89
D03,IG-1014,2025-02-17,51,2284.69
D03,IG-1014,2025-02-24,83,3774.8
D03,IG-1014,2025-03-03,49,2080.03
D03,IG-1014,2025-03-10,65,2855.64
D03,IG-1014,2025-03-17,35,1502.74
D03,IG-1014,2025-03-24,50,2238.14
D03,IG-1014,2025-03-31,61,2674.15
D03,IG-1014,2025-04-07,53,2315.16
D03,IG-1014,2025-04-14,49,2058.83
D03,IG-1014,2025-04-21,54,2496.98
D03,IG-1014,2025-04-28,64,2732.23
D03,IG-1014,2025-05-05,77,3298.79
D03,IG-1014,2025-05-12,66,2800.08
D03,IG-1014,2025-05-19,52,2240.96
D03,IG-1014,2025-05-26,55,2258.02
D03,IG-1014,2025-06-02,55,2487.1
D03,IG-1014,2025-06-09,50,2303.36
D03,IG-1014,2025-06-16,56,2420.61
D03,IG-1014,2025-06-23,55,2320.35
D03,IG-1014,2025-06-30,48,2195.05
D03,IG-1014,2025-07-07,49,2073.91
D03,IG-1014,2025-07-14,46,2097.47
D03,IG-1014,2025-07-21,39,1614.38
D03,IG-1014,2025-07-28,43,1842.44
D03,IG-1014,2025-08-04,36,1490.69
D03,IG-1014,2025-08-11,37,1694.49
D03,IG-1014,2025-08-18,44,1881.36
D03,IG-1014,2025-08-25,42,1881.11
D03,IG-1014,2025-09-01,36,1612.77
D03,IG-1014,2025-09-08,40,1721.22
D03,IG-1014,2025-09-15,37,1669.26
D03,IG-1014,2025-09-22,32,1314.81
D03,IG-1014,2025-09-29,35,1593.6
D03,IG-1014,2025-10-06,38,1652.39
D03,IG-1014,2025-10-13,37,1542.74
D03,IG-1014,2025-10-20,27,1136.13
D03,IG-1014,2025-10-27,35,1539.7
D03,IG-1014,2025-11-03,34,1408.36
D03,IG-1014,2025-11-10,25,1118.95
D03,IG-1014,2025-11-17,29,1238.38
D03,IG-1014,2025-11-24,35,1452.39
D03,IG-1014,2025-12-01,39,1770.18
D03,IG-1014,2025-12-08,25,1125.05
D03,IG-1014,2025-12-15,36,1580.63
D03,IG-1014,2025-12-22,24,1060.51
D03,IG-1014,2025-12-29,38,1591.49
D03,IG-1014,2026-01-05,30,1295.68
D03,IG-1014,2026-01-12,28,1186.35
D03,IG-1014,2026-01-19,32,1473.46
D03,IG-1014,2026-01-26,27,1136.65
D03,IG-1014,2026-02-02,33,1425.31
D03,IG-1014,2026-02-09,30,1332.54
D03,IG-1014,2026-02-16,17,785.92
D03,IG-1014,2026-02-23,27,1196.43
D03,IG-1014,2026-03-02,32,1362.16
D03,IG-1014,2026-03-09,36,1581.99
D03,IG-1014,2026-03-16,32,1475.93
D03,IG-1014,2026-03-23,36,1502.31
D03,IG-1014,2026-03-30,27,1159.64
D03,IG-1014,2026-04-06,34,1416.31
D03,IG-1014,2026-04-13,34,1539.63
D03,IG-1014,2026-04-20,24,1070.62
D03,IG-1014,2026-04-27,37,1584.54
D03,IG-1014,2026-05-04,33,1458.98
D03,IG-1014,2026-05-11,30,1285.65
D03,IG-1014,2026-05-18,30,1245.8
D03,IG-1014,2026-05-25,27,1195.13
D03,IG-1014,2026-06-01,35,1590.14
D03,IG-1014,2026-06-08,33,1375.9
D03,IG-1014,2026-06-15,35,1443.18
D03,IG-1014,2026-06-22,32,1333.32
D03,SC-1018,2024-01-01,211,3644.06
D03,SC-1018,2024-01-08,151,2603.33
D03,SC-1018,2024-01-15,196,3281.03
D03,SC-1018,2024-01-22,179,3136.9
D03,SC-1018,2024-01-29,165,2794.55
D03,SC-1018,2024-02-05,185,3044.45
D03,SC-1018,2024-02-12,171,2950.43
D03,SC-1018,2024-02-19,248,4531.76
D03,SC-1018,2024-02-26,132,2376.65
D03,SC-1018,2024-03-04,174,2997.89
D03,SC-1018,2024-03-11,178,3030.66
D03,SC-1018,2024-03-18,183,3254.94
D03,SC-1018,2024-03-25,223,3987.34
D03,SC-1018,2024-04-01,179,2963.64
D03,SC-1018,2024-04-08,209,3509.99
D03,SC-1018,2024-04-15,203,3628.28
D03,SC-1018,2024-04-22,225,3986.63
D03,SC-1018,2024-04-29,197,3261.2
D03,SC-1018,2024-05-06,213,3656.15
D03,SC-1018,2024-05-13,201,3463.64
D03,SC-1018,2024-05-20,178,2952.27
D03,SC-1018,2024-05-27,263,4470.3
D03,SC-1018,2024-06-03,186,3279.8
D03,SC-1018,2024-06-10,195,3451.18
D03,SC-1018,2024-06-17,184,3358.81
D03,SC-1018,2024-06-24,223,4034.24
D03,SC-1018,2024-07-01,196,3523.05
D03,SC-1018,2024-07-08,264,4594.79
D03,SC-1018,2024-07-15,228,4046.25
D03,SC-1018,2024-07-22,201,3388.26
D03,SC-1018,2024-07-29,182,3201.27
D03,SC-1018,2024-08-05,205,3731.21
D03,SC-1018,2024-08-12,224,3904.26
D03,SC-1018,2024-08-19,205,3727.24
D03,SC-1018,2024-08-26,201,3347.92
D03,SC-1018,2024-09-02,175,2984.41
D03,SC-1018,2024-09-09,284,5137.12
D03,SC-1018,2024-09-16,196,3376.94
D03,SC-1018,2024-09-23,163,2879.04
D03,SC-1018,2024-09-30,169,3004.46
D03,SC-1018,2024-10-07,188,3091.84
D03,SC-1018,2024-10-14,264,4430.83
D03,SC-1018,2024-10-21,191,3146.68
D03,SC-1018,2024-10-28,185,3267.29
D03,SC-1018,2024-11-04,221,3947.47
D03,SC-1018,2024-11-11,223,4001.6
D03,SC-1018,2024-11-18,214,3776.3
D03,SC-1018,2024-11-25,200,3430.47
D03,SC-1018,2024-12-02,165,2943.82
D03,SC-1018,2024-12-09,174,2956.06
D03,SC-1018,2024-12-16,154,2718.11
D03,SC-1018,2024-12-23,190,3479.2
D03,SC-1018,2024-12-30,186,3156.43
D03,SC-1018,2025-01-06,184,3248.92
D03,SC-1018,2025-01-13,210,3807.52
D03,SC-1018,2025-01-20,184,3147.21
D03,SC-1018,2025-01-27,195,3511.33
D03,SC-1018,2025-02-03,193,3505.45
D03,SC-1018,2025-02-10,209,3597.76
D03,SC-1018,2025-02-17,225,4012.97
D03,SC-1018,2025-02-24,176,3110.0
D03,SC-1018,2025-03-03,234,3993.96
D03,SC-1018,2025-03-10,230,4150.67
D03,SC-1018,2025-03-17,239,4144.54
D03,SC-1018,2025-03-24,232,4000.08
D03,SC-1018,2025-03-31,243,4114.09
D03,SC-1018,2025-04-07,218,3599.57
D03,SC-1018,2025-04-14,251,4548.63
D03,SC-1018,2025-04-21,282,4719.23
D03,SC-1018,2025-04-28,223,3738.23
D03,SC-1018,2025-05-05,226,3975.81
D03,SC-1018,2025-05-12,268,4872.59
D03,SC-1018,2025-05-19,226,3782.77
D03,SC-1018,2025-05-26,222,3708.49
D03,SC-1018,2025-06-02,264,4686.43
D03,SC-1018,2025-06-09,233,4127.71
D03,SC-1018,2025-06-16,300,5466.31
D03,SC-1018,2025-06-23,233,4225.44
D03,SC-1018,2025-06-30,221,3834.33
D03,SC-1018,2025-07-07,190,3383.29
D03,SC-1018,2025-07-14,200,3308.74
D03,SC-1018,2025-07-21,194,3291.81
D03,SC-1018,2025-07-28,198,3497.68
D03,SC-1018,2025-08-04,166,2902.21
D03,SC-1018,2025-08-11,210,3596.8
D03,SC-1018,2025-08-18,136,2402.1
D03,SC-1018,2025-08-25,153,2716.84
D03,SC-1018,2025-09-01,170,2957.13
D03,SC-1018,2025-09-08,150,2584.23
D03,SC-1018,2025-09-15,156,2618.94
D03,SC-1018,2025-09-22,139,2290.72
D03,SC-1018,2025-09-29,153,2516.61
D03,SC-1018,2025-10-06,166,2949.64
D03,SC-1018,2025-10-13,141,2400.21
D03,SC-1018,2025-10-20,132,2334.05
D03,SC-1018,2025-10-27,138,2395.24
D03,SC-1018,2025-11-03,172,2966.01
D03,SC-1018,2025-11-10,170,2981.78
D03,SC-1018,2025-11-17,132,2285.49
D03,SC-1018,2025-11-24,152,2629.66
D03,SC-1018,2025-12-01,139,2444.57
D03,SC-1018,2025-12-08,167,2806.88
D03,SC-1018,2025-12-15,141,2469.53
D03,SC-1018,2025-12-22,132,2364.65
D03,SC-1018,2025-12-29,172,3037.09
D03,SC-1018,2026-01-05,117,2137.39
D03,SC-1018,2026-01-12,141,2528.13
D03,SC-1018,2026-01-19,164,2942.71
D03,SC-1018,2026-01-26,148,2562.53
D03,SC-1018,2026-02-02,119,2110.96
D03,SC-1018,2026-02-09,118,2122.56
D03,SC-1018,2026-02-16,108,1940.05
D03,SC-1018,2026-02-23,167,2967.04
D03,SC-1018,2026-03-02,113,1983.54
D03,SC-1018,2026-03-09,149,2626.8
D03,SC-1018,2026-03-16,108,1852.96
D03,SC-1018,2026-03-23,196,3407.67
D03,SC-1018,2026-03-30,109,1995.33
D03,SC-1018,2026-04-06,135,2277.71
D03,SC-1018,2026-04-13,160,2779.51
D03,SC-1018,2026-04-20,121,2087.17
D03,SC-1018,2026-04-27,147,2411.53
D03,SC-1018,2026-05-04,130,2158.01
D03,SC-1018,2026-05-11,145,2541.89
D03,SC-1018,2026-05-18,161,2819.91
D03,SC-1018,2026-05-25,129,2153.76
D03,SC-1018,2026-06-01,172,3095.64
D03,SC-1018,2026-06-08,145,2453.41
D03,SC-1018,2026-06-15,185,3175.34
D03,SC-1018,2026-06-22,121,2062.91
D03,PW-1032,2024-01-01,1598,6576.93
D03,PW-1032,2024-01-08,1259,5352.28
D03,PW-1032,2024-01-15,1488,5744.29
D03,PW-1032,2024-01-22,1367,5464.2
D03,PW-1032,2024-01-29,1178,4707.3
D03,PW-1032,2024-02-05,1361,5496.63
D03,PW-1032,2024-02-12,1511,6126.75
D03,PW-1032,2024-02-19,1897,7598.87
D03,PW-1032,2024-02-26,1317,5032.49
D03,PW-1032,2024-03-04,1477,5978.91
D03,PW-1032,2024-03-11,1735,6796.0
D03,PW-1032,2024-03-18,1850,7825.19
D03,PW-1032,2024-03-25,1405,5720.72
D03,PW-1032,2024-04-01,1529,5849.71
D03,PW-1032,2024-04-08,1869,7464.8
D03,PW-1032,2024-04-15,1725,7244.26
D03,PW-1032,2024-04-22,1882,7952.18
D03,PW-1032,2024-04-29,1938,7474.88
D03,PW-1032,2024-05-06,1779,7051.04
D03,PW-1032,2024-05-13,1684,6593.94
D03,PW-1032,2024-05-20,1499,6329.09
D03,PW-1032,2024-05-27,1605,6525.97
D03,PW-1032,2024-06-03,1627,6742.86
D03,PW-1032,2024-06-10,2005,8044.78
D03,PW-1032,2024-06-17,1722,6820.5
D03,PW-1032,2024-06-24,1725,6851.43
D03,PW-1032,2024-07-01,1444,5554.73
D03,PW-1032,2024-07-08,2004,7836.29
D03,PW-1032,2024-07-15,1487,5819.87
D03,PW-1032,2024-07-22,1592,6383.15
D03,PW-1032,2024-07-29,2013,8204.05
D03,PW-1032,2024-08-05,1879,7903.27
D03,PW-1032,2024-08-12,1439,5533.84
D03,PW-1032,2024-08-19,1381,5444.83
D03,PW-1032,2024-08-26,1564,6115.13
D03,PW-1032,2024-09-02,1468,6238.32
D03,PW-1032,2024-09-09,1274,5349.14
D03,PW-1032,2024-09-16,1407,5710.93
D03,PW-1032,2024-09-23,1035,4331.13
D03,PW-1032,2024-09-30,1776,7449.7
D03,PW-1032,2024-10-07,1747,7077.76
D03,PW-1032,2024-10-14,1889,7248.04
D03,PW-1032,2024-10-21,1603,6677.78
D03,PW-1032,2024-10-28,1413,5949.88
D03,PW-1032,2024-11-04,1754,6761.27
D03,PW-1032,2024-11-11,1349,5604.47
D03,PW-1032,2024-11-18,1226,5038.08
D03,PW-1032,2024-11-25,1461,6117.61
D03,PW-1032,2024-12-02,1588,6583.94
D03,PW-1032,2024-12-09,1324,5206.06
D03,PW-1032,2024-12-16,1281,5459.0
D03,PW-1032,2024-12-23,1413,5729.47
D03,PW-1032,2024-12-30,1608,6679.28
D03,PW-1032,2025-01-06,1488,6080.8
D03,PW-1032,2025-01-13,2274,8910.15
D03,PW-1032,2025-01-20,1513,6184.62
D03,PW-1032,2025-01-27,1743,6865.86
D03,PW-1032,2025-02-03,1266,5133.46
D03,PW-1032,2025-02-10,1736,6760.6
D03,PW-1032,2025-02-17,1499,6285.45
D03,PW-1032,2025-02-24,1622,6674.32
D03,PW-1032,2025-03-03,2116,8154.42
D03,PW-1032,2025-03-10,1572,6427.08
D03,PW-1032,2025-03-17,1382,5767.16
D03,PW-1032,2025-03-24,1430,6007.39
D03,PW-1032,2025-03-31,1763,6853.54
D03,PW-1032,2025-04-07,1767,7530.34
D03,PW-1032,2025-04-14,1773,7495.01
D03,PW-1032,2025-04-21,1458,5578.78
D03,PW-1032,2025-04-28,2416,10214.28
D03,PW-1032,2025-05-05,2237,8718.47
D03,PW-1032,2025-05-12,1843,7221.67
D03,PW-1032,2025-05-19,1446,5683.74
D03,PW-1032,2025-05-26,2315,9626.3
D03,PW-1032,2025-06-02,2171,8756.37
D03,PW-1032,2025-06-09,1864,7646.94
D03,PW-1032,2025-06-16,2199,9277.24
D03,PW-1032,2025-06-23,1706,7252.89
D03,PW-1032,2025-06-30,1589,6072.33
D03,PW-1032,2025-07-07,1876,7401.58
D03,PW-1032,2025-07-14,1447,5616.41
D03,PW-1032,2025-07-21,1540,6564.51
D03,PW-1032,2025-07-28,1964,8202.48
D03,PW-1032,2025-08-04,1866,7821.09
D03,PW-1032,2025-08-11,1454,6140.08
D03,PW-1032,2025-08-18,1671,6611.43
D03,PW-1032,2025-08-25,1443,5839.03
D03,PW-1032,2025-09-01,1627,6580.88
D03,PW-1032,2025-09-08,1587,6628.35
D03,PW-1032,2025-09-15,1999,8143.21
D03,PW-1032,2025-09-22,1669,6394.58
D03,PW-1032,2025-09-29,1635,6839.35
D03,PW-1032,2025-10-06,1587,6632.58
D03,PW-1032,2025-10-13,1291,5254.06
D03,PW-1032,2025-10-20,1636,6646.93
D03,PW-1032,2025-10-27,1775,6838.75
D03,PW-1032,2025-11-03,1701,6644.02
D03,PW-1032,2025-11-10,1816,6982.6
D03,PW-1032,2025-11-17,1825,7044.87
D03,PW-1032,2025-11-24,2267,9566.92
D03,PW-1032,2025-12-01,1376,5706.35
D03,PW-1032,2025-12-08,1690,6738.67
D03,PW-1032,2025-12-15,1723,7004.65
D03,PW-1032,2025-12-22,1564,6139.97
D03,PW-1032,2025-12-29,1499,6133.61
D03,PW-1032,2026-01-05,1787,7512.86
D03,PW-1032,2026-01-12,1774,6888.65
D03,PW-1032,2026-01-19,1437,6091.86
D03,PW-1032,2026-01-26,1297,5333.47
D03,PW-1032,2026-02-02,1593,6587.27
D03,PW-1032,2026-02-09,1566,6231.95
D03,PW-1032,2026-02-16,1917,7485.87
D03,PW-1032,2026-02-23,1541,6255.24
D03,PW-1032,2026-03-02,1743,7246.71
D03,PW-1032,2026-03-09,1402,5826.59
D03,PW-1032,2026-03-16,1451,6159.14
D03,PW-1032,2026-03-23,1649,6886.83
D03,PW-1032,2026-03-30,1802,7162.58
D03,PW-1032,2026-04-06,1671,7076.98
D03,PW-1032,2026-04-13,1949,8083.35
D03,PW-1032,2026-04-20,1491,5997.15
D03,PW-1032,2026-04-27,1879,7815.65
D03,PW-1032,2026-05-04,1895,7796.71
D03,PW-1032,2026-05-11,1582,6385.5
D03,PW-1032,2026-05-18,2046,7943.94
D03,PW-1032,2026-05-25,1434,5723.99
D03,PW-1032,2026-06-01,1797,7538.48
D03,PW-1032,2026-06-08,2246,8611.09
D03,PW-1032,2026-06-15,1431,5553.13
D03,PW-1032,2026-06-22,2209,8977.6
D03,IG-1008,2024-01-01,34,1528.11
D03,IG-1008,2024-01-08,41,1664.94
D03,IG-1008,2024-01-15,38,1643.6
D03,IG-1008,2024-01-22,30,1344.84
D03,IG-1008,2024-01-29,41,1762.06
D03,IG-1008,2024-02-05,32,1367.4
D03,IG-1008,2024-02-12,39,1621.92
D03,IG-1008,2024-02-19,34,1517.12
D03,IG-1008,2024-02-26,46,1924.34
D03,IG-1008,2024-03-04,42,1810.43
D03,IG-1008,2024-03-11,35,1404.93
D03,IG-1008,2024-03-18,37,1548.15
D03,IG-1008,2024-03-25,64,2725.23
D03,IG-1008,2024-04-01,33,1403.93
D03,IG-1008,2024-04-08,36,1514.56
D03,IG-1008,2024-04-15,37,1493.1
D03,IG-1008,2024-04-22,35,1423.56
D03,IG-1008,2024-04-29,36,1510.67
D03,IG-1008,2024-05-06,42,1751.55
D03,IG-1008,2024-05-13,46,1989.63
D03,IG-1008,2024-05-20,34,1448.2
D03,IG-1008,2024-05-27,40,1780.18
D03,IG-1008,2024-06-03,38,1647.41
D03,IG-1008,2024-06-10,37,1577.99
D03,IG-1008,2024-06-17,51,2097.93
D03,IG-1008,2024-06-24,39,1611.11
D03,IG-1008,2024-07-01,36,1519.21
D03,IG-1008,2024-07-08,50,2241.06
D03,IG-1008,2024-07-15,53,2329.14
D03,IG-1008,2024-07-22,45,1870.13
D03,IG-1008,2024-07-29,38,1546.66
D03,IG-1008,2024-08-05,42,1832.0
D03,IG-1008,2024-08-12,39,1722.81
D03,IG-1008,2024-08-19,43,1888.25
D03,IG-1008,2024-08-26,48,2058.6
D03,IG-1008,2024-09-02,42,1824.93
D03,IG-1008,2024-09-09,42,1776.74
D03,IG-1008,2024-09-16,39,1733.53
D03,IG-1008,2024-09-23,46,2046.43
D03,IG-1008,2024-09-30,44,1785.04
D03,IG-1008,2024-10-07,31,1364.93
D03,IG-1008,2024-10-14,31,1363.91
D03,IG-1008,2024-10-21,39,1668.03
D03,IG-1008,2024-10-28,47,2111.54
D03,IG-1008,2024-11-04,48,2056.64
D03,IG-1008,2024-11-11,45,1877.63
D03,IG-1008,2024-11-18,40,1725.03
D03,IG-1008,2024-11-25,50,2229.96
D03,IG-1008,2024-12-02,36,1626.72
D03,IG-1008,2024-12-09,39,1698.84
D03,IG-1008,2024-12-16,33,1466.56
D03,IG-1008,2024-12-23,39,1705.69
D03,IG-1008,2024-12-30,36,1591.24
D03,IG-1008,2025-01-06,52,2312.74
D03,IG-1008,2025-01-13,51,2197.23
D03,IG-1008,2025-01-20,43,1860.61
D03,IG-1008,2025-01-27,46,2032.21
D03,IG-1008,2025-02-03,40,1715.19
D03,IG-1008,2025-02-10,30,1212.06
D03,IG-1008,2025-02-17,40,1764.39
D03,IG-1008,2025-02-24,50,2021.3
D03,IG-1008,2025-03-03,49,1977.39
D03,IG-1008,2025-03-10,43,1806.28
D03,IG-1008,2025-03-17,52,2285.24
D03,IG-1008,2025-03-24,44,1937.08
D03,IG-1008,2025-03-31,40,1743.83
D03,IG-1008,2025-04-07,54,2271.08
D03,IG-1008,2025-04-14,45,1914.42
D03,IG-1008,2025-04-21,58,2518.26
D03,IG-1008,2025-04-28,37,1535.27
D03,IG-1008,2025-05-05,46,2033.68
D03,IG-1008,2025-05-12,56,2325.41
D03,IG-1008,2025-05-19,55,2425.4
D03,IG-1008,2025-05-26,50,2029.91
D03,IG-1008,2025-06-02,54,2351.28
D03,IG-1008,2025-06-09,53,2257.75
D03,IG-1008,2025-06-16,42,1695.71
D03,IG-1008,2025-06-23,49,2184.52
D03,IG-1008,2025-06-30,54,2380.85
D03,IG-1008,2025-07-07,43,1892.77
D03,IG-1008,2025-07-14,39,1599.71
D03,IG-1008,2025-07-21,36,1528.31
D03,IG-1008,2025-07-28,31,1256.38
D03,IG-1008,2025-08-04,42,1791.7
D03,IG-1008,2025-08-11,41,1803.39
D03,IG-1008,2025-08-18,42,1841.96
D03,IG-1008,2025-08-25,30,1334.65
D03,IG-1008,2025-09-01,36,1494.59
D03,IG-1008,2025-09-08,31,1312.2
D03,IG-1008,2025-09-15,34,1535.0
D03,IG-1008,2025-09-22,52,2143.7
D03,IG-1008,2025-09-29,38,1521.24
D03,IG-1008,2025-10-06,29,1186.17
D03,IG-1008,2025-10-13,31,1289.29
D03,IG-1008,2025-10-20,30,1241.63
D03,IG-1008,2025-10-27,31,1345.44
D03,IG-1008,2025-11-03,24,1023.39
D03,IG-1008,2025-11-10,31,1287.09
D03,IG-1008,2025-11-17,22,906.29
D03,IG-1008,2025-11-24,23,929.19
D03,IG-1008,2025-12-01,39,1686.09
D03,IG-1008,2025-12-08,27,1168.85
D03,IG-1008,2025-12-15,35,1518.35
D03,IG-1008,2025-12-22,25,1059.9
D03,IG-1008,2025-12-29,21,856.81
D03,IG-1008,2026-01-05,24,969.26
D03,IG-1008,2026-01-12,42,1867.51
D03,IG-1008,2026-01-19,23,910.64
D03,IG-1008,2026-01-26,36,1530.27
D03,IG-1008,2026-02-02,29,1210.84
D03,IG-1008,2026-02-09,28,1161.63
D03,IG-1008,2026-02-16,25,1042.37
D03,IG-1008,2026-02-23,24,1016.84
D03,IG-1008,2026-03-02,30,1245.17
D03,IG-1008,2026-03-09,34,1463.56
D03,IG-1008,2026-03-16,29,1183.89
D03,IG-1008,2026-03-23,31,1394.9
D03,IG-1008,2026-03-30,26,1099.07
D03,IG-1008,2026-04-06,39,1656.16
D03,IG-1008,2026-04-13,29,1202.36
D03,IG-1008,2026-04-20,38,1619.76
D03,IG-1008,2026-04-27,24,982.02
D03,IG-1008,2026-05-04,28,1218.72
D03,IG-1008,2026-05-11,33,1363.32
D03,IG-1008,2026-05-18,29,1182.55
D03,IG-1008,2026-05-25,31,1380.53
D03,IG-1008,2026-06-01,25,1100.62
D03,IG-1008,2026-06-08,27,1086.67
D03,IG-1008,2026-06-15,25,1014.07
D03,IG-1008,2026-06-22,28,1187.41
D03,LD-1039,2024-01-01,1792,598.28
D03,LD-1039,2024-01-08,2731,880.84
D03,LD-1039,2024-01-15,2078,696.75
D03,LD-1039,2024-01-22,2603,859.34
D03,LD-1039,2024-01-29,2554,837.88
D03,LD-1039,2024-02-05,2543,796.79
D03,LD-1039,2024-02-12,2236,717.45
D03,LD-1039,2024-02-19,1873,602.58
D03,LD-1039,2024-02-26,2201,715.31
D03,LD-1039,2024-03-04,2179,678.74
D03,LD-1039,2024-03-11,2271,711.27
D03,LD-1039,2024-03-18,1937,657.02
D03,LD-1039,2024-03-25,2252,720.28
D03,LD-1039,2024-04-01,1530,503.98
D03,LD-1039,2024-04-08,2287,725.76
D03,LD-1039,2024-04-15,2457,785.34
D03,LD-1039,2024-04-22,2160,716.72
D03,LD-1039,2024-04-29,2347,724.15
D03,LD-1039,2024-05-06,2519,827.21
D03,LD-1039,2024-05-13,2875,956.57
D03,LD-1039,2024-05-20,2904,961.39
D03,LD-1039,2024-05-27,2602,886.54
D03,LD-1039,2024-06-03,2479,810.99
D03,LD-1039,2024-06-10,2627,889.26
D03,LD-1039,2024-06-17,3261,1103.62
D03,LD-1039,2024-06-24,2680,851.3
D03,LD-1039,2024-07-01,2578,848.89
D03,LD-1039,2024-07-08,2901,892.84
D03,LD-1039,2024-07-15,2476,838.76
D03,LD-1039,2024-07-22,2151,730.36
D03,LD-1039,2024-07-29,2602,811.09
D03,LD-1039,2024-08-05,2474,801.58
D03,LD-1039,2024-08-12,2315,725.18
D03,LD-1039,2024-08-19,2573,812.2
D03,LD-1039,2024-08-26,1791,586.51
D03,LD-1039,2024-09-02,2147,673.14
D03,LD-1039,2024-09-09,2022,632.94
D03,LD-1039,2024-09-16,2033,651.53
D03,LD-1039,2024-09-23,2211,747.9
D03,LD-1039,2024-09-30,1955,640.35
D03,LD-1039,2024-10-07,2856,914.35
D03,LD-1039,2024-10-14,2356,768.98
D03,LD-1039,2024-10-21,1939,642.71
D03,LD-1039,2024-10-28,1670,519.88
D03,LD-1039,2024-11-04,1974,662.02
D03,LD-1039,2024-11-11,2040,661.85
D03,LD-1039,2024-11-18,1940,644.53
D03,LD-1039,2024-11-25,3115,1005.18
D03,LD-1039,2024-12-02,1657,524.35
D03,LD-1039,2024-12-09,2138,657.67
D03,LD-1039,2024-12-16,2082,685.98
D03,LD-1039,2024-12-23,2049,674.71
D03,LD-1039,2024-12-30,1595,517.64
D03,LD-1039,2025-01-06,2129,674.64
D03,LD-1039,2025-01-13,2214,737.28
D03,LD-1039,2025-01-20,2412,819.75
D03,LD-1039,2025-01-27,2348,776.05
D03,LD-1039,2025-02-03,2643,847.94
D03,LD-1039,2025-02-10,1634,514.72
D03,LD-1039,2025-02-17,2163,731.04
D03,LD-1039,2025-02-24,3294,1038.89
D03,LD-1039,2025-03-03,2678,910.3
D03,LD-1039,2025-03-10,1855,623.6
D03,LD-1039,2025-03-17,2360,733.39
D03,LD-1039,2025-03-24,2009,656.55
D03,LD-1039,2025-03-31,2223,705.72
D03,LD-1039,2025-04-07,3229,1088.79
D03,LD-1039,2025-04-14,2784,898.34
D03,LD-1039,2025-04-21,1934,635.57
D03,LD-1039,2025-04-28,2179,685.03
D03,LD-1039,2025-05-05,2458,768.0
D03,LD-1039,2025-05-12,2374,768.57
D03,LD-1039,2025-05-19,2598,878.8
D03,LD-1039,2025-05-26,2213,736.62
D03,LD-1039,2025-06-02,2356,775.36
D03,LD-1039,2025-06-09,2214,686.77
D03,LD-1039,2025-06-16,2356,732.01
D03,LD-1039,2025-06-23,2762,926.19
D03,LD-1039,2025-06-30,2592,830.17
D03,LD-1039,2025-07-07,2223,751.46
D03,LD-1039,2025-07-14,2913,923.31
D03,LD-1039,2025-07-21,2867,953.41
D03,LD-1039,2025-07-28,2428,805.63
D03,LD-1039,2025-08-04,2320,775.81
D03,LD-1039,2025-08-11,3116,1006.6
D03,LD-1039,2025-08-18,3018,927.66
D03,LD-1039,2025-08-25,1873,599.18
D03,LD-1039,2025-09-01,2785,863.69
D03,LD-1039,2025-09-08,2987,936.34
D03,LD-1039,2025-09-15,2521,798.16
D03,LD-1039,2025-09-22,2109,683.68
D03,LD-1039,2025-09-29,2128,724.14
D03,LD-1039,2025-10-06,2870,946.28
D03,LD-1039,2025-10-13,2495,802.19
D03,LD-1039,2025-10-20,2371,785.31
D03,LD-1039,2025-10-27,3077,945.54
D03,LD-1039,2025-11-03,1852,609.31
D03,LD-1039,2025-11-10,2114,665.37
D03,LD-1039,2025-11-17,2196,738.11
D03,LD-1039,2025-11-24,2061,684.52
D03,LD-1039,2025-12-01,1611,524.81
D03,LD-1039,2025-12-08,2467,783.25
D03,LD-1039,2025-12-15,1897,594.86
D03,LD-1039,2025-12-22,1895,630.35
D03,LD-1039,2025-12-29,2022,631.05
D03,LD-1039,2026-01-05,2070,643.26
D03,LD-1039,2026-01-12,2116,675.32
D03,LD-1039,2026-01-19,2505,788.13
D03,LD-1039,2026-01-26,2603,803.16
D03,LD-1039,2026-02-02,2118,721.36
D03,LD-1039,2026-02-09,2030,631.15
D03,LD-1039,2026-02-16,2198,698.33
D03,LD-1039,2026-02-23,1978,611.56
D03,LD-1039,2026-03-02,2274,779.6
D03,LD-1039,2026-03-09,2001,671.92
D03,LD-1039,2026-03-16,3204,1038.98
D03,LD-1039,2026-03-23,2396,772.05
D03,LD-1039,2026-03-30,2188,740.73
D03,LD-1039,2026-04-06,2659,905.39
D03,LD-1039,2026-04-13,2004,653.04
D03,LD-1039,2026-04-20,2183,713.97
D03,LD-1039,2026-04-27,2605,824.86
D03,LD-1039,2026-05-04,2509,818.76
D03,LD-1039,2026-05-11,2890,990.83
D03,LD-1039,2026-05-18,1646,551.03
D03,LD-1039,2026-05-25,2810,879.23
D03,LD-1039,2026-06-01,2295,725.69
D03,LD-1039,2026-06-08,2090,687.17
D03,LD-1039,2026-06-15,1922,633.46
D03,LD-1039,2026-06-22,2287,707.94
D03,PW-1034,2024-01-01,389,1577.4
D03,PW-1034,2024-01-08,287,1133.62
D03,PW-1034,2024-01-15,331,1282.66
D03,PW-1034,2024-01-22,439,1784.48
D03,PW-1034,2024-01-29,391,1493.53
D03,PW-1034,2024-02-05,429,1787.11
D03,PW-1034,2024-02-12,318,1253.76
D03,PW-1034,2024-02-19,395,1611.4
D03,PW-1034,2024-02-26,524,2025.91
D03,PW-1034,2024-03-04,362,1423.62
D03,PW-1034,2024-03-11,376,1565.07
D03,PW-1034,2024-03-18,446,1813.06
D03,PW-1034,2024-03-25,361,1501.6
D03,PW-1034,2024-04-01,466,1818.27
D03,PW-1034,2024-04-08,323,1297.71
D03,PW-1034,2024-04-15,297,1255.72
D03,PW-1034,2024-04-22,451,1798.67
D03,PW-1034,2024-04-29,375,1577.52
D03,PW-1034,2024-05-06,402,1548.81
D03,PW-1034,2024-05-13,502,2126.09
D03,PW-1034,2024-05-20,486,1870.44
D03,PW-1034,2024-05-27,370,1537.52
D03,PW-1034,2024-06-03,483,2041.7
D03,PW-1034,2024-06-10,428,1787.61
D03,PW-1034,2024-06-17,477,1870.03
D03,PW-1034,2024-06-24,447,1860.23
D03,PW-1034,2024-07-01,357,1375.56
D03,PW-1034,2024-07-08,402,1638.17
D03,PW-1034,2024-07-15,310,1198.65
D03,PW-1034,2024-07-22,456,1760.6
D03,PW-1034,2024-07-29,469,1894.23
D03,PW-1034,2024-08-05,395,1542.72
D03,PW-1034,2024-08-12,429,1760.73
D03,PW-1034,2024-08-19,375,1500.2
D03,PW-1034,2024-08-26,520,2077.18
D03,PW-1034,2024-09-02,353,1415.66
D03,PW-1034,2024-09-09,405,1564.97
D03,PW-1034,2024-09-16,346,1350.81
D03,PW-1034,2024-09-23,433,1765.7
D03,PW-1034,2024-09-30,484,1900.71
D03,PW-1034,2024-10-07,301,1172.02
D03,PW-1034,2024-10-14,451,1734.91
D03,PW-1034,2024-10-21,519,1971.18
D03,PW-1034,2024-10-28,412,1689.92
D03,PW-1034,2024-11-04,363,1404.68
D03,PW-1034,2024-11-11,398,1520.44
D03,PW-1034,2024-11-18,368,1550.04
D03,PW-1034,2024-11-25,536,2234.68
D03,PW-1034,2024-12-02,452,1775.24
D03,PW-1034,2024-12-09,457,1836.1
D03,PW-1034,2024-12-16,553,2123.82
D03,PW-1034,2024-12-23,492,1940.31
D03,PW-1034,2024-12-30,396,1570.89
D03,PW-1034,2025-01-06,408,1683.2
D03,PW-1034,2025-01-13,583,2393.89
D03,PW-1034,2025-01-20,369,1476.52
D03,PW-1034,2025-01-27,406,1627.52
D03,PW-1034,2025-02-03,361,1411.19
D03,PW-1034,2025-02-10,323,1253.29
D03,PW-1034,2025-02-17,376,1556.25
D03,PW-1034,2025-02-24,382,1473.67
D03,PW-1034,2025-03-03,400,1567.9
D03,PW-1034,2025-03-10,487,2007.72
D03,PW-1034,2025-03-17,448,1766.17
D03,PW-1034,2025-03-24,528,2227.88
D03,PW-1034,2025-03-31,470,1951.22
D03,PW-1034,2025-04-07,476,1873.32
D03,PW-1034,2025-04-14,448,1759.87
D03,PW-1034,2025-04-21,633,2565.74
D03,PW-1034,2025-04-28,447,1854.03
D03,PW-1034,2025-05-05,551,2237.36
D03,PW-1034,2025-05-12,404,1595.47
D03,PW-1034,2025-05-19,468,1816.91
D03,PW-1034,2025-05-26,659,2634.83
D03,PW-1034,2025-06-02,542,2184.21
D03,PW-1034,2025-06-09,397,1583.13
D03,PW-1034,2025-06-16,420,1620.2
D03,PW-1034,2025-06-23,624,2474.17
D03,PW-1034,2025-06-30,497,1979.39
D03,PW-1034,2025-07-07,470,1939.16
D03,PW-1034,2025-07-14,434,1798.31
D03,PW-1034,2025-07-21,463,1892.68
D03,PW-1034,2025-07-28,598,2486.39
D03,PW-1034,2025-08-04,433,1649.99
D03,PW-1034,2025-08-11,437,1834.25
D03,PW-1034,2025-08-18,519,2188.45
D03,PW-1034,2025-08-25,403,1707.13
D03,PW-1034,2025-09-01,406,1706.79
D03,PW-1034,2025-09-08,464,1870.82
D03,PW-1034,2025-09-15,462,1789.35
D03,PW-1034,2025-09-22,404,1551.04
D03,PW-1034,2025-09-29,486,2004.28
D03,PW-1034,2025-10-06,465,1887.19
D03,PW-1034,2025-10-13,332,1319.82
D03,PW-1034,2025-10-20,499,1951.29
D03,PW-1034,2025-10-27,405,1692.81
D03,PW-1034,2025-11-03,495,1997.0
D03,PW-1034,2025-11-10,598,2504.71
D03,PW-1034,2025-11-17,432,1826.31
D03,PW-1034,2025-11-24,395,1658.58
D03,PW-1034,2025-12-01,536,2121.03
D03,PW-1034,2025-12-08,384,1479.2
D03,PW-1034,2025-12-15,580,2450.05
D03,PW-1034,2025-12-22,409,1717.01
D03,PW-1034,2025-12-29,401,1563.64
D03,PW-1034,2026-01-05,632,2649.63
D03,PW-1034,2026-01-12,471,1826.31
D03,PW-1034,2026-01-19,574,2352.44
D03,PW-1034,2026-01-26,452,1717.17
D03,PW-1034,2026-02-02,451,1721.31
D03,PW-1034,2026-02-09,298,1204.55
D03,PW-1034,2026-02-16,544,2177.05
D03,PW-1034,2026-02-23,501,2019.36
D03,PW-1034,2026-03-02,470,1818.06
D03,PW-1034,2026-03-09,529,2231.75
D03,PW-1034,2026-03-16,492,1968.76
D03,PW-1034,2026-03-23,429,1682.02
D03,PW-1034,2026-03-30,528,2141.0
D03,PW-1034,2026-04-06,491,1918.51
D03,PW-1034,2026-04-13,570,2188.96
D03,PW-1034,2026-04-20,493,2077.8
D03,PW-1034,2026-04-27,483,2024.97
D03,PW-1034,2026-05-04,481,1838.83
D03,PW-1034,2026-05-11,460,1891.87
D03,PW-1034,2026-05-18,488,1943.71
D03,PW-1034,2026-05-25,566,2298.01
D03,PW-1034,2026-06-01,475,1864.86
D03,PW-1034,2026-06-08,447,1838.49
D03,PW-1034,2026-06-15,601,2382.52
D03,PW-1034,2026-06-22,523,2094.38
D03,SC-1015,2024-01-01,439,4559.0
D03,SC-1015,2024-01-08,453,4699.91
D03,SC-1015,2024-01-15,334,3588.03
D03,SC-1015,2024-01-22,414,4108.15
D03,SC-1015,2024-01-29,395,4067.85
D03,SC-1015,2024-02-05,439,4432.71
D03,SC-1015,2024-02-12,405,4182.44
D03,SC-1015,2024-02-19,529,5350.68
D03,SC-1015,2024-02-26,439,4789.63
D03,SC-1015,2024-03-04,521,5637.24
D03,SC-1015,2024-03-11,395,4302.65
D03,SC-1015,2024-03-18,442,4621.71
D03,SC-1015,2024-03-25,426,4473.37
D03,SC-1015,2024-04-01,502,4976.55
D03,SC-1015,2024-04-08,401,4312.47
D03,SC-1015,2024-04-15,375,3708.5
D03,SC-1015,2024-04-22,446,4514.91
D03,SC-1015,2024-04-29,539,5828.41
D03,SC-1015,2024-05-06,443,4465.75
D03,SC-1015,2024-05-13,525,5351.63
D03,SC-1015,2024-05-20,461,4767.11
D03,SC-1015,2024-05-27,393,4286.91
D03,SC-1015,2024-06-03,584,5904.01
D03,SC-1015,2024-06-10,569,6174.19
D03,SC-1015,2024-06-17,515,5558.73
D03,SC-1015,2024-06-24,522,5561.89
D03,SC-1015,2024-07-01,503,5068.72
D03,SC-1015,2024-07-08,445,4775.24
D03,SC-1015,2024-07-15,631,6712.23
D03,SC-1015,2024-07-22,510,5057.69
D03,SC-1015,2024-07-29,545,5491.47
D03,SC-1015,2024-08-05,477,5002.84
D03,SC-1015,2024-08-12,547,5567.1
D03,SC-1015,2024-08-19,605,6313.61
D03,SC-1015,2024-08-26,520,5218.16
D03,SC-1015,2024-09-02,532,5384.99
D03,SC-1015,2024-09-09,571,5764.62
D03,SC-1015,2024-09-16,553,5857.15
D03,SC-1015,2024-09-23,578,6102.75
D03,SC-1015,2024-09-30,516,5629.08
D03,SC-1015,2024-10-07,513,5075.01
D03,SC-1015,2024-10-14,504,5147.93
D03,SC-1015,2024-10-21,551,6007.21
D03,SC-1015,2024-10-28,452,4886.36
D03,SC-1015,2024-11-04,521,5369.16
D03,SC-1015,2024-11-11,677,7016.37
D03,SC-1015,2024-11-18,506,5214.73
D03,SC-1015,2024-11-25,401,4303.96
D03,SC-1015,2024-12-02,460,4838.73
D03,SC-1015,2024-12-09,529,5706.39
D03,SC-1015,2024-12-16,437,4602.54
D03,SC-1015,2024-12-23,420,4518.12
D03,SC-1015,2024-12-30,398,4283.78
D03,SC-1015,2025-01-06,478,4921.81
D03,SC-1015,2025-01-13,633,6415.97
D03,SC-1015,2025-01-20,464,4751.49
D03,SC-1015,2025-01-27,579,6171.49
D03,SC-1015,2025-02-03,492,5332.25
D03,SC-1015,2025-02-10,490,5057.48
D03,SC-1015,2025-02-17,568,5919.2
D03,SC-1015,2025-02-24,423,4373.83
D03,SC-1015,2025-03-03,693,7179.53
D03,SC-1015,2025-03-10,592,6362.55
D03,SC-1015,2025-03-17,648,6998.44
D03,SC-1015,2025-03-24,539,5703.5
D03,SC-1015,2025-03-31,611,6541.96
D03,SC-1015,2025-04-07,660,6659.43
D03,SC-1015,2025-04-14,572,5828.12
D03,SC-1015,2025-04-21,514,5136.9
D03,SC-1015,2025-04-28,514,5435.26
D03,SC-1015,2025-05-05,560,5753.3
D03,SC-1015,2025-05-12,623,6757.07
D03,SC-1015,2025-05-19,591,6334.82
D03,SC-1015,2025-05-26,566,5888.36
D03,SC-1015,2025-06-02,678,7327.39
D03,SC-1015,2025-06-09,573,6165.66
D03,SC-1015,2025-06-16,563,5693.05
D03,SC-1015,2025-06-23,710,7095.82
D03,SC-1015,2025-06-30,670,6998.37
D03,SC-1015,2025-07-07,390,3933.35
D03,SC-1015,2025-07-14,379,4119.03
D03,SC-1015,2025-07-21,387,4057.57
D03,SC-1015,2025-07-28,449,4703.79
D03,SC-1015,2025-08-04,531,5443.74
D03,SC-1015,2025-08-11,544,5579.87
D03,SC-1015,2025-08-18,483,4905.92
D03,SC-1015,2025-08-25,565,6008.5
D03,SC-1015,2025-09-01,430,4575.56
D03,SC-1015,2025-09-08,484,5039.79
D03,SC-1015,2025-09-15,370,3654.07
D03,SC-1015,2025-09-22,314,3153.86
D03,SC-1015,2025-09-29,372,3855.7
D03,SC-1015,2025-10-06,376,3854.98
D03,SC-1015,2025-10-13,555,5628.72
D03,SC-1015,2025-10-20,371,3733.16
D03,SC-1015,2025-10-27,314,3234.91
D03,SC-1015,2025-11-03,416,4518.56
D03,SC-1015,2025-11-10,317,3389.8
D03,SC-1015,2025-11-17,359,3845.54
D03,SC-1015,2025-11-24,396,3961.12
D03,SC-1015,2025-12-01,299,2943.47
D03,SC-1015,2025-12-08,428,4264.57
D03,SC-1015,2025-12-15,400,4040.63
D03,SC-1015,2025-12-22,354,3765.55
D03,SC-1015,2025-12-29,434,4306.46
D03,SC-1015,2026-01-05,314,3205.22
D03,SC-1015,2026-01-12,374,3953.45
D03,SC-1015,2026-01-19,345,3593.8
D03,SC-1015,2026-01-26,300,3188.97
D03,SC-1015,2026-02-02,301,3112.73
D03,SC-1015,2026-02-09,447,4606.14
D03,SC-1015,2026-02-16,387,3948.0
D03,SC-1015,2026-02-23,377,3724.85
D03,SC-1015,2026-03-02,301,2953.49
D03,SC-1015,2026-03-09,367,3934.75
D03,SC-1015,2026-03-16,313,3186.92
D03,SC-1015,2026-03-23,426,4345.43
D03,SC-1015,2026-03-30,396,4094.34
D03,SC-1015,2026-04-06,379,3980.88
D03,SC-1015,2026-04-13,372,3941.47
D03,SC-1015,2026-04-20,327,3293.1
D03,SC-1015,2026-04-27,359,3582.68
D03,SC-1015,2026-05-04,423,4269.81
D03,SC-1015,2026-05-11,362,3711.79
D03,SC-1015,2026-05-18,299,3182.41
D03,SC-1015,2026-05-25,410,4045.92
D03,SC-1015,2026-06-01,307,3320.92
D03,SC-1015,2026-06-08,339,3646.87
D03,SC-1015,2026-06-15,317,3423.11
D03,SC-1015,2026-06-22,230,2427.16
D03,PW-1031,2024-01-01,728,3229.31
D03,PW-1031,2024-01-08,889,4055.33
D03,PW-1031,2024-01-15,727,3299.29
D03,PW-1031,2024-01-22,1133,5049.05
D03,PW-1031,2024-01-29,955,4243.86
D03,PW-1031,2024-02-05,961,4516.43
D03,PW-1031,2024-02-12,896,4152.14
D03,PW-1031,2024-02-19,1213,5523.05
D03,PW-1031,2024-02-26,1031,4460.01
D03,PW-1031,2024-03-04,1009,4484.79
D03,PW-1031,2024-03-11,1058,4614.83
D03,PW-1031,2024-03-18,1083,4998.51
D03,PW-1031,2024-03-25,1041,4819.65
D03,PW-1031,2024-04-01,1298,6017.04
D03,PW-1031,2024-04-08,1310,5541.58
D03,PW-1031,2024-04-15,1112,5036.9
D03,PW-1031,2024-04-22,984,4477.76
D03,PW-1031,2024-04-29,1172,5218.67
D03,PW-1031,2024-05-06,1028,4744.07
D03,PW-1031,2024-05-13,1401,6389.28
D03,PW-1031,2024-05-20,1440,6197.33
D03,PW-1031,2024-05-27,1273,5498.88
D03,PW-1031,2024-06-03,963,4192.7
D03,PW-1031,2024-06-10,1072,4905.48
D03,PW-1031,2024-06-17,1117,5177.92
D03,PW-1031,2024-06-24,1015,4448.18
D03,PW-1031,2024-07-01,1099,5148.8
D03,PW-1031,2024-07-08,1189,5477.43
D03,PW-1031,2024-07-15,1239,5590.71
D03,PW-1031,2024-07-22,1384,5882.34
D03,PW-1031,2024-07-29,1132,5174.9
D03,PW-1031,2024-08-05,1080,4762.68
D03,PW-1031,2024-08-12,925,3905.97
D03,PW-1031,2024-08-19,1175,4980.57
D03,PW-1031,2024-08-26,1034,4789.82
D03,PW-1031,2024-09-02,1065,4672.89
D03,PW-1031,2024-09-09,1001,4452.03
D03,PW-1031,2024-09-16,998,4390.51
D03,PW-1031,2024-09-23,1195,5203.39
D03,PW-1031,2024-09-30,1056,4640.42
D03,PW-1031,2024-10-07,1336,6062.64
D03,PW-1031,2024-10-14,888,4137.1
D03,PW-1031,2024-10-21,1259,5851.02
D03,PW-1031,2024-10-28,964,4415.25
D03,PW-1031,2024-11-04,1025,4780.52
D03,PW-1031,2024-11-11,1109,5032.89
D03,PW-1031,2024-11-18,1198,5315.86
D03,PW-1031,2024-11-25,1203,5325.46
D03,PW-1031,2024-12-02,1200,5162.62
D03,PW-1031,2024-12-09,995,4322.72
D03,PW-1031,2024-12-16,1351,6025.63
D03,PW-1031,2024-12-23,1133,4796.47
D03,PW-1031,2024-12-30,667,2859.28
D03,PW-1031,2025-01-06,1053,4856.23
D03,PW-1031,2025-01-13,997,4525.65
D03,PW-1031,2025-01-20,1015,4647.73
D03,PW-1031,2025-01-27,1182,5144.4
D03,PW-1031,2025-02-03,1136,5318.05
D03,PW-1031,2025-02-10,990,4617.1
D03,PW-1031,2025-02-17,1388,6163.33
D03,PW-1031,2025-02-24,924,4249.54
D03,PW-1031,2025-03-03,925,4087.46
D03,PW-1031,2025-03-10,974,4386.94
D03,PW-1031,2025-03-17,1239,5279.07
D03,PW-1031,2025-03-24,1238,5332.11
D03,PW-1031,2025-03-31,1049,4710.86
D03,PW-1031,2025-04-07,1095,4973.85
D03,PW-1031,2025-04-14,1208,5219.06
D03,PW-1031,2025-04-21,1039,4698.77
D03,PW-1031,2025-04-28,1386,5897.06
D03,PW-1031,2025-05-05,1566,7165.73
D03,PW-1031,2025-05-12,1213,5547.35
D03,PW-1031,2025-05-19,1320,6069.22
D03,PW-1031,2025-05-26,1279,5864.73
D03,PW-1031,2025-06-02,1550,7257.55
D03,PW-1031,2025-06-09,1693,7596.89
D03,PW-1031,2025-06-16,1201,5262.49
D03,PW-1031,2025-06-23,1273,5619.33
D03,PW-1031,2025-06-30,1439,6729.34
D03,PW-1031,2025-07-07,1330,6152.04
D03,PW-1031,2025-07-14,1098,5105.8
D03,PW-1031,2025-07-21,956,4448.21
D03,PW-1031,2025-07-28,1141,4965.82
D03,PW-1031,2025-08-04,1304,5817.26
D03,PW-1031,2025-08-11,1163,5409.68
D03,PW-1031,2025-08-18,1046,4507.19
D03,PW-1031,2025-08-25,1115,4858.2
D03,PW-1031,2025-09-01,1588,6810.07
D03,PW-1031,2025-09-08,1011,4639.09
D03,PW-1031,2025-09-15,1133,5205.59
D03,PW-1031,2025-09-22,1090,4786.84
D03,PW-1031,2025-09-29,1568,7067.09
D03,PW-1031,2025-10-06,930,4200.3
D03,PW-1031,2025-10-13,1024,4676.69
D03,PW-1031,2025-10-20,1156,5102.51
D03,PW-1031,2025-10-27,1168,5138.93
D03,PW-1031,2025-11-03,1341,6162.36
D03,PW-1031,2025-11-10,1315,5647.6
D03,PW-1031,2025-11-17,1013,4697.84
D03,PW-1031,2025-11-24,1179,5116.27
D03,PW-1031,2025-12-01,1095,4625.02
D03,PW-1031,2025-12-08,1051,4503.33
D03,PW-1031,2025-12-15,1313,5736.99
D03,PW-1031,2025-12-22,1176,5209.32
D03,PW-1031,2025-12-29,1444,6704.37
D03,PW-1031,2026-01-05,1228,5344.01
D03,PW-1031,2026-01-12,1324,6019.31
D03,PW-1031,2026-01-19,773,3321.25
D03,PW-1031,2026-01-26,1187,5362.57
D03,PW-1031,2026-02-02,1262,5609.28
D03,PW-1031,2026-02-09,1293,5476.52
D03,PW-1031,2026-02-16,1523,6482.31
D03,PW-1031,2026-02-23,1340,6085.87
D03,PW-1031,2026-03-02,1030,4546.73
D03,PW-1031,2026-03-09,1355,5798.6
D03,PW-1031,2026-03-16,1433,6616.12
D03,PW-1031,2026-03-23,1166,5281.62
D03,PW-1031,2026-03-30,1214,5408.48
D03,PW-1031,2026-04-06,1468,6670.24
D03,PW-1031,2026-04-13,1318,5863.59
D03,PW-1031,2026-04-20,1566,7099.4
D03,PW-1031,2026-04-27,1378,6322.26
D03,PW-1031,2026-05-04,973,4226.23
D03,PW-1031,2026-05-11,1370,6199.25
D03,PW-1031,2026-05-18,1286,5758.65
D03,PW-1031,2026-05-25,1504,6797.84
D03,PW-1031,2026-06-01,1466,6718.32
D03,PW-1031,2026-06-08,1197,5285.32
D03,PW-1031,2026-06-15,1422,6270.21
D03,PW-1031,2026-06-22,1496,6375.85
D03,LD-1037,2024-01-01,2274,1434.65
D03,LD-1037,2024-01-08,1681,1088.08
D03,LD-1037,2024-01-15,2726,1725.05
D03,LD-1037,2024-01-22,2278,1401.0
D03,LD-1037,2024-01-29,2885,1791.0
D03,LD-1037,2024-02-05,2261,1344.37
D03,LD-1037,2024-02-12,2450,1544.83
D03,LD-1037,2024-02-19,3006,1870.94
D03,LD-1037,2024-02-26,3074,1987.88
D03,LD-1037,2024-03-04,2882,1842.85
D03,LD-1037,2024-03-11,1937,1154.34
D03,LD-1037,2024-03-18,2138,1356.27
D03,LD-1037,2024-03-25,2904,1793.14
D03,LD-1037,2024-04-01,2376,1491.66
D03,LD-1037,2024-04-08,2690,1604.21
D03,LD-1037,2024-04-15,2767,1652.91
D03,LD-1037,2024-04-22,2807,1807.18
D03,LD-1037,2024-04-29,2321,1370.91
D03,LD-1037,2024-05-06,3188,1898.83
D03,LD-1037,2024-05-13,2539,1490.97
D03,LD-1037,2024-05-20,3012,1879.05
D03,LD-1037,2024-05-27,2680,1707.14
D03,LD-1037,2024-06-03,3694,2163.35
D03,LD-1037,2024-06-10,3443,2180.34
D03,LD-1037,2024-06-17,3812,2419.91
D03,LD-1037,2024-06-24,3542,2228.03
D03,LD-1037,2024-07-01,2702,1716.52
D03,LD-1037,2024-07-08,2536,1506.4
D03,LD-1037,2024-07-15,2306,1423.91
D03,LD-1037,2024-07-22,2830,1680.15
D03,LD-1037,2024-07-29,2711,1647.82
D03,LD-1037,2024-08-05,2665,1644.42
D03,LD-1037,2024-08-12,2349,1471.02
D03,LD-1037,2024-08-19,2785,1777.25
D03,LD-1037,2024-08-26,2469,1467.11
D03,LD-1037,2024-09-02,2409,1501.93
D03,LD-1037,2024-09-09,2629,1533.18
D03,LD-1037,2024-09-16,2511,1612.83
D03,LD-1037,2024-09-23,2032,1198.96
D03,LD-1037,2024-09-30,2215,1318.53
D03,LD-1037,2024-10-07,2675,1557.35
D03,LD-1037,2024-10-14,2431,1520.88
D03,LD-1037,2024-10-21,1815,1143.64
D03,LD-1037,2024-10-28,2678,1701.27
D03,LD-1037,2024-11-04,2379,1414.92
D03,LD-1037,2024-11-11,2033,1189.34
D03,LD-1037,2024-11-18,2147,1283.98
D03,LD-1037,2024-11-25,2425,1427.82
D03,LD-1037,2024-12-02,1696,1071.95
D03,LD-1037,2024-12-09,2514,1491.75
D03,LD-1037,2024-12-16,2738,1654.57
D03,LD-1037,2024-12-23,2704,1644.82
D03,LD-1037,2024-12-30,2822,1657.93
D03,LD-1037,2025-01-06,2120,1255.24
D03,LD-1037,2025-01-13,2798,1648.76
D03,LD-1037,2025-01-20,2512,1478.56
D03,LD-1037,2025-01-27,2143,1258.18
D03,LD-1037,2025-02-03,2626,1628.67
D03,LD-1037,2025-02-10,2637,1670.24
D03,LD-1037,2025-02-17,3140,2011.44
D03,LD-1037,2025-02-24,3011,1910.23
D03,LD-1037,2025-03-03,2291,1358.87
D03,LD-1037,2025-03-10,2700,1750.72
D03,LD-1037,2025-03-17,2721,1695.8
D03,LD-1037,2025-03-24,2715,1731.05
D03,LD-1037,2025-03-31,2520,1538.17
D03,LD-1037,2025-04-07,3462,2137.97
D03,LD-1037,2025-04-14,2443,1495.98
D03,LD-1037,2025-04-21,3468,2245.82
D03,LD-1037,2025-04-28,2196,1416.04
D03,LD-1037,2025-05-05,2582,1610.9
D03,LD-1037,2025-05-12,3081,1993.21
D03,LD-1037,2025-05-19,2354,1511.13
D03,LD-1037,2025-05-26,2476,1548.55
D03,LD-1037,2025-06-02,3000,1875.54
D03,LD-1037,2025-06-09,2138,1323.18
D03,LD-1037,2025-06-16,3268,2080.78
D03,LD-1037,2025-06-23,3451,2136.12
D03,LD-1037,2025-06-30,3464,2187.06
D03,LD-1037,2025-07-07,2884,1740.97
D03,LD-1037,2025-07-14,2564,1576.47
D03,LD-1037,2025-07-21,2575,1604.52
D03,LD-1037,2025-07-28,2820,1720.66
D03,LD-1037,2025-08-04,2734,1739.97
D03,LD-1037,2025-08-11,2513,1629.4
D03,LD-1037,2025-08-18,3345,2049.66
D03,LD-1037,2025-08-25,2520,1574.33
D03,LD-1037,2025-09-01,3213,2070.43
D03,LD-1037,2025-09-08,2604,1681.72
D03,LD-1037,2025-09-15,2555,1583.64
D03,LD-1037,2025-09-22,2719,1620.68
D03,LD-1037,2025-09-29,2689,1666.15
D03,LD-1037,2025-10-06,2417,1451.18
D03,LD-1037,2025-10-13,2665,1685.38
D03,LD-1037,2025-10-20,2693,1657.02
D03,LD-1037,2025-10-27,3090,1983.16
D03,LD-1037,2025-11-03,2422,1564.71
D03,LD-1037,2025-11-10,2120,1265.27
D03,LD-1037,2025-11-17,2144,1371.3
D03,LD-1037,2025-11-24,3375,2106.24
D03,LD-1037,2025-12-01,1781,1077.32
D03,LD-1037,2025-12-08,1974,1231.81
D03,LD-1037,2025-12-15,2371,1436.46
D03,LD-1037,2025-12-22,2157,1283.65
D03,LD-1037,2025-12-29,2684,1596.55
D03,LD-1037,2026-01-05,2660,1605.29
D03,LD-1037,2026-01-12,2212,1345.48
D03,LD-1037,2026-01-19,3022,1844.99
D03,LD-1037,2026-01-26,2059,1278.43
D03,LD-1037,2026-02-02,2192,1293.13
D03,LD-1037,2026-02-09,3127,1944.12
D03,LD-1037,2026-02-16,2049,1218.07
D03,LD-1037,2026-02-23,2650,1641.77
D03,LD-1037,2026-03-02,3214,1888.15
D03,LD-1037,2026-03-09,1737,1102.93
D03,LD-1037,2026-03-16,2462,1488.44
D03,LD-1037,2026-03-23,3014,1842.83
D03,LD-1037,2026-03-30,2533,1529.33
D03,LD-1037,2026-04-06,2684,1697.79
D03,LD-1037,2026-04-13,2759,1610.86
D03,LD-1037,2026-04-20,2831,1767.92
D03,LD-1037,2026-04-27,2409,1435.31
D03,LD-1037,2026-05-04,3067,1857.08
D03,LD-1037,2026-05-11,2854,1753.67
D03,LD-1037,2026-05-18,2322,1396.73
D03,LD-1037,2026-05-25,2578,1567.63
D03,LD-1037,2026-06-01,2240,1377.01
D03,LD-1037,2026-06-08,2861,1734.22
D03,LD-1037,2026-06-15,2980,1915.59
D03,LD-1037,2026-06-22,2854,1851.92
D03,LD-1040,2024-01-01,3124,1455.37
D03,LD-1040,2024-01-08,3412,1543.73
D03,LD-1040,2024-01-15,3762,1677.81
D03,LD-1040,2024-01-22,3409,1565.63
D03,LD-1040,2024-01-29,4112,1861.61
D03,LD-1040,2024-02-05,5045,2247.99
D03,LD-1040,2024-02-12,3473,1587.04
D03,LD-1040,2024-02-19,3578,1739.51
D03,LD-1040,2024-02-26,3328,1552.57
D03,LD-1040,2024-03-04,3719,1801.17
D03,LD-1040,2024-03-11,2864,1284.29
D03,LD-1040,2024-03-18,4576,2222.25
D03,LD-1040,2024-03-25,3206,1522.85
D03,LD-1040,2024-04-01,3502,1607.58
D03,LD-1040,2024-04-08,4036,1800.21
D03,LD-1040,2024-04-15,4940,2250.06
D03,LD-1040,2024-04-22,3560,1711.15
D03,LD-1040,2024-04-29,3961,1815.43
D03,LD-1040,2024-05-06,4280,1917.41
D03,LD-1040,2024-05-13,3721,1819.42
D03,LD-1040,2024-05-20,4056,1869.36
D03,LD-1040,2024-05-27,3262,1554.39
D03,LD-1040,2024-06-03,3832,1715.05
D03,LD-1040,2024-06-10,4992,2298.25
D03,LD-1040,2024-06-17,4688,2155.63
D03,LD-1040,2024-06-24,3875,1739.0
D03,LD-1040,2024-07-01,3548,1723.86
D03,LD-1040,2024-07-08,3986,1921.85
D03,LD-1040,2024-07-15,3289,1450.08
D03,LD-1040,2024-07-22,3955,1745.88
D03,LD-1040,2024-07-29,3805,1830.77
D03,LD-1040,2024-08-05,3757,1696.87
D03,LD-1040,2024-08-12,3902,1764.3
D03,LD-1040,2024-08-19,4283,1893.34
D03,LD-1040,2024-08-26,3351,1549.46
D03,LD-1040,2024-09-02,4479,2001.68
D03,LD-1040,2024-09-09,4550,2051.72
D03,LD-1040,2024-09-16,5294,2413.92
D03,LD-1040,2024-09-23,3941,1842.42
D03,LD-1040,2024-09-30,4657,2155.8
D03,LD-1040,2024-10-07,4284,2082.27
D03,LD-1040,2024-10-14,3775,1701.45
D03,LD-1040,2024-10-21,3032,1386.68
D03,LD-1040,2024-10-28,4132,1888.87
D03,LD-1040,2024-11-04,3721,1635.19
D03,LD-1040,2024-11-11,4669,2095.87
D03,LD-1040,2024-11-18,3973,1752.79
D03,LD-1040,2024-11-25,4153,1878.59
D03,LD-1040,2024-12-02,3244,1559.88
D03,LD-1040,2024-12-09,3668,1762.86
D03,LD-1040,2024-12-16,2651,1197.96
D03,LD-1040,2024-12-23,3852,1829.55
D03,LD-1040,2024-12-30,4268,1922.92
D03,LD-1040,2025-01-06,4400,2116.63
D03,LD-1040,2025-01-13,3404,1559.62
D03,LD-1040,2025-01-20,2752,1216.02
D03,LD-1040,2025-01-27,3357,1600.05
D03,LD-1040,2025-02-03,3626,1595.91
D03,LD-1040,2025-02-10,3934,1911.18
D03,LD-1040,2025-02-17,2754,1226.95
D03,LD-1040,2025-02-24,3711,1732.08
D03,LD-1040,2025-03-03,3257,1575.23
D03,LD-1040,2025-03-10,4774,2258.34
D03,LD-1040,2025-03-17,2734,1257.21
D03,LD-1040,2025-03-24,4559,2063.72
D03,LD-1040,2025-03-31,3858,1874.21
D03,LD-1040,2025-04-07,2932,1396.14
D03,LD-1040,2025-04-14,5167,2434.16
D03,LD-1040,2025-04-21,4955,2404.22
D03,LD-1040,2025-04-28,4913,2181.67
D03,LD-1040,2025-05-05,4154,1843.33
D03,LD-1040,2025-05-12,3721,1801.26
D03,LD-1040,2025-05-19,4171,1881.05
D03,LD-1040,2025-05-26,4495,2029.13
D03,LD-1040,2025-06-02,3824,1743.51
D03,LD-1040,2025-06-09,3649,1631.75
D03,LD-1040,2025-06-16,4467,2149.82
D03,LD-1040,2025-06-23,4265,1888.75
D03,LD-1040,2025-06-30,4746,2304.65
D03,LD-1040,2025-07-07,5171,2420.47
D03,LD-1040,2025-07-14,4657,2103.97
D03,LD-1040,2025-07-21,3427,1537.86
D03,LD-1040,2025-07-28,4039,1817.5
D03,LD-1040,2025-08-04,4258,2073.57
D03,LD-1040,2025-08-11,4500,2136.51
D03,LD-1040,2025-08-18,4495,2178.9
D03,LD-1040,2025-08-25,3883,1781.61
D03,LD-1040,2025-09-01,3605,1598.81
D03,LD-1040,2025-09-08,4471,2019.52
D03,LD-1040,2025-09-15,4028,1924.81
D03,LD-1040,2025-09-22,3932,1899.99
D03,LD-1040,2025-09-29,3359,1495.78
D03,LD-1040,2025-10-06,5070,2356.9
D03,LD-1040,2025-10-13,3808,1808.14
D03,LD-1040,2025-10-20,3592,1695.74
D03,LD-1040,2025-10-27,3750,1825.68
D03,LD-1040,2025-11-03,3520,1573.23
D03,LD-1040,2025-11-10,2943,1335.93
D03,LD-1040,2025-11-17,3718,1679.92
D03,LD-1040,2025-11-24,2851,1312.28
D03,LD-1040,2025-12-01,3593,1687.26
D03,LD-1040,2025-12-08,2784,1238.49
D03,LD-1040,2025-12-15,2561,1236.49
D03,LD-1040,2025-12-22,3886,1870.63
D03,LD-1040,2025-12-29,3013,1452.72
D03,LD-1040,2026-01-05,3811,1827.39
D03,LD-1040,2026-01-12,3682,1771.17
D03,LD-1040,2026-01-19,3693,1644.79
D03,LD-1040,2026-01-26,3312,1572.96
D03,LD-1040,2026-02-02,3597,1746.26
D03,LD-1040,2026-02-09,3353,1545.98
D03,LD-1040,2026-02-16,4302,1966.36
D03,LD-1040,2026-02-23,3506,1570.3
D03,LD-1040,2026-03-02,3667,1792.16
D03,LD-1040,2026-03-09,4297,1978.26
D03,LD-1040,2026-03-16,3535,1671.82
D03,LD-1040,2026-03-23,2994,1395.82
D03,LD-1040,2026-03-30,3371,1626.9
D03,LD-1040,2026-04-06,4670,2160.71
D03,LD-1040,2026-04-13,4068,1877.43
D03,LD-1040,2026-04-20,4228,2060.75
D03,LD-1040,2026-04-27,4258,1912.21
D03,LD-1040,2026-05-04,5356,2544.62
D03,LD-1040,2026-05-11,3014,1470.02
D03,LD-1040,2026-05-18,4052,1945.57
D03,LD-1040,2026-05-25,4160,1900.55
D03,LD-1040,2026-06-01,4136,1936.4
D03,LD-1040,2026-06-08,4679,2143.6
D03,LD-1040,2026-06-15,4694,2274.02
D03,LD-1040,2026-06-22,4009,1863.6
D03,IS-1026,2024-01-01,105,776.33
D03,IS-1026,2024-01-08,143,1077.47
D03,IS-1026,2024-01-15,120,864.13
D03,IS-1026,2024-01-22,129,920.83
D03,IS-1026,2024-01-29,120,853.85
D03,IS-1026,2024-02-05,149,1040.21
D03,IS-1026,2024-02-12,132,902.0
D03,IS-1026,2024-02-19,120,860.07
D03,IS-1026,2024-02-26,120,853.28
D03,IS-1026,2024-03-04,108,747.81
D03,IS-1026,2024-03-11,120,850.68
D03,IS-1026,2024-03-18,159,1196.6
D03,IS-1026,2024-03-25,157,1120.58
D03,IS-1026,2024-04-01,123,890.59
D03,IS-1026,2024-04-08,116,860.36
D03,IS-1026,2024-04-15,159,1171.06
D03,IS-1026,2024-04-22,148,1012.31
D03,IS-1026,2024-04-29,104,739.66
D03,IS-1026,2024-05-06,217,1606.66
D03,IS-1026,2024-05-13,142,972.29
D03,IS-1026,2024-05-20,183,1357.26
D03,IS-1026,2024-05-27,146,1046.8
D03,IS-1026,2024-06-03,122,924.72
D03,IS-1026,2024-06-10,147,1084.31
D03,IS-1026,2024-06-17,115,826.97
D03,IS-1026,2024-06-24,140,1006.23
D03,IS-1026,2024-07-01,121,867.32
D03,IS-1026,2024-07-08,138,1025.87
D03,IS-1026,2024-07-15,147,1106.6
D03,IS-1026,2024-07-22,147,1010.25
D03,IS-1026,2024-07-29,112,802.28
D03,IS-1026,2024-08-05,126,952.97
D03,IS-1026,2024-08-12,102,741.76
D03,IS-1026,2024-08-19,150,1121.58
D03,IS-1026,2024-08-26,139,963.42
D03,IS-1026,2024-09-02,112,768.78
D03,IS-1026,2024-09-09,164,1187.89
D03,IS-1026,2024-09-16,141,970.01
D03,IS-1026,2024-09-23,128,923.16
D03,IS-1026,2024-09-30,120,907.56
D03,IS-1026,2024-10-07,116,791.2
D03,IS-1026,2024-10-14,112,764.79
D03,IS-1026,2024-10-21,149,1101.59
D03,IS-1026,2024-10-28,129,979.02
D03,IS-1026,2024-11-04,105,764.81
D03,IS-1026,2024-11-11,149,1074.85
D03,IS-1026,2024-11-18,120,821.66
D03,IS-1026,2024-11-25,106,791.34
D03,IS-1026,2024-12-02,163,1205.29
D03,IS-1026,2024-12-09,103,697.97
D03,IS-1026,2024-12-16,107,787.66
D03,IS-1026,2024-12-23,121,840.23
D03,IS-1026,2024-12-30,127,930.62
D03,IS-1026,2025-01-06,108,781.62
D03,IS-1026,2025-01-13,88,624.54
D03,IS-1026,2025-01-20,123,933.13
D03,IS-1026,2025-01-27,105,718.79
D03,IS-1026,2025-02-03,118,879.64
D03,IS-1026,2025-02-10,111,784.47
D03,IS-1026,2025-02-17,107,775.35
D03,IS-1026,2025-02-24,122,923.21
D03,IS-1026,2025-03-03,116,883.95
D03,IS-1026,2025-03-10,114,857.5
D03,IS-1026,2025-03-17,150,1065.81
D03,IS-1026,2025-03-24,113,775.78
D03,IS-1026,2025-03-31,127,872.53
D03,IS-1026,2025-04-07,132,999.54
D03,IS-1026,2025-04-14,104,763.05
D03,IS-1026,2025-04-21,114,825.64
D03,IS-1026,2025-04-28,135,1008.58
D03,IS-1026,2025-05-05,134,997.25
D03,IS-1026,2025-05-12,121,918.12
D03,IS-1026,2025-05-19,136,989.31
D03,IS-1026,2025-05-26,142,991.16
D03,IS-1026,2025-06-02,149,1019.98
D03,IS-1026,2025-06-09,151,1116.0
D03,IS-1026,2025-06-16,164,1172.66
D03,IS-1026,2025-06-23,138,1048.6
D03,IS-1026,2025-06-30,110,816.02
D03,IS-1026,2025-07-07,129,909.5
D03,IS-1026,2025-07-14,111,782.34
D03,IS-1026,2025-07-21,151,1045.76
D03,IS-1026,2025-07-28,163,1202.2
D03,IS-1026,2025-08-04,131,965.61
D03,IS-1026,2025-08-11,155,1136.32
D03,IS-1026,2025-08-18,152,1111.75
D03,IS-1026,2025-08-25,134,980.89
D03,IS-1026,2025-09-01,137,966.08
D03,IS-1026,2025-09-08,144,998.07
D03,IS-1026,2025-09-15,101,727.8
D03,IS-1026,2025-09-22,127,911.84
D03,IS-1026,2025-09-29,132,933.29
D03,IS-1026,2025-10-06,97,726.15
D03,IS-1026,2025-10-13,159,1206.84
D03,IS-1026,2025-10-20,139,1021.55
D03,IS-1026,2025-10-27,139,1001.86
D03,IS-1026,2025-11-03,124,905.25
D03,IS-1026,2025-11-10,101,726.45
D03,IS-1026,2025-11-17,96,660.36
D03,IS-1026,2025-11-24,114,820.26
D03,IS-1026,2025-12-01,128,904.07
D03,IS-1026,2025-12-08,125,898.54
D03,IS-1026,2025-12-15,149,1031.29
D03,IS-1026,2025-12-22,110,812.88
D03,IS-1026,2025-12-29,110,775.38
D03,IS-1026,2026-01-05,117,842.79
D03,IS-1026,2026-01-12,99,701.14
D03,IS-1026,2026-01-19,148,1064.01
D03,IS-1026,2026-01-26,115,862.65
D03,IS-1026,2026-02-02,125,859.35
D03,IS-1026,2026-02-09,137,1029.77
D03,IS-1026,2026-02-16,110,751.87
D03,IS-1026,2026-02-23,129,916.04
D03,IS-1026,2026-03-02,125,870.26
D03,IS-1026,2026-03-09,147,1090.02
D03,IS-1026,2026-03-16,128,911.3
D03,IS-1026,2026-03-23,84,616.21
D03,IS-1026,2026-03-30,114,788.51
D03,IS-1026,2026-04-06,106,757.35
D03,IS-1026,2026-04-13,178,1278.42
D03,IS-1026,2026-04-20,166,1225.77
D03,IS-1026,2026-04-27,98,693.74
D03,IS-1026,2026-05-04,117,816.66
D03,IS-1026,2026-05-11,112,766.5
D03,IS-1026,2026-05-18,143,1006.65
D03,IS-1026,2026-05-25,120,836.3
D03,IS-1026,2026-06-01,134,920.48
D03,IS-1026,2026-06-08,113,854.81
D03,IS-1026,2026-06-15,149,1067.71
D03,IS-1026,2026-06-22,108,820.11
D03,IS-1023,2024-01-01,396,6301.45
D03,IS-1023,2024-01-08,422,6666.85
D03,IS-1023,2024-01-15,424,6485.52
D03,IS-1023,2024-01-22,374,5407.2
D03,IS-1023,2024-01-29,426,6861.42
D03,IS-1023,2024-02-05,353,5619.89
D03,IS-1023,2024-02-12,407,6406.73
D03,IS-1023,2024-02-19,374,5845.68
D03,IS-1023,2024-02-26,391,5955.88
D03,IS-1023,2024-03-04,322,4910.79
D03,IS-1023,2024-03-11,428,6499.44
D03,IS-1023,2024-03-18,496,7457.76
D03,IS-1023,2024-03-25,479,6949.29
D03,IS-1023,2024-04-01,554,8249.39
D03,IS-1023,2024-04-08,412,6336.1
D03,IS-1023,2024-04-15,447,6768.25
D03,IS-1023,2024-04-22,555,8321.47
D03,IS-1023,2024-04-29,481,7380.98
D03,IS-1023,2024-05-06,505,8066.2
D03,IS-1023,2024-05-13,678,10150.47
D03,IS-1023,2024-05-20,477,7345.42
D03,IS-1023,2024-05-27,463,7048.9
D03,IS-1023,2024-06-03,430,6733.39
D03,IS-1023,2024-06-10,478,7164.39
D03,IS-1023,2024-06-17,582,8902.31
D03,IS-1023,2024-06-24,544,8402.56
D03,IS-1023,2024-07-01,617,9513.0
D03,IS-1023,2024-07-08,524,7861.69
D03,IS-1023,2024-07-15,353,5147.92
D03,IS-1023,2024-07-22,540,8385.0
D03,IS-1023,2024-07-29,496,7328.51
D03,IS-1023,2024-08-05,485,7597.82
D03,IS-1023,2024-08-12,577,9122.31
D03,IS-1023,2024-08-19,457,7251.87
D03,IS-1023,2024-08-26,515,7461.23
D03,IS-1023,2024-09-02,398,6303.0
D03,IS-1023,2024-09-09,369,5871.33
D03,IS-1023,2024-09-16,419,6341.12
D03,IS-1023,2024-09-23,433,6708.71
D03,IS-1023,2024-09-30,488,7787.35
D03,IS-1023,2024-10-07,378,5681.08
D03,IS-1023,2024-10-14,553,8146.96
D03,IS-1023,2024-10-21,378,5958.14
D03,IS-1023,2024-10-28,428,6753.58
D03,IS-1023,2024-11-04,431,6861.28
D03,IS-1023,2024-11-11,447,6851.31
D03,IS-1023,2024-11-18,455,6608.02
D03,IS-1023,2024-11-25,595,9372.67
D03,IS-1023,2024-12-02,386,5803.52
D03,IS-1023,2024-12-09,442,6670.72
D03,IS-1023,2024-12-16,416,6531.06
D03,IS-1023,2024-12-23,489,7642.01
D03,IS-1023,2024-12-30,452,6739.6
D03,IS-1023,2025-01-06,438,6999.22
D03,IS-1023,2025-01-13,340,4914.98
D03,IS-1023,2025-01-20,400,6012.32
D03,IS-1023,2025-01-27,372,5588.54
D03,IS-1023,2025-02-03,405,6204.27
D03,IS-1023,2025-02-10,386,6070.03
D03,IS-1023,2025-02-17,407,6075.5
D03,IS-1023,2025-02-24,417,6440.07
D03,IS-1023,2025-03-03,421,6494.17
D03,IS-1023,2025-03-10,431,6617.39
D03,IS-1023,2025-03-17,395,6168.57
D03,IS-1023,2025-03-24,460,7198.19
D03,IS-1023,2025-03-31,403,6037.64
D03,IS-1023,2025-04-07,425,6145.06
D03,IS-1023,2025-04-14,464,6869.3
D03,IS-1023,2025-04-21,319,5073.13
D03,IS-1023,2025-04-28,687,10574.99
D03,IS-1023,2025-05-05,513,7539.24
D03,IS-1023,2025-05-12,500,7939.48
D03,IS-1023,2025-05-19,441,6776.64
D03,IS-1023,2025-05-26,485,7737.31
D03,IS-1023,2025-06-02,399,6372.48
D03,IS-1023,2025-06-09,514,7984.21
D03,IS-1023,2025-06-16,370,5758.35
D03,IS-1023,2025-06-23,393,5994.5
D03,IS-1023,2025-06-30,426,6209.6
D03,IS-1023,2025-07-07,591,9234.11
D03,IS-1023,2025-07-14,397,5943.83
D03,IS-1023,2025-07-21,490,7112.71
D03,IS-1023,2025-07-28,339,4939.78
D03,IS-1023,2025-08-04,460,7099.38
D03,IS-1023,2025-08-11,590,9087.89
D03,IS-1023,2025-08-18,485,7666.19
D03,IS-1023,2025-08-25,327,4874.44
D03,IS-1023,2025-09-01,444,6499.42
D03,IS-1023,2025-09-08,408,6320.2
D03,IS-1023,2025-09-15,520,7646.9
D03,IS-1023,2025-09-22,422,6251.47
D03,IS-1023,2025-09-29,342,5142.03
D03,IS-1023,2025-10-06,412,6597.62
D03,IS-1023,2025-10-13,375,5577.95
D03,IS-1023,2025-10-20,299,4418.1
D03,IS-1023,2025-10-27,400,6076.92
D03,IS-1023,2025-11-03,408,6174.12
D03,IS-1023,2025-11-10,430,6727.72
D03,IS-1023,2025-11-17,471,6825.85
D03,IS-1023,2025-11-24,386,5872.66
D03,IS-1023,2025-12-01,321,4910.06
D03,IS-1023,2025-12-08,355,5500.28
D03,IS-1023,2025-12-15,402,6012.42
D03,IS-1023,2025-12-22,484,7474.03
D03,IS-1023,2025-12-29,406,6424.97
D03,IS-1023,2026-01-05,399,5785.1
D03,IS-1023,2026-01-12,396,6327.21
D03,IS-1023,2026-01-19,412,6624.88
D03,IS-1023,2026-01-26,554,8599.23
D03,IS-1023,2026-02-02,415,6590.9
D03,IS-1023,2026-02-09,408,5981.44
D03,IS-1023,2026-02-16,431,6420.96
D03,IS-1023,2026-02-23,391,5698.55
D03,IS-1023,2026-03-02,346,5016.87
D03,IS-1023,2026-03-09,341,5426.75
D03,IS-1023,2026-03-16,401,6138.3
D03,IS-1023,2026-03-23,540,8667.56
D03,IS-1023,2026-03-30,544,8035.18
D03,IS-1023,2026-04-06,390,5946.11
D03,IS-1023,2026-04-13,455,6731.48
D03,IS-1023,2026-04-20,479,7350.4
D03,IS-1023,2026-04-27,425,6801.64
D03,IS-1023,2026-05-04,580,8883.51
D03,IS-1023,2026-05-11,538,8146.55
D03,IS-1023,2026-05-18,509,8068.61
D03,IS-1023,2026-05-25,489,7611.61
D03,IS-1023,2026-06-01,384,5668.86
D03,IS-1023,2026-06-08,597,8928.48
D03,IS-1023,2026-06-15,532,8016.67
D03,IS-1023,2026-06-22,518,7913.45
D03,PM-1001,2024-01-01,1741,2085.9
D03,PM-1001,2024-01-08,1866,2129.31
D03,PM-1001,2024-01-15,2159,2596.4
D03,PM-1001,2024-01-22,2227,2470.0
D03,PM-1001,2024-01-29,2092,2354.98
D03,PM-1001,2024-02-05,2257,2758.07
D03,PM-1001,2024-02-12,2435,2863.06
D03,PM-1001,2024-02-19,2113,2589.83
D03,PM-1001,2024-02-26,1847,2062.47
D03,PM-1001,2024-03-04,2079,2556.27
D03,PM-1001,2024-03-11,1732,2136.22
D03,PM-1001,2024-03-18,2275,2668.79
D03,PM-1001,2024-03-25,2011,2406.49
D03,PM-1001,2024-04-01,2221,2601.34
D03,PM-1001,2024-04-08,2175,2631.6
D03,PM-1001,2024-04-15,2097,2426.3
D03,PM-1001,2024-04-22,2314,2637.2
D03,PM-1001,2024-04-29,2210,2576.99
D03,PM-1001,2024-05-06,2060,2319.12
D03,PM-1001,2024-05-13,1929,2316.7
D03,PM-1001,2024-05-20,2408,2865.59
D03,PM-1001,2024-05-27,1910,2157.08
D03,PM-1001,2024-06-03,3001,3425.96
D03,PM-1001,2024-06-10,2783,3357.52
D03,PM-1001,2024-06-17,1806,2209.14
D03,PM-1001,2024-06-24,2515,2830.99
D03,PM-1001,2024-07-01,2708,3226.29
D03,PM-1001,2024-07-08,2083,2556.17
D03,PM-1001,2024-07-15,2386,2706.58
D03,PM-1001,2024-07-22,2209,2475.21
D03,PM-1001,2024-07-29,2478,2847.89
D03,PM-1001,2024-08-05,2077,2456.36
D03,PM-1001,2024-08-12,2565,2980.39
D03,PM-1001,2024-08-19,2138,2493.02
D03,PM-1001,2024-08-26,2064,2546.73
D03,PM-1001,2024-09-02,2364,2670.85
D03,PM-1001,2024-09-09,2431,2837.88
D03,PM-1001,2024-09-16,1482,1760.38
D03,PM-1001,2024-09-23,1348,1632.12
D03,PM-1001,2024-09-30,2172,2451.44
D03,PM-1001,2024-10-07,1852,2219.0
D03,PM-1001,2024-10-14,1663,1987.36
D03,PM-1001,2024-10-21,1902,2259.99
D03,PM-1001,2024-10-28,3090,3524.79
D03,PM-1001,2024-11-04,1625,1827.08
D03,PM-1001,2024-11-11,2254,2731.83
D03,PM-1001,2024-11-18,1753,2156.03
D03,PM-1001,2024-11-25,1576,1760.85
D03,PM-1001,2024-12-02,1784,2153.71
D03,PM-1001,2024-12-09,1579,1811.62
D03,PM-1001,2024-12-16,1546,1770.27
D03,PM-1001,2024-12-23,1757,2161.48
D03,PM-1001,2024-12-30,1669,1868.95
D03,PM-1001,2025-01-06,1931,2235.41
D03,PM-1001,2025-01-13,2035,2451.97
D03,PM-1001,2025-01-20,1774,1996.95
D03,PM-1001,2025-01-27,2211,2598.49
D03,PM-1001,2025-02-03,1835,2253.54
D03,PM-1001,2025-02-10,1999,2308.47
D03,PM-1001,2025-02-17,1491,1833.15
D03,PM-1001,2025-02-24,2109,2369.22
D03,PM-1001,2025-03-03,2949,3446.23
D03,PM-1001,2025-03-10,2393,2756.55
D03,PM-1001,2025-03-17,2090,2332.13
D03,PM-1001,2025-03-24,1820,2174.48
D03,PM-1001,2025-03-31,2790,3337.07
D03,PM-1001,2025-04-07,2150,2570.56
D03,PM-1001,2025-04-14,2007,2357.01
D03,PM-1001,2025-04-21,2029,2484.38
D03,PM-1001,2025-04-28,3072,3419.85
D03,PM-1001,2025-05-05,2224,2605.48
D03,PM-1001,2025-05-12,2434,2950.76
D03,PM-1001,2025-05-19,2214,2506.54
D03,PM-1001,2025-05-26,2267,2672.86
D03,PM-1001,2025-06-02,2151,2631.54
D03,PM-1001,2025-06-09,2840,3449.88
D03,PM-1001,2025-06-16,2308,2757.39
D03,PM-1001,2025-06-23,1853,2171.15
D03,PM-1001,2025-06-30,2422,2826.68
D03,PM-1001,2025-07-07,2236,2676.48
D03,PM-1001,2025-07-14,2397,2951.29
D03,PM-1001,2025-07-21,2142,2391.28
D03,PM-1001,2025-07-28,2062,2316.16
D03,PM-1001,2025-08-04,2539,3020.78
D03,PM-1001,2025-08-11,2912,3592.32
D03,PM-1001,2025-08-18,1653,1984.53
D03,PM-1001,2025-08-25,2192,2649.48
D03,PM-1001,2025-09-01,1978,2432.39
D03,PM-1001,2025-09-08,1853,2291.75
D03,PM-1001,2025-09-15,1522,1757.39
D03,PM-1001,2025-09-22,2199,2488.52
D03,PM-1001,2025-09-29,1919,2170.79
D03,PM-1001,2025-10-06,1885,2121.27
D03,PM-1001,2025-10-13,2428,2743.43
D03,PM-1001,2025-10-20,1883,2319.94
D03,PM-1001,2025-10-27,1858,2149.32
D03,PM-1001,2025-11-03,1624,1936.34
D03,PM-1001,2025-11-10,1722,1938.01
D03,PM-1001,2025-11-17,2449,2858.47
D03,PM-1001,2025-11-24,2147,2548.18
D03,PM-1001,2025-12-01,2372,2817.65
D03,PM-1001,2025-12-08,1723,2069.73
D03,PM-1001,2025-12-15,2064,2539.69
D03,PM-1001,2025-12-22,2293,2830.18
D03,PM-1001,2025-12-29,2144,2439.64
D03,PM-1001,2026-01-05,2502,2858.13
D03,PM-1001,2026-01-12,2108,2546.01
D03,PM-1001,2026-01-19,1996,2228.32
D03,PM-1001,2026-01-26,1413,1660.44
D03,PM-1001,2026-02-02,2158,2459.5
D03,PM-1001,2026-02-09,2237,2654.66
D03,PM-1001,2026-02-16,2451,2727.8
D03,PM-1001,2026-02-23,1849,2260.55
D03,PM-1001,2026-03-02,2093,2369.62
D03,PM-1001,2026-03-09,1673,1935.16
D03,PM-1001,2026-03-16,1684,1994.65
D03,PM-1001,2026-03-23,2338,2836.61
D03,PM-1001,2026-03-30,2641,2969.83
D03,PM-1001,2026-04-06,2678,3206.76
D03,PM-1001,2026-04-13,2372,2874.25
D03,PM-1001,2026-04-20,3040,3635.55
D03,PM-1001,2026-04-27,2123,2580.4
D03,PM-1001,2026-05-04,2590,3028.18
D03,PM-1001,2026-05-11,1867,2081.58
D03,PM-1001,2026-05-18,1425,1631.28
D03,PM-1001,2026-05-25,2130,2572.39
D03,PM-1001,2026-06-01,2252,2625.81
D03,PM-1001,2026-06-08,2376,2881.56
D03,PM-1001,2026-06-15,2230,2600.76
D03,PM-1001,2026-06-22,2417,2723.26
D03,IS-1024,2024-01-01,224,2142.66
D03,IS-1024,2024-01-08,242,2421.48
D03,IS-1024,2024-01-15,232,2210.26
D03,IS-1024,2024-01-22,249,2371.93
D03,IS-1024,2024-01-29,288,2909.1
D03,IS-1024,2024-02-05,310,2984.44
D03,IS-1024,2024-02-12,216,2104.4
D03,IS-1024,2024-02-19,290,2833.19
D03,IS-1024,2024-02-26,262,2426.51
D03,IS-1024,2024-03-04,214,1980.21
D03,IS-1024,2024-03-11,280,2765.02
D03,IS-1024,2024-03-18,347,3269.61
D03,IS-1024,2024-03-25,238,2189.37
D03,IS-1024,2024-04-01,260,2434.65
D03,IS-1024,2024-04-08,213,1936.42
D03,IS-1024,2024-04-15,269,2533.23
D03,IS-1024,2024-04-22,283,2702.16
D03,IS-1024,2024-04-29,374,3601.6
D03,IS-1024,2024-05-06,243,2335.85
D03,IS-1024,2024-05-13,325,3044.66
D03,IS-1024,2024-05-20,296,2840.07
D03,IS-1024,2024-05-27,397,3878.57
D03,IS-1024,2024-06-03,292,2810.11
D03,IS-1024,2024-06-10,283,2637.42
D03,IS-1024,2024-06-17,323,3088.91
D03,IS-1024,2024-06-24,306,2808.0
D03,IS-1024,2024-07-01,327,2971.26
D03,IS-1024,2024-07-08,308,2825.08
D03,IS-1024,2024-07-15,226,2124.48
D03,IS-1024,2024-07-22,303,3018.16
D03,IS-1024,2024-07-29,300,2951.7
D03,IS-1024,2024-08-05,247,2266.65
D03,IS-1024,2024-08-12,286,2658.64
D03,IS-1024,2024-08-19,206,2039.74
D03,IS-1024,2024-08-26,280,2562.31
D03,IS-1024,2024-09-02,296,2683.59
D03,IS-1024,2024-09-09,305,3052.26
D03,IS-1024,2024-09-16,291,2682.81
D03,IS-1024,2024-09-23,227,2171.61
D03,IS-1024,2024-09-30,206,2065.98
D03,IS-1024,2024-10-07,292,2751.16
D03,IS-1024,2024-10-14,267,2631.39
D03,IS-1024,2024-10-21,269,2511.73
D03,IS-1024,2024-10-28,318,2940.82
D03,IS-1024,2024-11-04,193,1930.73
D03,IS-1024,2024-11-11,320,3124.23
D03,IS-1024,2024-11-18,223,2107.5
D03,IS-1024,2024-11-25,274,2684.98
D03,IS-1024,2024-12-02,241,2325.17
D03,IS-1024,2024-12-09,229,2256.99
D03,IS-1024,2024-12-16,192,1913.33
D03,IS-1024,2024-12-23,218,2070.26
D03,IS-1024,2024-12-30,259,2461.65
D03,IS-1024,2025-01-06,255,2338.09
D03,IS-1024,2025-01-13,280,2628.91
D03,IS-1024,2025-01-20,220,2008.65
D03,IS-1024,2025-01-27,275,2554.94
D03,IS-1024,2025-02-03,250,2402.72
D03,IS-1024,2025-02-10,274,2685.52
D03,IS-1024,2025-02-17,271,2550.17
D03,IS-1024,2025-02-24,236,2245.8
D03,IS-1024,2025-03-03,265,2646.66
D03,IS-1024,2025-03-10,275,2571.28
D03,IS-1024,2025-03-17,292,2807.19
D03,IS-1024,2025-03-24,327,3065.63
D03,IS-1024,2025-03-31,239,2397.02
D03,IS-1024,2025-04-07,222,2081.87
D03,IS-1024,2025-04-14,323,3235.1
D03,IS-1024,2025-04-21,221,2235.0
D03,IS-1024,2025-04-28,315,3171.48
D03,IS-1024,2025-05-05,236,2186.76
D03,IS-1024,2025-05-12,247,2252.37
D03,IS-1024,2025-05-19,269,2503.13
D03,IS-1024,2025-05-26,219,2121.17
D03,IS-1024,2025-06-02,236,2379.02
D03,IS-1024,2025-06-09,212,2092.98
D03,IS-1024,2025-06-16,301,2756.78
D03,IS-1024,2025-06-23,271,2630.02
D03,IS-1024,2025-06-30,271,2622.0
D03,IS-1024,2025-07-07,266,2590.1
D03,IS-1024,2025-07-14,267,2554.59
D03,IS-1024,2025-07-21,247,2405.15
D03,IS-1024,2025-07-28,304,3074.76
D03,IS-1024,2025-08-04,201,1838.06
D03,IS-1024,2025-08-11,209,1955.28
D03,IS-1024,2025-08-18,315,2959.42
D03,IS-1024,2025-08-25,265,2519.81
D03,IS-1024,2025-09-01,186,1710.89
D03,IS-1024,2025-09-08,262,2572.94
D03,IS-1024,2025-09-15,194,1790.61
D03,IS-1024,2025-09-22,297,2809.19
D03,IS-1024,2025-09-29,278,2578.75
D03,IS-1024,2025-10-06,328,3003.86
D03,IS-1024,2025-10-13,227,2236.07
D03,IS-1024,2025-10-20,196,1892.62
D03,IS-1024,2025-10-27,216,1959.15
D03,IS-1024,2025-11-03,215,2003.66
D03,IS-1024,2025-11-10,245,2438.96
D03,IS-1024,2025-11-17,175,1601.41
D03,IS-1024,2025-11-24,230,2285.99
D03,IS-1024,2025-12-01,197,1831.55
D03,IS-1024,2025-12-08,212,2008.28
D03,IS-1024,2025-12-15,283,2752.51
D03,IS-1024,2025-12-22,268,2566.35
D03,IS-1024,2025-12-29,258,2348.06
D03,IS-1024,2026-01-05,256,2506.87
D03,IS-1024,2026-01-12,225,2123.21
D03,IS-1024,2026-01-19,234,2217.91
D03,IS-1024,2026-01-26,188,1777.5
D03,IS-1024,2026-02-02,199,1968.69
D03,IS-1024,2026-02-09,247,2304.77
D03,IS-1024,2026-02-16,207,2003.19
D03,IS-1024,2026-02-23,274,2545.41
D03,IS-1024,2026-03-02,248,2414.78
D03,IS-1024,2026-03-09,241,2349.45
D03,IS-1024,2026-03-16,233,2205.99
D03,IS-1024,2026-03-23,276,2554.17
D03,IS-1024,2026-03-30,289,2806.06
D03,IS-1024,2026-04-06,231,2150.83
D03,IS-1024,2026-04-13,246,2283.99
D03,IS-1024,2026-04-20,261,2603.98
D03,IS-1024,2026-04-27,283,2620.51
D03,IS-1024,2026-05-04,285,2798.22
D03,IS-1024,2026-05-11,270,2703.98
D03,IS-1024,2026-05-18,306,2945.13
D03,IS-1024,2026-05-25,271,2543.85
D03,IS-1024,2026-06-01,225,2159.8
D03,IS-1024,2026-06-08,339,3351.43
D03,IS-1024,2026-06-15,322,3079.85
D03,IS-1024,2026-06-22,226,2099.71
D03,PM-1002,2024-01-01,2116,2638.63
D03,PM-1002,2024-01-08,2107,2574.53
D03,PM-1002,2024-01-15,2213,2713.45
D03,PM-1002,2024-01-22,1613,2080.74
D03,PM-1002,2024-01-29,2413,3023.13
D03,PM-1002,2024-02-05,2357,2887.99
D03,PM-1002,2024-02-12,1635,2004.0
D03,PM-1002,2024-02-19,3093,3805.11
D03,PM-1002,2024-02-26,2178,2880.22
D03,PM-1002,2024-03-04,1859,2271.09
D03,PM-1002,2024-03-11,2326,2762.09
D03,PM-1002,2024-03-18,1955,2476.81
D03,PM-1002,2024-03-25,1776,2235.91
D03,PM-1002,2024-04-01,2191,2796.58
D03,PM-1002,2024-04-08,2224,2748.91
D03,PM-1002,2024-04-15,1832,2314.44
D03,PM-1002,2024-04-22,2079,2605.08
D03,PM-1002,2024-04-29,2014,2660.89
D03,PM-1002,2024-05-06,2242,2908.98
D03,PM-1002,2024-05-13,2619,3431.16
D03,PM-1002,2024-05-20,2436,2961.87
D03,PM-1002,2024-05-27,2380,3023.89
D03,PM-1002,2024-06-03,1822,2318.24
D03,PM-1002,2024-06-10,2387,2935.43
D03,PM-1002,2024-06-17,2035,2516.02
D03,PM-1002,2024-06-24,1848,2251.16
D03,PM-1002,2024-07-01,2721,3497.79
D03,PM-1002,2024-07-08,1946,2364.53
D03,PM-1002,2024-07-15,2399,3125.58
D03,PM-1002,2024-07-22,2186,2871.47
D03,PM-1002,2024-07-29,2025,2578.27
D03,PM-1002,2024-08-05,2786,3404.42
D03,PM-1002,2024-08-12,2103,2745.86
D03,PM-1002,2024-08-19,2107,2603.23
D03,PM-1002,2024-08-26,2026,2565.36
D03,PM-1002,2024-09-02,2301,2856.26
D03,PM-1002,2024-09-09,2167,2779.9
D03,PM-1002,2024-09-16,1978,2462.53
D03,PM-1002,2024-09-23,1895,2492.27
D03,PM-1002,2024-09-30,2143,2763.83
D03,PM-1002,2024-10-07,1938,2409.18
D03,PM-1002,2024-10-14,2744,3394.21
D03,PM-1002,2024-10-21,1942,2495.88
D03,PM-1002,2024-10-28,2194,2800.87
D03,PM-1002,2024-11-04,2045,2538.19
D03,PM-1002,2024-11-11,1975,2501.03
D03,PM-1002,2024-11-18,2350,2984.77
D03,PM-1002,2024-11-25,2233,2678.31
D03,PM-1002,2024-12-02,2222,2830.36
D03,PM-1002,2024-12-09,2217,2692.93
D03,PM-1002,2024-12-16,1604,1907.51
D03,PM-1002,2024-12-23,2187,2843.34
D03,PM-1002,2024-12-30,1978,2460.3
D03,PM-1002,2025-01-06,1909,2492.83
D03,PM-1002,2025-01-13,3484,4370.29
D03,PM-1002,2025-01-20,1673,2190.53
D03,PM-1002,2025-01-27,2073,2498.42
D03,PM-1002,2025-02-03,2065,2598.59
D03,PM-1002,2025-02-10,2111,2505.16
D03,PM-1002,2025-02-17,1852,2363.73
D03,PM-1002,2025-02-24,2251,2865.79
D03,PM-1002,2025-03-03,1857,2340.06
D03,PM-1002,2025-03-10,2316,2986.6
D03,PM-1002,2025-03-17,2294,2922.43
D03,PM-1002,2025-03-24,2180,2880.65
D03,PM-1002,2025-03-31,2257,2865.08
D03,PM-1002,2025-04-07,2919,3571.01
D03,PM-1002,2025-04-14,2530,3006.41
D03,PM-1002,2025-04-21,2398,3159.01
D03,PM-1002,2025-04-28,2507,3274.05
D03,PM-1002,2025-05-05,2380,3106.46
D03,PM-1002,2025-05-12,2582,3101.27
D03,PM-1002,2025-05-19,2178,2833.85
D03,PM-1002,2025-05-26,3332,4170.62
D03,PM-1002,2025-06-02,2464,3077.69
D03,PM-1002,2025-06-09,3662,4513.95
D03,PM-1002,2025-06-16,3340,4332.82
D03,PM-1002,2025-06-23,2218,2646.59
D03,PM-1002,2025-06-30,2472,3085.39
D03,PM-1002,2025-07-07,2510,3287.93
D03,PM-1002,2025-07-14,2721,3323.3
D03,PM-1002,2025-07-21,2399,2971.56
D03,PM-1002,2025-07-28,2801,3376.93
D03,PM-1002,2025-08-04,1782,2265.16
D03,PM-1002,2025-08-11,2100,2540.45
D03,PM-1002,2025-08-18,2218,2661.81
D03,PM-1002,2025-08-25,2046,2511.62
D03,PM-1002,2025-09-01,1728,2231.49
D03,PM-1002,2025-09-08,2534,3021.08
D03,PM-1002,2025-09-15,1862,2355.11
D03,PM-1002,2025-09-22,1967,2421.93
D03,PM-1002,2025-09-29,2415,3080.93
D03,PM-1002,2025-10-06,2567,3394.28
D03,PM-1002,2025-10-13,1946,2337.12
D03,PM-1002,2025-10-20,1799,2325.6
D03,PM-1002,2025-10-27,1847,2258.12
D03,PM-1002,2025-11-03,2450,3176.72
D03,PM-1002,2025-11-10,2458,3031.49
D03,PM-1002,2025-11-17,2160,2712.59
D03,PM-1002,2025-11-24,2124,2540.13
D03,PM-1002,2025-12-01,1676,1993.46
D03,PM-1002,2025-12-08,2189,2708.98
D03,PM-1002,2025-12-15,2299,3038.63
D03,PM-1002,2025-12-22,2098,2702.88
D03,PM-1002,2025-12-29,2116,2719.21
D03,PM-1002,2026-01-05,1766,2126.27
D03,PM-1002,2026-01-12,2470,2932.39
D03,PM-1002,2026-01-19,1702,2114.38
D03,PM-1002,2026-01-26,2096,2491.85
D03,PM-1002,2026-02-02,2269,2731.93
D03,PM-1002,2026-02-09,2536,3054.24
D03,PM-1002,2026-02-16,2525,3076.05
D03,PM-1002,2026-02-23,2582,3390.37
D03,PM-1002,2026-03-02,2100,2721.89
D03,PM-1002,2026-03-09,3145,3748.65
D03,PM-1002,2026-03-16,2638,3263.07
D03,PM-1002,2026-03-23,2145,2702.12
D03,PM-1002,2026-03-30,2186,2837.76
D03,PM-1002,2026-04-06,2580,3121.95
D03,PM-1002,2026-04-13,2163,2790.31
D03,PM-1002,2026-04-20,1929,2379.99
D03,PM-1002,2026-04-27,2381,2884.52
D03,PM-1002,2026-05-04,1682,2030.62
D03,PM-1002,2026-05-11,2508,3200.67
D03,PM-1002,2026-05-18,2625,3418.37
D03,PM-1002,2026-05-25,2298,2959.8
D03,PM-1002,2026-06-01,2846,3449.53
D03,PM-1002,2026-06-08,2724,3421.55
D03,PM-1002,2026-06-15,2056,2578.85
D03,PM-1002,2026-06-22,2408,2957.95
D03,SC-1020,2024-01-01,432,4914.15
D03,SC-1020,2024-01-08,362,4371.7
D03,SC-1020,2024-01-15,280,3350.76
D03,SC-1020,2024-01-22,232,2812.95
D03,SC-1020,2024-01-29,333,4041.87
D03,SC-1020,2024-02-05,296,3363.8
D03,SC-1020,2024-02-12,310,3653.52
D03,SC-1020,2024-02-19,291,3347.32
D03,SC-1020,2024-02-26,318,3675.93
D03,SC-1020,2024-03-04,321,3917.61
D03,SC-1020,2024-03-11,346,3966.9
D03,SC-1020,2024-03-18,322,3897.43
D03,SC-1020,2024-03-25,325,4006.55
D03,SC-1020,2024-04-01,396,4715.15
D03,SC-1020,2024-04-08,370,4428.38
D03,SC-1020,2024-04-15,375,4723.98
D03,SC-1020,2024-04-22,376,4723.43
D03,SC-1020,2024-04-29,335,3835.96
D03,SC-1020,2024-05-06,480,5561.27
D03,SC-1020,2024-05-13,529,6075.32
D03,SC-1020,2024-05-20,473,5926.57
D03,SC-1020,2024-05-27,303,3610.15
D03,SC-1020,2024-06-03,360,4439.84
D03,SC-1020,2024-06-10,444,5496.31
D03,SC-1020,2024-06-17,358,4191.61
D03,SC-1020,2024-06-24,361,4354.15
D03,SC-1020,2024-07-01,327,4079.58
D03,SC-1020,2024-07-08,380,4503.83
D03,SC-1020,2024-07-15,355,4389.8
D03,SC-1020,2024-07-22,280,3302.39
D03,SC-1020,2024-07-29,474,5430.65
D03,SC-1020,2024-08-05,423,5287.26
D03,SC-1020,2024-08-12,324,3776.67
D03,SC-1020,2024-08-19,449,5463.2
D03,SC-1020,2024-08-26,399,4581.33
D03,SC-1020,2024-09-02,463,5287.34
D03,SC-1020,2024-09-09,432,5353.22
D03,SC-1020,2024-09-16,342,4271.56
D03,SC-1020,2024-09-23,423,5313.67
D03,SC-1020,2024-09-30,423,5270.93
D03,SC-1020,2024-10-07,443,5562.6
D03,SC-1020,2024-10-14,437,5413.01
D03,SC-1020,2024-10-21,511,6453.9
D03,SC-1020,2024-10-28,430,5417.23
D03,SC-1020,2024-11-04,330,4061.91
D03,SC-1020,2024-11-11,381,4701.12
D03,SC-1020,2024-11-18,317,3596.76
D03,SC-1020,2024-11-25,444,5211.87
D03,SC-1020,2024-12-02,327,3713.33
D03,SC-1020,2024-12-09,520,6438.94
D03,SC-1020,2024-12-16,358,4214.77
D03,SC-1020,2024-12-23,373,4293.54
D03,SC-1020,2024-12-30,353,4266.97
D03,SC-1020,2025-01-06,342,4148.6
D03,SC-1020,2025-01-13,355,4288.57
D03,SC-1020,2025-01-20,402,4707.72
D03,SC-1020,2025-01-27,393,4687.22
D03,SC-1020,2025-02-03,372,4289.88
D03,SC-1020,2025-02-10,420,5125.59
D03,SC-1020,2025-02-17,375,4528.88
D03,SC-1020,2025-02-24,411,4917.8
D03,SC-1020,2025-03-03,543,6849.87
D03,SC-1020,2025-03-10,387,4489.25
D03,SC-1020,2025-03-17,409,4936.8
D03,SC-1020,2025-03-24,364,4559.37
D03,SC-1020,2025-03-31,417,4895.44
D03,SC-1020,2025-04-07,469,5785.85
D03,SC-1020,2025-04-14,414,4706.63
D03,SC-1020,2025-04-21,382,4794.17
D03,SC-1020,2025-04-28,483,5958.89
D03,SC-1020,2025-05-05,495,5675.65
D03,SC-1020,2025-05-12,510,6350.11
D03,SC-1020,2025-05-19,389,4646.57
D03,SC-1020,2025-05-26,579,6987.73
D03,SC-1020,2025-06-02,440,5544.25
D03,SC-1020,2025-06-09,408,4926.3
D03,SC-1020,2025-06-16,555,6394.16
D03,SC-1020,2025-06-23,583,7092.34
D03,SC-1020,2025-06-30,455,5734.84
D03,SC-1020,2025-07-07,320,3793.22
D03,SC-1020,2025-07-14,383,4829.15
D03,SC-1020,2025-07-21,290,3581.09
D03,SC-1020,2025-07-28,511,5955.93
D03,SC-1020,2025-08-04,295,3701.29
D03,SC-1020,2025-08-11,357,4438.49
D03,SC-1020,2025-08-18,325,4098.69
D03,SC-1020,2025-08-25,286,3384.12
D03,SC-1020,2025-09-01,280,3417.08
D03,SC-1020,2025-09-08,375,4437.32
D03,SC-1020,2025-09-15,329,3917.56
D03,SC-1020,2025-09-22,276,3366.08
D03,SC-1020,2025-09-29,277,3284.13
D03,SC-1020,2025-10-06,262,3110.38
D03,SC-1020,2025-10-13,332,3999.2
D03,SC-1020,2025-10-20,329,3773.03
D03,SC-1020,2025-10-27,306,3855.55
D03,SC-1020,2025-11-03,289,3548.46
D03,SC-1020,2025-11-10,302,3449.63
D03,SC-1020,2025-11-17,212,2564.29
D03,SC-1020,2025-11-24,280,3317.75
D03,SC-1020,2025-12-01,312,3573.55
D03,SC-1020,2025-12-08,273,3130.61
D03,SC-1020,2025-12-15,263,3325.56
D03,SC-1020,2025-12-22,236,2751.39
D03,SC-1020,2025-12-29,237,2983.79
D03,SC-1020,2026-01-05,238,2966.6
D03,SC-1020,2026-01-12,265,3286.75
D03,SC-1020,2026-01-19,238,2957.36
D03,SC-1020,2026-01-26,194,2379.28
D03,SC-1020,2026-02-02,288,3606.45
D03,SC-1020,2026-02-09,276,3480.9
D03,SC-1020,2026-02-16,269,3256.47
D03,SC-1020,2026-02-23,222,2785.21
D03,SC-1020,2026-03-02,237,2714.23
D03,SC-1020,2026-03-09,276,3269.41
D03,SC-1020,2026-03-16,257,3106.08
D03,SC-1020,2026-03-23,230,2636.84
D03,SC-1020,2026-03-30,310,3559.14
D03,SC-1020,2026-04-06,225,2706.75
D03,SC-1020,2026-04-13,163,1900.44
D03,SC-1020,2026-04-20,260,3193.01
D03,SC-1020,2026-04-27,263,2990.41
D03,SC-1020,2026-05-04,262,3199.11
D03,SC-1020,2026-05-11,277,3215.86
D03,SC-1020,2026-05-18,241,3003.95
D03,SC-1020,2026-05-25,306,3535.72
D03,SC-1020,2026-06-01,214,2487.46
D03,SC-1020,2026-06-08,262,3064.88
D03,SC-1020,2026-06-15,239,2886.87
D03,SC-1020,2026-06-22,305,3782.84
D03,PM-1004,2024-01-01,2218,2501.75
D03,PM-1004,2024-01-08,1291,1477.57
D03,PM-1004,2024-01-15,2199,2563.21
D03,PM-1004,2024-01-22,1858,2263.89
D03,PM-1004,2024-01-29,1294,1537.45
D03,PM-1004,2024-02-05,1976,2379.62
D03,PM-1004,2024-02-12,1851,2130.09
D03,PM-1004,2024-02-19,1788,1989.51
D03,PM-1004,2024-02-26,1854,2060.24
D03,PM-1004,2024-03-04,1944,2183.95
D03,PM-1004,2024-03-11,1962,2258.9
D03,PM-1004,2024-03-18,1593,1759.62
D03,PM-1004,2024-03-25,2131,2505.95
D03,PM-1004,2024-04-01,1912,2127.52
D03,PM-1004,2024-04-08,2590,3149.58
D03,PM-1004,2024-04-15,2341,2695.48
D03,PM-1004,2024-04-22,2398,2868.79
D03,PM-1004,2024-04-29,2758,3186.28
D03,PM-1004,2024-05-06,2343,2786.89
D03,PM-1004,2024-05-13,2062,2333.3
D03,PM-1004,2024-05-20,1441,1589.28
D03,PM-1004,2024-05-27,2199,2609.47
D03,PM-1004,2024-06-03,2754,3314.66
D03,PM-1004,2024-06-10,2431,2776.45
D03,PM-1004,2024-06-17,1969,2232.84
D03,PM-1004,2024-06-24,2140,2546.33
D03,PM-1004,2024-07-01,1946,2181.97
D03,PM-1004,2024-07-08,2207,2498.25
D03,PM-1004,2024-07-15,1943,2184.9
D03,PM-1004,2024-07-22,2589,3150.51
D03,PM-1004,2024-07-29,2110,2410.61
D03,PM-1004,2024-08-05,2139,2395.28
D03,PM-1004,2024-08-12,1803,2021.94
D03,PM-1004,2024-08-19,1901,2177.64
D03,PM-1004,2024-08-26,1687,1868.92
D03,PM-1004,2024-09-02,2458,2909.78
D03,PM-1004,2024-09-09,1822,2186.89
D03,PM-1004,2024-09-16,1997,2384.07
D03,PM-1004,2024-09-23,1530,1680.4
D03,PM-1004,2024-09-30,1590,1836.18
D03,PM-1004,2024-10-07,1825,2110.99
D03,PM-1004,2024-10-14,1793,2051.01
D03,PM-1004,2024-10-21,1934,2305.12
D03,PM-1004,2024-10-28,2502,3063.24
D03,PM-1004,2024-11-04,1359,1491.2
D03,PM-1004,2024-11-11,2118,2541.45
D03,PM-1004,2024-11-18,1962,2263.17
D03,PM-1004,2024-11-25,1655,1985.2
D03,PM-1004,2024-12-02,1698,1950.06
D03,PM-1004,2024-12-09,2142,2435.36
D03,PM-1004,2024-12-16,1795,1983.86
D03,PM-1004,2024-12-23,1730,2019.19
D03,PM-1004,2024-12-30,1556,1905.78
D03,PM-1004,2025-01-06,1613,1826.26
D03,PM-1004,2025-01-13,1532,1710.6
D03,PM-1004,2025-01-20,2113,2544.8
D03,PM-1004,2025-01-27,1657,1949.74
D03,PM-1004,2025-02-03,1571,1753.79
D03,PM-1004,2025-02-10,1945,2292.01
D03,PM-1004,2025-02-17,1692,2031.49
D03,PM-1004,2025-02-24,2435,2837.55
D03,PM-1004,2025-03-03,1961,2273.66
D03,PM-1004,2025-03-10,2030,2312.94
D03,PM-1004,2025-03-17,2050,2315.84
D03,PM-1004,2025-03-24,2185,2522.83
D03,PM-1004,2025-03-31,2252,2566.8
D03,PM-1004,2025-04-07,2050,2451.08
D03,PM-1004,2025-04-14,1767,2142.65
D03,PM-1004,2025-04-21,2025,2318.13
D03,PM-1004,2025-04-28,2105,2383.38
D03,PM-1004,2025-05-05,1642,1825.81
D03,PM-1004,2025-05-12,1537,1839.91
D03,PM-1004,2025-05-19,1764,2038.23
D03,PM-1004,2025-05-26,1583,1925.62
D03,PM-1004,2025-06-02,1975,2274.12
D03,PM-1004,2025-06-09,1893,2192.04
D03,PM-1004,2025-06-16,2153,2547.84
D03,PM-1004,2025-06-23,2359,2699.13
D03,PM-1004,2025-06-30,2209,2667.47
D03,PM-1004,2025-07-07,2250,2553.57
D03,PM-1004,2025-07-14,2418,2939.82
D03,PM-1004,2025-07-21,1987,2289.69
D03,PM-1004,2025-07-28,1402,1615.49
D03,PM-1004,2025-08-04,1584,1790.8
D03,PM-1004,2025-08-11,2200,2683.87
D03,PM-1004,2025-08-18,2085,2508.31
D03,PM-1004,2025-08-25,2226,2699.19
D03,PM-1004,2025-09-01,3044,3727.46
D03,PM-1004,2025-09-08,2034,2434.13
D03,PM-1004,2025-09-15,1922,2183.8
D03,PM-1004,2025-09-22,2033,2336.45
D03,PM-1004,2025-09-29,1600,1767.09
D03,PM-1004,2025-10-06,2122,2523.44
D03,PM-1004,2025-10-13,1831,2092.0
D03,PM-1004,2025-10-20,2399,2713.57
D03,PM-1004,2025-10-27,1455,1667.26
D03,PM-1004,2025-11-03,1840,2240.77
D03,PM-1004,2025-11-10,1665,1845.61
D03,PM-1004,2025-11-17,1552,1828.43
D03,PM-1004,2025-11-24,1993,2201.02
D03,PM-1004,2025-12-01,1728,1901.64
D03,PM-1004,2025-12-08,2211,2433.52
D03,PM-1004,2025-12-15,1673,1886.33
D03,PM-1004,2025-12-22,1712,2052.72
D03,PM-1004,2025-12-29,2464,2801.49
D03,PM-1004,2026-01-05,1493,1816.01
D03,PM-1004,2026-01-12,1635,1887.2
D03,PM-1004,2026-01-19,1164,1331.32
D03,PM-1004,2026-01-26,1743,2019.67
D03,PM-1004,2026-02-02,2084,2310.98
D03,PM-1004,2026-02-09,2015,2356.74
D03,PM-1004,2026-02-16,1954,2328.28
D03,PM-1004,2026-02-23,1693,2005.86
D03,PM-1004,2026-03-02,1894,2168.64
D03,PM-1004,2026-03-09,1854,2133.88
D03,PM-1004,2026-03-16,1986,2297.16
D03,PM-1004,2026-03-23,2059,2329.52
D03,PM-1004,2026-03-30,1920,2181.7
D03,PM-1004,2026-04-06,2049,2335.83
D03,PM-1004,2026-04-13,2028,2440.82
D03,PM-1004,2026-04-20,1873,2276.29
D03,PM-1004,2026-04-27,2111,2409.58
D03,PM-1004,2026-05-04,1732,2085.87
D03,PM-1004,2026-05-11,2166,2438.96
D03,PM-1004,2026-05-18,1791,2001.68
D03,PM-1004,2026-05-25,2113,2438.69
D03,PM-1004,2026-06-01,2278,2760.99
D03,PM-1004,2026-06-08,1850,2231.21
D03,PM-1004,2026-06-15,2481,3017.06
D03,PM-1004,2026-06-22,2774,3204.77
D03,IS-1022,2024-01-01,179,2463.42
D03,IS-1022,2024-01-08,188,2649.76
D03,IS-1022,2024-01-15,187,2569.06
D03,IS-1022,2024-01-22,248,3522.08
D03,IS-1022,2024-01-29,174,2334.79
D03,IS-1022,2024-02-05,166,2179.03
D03,IS-1022,2024-02-12,198,2749.55
D03,IS-1022,2024-02-19,217,2862.35
D03,IS-1022,2024-02-26,233,3012.08
D03,IS-1022,2024-03-04,259,3571.04
D03,IS-1022,2024-03-11,160,2275.2
D03,IS-1022,2024-03-18,287,4059.15
D03,IS-1022,2024-03-25,199,2748.45
D03,IS-1022,2024-04-01,218,2968.97
D03,IS-1022,2024-04-08,231,3301.85
D03,IS-1022,2024-04-15,167,2399.55
D03,IS-1022,2024-04-22,219,3074.98
D03,IS-1022,2024-04-29,273,3568.79
D03,IS-1022,2024-05-06,261,3587.29
D03,IS-1022,2024-05-13,221,2889.73
D03,IS-1022,2024-05-20,247,3322.87
D03,IS-1022,2024-05-27,258,3598.71
D03,IS-1022,2024-06-03,232,3240.86
D03,IS-1022,2024-06-10,260,3624.67
D03,IS-1022,2024-06-17,214,2872.8
D03,IS-1022,2024-06-24,209,2804.31
D03,IS-1022,2024-07-01,230,3264.86
D03,IS-1022,2024-07-08,167,2238.18
D03,IS-1022,2024-07-15,265,3476.14
D03,IS-1022,2024-07-22,240,3229.82
D03,IS-1022,2024-07-29,228,3158.5
D03,IS-1022,2024-08-05,264,3518.68
D03,IS-1022,2024-08-12,246,3400.2
D03,IS-1022,2024-08-19,270,3692.8
D03,IS-1022,2024-08-26,289,3871.58
D03,IS-1022,2024-09-02,237,3381.55
D03,IS-1022,2024-09-09,201,2707.97
D03,IS-1022,2024-09-16,247,3251.38
D03,IS-1022,2024-09-23,197,2538.68
D03,IS-1022,2024-09-30,194,2495.31
D03,IS-1022,2024-10-07,206,2664.01
D03,IS-1022,2024-10-14,253,3553.32
D03,IS-1022,2024-10-21,236,3042.28
D03,IS-1022,2024-10-28,239,3423.96
D03,IS-1022,2024-11-04,212,2805.11
D03,IS-1022,2024-11-11,225,2977.29
D03,IS-1022,2024-11-18,225,2982.13
D03,IS-1022,2024-11-25,185,2392.15
D03,IS-1022,2024-12-02,223,3061.76
D03,IS-1022,2024-12-09,204,2832.77
D03,IS-1022,2024-12-16,192,2705.8
D03,IS-1022,2024-12-23,193,2555.24
D03,IS-1022,2024-12-30,188,2443.48
D03,IS-1022,2025-01-06,196,2619.14
D03,IS-1022,2025-01-13,205,2706.98
D03,IS-1022,2025-01-20,228,3048.63
D03,IS-1022,2025-01-27,261,3390.08
D03,IS-1022,2025-02-03,228,3164.55
D03,IS-1022,2025-02-10,214,2917.25
D03,IS-1022,2025-02-17,157,2089.34
D03,IS-1022,2025-02-24,308,4213.82
D03,IS-1022,2025-03-03,194,2505.31
D03,IS-1022,2025-03-10,197,2553.58
D03,IS-1022,2025-03-17,265,3679.63
D03,IS-1022,2025-03-24,187,2531.4
D03,IS-1022,2025-03-31,236,3145.41
D03,IS-1022,2025-04-07,209,2711.48
D03,IS-1022,2025-04-14,217,2886.89
D03,IS-1022,2025-04-21,229,3250.08
D03,IS-1022,2025-04-28,191,2677.92
D03,IS-1022,2025-05-05,225,3171.19
D03,IS-1022,2025-05-12,268,3499.84
D03,IS-1022,2025-05-19,228,3134.51
D03,IS-1022,2025-05-26,390,5526.25
D03,IS-1022,2025-06-02,234,3169.26
D03,IS-1022,2025-06-09,193,2615.18
D03,IS-1022,2025-06-16,213,2950.62
D03,IS-1022,2025-06-23,172,2404.08
D03,IS-1022,2025-06-30,269,3596.59
D03,IS-1022,2025-07-07,290,3722.97
D03,IS-1022,2025-07-14,257,3517.29
D03,IS-1022,2025-07-21,198,2588.38
D03,IS-1022,2025-07-28,196,2616.75
D03,IS-1022,2025-08-04,247,3299.54
D03,IS-1022,2025-08-11,203,2689.44
D03,IS-1022,2025-08-18,191,2627.29
D03,IS-1022,2025-08-25,186,2399.31
D03,IS-1022,2025-09-01,282,3885.27
D03,IS-1022,2025-09-08,197,2775.38
D03,IS-1022,2025-09-15,237,3362.52
D03,IS-1022,2025-09-22,225,2913.66
D03,IS-1022,2025-09-29,180,2523.68
D03,IS-1022,2025-10-06,204,2890.96
D03,IS-1022,2025-10-13,173,2272.92
D03,IS-1022,2025-10-20,248,3310.13
D03,IS-1022,2025-10-27,173,2330.39
D03,IS-1022,2025-11-03,208,2880.43
D03,IS-1022,2025-11-10,182,2442.31
D03,IS-1022,2025-11-17,170,2268.9
D03,IS-1022,2025-11-24,229,3246.56
D03,IS-1022,2025-12-01,180,2395.99
D03,IS-1022,2025-12-08,148,2028.29
D03,IS-1022,2025-12-15,207,2826.22
D03,IS-1022,2025-12-22,175,2258.39
D03,IS-1022,2025-12-29,200,2773.5
D03,IS-1022,2026-01-05,224,3061.77
D03,IS-1022,2026-01-12,209,2736.97
D03,IS-1022,2026-01-19,228,3074.39
D03,IS-1022,2026-01-26,165,2185.86
D03,IS-1022,2026-02-02,243,3132.79
D03,IS-1022,2026-02-09,196,2644.01
D03,IS-1022,2026-02-16,167,2351.14
D03,IS-1022,2026-02-23,145,2033.41
D03,IS-1022,2026-03-02,202,2763.0
D03,IS-1022,2026-03-09,190,2669.65
D03,IS-1022,2026-03-16,192,2519.7
D03,IS-1022,2026-03-23,230,3071.07
D03,IS-1022,2026-03-30,286,3806.61
D03,IS-1022,2026-04-06,195,2539.56
D03,IS-1022,2026-04-13,228,3114.24
D03,IS-1022,2026-04-20,208,2768.6
D03,IS-1022,2026-04-27,197,2694.68
D03,IS-1022,2026-05-04,198,2681.1
D03,IS-1022,2026-05-11,297,3953.95
D03,IS-1022,2026-05-18,233,3311.74
D03,IS-1022,2026-05-25,227,3241.62
D03,IS-1022,2026-06-01,212,2786.18
D03,IS-1022,2026-06-08,238,3076.84
D03,IS-1022,2026-06-15,214,2933.79
D03,IS-1022,2026-06-22,314,4118.53
D03,IS-1028,2024-01-01,555,7435.1
D03,IS-1028,2024-01-08,406,5598.59
D03,IS-1028,2024-01-15,716,9458.43
D03,IS-1028,2024-01-22,522,6899.16
D03,IS-1028,2024-01-29,466,6476.19
D03,IS-1028,2024-02-05,448,6373.4
D03,IS-1028,2024-02-12,574,8210.38
D03,IS-1028,2024-02-19,428,6154.69
D03,IS-1028,2024-02-26,449,6213.72
D03,IS-1028,2024-03-04,617,8832.33
D03,IS-1028,2024-03-11,463,6229.46
D03,IS-1028,2024-03-18,462,6568.79
D03,IS-1028,2024-03-25,453,6062.73
D03,IS-1028,2024-04-01,379,5039.14
D03,IS-1028,2024-04-08,595,8360.05
D03,IS-1028,2024-04-15,512,6727.51
D03,IS-1028,2024-04-22,610,8037.58
D03,IS-1028,2024-04-29,511,7152.42
D03,IS-1028,2024-05-06,495,6981.78
D03,IS-1028,2024-05-13,480,6722.07
D03,IS-1028,2024-05-20,590,8110.49
D03,IS-1028,2024-05-27,474,6770.55
D03,IS-1028,2024-06-03,567,7441.53
D03,IS-1028,2024-06-10,539,7667.86
D03,IS-1028,2024-06-17,459,6100.1
D03,IS-1028,2024-06-24,501,7015.26
D03,IS-1028,2024-07-01,535,7227.52
D03,IS-1028,2024-07-08,508,7081.84
D03,IS-1028,2024-07-15,705,9672.69
D03,IS-1028,2024-07-22,546,7402.98
D03,IS-1028,2024-07-29,509,6775.01
D03,IS-1028,2024-08-05,493,7000.35
D03,IS-1028,2024-08-12,499,6879.26
D03,IS-1028,2024-08-19,467,6033.33
D03,IS-1028,2024-08-26,448,6010.0
D03,IS-1028,2024-09-02,549,7475.08
D03,IS-1028,2024-09-09,627,8427.11
D03,IS-1028,2024-09-16,460,6391.92
D03,IS-1028,2024-09-23,520,7022.2
D03,IS-1028,2024-09-30,437,6280.37
D03,IS-1028,2024-10-07,485,6530.17
D03,IS-1028,2024-10-14,389,5532.56
D03,IS-1028,2024-10-21,413,5899.9
D03,IS-1028,2024-10-28,408,5295.23
D03,IS-1028,2024-11-04,452,6398.77
D03,IS-1028,2024-11-11,386,5309.37
D03,IS-1028,2024-11-18,327,4605.61
D03,IS-1028,2024-11-25,371,4816.75
D03,IS-1028,2024-12-02,442,6147.8
D03,IS-1028,2024-12-09,402,5710.05
D03,IS-1028,2024-12-16,415,5670.85
D03,IS-1028,2024-12-23,471,6681.76
D03,IS-1028,2024-12-30,401,5277.24
D03,IS-1028,2025-01-06,450,6076.59
D03,IS-1028,2025-01-13,630,8524.57
D03,IS-1028,2025-01-20,434,6202.26
D03,IS-1028,2025-01-27,448,6159.98
D03,IS-1028,2025-02-03,493,6397.92
D03,IS-1028,2025-02-10,415,5632.02
D03,IS-1028,2025-02-17,432,5797.85
D03,IS-1028,2025-02-24,469,6222.7
D03,IS-1028,2025-03-03,494,6576.47
D03,IS-1028,2025-03-10,421,5438.27
D03,IS-1028,2025-03-17,530,7618.66
D03,IS-1028,2025-03-24,620,8536.17
D03,IS-1028,2025-03-31,372,5353.4
D03,IS-1028,2025-04-07,529,7203.12
D03,IS-1028,2025-04-14,495,6707.69
D03,IS-1028,2025-04-21,483,6298.35
D03,IS-1028,2025-04-28,533,7390.84
D03,IS-1028,2025-05-05,627,8707.9
D03,IS-1028,2025-05-12,531,6926.7
D03,IS-1028,2025-05-19,592,8372.85
D03,IS-1028,2025-05-26,510,7278.68
D03,IS-1028,2025-06-02,542,7367.1
D03,IS-1028,2025-06-09,473,6127.23
D03,IS-1028,2025-06-16,515,7171.46
D03,IS-1028,2025-06-23,490,6381.0
D03,IS-1028,2025-06-30,517,6767.06
D03,IS-1028,2025-07-07,395,5470.45
D03,IS-1028,2025-07-14,426,5708.31
D03,IS-1028,2025-07-21,598,7896.87
D03,IS-1028,2025-07-28,612,8674.66
D03,IS-1028,2025-08-04,380,5288.3
D03,IS-1028,2025-08-11,448,6145.88
D03,IS-1028,2025-08-18,432,5951.18
D03,IS-1028,2025-08-25,497,6880.27
D03,IS-1028,2025-09-01,468,6118.44
D03,IS-1028,2025-09-08,520,7251.15
D03,IS-1028,2025-09-15,379,5352.67
D03,IS-1028,2025-09-22,485,6321.8
D03,IS-1028,2025-09-29,433,5770.51
D03,IS-1028,2025-10-06,404,5249.27
D03,IS-1028,2025-10-13,478,6803.47
D03,IS-1028,2025-10-20,428,6074.21
D03,IS-1028,2025-10-27,434,5796.62
D03,IS-1028,2025-11-03,535,7434.63
D03,IS-1028,2025-11-10,440,6066.23
D03,IS-1028,2025-11-17,581,8294.56
D03,IS-1028,2025-11-24,305,4255.07
D03,IS-1028,2025-12-01,431,5806.46
D03,IS-1028,2025-12-08,366,4960.42
D03,IS-1028,2025-12-15,376,5064.12
D03,IS-1028,2025-12-22,393,5249.73
D03,IS-1028,2025-12-29,500,6793.92
D03,IS-1028,2026-01-05,412,5484.28
D03,IS-1028,2026-01-12,371,5146.99
D03,IS-1028,2026-01-19,489,6520.78
D03,IS-1028,2026-01-26,374,5111.43
D03,IS-1028,2026-02-02,580,7917.96
D03,IS-1028,2026-02-09,375,5377.29
D03,IS-1028,2026-02-16,441,6273.11
D03,IS-1028,2026-02-23,621,8210.59
D03,IS-1028,2026-03-02,448,5990.17
D03,IS-1028,2026-03-09,506,6988.36
D03,IS-1028,2026-03-16,473,6688.37
D03,IS-1028,2026-03-23,486,6538.78
D03,IS-1028,2026-03-30,434,5645.43
D03,IS-1028,2026-04-06,530,7490.2
D03,IS-1028,2026-04-13,610,8194.33
D03,IS-1028,2026-04-20,377,5154.02
D03,IS-1028,2026-04-27,443,6056.48
D03,IS-1028,2026-05-04,471,6344.13
D03,IS-1028,2026-05-11,451,5997.63
D03,IS-1028,2026-05-18,571,7705.66
D03,IS-1028,2026-05-25,475,6195.23
D03,IS-1028,2026-06-01,528,6861.53
D03,IS-1028,2026-06-08,654,9266.2
D03,IS-1028,2026-06-15,400,5499.94
D03,IS-1028,2026-06-22,549,7355.21
D03,SC-1017,2024-01-01,340,4963.83
D03,SC-1017,2024-01-08,265,3957.63
D03,SC-1017,2024-01-15,308,4236.48
D03,SC-1017,2024-01-22,258,3822.79
D03,SC-1017,2024-01-29,360,5255.31
D03,SC-1017,2024-02-05,306,4239.31
D03,SC-1017,2024-02-12,387,5426.2
D03,SC-1017,2024-02-19,282,4021.48
D03,SC-1017,2024-02-26,324,4826.28
D03,SC-1017,2024-03-04,239,3392.61
D03,SC-1017,2024-03-11,506,7310.22
D03,SC-1017,2024-03-18,463,6866.28
D03,SC-1017,2024-03-25,488,6681.73
D03,SC-1017,2024-04-01,449,6326.36
D03,SC-1017,2024-04-08,330,4502.18
D03,SC-1017,2024-04-15,363,5037.48
D03,SC-1017,2024-04-22,386,5194.62
D03,SC-1017,2024-04-29,395,5427.21
D03,SC-1017,2024-05-06,320,4302.94
D03,SC-1017,2024-05-13,320,4560.71
D03,SC-1017,2024-05-20,313,4339.49
D03,SC-1017,2024-05-27,361,5251.23
D03,SC-1017,2024-06-03,369,5377.56
D03,SC-1017,2024-06-10,363,4967.16
D03,SC-1017,2024-06-17,405,5699.81
D03,SC-1017,2024-06-24,318,4415.99
D03,SC-1017,2024-07-01,344,4955.29
D03,SC-1017,2024-07-08,349,4793.93
D03,SC-1017,2024-07-15,442,6134.54
D03,SC-1017,2024-07-22,402,5962.75
D03,SC-1017,2024-07-29,409,5850.64
D03,SC-1017,2024-08-05,337,4896.59
D03,SC-1017,2024-08-12,388,5725.01
D03,SC-1017,2024-08-19,342,4723.75
D03,SC-1017,2024-08-26,342,5004.98
D03,SC-1017,2024-09-02,401,5624.04
D03,SC-1017,2024-09-09,342,4852.63
D03,SC-1017,2024-09-16,369,5214.52
D03,SC-1017,2024-09-23,358,5078.88
D03,SC-1017,2024-09-30,310,4507.0
D03,SC-1017,2024-10-07,338,4723.87
D03,SC-1017,2024-10-14,337,4758.23
D03,SC-1017,2024-10-21,344,5107.59
D03,SC-1017,2024-10-28,277,4006.94
D03,SC-1017,2024-11-04,325,4401.24
D03,SC-1017,2024-11-11,414,5831.61
D03,SC-1017,2024-11-18,386,5696.04
D03,SC-1017,2024-11-25,340,4817.7
D03,SC-1017,2024-12-02,303,4226.08
D03,SC-1017,2024-12-09,368,4928.02
D03,SC-1017,2024-12-16,421,5683.17
D03,SC-1017,2024-12-23,460,6766.98
D03,SC-1017,2024-12-30,341,4920.66
D03,SC-1017,2025-01-06,317,4363.0
D03,SC-1017,2025-01-13,403,5689.28
D03,SC-1017,2025-01-20,399,5744.34
D03,SC-1017,2025-01-27,383,5185.79
D03,SC-1017,2025-02-03,351,5131.43
D03,SC-1017,2025-02-10,321,4529.42
D03,SC-1017,2025-02-17,438,6119.69
D03,SC-1017,2025-02-24,459,6159.86
D03,SC-1017,2025-03-03,385,5516.28
D03,SC-1017,2025-03-10,532,7256.86
D03,SC-1017,2025-03-17,432,5932.0
D03,SC-1017,2025-03-24,411,5747.31
D03,SC-1017,2025-03-31,358,5214.89
D03,SC-1017,2025-04-07,335,4725.63
D03,SC-1017,2025-04-14,405,5879.55
D03,SC-1017,2025-04-21,467,6763.8
D03,SC-1017,2025-04-28,633,8611.87
D03,SC-1017,2025-05-05,454,6522.39
D03,SC-1017,2025-05-12,495,7231.84
D03,SC-1017,2025-05-19,403,5847.69
D03,SC-1017,2025-05-26,474,7011.82
D03,SC-1017,2025-06-02,467,6616.63
D03,SC-1017,2025-06-09,402,5525.63
D03,SC-1017,2025-06-16,567,8213.73
D03,SC-1017,2025-06-23,455,6234.81
D03,SC-1017,2025-06-30,549,7450.84
D03,SC-1017,2025-07-07,354,4996.37
D03,SC-1017,2025-07-14,332,4785.21
D03,SC-1017,2025-07-21,306,4248.29
D03,SC-1017,2025-07-28,322,4565.88
D03,SC-1017,2025-08-04,417,5974.47
D03,SC-1017,2025-08-11,288,4179.48
D03,SC-1017,2025-08-18,359,4933.51
D03,SC-1017,2025-08-25,305,4207.33
D03,SC-1017,2025-09-01,343,4958.69
D03,SC-1017,2025-09-08,319,4438.5
D03,SC-1017,2025-09-15,249,3615.8
D03,SC-1017,2025-09-22,306,4220.85
D03,SC-1017,2025-09-29,406,5908.48
D03,SC-1017,2025-10-06,302,4116.48
D03,SC-1017,2025-10-13,326,4593.45
D03,SC-1017,2025-10-20,292,3981.27
D03,SC-1017,2025-10-27,310,4558.66
D03,SC-1017,2025-11-03,244,3318.59
D03,SC-1017,2025-11-10,263,3672.08
D03,SC-1017,2025-11-17,302,4316.79
D03,SC-1017,2025-11-24,248,3659.07
D03,SC-1017,2025-12-01,304,4109.93
D03,SC-1017,2025-12-08,221,2968.83
D03,SC-1017,2025-12-15,257,3506.35
D03,SC-1017,2025-12-22,243,3509.7
D03,SC-1017,2025-12-29,374,5190.11
D03,SC-1017,2026-01-05,236,3203.12
D03,SC-1017,2026-01-12,266,3773.28
D03,SC-1017,2026-01-19,185,2558.39
D03,SC-1017,2026-01-26,209,3061.11
D03,SC-1017,2026-02-02,260,3700.39
D03,SC-1017,2026-02-09,239,3224.93
D03,SC-1017,2026-02-16,240,3493.0
D03,SC-1017,2026-02-23,237,3395.6
D03,SC-1017,2026-03-02,242,3323.4
D03,SC-1017,2026-03-09,193,2853.45
D03,SC-1017,2026-03-16,246,3585.63
D03,SC-1017,2026-03-23,241,3454.06
D03,SC-1017,2026-03-30,292,4172.33
D03,SC-1017,2026-04-06,282,3791.6
D03,SC-1017,2026-04-13,162,2202.97
D03,SC-1017,2026-04-20,224,3050.88
D03,SC-1017,2026-04-27,330,4512.33
D03,SC-1017,2026-05-04,290,3946.1
D03,SC-1017,2026-05-11,274,4079.94
D03,SC-1017,2026-05-18,237,3402.09
D03,SC-1017,2026-05-25,286,4157.6
D03,SC-1017,2026-06-01,204,2818.33
D03,SC-1017,2026-06-08,235,3213.4
D03,SC-1017,2026-06-15,270,3729.72
D03,SC-1017,2026-06-22,280,3854.1
D03,PM-1003,2024-01-01,3694,1876.47
D03,PM-1003,2024-01-08,3841,1994.42
D03,PM-1003,2024-01-15,2346,1111.64
D03,PM-1003,2024-01-22,3715,1945.1
D03,PM-1003,2024-01-29,3367,1722.64
D03,PM-1003,2024-02-05,2349,1130.35
D03,PM-1003,2024-02-12,4025,1981.28
D03,PM-1003,2024-02-19,3528,1714.94
D03,PM-1003,2024-02-26,2770,1379.86
D03,PM-1003,2024-03-04,3772,1910.76
D03,PM-1003,2024-03-11,3687,1754.74
D03,PM-1003,2024-03-18,3929,1876.94
D03,PM-1003,2024-03-25,2736,1431.88
D03,PM-1003,2024-04-01,3527,1690.45
D03,PM-1003,2024-04-08,3213,1643.73
D03,PM-1003,2024-04-15,3661,1786.45
D03,PM-1003,2024-04-22,2929,1427.88
D03,PM-1003,2024-04-29,3216,1551.86
D03,PM-1003,2024-05-06,4818,2419.85
D03,PM-1003,2024-05-13,4574,2159.74
D03,PM-1003,2024-05-20,4462,2334.13
D03,PM-1003,2024-05-27,4821,2398.92
D03,PM-1003,2024-06-03,2926,1528.92
D03,PM-1003,2024-06-10,3843,2014.62
D03,PM-1003,2024-06-17,4018,1919.18
D03,PM-1003,2024-06-24,3649,1911.67
D03,PM-1003,2024-07-01,2917,1492.0
D03,PM-1003,2024-07-08,4387,2196.31
D03,PM-1003,2024-07-15,4196,2138.91
D03,PM-1003,2024-07-22,3465,1711.54
D03,PM-1003,2024-07-29,4290,2156.91
D03,PM-1003,2024-08-05,3822,1968.59
D03,PM-1003,2024-08-12,4093,2095.15
D03,PM-1003,2024-08-19,3217,1586.3
D03,PM-1003,2024-08-26,3790,1811.21
D03,PM-1003,2024-09-02,3761,1931.03
D03,PM-1003,2024-09-09,3466,1822.8
D03,PM-1003,2024-09-16,2379,1175.32
D03,PM-1003,2024-09-23,3611,1900.02
D03,PM-1003,2024-09-30,3614,1889.96
D03,PM-1003,2024-10-07,2998,1450.99
D03,PM-1003,2024-10-14,3732,1801.89
D03,PM-1003,2024-10-21,3525,1819.33
D03,PM-1003,2024-10-28,3587,1819.73
D03,PM-1003,2024-11-04,3167,1597.84
D03,PM-1003,2024-11-11,2580,1329.16
D03,PM-1003,2024-11-18,2578,1267.61
D03,PM-1003,2024-11-25,3669,1919.61
D03,PM-1003,2024-12-02,2803,1348.14
D03,PM-1003,2024-12-09,2929,1479.79
D03,PM-1003,2024-12-16,3747,1825.19
D03,PM-1003,2024-12-23,2402,1153.77
D03,PM-1003,2024-12-30,2609,1292.11
D03,PM-1003,2025-01-06,3753,1900.88
D03,PM-1003,2025-01-13,3395,1782.99
D03,PM-1003,2025-01-20,2502,1299.0
D03,PM-1003,2025-01-27,3181,1552.79
D03,PM-1003,2025-02-03,3517,1748.64
D03,PM-1003,2025-02-10,2929,1494.02
D03,PM-1003,2025-02-17,2807,1466.94
D03,PM-1003,2025-02-24,2732,1436.61
D03,PM-1003,2025-03-03,4035,2088.22
D03,PM-1003,2025-03-10,4196,2153.38
D03,PM-1003,2025-03-17,4057,1964.4
D03,PM-1003,2025-03-24,4399,2291.13
D03,PM-1003,2025-03-31,4471,2183.95
D03,PM-1003,2025-04-07,2965,1441.34
D03,PM-1003,2025-04-14,4359,2123.56
D03,PM-1003,2025-04-21,3843,1831.73
D03,PM-1003,2025-04-28,5057,2536.87
D03,PM-1003,2025-05-05,6355,3082.17
D03,PM-1003,2025-05-12,3731,1918.34
D03,PM-1003,2025-05-19,3684,1818.19
D03,PM-1003,2025-05-26,3651,1857.07
D03,PM-1003,2025-06-02,3915,2011.45
D03,PM-1003,2025-06-09,4013,2108.84
D03,PM-1003,2025-06-16,5753,2872.74
D03,PM-1003,2025-06-23,3951,1953.77
D03,PM-1003,2025-06-30,3616,1888.44
D03,PM-1003,2025-07-07,3850,1821.14
D03,PM-1003,2025-07-14,3379,1704.49
D03,PM-1003,2025-07-21,2957,1544.86
D03,PM-1003,2025-07-28,3696,1882.72
D03,PM-1003,2025-08-04,5323,2585.67
D03,PM-1003,2025-08-11,4252,2021.42
D03,PM-1003,2025-08-18,3434,1621.38
D03,PM-1003,2025-08-25,3855,1930.06
D03,PM-1003,2025-09-01,5282,2633.18
D03,PM-1003,2025-09-08,3697,1823.12
D03,PM-1003,2025-09-15,3109,1567.35
D03,PM-1003,2025-09-22,3556,1835.81
D03,PM-1003,2025-09-29,3839,2017.63
D03,PM-1003,2025-10-06,3678,1798.99
D03,PM-1003,2025-10-13,4259,2038.91
D03,PM-1003,2025-10-20,3449,1729.42
D03,PM-1003,2025-10-27,2374,1218.52
D03,PM-1003,2025-11-03,3598,1752.08
D03,PM-1003,2025-11-10,3542,1744.95
D03,PM-1003,2025-11-17,3493,1655.58
D03,PM-1003,2025-11-24,2914,1387.58
D03,PM-1003,2025-12-01,4454,2158.71
D03,PM-1003,2025-12-08,2804,1432.7
D03,PM-1003,2025-12-15,2851,1410.37
D03,PM-1003,2025-12-22,3198,1522.23
D03,PM-1003,2025-12-29,4051,2042.21
D03,PM-1003,2026-01-05,4095,1972.73
D03,PM-1003,2026-01-12,3690,1803.28
D03,PM-1003,2026-01-19,3857,1875.67
D03,PM-1003,2026-01-26,2795,1379.21
D03,PM-1003,2026-02-02,2654,1303.41
D03,PM-1003,2026-02-09,3267,1544.08
D03,PM-1003,2026-02-16,3982,2042.49
D03,PM-1003,2026-02-23,4035,2088.25
D03,PM-1003,2026-03-02,3119,1631.15
D03,PM-1003,2026-03-09,3099,1537.32
D03,PM-1003,2026-03-16,4317,2135.22
D03,PM-1003,2026-03-23,3763,1863.16
D03,PM-1003,2026-03-30,2704,1378.42
D03,PM-1003,2026-04-06,3144,1490.55
D03,PM-1003,2026-04-13,4034,2043.63
D03,PM-1003,2026-04-20,3163,1659.86
D03,PM-1003,2026-04-27,3281,1696.71
D03,PM-1003,2026-05-04,3318,1670.69
D03,PM-1003,2026-05-11,4381,2223.61
D03,PM-1003,2026-05-18,3851,1911.64
D03,PM-1003,2026-05-25,4973,2467.8
D03,PM-1003,2026-06-01,3632,1757.78
D03,PM-1003,2026-06-08,3755,1946.19
D03,PM-1003,2026-06-15,4073,1948.64
D03,PM-1003,2026-06-22,3521,1845.01
D03,PW-1033,2024-01-01,787,3256.09
D03,PW-1033,2024-01-08,822,3394.93
D03,PW-1033,2024-01-15,773,3263.68
D03,PW-1033,2024-01-22,1099,4895.9
D03,PW-1033,2024-01-29,830,3731.78
D03,PW-1033,2024-02-05,896,3930.47
D03,PW-1033,2024-02-12,869,3687.17
D03,PW-1033,2024-02-19,996,4453.11
D03,PW-1033,2024-02-26,1396,6140.28
D03,PW-1033,2024-03-04,1476,6471.13
D03,PW-1033,2024-03-11,952,3905.79
D03,PW-1033,2024-03-18,1059,4539.42
D03,PW-1033,2024-03-25,1162,4892.16
D03,PW-1033,2024-04-01,1228,5487.24
D03,PW-1033,2024-04-08,1131,4782.59
D03,PW-1033,2024-04-15,1226,5536.31
D03,PW-1033,2024-04-22,1115,4722.82
D03,PW-1033,2024-04-29,961,4308.02
D03,PW-1033,2024-05-06,1255,5642.96
D03,PW-1033,2024-05-13,1094,4617.64
D03,PW-1033,2024-05-20,1133,5077.36
D03,PW-1033,2024-05-27,883,3946.02
D03,PW-1033,2024-06-03,968,4320.85
D03,PW-1033,2024-06-10,1028,4528.09
D03,PW-1033,2024-06-17,1180,5062.84
D03,PW-1033,2024-06-24,1428,6427.97
D03,PW-1033,2024-07-01,1225,5072.55
D03,PW-1033,2024-07-08,1058,4495.15
D03,PW-1033,2024-07-15,935,4002.35
D03,PW-1033,2024-07-22,1303,5413.65
D03,PW-1033,2024-07-29,1128,4862.36
D03,PW-1033,2024-08-05,662,2807.63
D03,PW-1033,2024-08-12,1243,5346.69
D03,PW-1033,2024-08-19,1117,4803.42
D03,PW-1033,2024-08-26,759,3370.28
D03,PW-1033,2024-09-02,1142,4742.06
D03,PW-1033,2024-09-09,1045,4594.15
D03,PW-1033,2024-09-16,841,3725.53
D03,PW-1033,2024-09-23,1379,5681.42
D03,PW-1033,2024-09-30,1077,4762.89
D03,PW-1033,2024-10-07,931,3842.7
D03,PW-1033,2024-10-14,884,3915.23
D03,PW-1033,2024-10-21,960,4310.14
D03,PW-1033,2024-10-28,959,4069.35
D03,PW-1033,2024-11-04,1066,4373.19
D03,PW-1033,2024-11-11,940,4243.66
D03,PW-1033,2024-11-18,913,3930.85
D03,PW-1033,2024-11-25,994,4397.12
D03,PW-1033,2024-12-02,909,3852.21
D03,PW-1033,2024-12-09,955,4209.89
D03,PW-1033,2024-12-16,1198,5077.05
D03,PW-1033,2024-12-23,909,4103.1
D03,PW-1033,2024-12-30,957,4036.1
D03,PW-1033,2025-01-06,875,3910.99
D03,PW-1033,2025-01-13,1166,4904.12
D03,PW-1033,2025-01-20,773,3407.1
D03,PW-1033,2025-01-27,887,3973.38
D03,PW-1033,2025-02-03,1129,4869.65
D03,PW-1033,2025-02-10,1002,4207.49
D03,PW-1033,2025-02-17,1183,4984.84
D03,PW-1033,2025-02-24,1018,4511.41
D03,PW-1033,2025-03-03,958,4161.04
D03,PW-1033,2025-03-10,1053,4793.83
D03,PW-1033,2025-03-17,893,3649.43
D03,PW-1033,2025-03-24,969,4310.42
D03,PW-1033,2025-03-31,1271,5447.43
D03,PW-1033,2025-04-07,1077,4785.49
D03,PW-1033,2025-04-14,1125,4858.8
D03,PW-1033,2025-04-21,1162,4928.06
D03,PW-1033,2025-04-28,909,4084.47
D03,PW-1033,2025-05-05,917,4027.42
D03,PW-1033,2025-05-12,1234,5492.24
D03,PW-1033,2025-05-19,1102,4527.22
D03,PW-1033,2025-05-26,1139,5018.76
D03,PW-1033,2025-06-02,1295,5374.65
D03,PW-1033,2025-06-09,1029,4604.54
D03,PW-1033,2025-06-16,1088,4616.47
D03,PW-1033,2025-06-23,1124,4877.16
D03,PW-1033,2025-06-30,1245,5391.66
D03,PW-1033,2025-07-07,1119,4696.53
D03,PW-1033,2025-07-14,1071,4674.61
D03,PW-1033,2025-07-21,1513,6342.03
D03,PW-1033,2025-07-28,1175,5083.71
D03,PW-1033,2025-08-04,1281,5402.42
D03,PW-1033,2025-08-11,880,3742.56
D03,PW-1033,2025-08-18,945,4275.75
D03,PW-1033,2025-08-25,1242,5414.89
D03,PW-1033,2025-09-01,1089,4585.67
D03,PW-1033,2025-09-08,1057,4365.05
D03,PW-1033,2025-09-15,963,4224.97
D03,PW-1033,2025-09-22,1276,5760.04
D03,PW-1033,2025-09-29,1206,5426.71
D03,PW-1033,2025-10-06,1075,4626.67
D03,PW-1033,2025-10-13,1118,4591.19
D03,PW-1033,2025-10-20,1023,4265.43
D03,PW-1033,2025-10-27,961,4086.24
D03,PW-1033,2025-11-03,981,4154.6
D03,PW-1033,2025-11-10,1184,5364.7
D03,PW-1033,2025-11-17,993,4431.8
D03,PW-1033,2025-11-24,1061,4555.88
D03,PW-1033,2025-12-01,986,4437.17
D03,PW-1033,2025-12-08,1212,5349.57
D03,PW-1033,2025-12-15,957,4218.23
D03,PW-1033,2025-12-22,1331,5876.4
D03,PW-1033,2025-12-29,976,4237.35
D03,PW-1033,2026-01-05,982,4174.24
D03,PW-1033,2026-01-12,1455,6281.82
D03,PW-1033,2026-01-19,925,4135.53
D03,PW-1033,2026-01-26,1089,4487.43
D03,PW-1033,2026-02-02,1287,5766.12
D03,PW-1033,2026-02-09,886,3825.23
D03,PW-1033,2026-02-16,1174,4977.57
D03,PW-1033,2026-02-23,906,4043.96
D03,PW-1033,2026-03-02,1161,4910.66
D03,PW-1033,2026-03-09,1585,6748.36
D03,PW-1033,2026-03-16,830,3560.96
D03,PW-1033,2026-03-23,1180,5297.82
D03,PW-1033,2026-03-30,1127,5074.67
D03,PW-1033,2026-04-06,1048,4498.29
D03,PW-1033,2026-04-13,978,4032.28
D03,PW-1033,2026-04-20,1464,6111.01
D03,PW-1033,2026-04-27,1289,5701.42
D03,PW-1033,2026-05-04,954,3934.75
D03,PW-1033,2026-05-11,1101,4667.54
D03,PW-1033,2026-05-18,1174,5124.35
D03,PW-1033,2026-05-25,1012,4241.93
D03,PW-1033,2026-06-01,1301,5553.86
D03,PW-1033,2026-06-08,1337,5533.11
D03,PW-1033,2026-06-15,1336,5512.43
D03,PW-1033,2026-06-22,1744,7125.23
D03,IS-1027,2024-01-01,382,5770.8
D03,IS-1027,2024-01-08,365,5323.33
D03,IS-1027,2024-01-15,457,6864.2
D03,IS-1027,2024-01-22,435,6201.59
D03,IS-1027,2024-01-29,371,5651.15
D03,IS-1027,2024-02-05,415,6396.06
D03,IS-1027,2024-02-12,504,7113.69
D03,IS-1027,2024-02-19,376,5677.15
D03,IS-1027,2024-02-26,390,5512.72
D03,IS-1027,2024-03-04,420,6492.12
D03,IS-1027,2024-03-11,425,6381.81
D03,IS-1027,2024-03-18,539,7933.52
D03,IS-1027,2024-03-25,445,6530.96
D03,IS-1027,2024-04-01,624,8843.36
D03,IS-1027,2024-04-08,422,6086.86
D03,IS-1027,2024-04-15,526,7514.3
D03,IS-1027,2024-04-22,499,7010.78
D03,IS-1027,2024-04-29,506,7652.39
D03,IS-1027,2024-05-06,352,5099.24
D03,IS-1027,2024-05-13,434,6185.43
D03,IS-1027,2024-05-20,501,7494.09
D03,IS-1027,2024-05-27,384,5827.86
D03,IS-1027,2024-06-03,333,5077.92
D03,IS-1027,2024-06-10,430,6011.83
D03,IS-1027,2024-06-17,544,7855.36
D03,IS-1027,2024-06-24,555,7980.83
D03,IS-1027,2024-07-01,429,6647.54
D03,IS-1027,2024-07-08,499,7728.06
D03,IS-1027,2024-07-15,545,8268.58
D03,IS-1027,2024-07-22,621,8836.22
D03,IS-1027,2024-07-29,614,8908.74
D03,IS-1027,2024-08-05,576,8329.72
D03,IS-1027,2024-08-12,460,6912.56
D03,IS-1027,2024-08-19,490,7093.44
D03,IS-1027,2024-08-26,495,7591.11
D03,IS-1027,2024-09-02,469,6982.57
D03,IS-1027,2024-09-09,390,6028.32
D03,IS-1027,2024-09-16,590,8908.53
D03,IS-1027,2024-09-23,502,7537.44
D03,IS-1027,2024-09-30,531,8033.89
D03,IS-1027,2024-10-07,509,7398.55
D03,IS-1027,2024-10-14,428,6121.82
D03,IS-1027,2024-10-21,362,5590.14
D03,IS-1027,2024-10-28,503,7084.14
D03,IS-1027,2024-11-04,495,7582.23
D03,IS-1027,2024-11-11,463,6778.23
D03,IS-1027,2024-11-18,609,8641.84
D03,IS-1027,2024-11-25,404,5801.47
D03,IS-1027,2024-12-02,418,5917.75
D03,IS-1027,2024-12-09,451,6828.38
D03,IS-1027,2024-12-16,406,6020.16
D03,IS-1027,2024-12-23,422,6174.37
D03,IS-1027,2024-12-30,512,7449.22
D03,IS-1027,2025-01-06,399,6039.74
D03,IS-1027,2025-01-13,405,5892.74
D03,IS-1027,2025-01-20,484,7202.84
D03,IS-1027,2025-01-27,366,5121.54
D03,IS-1027,2025-02-03,444,6815.26
D03,IS-1027,2025-02-10,443,6509.73
D03,IS-1027,2025-02-17,501,7205.29
D03,IS-1027,2025-02-24,518,7410.7
D03,IS-1027,2025-03-03,452,6354.0
D03,IS-1027,2025-03-10,461,6854.79
D03,IS-1027,2025-03-17,468,6517.18
D03,IS-1027,2025-03-24,453,6350.43
D03,IS-1027,2025-03-31,580,8229.61
D03,IS-1027,2025-04-07,519,7855.97
D03,IS-1027,2025-04-14,586,8945.32
D03,IS-1027,2025-04-21,427,6024.71
D03,IS-1027,2025-04-28,591,8625.58
D03,IS-1027,2025-05-05,501,7452.61
D03,IS-1027,2025-05-12,547,7759.57
D03,IS-1027,2025-05-19,371,5405.05
D03,IS-1027,2025-05-26,632,9308.54
D03,IS-1027,2025-06-02,529,7931.84
D03,IS-1027,2025-06-09,655,10121.45
D03,IS-1027,2025-06-16,584,8857.47
D03,IS-1027,2025-06-23,363,5296.58
D03,IS-1027,2025-06-30,617,8795.41
D03,IS-1027,2025-07-07,503,7056.23
D03,IS-1027,2025-07-14,535,7693.57
D03,IS-1027,2025-07-21,524,7983.32
D03,IS-1027,2025-07-28,472,6626.08
D03,IS-1027,2025-08-04,447,6932.6
D03,IS-1027,2025-08-11,524,7455.08
D03,IS-1027,2025-08-18,412,5899.91
D03,IS-1027,2025-08-25,464,6839.4
D03,IS-1027,2025-09-01,565,8432.68
D03,IS-1027,2025-09-08,377,5282.87
D03,IS-1027,2025-09-15,435,6695.72
D03,IS-1027,2025-09-22,529,7953.86
D03,IS-1027,2025-09-29,389,5531.17
D03,IS-1027,2025-10-06,327,4679.5
D03,IS-1027,2025-10-13,321,4470.86
D03,IS-1027,2025-10-20,399,5869.68
D03,IS-1027,2025-10-27,548,7808.16
D03,IS-1027,2025-11-03,377,5582.24
D03,IS-1027,2025-11-10,403,6174.55
D03,IS-1027,2025-11-17,422,6483.83
D03,IS-1027,2025-11-24,493,7075.55
D03,IS-1027,2025-12-01,474,6752.87
D03,IS-1027,2025-12-08,407,5709.45
D03,IS-1027,2025-12-15,457,6897.43
D03,IS-1027,2025-12-22,491,7538.55
D03,IS-1027,2025-12-29,328,4749.24
D03,IS-1027,2026-01-05,399,5899.93
D03,IS-1027,2026-01-12,355,4960.71
D03,IS-1027,2026-01-19,384,5557.76
D03,IS-1027,2026-01-26,476,7255.57
D03,IS-1027,2026-02-02,364,5181.28
D03,IS-1027,2026-02-09,622,9429.9
D03,IS-1027,2026-02-16,490,7233.35
D03,IS-1027,2026-02-23,411,6320.14
D03,IS-1027,2026-03-02,445,6565.02
D03,IS-1027,2026-03-09,378,5433.15
D03,IS-1027,2026-03-16,372,5694.14
D03,IS-1027,2026-03-23,442,6674.02
D03,IS-1027,2026-03-30,576,8041.85
D03,IS-1027,2026-04-06,387,5408.2
D03,IS-1027,2026-04-13,581,8418.22
D03,IS-1027,2026-04-20,474,6660.4
D03,IS-1027,2026-04-27,509,7406.24
D03,IS-1027,2026-05-04,500,7176.06
D03,IS-1027,2026-05-11,559,8372.5
D03,IS-1027,2026-05-18,590,8382.72
D03,IS-1027,2026-05-25,486,7505.82
D03,IS-1027,2026-06-01,544,7708.71
D03,IS-1027,2026-06-08,613,8662.73
D03,IS-1027,2026-06-15,571,8146.0
D03,IS-1027,2026-06-22,475,6919.23
D03,PW-1029,2024-01-01,1047,3776.44
D03,PW-1029,2024-01-08,1155,4157.7
D03,PW-1029,2024-01-15,1081,3763.67
D03,PW-1029,2024-01-22,797,2791.67
D03,PW-1029,2024-01-29,1128,4279.54
D03,PW-1029,2024-02-05,1012,3675.52
D03,PW-1029,2024-02-12,1199,4169.74
D03,PW-1029,2024-02-19,953,3364.77
D03,PW-1029,2024-02-26,853,2971.68
D03,PW-1029,2024-03-04,1015,3679.31
D03,PW-1029,2024-03-11,1182,4468.86
D03,PW-1029,2024-03-18,1177,4092.64
D03,PW-1029,2024-03-25,1126,3936.13
D03,PW-1029,2024-04-01,1036,3632.12
D03,PW-1029,2024-04-08,1125,3941.19
D03,PW-1029,2024-04-15,1448,5243.15
D03,PW-1029,2024-04-22,1715,6068.61
D03,PW-1029,2024-04-29,1257,4550.86
D03,PW-1029,2024-05-06,1386,5277.82
D03,PW-1029,2024-05-13,1072,3673.33
D03,PW-1029,2024-05-20,1473,5255.5
D03,PW-1029,2024-05-27,1147,4315.96
D03,PW-1029,2024-06-03,1003,3769.21
D03,PW-1029,2024-06-10,1445,5304.5
D03,PW-1029,2024-06-17,1233,4289.1
D03,PW-1029,2024-06-24,1500,5351.54
D03,PW-1029,2024-07-01,1377,4946.86
D03,PW-1029,2024-07-08,1000,3794.18
D03,PW-1029,2024-07-15,1244,4710.94
D03,PW-1029,2024-07-22,1054,3894.66
D03,PW-1029,2024-07-29,1451,5254.84
D03,PW-1029,2024-08-05,1209,4492.68
D03,PW-1029,2024-08-12,1075,3824.17
D03,PW-1029,2024-08-19,869,3171.14
D03,PW-1029,2024-08-26,1394,5052.96
D03,PW-1029,2024-09-02,1103,4113.71
D03,PW-1029,2024-09-09,1108,4034.3
D03,PW-1029,2024-09-16,1229,4665.94
D03,PW-1029,2024-09-23,993,3511.94
D03,PW-1029,2024-09-30,896,3217.63
D03,PW-1029,2024-10-07,1150,4047.65
D03,PW-1029,2024-10-14,965,3303.2
D03,PW-1029,2024-10-21,1090,3886.47
D03,PW-1029,2024-10-28,963,3367.15
D03,PW-1029,2024-11-04,890,3187.95
D03,PW-1029,2024-11-11,851,2979.69
D03,PW-1029,2024-11-18,1102,3930.7
D03,PW-1029,2024-11-25,1278,4620.38
D03,PW-1029,2024-12-02,1255,4707.32
D03,PW-1029,2024-12-09,1089,4057.16
D03,PW-1029,2024-12-16,1347,4616.82
D03,PW-1029,2024-12-23,1007,3585.19
D03,PW-1029,2024-12-30,1240,4557.48
D03,PW-1029,2025-01-06,1025,3877.94
D03,PW-1029,2025-01-13,997,3632.25
D03,PW-1029,2025-01-20,1265,4707.77
D03,PW-1029,2025-01-27,1206,4495.51
D03,PW-1029,2025-02-03,1254,4486.18
D03,PW-1029,2025-02-10,923,3394.81
D03,PW-1029,2025-02-17,1360,4772.83
D03,PW-1029,2025-02-24,1305,4943.16
D03,PW-1029,2025-03-03,1123,4049.9
D03,PW-1029,2025-03-10,1316,4983.42
D03,PW-1029,2025-03-17,1438,5025.44
D03,PW-1029,2025-03-24,1105,4158.63
D03,PW-1029,2025-03-31,1118,4060.82
D03,PW-1029,2025-04-07,1206,4263.37
D03,PW-1029,2025-04-14,911,3374.92
D03,PW-1029,2025-04-21,1348,4892.83
D03,PW-1029,2025-04-28,1483,5384.09
D03,PW-1029,2025-05-05,1420,5264.71
D03,PW-1029,2025-05-12,1409,5004.5
D03,PW-1029,2025-05-19,1537,5603.03
D03,PW-1029,2025-05-26,1305,4847.24
D03,PW-1029,2025-06-02,1050,3598.12
D03,PW-1029,2025-06-09,1358,4866.89
D03,PW-1029,2025-06-16,1621,5997.7
D03,PW-1029,2025-06-23,1408,5234.93
D03,PW-1029,2025-06-30,1260,4487.49
D03,PW-1029,2025-07-07,1495,5196.4
D03,PW-1029,2025-07-14,1404,5026.51
D03,PW-1029,2025-07-21,1278,4500.66
D03,PW-1029,2025-07-28,1337,4973.99
D03,PW-1029,2025-08-04,1246,4628.91
D03,PW-1029,2025-08-11,1424,5139.22
D03,PW-1029,2025-08-18,1127,4003.5
D03,PW-1029,2025-08-25,1345,4769.56
D03,PW-1029,2025-09-01,1447,5319.21
D03,PW-1029,2025-09-08,1306,4599.57
D03,PW-1029,2025-09-15,1298,4470.37
D03,PW-1029,2025-09-22,1253,4341.12
D03,PW-1029,2025-09-29,1333,4673.53
D03,PW-1029,2025-10-06,1157,4124.23
D03,PW-1029,2025-10-13,1189,4101.3
D03,PW-1029,2025-10-20,1053,3732.0
D03,PW-1029,2025-10-27,1151,4146.98
D03,PW-1029,2025-11-03,883,3328.9
D03,PW-1029,2025-11-10,1193,4348.35
D03,PW-1029,2025-11-17,1300,4610.97
D03,PW-1029,2025-11-24,1171,4117.45
D03,PW-1029,2025-12-01,1358,5043.92
D03,PW-1029,2025-12-08,1447,5081.3
D03,PW-1029,2025-12-15,1184,4490.44
D03,PW-1029,2025-12-22,1025,3826.93
D03,PW-1029,2025-12-29,1409,5126.73
D03,PW-1029,2026-01-05,1375,4742.19
D03,PW-1029,2026-01-12,1296,4484.74
D03,PW-1029,2026-01-19,1129,4101.32
D03,PW-1029,2026-01-26,1304,4886.78
D03,PW-1029,2026-02-02,1187,4241.11
D03,PW-1029,2026-02-09,1126,3879.42
D03,PW-1029,2026-02-16,1341,4965.38
D03,PW-1029,2026-02-23,1110,4022.37
D03,PW-1029,2026-03-02,1455,5479.71
D03,PW-1029,2026-03-09,1371,5081.09
D03,PW-1029,2026-03-16,1307,4570.68
D03,PW-1029,2026-03-23,1335,4745.74
D03,PW-1029,2026-03-30,1156,4066.08
D03,PW-1029,2026-04-06,1178,4173.78
D03,PW-1029,2026-04-13,1795,6557.59
D03,PW-1029,2026-04-20,1365,5103.85
D03,PW-1029,2026-04-27,1137,4257.79
D03,PW-1029,2026-05-04,1628,5959.92
D03,PW-1029,2026-05-11,1224,4187.4
D03,PW-1029,2026-05-18,1564,5685.52
D03,PW-1029,2026-05-25,1797,6581.69
D03,PW-1029,2026-06-01,1399,4790.44
D03,PW-1029,2026-06-08,1723,6200.33
D03,PW-1029,2026-06-15,1618,5656.14
D03,PW-1029,2026-06-22,1835,6940.06
D03,SC-1019,2024-01-01,340,3243.21
D03,SC-1019,2024-01-08,367,3668.78
D03,SC-1019,2024-01-15,345,3426.84
D03,SC-1019,2024-01-22,298,2956.4
D03,SC-1019,2024-01-29,385,3725.9
D03,SC-1019,2024-02-05,321,3190.01
D03,SC-1019,2024-02-12,339,3332.02
D03,SC-1019,2024-02-19,308,2927.45
D03,SC-1019,2024-02-26,332,3288.17
D03,SC-1019,2024-03-04,328,3245.36
D03,SC-1019,2024-03-11,288,2957.27
D03,SC-1019,2024-03-18,395,3953.83
D03,SC-1019,2024-03-25,373,3514.78
D03,SC-1019,2024-04-01,415,3973.49
D03,SC-1019,2024-04-08,335,3432.1
D03,SC-1019,2024-04-15,419,4044.19
D03,SC-1019,2024-04-22,301,2885.24
D03,SC-1019,2024-04-29,418,4101.14
D03,SC-1019,2024-05-06,430,4085.68
D03,SC-1019,2024-05-13,336,3448.68
D03,SC-1019,2024-05-20,467,4464.15
D03,SC-1019,2024-05-27,502,4778.56
D03,SC-1019,2024-06-03,367,3550.04
D03,SC-1019,2024-06-10,499,4812.51
D03,SC-1019,2024-06-17,312,2950.06
D03,SC-1019,2024-06-24,395,3776.02
D03,SC-1019,2024-07-01,273,2550.67
D03,SC-1019,2024-07-08,464,4494.29
D03,SC-1019,2024-07-15,321,3155.26
D03,SC-1019,2024-07-22,300,2885.17
D03,SC-1019,2024-07-29,417,4030.3
D03,SC-1019,2024-08-05,467,4624.4
D03,SC-1019,2024-08-12,375,3493.75
D03,SC-1019,2024-08-19,404,3925.39
D03,SC-1019,2024-08-26,513,5065.51
D03,SC-1019,2024-09-02,340,3337.15
D03,SC-1019,2024-09-09,336,3192.46
D03,SC-1019,2024-09-16,455,4325.89
D03,SC-1019,2024-09-23,398,3816.92
D03,SC-1019,2024-09-30,473,4435.19
D03,SC-1019,2024-10-07,313,2975.44
D03,SC-1019,2024-10-14,289,2968.8
D03,SC-1019,2024-10-21,304,3112.15
D03,SC-1019,2024-10-28,417,4268.41
D03,SC-1019,2024-11-04,448,4579.35
D03,SC-1019,2024-11-11,438,4447.63
D03,SC-1019,2024-11-18,405,4141.48
D03,SC-1019,2024-11-25,450,4357.23
D03,SC-1019,2024-12-02,341,3533.07
D03,SC-1019,2024-12-09,278,2617.71
D03,SC-1019,2024-12-16,295,2940.55
D03,SC-1019,2024-12-23,304,3088.78
D03,SC-1019,2024-12-30,284,2837.02
D03,SC-1019,2025-01-06,312,3106.38
D03,SC-1019,2025-01-13,336,3270.37
D03,SC-1019,2025-01-20,427,4184.51
D03,SC-1019,2025-01-27,412,3894.9
D03,SC-1019,2025-02-03,500,4869.25
D03,SC-1019,2025-02-10,335,3363.3
D03,SC-1019,2025-02-17,432,4475.6
D03,SC-1019,2025-02-24,504,4747.76
D03,SC-1019,2025-03-03,388,3816.93
D03,SC-1019,2025-03-10,397,3754.8
D03,SC-1019,2025-03-17,529,5027.02
D03,SC-1019,2025-03-24,413,3851.75
D03,SC-1019,2025-03-31,547,5523.03
D03,SC-1019,2025-04-07,357,3332.27
D03,SC-1019,2025-04-14,575,5450.83
D03,SC-1019,2025-04-21,550,5132.89
D03,SC-1019,2025-04-28,399,4103.41
D03,SC-1019,2025-05-05,443,4439.89
D03,SC-1019,2025-05-12,388,3787.74
D03,SC-1019,2025-05-19,437,4257.23
D03,SC-1019,2025-05-26,375,3707.67
D03,SC-1019,2025-06-02,364,3443.71
D03,SC-1019,2025-06-09,396,3682.58
D03,SC-1019,2025-06-16,560,5738.01
D03,SC-1019,2025-06-23,363,3593.91
D03,SC-1019,2025-06-30,590,5622.47
D03,SC-1019,2025-07-07,418,3984.93
D03,SC-1019,2025-07-14,439,4349.7
D03,SC-1019,2025-07-21,374,3618.16
D03,SC-1019,2025-07-28,449,4609.07
D03,SC-1019,2025-08-04,279,2715.44
D03,SC-1019,2025-08-11,418,4153.89
D03,SC-1019,2025-08-18,529,5140.06
D03,SC-1019,2025-08-25,317,3051.77
D03,SC-1019,2025-09-01,322,3314.65
D03,SC-1019,2025-09-08,278,2778.16
D03,SC-1019,2025-09-15,317,3229.32
D03,SC-1019,2025-09-22,317,3226.76
D03,SC-1019,2025-09-29,212,2117.87
D03,SC-1019,2025-10-06,326,3365.84
D03,SC-1019,2025-10-13,346,3384.98
D03,SC-1019,2025-10-20,253,2563.3
D03,SC-1019,2025-10-27,267,2536.63
D03,SC-1019,2025-11-03,318,3280.1
D03,SC-1019,2025-11-10,240,2424.18
D03,SC-1019,2025-11-17,305,2926.14
D03,SC-1019,2025-11-24,282,2797.78
D03,SC-1019,2025-12-01,379,3534.97
D03,SC-1019,2025-12-08,260,2619.91
D03,SC-1019,2025-12-15,243,2499.93
D03,SC-1019,2025-12-22,271,2530.74
D03,SC-1019,2025-12-29,264,2528.11
D03,SC-1019,2026-01-05,330,3373.08
D03,SC-1019,2026-01-12,327,3120.65
D03,SC-1019,2026-01-19,231,2289.46
D03,SC-1019,2026-01-26,250,2402.71
D03,SC-1019,2026-02-02,231,2205.5
D03,SC-1019,2026-02-09,225,2246.57
D03,SC-1019,2026-02-16,157,1530.31
D03,SC-1019,2026-02-23,331,3358.02
D03,SC-1019,2026-03-02,232,2229.93
D03,SC-1019,2026-03-09,240,2242.01
D03,SC-1019,2026-03-16,389,4036.19
D03,SC-1019,2026-03-23,233,2182.04
D03,SC-1019,2026-03-30,250,2586.95
D03,SC-1019,2026-04-06,267,2666.39
D03,SC-1019,2026-04-13,269,2717.61
D03,SC-1019,2026-04-20,235,2290.23
D03,SC-1019,2026-04-27,307,3132.42
D03,SC-1019,2026-05-04,267,2521.77
D03,SC-1019,2026-05-11,267,2554.45
D03,SC-1019,2026-05-18,238,2372.16
D03,SC-1019,2026-05-25,259,2449.93
D03,SC-1019,2026-06-01,306,3075.33
D03,SC-1019,2026-06-08,306,2993.24
D03,SC-1019,2026-06-15,248,2546.66
D03,SC-1019,2026-06-22,235,2333.92
D03,PW-1030,2024-01-01,461,1014.13
D03,PW-1030,2024-01-08,394,941.18
D03,PW-1030,2024-01-15,386,896.15
D03,PW-1030,2024-01-22,424,959.94
D03,PW-1030,2024-01-29,470,1042.32
D03,PW-1030,2024-02-05,508,1161.59
D03,PW-1030,2024-02-12,455,996.03
D03,PW-1030,2024-02-19,498,1185.95
D03,PW-1030,2024-02-26,321,762.92
D03,PW-1030,2024-03-04,489,1080.0
D03,PW-1030,2024-03-11,439,1061.09
D03,PW-1030,2024-03-18,404,887.34
D03,PW-1030,2024-03-25,528,1244.27
D03,PW-1030,2024-04-01,620,1397.07
D03,PW-1030,2024-04-08,503,1193.68
D03,PW-1030,2024-04-15,581,1288.26
D03,PW-1030,2024-04-22,482,1175.35
D03,PW-1030,2024-04-29,704,1701.65
D03,PW-1030,2024-05-06,412,1002.83
D03,PW-1030,2024-05-13,517,1252.3
D03,PW-1030,2024-05-20,591,1384.22
D03,PW-1030,2024-05-27,528,1158.73
D03,PW-1030,2024-06-03,654,1510.23
D03,PW-1030,2024-06-10,391,951.79
D03,PW-1030,2024-06-17,525,1214.69
D03,PW-1030,2024-06-24,515,1207.63
D03,PW-1030,2024-07-01,525,1216.26
D03,PW-1030,2024-07-08,420,943.62
D03,PW-1030,2024-07-15,509,1111.82
D03,PW-1030,2024-07-22,503,1223.61
D03,PW-1030,2024-07-29,546,1243.26
D03,PW-1030,2024-08-05,618,1401.22
D03,PW-1030,2024-08-12,530,1232.81
D03,PW-1030,2024-08-19,551,1308.53
D03,PW-1030,2024-08-26,620,1396.44
D03,PW-1030,2024-09-02,609,1433.47
D03,PW-1030,2024-09-09,354,855.52
D03,PW-1030,2024-09-16,566,1337.12
D03,PW-1030,2024-09-23,561,1286.63
D03,PW-1030,2024-09-30,475,1078.17
D03,PW-1030,2024-10-07,458,1067.71
D03,PW-1030,2024-10-14,411,975.94
D03,PW-1030,2024-10-21,362,838.1
D03,PW-1030,2024-10-28,547,1314.95
D03,PW-1030,2024-11-04,538,1278.44
D03,PW-1030,2024-11-11,470,1074.09
D03,PW-1030,2024-11-18,530,1224.2
D03,PW-1030,2024-11-25,555,1240.1
D03,PW-1030,2024-12-02,363,834.63
D03,PW-1030,2024-12-09,494,1123.57
D03,PW-1030,2024-12-16,460,1041.97
D03,PW-1030,2024-12-23,511,1187.13
D03,PW-1030,2024-12-30,495,1200.8
D03,PW-1030,2025-01-06,544,1255.34
D03,PW-1030,2025-01-13,385,877.52
D03,PW-1030,2025-01-20,599,1379.52
D03,PW-1030,2025-01-27,459,1095.92
D03,PW-1030,2025-02-03,491,1160.22
D03,PW-1030,2025-02-10,389,862.35
D03,PW-1030,2025-02-17,504,1201.43
D03,PW-1030,2025-02-24,516,1179.56
D03,PW-1030,2025-03-03,517,1203.05
D03,PW-1030,2025-03-10,474,1074.65
D03,PW-1030,2025-03-17,446,1010.59
D03,PW-1030,2025-03-24,596,1400.16
D03,PW-1030,2025-03-31,422,1010.71
D03,PW-1030,2025-04-07,624,1475.0
D03,PW-1030,2025-04-14,720,1675.76
D03,PW-1030,2025-04-21,785,1891.07
D03,PW-1030,2025-04-28,483,1118.39
D03,PW-1030,2025-05-05,625,1488.31
D03,PW-1030,2025-05-12,529,1175.43
D03,PW-1030,2025-05-19,696,1560.75
D03,PW-1030,2025-05-26,617,1436.73
D03,PW-1030,2025-06-02,558,1297.7
D03,PW-1030,2025-06-09,510,1201.97
D03,PW-1030,2025-06-16,554,1306.19
D03,PW-1030,2025-06-23,529,1183.6
D03,PW-1030,2025-06-30,583,1327.89
D03,PW-1030,2025-07-07,586,1290.56
D03,PW-1030,2025-07-14,535,1181.48
D03,PW-1030,2025-07-21,526,1152.27
D03,PW-1030,2025-07-28,634,1496.66
D03,PW-1030,2025-08-04,637,1429.96
D03,PW-1030,2025-08-11,504,1195.32
D03,PW-1030,2025-08-18,561,1317.36
D03,PW-1030,2025-08-25,494,1169.5
D03,PW-1030,2025-09-01,824,1928.3
D03,PW-1030,2025-09-08,480,1145.26
D03,PW-1030,2025-09-15,570,1367.01
D03,PW-1030,2025-09-22,582,1326.91
D03,PW-1030,2025-09-29,489,1178.6
D03,PW-1030,2025-10-06,471,1059.26
D03,PW-1030,2025-10-13,510,1142.28
D03,PW-1030,2025-10-20,465,1072.64
D03,PW-1030,2025-10-27,541,1271.01
D03,PW-1030,2025-11-03,461,1023.22
D03,PW-1030,2025-11-10,533,1224.82
D03,PW-1030,2025-11-17,382,907.37
D03,PW-1030,2025-11-24,460,1021.76
D03,PW-1030,2025-12-01,488,1113.18
D03,PW-1030,2025-12-08,604,1351.4
D03,PW-1030,2025-12-15,395,938.81
D03,PW-1030,2025-12-22,609,1384.59
D03,PW-1030,2025-12-29,580,1314.95
D03,PW-1030,2026-01-05,404,923.76
D03,PW-1030,2026-01-12,577,1375.3
D03,PW-1030,2026-01-19,466,1084.63
D03,PW-1030,2026-01-26,589,1347.99
D03,PW-1030,2026-02-02,600,1356.71
D03,PW-1030,2026-02-09,622,1502.1
D03,PW-1030,2026-02-16,512,1132.3
D03,PW-1030,2026-02-23,625,1397.88
D03,PW-1030,2026-03-02,718,1711.06
D03,PW-1030,2026-03-09,552,1236.56
D03,PW-1030,2026-03-16,569,1313.84
D03,PW-1030,2026-03-23,656,1512.09
D03,PW-1030,2026-03-30,389,900.19
D03,PW-1030,2026-04-06,520,1259.64
D03,PW-1030,2026-04-13,707,1593.59
D03,PW-1030,2026-04-20,627,1469.28
D03,PW-1030,2026-04-27,598,1370.85
D03,PW-1030,2026-05-04,540,1307.01
D03,PW-1030,2026-05-11,629,1411.14
D03,PW-1030,2026-05-18,581,1398.11
D03,PW-1030,2026-05-25,487,1165.8
D03,PW-1030,2026-06-01,771,1762.06
D03,PW-1030,2026-06-08,573,1363.78
D03,PW-1030,2026-06-15,611,1353.64
D03,PW-1030,2026-06-22,487,1136.35
D03,PM-1007,2024-01-01,2264,2401.9
D03,PM-1007,2024-01-08,2739,2837.18
D03,PM-1007,2024-01-15,2137,2249.3
D03,PM-1007,2024-01-22,2070,2142.17
D03,PM-1007,2024-01-29,2015,2096.96
D03,PM-1007,2024-02-05,2350,2358.88
D03,PM-1007,2024-02-12,2318,2344.8
D03,PM-1007,2024-02-19,2288,2425.05
D03,PM-1007,2024-02-26,2567,2761.61
D03,PM-1007,2024-03-04,2149,2229.85
D03,PM-1007,2024-03-11,2889,3184.09
D03,PM-1007,2024-03-18,2213,2266.2
D03,PM-1007,2024-03-25,2209,2303.96
D03,PM-1007,2024-04-01,2413,2551.25
D03,PM-1007,2024-04-08,2626,2808.13
D03,PM-1007,2024-04-15,3074,3296.21
D03,PM-1007,2024-04-22,2691,2801.73
D03,PM-1007,2024-04-29,2153,2157.05
D03,PM-1007,2024-05-06,2964,3125.8
D03,PM-1007,2024-05-13,2969,3207.82
D03,PM-1007,2024-05-20,2546,2698.33
D03,PM-1007,2024-05-27,2857,2840.53
D03,PM-1007,2024-06-03,3459,3624.79
D03,PM-1007,2024-06-10,2452,2467.72
D03,PM-1007,2024-06-17,3222,3283.23
D03,PM-1007,2024-06-24,3367,3537.99
D03,PM-1007,2024-07-01,2852,3020.83
D03,PM-1007,2024-07-08,2302,2339.34
D03,PM-1007,2024-07-15,3351,3662.55
D03,PM-1007,2024-07-22,3143,3156.77
D03,PM-1007,2024-07-29,2955,3220.26
D03,PM-1007,2024-08-05,2681,2855.88
D03,PM-1007,2024-08-12,3189,3315.31
D03,PM-1007,2024-08-19,2340,2501.0
D03,PM-1007,2024-08-26,2995,3178.24
D03,PM-1007,2024-09-02,2486,2468.7
D03,PM-1007,2024-09-09,2010,2101.03
D03,PM-1007,2024-09-16,2201,2334.64
D03,PM-1007,2024-09-23,2693,2883.27
D03,PM-1007,2024-09-30,2596,2843.37
D03,PM-1007,2024-10-07,2659,2737.66
D03,PM-1007,2024-10-14,2335,2447.52
D03,PM-1007,2024-10-21,2526,2693.45
D03,PM-1007,2024-10-28,2669,2917.91
D03,PM-1007,2024-11-04,3440,3694.14
D03,PM-1007,2024-11-11,2264,2490.9
D03,PM-1007,2024-11-18,2788,2953.91
D03,PM-1007,2024-11-25,2626,2815.12
D03,PM-1007,2024-12-02,2423,2624.17
D03,PM-1007,2024-12-09,1956,2040.47
D03,PM-1007,2024-12-16,2931,3044.22
D03,PM-1007,2024-12-23,2474,2678.67
D03,PM-1007,2024-12-30,2188,2167.95
D03,PM-1007,2025-01-06,2103,2269.42
D03,PM-1007,2025-01-13,2511,2534.86
D03,PM-1007,2025-01-20,2111,2195.56
D03,PM-1007,2025-01-27,2247,2358.65
D03,PM-1007,2025-02-03,2258,2364.54
D03,PM-1007,2025-02-10,2506,2731.67
D03,PM-1007,2025-02-17,2748,2801.54
D03,PM-1007,2025-02-24,2417,2518.55
D03,PM-1007,2025-03-03,2479,2475.33
D03,PM-1007,2025-03-10,2627,2617.62
D03,PM-1007,2025-03-17,2332,2430.52
D03,PM-1007,2025-03-24,2412,2475.34
D03,PM-1007,2025-03-31,2478,2534.99
D03,PM-1007,2025-04-07,2799,2778.66
D03,PM-1007,2025-04-14,3439,3710.41
D03,PM-1007,2025-04-21,2258,2268.91
D03,PM-1007,2025-04-28,2839,2867.66
D03,PM-1007,2025-05-05,2661,2830.0
D03,PM-1007,2025-05-12,2698,2703.98
D03,PM-1007,2025-05-19,2582,2768.77
D03,PM-1007,2025-05-26,3305,3520.94
D03,PM-1007,2025-06-02,1939,2025.07
D03,PM-1007,2025-06-09,2354,2470.3
D03,PM-1007,2025-06-16,3285,3591.8
D03,PM-1007,2025-06-23,3317,3629.75
D03,PM-1007,2025-06-30,3617,3790.49
D03,PM-1007,2025-07-07,2898,2898.71
D03,PM-1007,2025-07-14,2961,3074.42
D03,PM-1007,2025-07-21,2071,2220.43
D03,PM-1007,2025-07-28,2723,2828.29
D03,PM-1007,2025-08-04,2938,2988.74
D03,PM-1007,2025-08-11,2491,2605.99
D03,PM-1007,2025-08-18,2621,2778.21
D03,PM-1007,2025-08-25,3169,3275.34
D03,PM-1007,2025-09-01,3247,3410.6
D03,PM-1007,2025-09-08,2683,2797.37
D03,PM-1007,2025-09-15,2540,2512.79
D03,PM-1007,2025-09-22,2828,3003.39
D03,PM-1007,2025-09-29,2376,2550.98
D03,PM-1007,2025-10-06,2910,3005.71
D03,PM-1007,2025-10-13,2280,2441.57
D03,PM-1007,2025-10-20,2739,2986.39
D03,PM-1007,2025-10-27,2422,2653.65
D03,PM-1007,2025-11-03,2200,2174.43
D03,PM-1007,2025-11-10,2534,2762.11
D03,PM-1007,2025-11-17,2254,2368.4
D03,PM-1007,2025-11-24,2767,2775.5
D03,PM-1007,2025-12-01,2049,2067.83
D03,PM-1007,2025-12-08,2459,2663.93
D03,PM-1007,2025-12-15,2132,2218.11
D03,PM-1007,2025-12-22,2854,2870.1
D03,PM-1007,2025-12-29,2662,2847.05
D03,PM-1007,2026-01-05,2385,2457.24
D03,PM-1007,2026-01-12,2409,2380.37
D03,PM-1007,2026-01-19,3128,3108.3
D03,PM-1007,2026-01-26,2742,2739.75
D03,PM-1007,2026-02-02,2203,2329.31
D03,PM-1007,2026-02-09,2863,3125.31
D03,PM-1007,2026-02-16,2308,2482.34
D03,PM-1007,2026-02-23,2594,2761.85
D03,PM-1007,2026-03-02,1868,1859.72
D03,PM-1007,2026-03-09,2920,3032.11
D03,PM-1007,2026-03-16,2360,2582.63
D03,PM-1007,2026-03-23,2553,2526.85
D03,PM-1007,2026-03-30,2157,2165.86
D03,PM-1007,2026-04-06,2754,2764.55
D03,PM-1007,2026-04-13,2731,2960.84
D03,PM-1007,2026-04-20,2248,2463.0
D03,PM-1007,2026-04-27,2753,2812.03
D03,PM-1007,2026-05-04,2647,2879.78
D03,PM-1007,2026-05-11,3325,3425.98
D03,PM-1007,2026-05-18,2498,2492.49
D03,PM-1007,2026-05-25,2993,3081.12
D03,PM-1007,2026-06-01,2237,2312.88
D03,PM-1007,2026-06-08,2825,2805.04
D03,PM-1007,2026-06-15,2943,2916.5
D03,PM-1007,2026-06-22,2961,2954.01
D04,IG-1010,2024-01-01,60,3728.47
D04,IG-1010,2024-01-08,59,3629.18
D04,IG-1010,2024-01-15,67,4173.25
D04,IG-1010,2024-01-22,59,3506.36
D04,IG-1010,2024-01-29,67,3832.54
D04,IG-1010,2024-02-05,49,2951.84
D04,IG-1010,2024-02-12,54,3256.9
D04,IG-1010,2024-02-19,66,3789.25
D04,IG-1010,2024-02-26,65,4043.56
D04,IG-1010,2024-03-04,73,4407.72
D04,IG-1010,2024-03-11,79,4522.64
D04,IG-1010,2024-03-18,81,4936.61
D04,IG-1010,2024-03-25,86,5364.52
D04,IG-1010,2024-04-01,91,5441.48
D04,IG-1010,2024-04-08,66,3789.3
D04,IG-1010,2024-04-15,100,6220.48
D04,IG-1010,2024-04-22,110,6748.15
D04,IG-1010,2024-04-29,59,3439.32
D04,IG-1010,2024-05-06,67,3846.63
D04,IG-1010,2024-05-13,77,4526.53
D04,IG-1010,2024-05-20,77,4753.17
D04,IG-1010,2024-05-27,58,3602.85
D04,IG-1010,2024-06-03,65,3725.21
D04,IG-1010,2024-06-10,78,4792.08
D04,IG-1010,2024-06-17,73,4257.34
D04,IG-1010,2024-06-24,83,4816.07
D04,IG-1010,2024-07-01,101,6026.21
D04,IG-1010,2024-07-08,63,3861.01
D04,IG-1010,2024-07-15,107,6075.55
D04,IG-1010,2024-07-22,100,5914.22
D04,IG-1010,2024-07-29,58,3332.74
D04,IG-1010,2024-08-05,63,3753.81
D04,IG-1010,2024-08-12,70,4062.67
D04,IG-1010,2024-08-19,64,3729.38
D04,IG-1010,2024-08-26,80,4917.82
D04,IG-1010,2024-09-02,81,5088.87
D04,IG-1010,2024-09-09,74,4554.43
D04,IG-1010,2024-09-16,77,4511.5
D04,IG-1010,2024-09-23,71,4412.35
D04,IG-1010,2024-09-30,76,4363.47
D04,IG-1010,2024-10-07,95,5728.37
D04,IG-1010,2024-10-14,49,2963.58
D04,IG-1010,2024-10-21,71,4453.64
D04,IG-1010,2024-10-28,75,4441.36
D04,IG-1010,2024-11-04,69,3943.66
D04,IG-1010,2024-11-11,73,4536.41
D04,IG-1010,2024-11-18,84,5199.06
D04,IG-1010,2024-11-25,65,3849.67
D04,IG-1010,2024-12-02,97,6113.61
D04,IG-1010,2024-12-09,56,3236.22
D04,IG-1010,2024-12-16,77,4765.02
D04,IG-1010,2024-12-23,71,4247.28
D04,IG-1010,2024-12-30,74,4308.46
D04,IG-1010,2025-01-06,80,4974.67
D04,IG-1010,2025-01-13,66,4028.64
D04,IG-1010,2025-01-20,86,5279.49
D04,IG-1010,2025-01-27,99,5781.75
D04,IG-1010,2025-02-03,71,4294.48
D04,IG-1010,2025-02-10,70,4401.76
D04,IG-1010,2025-02-17,92,5341.12
D04,IG-1010,2025-02-24,90,5136.13
D04,IG-1010,2025-03-03,62,3783.15
D04,IG-1010,2025-03-10,86,5289.07
D04,IG-1010,2025-03-17,90,5173.97
D04,IG-1010,2025-03-24,81,4618.89
D04,IG-1010,2025-03-31,103,6404.41
D04,IG-1010,2025-04-07,66,4031.77
D04,IG-1010,2025-04-14,61,3531.99
D04,IG-1010,2025-04-21,100,6095.56
D04,IG-1010,2025-04-28,76,4416.31
D04,IG-1010,2025-05-05,86,5266.92
D04,IG-1010,2025-05-12,74,4613.94
D04,IG-1010,2025-05-19,100,6136.11
D04,IG-1010,2025-05-26,93,5478.54
D04,IG-1010,2025-06-02,87,5526.24
D04,IG-1010,2025-06-09,74,4297.58
D04,IG-1010,2025-06-16,88,5265.73
D04,IG-1010,2025-06-23,94,5667.11
D04,IG-1010,2025-06-30,83,4718.12
D04,IG-1010,2025-07-07,63,3652.65
D04,IG-1010,2025-07-14,68,4077.17
D04,IG-1010,2025-07-21,74,4581.6
D04,IG-1010,2025-07-28,70,3998.63
D04,IG-1010,2025-08-04,77,4585.15
D04,IG-1010,2025-08-11,63,3840.42
D04,IG-1010,2025-08-18,73,4358.67
D04,IG-1010,2025-08-25,52,3169.11
D04,IG-1010,2025-09-01,64,4031.64
D04,IG-1010,2025-09-08,63,3678.77
D04,IG-1010,2025-09-15,84,5274.82
D04,IG-1010,2025-09-22,52,3059.81
D04,IG-1010,2025-09-29,47,2695.87
D04,IG-1010,2025-10-06,50,2945.15
D04,IG-1010,2025-10-13,50,3030.2
D04,IG-1010,2025-10-20,57,3490.15
D04,IG-1010,2025-10-27,44,2524.03
D04,IG-1010,2025-11-03,55,3226.75
D04,IG-1010,2025-11-10,52,3200.99
D04,IG-1010,2025-11-17,59,3705.04
D04,IG-1010,2025-11-24,55,3332.05
D04,IG-1010,2025-12-01,57,3303.97
D04,IG-1010,2025-12-08,53,3155.83
D04,IG-1010,2025-12-15,59,3367.8
D04,IG-1010,2025-12-22,39,2404.35
D04,IG-1010,2025-12-29,39,2472.32
D04,IG-1010,2026-01-05,48,2963.76
D04,IG-1010,2026-01-12,49,3005.83
D04,IG-1010,2026-01-19,41,2463.67
D04,IG-1010,2026-01-26,52,3052.21
D04,IG-1010,2026-02-02,39,2294.23
D04,IG-1010,2026-02-09,46,2755.59
D04,IG-1010,2026-02-16,48,2863.0
D04,IG-1010,2026-02-23,52,3022.83
D04,IG-1010,2026-03-02,45,2720.18
D04,IG-1010,2026-03-09,58,3522.58
D04,IG-1010,2026-03-16,62,3863.18
D04,IG-1010,2026-03-23,61,3692.61
D04,IG-1010,2026-03-30,63,3623.22
D04,IG-1010,2026-04-06,56,3243.85
D04,IG-1010,2026-04-13,53,3042.27
D04,IG-1010,2026-04-20,43,2452.78
D04,IG-1010,2026-04-27,45,2585.86
D04,IG-1010,2026-05-04,56,3206.05
D04,IG-1010,2026-05-11,38,2356.43
D04,IG-1010,2026-05-18,60,3474.17
D04,IG-1010,2026-05-25,45,2652.56
D04,IG-1010,2026-06-01,46,2796.38
D04,IG-1010,2026-06-08,56,3350.16
D04,IG-1010,2026-06-15,52,3252.7
D04,IG-1010,2026-06-22,46,2815.48
D04,SC-1021,2024-01-01,276,4330.54
D04,SC-1021,2024-01-08,246,3846.33
D04,SC-1021,2024-01-15,255,4259.18
D04,SC-1021,2024-01-22,246,3857.52
D04,SC-1021,2024-01-29,393,6121.51
D04,SC-1021,2024-02-05,185,3057.87
D04,SC-1021,2024-02-12,361,5729.55
D04,SC-1021,2024-02-19,249,3863.09
D04,SC-1021,2024-02-26,274,4270.65
D04,SC-1021,2024-03-04,200,3419.67
D04,SC-1021,2024-03-11,350,5470.68
D04,SC-1021,2024-03-18,341,5794.46
D04,SC-1021,2024-03-25,260,4173.72
D04,SC-1021,2024-04-01,367,5701.06
D04,SC-1021,2024-04-08,361,5744.92
D04,SC-1021,2024-04-15,294,4849.3
D04,SC-1021,2024-04-22,237,3908.21
D04,SC-1021,2024-04-29,315,4855.77
D04,SC-1021,2024-05-06,384,6541.01
D04,SC-1021,2024-05-13,288,4906.87
D04,SC-1021,2024-05-20,392,6653.03
D04,SC-1021,2024-05-27,295,4605.61
D04,SC-1021,2024-06-03,333,5661.5
D04,SC-1021,2024-06-10,303,4959.46
D04,SC-1021,2024-06-17,348,5830.52
D04,SC-1021,2024-06-24,385,6435.7
D04,SC-1021,2024-07-01,435,7032.55
D04,SC-1021,2024-07-08,352,5961.53
D04,SC-1021,2024-07-15,269,4453.19
D04,SC-1021,2024-07-22,373,6317.49
D04,SC-1021,2024-07-29,324,5268.2
D04,SC-1021,2024-08-05,322,5414.08
D04,SC-1021,2024-08-12,341,5858.18
D04,SC-1021,2024-08-19,364,5927.42
D04,SC-1021,2024-08-26,313,5147.92
D04,SC-1021,2024-09-02,361,6036.48
D04,SC-1021,2024-09-09,349,5621.91
D04,SC-1021,2024-09-16,356,5874.07
D04,SC-1021,2024-09-23,370,6167.03
D04,SC-1021,2024-09-30,232,3617.95
D04,SC-1021,2024-10-07,302,4838.61
D04,SC-1021,2024-10-14,312,4923.63
D04,SC-1021,2024-10-21,306,5107.53
D04,SC-1021,2024-10-28,278,4297.62
D04,SC-1021,2024-11-04,286,4545.0
D04,SC-1021,2024-11-11,341,5336.98
D04,SC-1021,2024-11-18,337,5732.75
D04,SC-1021,2024-11-25,316,5042.03
D04,SC-1021,2024-12-02,271,4586.1
D04,SC-1021,2024-12-09,360,5637.71
D04,SC-1021,2024-12-16,357,5507.33
D04,SC-1021,2024-12-23,377,6077.22
D04,SC-1021,2024-12-30,285,4683.34
D04,SC-1021,2025-01-06,557,8987.62
D04,SC-1021,2025-01-13,337,5304.17
D04,SC-1021,2025-01-20,294,4908.74
D04,SC-1021,2025-01-27,476,7749.91
D04,SC-1021,2025-02-03,377,6103.71
D04,SC-1021,2025-02-10,351,5797.44
D04,SC-1021,2025-02-17,362,6070.43
D04,SC-1021,2025-02-24,423,7227.36
D04,SC-1021,2025-03-03,367,6032.01
D04,SC-1021,2025-03-10,277,4709.88
D04,SC-1021,2025-03-17,362,5962.96
D04,SC-1021,2025-03-24,421,6796.91
D04,SC-1021,2025-03-31,369,5691.93
D04,SC-1021,2025-04-07,325,5028.6
D04,SC-1021,2025-04-14,379,6309.94
D04,SC-1021,2025-04-21,438,6996.67
D04,SC-1021,2025-04-28,470,7390.59
D04,SC-1021,2025-05-05,332,5268.27
D04,SC-1021,2025-05-12,331,5270.63
D04,SC-1021,2025-05-19,394,6677.27
D04,SC-1021,2025-05-26,360,5826.79
D04,SC-1021,2025-06-02,368,5853.36
D04,SC-1021,2025-06-09,387,6208.4
D04,SC-1021,2025-06-16,453,7378.51
D04,SC-1021,2025-06-23,357,5986.21
D04,SC-1021,2025-06-30,340,5482.89
D04,SC-1021,2025-07-07,275,4367.01
D04,SC-1021,2025-07-14,242,4152.71
D04,SC-1021,2025-07-21,303,4741.65
D04,SC-1021,2025-07-28,301,4951.19
D04,SC-1021,2025-08-04,340,5322.36
D04,SC-1021,2025-08-11,245,3936.37
D04,SC-1021,2025-08-18,288,4677.6
D04,SC-1021,2025-08-25,293,4678.53
D04,SC-1021,2025-09-01,217,3625.41
D04,SC-1021,2025-09-08,278,4735.39
D04,SC-1021,2025-09-15,275,4425.24
D04,SC-1021,2025-09-22,255,4085.85
D04,SC-1021,2025-09-29,211,3596.73
D04,SC-1021,2025-10-06,249,3855.56
D04,SC-1021,2025-10-13,184,3012.65
D04,SC-1021,2025-10-20,256,4025.42
D04,SC-1021,2025-10-27,268,4286.26
D04,SC-1021,2025-11-03,229,3676.71
D04,SC-1021,2025-11-10,283,4754.15
D04,SC-1021,2025-11-17,208,3460.44
D04,SC-1021,2025-11-24,204,3309.66
D04,SC-1021,2025-12-01,216,3521.06
D04,SC-1021,2025-12-08,314,5058.35
D04,SC-1021,2025-12-15,213,3428.04
D04,SC-1021,2025-12-22,304,4892.32
D04,SC-1021,2025-12-29,218,3542.3
D04,SC-1021,2026-01-05,193,3259.5
D04,SC-1021,2026-01-12,292,4947.44
D04,SC-1021,2026-01-19,223,3463.14
D04,SC-1021,2026-01-26,207,3516.23
D04,SC-1021,2026-02-02,246,3854.72
D04,SC-1021,2026-02-09,261,4062.35
D04,SC-1021,2026-02-16,198,3339.71
D04,SC-1021,2026-02-23,248,4055.95
D04,SC-1021,2026-03-02,209,3293.33
D04,SC-1021,2026-03-09,187,3004.99
D04,SC-1021,2026-03-16,195,3325.58
D04,SC-1021,2026-03-23,182,3111.36
D04,SC-1021,2026-03-30,220,3460.3
D04,SC-1021,2026-04-06,220,3575.8
D04,SC-1021,2026-04-13,257,4317.3
D04,SC-1021,2026-04-20,248,4034.14
D04,SC-1021,2026-04-27,206,3529.69
D04,SC-1021,2026-05-04,214,3390.49
D04,SC-1021,2026-05-11,201,3353.96
D04,SC-1021,2026-05-18,226,3761.33
D04,SC-1021,2026-05-25,216,3514.4
D04,SC-1021,2026-06-01,225,3816.48
D04,SC-1021,2026-06-08,278,4731.1
D04,SC-1021,2026-06-15,280,4473.99
D04,SC-1021,2026-06-22,203,3316.35
D04,SC-1016,2024-01-01,948,22591.12
D04,SC-1016,2024-01-08,701,15584.21
D04,SC-1016,2024-01-15,606,14370.68
D04,SC-1016,2024-01-22,665,15306.31
D04,SC-1016,2024-01-29,571,13234.67
D04,SC-1016,2024-02-05,794,18700.19
D04,SC-1016,2024-02-12,732,16270.66
D04,SC-1016,2024-02-19,638,15358.25
D04,SC-1016,2024-02-26,725,16663.7
D04,SC-1016,2024-03-04,841,19457.7
D04,SC-1016,2024-03-11,773,17804.73
D04,SC-1016,2024-03-18,701,15258.72
D04,SC-1016,2024-03-25,918,20806.6
D04,SC-1016,2024-04-01,840,19291.02
D04,SC-1016,2024-04-08,720,16842.58
D04,SC-1016,2024-04-15,820,18343.48
D04,SC-1016,2024-04-22,602,14339.9
D04,SC-1016,2024-04-29,868,19291.6
D04,SC-1016,2024-05-06,1281,27945.86
D04,SC-1016,2024-05-13,1001,23504.22
D04,SC-1016,2024-05-20,834,18547.53
D04,SC-1016,2024-05-27,894,20513.27
D04,SC-1016,2024-06-03,939,20938.1
D04,SC-1016,2024-06-10,952,21365.49
D04,SC-1016,2024-06-17,857,20045.07
D04,SC-1016,2024-06-24,630,14948.69
D04,SC-1016,2024-07-01,829,19590.18
D04,SC-1016,2024-07-08,799,17758.85
D04,SC-1016,2024-07-15,860,20324.87
D04,SC-1016,2024-07-22,778,18197.34
D04,SC-1016,2024-07-29,951,22075.87
D04,SC-1016,2024-08-05,1173,25476.14
D04,SC-1016,2024-08-12,997,24092.29
D04,SC-1016,2024-08-19,848,18723.7
D04,SC-1016,2024-08-26,1070,23347.52
D04,SC-1016,2024-09-02,976,23133.04
D04,SC-1016,2024-09-09,940,20869.39
D04,SC-1016,2024-09-16,768,16723.01
D04,SC-1016,2024-09-23,814,18615.78
D04,SC-1016,2024-09-30,903,21011.65
D04,SC-1016,2024-10-07,1136,26922.77
D04,SC-1016,2024-10-14,1015,23976.53
D04,SC-1016,2024-10-21,890,20479.9
D04,SC-1016,2024-10-28,831,18812.64
D04,SC-1016,2024-11-04,907,20305.2
D04,SC-1016,2024-11-11,875,20874.83
D04,SC-1016,2024-11-18,1015,23736.85
D04,SC-1016,2024-11-25,685,15077.29
D04,SC-1016,2024-12-02,812,19608.83
D04,SC-1016,2024-12-09,908,20240.92
D04,SC-1016,2024-12-16,1007,22856.8
D04,SC-1016,2024-12-23,1096,24757.12
D04,SC-1016,2024-12-30,661,15354.0
D04,SC-1016,2025-01-06,745,16281.52
D04,SC-1016,2025-01-13,828,19513.29
D04,SC-1016,2025-01-20,701,16762.8
D04,SC-1016,2025-01-27,1096,26025.84
D04,SC-1016,2025-02-03,880,20172.32
D04,SC-1016,2025-02-10,1042,23060.59
D04,SC-1016,2025-02-17,862,18827.02
D04,SC-1016,2025-02-24,953,21456.28
D04,SC-1016,2025-03-03,740,16289.76
D04,SC-1016,2025-03-10,784,17846.67
D04,SC-1016,2025-03-17,797,19137.87
D04,SC-1016,2025-03-24,729,17287.81
D04,SC-1016,2025-03-31,1113,25328.63
D04,SC-1016,2025-04-07,964,21463.24
D04,SC-1016,2025-04-14,1144,27169.24
D04,SC-1016,2025-04-21,970,22646.21
D04,SC-1016,2025-04-28,1180,27916.93
D04,SC-1016,2025-05-05,1160,27849.11
D04,SC-1016,2025-05-12,995,23243.61
D04,SC-1016,2025-05-19,1051,23108.57
D04,SC-1016,2025-05-26,1081,24584.97
D04,SC-1016,2025-06-02,1218,29398.19
D04,SC-1016,2025-06-09,1029,23480.95
D04,SC-1016,2025-06-16,1094,24096.23
D04,SC-1016,2025-06-23,832,19080.71
D04,SC-1016,2025-06-30,910,21171.67
D04,SC-1016,2025-07-07,707,16534.49
D04,SC-1016,2025-07-14,842,20041.87
D04,SC-1016,2025-07-21,693,15390.24
D04,SC-1016,2025-07-28,772,18409.48
D04,SC-1016,2025-08-04,730,16006.96
D04,SC-1016,2025-08-11,738,16098.62
D04,SC-1016,2025-08-18,826,19716.23
D04,SC-1016,2025-08-25,732,16631.71
D04,SC-1016,2025-09-01,676,15398.1
D04,SC-1016,2025-09-08,733,17101.7
D04,SC-1016,2025-09-15,864,20624.0
D04,SC-1016,2025-09-22,672,15316.08
D04,SC-1016,2025-09-29,541,13021.28
D04,SC-1016,2025-10-06,524,12168.31
D04,SC-1016,2025-10-13,603,13986.88
D04,SC-1016,2025-10-20,521,11499.52
D04,SC-1016,2025-10-27,426,9565.21
D04,SC-1016,2025-11-03,575,13370.38
D04,SC-1016,2025-11-10,628,14343.4
D04,SC-1016,2025-11-17,721,17175.39
D04,SC-1016,2025-11-24,577,13639.21
D04,SC-1016,2025-12-01,600,13816.41
D04,SC-1016,2025-12-08,614,14242.51
D04,SC-1016,2025-12-15,571,13737.92
D04,SC-1016,2025-12-22,507,11470.58
D04,SC-1016,2025-12-29,772,18058.95
D04,SC-1016,2026-01-05,478,10785.14
D04,SC-1016,2026-01-12,589,13692.21
D04,SC-1016,2026-01-19,491,11844.99
D04,SC-1016,2026-01-26,560,13189.36
D04,SC-1016,2026-02-02,585,13218.64
D04,SC-1016,2026-02-09,534,11937.04
D04,SC-1016,2026-02-16,459,10529.98
D04,SC-1016,2026-02-23,523,11674.86
D04,SC-1016,2026-03-02,652,14845.29
D04,SC-1016,2026-03-09,440,10603.91
D04,SC-1016,2026-03-16,704,15558.23
D04,SC-1016,2026-03-23,559,12680.29
D04,SC-1016,2026-03-30,613,14008.02
D04,SC-1016,2026-04-06,470,10203.7
D04,SC-1016,2026-04-13,537,12005.03
D04,SC-1016,2026-04-20,501,11612.51
D04,SC-1016,2026-04-27,582,12691.01
D04,SC-1016,2026-05-04,476,10626.48
D04,SC-1016,2026-05-11,513,12060.19
D04,SC-1016,2026-05-18,770,16870.14
D04,SC-1016,2026-05-25,624,14326.27
D04,SC-1016,2026-06-01,601,13125.86
D04,SC-1016,2026-06-08,599,12990.46
D04,SC-1016,2026-06-15,706,15482.52
D04,SC-1016,2026-06-22,556,13211.31
D04,IS-1022,2024-01-01,327,4336.77
D04,IS-1022,2024-01-08,356,4639.45
D04,IS-1022,2024-01-15,307,4208.81
D04,IS-1022,2024-01-22,373,4768.4
D04,IS-1022,2024-01-29,288,3672.89
D04,IS-1022,2024-02-05,321,4462.37
D04,IS-1022,2024-02-12,294,3740.66
D04,IS-1022,2024-02-19,366,4985.34
D04,IS-1022,2024-02-26,466,6281.62
D04,IS-1022,2024-03-04,379,5250.21
D04,IS-1022,2024-03-11,357,4645.4
D04,IS-1022,2024-03-18,356,4737.1
D04,IS-1022,2024-03-25,340,4619.67
D04,IS-1022,2024-04-01,442,5598.31
D04,IS-1022,2024-04-08,402,5260.0
D04,IS-1022,2024-04-15,297,4016.11
D04,IS-1022,2024-04-22,453,6045.79
D04,IS-1022,2024-04-29,340,4405.48
D04,IS-1022,2024-05-06,353,4516.33
D04,IS-1022,2024-05-13,417,5663.1
D04,IS-1022,2024-05-20,360,4829.16
D04,IS-1022,2024-05-27,553,7396.38
D04,IS-1022,2024-06-03,382,5052.46
D04,IS-1022,2024-06-10,436,5541.73
D04,IS-1022,2024-06-17,315,4011.99
D04,IS-1022,2024-06-24,361,4861.4
D04,IS-1022,2024-07-01,388,4974.96
D04,IS-1022,2024-07-08,458,5945.65
D04,IS-1022,2024-07-15,334,4525.76
D04,IS-1022,2024-07-22,467,6549.84
D04,IS-1022,2024-07-29,395,5416.39
D04,IS-1022,2024-08-05,404,5526.62
D04,IS-1022,2024-08-12,341,4401.21
D04,IS-1022,2024-08-19,328,4125.98
D04,IS-1022,2024-08-26,271,3414.04
D04,IS-1022,2024-09-02,389,5269.61
D04,IS-1022,2024-09-09,404,5178.98
D04,IS-1022,2024-09-16,345,4471.2
D04,IS-1022,2024-09-23,284,3658.65
D04,IS-1022,2024-09-30,328,4183.01
D04,IS-1022,2024-10-07,374,5128.58
D04,IS-1022,2024-10-14,360,4865.19
D04,IS-1022,2024-10-21,384,5292.02
D04,IS-1022,2024-10-28,270,3758.12
D04,IS-1022,2024-11-04,322,4409.25
D04,IS-1022,2024-11-11,335,4349.62
D04,IS-1022,2024-11-18,372,4827.06
D04,IS-1022,2024-11-25,308,4092.8
D04,IS-1022,2024-12-02,364,4896.64
D04,IS-1022,2024-12-09,291,3686.53
D04,IS-1022,2024-12-16,346,4419.16
D04,IS-1022,2024-12-23,321,4489.77
D04,IS-1022,2024-12-30,319,4342.07
D04,IS-1022,2025-01-06,484,6511.04
D04,IS-1022,2025-01-13,322,4335.96
D04,IS-1022,2025-01-20,319,4371.39
D04,IS-1022,2025-01-27,276,3686.73
D04,IS-1022,2025-02-03,399,5127.69
D04,IS-1022,2025-02-10,319,4034.89
D04,IS-1022,2025-02-17,348,4774.7
D04,IS-1022,2025-02-24,310,4108.66
D04,IS-1022,2025-03-03,378,5022.02
D04,IS-1022,2025-03-10,412,5610.1
D04,IS-1022,2025-03-17,439,6108.92
D04,IS-1022,2025-03-24,357,4909.95
D04,IS-1022,2025-03-31,335,4333.3
D04,IS-1022,2025-04-07,334,4239.02
D04,IS-1022,2025-04-14,372,5022.59
D04,IS-1022,2025-04-21,388,5179.59
D04,IS-1022,2025-04-28,407,5635.14
D04,IS-1022,2025-05-05,332,4605.38
D04,IS-1022,2025-05-12,386,5295.68
D04,IS-1022,2025-05-19,325,4555.37
D04,IS-1022,2025-05-26,372,4978.3
D04,IS-1022,2025-06-02,468,6482.69
D04,IS-1022,2025-06-09,367,4854.22
D04,IS-1022,2025-06-16,332,4508.26
D04,IS-1022,2025-06-23,398,5539.23
D04,IS-1022,2025-06-30,430,5658.48
D04,IS-1022,2025-07-07,334,4614.84
D04,IS-1022,2025-07-14,304,3939.15
D04,IS-1022,2025-07-21,327,4403.31
D04,IS-1022,2025-07-28,344,4648.5
D04,IS-1022,2025-08-04,457,6096.1
D04,IS-1022,2025-08-11,292,3776.03
D04,IS-1022,2025-08-18,277,3606.93
D04,IS-1022,2025-08-25,369,4783.13
D04,IS-1022,2025-09-01,315,4292.21
D04,IS-1022,2025-09-08,299,4164.89
D04,IS-1022,2025-09-15,379,5171.03
D04,IS-1022,2025-09-22,345,4473.47
D04,IS-1022,2025-09-29,392,5170.92
D04,IS-1022,2025-10-06,373,4864.64
D04,IS-1022,2025-10-13,276,3785.34
D04,IS-1022,2025-10-20,255,3444.05
D04,IS-1022,2025-10-27,386,5133.79
D04,IS-1022,2025-11-03,318,4075.05
D04,IS-1022,2025-11-10,507,6720.34
D04,IS-1022,2025-11-17,371,5128.32
D04,IS-1022,2025-11-24,393,5277.97
D04,IS-1022,2025-12-01,277,3645.12
D04,IS-1022,2025-12-08,316,4089.48
D04,IS-1022,2025-12-15,361,4590.92
D04,IS-1022,2025-12-22,317,4228.3
D04,IS-1022,2025-12-29,325,4235.21
D04,IS-1022,2026-01-05,336,4244.07
D04,IS-1022,2026-01-12,292,3859.77
D04,IS-1022,2026-01-19,287,4011.75
D04,IS-1022,2026-01-26,322,4135.0
D04,IS-1022,2026-02-02,314,4394.72
D04,IS-1022,2026-02-09,295,3943.65
D04,IS-1022,2026-02-16,334,4529.05
D04,IS-1022,2026-02-23,283,3802.39
D04,IS-1022,2026-03-02,390,5444.6
D04,IS-1022,2026-03-09,384,5186.55
D04,IS-1022,2026-03-16,394,5268.43
D04,IS-1022,2026-03-23,317,4215.32
D04,IS-1022,2026-03-30,314,4037.39
D04,IS-1022,2026-04-06,447,5685.77
D04,IS-1022,2026-04-13,359,4631.6
D04,IS-1022,2026-04-20,407,5212.09
D04,IS-1022,2026-04-27,317,4302.53
D04,IS-1022,2026-05-04,363,4636.69
D04,IS-1022,2026-05-11,456,6394.36
D04,IS-1022,2026-05-18,391,5261.49
D04,IS-1022,2026-05-25,371,5048.73
D04,IS-1022,2026-06-01,420,5302.25
D04,IS-1022,2026-06-08,406,5136.03
D04,IS-1022,2026-06-15,529,6914.66
D04,IS-1022,2026-06-22,390,5289.24
D04,IS-1028,2024-01-01,347,4435.87
D04,IS-1028,2024-01-08,368,4953.96
D04,IS-1028,2024-01-15,290,3702.89
D04,IS-1028,2024-01-22,277,3748.26
D04,IS-1028,2024-01-29,448,6199.16
D04,IS-1028,2024-02-05,337,4654.38
D04,IS-1028,2024-02-12,473,6384.96
D04,IS-1028,2024-02-19,368,4690.14
D04,IS-1028,2024-02-26,397,5555.6
D04,IS-1028,2024-03-04,446,5922.23
D04,IS-1028,2024-03-11,459,6416.4
D04,IS-1028,2024-03-18,373,5214.61
D04,IS-1028,2024-03-25,411,5447.27
D04,IS-1028,2024-04-01,410,5742.44
D04,IS-1028,2024-04-08,439,6118.05
D04,IS-1028,2024-04-15,431,6043.96
D04,IS-1028,2024-04-22,378,5086.27
D04,IS-1028,2024-04-29,435,6129.05
D04,IS-1028,2024-05-06,344,4578.9
D04,IS-1028,2024-05-13,431,6067.75
D04,IS-1028,2024-05-20,440,6078.14
D04,IS-1028,2024-05-27,375,5141.13
D04,IS-1028,2024-06-03,417,5500.27
D04,IS-1028,2024-06-10,403,5578.25
D04,IS-1028,2024-06-17,404,5520.46
D04,IS-1028,2024-06-24,487,6609.25
D04,IS-1028,2024-07-01,465,5911.58
D04,IS-1028,2024-07-08,500,6846.67
D04,IS-1028,2024-07-15,588,7592.72
D04,IS-1028,2024-07-22,505,6935.93
D04,IS-1028,2024-07-29,338,4362.5
D04,IS-1028,2024-08-05,383,4896.26
D04,IS-1028,2024-08-12,513,6838.21
D04,IS-1028,2024-08-19,392,5436.81
D04,IS-1028,2024-08-26,384,5010.61
D04,IS-1028,2024-09-02,429,5736.71
D04,IS-1028,2024-09-09,387,5243.19
D04,IS-1028,2024-09-16,517,7004.94
D04,IS-1028,2024-09-23,386,4955.36
D04,IS-1028,2024-09-30,563,7850.53
D04,IS-1028,2024-10-07,357,4941.37
D04,IS-1028,2024-10-14,349,4839.63
D04,IS-1028,2024-10-21,336,4350.97
D04,IS-1028,2024-10-28,336,4696.04
D04,IS-1028,2024-11-04,419,5499.02
D04,IS-1028,2024-11-11,305,4011.81
D04,IS-1028,2024-11-18,319,4465.82
D04,IS-1028,2024-11-25,400,5463.34
D04,IS-1028,2024-12-02,266,3371.94
D04,IS-1028,2024-12-09,295,3909.2
D04,IS-1028,2024-12-16,365,4680.13
D04,IS-1028,2024-12-23,391,5039.53
D04,IS-1028,2024-12-30,351,4900.92
D04,IS-1028,2025-01-06,395,5305.37
D04,IS-1028,2025-01-13,326,4399.37
D04,IS-1028,2025-01-20,468,5994.61
D04,IS-1028,2025-01-27,430,6064.91
D04,IS-1028,2025-02-03,334,4424.05
D04,IS-1028,2025-02-10,370,5146.45
D04,IS-1028,2025-02-17,286,4010.19
D04,IS-1028,2025-02-24,445,6111.56
D04,IS-1028,2025-03-03,322,4154.35
D04,IS-1028,2025-03-10,363,4674.05
D04,IS-1028,2025-03-17,379,5035.78
D04,IS-1028,2025-03-24,325,4321.04
D04,IS-1028,2025-03-31,355,4888.37
D04,IS-1028,2025-04-07,428,5649.63
D04,IS-1028,2025-04-14,378,4830.61
D04,IS-1028,2025-04-21,467,6494.44
D04,IS-1028,2025-04-28,461,6190.39
D04,IS-1028,2025-05-05,364,5034.69
D04,IS-1028,2025-05-12,388,5370.11
D04,IS-1028,2025-05-19,389,5247.66
D04,IS-1028,2025-05-26,392,5240.46
D04,IS-1028,2025-06-02,520,6990.01
D04,IS-1028,2025-06-09,429,5742.16
D04,IS-1028,2025-06-16,324,4250.07
D04,IS-1028,2025-06-23,376,5246.45
D04,IS-1028,2025-06-30,386,5308.27
D04,IS-1028,2025-07-07,438,5913.03
D04,IS-1028,2025-07-14,536,7237.91
D04,IS-1028,2025-07-21,457,5928.99
D04,IS-1028,2025-07-28,397,5582.52
D04,IS-1028,2025-08-04,352,4501.73
D04,IS-1028,2025-08-11,491,6690.15
D04,IS-1028,2025-08-18,376,4815.88
D04,IS-1028,2025-08-25,314,4158.08
D04,IS-1028,2025-09-01,406,5448.91
D04,IS-1028,2025-09-08,317,4220.32
D04,IS-1028,2025-09-15,417,5457.55
D04,IS-1028,2025-09-22,352,4725.76
D04,IS-1028,2025-09-29,354,4530.94
D04,IS-1028,2025-10-06,243,3308.09
D04,IS-1028,2025-10-13,427,5492.91
D04,IS-1028,2025-10-20,302,3858.75
D04,IS-1028,2025-10-27,321,4173.01
D04,IS-1028,2025-11-03,366,4680.62
D04,IS-1028,2025-11-10,346,4785.52
D04,IS-1028,2025-11-17,497,6693.42
D04,IS-1028,2025-11-24,271,3773.49
D04,IS-1028,2025-12-01,331,4303.66
D04,IS-1028,2025-12-08,395,5404.23
D04,IS-1028,2025-12-15,329,4629.86
D04,IS-1028,2025-12-22,352,4580.16
D04,IS-1028,2025-12-29,521,6783.84
D04,IS-1028,2026-01-05,359,4673.65
D04,IS-1028,2026-01-12,441,5810.38
D04,IS-1028,2026-01-19,397,5025.82
D04,IS-1028,2026-01-26,406,5477.33
D04,IS-1028,2026-02-02,356,4617.97
D04,IS-1028,2026-02-09,290,3843.45
D04,IS-1028,2026-02-16,440,5916.68
D04,IS-1028,2026-02-23,411,5192.44
D04,IS-1028,2026-03-02,414,5822.01
D04,IS-1028,2026-03-09,377,4835.2
D04,IS-1028,2026-03-16,354,4957.32
D04,IS-1028,2026-03-23,481,6433.54
D04,IS-1028,2026-03-30,419,5337.95
D04,IS-1028,2026-04-06,306,4161.79
D04,IS-1028,2026-04-13,403,5189.37
D04,IS-1028,2026-04-20,392,5168.71
D04,IS-1028,2026-04-27,279,3850.46
D04,IS-1028,2026-05-04,372,4726.39
D04,IS-1028,2026-05-11,618,8560.63
D04,IS-1028,2026-05-18,295,4109.95
D04,IS-1028,2026-05-25,355,4588.86
D04,IS-1028,2026-06-01,294,3948.69
D04,IS-1028,2026-06-08,335,4527.27
D04,IS-1028,2026-06-15,323,4103.46
D04,IS-1028,2026-06-22,356,4782.27
D04,LD-1038,2024-01-01,2808,602.15
D04,LD-1038,2024-01-08,2011,410.59
D04,LD-1038,2024-01-15,1967,411.38
D04,LD-1038,2024-01-22,2422,488.1
D04,LD-1038,2024-01-29,2245,445.71
D04,LD-1038,2024-02-05,2438,478.06
D04,LD-1038,2024-02-12,2379,496.72
D04,LD-1038,2024-02-19,2246,436.69
D04,LD-1038,2024-02-26,2353,468.4
D04,LD-1038,2024-03-04,1781,378.11
D04,LD-1038,2024-03-11,3123,617.92
D04,LD-1038,2024-03-18,2290,445.57
D04,LD-1038,2024-03-25,2717,544.98
D04,LD-1038,2024-04-01,1880,383.19
D04,LD-1038,2024-04-08,2268,484.07
D04,LD-1038,2024-04-15,2711,557.11
D04,LD-1038,2024-04-22,3449,695.75
D04,LD-1038,2024-04-29,2828,571.75
D04,LD-1038,2024-05-06,2891,599.16
D04,LD-1038,2024-05-13,2482,507.24
D04,LD-1038,2024-05-20,2676,546.52
D04,LD-1038,2024-05-27,2609,513.88
D04,LD-1038,2024-06-03,2819,552.33
D04,LD-1038,2024-06-10,3244,628.59
D04,LD-1038,2024-06-17,2554,537.0
D04,LD-1038,2024-06-24,2698,565.15
D04,LD-1038,2024-07-01,2526,518.5
D04,LD-1038,2024-07-08,2568,545.06
D04,LD-1038,2024-07-15,3151,649.81
D04,LD-1038,2024-07-22,2827,589.76
D04,LD-1038,2024-07-29,2755,593.73
D04,LD-1038,2024-08-05,2558,531.28
D04,LD-1038,2024-08-12,2272,490.75
D04,LD-1038,2024-08-19,2847,604.6
D04,LD-1038,2024-08-26,2883,575.53
D04,LD-1038,2024-09-02,2874,618.68
D04,LD-1038,2024-09-09,2489,519.33
D04,LD-1038,2024-09-16,2198,472.78
D04,LD-1038,2024-09-23,2694,547.54
D04,LD-1038,2024-09-30,2850,591.44
D04,LD-1038,2024-10-07,2724,586.11
D04,LD-1038,2024-10-14,2118,416.0
D04,LD-1038,2024-10-21,2500,525.47
D04,LD-1038,2024-10-28,1752,377.83
D04,LD-1038,2024-11-04,2849,612.94
D04,LD-1038,2024-11-11,2378,492.24
D04,LD-1038,2024-11-18,2378,465.11
D04,LD-1038,2024-11-25,2903,564.81
D04,LD-1038,2024-12-02,2104,453.63
D04,LD-1038,2024-12-09,2338,479.17
D04,LD-1038,2024-12-16,2020,432.42
D04,LD-1038,2024-12-23,1840,381.67
D04,LD-1038,2024-12-30,2410,486.95
D04,LD-1038,2025-01-06,2403,492.58
D04,LD-1038,2025-01-13,1697,355.55
D04,LD-1038,2025-01-20,2620,564.7
D04,LD-1038,2025-01-27,2350,484.74
D04,LD-1038,2025-02-03,2669,524.32
D04,LD-1038,2025-02-10,2491,501.62
D04,LD-1038,2025-02-17,2839,593.99
D04,LD-1038,2025-02-24,2916,587.08
D04,LD-1038,2025-03-03,2549,521.78
D04,LD-1038,2025-03-10,2868,574.25
D04,LD-1038,2025-03-17,2879,615.0
D04,LD-1038,2025-03-24,2132,448.52
D04,LD-1038,2025-03-31,2250,477.58
D04,LD-1038,2025-04-07,2226,480.28
D04,LD-1038,2025-04-14,2885,562.72
D04,LD-1038,2025-04-21,2365,505.64
D04,LD-1038,2025-04-28,1952,381.47
D04,LD-1038,2025-05-05,2288,475.2
D04,LD-1038,2025-05-12,2525,535.0
D04,LD-1038,2025-05-19,2876,566.56
D04,LD-1038,2025-05-26,3268,643.46
D04,LD-1038,2025-06-02,3110,665.37
D04,LD-1038,2025-06-09,2771,597.6
D04,LD-1038,2025-06-16,2381,493.91
D04,LD-1038,2025-06-23,1993,423.05
D04,LD-1038,2025-06-30,2495,495.86
D04,LD-1038,2025-07-07,2562,501.8
D04,LD-1038,2025-07-14,2702,549.04
D04,LD-1038,2025-07-21,3027,644.15
D04,LD-1038,2025-07-28,2909,616.19
D04,LD-1038,2025-08-04,2648,529.6
D04,LD-1038,2025-08-11,2440,515.79
D04,LD-1038,2025-08-18,2044,439.02
D04,LD-1038,2025-08-25,2257,465.28
D04,LD-1038,2025-09-01,2182,441.25
D04,LD-1038,2025-09-08,3685,713.86
D04,LD-1038,2025-09-15,3336,663.26
D04,LD-1038,2025-09-22,2028,401.47
D04,LD-1038,2025-09-29,2574,508.96
D04,LD-1038,2025-10-06,1964,398.27
D04,LD-1038,2025-10-13,2465,485.53
D04,LD-1038,2025-10-20,2197,447.99
D04,LD-1038,2025-10-27,2299,456.63
D04,LD-1038,2025-11-03,2732,531.96
D04,LD-1038,2025-11-10,2454,499.67
D04,LD-1038,2025-11-17,2633,545.98
D04,LD-1038,2025-11-24,2484,487.26
D04,LD-1038,2025-12-01,2060,422.86
D04,LD-1038,2025-12-08,1888,404.24
D04,LD-1038,2025-12-15,2198,472.38
D04,LD-1038,2025-12-22,2202,437.26
D04,LD-1038,2025-12-29,2137,417.17
D04,LD-1038,2026-01-05,2088,444.86
D04,LD-1038,2026-01-12,2357,471.53
D04,LD-1038,2026-01-19,2863,589.05
D04,LD-1038,2026-01-26,1726,363.74
D04,LD-1038,2026-02-02,1979,390.01
D04,LD-1038,2026-02-09,2501,524.16
D04,LD-1038,2026-02-16,1837,368.97
D04,LD-1038,2026-02-23,1973,406.97
D04,LD-1038,2026-03-02,3397,686.11
D04,LD-1038,2026-03-09,2717,533.41
D04,LD-1038,2026-03-16,3764,744.35
D04,LD-1038,2026-03-23,1970,402.31
D04,LD-1038,2026-03-30,3512,749.81
D04,LD-1038,2026-04-06,2128,457.58
D04,LD-1038,2026-04-13,2986,628.49
D04,LD-1038,2026-04-20,1897,381.1
D04,LD-1038,2026-04-27,2765,573.96
D04,LD-1038,2026-05-04,2810,549.96
D04,LD-1038,2026-05-11,2501,532.28
D04,LD-1038,2026-05-18,2178,465.03
D04,LD-1038,2026-05-25,2581,521.15
D04,LD-1038,2026-06-01,2795,550.32
D04,LD-1038,2026-06-08,2270,446.65
D04,LD-1038,2026-06-15,2614,519.61
D04,LD-1038,2026-06-22,2666,556.22
D04,SC-1018,2024-01-01,107,1812.66
D04,SC-1018,2024-01-08,133,2142.42
D04,SC-1018,2024-01-15,128,2162.7
D04,SC-1018,2024-01-22,99,1621.97
D04,SC-1018,2024-01-29,132,2334.96
D04,SC-1018,2024-02-05,105,1738.9
D04,SC-1018,2024-02-12,157,2665.41
D04,SC-1018,2024-02-19,102,1699.66
D04,SC-1018,2024-02-26,128,2218.24
D04,SC-1018,2024-03-04,116,1900.66
D04,SC-1018,2024-03-11,167,2824.43
D04,SC-1018,2024-03-18,109,1827.55
D04,SC-1018,2024-03-25,197,3376.09
D04,SC-1018,2024-04-01,133,2335.08
D04,SC-1018,2024-04-08,131,2186.65
D04,SC-1018,2024-04-15,162,2793.85
D04,SC-1018,2024-04-22,145,2580.97
D04,SC-1018,2024-04-29,129,2297.03
D04,SC-1018,2024-05-06,132,2275.95
D04,SC-1018,2024-05-13,139,2400.41
D04,SC-1018,2024-05-20,136,2218.79
D04,SC-1018,2024-05-27,171,2966.12
D04,SC-1018,2024-06-03,155,2491.87
D04,SC-1018,2024-06-10,164,2851.65
D04,SC-1018,2024-06-17,144,2359.97
D04,SC-1018,2024-06-24,170,2814.31
D04,SC-1018,2024-07-01,139,2261.19
D04,SC-1018,2024-07-08,134,2316.91
D04,SC-1018,2024-07-15,143,2356.51
D04,SC-1018,2024-07-22,190,3307.38
D04,SC-1018,2024-07-29,141,2378.95
D04,SC-1018,2024-08-05,141,2460.24
D04,SC-1018,2024-08-12,157,2636.74
D04,SC-1018,2024-08-19,148,2577.65
D04,SC-1018,2024-08-26,128,2225.68
D04,SC-1018,2024-09-02,125,2239.43
D04,SC-1018,2024-09-09,166,2823.33
D04,SC-1018,2024-09-16,124,2141.04
D04,SC-1018,2024-09-23,168,2814.43
D04,SC-1018,2024-09-30,136,2245.11
D04,SC-1018,2024-10-07,102,1684.27
D04,SC-1018,2024-10-14,159,2671.85
D04,SC-1018,2024-10-21,162,2626.21
D04,SC-1018,2024-10-28,156,2660.19
D04,SC-1018,2024-11-04,133,2333.12
D04,SC-1018,2024-11-11,135,2374.77
D04,SC-1018,2024-11-18,133,2185.7
D04,SC-1018,2024-11-25,128,2217.99
D04,SC-1018,2024-12-02,149,2390.13
D04,SC-1018,2024-12-09,139,2382.36
D04,SC-1018,2024-12-16,134,2329.34
D04,SC-1018,2024-12-23,130,2211.15
D04,SC-1018,2024-12-30,148,2639.4
D04,SC-1018,2025-01-06,177,2843.37
D04,SC-1018,2025-01-13,150,2584.68
D04,SC-1018,2025-01-20,122,2123.21
D04,SC-1018,2025-01-27,150,2610.85
D04,SC-1018,2025-02-03,164,2803.63
D04,SC-1018,2025-02-10,171,2986.29
D04,SC-1018,2025-02-17,169,2773.03
D04,SC-1018,2025-02-24,161,2776.07
D04,SC-1018,2025-03-03,240,4119.14
D04,SC-1018,2025-03-10,136,2247.28
D04,SC-1018,2025-03-17,205,3485.28
D04,SC-1018,2025-03-24,181,3104.39
D04,SC-1018,2025-03-31,237,4098.7
D04,SC-1018,2025-04-07,137,2350.64
D04,SC-1018,2025-04-14,217,3776.86
D04,SC-1018,2025-04-21,222,3683.22
D04,SC-1018,2025-04-28,172,2778.53
D04,SC-1018,2025-05-05,156,2605.52
D04,SC-1018,2025-05-12,246,4380.62
D04,SC-1018,2025-05-19,159,2675.86
D04,SC-1018,2025-05-26,212,3521.05
D04,SC-1018,2025-06-02,227,3901.62
D04,SC-1018,2025-06-09,178,3015.78
D04,SC-1018,2025-06-16,178,3028.23
D04,SC-1018,2025-06-23,239,4218.57
D04,SC-1018,2025-06-30,175,3034.3
D04,SC-1018,2025-07-07,128,2121.95
D04,SC-1018,2025-07-14,92,1637.56
D04,SC-1018,2025-07-21,161,2807.84
D04,SC-1018,2025-07-28,127,2203.87
D04,SC-1018,2025-08-04,148,2410.32
D04,SC-1018,2025-08-11,127,2149.55
D04,SC-1018,2025-08-18,156,2645.72
D04,SC-1018,2025-08-25,155,2739.84
D04,SC-1018,2025-09-01,107,1807.72
D04,SC-1018,2025-09-08,114,1902.55
D04,SC-1018,2025-09-15,131,2162.05
D04,SC-1018,2025-09-22,145,2535.77
D04,SC-1018,2025-09-29,118,2005.46
D04,SC-1018,2025-10-06,117,2064.54
D04,SC-1018,2025-10-13,118,2089.31
D04,SC-1018,2025-10-20,97,1560.46
D04,SC-1018,2025-10-27,101,1794.27
D04,SC-1018,2025-11-03,104,1772.53
D04,SC-1018,2025-11-10,123,2118.78
D04,SC-1018,2025-11-17,136,2430.73
D04,SC-1018,2025-11-24,90,1515.44
D04,SC-1018,2025-12-01,114,1945.58
D04,SC-1018,2025-12-08,104,1843.83
D04,SC-1018,2025-12-15,93,1549.83
D04,SC-1018,2025-12-22,86,1478.33
D04,SC-1018,2025-12-29,103,1726.18
D04,SC-1018,2026-01-05,90,1603.35
D04,SC-1018,2026-01-12,104,1813.11
D04,SC-1018,2026-01-19,84,1421.15
D04,SC-1018,2026-01-26,83,1472.07
D04,SC-1018,2026-02-02,115,1878.44
D04,SC-1018,2026-02-09,101,1769.48
D04,SC-1018,2026-02-16,100,1731.22
D04,SC-1018,2026-02-23,91,1546.7
D04,SC-1018,2026-03-02,110,1947.63
D04,SC-1018,2026-03-09,95,1610.35
D04,SC-1018,2026-03-16,110,1871.31
D04,SC-1018,2026-03-23,92,1544.73
D04,SC-1018,2026-03-30,84,1476.86
D04,SC-1018,2026-04-06,88,1480.62
D04,SC-1018,2026-04-13,104,1793.93
D04,SC-1018,2026-04-20,85,1514.94
D04,SC-1018,2026-04-27,130,2278.86
D04,SC-1018,2026-05-04,81,1304.32
D04,SC-1018,2026-05-11,98,1701.92
D04,SC-1018,2026-05-18,120,2009.69
D04,SC-1018,2026-05-25,105,1754.54
D04,SC-1018,2026-06-01,96,1654.92
D04,SC-1018,2026-06-08,120,2084.15
D04,SC-1018,2026-06-15,88,1505.32
D04,SC-1018,2026-06-22,97,1663.42
D04,SC-1017,2024-01-01,149,2126.53
D04,SC-1017,2024-01-08,173,2300.38
D04,SC-1017,2024-01-15,211,2999.32
D04,SC-1017,2024-01-22,187,2700.16
D04,SC-1017,2024-01-29,146,2005.93
D04,SC-1017,2024-02-05,167,2341.48
D04,SC-1017,2024-02-12,162,2341.96
D04,SC-1017,2024-02-19,206,2758.85
D04,SC-1017,2024-02-26,156,2113.67
D04,SC-1017,2024-03-04,191,2766.81
D04,SC-1017,2024-03-11,179,2372.91
D04,SC-1017,2024-03-18,170,2433.48
D04,SC-1017,2024-03-25,199,2826.56
D04,SC-1017,2024-04-01,189,2539.91
D04,SC-1017,2024-04-08,221,3168.73
D04,SC-1017,2024-04-15,186,2718.61
D04,SC-1017,2024-04-22,170,2465.48
D04,SC-1017,2024-04-29,198,2811.19
D04,SC-1017,2024-05-06,215,3026.84
D04,SC-1017,2024-05-13,228,3151.59
D04,SC-1017,2024-05-20,204,2854.41
D04,SC-1017,2024-05-27,240,3324.01
D04,SC-1017,2024-06-03,174,2349.24
D04,SC-1017,2024-06-10,247,3307.27
D04,SC-1017,2024-06-17,233,3167.04
D04,SC-1017,2024-06-24,201,2814.77
D04,SC-1017,2024-07-01,251,3438.08
D04,SC-1017,2024-07-08,225,3095.75
D04,SC-1017,2024-07-15,260,3512.35
D04,SC-1017,2024-07-22,190,2613.94
D04,SC-1017,2024-07-29,193,2552.95
D04,SC-1017,2024-08-05,231,3052.72
D04,SC-1017,2024-08-12,214,2899.11
D04,SC-1017,2024-08-19,170,2236.7
D04,SC-1017,2024-08-26,277,3744.59
D04,SC-1017,2024-09-02,271,3805.74
D04,SC-1017,2024-09-09,213,3002.88
D04,SC-1017,2024-09-16,185,2682.45
D04,SC-1017,2024-09-23,185,2658.24
D04,SC-1017,2024-09-30,215,2922.68
D04,SC-1017,2024-10-07,251,3474.04
D04,SC-1017,2024-10-14,299,4144.91
D04,SC-1017,2024-10-21,191,2535.15
D04,SC-1017,2024-10-28,189,2620.94
D04,SC-1017,2024-11-04,194,2797.08
D04,SC-1017,2024-11-11,211,3027.91
D04,SC-1017,2024-11-18,174,2316.71
D04,SC-1017,2024-11-25,162,2322.64
D04,SC-1017,2024-12-02,192,2695.91
D04,SC-1017,2024-12-09,208,2759.42
D04,SC-1017,2024-12-16,258,3632.87
D04,SC-1017,2024-12-23,171,2271.95
D04,SC-1017,2024-12-30,239,3291.51
D04,SC-1017,2025-01-06,201,2814.27
D04,SC-1017,2025-01-13,198,2709.49
D04,SC-1017,2025-01-20,164,2389.2
D04,SC-1017,2025-01-27,222,3157.39
D04,SC-1017,2025-02-03,221,2903.68
D04,SC-1017,2025-02-10,301,4026.3
D04,SC-1017,2025-02-17,209,2914.33
D04,SC-1017,2025-02-24,278,4037.14
D04,SC-1017,2025-03-03,213,2992.92
D04,SC-1017,2025-03-10,214,2991.6
D04,SC-1017,2025-03-17,178,2575.4
D04,SC-1017,2025-03-24,275,3642.8
D04,SC-1017,2025-03-31,239,3349.6
D04,SC-1017,2025-04-07,237,3349.3
D04,SC-1017,2025-04-14,230,3339.38
D04,SC-1017,2025-04-21,251,3307.33
D04,SC-1017,2025-04-28,220,2995.66
D04,SC-1017,2025-05-05,264,3612.8
D04,SC-1017,2025-05-12,215,2955.89
D04,SC-1017,2025-05-19,245,3301.09
D04,SC-1017,2025-05-26,271,3841.0
D04,SC-1017,2025-06-02,312,4129.46
D04,SC-1017,2025-06-09,262,3763.7
D04,SC-1017,2025-06-16,309,4261.53
D04,SC-1017,2025-06-23,254,3697.22
D04,SC-1017,2025-06-30,222,3089.62
D04,SC-1017,2025-07-07,265,3566.81
D04,SC-1017,2025-07-14,188,2727.19
D04,SC-1017,2025-07-21,218,2925.09
D04,SC-1017,2025-07-28,170,2383.18
D04,SC-1017,2025-08-04,199,2843.11
D04,SC-1017,2025-08-11,191,2618.45
D04,SC-1017,2025-08-18,178,2355.44
D04,SC-1017,2025-08-25,238,3214.45
D04,SC-1017,2025-09-01,184,2664.66
D04,SC-1017,2025-09-08,160,2313.4
D04,SC-1017,2025-09-15,211,2846.31
D04,SC-1017,2025-09-22,125,1639.53
D04,SC-1017,2025-09-29,129,1712.35
D04,SC-1017,2025-10-06,181,2495.4
D04,SC-1017,2025-10-13,161,2350.15
D04,SC-1017,2025-10-20,141,2025.92
D04,SC-1017,2025-10-27,160,2215.5
D04,SC-1017,2025-11-03,175,2532.59
D04,SC-1017,2025-11-10,125,1683.26
D04,SC-1017,2025-11-17,143,1982.65
D04,SC-1017,2025-11-24,144,2079.68
D04,SC-1017,2025-12-01,149,2079.86
D04,SC-1017,2025-12-08,155,2170.34
D04,SC-1017,2025-12-15,104,1513.0
D04,SC-1017,2025-12-22,150,1990.12
D04,SC-1017,2025-12-29,104,1437.06
D04,SC-1017,2026-01-05,137,1961.44
D04,SC-1017,2026-01-12,117,1534.28
D04,SC-1017,2026-01-19,141,2036.28
D04,SC-1017,2026-01-26,151,2063.55
D04,SC-1017,2026-02-02,138,1993.91
D04,SC-1017,2026-02-09,124,1735.66
D04,SC-1017,2026-02-16,112,1609.08
D04,SC-1017,2026-02-23,136,1812.77
D04,SC-1017,2026-03-02,128,1816.62
D04,SC-1017,2026-03-09,144,1972.14
D04,SC-1017,2026-03-16,128,1748.67
D04,SC-1017,2026-03-23,169,2440.35
D04,SC-1017,2026-03-30,137,1994.18
D04,SC-1017,2026-04-06,157,2218.5
D04,SC-1017,2026-04-13,126,1783.04
D04,SC-1017,2026-04-20,153,2235.91
D04,SC-1017,2026-04-27,152,2002.39
D04,SC-1017,2026-05-04,125,1741.18
D04,SC-1017,2026-05-11,111,1564.18
D04,SC-1017,2026-05-18,169,2267.98
D04,SC-1017,2026-05-25,132,1796.54
D04,SC-1017,2026-06-01,128,1707.68
D04,SC-1017,2026-06-08,134,1843.55
D04,SC-1017,2026-06-15,122,1618.07
D04,SC-1017,2026-06-22,154,2077.09
D04,IS-1027,2024-01-01,624,8813.66
D04,IS-1027,2024-01-08,606,8513.49
D04,IS-1027,2024-01-15,449,6181.28
D04,IS-1027,2024-01-22,726,10893.27
D04,IS-1027,2024-01-29,729,10975.19
D04,IS-1027,2024-02-05,596,9026.86
D04,IS-1027,2024-02-12,629,9324.07
D04,IS-1027,2024-02-19,681,9287.09
D04,IS-1027,2024-02-26,716,10222.16
D04,IS-1027,2024-03-04,617,8567.24
D04,IS-1027,2024-03-11,605,9098.17
D04,IS-1027,2024-03-18,591,8412.66
D04,IS-1027,2024-03-25,879,12294.28
D04,IS-1027,2024-04-01,853,11887.25
D04,IS-1027,2024-04-08,609,9151.17
D04,IS-1027,2024-04-15,633,8662.29
D04,IS-1027,2024-04-22,622,8890.95
D04,IS-1027,2024-04-29,588,8136.84
D04,IS-1027,2024-05-06,992,14131.5
D04,IS-1027,2024-05-13,667,9117.55
D04,IS-1027,2024-05-20,838,12529.67
D04,IS-1027,2024-05-27,713,10515.04
D04,IS-1027,2024-06-03,727,10020.48
D04,IS-1027,2024-06-10,721,10405.25
D04,IS-1027,2024-06-17,795,11566.72
D04,IS-1027,2024-06-24,731,10702.17
D04,IS-1027,2024-07-01,839,12374.2
D04,IS-1027,2024-07-08,889,12659.05
D04,IS-1027,2024-07-15,678,10133.98
D04,IS-1027,2024-07-22,763,10713.14
D04,IS-1027,2024-07-29,576,8409.21
D04,IS-1027,2024-08-05,675,9948.84
D04,IS-1027,2024-08-12,727,10556.63
D04,IS-1027,2024-08-19,697,10589.51
D04,IS-1027,2024-08-26,700,9786.05
D04,IS-1027,2024-09-02,762,10429.23
D04,IS-1027,2024-09-09,778,10958.77
D04,IS-1027,2024-09-16,502,7603.25
D04,IS-1027,2024-09-23,703,10354.47
D04,IS-1027,2024-09-30,646,9242.0
D04,IS-1027,2024-10-07,624,9236.34
D04,IS-1027,2024-10-14,820,11331.42
D04,IS-1027,2024-10-21,506,7579.95
D04,IS-1027,2024-10-28,649,9757.34
D04,IS-1027,2024-11-04,805,11732.71
D04,IS-1027,2024-11-11,652,9701.55
D04,IS-1027,2024-11-18,556,8199.16
D04,IS-1027,2024-11-25,619,8598.3
D04,IS-1027,2024-12-02,831,12124.92
D04,IS-1027,2024-12-09,758,11128.97
D04,IS-1027,2024-12-16,588,8128.83
D04,IS-1027,2024-12-23,801,11820.9
D04,IS-1027,2024-12-30,701,10330.66
D04,IS-1027,2025-01-06,437,6481.23
D04,IS-1027,2025-01-13,632,8768.27
D04,IS-1027,2025-01-20,848,12491.48
D04,IS-1027,2025-01-27,634,9063.86
D04,IS-1027,2025-02-03,820,11691.62
D04,IS-1027,2025-02-10,530,7952.39
D04,IS-1027,2025-02-17,545,8043.79
D04,IS-1027,2025-02-24,792,11665.93
D04,IS-1027,2025-03-03,766,11116.51
D04,IS-1027,2025-03-10,677,10266.21
D04,IS-1027,2025-03-17,780,11748.99
D04,IS-1027,2025-03-24,631,9435.12
D04,IS-1027,2025-03-31,587,8795.36
D04,IS-1027,2025-04-07,742,11167.84
D04,IS-1027,2025-04-14,675,9684.39
D04,IS-1027,2025-04-21,755,11162.29
D04,IS-1027,2025-04-28,735,10646.67
D04,IS-1027,2025-05-05,680,10194.15
D04,IS-1027,2025-05-12,952,13068.48
D04,IS-1027,2025-05-19,616,9313.47
D04,IS-1027,2025-05-26,737,11107.35
D04,IS-1027,2025-06-02,711,9894.75
D04,IS-1027,2025-06-09,754,10901.55
D04,IS-1027,2025-06-16,724,10742.29
D04,IS-1027,2025-06-23,843,12325.91
D04,IS-1027,2025-06-30,748,10458.78
D04,IS-1027,2025-07-07,645,9515.17
D04,IS-1027,2025-07-14,606,8753.12
D04,IS-1027,2025-07-21,625,9467.7
D04,IS-1027,2025-07-28,617,9074.32
D04,IS-1027,2025-08-04,765,10428.48
D04,IS-1027,2025-08-11,677,9816.85
D04,IS-1027,2025-08-18,720,10065.41
D04,IS-1027,2025-08-25,547,8008.57
D04,IS-1027,2025-09-01,635,9600.89
D04,IS-1027,2025-09-08,709,10717.47
D04,IS-1027,2025-09-15,763,10725.06
D04,IS-1027,2025-09-22,517,7417.15
D04,IS-1027,2025-09-29,809,11059.87
D04,IS-1027,2025-10-06,787,11199.2
D04,IS-1027,2025-10-13,732,10609.63
D04,IS-1027,2025-10-20,753,10411.14
D04,IS-1027,2025-10-27,585,8800.6
D04,IS-1027,2025-11-03,545,8226.93
D04,IS-1027,2025-11-10,619,9042.46
D04,IS-1027,2025-11-17,637,9090.11
D04,IS-1027,2025-11-24,553,8123.65
D04,IS-1027,2025-12-01,663,10037.28
D04,IS-1027,2025-12-08,749,10394.73
D04,IS-1027,2025-12-15,694,9860.34
D04,IS-1027,2025-12-22,613,8769.66
D04,IS-1027,2025-12-29,424,6313.75
D04,IS-1027,2026-01-05,488,6799.69
D04,IS-1027,2026-01-12,609,8565.51
D04,IS-1027,2026-01-19,685,9983.84
D04,IS-1027,2026-01-26,507,7086.04
D04,IS-1027,2026-02-02,642,8775.63
D04,IS-1027,2026-02-09,711,10042.55
D04,IS-1027,2026-02-16,640,9338.79
D04,IS-1027,2026-02-23,595,8241.7
D04,IS-1027,2026-03-02,528,7494.57
D04,IS-1027,2026-03-09,749,10860.2
D04,IS-1027,2026-03-16,611,8903.79
D04,IS-1027,2026-03-23,873,12263.86
D04,IS-1027,2026-03-30,707,9637.28
D04,IS-1027,2026-04-06,735,11121.81
D04,IS-1027,2026-04-13,796,11938.32
D04,IS-1027,2026-04-20,671,9157.8
D04,IS-1027,2026-04-27,766,10814.51
D04,IS-1027,2026-05-04,653,9889.91
D04,IS-1027,2026-05-11,642,9721.44
D04,IS-1027,2026-05-18,634,8920.4
D04,IS-1027,2026-05-25,679,9718.87
D04,IS-1027,2026-06-01,998,14442.92
D04,IS-1027,2026-06-08,641,8937.71
D04,IS-1027,2026-06-15,806,12095.75
D04,IS-1027,2026-06-22,710,10456.18
D04,IS-1026,2024-01-01,121,832.03
D04,IS-1026,2024-01-08,122,859.52
D04,IS-1026,2024-01-15,138,942.5
D04,IS-1026,2024-01-22,148,1082.71
D04,IS-1026,2024-01-29,156,1108.85
D04,IS-1026,2024-02-05,131,930.75
D04,IS-1026,2024-02-12,141,977.86
D04,IS-1026,2024-02-19,123,912.61
D04,IS-1026,2024-02-26,124,909.03
D04,IS-1026,2024-03-04,110,758.47
D04,IS-1026,2024-03-11,135,992.25
D04,IS-1026,2024-03-18,182,1334.54
D04,IS-1026,2024-03-25,188,1274.37
D04,IS-1026,2024-04-01,167,1177.58
D04,IS-1026,2024-04-08,180,1300.24
D04,IS-1026,2024-04-15,176,1241.98
D04,IS-1026,2024-04-22,162,1186.3
D04,IS-1026,2024-04-29,110,780.36
D04,IS-1026,2024-05-06,224,1628.05
D04,IS-1026,2024-05-13,156,1059.08
D04,IS-1026,2024-05-20,156,1148.85
D04,IS-1026,2024-05-27,201,1493.26
D04,IS-1026,2024-06-03,166,1179.75
D04,IS-1026,2024-06-10,237,1640.48
D04,IS-1026,2024-06-17,143,1034.38
D04,IS-1026,2024-06-24,189,1392.53
D04,IS-1026,2024-07-01,156,1130.38
D04,IS-1026,2024-07-08,164,1101.38
D04,IS-1026,2024-07-15,141,1031.45
D04,IS-1026,2024-07-22,145,983.72
D04,IS-1026,2024-07-29,193,1351.81
D04,IS-1026,2024-08-05,170,1262.43
D04,IS-1026,2024-08-12,167,1113.85
D04,IS-1026,2024-08-19,121,819.99
D04,IS-1026,2024-08-26,121,886.54
D04,IS-1026,2024-09-02,132,972.55
D04,IS-1026,2024-09-09,142,1007.07
D04,IS-1026,2024-09-16,147,1025.48
D04,IS-1026,2024-09-23,155,1045.17
D04,IS-1026,2024-09-30,170,1266.88
D04,IS-1026,2024-10-07,180,1294.52
D04,IS-1026,2024-10-14,148,1062.05
D04,IS-1026,2024-10-21,125,888.0
D04,IS-1026,2024-10-28,157,1054.4
D04,IS-1026,2024-11-04,144,1030.68
D04,IS-1026,2024-11-11,149,1068.2
D04,IS-1026,2024-11-18,166,1154.97
D04,IS-1026,2024-11-25,130,959.78
D04,IS-1026,2024-12-02,171,1162.23
D04,IS-1026,2024-12-09,111,822.48
D04,IS-1026,2024-12-16,153,1098.17
D04,IS-1026,2024-12-23,124,875.05
D04,IS-1026,2024-12-30,142,962.51
D04,IS-1026,2025-01-06,145,1051.53
D04,IS-1026,2025-01-13,131,924.52
D04,IS-1026,2025-01-20,126,924.62
D04,IS-1026,2025-01-27,123,840.34
D04,IS-1026,2025-02-03,147,999.92
D04,IS-1026,2025-02-10,156,1145.85
D04,IS-1026,2025-02-17,188,1393.89
D04,IS-1026,2025-02-24,139,940.86
D04,IS-1026,2025-03-03,115,826.84
D04,IS-1026,2025-03-10,157,1112.65
D04,IS-1026,2025-03-17,114,802.45
D04,IS-1026,2025-03-24,189,1273.29
D04,IS-1026,2025-03-31,168,1247.35
D04,IS-1026,2025-04-07,130,963.19
D04,IS-1026,2025-04-14,120,858.08
D04,IS-1026,2025-04-21,134,896.0
D04,IS-1026,2025-04-28,166,1194.11
D04,IS-1026,2025-05-05,137,1011.23
D04,IS-1026,2025-05-12,173,1189.89
D04,IS-1026,2025-05-19,179,1328.43
D04,IS-1026,2025-05-26,143,960.24
D04,IS-1026,2025-06-02,177,1275.48
D04,IS-1026,2025-06-09,186,1321.21
D04,IS-1026,2025-06-16,169,1226.65
D04,IS-1026,2025-06-23,168,1237.67
D04,IS-1026,2025-06-30,142,945.93
D04,IS-1026,2025-07-07,208,1487.85
D04,IS-1026,2025-07-14,132,953.48
D04,IS-1026,2025-07-21,142,965.55
D04,IS-1026,2025-07-28,173,1272.85
D04,IS-1026,2025-08-04,141,939.92
D04,IS-1026,2025-08-11,141,1031.96
D04,IS-1026,2025-08-18,119,844.38
D04,IS-1026,2025-08-25,135,916.45
D04,IS-1026,2025-09-01,206,1463.63
D04,IS-1026,2025-09-08,135,931.52
D04,IS-1026,2025-09-15,170,1246.75
D04,IS-1026,2025-09-22,129,902.28
D04,IS-1026,2025-09-29,118,852.79
D04,IS-1026,2025-10-06,122,860.26
D04,IS-1026,2025-10-13,151,1008.16
D04,IS-1026,2025-10-20,97,650.2
D04,IS-1026,2025-10-27,172,1159.16
D04,IS-1026,2025-11-03,142,1007.76
D04,IS-1026,2025-11-10,125,887.83
D04,IS-1026,2025-11-17,117,862.78
D04,IS-1026,2025-11-24,121,888.54
D04,IS-1026,2025-12-01,155,1097.06
D04,IS-1026,2025-12-08,103,711.79
D04,IS-1026,2025-12-15,130,961.09
D04,IS-1026,2025-12-22,156,1121.13
D04,IS-1026,2025-12-29,97,700.43
D04,IS-1026,2026-01-05,121,854.29
D04,IS-1026,2026-01-12,106,760.38
D04,IS-1026,2026-01-19,111,762.05
D04,IS-1026,2026-01-26,140,1006.78
D04,IS-1026,2026-02-02,151,1046.64
D04,IS-1026,2026-02-09,130,907.1
D04,IS-1026,2026-02-16,111,795.44
D04,IS-1026,2026-02-23,124,886.25
D04,IS-1026,2026-03-02,151,1024.24
D04,IS-1026,2026-03-09,143,969.27
D04,IS-1026,2026-03-16,122,900.17
D04,IS-1026,2026-03-23,137,988.99
D04,IS-1026,2026-03-30,167,1236.26
D04,IS-1026,2026-04-06,155,1120.37
D04,IS-1026,2026-04-13,129,873.53
D04,IS-1026,2026-04-20,159,1089.74
D04,IS-1026,2026-04-27,142,1012.75
D04,IS-1026,2026-05-04,141,1036.72
D04,IS-1026,2026-05-11,159,1124.42
D04,IS-1026,2026-05-18,133,943.36
D04,IS-1026,2026-05-25,147,1003.35
D04,IS-1026,2026-06-01,185,1304.97
D04,IS-1026,2026-06-08,229,1606.01
D04,IS-1026,2026-06-15,123,885.55
D04,IS-1026,2026-06-22,139,935.6
D04,PW-1034,2024-01-01,455,1841.2
D04,PW-1034,2024-01-08,547,2052.79
D04,PW-1034,2024-01-15,406,1610.57
D04,PW-1034,2024-01-22,479,1985.16
D04,PW-1034,2024-01-29,499,1877.68
D04,PW-1034,2024-02-05,655,2482.57
D04,PW-1034,2024-02-12,501,2001.69
D04,PW-1034,2024-02-19,396,1610.06
D04,PW-1034,2024-02-26,584,2201.51
D04,PW-1034,2024-03-04,450,1747.8
D04,PW-1034,2024-03-11,428,1604.59
D04,PW-1034,2024-03-18,601,2318.74
D04,PW-1034,2024-03-25,508,2012.43
D04,PW-1034,2024-04-01,488,1985.58
D04,PW-1034,2024-04-08,655,2680.26
D04,PW-1034,2024-04-15,476,1955.39
D04,PW-1034,2024-04-22,479,1905.97
D04,PW-1034,2024-04-29,563,2209.78
D04,PW-1034,2024-05-06,375,1418.29
D04,PW-1034,2024-05-13,543,2114.71
D04,PW-1034,2024-05-20,539,2190.98
D04,PW-1034,2024-05-27,471,1857.27
D04,PW-1034,2024-06-03,536,2214.25
D04,PW-1034,2024-06-10,560,2251.64
D04,PW-1034,2024-06-17,536,2000.99
D04,PW-1034,2024-06-24,610,2418.4
D04,PW-1034,2024-07-01,561,2121.45
D04,PW-1034,2024-07-08,524,1956.39
D04,PW-1034,2024-07-15,596,2462.02
D04,PW-1034,2024-07-22,556,2274.31
D04,PW-1034,2024-07-29,834,3346.65
D04,PW-1034,2024-08-05,617,2532.55
D04,PW-1034,2024-08-12,486,1955.02
D04,PW-1034,2024-08-19,403,1539.19
D04,PW-1034,2024-08-26,468,1790.5
D04,PW-1034,2024-09-02,379,1500.07
D04,PW-1034,2024-09-09,564,2137.78
D04,PW-1034,2024-09-16,485,1983.55
D04,PW-1034,2024-09-23,448,1686.61
D04,PW-1034,2024-09-30,546,2097.76
D04,PW-1034,2024-10-07,468,1806.61
D04,PW-1034,2024-10-14,522,2143.6
D04,PW-1034,2024-10-21,470,1785.25
D04,PW-1034,2024-10-28,492,1863.36
D04,PW-1034,2024-11-04,587,2317.42
D04,PW-1034,2024-11-11,553,2072.66
D04,PW-1034,2024-11-18,596,2435.09
D04,PW-1034,2024-11-25,506,1936.75
D04,PW-1034,2024-12-02,366,1444.35
D04,PW-1034,2024-12-09,434,1726.29
D04,PW-1034,2024-12-16,378,1433.87
D04,PW-1034,2024-12-23,555,2156.95
D04,PW-1034,2024-12-30,487,2011.8
D04,PW-1034,2025-01-06,591,2337.5
D04,PW-1034,2025-01-13,575,2285.39
D04,PW-1034,2025-01-20,487,1952.04
D04,PW-1034,2025-01-27,651,2671.46
D04,PW-1034,2025-02-03,584,2228.51
D04,PW-1034,2025-02-10,517,1949.55
D04,PW-1034,2025-02-17,551,2231.92
D04,PW-1034,2025-02-24,646,2536.08
D04,PW-1034,2025-03-03,565,2258.28
D04,PW-1034,2025-03-10,484,1852.33
D04,PW-1034,2025-03-17,453,1774.55
D04,PW-1034,2025-03-24,525,2013.42
D04,PW-1034,2025-03-31,499,1977.44
D04,PW-1034,2025-04-07,575,2250.09
D04,PW-1034,2025-04-14,522,2108.11
D04,PW-1034,2025-04-21,537,2083.41
D04,PW-1034,2025-04-28,688,2798.36
D04,PW-1034,2025-05-05,740,2767.88
D04,PW-1034,2025-05-12,517,1967.77
D04,PW-1034,2025-05-19,554,2061.34
D04,PW-1034,2025-05-26,567,2311.53
D04,PW-1034,2025-06-02,617,2316.37
D04,PW-1034,2025-06-09,621,2421.03
D04,PW-1034,2025-06-16,547,2217.61
D04,PW-1034,2025-06-23,638,2640.68
D04,PW-1034,2025-06-30,551,2209.64
D04,PW-1034,2025-07-07,557,2311.44
D04,PW-1034,2025-07-14,512,1967.23
D04,PW-1034,2025-07-21,683,2720.8
D04,PW-1034,2025-07-28,667,2654.22
D04,PW-1034,2025-08-04,610,2488.22
D04,PW-1034,2025-08-11,635,2623.75
D04,PW-1034,2025-08-18,675,2785.12
D04,PW-1034,2025-08-25,635,2376.0
D04,PW-1034,2025-09-01,628,2400.64
D04,PW-1034,2025-09-08,524,2085.72
D04,PW-1034,2025-09-15,442,1767.67
D04,PW-1034,2025-09-22,488,1985.64
D04,PW-1034,2025-09-29,758,3110.8
D04,PW-1034,2025-10-06,522,2026.73
D04,PW-1034,2025-10-13,683,2652.81
D04,PW-1034,2025-10-20,579,2298.97
D04,PW-1034,2025-10-27,529,2145.54
D04,PW-1034,2025-11-03,462,1860.7
D04,PW-1034,2025-11-10,474,1856.16
D04,PW-1034,2025-11-17,515,2131.93
D04,PW-1034,2025-11-24,514,2128.17
D04,PW-1034,2025-12-01,569,2198.95
D04,PW-1034,2025-12-08,474,1764.39
D04,PW-1034,2025-12-15,478,1897.65
D04,PW-1034,2025-12-22,601,2274.41
D04,PW-1034,2025-12-29,705,2812.26
D04,PW-1034,2026-01-05,540,2030.6
D04,PW-1034,2026-01-12,574,2341.27
D04,PW-1034,2026-01-19,530,2042.35
D04,PW-1034,2026-01-26,541,2203.88
D04,PW-1034,2026-02-02,534,2207.14
D04,PW-1034,2026-02-09,529,2028.09
D04,PW-1034,2026-02-16,612,2523.64
D04,PW-1034,2026-02-23,624,2585.77
D04,PW-1034,2026-03-02,555,2199.19
D04,PW-1034,2026-03-09,534,2029.93
D04,PW-1034,2026-03-16,548,2231.9
D04,PW-1034,2026-03-23,656,2552.08
D04,PW-1034,2026-03-30,533,2084.57
D04,PW-1034,2026-04-06,522,2052.04
D04,PW-1034,2026-04-13,640,2494.33
D04,PW-1034,2026-04-20,613,2342.62
D04,PW-1034,2026-04-27,611,2482.9
D04,PW-1034,2026-05-04,712,2679.24
D04,PW-1034,2026-05-11,627,2493.21
D04,PW-1034,2026-05-18,576,2196.8
D04,PW-1034,2026-05-25,655,2543.85
D04,PW-1034,2026-06-01,581,2400.19
D04,PW-1034,2026-06-08,733,2899.39
D04,PW-1034,2026-06-15,644,2468.8
D04,PW-1034,2026-06-22,550,2283.93
D04,IG-1011,2024-01-01,89,5290.02
D04,IG-1011,2024-01-08,77,4190.09
D04,IG-1011,2024-01-15,86,5139.47
D04,IG-1011,2024-01-22,86,4638.82
D04,IG-1011,2024-01-29,86,5067.41
D04,IG-1011,2024-02-05,104,5976.55
D04,IG-1011,2024-02-12,84,4897.39
D04,IG-1011,2024-02-19,80,4493.8
D04,IG-1011,2024-02-26,81,4488.28
D04,IG-1011,2024-03-04,88,5241.13
D04,IG-1011,2024-03-11,68,4011.65
D04,IG-1011,2024-03-18,105,5670.98
D04,IG-1011,2024-03-25,83,4516.75
D04,IG-1011,2024-04-01,86,5128.05
D04,IG-1011,2024-04-08,73,4232.67
D04,IG-1011,2024-04-15,91,4890.11
D04,IG-1011,2024-04-22,74,4124.19
D04,IG-1011,2024-04-29,71,4000.94
D04,IG-1011,2024-05-06,83,4576.22
D04,IG-1011,2024-05-13,90,5204.34
D04,IG-1011,2024-05-20,82,4824.33
D04,IG-1011,2024-05-27,98,5576.87
D04,IG-1011,2024-06-03,114,6313.64
D04,IG-1011,2024-06-10,98,5670.93
D04,IG-1011,2024-06-17,68,3901.43
D04,IG-1011,2024-06-24,95,5566.47
D04,IG-1011,2024-07-01,104,6021.58
D04,IG-1011,2024-07-08,91,5303.25
D04,IG-1011,2024-07-15,100,5492.86
D04,IG-1011,2024-07-22,99,5483.24
D04,IG-1011,2024-07-29,81,4413.41
D04,IG-1011,2024-08-05,114,6176.09
D04,IG-1011,2024-08-12,90,4985.75
D04,IG-1011,2024-08-19,89,4925.63
D04,IG-1011,2024-08-26,100,5459.84
D04,IG-1011,2024-09-02,73,4352.07
D04,IG-1011,2024-09-09,112,6590.46
D04,IG-1011,2024-09-16,79,4368.91
D04,IG-1011,2024-09-23,120,7108.92
D04,IG-1011,2024-09-30,107,6181.12
D04,IG-1011,2024-10-07,77,4266.83
D04,IG-1011,2024-10-14,94,5256.14
D04,IG-1011,2024-10-21,77,4520.55
D04,IG-1011,2024-10-28,75,4211.3
D04,IG-1011,2024-11-04,61,3268.22
D04,IG-1011,2024-11-11,97,5614.02
D04,IG-1011,2024-11-18,83,4629.4
D04,IG-1011,2024-11-25,99,5521.21
D04,IG-1011,2024-12-02,92,4916.73
D04,IG-1011,2024-12-09,74,4037.48
D04,IG-1011,2024-12-16,101,5608.84
D04,IG-1011,2024-12-23,97,5376.86
D04,IG-1011,2024-12-30,84,4748.94
D04,IG-1011,2025-01-06,105,5724.61
D04,IG-1011,2025-01-13,88,5170.99
D04,IG-1011,2025-01-20,82,4734.43
D04,IG-1011,2025-01-27,91,5148.37
D04,IG-1011,2025-02-03,89,4972.31
D04,IG-1011,2025-02-10,77,4463.51
D04,IG-1011,2025-02-17,65,3847.04
D04,IG-1011,2025-02-24,126,7363.21
D04,IG-1011,2025-03-03,118,6532.31
D04,IG-1011,2025-03-10,126,7027.0
D04,IG-1011,2025-03-17,117,6822.16
D04,IG-1011,2025-03-24,97,5687.86
D04,IG-1011,2025-03-31,102,5524.25
D04,IG-1011,2025-04-07,96,5439.79
D04,IG-1011,2025-04-14,116,6519.56
D04,IG-1011,2025-04-21,116,6462.96
D04,IG-1011,2025-04-28,104,5859.41
D04,IG-1011,2025-05-05,118,6605.2
D04,IG-1011,2025-05-12,132,7375.5
D04,IG-1011,2025-05-19,112,6193.34
D04,IG-1011,2025-05-26,94,5399.77
D04,IG-1011,2025-06-02,121,6873.93
D04,IG-1011,2025-06-09,94,5585.78
D04,IG-1011,2025-06-16,101,6003.84
D04,IG-1011,2025-06-23,119,6951.36
D04,IG-1011,2025-06-30,125,7233.82
D04,IG-1011,2025-07-07,88,4753.75
D04,IG-1011,2025-07-14,73,3945.53
D04,IG-1011,2025-07-21,128,7033.19
D04,IG-1011,2025-07-28,77,4521.12
D04,IG-1011,2025-08-04,88,4896.81
D04,IG-1011,2025-08-11,74,4303.66
D04,IG-1011,2025-08-18,69,4003.8
D04,IG-1011,2025-08-25,79,4490.4
D04,IG-1011,2025-09-01,72,4027.31
D04,IG-1011,2025-09-08,77,4261.96
D04,IG-1011,2025-09-15,67,3911.29
D04,IG-1011,2025-09-22,75,4092.92
D04,IG-1011,2025-09-29,64,3689.39
D04,IG-1011,2025-10-06,83,4621.57
D04,IG-1011,2025-10-13,73,4052.34
D04,IG-1011,2025-10-20,67,3880.13
D04,IG-1011,2025-10-27,67,4011.05
D04,IG-1011,2025-11-03,63,3660.88
D04,IG-1011,2025-11-10,67,3659.09
D04,IG-1011,2025-11-17,81,4382.02
D04,IG-1011,2025-11-24,59,3397.68
D04,IG-1011,2025-12-01,65,3625.16
D04,IG-1011,2025-12-08,56,3060.17
D04,IG-1011,2025-12-15,43,2323.5
D04,IG-1011,2025-12-22,68,3955.28
D04,IG-1011,2025-12-29,72,4278.31
D04,IG-1011,2026-01-05,65,3611.04
D04,IG-1011,2026-01-12,87,4839.94
D04,IG-1011,2026-01-19,58,3321.77
D04,IG-1011,2026-01-26,53,3144.54
D04,IG-1011,2026-02-02,73,4026.29
D04,IG-1011,2026-02-09,73,4320.39
D04,IG-1011,2026-02-16,72,3988.54
D04,IG-1011,2026-02-23,52,2887.52
D04,IG-1011,2026-03-02,55,3148.42
D04,IG-1011,2026-03-09,48,2742.0
D04,IG-1011,2026-03-16,82,4829.98
D04,IG-1011,2026-03-23,53,3102.95
D04,IG-1011,2026-03-30,51,2823.33
D04,IG-1011,2026-04-06,60,3444.58
D04,IG-1011,2026-04-13,62,3673.75
D04,IG-1011,2026-04-20,68,3854.15
D04,IG-1011,2026-04-27,60,3356.37
D04,IG-1011,2026-05-04,56,3062.96
D04,IG-1011,2026-05-11,59,3401.48
D04,IG-1011,2026-05-18,57,3235.84
D04,IG-1011,2026-05-25,77,4377.97
D04,IG-1011,2026-06-01,63,3382.25
D04,IG-1011,2026-06-08,69,3888.08
D04,IG-1011,2026-06-15,61,3383.55
D04,IG-1011,2026-06-22,48,2782.24
D04,LD-1039,2024-01-01,3412,1082.52
D04,LD-1039,2024-01-08,3013,929.92
D04,LD-1039,2024-01-15,3899,1264.87
D04,LD-1039,2024-01-22,2790,903.54
D04,LD-1039,2024-01-29,3304,1087.2
D04,LD-1039,2024-02-05,3260,1035.28
D04,LD-1039,2024-02-12,3158,1035.71
D04,LD-1039,2024-02-19,2270,745.92
D04,LD-1039,2024-02-26,3028,912.6
D04,LD-1039,2024-03-04,2454,820.77
D04,LD-1039,2024-03-11,2986,912.03
D04,LD-1039,2024-03-18,3211,984.78
D04,LD-1039,2024-03-25,4631,1396.83
D04,LD-1039,2024-04-01,3704,1116.22
D04,LD-1039,2024-04-08,2858,960.2
D04,LD-1039,2024-04-15,3465,1077.44
D04,LD-1039,2024-04-22,3608,1142.46
D04,LD-1039,2024-04-29,3460,1112.2
D04,LD-1039,2024-05-06,3437,1069.03
D04,LD-1039,2024-05-13,3169,968.03
D04,LD-1039,2024-05-20,3649,1209.09
D04,LD-1039,2024-05-27,3604,1172.33
D04,LD-1039,2024-06-03,3844,1265.94
D04,LD-1039,2024-06-10,3939,1259.27
D04,LD-1039,2024-06-17,3918,1191.69
D04,LD-1039,2024-06-24,3522,1153.51
D04,LD-1039,2024-07-01,3373,1080.77
D04,LD-1039,2024-07-08,3849,1218.85
D04,LD-1039,2024-07-15,3030,999.61
D04,LD-1039,2024-07-22,2352,724.17
D04,LD-1039,2024-07-29,2610,829.05
D04,LD-1039,2024-08-05,2538,796.25
D04,LD-1039,2024-08-12,3629,1101.38
D04,LD-1039,2024-08-19,3374,1018.02
D04,LD-1039,2024-08-26,3688,1154.77
D04,LD-1039,2024-09-02,3509,1110.03
D04,LD-1039,2024-09-09,3758,1177.5
D04,LD-1039,2024-09-16,3773,1262.93
D04,LD-1039,2024-09-23,3635,1096.24
D04,LD-1039,2024-09-30,3612,1123.55
D04,LD-1039,2024-10-07,3959,1242.77
D04,LD-1039,2024-10-14,4195,1369.5
D04,LD-1039,2024-10-21,3080,942.3
D04,LD-1039,2024-10-28,3807,1262.85
D04,LD-1039,2024-11-04,2753,888.76
D04,LD-1039,2024-11-11,2761,832.62
D04,LD-1039,2024-11-18,3816,1164.92
D04,LD-1039,2024-11-25,3012,963.73
D04,LD-1039,2024-12-02,2306,720.32
D04,LD-1039,2024-12-09,2472,771.26
D04,LD-1039,2024-12-16,2636,821.34
D04,LD-1039,2024-12-23,2487,817.36
D04,LD-1039,2024-12-30,3224,1013.73
D04,LD-1039,2025-01-06,2625,838.48
D04,LD-1039,2025-01-13,2881,939.17
D04,LD-1039,2025-01-20,2760,843.4
D04,LD-1039,2025-01-27,2481,785.06
D04,LD-1039,2025-02-03,2520,765.4
D04,LD-1039,2025-02-10,3550,1106.77
D04,LD-1039,2025-02-17,3282,1091.09
D04,LD-1039,2025-02-24,1952,599.34
D04,LD-1039,2025-03-03,2896,960.43
D04,LD-1039,2025-03-10,3677,1112.0
D04,LD-1039,2025-03-17,3534,1092.75
D04,LD-1039,2025-03-24,4508,1427.83
D04,LD-1039,2025-03-31,3182,962.62
D04,LD-1039,2025-04-07,3529,1174.97
D04,LD-1039,2025-04-14,2945,947.22
D04,LD-1039,2025-04-21,2685,821.03
D04,LD-1039,2025-04-28,3600,1128.68
D04,LD-1039,2025-05-05,3231,1079.15
D04,LD-1039,2025-05-12,5136,1725.39
D04,LD-1039,2025-05-19,3165,958.67
D04,LD-1039,2025-05-26,3254,1024.38
D04,LD-1039,2025-06-02,3514,1143.47
D04,LD-1039,2025-06-09,3999,1290.38
D04,LD-1039,2025-06-16,3947,1200.05
D04,LD-1039,2025-06-23,2701,890.79
D04,LD-1039,2025-06-30,4205,1277.69
D04,LD-1039,2025-07-07,3360,1052.6
D04,LD-1039,2025-07-14,2293,757.16
D04,LD-1039,2025-07-21,3410,1029.59
D04,LD-1039,2025-07-28,2907,927.22
D04,LD-1039,2025-08-04,4015,1307.8
D04,LD-1039,2025-08-11,3513,1153.75
D04,LD-1039,2025-08-18,3886,1201.9
D04,LD-1039,2025-08-25,3920,1305.88
D04,LD-1039,2025-09-01,3032,1016.22
D04,LD-1039,2025-09-08,3339,1081.07
D04,LD-1039,2025-09-15,3777,1139.77
D04,LD-1039,2025-09-22,3261,1047.35
D04,LD-1039,2025-09-29,2762,855.25
D04,LD-1039,2025-10-06,3845,1165.99
D04,LD-1039,2025-10-13,3081,1021.21
D04,LD-1039,2025-10-20,2706,853.77
D04,LD-1039,2025-10-27,4030,1214.11
D04,LD-1039,2025-11-03,2257,729.32
D04,LD-1039,2025-11-10,2704,896.53
D04,LD-1039,2025-11-17,2730,847.65
D04,LD-1039,2025-11-24,3383,1020.27
D04,LD-1039,2025-12-01,2809,887.82
D04,LD-1039,2025-12-08,2670,808.27
D04,LD-1039,2025-12-15,3462,1091.73
D04,LD-1039,2025-12-22,3335,1081.2
D04,LD-1039,2025-12-29,2850,937.65
D04,LD-1039,2026-01-05,3095,998.27
D04,LD-1039,2026-01-12,2537,769.84
D04,LD-1039,2026-01-19,2921,931.61
D04,LD-1039,2026-01-26,3013,933.88
D04,LD-1039,2026-02-02,2528,776.22
D04,LD-1039,2026-02-09,2416,784.97
D04,LD-1039,2026-02-16,2943,915.19
D04,LD-1039,2026-02-23,3695,1178.01
D04,LD-1039,2026-03-02,3474,1097.48
D04,LD-1039,2026-03-09,2939,955.19
D04,LD-1039,2026-03-16,4791,1572.82
D04,LD-1039,2026-03-23,2791,937.54
D04,LD-1039,2026-03-30,3591,1121.58
D04,LD-1039,2026-04-06,3081,1001.16
D04,LD-1039,2026-04-13,4033,1330.5
D04,LD-1039,2026-04-20,3329,1071.24
D04,LD-1039,2026-04-27,3288,1092.7
D04,LD-1039,2026-05-04,3961,1198.25
D04,LD-1039,2026-05-11,3359,1020.96
D04,LD-1039,2026-05-18,3861,1296.17
D04,LD-1039,2026-05-25,3409,1099.65
D04,LD-1039,2026-06-01,2341,744.44
D04,LD-1039,2026-06-08,4799,1576.17
D04,LD-1039,2026-06-15,3752,1213.58
D04,LD-1039,2026-06-22,3309,1005.11
D04,PW-1031,2024-01-01,684,3140.35
D04,PW-1031,2024-01-08,744,3331.06
D04,PW-1031,2024-01-15,778,3310.34
D04,PW-1031,2024-01-22,720,3236.27
D04,PW-1031,2024-01-29,688,2860.03
D04,PW-1031,2024-02-05,608,2785.78
D04,PW-1031,2024-02-12,658,2788.3
D04,PW-1031,2024-02-19,794,3510.47
D04,PW-1031,2024-02-26,609,2654.21
D04,PW-1031,2024-03-04,613,2548.59
D04,PW-1031,2024-03-11,788,3452.92
D04,PW-1031,2024-03-18,758,3186.29
D04,PW-1031,2024-03-25,902,3869.84
D04,PW-1031,2024-04-01,839,3842.49
D04,PW-1031,2024-04-08,681,3073.43
D04,PW-1031,2024-04-15,942,4087.21
D04,PW-1031,2024-04-22,789,3565.77
D04,PW-1031,2024-04-29,845,3706.86
D04,PW-1031,2024-05-06,726,3336.64
D04,PW-1031,2024-05-13,833,3484.43
D04,PW-1031,2024-05-20,717,3123.5
D04,PW-1031,2024-05-27,566,2414.22
D04,PW-1031,2024-06-03,1027,4450.72
D04,PW-1031,2024-06-10,688,3132.03
D04,PW-1031,2024-06-17,722,3205.18
D04,PW-1031,2024-06-24,715,3224.03
D04,PW-1031,2024-07-01,1031,4508.63
D04,PW-1031,2024-07-08,843,3518.81
D04,PW-1031,2024-07-15,859,3824.35
D04,PW-1031,2024-07-22,900,3779.8
D04,PW-1031,2024-07-29,868,3916.89
D04,PW-1031,2024-08-05,797,3404.07
D04,PW-1031,2024-08-12,788,3483.43
D04,PW-1031,2024-08-19,953,4139.73
D04,PW-1031,2024-08-26,630,2611.78
D04,PW-1031,2024-09-02,657,2752.89
D04,PW-1031,2024-09-09,820,3776.22
D04,PW-1031,2024-09-16,776,3303.14
D04,PW-1031,2024-09-23,695,3138.54
D04,PW-1031,2024-09-30,1038,4668.33
D04,PW-1031,2024-10-07,604,2676.0
D04,PW-1031,2024-10-14,722,3063.73
D04,PW-1031,2024-10-21,742,3139.8
D04,PW-1031,2024-10-28,666,3031.54
D04,PW-1031,2024-11-04,637,2892.31
D04,PW-1031,2024-11-11,670,2779.29
D04,PW-1031,2024-11-18,888,3984.01
D04,PW-1031,2024-11-25,660,3005.07
D04,PW-1031,2024-12-02,741,3174.82
D04,PW-1031,2024-12-09,639,2714.01
D04,PW-1031,2024-12-16,780,3518.05
D04,PW-1031,2024-12-23,827,3652.21
D04,PW-1031,2024-12-30,687,3081.04
D04,PW-1031,2025-01-06,788,3611.35
D04,PW-1031,2025-01-13,702,3194.52
D04,PW-1031,2025-01-20,725,3115.37
D04,PW-1031,2025-01-27,777,3551.78
D04,PW-1031,2025-02-03,769,3201.46
D04,PW-1031,2025-02-10,768,3420.78
D04,PW-1031,2025-02-17,601,2714.6
D04,PW-1031,2025-02-24,629,2872.16
D04,PW-1031,2025-03-03,591,2484.7
D04,PW-1031,2025-03-10,628,2705.0
D04,PW-1031,2025-03-17,840,3697.63
D04,PW-1031,2025-03-24,752,3127.41
D04,PW-1031,2025-03-31,728,3339.01
D04,PW-1031,2025-04-07,1060,4680.53
D04,PW-1031,2025-04-14,978,4175.78
D04,PW-1031,2025-04-21,649,2916.51
D04,PW-1031,2025-04-28,730,3347.6
D04,PW-1031,2025-05-05,726,3197.96
D04,PW-1031,2025-05-12,850,3852.64
D04,PW-1031,2025-05-19,698,3137.48
D04,PW-1031,2025-05-26,768,3187.78
D04,PW-1031,2025-06-02,909,4080.39
D04,PW-1031,2025-06-09,839,3708.08
D04,PW-1031,2025-06-16,704,3050.0
D04,PW-1031,2025-06-23,870,3626.19
D04,PW-1031,2025-06-30,872,3855.48
D04,PW-1031,2025-07-07,882,3697.27
D04,PW-1031,2025-07-14,689,2982.35
D04,PW-1031,2025-07-21,982,4243.26
D04,PW-1031,2025-07-28,783,3534.24
D04,PW-1031,2025-08-04,706,3136.32
D04,PW-1031,2025-08-11,843,3686.81
D04,PW-1031,2025-08-18,915,3824.58
D04,PW-1031,2025-08-25,899,4052.93
D04,PW-1031,2025-09-01,990,4496.92
D04,PW-1031,2025-09-08,736,3116.17
D04,PW-1031,2025-09-15,630,2791.09
D04,PW-1031,2025-09-22,758,3300.54
D04,PW-1031,2025-09-29,517,2295.4
D04,PW-1031,2025-10-06,692,2990.46
D04,PW-1031,2025-10-13,741,3333.52
D04,PW-1031,2025-10-20,719,3058.54
D04,PW-1031,2025-10-27,831,3530.25
D04,PW-1031,2025-11-03,764,3394.66
D04,PW-1031,2025-11-10,816,3656.62
D04,PW-1031,2025-11-17,794,3379.96
D04,PW-1031,2025-11-24,608,2662.94
D04,PW-1031,2025-12-01,832,3706.51
D04,PW-1031,2025-12-08,701,2984.44
D04,PW-1031,2025-12-15,787,3565.12
D04,PW-1031,2025-12-22,820,3515.53
D04,PW-1031,2025-12-29,682,3101.59
D04,PW-1031,2026-01-05,697,3133.07
D04,PW-1031,2026-01-12,782,3514.51
D04,PW-1031,2026-01-19,730,3313.48
D04,PW-1031,2026-01-26,1025,4586.91
D04,PW-1031,2026-02-02,801,3533.22
D04,PW-1031,2026-02-09,678,2818.55
D04,PW-1031,2026-02-16,1116,5037.86
D04,PW-1031,2026-02-23,870,3705.97
D04,PW-1031,2026-03-02,830,3672.59
D04,PW-1031,2026-03-09,1060,4508.19
D04,PW-1031,2026-03-16,894,4032.35
D04,PW-1031,2026-03-23,852,3747.24
D04,PW-1031,2026-03-30,686,3077.72
D04,PW-1031,2026-04-06,625,2727.35
D04,PW-1031,2026-04-13,1068,4442.34
D04,PW-1031,2026-04-20,938,3959.8
D04,PW-1031,2026-04-27,878,3762.54
D04,PW-1031,2026-05-04,892,4044.03
D04,PW-1031,2026-05-11,960,4408.62
D04,PW-1031,2026-05-18,1014,4263.42
D04,PW-1031,2026-05-25,823,3786.95
D04,PW-1031,2026-06-01,956,4232.39
D04,PW-1031,2026-06-08,1007,4417.68
D04,PW-1031,2026-06-15,864,3833.45
D04,PW-1031,2026-06-22,667,2976.58
D04,PM-1005,2024-01-01,2256,1209.46
D04,PM-1005,2024-01-08,1831,942.88
D04,PM-1005,2024-01-15,2499,1307.92
D04,PM-1005,2024-01-22,2537,1306.4
D04,PM-1005,2024-01-29,2288,1175.27
D04,PM-1005,2024-02-05,1746,884.05
D04,PM-1005,2024-02-12,2592,1401.39
D04,PM-1005,2024-02-19,1977,1019.73
D04,PM-1005,2024-02-26,2025,1011.89
D04,PM-1005,2024-03-04,2323,1194.82
D04,PM-1005,2024-03-11,1909,950.46
D04,PM-1005,2024-03-18,2643,1380.14
D04,PM-1005,2024-03-25,2494,1368.27
D04,PM-1005,2024-04-01,3486,1844.76
D04,PM-1005,2024-04-08,2356,1225.49
D04,PM-1005,2024-04-15,2225,1217.99
D04,PM-1005,2024-04-22,3089,1545.64
D04,PM-1005,2024-04-29,1740,881.88
D04,PM-1005,2024-05-06,2395,1207.96
D04,PM-1005,2024-05-13,2278,1127.37
D04,PM-1005,2024-05-20,2807,1464.82
D04,PM-1005,2024-05-27,3730,1943.78
D04,PM-1005,2024-06-03,2118,1059.35
D04,PM-1005,2024-06-10,2789,1482.81
D04,PM-1005,2024-06-17,2888,1451.15
D04,PM-1005,2024-06-24,2850,1521.11
D04,PM-1005,2024-07-01,2421,1302.08
D04,PM-1005,2024-07-08,2589,1292.6
D04,PM-1005,2024-07-15,2007,1048.62
D04,PM-1005,2024-07-22,3004,1621.33
D04,PM-1005,2024-07-29,1945,1033.06
D04,PM-1005,2024-08-05,1963,991.59
D04,PM-1005,2024-08-12,2159,1184.1
D04,PM-1005,2024-08-19,2050,1043.18
D04,PM-1005,2024-08-26,2362,1214.6
D04,PM-1005,2024-09-02,2091,1150.29
D04,PM-1005,2024-09-09,1906,1014.59
D04,PM-1005,2024-09-16,1818,978.59
D04,PM-1005,2024-09-23,2546,1356.87
D04,PM-1005,2024-09-30,2284,1130.37
D04,PM-1005,2024-10-07,1720,933.63
D04,PM-1005,2024-10-14,2281,1155.44
D04,PM-1005,2024-10-21,1960,974.68
D04,PM-1005,2024-10-28,1611,885.86
D04,PM-1005,2024-11-04,1684,900.98
D04,PM-1005,2024-11-11,2350,1182.84
D04,PM-1005,2024-11-18,2460,1229.71
D04,PM-1005,2024-11-25,2226,1165.86
D04,PM-1005,2024-12-02,1791,932.59
D04,PM-1005,2024-12-09,2158,1157.2
D04,PM-1005,2024-12-16,2152,1174.13
D04,PM-1005,2024-12-23,1376,750.26
D04,PM-1005,2024-12-30,2193,1186.92
D04,PM-1005,2025-01-06,2077,1132.25
D04,PM-1005,2025-01-13,2884,1516.24
D04,PM-1005,2025-01-20,2751,1414.48
D04,PM-1005,2025-01-27,2032,1102.11
D04,PM-1005,2025-02-03,2216,1126.94
D04,PM-1005,2025-02-10,2130,1138.02
D04,PM-1005,2025-02-17,1967,1011.09
D04,PM-1005,2025-02-24,1736,917.18
D04,PM-1005,2025-03-03,1945,1072.92
D04,PM-1005,2025-03-10,2028,1111.23
D04,PM-1005,2025-03-17,2623,1367.49
D04,PM-1005,2025-03-24,2285,1156.9
D04,PM-1005,2025-03-31,2052,1109.51
D04,PM-1005,2025-04-07,2017,1102.44
D04,PM-1005,2025-04-14,2425,1226.88
D04,PM-1005,2025-04-21,2182,1169.34
D04,PM-1005,2025-04-28,1965,1050.01
D04,PM-1005,2025-05-05,2013,1079.81
D04,PM-1005,2025-05-12,3029,1648.12
D04,PM-1005,2025-05-19,2290,1178.64
D04,PM-1005,2025-05-26,2761,1365.38
D04,PM-1005,2025-06-02,1799,977.3
D04,PM-1005,2025-06-09,2801,1507.75
D04,PM-1005,2025-06-16,2634,1419.37
D04,PM-1005,2025-06-23,2675,1364.34
D04,PM-1005,2025-06-30,1836,977.3
D04,PM-1005,2025-07-07,2337,1237.35
D04,PM-1005,2025-07-14,2047,1100.02
D04,PM-1005,2025-07-21,1931,997.05
D04,PM-1005,2025-07-28,1725,915.69
D04,PM-1005,2025-08-04,1932,1034.94
D04,PM-1005,2025-08-11,1895,1010.26
D04,PM-1005,2025-08-18,2512,1265.32
D04,PM-1005,2025-08-25,2021,1070.2
D04,PM-1005,2025-09-01,2142,1176.83
D04,PM-1005,2025-09-08,2600,1293.84
D04,PM-1005,2025-09-15,2174,1138.85
D04,PM-1005,2025-09-22,1913,989.94
D04,PM-1005,2025-09-29,2176,1167.37
D04,PM-1005,2025-10-06,1859,964.93
D04,PM-1005,2025-10-13,1593,873.57
D04,PM-1005,2025-10-20,2175,1175.03
D04,PM-1005,2025-10-27,2250,1164.34
D04,PM-1005,2025-11-03,1970,1053.12
D04,PM-1005,2025-11-10,1979,1015.88
D04,PM-1005,2025-11-17,1885,991.87
D04,PM-1005,2025-11-24,2526,1278.85
D04,PM-1005,2025-12-01,2091,1038.95
D04,PM-1005,2025-12-08,1960,1019.95
D04,PM-1005,2025-12-15,2312,1257.06
D04,PM-1005,2025-12-22,2348,1224.31
D04,PM-1005,2025-12-29,2147,1170.16
D04,PM-1005,2026-01-05,2333,1249.79
D04,PM-1005,2026-01-12,2205,1123.63
D04,PM-1005,2026-01-19,2057,1087.54
D04,PM-1005,2026-01-26,2387,1262.22
D04,PM-1005,2026-02-02,1802,951.37
D04,PM-1005,2026-02-09,1812,984.67
D04,PM-1005,2026-02-16,2273,1229.81
D04,PM-1005,2026-02-23,1924,956.11
D04,PM-1005,2026-03-02,2433,1264.36
D04,PM-1005,2026-03-09,2255,1138.93
D04,PM-1005,2026-03-16,2991,1582.68
D04,PM-1005,2026-03-23,1908,1041.86
D04,PM-1005,2026-03-30,2568,1310.98
D04,PM-1005,2026-04-06,2091,1048.03
D04,PM-1005,2026-04-13,2372,1242.67
D04,PM-1005,2026-04-20,2551,1270.68
D04,PM-1005,2026-04-27,2442,1281.83
D04,PM-1005,2026-05-04,2497,1326.8
D04,PM-1005,2026-05-11,2477,1276.16
D04,PM-1005,2026-05-18,2252,1212.76
D04,PM-1005,2026-05-25,2662,1362.15
D04,PM-1005,2026-06-01,2687,1331.57
D04,PM-1005,2026-06-08,2231,1184.02
D04,PM-1005,2026-06-15,2085,1131.32
D04,PM-1005,2026-06-22,2439,1243.12
D04,PM-1007,2024-01-01,2195,2129.09
D04,PM-1007,2024-01-08,1780,1767.68
D04,PM-1007,2024-01-15,2573,2641.09
D04,PM-1007,2024-01-22,2381,2363.6
D04,PM-1007,2024-01-29,2759,2809.28
D04,PM-1007,2024-02-05,2794,2827.18
D04,PM-1007,2024-02-12,2849,2774.12
D04,PM-1007,2024-02-19,2829,2801.18
D04,PM-1007,2024-02-26,2849,2796.53
D04,PM-1007,2024-03-04,3083,3147.22
D04,PM-1007,2024-03-11,2847,2935.36
D04,PM-1007,2024-03-18,2813,2960.59
D04,PM-1007,2024-03-25,2681,2829.55
D04,PM-1007,2024-04-01,2884,2882.29
D04,PM-1007,2024-04-08,3025,3060.92
D04,PM-1007,2024-04-15,3036,3005.89
D04,PM-1007,2024-04-22,2765,2765.93
D04,PM-1007,2024-04-29,3931,3989.87
D04,PM-1007,2024-05-06,3618,3578.08
D04,PM-1007,2024-05-13,2555,2516.58
D04,PM-1007,2024-05-20,2896,3037.29
D04,PM-1007,2024-05-27,3702,3772.41
D04,PM-1007,2024-06-03,2550,2623.38
D04,PM-1007,2024-06-10,2421,2361.96
D04,PM-1007,2024-06-17,4350,4331.15
D04,PM-1007,2024-06-24,2703,2692.22
D04,PM-1007,2024-07-01,2142,2228.52
D04,PM-1007,2024-07-08,2553,2508.99
D04,PM-1007,2024-07-15,2696,2845.94
D04,PM-1007,2024-07-22,3228,3191.75
D04,PM-1007,2024-07-29,2855,2849.65
D04,PM-1007,2024-08-05,2282,2445.92
D04,PM-1007,2024-08-12,1801,1762.76
D04,PM-1007,2024-08-19,2985,2916.3
D04,PM-1007,2024-08-26,2774,2959.2
D04,PM-1007,2024-09-02,3263,3289.89
D04,PM-1007,2024-09-09,2452,2534.5
D04,PM-1007,2024-09-16,2564,2710.48
D04,PM-1007,2024-09-23,2439,2404.25
D04,PM-1007,2024-09-30,2389,2485.81
D04,PM-1007,2024-10-07,2749,2956.04
D04,PM-1007,2024-10-14,2403,2381.19
D04,PM-1007,2024-10-21,1983,2011.27
D04,PM-1007,2024-10-28,3086,3308.2
D04,PM-1007,2024-11-04,2603,2793.24
D04,PM-1007,2024-11-11,2765,2781.4
D04,PM-1007,2024-11-18,3036,3214.14
D04,PM-1007,2024-11-25,2410,2541.54
D04,PM-1007,2024-12-02,2407,2438.94
D04,PM-1007,2024-12-09,2109,2259.9
D04,PM-1007,2024-12-16,2822,2952.12
D04,PM-1007,2024-12-23,1970,1971.69
D04,PM-1007,2024-12-30,2570,2547.95
D04,PM-1007,2025-01-06,2709,2880.35
D04,PM-1007,2025-01-13,2066,2011.66
D04,PM-1007,2025-01-20,3049,3117.7
D04,PM-1007,2025-01-27,1896,1927.12
D04,PM-1007,2025-02-03,2110,2100.11
D04,PM-1007,2025-02-10,2584,2622.25
D04,PM-1007,2025-02-17,2917,2998.88
D04,PM-1007,2025-02-24,2155,2100.37
D04,PM-1007,2025-03-03,2978,3146.03
D04,PM-1007,2025-03-10,3050,3136.55
D04,PM-1007,2025-03-17,2567,2703.94
D04,PM-1007,2025-03-24,2804,3020.29
D04,PM-1007,2025-03-31,3306,3326.27
D04,PM-1007,2025-04-07,3518,3666.32
D04,PM-1007,2025-04-14,2610,2587.61
D04,PM-1007,2025-04-21,2507,2641.15
D04,PM-1007,2025-04-28,2792,2717.58
D04,PM-1007,2025-05-05,2445,2411.23
D04,PM-1007,2025-05-12,3485,3627.79
D04,PM-1007,2025-05-19,3120,3221.28
D04,PM-1007,2025-05-26,2906,3060.67
D04,PM-1007,2025-06-02,3444,3539.74
D04,PM-1007,2025-06-09,3272,3387.05
D04,PM-1007,2025-06-16,3370,3489.97
D04,PM-1007,2025-06-23,3160,3137.73
D04,PM-1007,2025-06-30,3586,3609.19
D04,PM-1007,2025-07-07,2352,2388.04
D04,PM-1007,2025-07-14,3110,3174.03
D04,PM-1007,2025-07-21,3619,3560.6
D04,PM-1007,2025-07-28,2709,2720.62
D04,PM-1007,2025-08-04,2589,2779.69
D04,PM-1007,2025-08-11,2648,2587.41
D04,PM-1007,2025-08-18,2775,2924.93
D04,PM-1007,2025-08-25,3234,3420.46
D04,PM-1007,2025-09-01,2726,2719.65
D04,PM-1007,2025-09-08,3197,3102.7
D04,PM-1007,2025-09-15,2873,3098.49
D04,PM-1007,2025-09-22,3046,3062.24
D04,PM-1007,2025-09-29,2641,2851.21
D04,PM-1007,2025-10-06,2505,2651.86
D04,PM-1007,2025-10-13,2110,2257.52
D04,PM-1007,2025-10-20,1774,1865.46
D04,PM-1007,2025-10-27,2391,2392.88
D04,PM-1007,2025-11-03,1725,1718.07
D04,PM-1007,2025-11-10,2472,2411.81
D04,PM-1007,2025-11-17,2756,2812.13
D04,PM-1007,2025-11-24,2497,2527.17
D04,PM-1007,2025-12-01,1625,1617.64
D04,PM-1007,2025-12-08,2329,2423.8
D04,PM-1007,2025-12-15,2686,2654.4
D04,PM-1007,2025-12-22,3001,2953.67
D04,PM-1007,2025-12-29,2691,2756.83
D04,PM-1007,2026-01-05,2497,2611.22
D04,PM-1007,2026-01-12,2695,2872.0
D04,PM-1007,2026-01-19,3334,3398.6
D04,PM-1007,2026-01-26,2557,2557.24
D04,PM-1007,2026-02-02,2054,2102.49
D04,PM-1007,2026-02-09,2413,2461.2
D04,PM-1007,2026-02-16,2336,2297.92
D04,PM-1007,2026-02-23,2215,2219.77
D04,PM-1007,2026-03-02,2393,2351.57
D04,PM-1007,2026-03-09,4067,3990.17
D04,PM-1007,2026-03-16,2329,2455.19
D04,PM-1007,2026-03-23,2540,2600.92
D04,PM-1007,2026-03-30,4201,4424.18
D04,PM-1007,2026-04-06,3035,3056.99
D04,PM-1007,2026-04-13,2956,3071.3
D04,PM-1007,2026-04-20,3064,3266.66
D04,PM-1007,2026-04-27,2926,3039.55
D04,PM-1007,2026-05-04,2667,2618.51
D04,PM-1007,2026-05-11,3015,2924.62
D04,PM-1007,2026-05-18,3131,3144.35
D04,PM-1007,2026-05-25,2243,2297.1
D04,PM-1007,2026-06-01,2703,2753.83
D04,PM-1007,2026-06-08,2245,2184.8
D04,PM-1007,2026-06-15,2529,2549.32
D04,PM-1007,2026-06-22,3125,3067.12
D04,PW-1032,2024-01-01,816,3383.05
D04,PW-1032,2024-01-08,874,3472.47
D04,PW-1032,2024-01-15,802,3316.68
D04,PW-1032,2024-01-22,694,2731.44
D04,PW-1032,2024-01-29,969,3834.42
D04,PW-1032,2024-02-05,1185,4759.69
D04,PW-1032,2024-02-12,792,3203.02
D04,PW-1032,2024-02-19,923,3713.27
D04,PW-1032,2024-02-26,756,2903.94
D04,PW-1032,2024-03-04,966,3668.4
D04,PW-1032,2024-03-11,859,3559.26
D04,PW-1032,2024-03-18,936,3580.67
D04,PW-1032,2024-03-25,1122,4494.88
D04,PW-1032,2024-04-01,1022,4145.59
D04,PW-1032,2024-04-08,971,3822.9
D04,PW-1032,2024-04-15,868,3456.48
D04,PW-1032,2024-04-22,1118,4435.77
D04,PW-1032,2024-04-29,859,3422.19
D04,PW-1032,2024-05-06,1249,5081.23
D04,PW-1032,2024-05-13,1048,4137.7
D04,PW-1032,2024-05-20,888,3624.49
D04,PW-1032,2024-05-27,830,3289.14
D04,PW-1032,2024-06-03,995,3924.94
D04,PW-1032,2024-06-10,993,4122.79
D04,PW-1032,2024-06-17,1123,4491.36
D04,PW-1032,2024-06-24,900,3481.59
D04,PW-1032,2024-07-01,1180,4556.03
D04,PW-1032,2024-07-08,716,2680.27
D04,PW-1032,2024-07-15,1057,3985.14
D04,PW-1032,2024-07-22,933,3520.94
D04,PW-1032,2024-07-29,1050,4342.09
D04,PW-1032,2024-08-05,1233,5081.92
D04,PW-1032,2024-08-12,1172,4397.58
D04,PW-1032,2024-08-19,1069,4037.01
D04,PW-1032,2024-08-26,1232,5081.86
D04,PW-1032,2024-09-02,1230,4853.83
D04,PW-1032,2024-09-09,1251,4746.68
D04,PW-1032,2024-09-16,900,3753.35
D04,PW-1032,2024-09-23,1094,4343.02
D04,PW-1032,2024-09-30,1089,4381.88
D04,PW-1032,2024-10-07,965,3806.34
D04,PW-1032,2024-10-14,1117,4322.79
D04,PW-1032,2024-10-21,956,3690.7
D04,PW-1032,2024-10-28,757,3100.35
D04,PW-1032,2024-11-04,1139,4523.64
D04,PW-1032,2024-11-11,856,3475.85
D04,PW-1032,2024-11-18,719,2693.27
D04,PW-1032,2024-11-25,1508,6154.51
D04,PW-1032,2024-12-02,795,3000.56
D04,PW-1032,2024-12-09,1030,4226.72
D04,PW-1032,2024-12-16,800,3104.84
D04,PW-1032,2024-12-23,883,3576.88
D04,PW-1032,2024-12-30,852,3341.94
D04,PW-1032,2025-01-06,819,3099.19
D04,PW-1032,2025-01-13,1091,4277.13
D04,PW-1032,2025-01-20,1358,5328.22
D04,PW-1032,2025-01-27,976,3700.25
D04,PW-1032,2025-02-03,754,3140.87
D04,PW-1032,2025-02-10,850,3380.4
D04,PW-1032,2025-02-17,887,3400.27
D04,PW-1032,2025-02-24,1032,3874.82
D04,PW-1032,2025-03-03,966,3825.29
D04,PW-1032,2025-03-10,1429,5409.88
D04,PW-1032,2025-03-17,1037,4183.97
D04,PW-1032,2025-03-24,1201,4603.28
D04,PW-1032,2025-03-31,1048,4153.76
D04,PW-1032,2025-04-07,1080,4259.9
D04,PW-1032,2025-04-14,1039,4042.61
D04,PW-1032,2025-04-21,1106,4236.54
D04,PW-1032,2025-04-28,1036,4046.62
D04,PW-1032,2025-05-05,1130,4341.0
D04,PW-1032,2025-05-12,1041,4093.67
D04,PW-1032,2025-05-19,1598,6661.5
D04,PW-1032,2025-05-26,1211,5041.72
D04,PW-1032,2025-06-02,1250,5186.43
D04,PW-1032,2025-06-09,1120,4334.09
D04,PW-1032,2025-06-16,921,3459.76
D04,PW-1032,2025-06-23,939,3790.33
D04,PW-1032,2025-06-30,1119,4478.18
D04,PW-1032,2025-07-07,1111,4424.04
D04,PW-1032,2025-07-14,1212,4738.62
D04,PW-1032,2025-07-21,1171,4736.07
D04,PW-1032,2025-07-28,1056,4408.71
D04,PW-1032,2025-08-04,1677,6785.75
D04,PW-1032,2025-08-11,1180,4765.88
D04,PW-1032,2025-08-18,1041,4221.22
D04,PW-1032,2025-08-25,1043,3989.46
D04,PW-1032,2025-09-01,1220,4922.9
D04,PW-1032,2025-09-08,1051,4112.48
D04,PW-1032,2025-09-15,1244,4877.03
D04,PW-1032,2025-09-22,1056,4103.48
D04,PW-1032,2025-09-29,1001,3906.17
D04,PW-1032,2025-10-06,849,3333.94
D04,PW-1032,2025-10-13,1222,4775.75
D04,PW-1032,2025-10-20,883,3322.63
D04,PW-1032,2025-10-27,1156,4419.6
D04,PW-1032,2025-11-03,940,3802.04
D04,PW-1032,2025-11-10,1166,4490.57
D04,PW-1032,2025-11-17,1239,4861.0
D04,PW-1032,2025-11-24,911,3605.86
D04,PW-1032,2025-12-01,899,3544.14
D04,PW-1032,2025-12-08,1424,5342.37
D04,PW-1032,2025-12-15,1096,4424.47
D04,PW-1032,2025-12-22,1144,4739.75
D04,PW-1032,2025-12-29,842,3211.52
D04,PW-1032,2026-01-05,891,3426.23
D04,PW-1032,2026-01-12,1079,4106.53
D04,PW-1032,2026-01-19,995,4026.39
D04,PW-1032,2026-01-26,914,3541.21
D04,PW-1032,2026-02-02,1119,4310.98
D04,PW-1032,2026-02-09,839,3257.15
D04,PW-1032,2026-02-16,1147,4334.3
D04,PW-1032,2026-02-23,968,3693.97
D04,PW-1032,2026-03-02,1246,4690.73
D04,PW-1032,2026-03-09,1150,4682.1
D04,PW-1032,2026-03-16,1240,4956.41
D04,PW-1032,2026-03-23,1416,5505.28
D04,PW-1032,2026-03-30,1059,4234.08
D04,PW-1032,2026-04-06,1021,4233.67
D04,PW-1032,2026-04-13,1430,5502.47
D04,PW-1032,2026-04-20,1553,6161.81
D04,PW-1032,2026-04-27,1472,5950.25
D04,PW-1032,2026-05-04,862,3444.05
D04,PW-1032,2026-05-11,1347,5098.99
D04,PW-1032,2026-05-18,1075,4040.83
D04,PW-1032,2026-05-25,1421,5814.5
D04,PW-1032,2026-06-01,1200,4727.6
D04,PW-1032,2026-06-08,1187,4699.4
D04,PW-1032,2026-06-15,1179,4881.76
D04,PW-1032,2026-06-22,1142,4383.49
D04,PW-1029,2024-01-01,726,2613.9
D04,PW-1029,2024-01-08,586,2055.43
D04,PW-1029,2024-01-15,479,1614.76
D04,PW-1029,2024-01-22,589,2005.35
D04,PW-1029,2024-01-29,589,2122.69
D04,PW-1029,2024-02-05,586,2135.46
D04,PW-1029,2024-02-12,668,2336.93
D04,PW-1029,2024-02-19,506,1769.01
D04,PW-1029,2024-02-26,664,2227.47
D04,PW-1029,2024-03-04,622,2275.18
D04,PW-1029,2024-03-11,669,2364.14
D04,PW-1029,2024-03-18,780,2796.73
D04,PW-1029,2024-03-25,803,2913.14
D04,PW-1029,2024-04-01,885,3062.44
D04,PW-1029,2024-04-08,529,1814.38
D04,PW-1029,2024-04-15,751,2562.25
D04,PW-1029,2024-04-22,806,2870.89
D04,PW-1029,2024-04-29,663,2433.45
D04,PW-1029,2024-05-06,726,2617.96
D04,PW-1029,2024-05-13,896,3278.63
D04,PW-1029,2024-05-20,716,2652.05
D04,PW-1029,2024-05-27,901,3186.91
D04,PW-1029,2024-06-03,738,2596.6
D04,PW-1029,2024-06-10,798,2726.03
D04,PW-1029,2024-06-17,858,3195.48
D04,PW-1029,2024-06-24,634,2271.37
D04,PW-1029,2024-07-01,796,2837.55
D04,PW-1029,2024-07-08,693,2404.24
D04,PW-1029,2024-07-15,891,3312.1
D04,PW-1029,2024-07-22,707,2395.24
D04,PW-1029,2024-07-29,702,2599.5
D04,PW-1029,2024-08-05,647,2336.5
D04,PW-1029,2024-08-12,724,2548.73
D04,PW-1029,2024-08-19,787,2707.09
D04,PW-1029,2024-08-26,728,2521.69
D04,PW-1029,2024-09-02,997,3513.67
D04,PW-1029,2024-09-09,664,2264.14
D04,PW-1029,2024-09-16,618,2264.2
D04,PW-1029,2024-09-23,686,2295.21
D04,PW-1029,2024-09-30,731,2574.97
D04,PW-1029,2024-10-07,569,2120.02
D04,PW-1029,2024-10-14,833,2969.99
D04,PW-1029,2024-10-21,654,2290.91
D04,PW-1029,2024-10-28,872,3009.07
D04,PW-1029,2024-11-04,822,3057.89
D04,PW-1029,2024-11-11,741,2688.09
D04,PW-1029,2024-11-18,667,2236.67
D04,PW-1029,2024-11-25,574,2085.62
D04,PW-1029,2024-12-02,608,2191.84
D04,PW-1029,2024-12-09,569,1936.79
D04,PW-1029,2024-12-16,567,2078.91
D04,PW-1029,2024-12-23,703,2376.1
D04,PW-1029,2024-12-30,710,2596.8
D04,PW-1029,2025-01-06,539,1817.98
D04,PW-1029,2025-01-13,637,2373.84
D04,PW-1029,2025-01-20,612,2110.8
D04,PW-1029,2025-01-27,867,3204.35
D04,PW-1029,2025-02-03,514,1894.31
D04,PW-1029,2025-02-10,948,3470.67
D04,PW-1029,2025-02-17,784,2780.37
D04,PW-1029,2025-02-24,495,1833.79
D04,PW-1029,2025-03-03,668,2395.22
D04,PW-1029,2025-03-10,795,2760.81
D04,PW-1029,2025-03-17,679,2490.75
D04,PW-1029,2025-03-24,730,2633.5
D04,PW-1029,2025-03-31,1082,3673.68
D04,PW-1029,2025-04-07,729,2517.23
D04,PW-1029,2025-04-14,667,2302.79
D04,PW-1029,2025-04-21,908,3202.73
D04,PW-1029,2025-04-28,646,2350.76
D04,PW-1029,2025-05-05,893,3052.41
D04,PW-1029,2025-05-12,883,3202.7
D04,PW-1029,2025-05-19,1069,3951.95
D04,PW-1029,2025-05-26,869,3117.63
D04,PW-1029,2025-06-02,791,2801.42
D04,PW-1029,2025-06-09,818,2921.6
D04,PW-1029,2025-06-16,1133,4136.93
D04,PW-1029,2025-06-23,830,2937.31
D04,PW-1029,2025-06-30,795,2799.02
D04,PW-1029,2025-07-07,812,3017.12
D04,PW-1029,2025-07-14,878,3069.68
D04,PW-1029,2025-07-21,769,2814.07
D04,PW-1029,2025-07-28,694,2418.33
D04,PW-1029,2025-08-04,728,2520.15
D04,PW-1029,2025-08-11,701,2411.1
D04,PW-1029,2025-08-18,777,2671.73
D04,PW-1029,2025-08-25,720,2464.8
D04,PW-1029,2025-09-01,762,2726.6
D04,PW-1029,2025-09-08,760,2605.72
D04,PW-1029,2025-09-15,802,2806.83
D04,PW-1029,2025-09-22,662,2412.43
D04,PW-1029,2025-09-29,979,3547.85
D04,PW-1029,2025-10-06,908,3102.04
D04,PW-1029,2025-10-13,811,2716.98
D04,PW-1029,2025-10-20,830,3066.25
D04,PW-1029,2025-10-27,623,2305.06
D04,PW-1029,2025-11-03,674,2374.92
D04,PW-1029,2025-11-10,682,2511.75
D04,PW-1029,2025-11-17,590,1982.72
D04,PW-1029,2025-11-24,689,2447.11
D04,PW-1029,2025-12-01,1026,3727.58
D04,PW-1029,2025-12-08,742,2635.49
D04,PW-1029,2025-12-15,921,3191.63
D04,PW-1029,2025-12-22,915,3358.86
D04,PW-1029,2025-12-29,640,2292.75
D04,PW-1029,2026-01-05,746,2685.77
D04,PW-1029,2026-01-12,704,2502.79
D04,PW-1029,2026-01-19,866,3178.27
D04,PW-1029,2026-01-26,816,2864.35
D04,PW-1029,2026-02-02,985,3449.85
D04,PW-1029,2026-02-09,800,2897.78
D04,PW-1029,2026-02-16,887,3083.28
D04,PW-1029,2026-02-23,719,2476.0
D04,PW-1029,2026-03-02,643,2257.54
D04,PW-1029,2026-03-09,896,3101.69
D04,PW-1029,2026-03-16,838,3081.12
D04,PW-1029,2026-03-23,900,3182.78
D04,PW-1029,2026-03-30,1035,3591.41
D04,PW-1029,2026-04-06,889,3237.36
D04,PW-1029,2026-04-13,967,3539.89
D04,PW-1029,2026-04-20,1004,3578.59
D04,PW-1029,2026-04-27,849,2926.0
D04,PW-1029,2026-05-04,799,2858.02
D04,PW-1029,2026-05-11,1184,4133.29
D04,PW-1029,2026-05-18,937,3147.71
D04,PW-1029,2026-05-25,927,3176.76
D04,PW-1029,2026-06-01,769,2644.51
D04,PW-1029,2026-06-08,927,3425.82
D04,PW-1029,2026-06-15,938,3166.62
D04,PW-1029,2026-06-22,777,2790.45
D04,PW-1035,2024-01-01,1095,2067.89
D04,PW-1035,2024-01-08,833,1550.38
D04,PW-1035,2024-01-15,890,1692.06
D04,PW-1035,2024-01-22,992,1724.56
D04,PW-1035,2024-01-29,844,1596.71
D04,PW-1035,2024-02-05,829,1435.95
D04,PW-1035,2024-02-12,1251,2349.92
D04,PW-1035,2024-02-19,1038,1943.23
D04,PW-1035,2024-02-26,1159,2076.48
D04,PW-1035,2024-03-04,1090,2054.31
D04,PW-1035,2024-03-11,971,1823.56
D04,PW-1035,2024-03-18,913,1702.13
D04,PW-1035,2024-03-25,929,1612.49
D04,PW-1035,2024-04-01,916,1652.92
D04,PW-1035,2024-04-08,926,1617.26
D04,PW-1035,2024-04-15,928,1768.26
D04,PW-1035,2024-04-22,1183,2177.38
D04,PW-1035,2024-04-29,919,1645.76
D04,PW-1035,2024-05-06,1318,2357.84
D04,PW-1035,2024-05-13,1205,2171.99
D04,PW-1035,2024-05-20,1197,2274.01
D04,PW-1035,2024-05-27,1127,2065.94
D04,PW-1035,2024-06-03,1161,2138.28
D04,PW-1035,2024-06-10,1026,1953.81
D04,PW-1035,2024-06-17,965,1765.17
D04,PW-1035,2024-06-24,1025,1925.01
D04,PW-1035,2024-07-01,899,1708.2
D04,PW-1035,2024-07-08,1170,2250.82
D04,PW-1035,2024-07-15,938,1636.11
D04,PW-1035,2024-07-22,1197,2110.69
D04,PW-1035,2024-07-29,1196,2204.59
D04,PW-1035,2024-08-05,1117,2031.24
D04,PW-1035,2024-08-12,990,1845.67
D04,PW-1035,2024-08-19,934,1622.44
D04,PW-1035,2024-08-26,944,1644.14
D04,PW-1035,2024-09-02,910,1743.07
D04,PW-1035,2024-09-09,1035,1834.65
D04,PW-1035,2024-09-16,1012,1772.63
D04,PW-1035,2024-09-23,1359,2497.12
D04,PW-1035,2024-09-30,1339,2559.99
D04,PW-1035,2024-10-07,1264,2262.74
D04,PW-1035,2024-10-14,969,1718.59
D04,PW-1035,2024-10-21,803,1421.17
D04,PW-1035,2024-10-28,1015,1894.55
D04,PW-1035,2024-11-04,947,1767.99
D04,PW-1035,2024-11-11,985,1813.7
D04,PW-1035,2024-11-18,1042,1936.5
D04,PW-1035,2024-11-25,1084,2043.0
D04,PW-1035,2024-12-02,747,1438.32
D04,PW-1035,2024-12-09,1186,2188.89
D04,PW-1035,2024-12-16,1130,2083.08
D04,PW-1035,2024-12-23,901,1634.8
D04,PW-1035,2024-12-30,1128,2047.58
D04,PW-1035,2025-01-06,956,1705.63
D04,PW-1035,2025-01-13,1005,1914.64
D04,PW-1035,2025-01-20,986,1736.52
D04,PW-1035,2025-01-27,913,1714.98
D04,PW-1035,2025-02-03,851,1593.36
D04,PW-1035,2025-02-10,1564,3012.94
D04,PW-1035,2025-02-17,1153,2125.85
D04,PW-1035,2025-02-24,1083,2049.74
D04,PW-1035,2025-03-03,1408,2479.76
D04,PW-1035,2025-03-10,843,1483.23
D04,PW-1035,2025-03-17,1058,1939.57
D04,PW-1035,2025-03-24,1012,1818.09
D04,PW-1035,2025-03-31,1042,1902.4
D04,PW-1035,2025-04-07,1139,1987.79
D04,PW-1035,2025-04-14,1072,1871.61
D04,PW-1035,2025-04-21,884,1606.32
D04,PW-1035,2025-04-28,1000,1908.71
D04,PW-1035,2025-05-05,1022,1806.84
D04,PW-1035,2025-05-12,1104,1920.39
D04,PW-1035,2025-05-19,1029,1973.48
D04,PW-1035,2025-05-26,1160,2161.6
D04,PW-1035,2025-06-02,1170,2096.81
D04,PW-1035,2025-06-09,867,1577.98
D04,PW-1035,2025-06-16,1021,1816.74
D04,PW-1035,2025-06-23,1239,2307.38
D04,PW-1035,2025-06-30,1179,2250.73
D04,PW-1035,2025-07-07,919,1729.29
D04,PW-1035,2025-07-14,1346,2419.87
D04,PW-1035,2025-07-21,1301,2403.36
D04,PW-1035,2025-07-28,1677,3052.21
D04,PW-1035,2025-08-04,1532,2892.04
D04,PW-1035,2025-08-11,1028,1932.0
D04,PW-1035,2025-08-18,1138,2091.53
D04,PW-1035,2025-08-25,1157,2086.53
D04,PW-1035,2025-09-01,1384,2638.92
D04,PW-1035,2025-09-08,1086,1927.84
D04,PW-1035,2025-09-15,1376,2449.47
D04,PW-1035,2025-09-22,1164,2158.53
D04,PW-1035,2025-09-29,982,1866.99
D04,PW-1035,2025-10-06,921,1649.64
D04,PW-1035,2025-10-13,1271,2317.15
D04,PW-1035,2025-10-20,1254,2421.78
D04,PW-1035,2025-10-27,1271,2341.48
D04,PW-1035,2025-11-03,729,1311.73
D04,PW-1035,2025-11-10,1049,1960.97
D04,PW-1035,2025-11-17,1287,2368.03
D04,PW-1035,2025-11-24,859,1598.45
D04,PW-1035,2025-12-01,1159,2107.84
D04,PW-1035,2025-12-08,981,1766.49
D04,PW-1035,2025-12-15,927,1622.21
D04,PW-1035,2025-12-22,961,1746.66
D04,PW-1035,2025-12-29,1365,2519.76
D04,PW-1035,2026-01-05,1239,2353.3
D04,PW-1035,2026-01-12,1072,1993.39
D04,PW-1035,2026-01-19,1529,2932.0
D04,PW-1035,2026-01-26,848,1484.82
D04,PW-1035,2026-02-02,1017,1781.92
D04,PW-1035,2026-02-09,1438,2543.43
D04,PW-1035,2026-02-16,1113,2071.9
D04,PW-1035,2026-02-23,1121,2017.52
D04,PW-1035,2026-03-02,1148,2156.44
D04,PW-1035,2026-03-09,1104,1946.15
D04,PW-1035,2026-03-16,1374,2500.11
D04,PW-1035,2026-03-23,1068,1904.14
D04,PW-1035,2026-03-30,1829,3500.59
D04,PW-1035,2026-04-06,998,1743.98
D04,PW-1035,2026-04-13,1606,3093.66
D04,PW-1035,2026-04-20,1423,2519.89
D04,PW-1035,2026-04-27,1144,2142.85
D04,PW-1035,2026-05-04,1326,2541.18
D04,PW-1035,2026-05-11,1458,2668.96
D04,PW-1035,2026-05-18,1418,2552.54
D04,PW-1035,2026-05-25,975,1687.34
D04,PW-1035,2026-06-01,1378,2503.74
D04,PW-1035,2026-06-08,1058,1945.83
D04,PW-1035,2026-06-15,1527,2908.15
D04,PW-1035,2026-06-22,1531,2714.29
D04,SC-1020,2024-01-01,373,4224.81
D04,SC-1020,2024-01-08,345,3989.53
D04,SC-1020,2024-01-15,323,3757.15
D04,SC-1020,2024-01-22,245,2851.69
D04,SC-1020,2024-01-29,417,4647.84
D04,SC-1020,2024-02-05,424,5066.19
D04,SC-1020,2024-02-12,416,5042.62
D04,SC-1020,2024-02-19,448,5331.4
D04,SC-1020,2024-02-26,333,3737.49
D04,SC-1020,2024-03-04,368,4535.55
D04,SC-1020,2024-03-11,366,4080.87
D04,SC-1020,2024-03-18,297,3587.74
D04,SC-1020,2024-03-25,369,4349.9
D04,SC-1020,2024-04-01,419,4985.42
D04,SC-1020,2024-04-08,484,5410.23
D04,SC-1020,2024-04-15,452,5395.11
D04,SC-1020,2024-04-22,385,4741.81
D04,SC-1020,2024-04-29,493,5683.9
D04,SC-1020,2024-05-06,452,5229.78
D04,SC-1020,2024-05-13,341,4070.18
D04,SC-1020,2024-05-20,452,5309.63
D04,SC-1020,2024-05-27,499,5759.03
D04,SC-1020,2024-06-03,483,5622.22
D04,SC-1020,2024-06-10,375,4315.66
D04,SC-1020,2024-06-17,390,4648.11
D04,SC-1020,2024-06-24,614,6924.47
D04,SC-1020,2024-07-01,393,4469.07
D04,SC-1020,2024-07-08,454,5304.11
D04,SC-1020,2024-07-15,308,3497.95
D04,SC-1020,2024-07-22,547,6317.0
D04,SC-1020,2024-07-29,504,5740.34
D04,SC-1020,2024-08-05,578,7085.2
D04,SC-1020,2024-08-12,379,4566.85
D04,SC-1020,2024-08-19,531,5927.59
D04,SC-1020,2024-08-26,376,4438.44
D04,SC-1020,2024-09-02,551,6588.85
D04,SC-1020,2024-09-09,303,3742.68
D04,SC-1020,2024-09-16,505,5829.68
D04,SC-1020,2024-09-23,432,5095.09
D04,SC-1020,2024-09-30,472,5362.68
D04,SC-1020,2024-10-07,462,5151.52
D04,SC-1020,2024-10-14,452,5327.2
D04,SC-1020,2024-10-21,605,7475.83
D04,SC-1020,2024-10-28,552,6508.36
D04,SC-1020,2024-11-04,455,5297.82
D04,SC-1020,2024-11-11,430,4962.91
D04,SC-1020,2024-11-18,521,6102.62
D04,SC-1020,2024-11-25,526,6336.4
D04,SC-1020,2024-12-02,425,4805.09
D04,SC-1020,2024-12-09,423,4831.21
D04,SC-1020,2024-12-16,364,4252.94
D04,SC-1020,2024-12-23,443,5199.18
D04,SC-1020,2024-12-30,440,5222.49
D04,SC-1020,2025-01-06,497,5722.02
D04,SC-1020,2025-01-13,568,6934.51
D04,SC-1020,2025-01-20,526,5840.45
D04,SC-1020,2025-01-27,517,6111.2
D04,SC-1020,2025-02-03,432,4959.57
D04,SC-1020,2025-02-10,425,5073.89
D04,SC-1020,2025-02-17,512,5868.05
D04,SC-1020,2025-02-24,506,5681.38
D04,SC-1020,2025-03-03,521,6449.41
D04,SC-1020,2025-03-10,410,5068.2
D04,SC-1020,2025-03-17,415,4789.2
D04,SC-1020,2025-03-24,451,5085.79
D04,SC-1020,2025-03-31,549,6342.56
D04,SC-1020,2025-04-07,499,5729.35
D04,SC-1020,2025-04-14,634,7675.88
D04,SC-1020,2025-04-21,437,5136.34
D04,SC-1020,2025-04-28,442,4947.29
D04,SC-1020,2025-05-05,501,5682.2
D04,SC-1020,2025-05-12,480,5741.15
D04,SC-1020,2025-05-19,464,5574.34
D04,SC-1020,2025-05-26,534,6553.76
D04,SC-1020,2025-06-02,539,6487.48
D04,SC-1020,2025-06-09,440,5409.17
D04,SC-1020,2025-06-16,487,5622.29
D04,SC-1020,2025-06-23,594,6712.3
D04,SC-1020,2025-06-30,512,6252.22
D04,SC-1020,2025-07-07,358,4261.55
D04,SC-1020,2025-07-14,379,4675.79
D04,SC-1020,2025-07-21,329,3720.15
D04,SC-1020,2025-07-28,509,5754.36
D04,SC-1020,2025-08-04,439,5070.71
D04,SC-1020,2025-08-11,547,6303.07
D04,SC-1020,2025-08-18,378,4260.02
D04,SC-1020,2025-08-25,347,4273.35
D04,SC-1020,2025-09-01,316,3613.8
D04,SC-1020,2025-09-08,379,4625.04
D04,SC-1020,2025-09-15,325,3733.91
D04,SC-1020,2025-09-22,296,3301.68
D04,SC-1020,2025-09-29,410,5001.31
D04,SC-1020,2025-10-06,332,4097.16
D04,SC-1020,2025-10-13,338,3902.09
D04,SC-1020,2025-10-20,331,4025.08
D04,SC-1020,2025-10-27,335,4053.68
D04,SC-1020,2025-11-03,239,2770.55
D04,SC-1020,2025-11-10,258,3075.44
D04,SC-1020,2025-11-17,399,4580.74
D04,SC-1020,2025-11-24,297,3481.53
D04,SC-1020,2025-12-01,315,3610.37
D04,SC-1020,2025-12-08,331,4085.06
D04,SC-1020,2025-12-15,276,3291.06
D04,SC-1020,2025-12-22,247,2827.58
D04,SC-1020,2025-12-29,235,2709.07
D04,SC-1020,2026-01-05,247,2802.01
D04,SC-1020,2026-01-12,258,2938.36
D04,SC-1020,2026-01-19,255,3067.08
D04,SC-1020,2026-01-26,235,2691.58
D04,SC-1020,2026-02-02,327,3873.82
D04,SC-1020,2026-02-09,355,4329.67
D04,SC-1020,2026-02-16,247,2917.98
D04,SC-1020,2026-02-23,220,2600.94
D04,SC-1020,2026-03-02,288,3525.3
D04,SC-1020,2026-03-09,358,4422.67
D04,SC-1020,2026-03-16,234,2812.62
D04,SC-1020,2026-03-23,235,2829.76
D04,SC-1020,2026-03-30,200,2226.98
D04,SC-1020,2026-04-06,296,3361.67
D04,SC-1020,2026-04-13,245,2798.54
D04,SC-1020,2026-04-20,327,3907.17
D04,SC-1020,2026-04-27,321,3971.27
D04,SC-1020,2026-05-04,363,4132.02
D04,SC-1020,2026-05-11,343,4006.95
D04,SC-1020,2026-05-18,230,2670.27
D04,SC-1020,2026-05-25,281,3183.22
D04,SC-1020,2026-06-01,348,4281.71
D04,SC-1020,2026-06-08,239,2857.78
D04,SC-1020,2026-06-15,277,3210.6
D04,SC-1020,2026-06-22,296,3460.19
D04,PM-1003,2024-01-01,3171,1509.85
D04,PM-1003,2024-01-08,2512,1291.51
D04,PM-1003,2024-01-15,2321,1126.46
D04,PM-1003,2024-01-22,2687,1349.12
D04,PM-1003,2024-01-29,2757,1351.7
D04,PM-1003,2024-02-05,2643,1264.78
D04,PM-1003,2024-02-12,2512,1248.66
D04,PM-1003,2024-02-19,2388,1205.0
D04,PM-1003,2024-02-26,3121,1555.96
D04,PM-1003,2024-03-04,2547,1269.07
D04,PM-1003,2024-03-11,3226,1568.41
D04,PM-1003,2024-03-18,2760,1396.33
D04,PM-1003,2024-03-25,2872,1376.92
D04,PM-1003,2024-04-01,2464,1188.1
D04,PM-1003,2024-04-08,3149,1484.62
D04,PM-1003,2024-04-15,2868,1476.5
D04,PM-1003,2024-04-22,2562,1188.32
D04,PM-1003,2024-04-29,2928,1509.36
D04,PM-1003,2024-05-06,2678,1280.79
D04,PM-1003,2024-05-13,2417,1131.87
D04,PM-1003,2024-05-20,3441,1704.5
D04,PM-1003,2024-05-27,2594,1325.19
D04,PM-1003,2024-06-03,3304,1555.71
D04,PM-1003,2024-06-10,4351,2087.86
D04,PM-1003,2024-06-17,2681,1354.74
D04,PM-1003,2024-06-24,3305,1624.87
D04,PM-1003,2024-07-01,2891,1415.35
D04,PM-1003,2024-07-08,3178,1562.57
D04,PM-1003,2024-07-15,2336,1131.81
D04,PM-1003,2024-07-22,3222,1506.3
D04,PM-1003,2024-07-29,3059,1497.19
D04,PM-1003,2024-08-05,4291,2074.86
D04,PM-1003,2024-08-12,2183,1019.52
D04,PM-1003,2024-08-19,2735,1393.81
D04,PM-1003,2024-08-26,3121,1446.72
D04,PM-1003,2024-09-02,3294,1591.33
D04,PM-1003,2024-09-09,2807,1363.07
D04,PM-1003,2024-09-16,3423,1628.95
D04,PM-1003,2024-09-23,2832,1335.37
D04,PM-1003,2024-09-30,2835,1450.08
D04,PM-1003,2024-10-07,2123,1030.21
D04,PM-1003,2024-10-14,2980,1502.87
D04,PM-1003,2024-10-21,3399,1590.04
D04,PM-1003,2024-10-28,2317,1183.89
D04,PM-1003,2024-11-04,2500,1282.67
D04,PM-1003,2024-11-11,2148,1101.05
D04,PM-1003,2024-11-18,2836,1354.76
D04,PM-1003,2024-11-25,2574,1320.94
D04,PM-1003,2024-12-02,2973,1421.26
D04,PM-1003,2024-12-09,2600,1326.46
D04,PM-1003,2024-12-16,2594,1331.95
D04,PM-1003,2024-12-23,2613,1307.45
D04,PM-1003,2024-12-30,2713,1368.55
D04,PM-1003,2025-01-06,2666,1261.57
D04,PM-1003,2025-01-13,2847,1358.81
D04,PM-1003,2025-01-20,3330,1629.29
D04,PM-1003,2025-01-27,3134,1600.34
D04,PM-1003,2025-02-03,3552,1671.66
D04,PM-1003,2025-02-10,2310,1186.82
D04,PM-1003,2025-02-17,2480,1275.16
D04,PM-1003,2025-02-24,3312,1638.44
D04,PM-1003,2025-03-03,2433,1138.71
D04,PM-1003,2025-03-10,3646,1723.98
D04,PM-1003,2025-03-17,2674,1369.65
D04,PM-1003,2025-03-24,2851,1340.49
D04,PM-1003,2025-03-31,2781,1433.51
D04,PM-1003,2025-04-07,2971,1499.86
D04,PM-1003,2025-04-14,3833,1800.53
D04,PM-1003,2025-04-21,3669,1752.86
D04,PM-1003,2025-04-28,4065,1903.4
D04,PM-1003,2025-05-05,4291,2160.86
D04,PM-1003,2025-05-12,2858,1437.52
D04,PM-1003,2025-05-19,2640,1295.4
D04,PM-1003,2025-05-26,3158,1612.85
D04,PM-1003,2025-06-02,3241,1659.94
D04,PM-1003,2025-06-09,2476,1232.81
D04,PM-1003,2025-06-16,3477,1610.94
D04,PM-1003,2025-06-23,2636,1243.36
D04,PM-1003,2025-06-30,2890,1448.21
D04,PM-1003,2025-07-07,3423,1621.98
D04,PM-1003,2025-07-14,3272,1636.51
D04,PM-1003,2025-07-21,3065,1524.66
D04,PM-1003,2025-07-28,3122,1499.33
D04,PM-1003,2025-08-04,3299,1597.92
D04,PM-1003,2025-08-11,2709,1328.18
D04,PM-1003,2025-08-18,3089,1466.18
D04,PM-1003,2025-08-25,2912,1381.21
D04,PM-1003,2025-09-01,2947,1501.83
D04,PM-1003,2025-09-08,3402,1661.05
D04,PM-1003,2025-09-15,2956,1394.5
D04,PM-1003,2025-09-22,3472,1673.83
D04,PM-1003,2025-09-29,2579,1262.96
D04,PM-1003,2025-10-06,2715,1397.81
D04,PM-1003,2025-10-13,2172,1033.5
D04,PM-1003,2025-10-20,2344,1131.52
D04,PM-1003,2025-10-27,2541,1189.94
D04,PM-1003,2025-11-03,2868,1412.7
D04,PM-1003,2025-11-10,2465,1146.77
D04,PM-1003,2025-11-17,2246,1081.22
D04,PM-1003,2025-11-24,2777,1362.97
D04,PM-1003,2025-12-01,2050,968.28
D04,PM-1003,2025-12-08,2060,975.93
D04,PM-1003,2025-12-15,2328,1147.1
D04,PM-1003,2025-12-22,2798,1441.42
D04,PM-1003,2025-12-29,2321,1131.05
D04,PM-1003,2026-01-05,2696,1339.61
D04,PM-1003,2026-01-12,2989,1391.59
D04,PM-1003,2026-01-19,2885,1453.06
D04,PM-1003,2026-01-26,3509,1783.99
D04,PM-1003,2026-02-02,2797,1318.69
D04,PM-1003,2026-02-09,3409,1741.82
D04,PM-1003,2026-02-16,3051,1450.6
D04,PM-1003,2026-02-23,2644,1264.86
D04,PM-1003,2026-03-02,2452,1218.59
D04,PM-1003,2026-03-09,2930,1485.79
D04,PM-1003,2026-03-16,2376,1140.72
D04,PM-1003,2026-03-23,2821,1451.95
D04,PM-1003,2026-03-30,2877,1442.37
D04,PM-1003,2026-04-06,3540,1785.55
D04,PM-1003,2026-04-13,2687,1358.8
D04,PM-1003,2026-04-20,3217,1612.94
D04,PM-1003,2026-04-27,2619,1344.74
D04,PM-1003,2026-05-04,3471,1688.48
D04,PM-1003,2026-05-11,3843,1861.01
D04,PM-1003,2026-05-18,2713,1388.71
D04,PM-1003,2026-05-25,3149,1550.6
D04,PM-1003,2026-06-01,4552,2297.64
D04,PM-1003,2026-06-08,2764,1397.48
D04,PM-1003,2026-06-15,2482,1228.14
D04,PM-1003,2026-06-22,3188,1581.79
D04,IG-1014,2024-01-01,29,1209.48
D04,IG-1014,2024-01-08,29,1248.38
D04,IG-1014,2024-01-15,39,1586.36
D04,IG-1014,2024-01-22,31,1309.74
D04,IG-1014,2024-01-29,37,1611.47
D04,IG-1014,2024-02-05,34,1480.2
D04,IG-1014,2024-02-12,38,1659.95
D04,IG-1014,2024-02-19,36,1465.17
D04,IG-1014,2024-02-26,41,1726.36
D04,IG-1014,2024-03-04,43,1791.76
D04,IG-1014,2024-03-11,34,1375.47
D04,IG-1014,2024-03-18,30,1210.46
D04,IG-1014,2024-03-25,38,1609.43
D04,IG-1014,2024-04-01,36,1605.22
D04,IG-1014,2024-04-08,36,1527.41
D04,IG-1014,2024-04-15,31,1288.52
D04,IG-1014,2024-04-22,38,1664.71
D04,IG-1014,2024-04-29,41,1821.13
D04,IG-1014,2024-05-06,38,1626.63
D04,IG-1014,2024-05-13,41,1687.52
D04,IG-1014,2024-05-20,46,1900.42
D04,IG-1014,2024-05-27,52,2163.01
D04,IG-1014,2024-06-03,53,2222.55
D04,IG-1014,2024-06-10,39,1620.89
D04,IG-1014,2024-06-17,38,1642.61
D04,IG-1014,2024-06-24,35,1500.64
D04,IG-1014,2024-07-01,48,1965.18
D04,IG-1014,2024-07-08,44,1917.73
D04,IG-1014,2024-07-15,53,2306.44
D04,IG-1014,2024-07-22,44,1841.81
D04,IG-1014,2024-07-29,39,1697.69
D04,IG-1014,2024-08-05,42,1828.42
D04,IG-1014,2024-08-12,41,1655.85
D04,IG-1014,2024-08-19,38,1592.14
D04,IG-1014,2024-08-26,42,1873.32
D04,IG-1014,2024-09-02,36,1510.69
D04,IG-1014,2024-09-09,51,2278.6
D04,IG-1014,2024-09-16,32,1346.55
D04,IG-1014,2024-09-23,49,2032.36
D04,IG-1014,2024-09-30,38,1672.1
D04,IG-1014,2024-10-07,26,1083.21
D04,IG-1014,2024-10-14,31,1253.82
D04,IG-1014,2024-10-21,40,1705.67
D04,IG-1014,2024-10-28,37,1509.57
D04,IG-1014,2024-11-04,42,1818.34
D04,IG-1014,2024-11-11,37,1535.36
D04,IG-1014,2024-11-18,43,1917.56
D04,IG-1014,2024-11-25,40,1766.96
D04,IG-1014,2024-12-02,44,1894.47
D04,IG-1014,2024-12-09,45,2008.65
D04,IG-1014,2024-12-16,43,1899.05
D04,IG-1014,2024-12-23,38,1728.89
D04,IG-1014,2024-12-30,50,2231.4
D04,IG-1014,2025-01-06,40,1630.51
D04,IG-1014,2025-01-13,37,1568.19
D04,IG-1014,2025-01-20,39,1605.36
D04,IG-1014,2025-01-27,44,1845.75
D04,IG-1014,2025-02-03,49,1991.2
D04,IG-1014,2025-02-10,47,2109.57
D04,IG-1014,2025-02-17,48,2048.33
D04,IG-1014,2025-02-24,42,1695.35
D04,IG-1014,2025-03-03,52,2180.38
D04,IG-1014,2025-03-10,45,2003.03
D04,IG-1014,2025-03-17,42,1726.92
D04,IG-1014,2025-03-24,35,1505.83
D04,IG-1014,2025-03-31,51,2192.34
D04,IG-1014,2025-04-07,43,1763.99
D04,IG-1014,2025-04-14,41,1737.9
D04,IG-1014,2025-04-21,40,1733.41
D04,IG-1014,2025-04-28,56,2289.11
D04,IG-1014,2025-05-05,51,2116.57
D04,IG-1014,2025-05-12,54,2240.72
D04,IG-1014,2025-05-19,48,2008.81
D04,IG-1014,2025-05-26,51,2229.15
D04,IG-1014,2025-06-02,50,2183.58
D04,IG-1014,2025-06-09,43,1760.34
D04,IG-1014,2025-06-16,57,2502.66
D04,IG-1014,2025-06-23,45,1822.76
D04,IG-1014,2025-06-30,47,2045.54
D04,IG-1014,2025-07-07,41,1797.75
D04,IG-1014,2025-07-14,45,1985.12
D04,IG-1014,2025-07-21,34,1447.91
D04,IG-1014,2025-07-28,42,1811.41
D04,IG-1014,2025-08-04,39,1665.11
D04,IG-1014,2025-08-11,35,1480.8
D04,IG-1014,2025-08-18,35,1583.32
D04,IG-1014,2025-08-25,34,1549.93
D04,IG-1014,2025-09-01,36,1512.47
D04,IG-1014,2025-09-08,40,1684.69
D04,IG-1014,2025-09-15,35,1490.75
D04,IG-1014,2025-09-22,31,1376.2
D04,IG-1014,2025-09-29,30,1289.19
D04,IG-1014,2025-10-06,32,1431.42
D04,IG-1014,2025-10-13,29,1209.11
D04,IG-1014,2025-10-20,23,1041.63
D04,IG-1014,2025-10-27,36,1466.87
D04,IG-1014,2025-11-03,29,1312.81
D04,IG-1014,2025-11-10,29,1159.28
D04,IG-1014,2025-11-17,35,1438.62
D04,IG-1014,2025-11-24,27,1099.9
D04,IG-1014,2025-12-01,30,1332.22
D04,IG-1014,2025-12-08,28,1232.78
D04,IG-1014,2025-12-15,29,1311.39
D04,IG-1014,2025-12-22,25,1043.54
D04,IG-1014,2025-12-29,32,1325.01
D04,IG-1014,2026-01-05,36,1592.93
D04,IG-1014,2026-01-12,24,1061.67
D04,IG-1014,2026-01-19,31,1312.03
D04,IG-1014,2026-01-26,28,1227.31
D04,IG-1014,2026-02-02,29,1167.0
D04,IG-1014,2026-02-09,29,1182.63
D04,IG-1014,2026-02-16,23,941.7
D04,IG-1014,2026-02-23,24,994.91
D04,IG-1014,2026-03-02,26,1169.12
D04,IG-1014,2026-03-09,33,1378.05
D04,IG-1014,2026-03-16,26,1112.87
D04,IG-1014,2026-03-23,29,1232.55
D04,IG-1014,2026-03-30,27,1179.57
D04,IG-1014,2026-04-06,27,1130.34
D04,IG-1014,2026-04-13,28,1182.65
D04,IG-1014,2026-04-20,24,1091.93
D04,IG-1014,2026-04-27,27,1130.26
D04,IG-1014,2026-05-04,26,1054.11
D04,IG-1014,2026-05-11,28,1115.51
D04,IG-1014,2026-05-18,25,1067.14
D04,IG-1014,2026-05-25,37,1596.98
D04,IG-1014,2026-06-01,22,968.97
D04,IG-1014,2026-06-08,22,979.71
D04,IG-1014,2026-06-15,30,1339.31
D04,IG-1014,2026-06-22,32,1358.51
D04,SC-1015,2024-01-01,576,5779.01
D04,SC-1015,2024-01-08,594,6099.4
D04,SC-1015,2024-01-15,395,4095.36
D04,SC-1015,2024-01-22,522,5293.29
D04,SC-1015,2024-01-29,462,4447.17
D04,SC-1015,2024-02-05,342,3469.4
D04,SC-1015,2024-02-12,498,4780.57
D04,SC-1015,2024-02-19,419,4393.63
D04,SC-1015,2024-02-26,473,4668.6
D04,SC-1015,2024-03-04,404,4156.31
D04,SC-1015,2024-03-11,591,6166.27
D04,SC-1015,2024-03-18,431,4239.91
D04,SC-1015,2024-03-25,447,4725.37
D04,SC-1015,2024-04-01,600,6330.19
D04,SC-1015,2024-04-08,533,5669.88
D04,SC-1015,2024-04-15,678,7023.64
D04,SC-1015,2024-04-22,598,6400.5
D04,SC-1015,2024-04-29,624,6510.48
D04,SC-1015,2024-05-06,456,4742.56
D04,SC-1015,2024-05-13,567,5489.35
D04,SC-1015,2024-05-20,713,7135.64
D04,SC-1015,2024-05-27,464,4524.96
D04,SC-1015,2024-06-03,550,5294.71
D04,SC-1015,2024-06-10,543,5802.36
D04,SC-1015,2024-06-17,576,5862.51
D04,SC-1015,2024-06-24,621,6487.28
D04,SC-1015,2024-07-01,566,5922.78
D04,SC-1015,2024-07-08,751,7321.31
D04,SC-1015,2024-07-15,389,3844.81
D04,SC-1015,2024-07-22,369,3784.6
D04,SC-1015,2024-07-29,531,5600.52
D04,SC-1015,2024-08-05,665,6821.84
D04,SC-1015,2024-08-12,534,5258.24
D04,SC-1015,2024-08-19,511,5379.2
D04,SC-1015,2024-08-26,407,3968.47
D04,SC-1015,2024-09-02,514,5473.8
D04,SC-1015,2024-09-09,494,5142.47
D04,SC-1015,2024-09-16,518,5434.54
D04,SC-1015,2024-09-23,517,5389.52
D04,SC-1015,2024-09-30,582,5779.57
D04,SC-1015,2024-10-07,489,4943.97
D04,SC-1015,2024-10-14,457,4656.98
D04,SC-1015,2024-10-21,518,5335.95
D04,SC-1015,2024-10-28,513,5342.21
D04,SC-1015,2024-11-04,427,4429.03
D04,SC-1015,2024-11-11,542,5468.4
D04,SC-1015,2024-11-18,423,4281.51
D04,SC-1015,2024-11-25,565,5923.1
D04,SC-1015,2024-12-02,474,4797.0
D04,SC-1015,2024-12-09,433,4462.95
D04,SC-1015,2024-12-16,782,8046.18
D04,SC-1015,2024-12-23,527,5295.06
D04,SC-1015,2024-12-30,612,5917.74
D04,SC-1015,2025-01-06,520,5177.06
D04,SC-1015,2025-01-13,646,6793.06
D04,SC-1015,2025-01-20,598,6072.36
D04,SC-1015,2025-01-27,520,5404.56
D04,SC-1015,2025-02-03,634,6719.41
D04,SC-1015,2025-02-10,662,6643.92
D04,SC-1015,2025-02-17,527,5546.39
D04,SC-1015,2025-02-24,567,5683.64
D04,SC-1015,2025-03-03,787,8049.25
D04,SC-1015,2025-03-10,601,5950.21
D04,SC-1015,2025-03-17,698,7004.06
D04,SC-1015,2025-03-24,677,7243.11
D04,SC-1015,2025-03-31,713,7360.73
D04,SC-1015,2025-04-07,711,7523.42
D04,SC-1015,2025-04-14,411,4018.87
D04,SC-1015,2025-04-21,578,5684.52
D04,SC-1015,2025-04-28,604,6333.74
D04,SC-1015,2025-05-05,666,6462.76
D04,SC-1015,2025-05-12,563,5429.12
D04,SC-1015,2025-05-19,636,6793.73
D04,SC-1015,2025-05-26,539,5355.0
D04,SC-1015,2025-06-02,483,4662.65
D04,SC-1015,2025-06-09,981,9995.54
D04,SC-1015,2025-06-16,617,6333.84
D04,SC-1015,2025-06-23,797,7959.84
D04,SC-1015,2025-06-30,754,7839.67
D04,SC-1015,2025-07-07,470,4627.01
D04,SC-1015,2025-07-14,622,6354.99
D04,SC-1015,2025-07-21,427,4384.89
D04,SC-1015,2025-07-28,476,4710.27
D04,SC-1015,2025-08-04,520,5360.78
D04,SC-1015,2025-08-11,470,4587.76
D04,SC-1015,2025-08-18,450,4711.11
D04,SC-1015,2025-08-25,338,3369.69
D04,SC-1015,2025-09-01,500,5347.59
D04,SC-1015,2025-09-08,502,5064.64
D04,SC-1015,2025-09-15,400,4259.68
D04,SC-1015,2025-09-22,487,4813.12
D04,SC-1015,2025-09-29,432,4313.46
D04,SC-1015,2025-10-06,483,4997.65
D04,SC-1015,2025-10-13,452,4520.54
D04,SC-1015,2025-10-20,379,3994.56
D04,SC-1015,2025-10-27,534,5427.2
D04,SC-1015,2025-11-03,336,3512.68
D04,SC-1015,2025-11-10,241,2369.71
D04,SC-1015,2025-11-17,253,2473.52
D04,SC-1015,2025-11-24,396,4206.98
D04,SC-1015,2025-12-01,261,2515.35
D04,SC-1015,2025-12-08,331,3335.54
D04,SC-1015,2025-12-15,427,4131.52
D04,SC-1015,2025-12-22,246,2478.05
D04,SC-1015,2025-12-29,344,3375.77
D04,SC-1015,2026-01-05,351,3730.44
D04,SC-1015,2026-01-12,281,2795.65
D04,SC-1015,2026-01-19,367,3847.6
D04,SC-1015,2026-01-26,343,3431.34
D04,SC-1015,2026-02-02,386,3937.51
D04,SC-1015,2026-02-09,350,3681.19
D04,SC-1015,2026-02-16,327,3260.08
D04,SC-1015,2026-02-23,372,3647.62
D04,SC-1015,2026-03-02,427,4476.34
D04,SC-1015,2026-03-09,434,4644.61
D04,SC-1015,2026-03-16,386,4122.27
D04,SC-1015,2026-03-23,399,4216.26
D04,SC-1015,2026-03-30,320,3156.79
D04,SC-1015,2026-04-06,339,3605.94
D04,SC-1015,2026-04-13,377,3865.67
D04,SC-1015,2026-04-20,368,3542.52
D04,SC-1015,2026-04-27,391,4071.39
D04,SC-1015,2026-05-04,445,4640.71
D04,SC-1015,2026-05-11,354,3646.54
D04,SC-1015,2026-05-18,290,2947.89
D04,SC-1015,2026-05-25,317,3185.81
D04,SC-1015,2026-06-01,375,3629.3
D04,SC-1015,2026-06-08,344,3325.0
D04,SC-1015,2026-06-15,302,2916.16
D04,SC-1015,2026-06-22,360,3728.36
D04,LD-1040,2024-01-01,3627,1582.32
D04,LD-1040,2024-01-08,4263,1982.44
D04,LD-1040,2024-01-15,3317,1512.84
D04,LD-1040,2024-01-22,3653,1685.68
D04,LD-1040,2024-01-29,4736,2066.6
D04,LD-1040,2024-02-05,4029,1820.74
D04,LD-1040,2024-02-12,3692,1664.97
D04,LD-1040,2024-02-19,3853,1714.4
D04,LD-1040,2024-02-26,3544,1650.89
D04,LD-1040,2024-03-04,4511,2101.97
D04,LD-1040,2024-03-11,4070,1811.35
D04,LD-1040,2024-03-18,4222,1956.78
D04,LD-1040,2024-03-25,4704,2152.9
D04,LD-1040,2024-04-01,4694,2077.16
D04,LD-1040,2024-04-08,3765,1795.63
D04,LD-1040,2024-04-15,3814,1772.94
D04,LD-1040,2024-04-22,4518,2011.82
D04,LD-1040,2024-04-29,5067,2372.79
D04,LD-1040,2024-05-06,4180,1999.41
D04,LD-1040,2024-05-13,4288,2021.22
D04,LD-1040,2024-05-20,4760,2057.92
D04,LD-1040,2024-05-27,4760,2068.03
D04,LD-1040,2024-06-03,4644,2070.94
D04,LD-1040,2024-06-10,4960,2239.26
D04,LD-1040,2024-06-17,4085,1905.27
D04,LD-1040,2024-06-24,5864,2712.26
D04,LD-1040,2024-07-01,4455,1999.35
D04,LD-1040,2024-07-08,5974,2616.71
D04,LD-1040,2024-07-15,3334,1550.63
D04,LD-1040,2024-07-22,3564,1616.6
D04,LD-1040,2024-07-29,4509,1964.45
D04,LD-1040,2024-08-05,5267,2449.68
D04,LD-1040,2024-08-12,4657,2169.38
D04,LD-1040,2024-08-19,4387,1932.78
D04,LD-1040,2024-08-26,4612,2015.61
D04,LD-1040,2024-09-02,4364,2082.74
D04,LD-1040,2024-09-09,5820,2780.28
D04,LD-1040,2024-09-16,3975,1718.15
D04,LD-1040,2024-09-23,5148,2279.54
D04,LD-1040,2024-09-30,3770,1716.55
D04,LD-1040,2024-10-07,3994,1912.67
D04,LD-1040,2024-10-14,3578,1586.01
D04,LD-1040,2024-10-21,4666,2089.42
D04,LD-1040,2024-10-28,4889,2338.14
D04,LD-1040,2024-11-04,3946,1715.08
D04,LD-1040,2024-11-11,4372,2065.52
D04,LD-1040,2024-11-18,4089,1803.9
D04,LD-1040,2024-11-25,4372,2047.49
D04,LD-1040,2024-12-02,4766,2213.91
D04,LD-1040,2024-12-09,3360,1595.94
D04,LD-1040,2024-12-16,3407,1565.97
D04,LD-1040,2024-12-23,3682,1730.09
D04,LD-1040,2024-12-30,3755,1722.44
D04,LD-1040,2025-01-06,4157,1906.69
D04,LD-1040,2025-01-13,4057,1814.99
D04,LD-1040,2025-01-20,3955,1838.69
D04,LD-1040,2025-01-27,4060,1914.83
D04,LD-1040,2025-02-03,4279,2049.78
D04,LD-1040,2025-02-10,3721,1623.21
D04,LD-1040,2025-02-17,3067,1324.57
D04,LD-1040,2025-02-24,3712,1632.6
D04,LD-1040,2025-03-03,5070,2320.96
D04,LD-1040,2025-03-10,2940,1298.69
D04,LD-1040,2025-03-17,5189,2386.95
D04,LD-1040,2025-03-24,4058,1812.56
D04,LD-1040,2025-03-31,5066,2260.21
D04,LD-1040,2025-04-07,3858,1832.4
D04,LD-1040,2025-04-14,3112,1446.2
D04,LD-1040,2025-04-21,4014,1750.48
D04,LD-1040,2025-04-28,4505,2018.92
D04,LD-1040,2025-05-05,4897,2228.47
D04,LD-1040,2025-05-12,3756,1701.99
D04,LD-1040,2025-05-19,4931,2169.63
D04,LD-1040,2025-05-26,4692,2092.41
D04,LD-1040,2025-06-02,4266,2038.39
D04,LD-1040,2025-06-09,4765,2094.18
D04,LD-1040,2025-06-16,4743,2167.3
D04,LD-1040,2025-06-23,5056,2250.31
D04,LD-1040,2025-06-30,4802,2075.14
D04,LD-1040,2025-07-07,4717,2255.37
D04,LD-1040,2025-07-14,6217,2740.0
D04,LD-1040,2025-07-21,3432,1577.74
D04,LD-1040,2025-07-28,3755,1635.66
D04,LD-1040,2025-08-04,5338,2383.17
D04,LD-1040,2025-08-11,3609,1725.93
D04,LD-1040,2025-08-18,5100,2407.5
D04,LD-1040,2025-08-25,4636,2104.44
D04,LD-1040,2025-09-01,3598,1623.47
D04,LD-1040,2025-09-08,5030,2200.51
D04,LD-1040,2025-09-15,5132,2417.51
D04,LD-1040,2025-09-22,4273,1973.75
D04,LD-1040,2025-09-29,4151,1792.1
D04,LD-1040,2025-10-06,5071,2337.2
D04,LD-1040,2025-10-13,3208,1433.34
D04,LD-1040,2025-10-20,4557,2156.52
D04,LD-1040,2025-10-27,3283,1425.14
D04,LD-1040,2025-11-03,4419,1989.93
D04,LD-1040,2025-11-10,3951,1846.9
D04,LD-1040,2025-11-17,3991,1854.66
D04,LD-1040,2025-11-24,5119,2418.75
D04,LD-1040,2025-12-01,3156,1462.71
D04,LD-1040,2025-12-08,4443,2007.85
D04,LD-1040,2025-12-15,3949,1773.24
D04,LD-1040,2025-12-22,4059,1888.45
D04,LD-1040,2025-12-29,4562,2021.5
D04,LD-1040,2026-01-05,4547,2092.72
D04,LD-1040,2026-01-12,4447,2132.78
D04,LD-1040,2026-01-19,3577,1597.67
D04,LD-1040,2026-01-26,4504,1947.23
D04,LD-1040,2026-02-02,4639,2128.84
D04,LD-1040,2026-02-09,4502,1958.49
D04,LD-1040,2026-02-16,4631,2219.72
D04,LD-1040,2026-02-23,4315,1945.22
D04,LD-1040,2026-03-02,3607,1585.03
D04,LD-1040,2026-03-09,4080,1951.33
D04,LD-1040,2026-03-16,4081,1894.48
D04,LD-1040,2026-03-23,4438,2123.13
D04,LD-1040,2026-03-30,4200,1843.18
D04,LD-1040,2026-04-06,5896,2738.85
D04,LD-1040,2026-04-13,4853,2316.49
D04,LD-1040,2026-04-20,4526,1969.05
D04,LD-1040,2026-04-27,4795,2123.34
D04,LD-1040,2026-05-04,4925,2195.6
D04,LD-1040,2026-05-11,6430,2788.53
D04,LD-1040,2026-05-18,4987,2164.01
D04,LD-1040,2026-05-25,4399,2093.37
D04,LD-1040,2026-06-01,4014,1887.53
D04,LD-1040,2026-06-08,4847,2140.88
D04,LD-1040,2026-06-15,6367,2809.41
D04,LD-1040,2026-06-22,4565,2058.09
D04,LD-1042,2024-01-01,2314,1340.83
D04,LD-1042,2024-01-08,1373,818.9
D04,LD-1042,2024-01-15,1926,1123.99
D04,LD-1042,2024-01-22,1624,1003.91
D04,LD-1042,2024-01-29,1450,866.66
D04,LD-1042,2024-02-05,1537,942.91
D04,LD-1042,2024-02-12,2144,1275.01
D04,LD-1042,2024-02-19,1815,1096.54
D04,LD-1042,2024-02-26,1722,1062.61
D04,LD-1042,2024-03-04,1399,782.58
D04,LD-1042,2024-03-11,1943,1103.59
D04,LD-1042,2024-03-18,2124,1293.09
D04,LD-1042,2024-03-25,1908,1100.8
D04,LD-1042,2024-04-01,1550,887.39
D04,LD-1042,2024-04-08,2008,1165.64
D04,LD-1042,2024-04-15,2472,1529.24
D04,LD-1042,2024-04-22,1839,1094.44
D04,LD-1042,2024-04-29,2215,1261.29
D04,LD-1042,2024-05-06,1844,1138.98
D04,LD-1042,2024-05-13,1865,1062.97
D04,LD-1042,2024-05-20,1983,1177.66
D04,LD-1042,2024-05-27,1826,1058.66
D04,LD-1042,2024-06-03,1803,1115.11
D04,LD-1042,2024-06-10,1938,1142.44
D04,LD-1042,2024-06-17,2232,1290.44
D04,LD-1042,2024-06-24,1952,1102.18
D04,LD-1042,2024-07-01,1913,1094.63
D04,LD-1042,2024-07-08,1973,1156.71
D04,LD-1042,2024-07-15,2419,1404.04
D04,LD-1042,2024-07-22,1636,1016.26
D04,LD-1042,2024-07-29,2084,1200.98
D04,LD-1042,2024-08-05,2122,1294.61
D04,LD-1042,2024-08-12,1811,1037.6
D04,LD-1042,2024-08-19,2212,1300.52
D04,LD-1042,2024-08-26,2099,1298.65
D04,LD-1042,2024-09-02,2048,1215.18
D04,LD-1042,2024-09-09,1478,828.09
D04,LD-1042,2024-09-16,1635,941.39
D04,LD-1042,2024-09-23,1588,990.09
D04,LD-1042,2024-09-30,1938,1147.4
D04,LD-1042,2024-10-07,1972,1116.45
D04,LD-1042,2024-10-14,1644,1016.54
D04,LD-1042,2024-10-21,1632,952.75
D04,LD-1042,2024-10-28,2347,1459.95
D04,LD-1042,2024-11-04,1723,1022.37
D04,LD-1042,2024-11-11,1781,1101.12
D04,LD-1042,2024-11-18,1598,969.34
D04,LD-1042,2024-11-25,2015,1140.26
D04,LD-1042,2024-12-02,1753,984.91
D04,LD-1042,2024-12-09,1692,953.72
D04,LD-1042,2024-12-16,1704,990.0
D04,LD-1042,2024-12-23,1551,868.94
D04,LD-1042,2024-12-30,1437,879.38
D04,LD-1042,2025-01-06,1665,964.86
D04,LD-1042,2025-01-13,2110,1187.9
D04,LD-1042,2025-01-20,1611,976.65
D04,LD-1042,2025-01-27,1985,1232.51
D04,LD-1042,2025-02-03,1611,917.84
D04,LD-1042,2025-02-10,1300,791.28
D04,LD-1042,2025-02-17,1607,919.41
D04,LD-1042,2025-02-24,1376,846.4
D04,LD-1042,2025-03-03,1983,1190.27
D04,LD-1042,2025-03-10,1359,810.59
D04,LD-1042,2025-03-17,1829,1075.64
D04,LD-1042,2025-03-24,1629,957.08
D04,LD-1042,2025-03-31,1676,1029.21
D04,LD-1042,2025-04-07,2114,1237.2
D04,LD-1042,2025-04-14,1838,1106.22
D04,LD-1042,2025-04-21,1876,1067.02
D04,LD-1042,2025-04-28,1870,1112.72
D04,LD-1042,2025-05-05,1797,1090.38
D04,LD-1042,2025-05-12,1700,976.96
D04,LD-1042,2025-05-19,1498,931.2
D04,LD-1042,2025-05-26,2042,1190.85
D04,LD-1042,2025-06-02,2021,1182.09
D04,LD-1042,2025-06-09,2294,1380.7
D04,LD-1042,2025-06-16,2052,1234.37
D04,LD-1042,2025-06-23,1803,1055.78
D04,LD-1042,2025-06-30,1878,1052.64
D04,LD-1042,2025-07-07,2088,1296.27
D04,LD-1042,2025-07-14,2250,1376.13
D04,LD-1042,2025-07-21,1786,1071.69
D04,LD-1042,2025-07-28,2225,1289.95
D04,LD-1042,2025-08-04,1850,1063.52
D04,LD-1042,2025-08-11,1681,991.27
D04,LD-1042,2025-08-18,1672,1034.19
D04,LD-1042,2025-08-25,1747,1020.36
D04,LD-1042,2025-09-01,1804,1103.25
D04,LD-1042,2025-09-08,2126,1193.75
D04,LD-1042,2025-09-15,2352,1380.69
D04,LD-1042,2025-09-22,1700,961.29
D04,LD-1042,2025-09-29,1413,836.09
D04,LD-1042,2025-10-06,1577,976.21
D04,LD-1042,2025-10-13,1633,1003.68
D04,LD-1042,2025-10-20,1767,1048.05
D04,LD-1042,2025-10-27,1285,782.31
D04,LD-1042,2025-11-03,1959,1179.59
D04,LD-1042,2025-11-10,1453,826.72
D04,LD-1042,2025-11-17,1734,1002.66
D04,LD-1042,2025-11-24,1621,916.39
D04,LD-1042,2025-12-01,1490,910.74
D04,LD-1042,2025-12-08,2013,1139.72
D04,LD-1042,2025-12-15,1540,891.01
D04,LD-1042,2025-12-22,1430,871.99
D04,LD-1042,2025-12-29,1793,1036.47
D04,LD-1042,2026-01-05,1897,1116.73
D04,LD-1042,2026-01-12,1623,936.89
D04,LD-1042,2026-01-19,1729,985.2
D04,LD-1042,2026-01-26,1958,1208.3
D04,LD-1042,2026-02-02,1655,993.88
D04,LD-1042,2026-02-09,1661,937.26
D04,LD-1042,2026-02-16,1957,1128.89
D04,LD-1042,2026-02-23,1717,1050.59
D04,LD-1042,2026-03-02,1578,950.12
D04,LD-1042,2026-03-09,1789,1006.79
D04,LD-1042,2026-03-16,1564,971.94
D04,LD-1042,2026-03-23,1806,1025.76
D04,LD-1042,2026-03-30,2128,1288.01
D04,LD-1042,2026-04-06,1546,912.06
D04,LD-1042,2026-04-13,1859,1126.59
D04,LD-1042,2026-04-20,2061,1233.6
D04,LD-1042,2026-04-27,1880,1165.08
D04,LD-1042,2026-05-04,2351,1359.18
D04,LD-1042,2026-05-11,1933,1120.34
D04,LD-1042,2026-05-18,2040,1192.34
D04,LD-1042,2026-05-25,2374,1431.21
D04,LD-1042,2026-06-01,2088,1208.71
D04,LD-1042,2026-06-08,1928,1121.05
D04,LD-1042,2026-06-15,1811,1083.05
D04,LD-1042,2026-06-22,1885,1106.38
D04,IG-1008,2024-01-01,44,1903.93
D04,IG-1008,2024-01-08,32,1311.36
D04,IG-1008,2024-01-15,45,1816.17
D04,IG-1008,2024-01-22,36,1446.47
D04,IG-1008,2024-01-29,29,1241.66
D04,IG-1008,2024-02-05,35,1457.83
D04,IG-1008,2024-02-12,32,1306.36
D04,IG-1008,2024-02-19,42,1712.99
D04,IG-1008,2024-02-26,34,1353.42
D04,IG-1008,2024-03-04,38,1512.58
D04,IG-1008,2024-03-11,43,1695.2
D04,IG-1008,2024-03-18,35,1365.73
D04,IG-1008,2024-03-25,52,2247.09
D04,IG-1008,2024-04-01,44,1755.53
D04,IG-1008,2024-04-08,44,1741.82
D04,IG-1008,2024-04-15,35,1376.33
D04,IG-1008,2024-04-22,41,1784.87
D04,IG-1008,2024-04-29,43,1806.56
D04,IG-1008,2024-05-06,37,1592.4
D04,IG-1008,2024-05-13,52,2123.54
D04,IG-1008,2024-05-20,46,2002.57
D04,IG-1008,2024-05-27,40,1726.69
D04,IG-1008,2024-06-03,44,1872.82
D04,IG-1008,2024-06-10,47,1925.77
D04,IG-1008,2024-06-17,63,2591.47
D04,IG-1008,2024-06-24,49,1999.12
D04,IG-1008,2024-07-01,41,1706.54
D04,IG-1008,2024-07-08,42,1735.46
D04,IG-1008,2024-07-15,44,1775.04
D04,IG-1008,2024-07-22,51,2176.32
D04,IG-1008,2024-07-29,49,1950.98
D04,IG-1008,2024-08-05,49,1948.41
D04,IG-1008,2024-08-12,45,1893.07
D04,IG-1008,2024-08-19,36,1534.53
D04,IG-1008,2024-08-26,49,2031.88
D04,IG-1008,2024-09-02,40,1702.6
D04,IG-1008,2024-09-09,49,2022.52
D04,IG-1008,2024-09-16,37,1625.26
D04,IG-1008,2024-09-23,44,1864.62
D04,IG-1008,2024-09-30,49,2096.3
D04,IG-1008,2024-10-07,59,2545.39
D04,IG-1008,2024-10-14,40,1739.51
D04,IG-1008,2024-10-21,54,2340.94
D04,IG-1008,2024-10-28,50,2107.29
D04,IG-1008,2024-11-04,41,1638.98
D04,IG-1008,2024-11-11,43,1828.0
D04,IG-1008,2024-11-18,40,1635.46
D04,IG-1008,2024-11-25,39,1544.49
D04,IG-1008,2024-12-02,35,1378.72
D04,IG-1008,2024-12-09,37,1469.62
D04,IG-1008,2024-12-16,30,1234.98
D04,IG-1008,2024-12-23,45,1809.63
D04,IG-1008,2024-12-30,55,2214.92
D04,IG-1008,2025-01-06,46,2018.01
D04,IG-1008,2025-01-13,45,1951.51
D04,IG-1008,2025-01-20,41,1650.09
D04,IG-1008,2025-01-27,61,2666.49
D04,IG-1008,2025-02-03,54,2330.72
D04,IG-1008,2025-02-10,39,1633.16
D04,IG-1008,2025-02-17,65,2588.5
D04,IG-1008,2025-02-24,60,2623.54
D04,IG-1008,2025-03-03,42,1647.58
D04,IG-1008,2025-03-10,56,2423.72
D04,IG-1008,2025-03-17,49,2061.35
D04,IG-1008,2025-03-24,38,1547.73
D04,IG-1008,2025-03-31,45,1903.39
D04,IG-1008,2025-04-07,58,2470.82
D04,IG-1008,2025-04-14,58,2410.41
D04,IG-1008,2025-04-21,80,3308.31
D04,IG-1008,2025-04-28,55,2368.67
D04,IG-1008,2025-05-05,41,1715.24
D04,IG-1008,2025-05-12,47,2026.65
D04,IG-1008,2025-05-19,51,2123.82
D04,IG-1008,2025-05-26,53,2094.96
D04,IG-1008,2025-06-02,53,2093.74
D04,IG-1008,2025-06-09,58,2493.82
D04,IG-1008,2025-06-16,70,3004.97
D04,IG-1008,2025-06-23,59,2383.4
D04,IG-1008,2025-06-30,42,1746.8
D04,IG-1008,2025-07-07,45,1852.35
D04,IG-1008,2025-07-14,32,1275.91
D04,IG-1008,2025-07-21,37,1482.88
D04,IG-1008,2025-07-28,53,2298.15
D04,IG-1008,2025-08-04,29,1177.17
D04,IG-1008,2025-08-11,53,2148.17
D04,IG-1008,2025-08-18,42,1701.71
D04,IG-1008,2025-08-25,40,1583.86
D04,IG-1008,2025-09-01,31,1241.12
D04,IG-1008,2025-09-08,37,1471.99
D04,IG-1008,2025-09-15,34,1460.03
D04,IG-1008,2025-09-22,31,1261.84
D04,IG-1008,2025-09-29,34,1438.65
D04,IG-1008,2025-10-06,49,1942.26
D04,IG-1008,2025-10-13,38,1664.48
D04,IG-1008,2025-10-20,32,1283.49
D04,IG-1008,2025-10-27,35,1475.3
D04,IG-1008,2025-11-03,30,1204.42
D04,IG-1008,2025-11-10,35,1445.44
D04,IG-1008,2025-11-17,26,1115.9
D04,IG-1008,2025-11-24,35,1483.58
D04,IG-1008,2025-12-01,25,1027.43
D04,IG-1008,2025-12-08,29,1221.91
D04,IG-1008,2025-12-15,36,1553.06
D04,IG-1008,2025-12-22,40,1576.03
D04,IG-1008,2025-12-29,21,847.92
D04,IG-1008,2026-01-05,25,1009.55
D04,IG-1008,2026-01-12,30,1264.69
D04,IG-1008,2026-01-19,33,1399.83
D04,IG-1008,2026-01-26,27,1068.58
D04,IG-1008,2026-02-02,30,1259.75
D04,IG-1008,2026-02-09,30,1241.91
D04,IG-1008,2026-02-16,29,1245.36
D04,IG-1008,2026-02-23,30,1251.41
D04,IG-1008,2026-03-02,30,1301.48
D04,IG-1008,2026-03-09,38,1579.21
D04,IG-1008,2026-03-16,29,1209.53
D04,IG-1008,2026-03-23,36,1507.55
D04,IG-1008,2026-03-30,30,1218.58
D04,IG-1008,2026-04-06,27,1106.62
D04,IG-1008,2026-04-13,29,1249.4
D04,IG-1008,2026-04-20,23,975.3
D04,IG-1008,2026-04-27,26,1052.62
D04,IG-1008,2026-05-04,27,1086.52
D04,IG-1008,2026-05-11,31,1308.08
D04,IG-1008,2026-05-18,39,1676.17
D04,IG-1008,2026-05-25,29,1198.29
D04,IG-1008,2026-06-01,26,1124.89
D04,IG-1008,2026-06-08,35,1453.7
D04,IG-1008,2026-06-15,32,1302.52
D04,IG-1008,2026-06-22,37,1464.11
D04,PW-1030,2024-01-01,428,922.4
D04,PW-1030,2024-01-08,362,786.15
D04,PW-1030,2024-01-15,471,1008.73
D04,PW-1030,2024-01-22,702,1588.45
D04,PW-1030,2024-01-29,373,874.68
D04,PW-1030,2024-02-05,567,1333.86
D04,PW-1030,2024-02-12,485,1060.47
D04,PW-1030,2024-02-19,458,993.58
D04,PW-1030,2024-02-26,454,1020.19
D04,PW-1030,2024-03-04,528,1137.37
D04,PW-1030,2024-03-11,505,1183.68
D04,PW-1030,2024-03-18,583,1321.16
D04,PW-1030,2024-03-25,751,1648.08
D04,PW-1030,2024-04-01,564,1337.29
D04,PW-1030,2024-04-08,502,1077.89
D04,PW-1030,2024-04-15,589,1376.75
D04,PW-1030,2024-04-22,509,1105.22
D04,PW-1030,2024-04-29,528,1252.31
D04,PW-1030,2024-05-06,514,1227.29
D04,PW-1030,2024-05-13,662,1514.94
D04,PW-1030,2024-05-20,657,1432.16
D04,PW-1030,2024-05-27,564,1286.07
D04,PW-1030,2024-06-03,467,1103.16
D04,PW-1030,2024-06-10,510,1203.02
D04,PW-1030,2024-06-17,580,1299.57
D04,PW-1030,2024-06-24,696,1525.58
D04,PW-1030,2024-07-01,370,838.98
D04,PW-1030,2024-07-08,604,1302.0
D04,PW-1030,2024-07-15,642,1413.39
D04,PW-1030,2024-07-22,642,1463.01
D04,PW-1030,2024-07-29,641,1386.91
D04,PW-1030,2024-08-05,671,1492.64
D04,PW-1030,2024-08-12,550,1204.15
D04,PW-1030,2024-08-19,632,1449.86
D04,PW-1030,2024-08-26,425,939.22
D04,PW-1030,2024-09-02,521,1205.99
D04,PW-1030,2024-09-09,582,1348.61
D04,PW-1030,2024-09-16,509,1115.73
D04,PW-1030,2024-09-23,467,1037.02
D04,PW-1030,2024-09-30,490,1118.63
D04,PW-1030,2024-10-07,592,1296.09
D04,PW-1030,2024-10-14,523,1125.94
D04,PW-1030,2024-10-21,526,1131.99
D04,PW-1030,2024-10-28,557,1308.64
D04,PW-1030,2024-11-04,545,1201.68
D04,PW-1030,2024-11-11,650,1433.71
D04,PW-1030,2024-11-18,621,1464.86
D04,PW-1030,2024-11-25,554,1198.94
D04,PW-1030,2024-12-02,498,1110.16
D04,PW-1030,2024-12-09,638,1477.43
D04,PW-1030,2024-12-16,672,1513.38
D04,PW-1030,2024-12-23,416,934.04
D04,PW-1030,2024-12-30,520,1224.04
D04,PW-1030,2025-01-06,515,1164.4
D04,PW-1030,2025-01-13,462,1088.39
D04,PW-1030,2025-01-20,500,1131.11
D04,PW-1030,2025-01-27,513,1119.03
D04,PW-1030,2025-02-03,644,1400.19
D04,PW-1030,2025-02-10,450,1042.44
D04,PW-1030,2025-02-17,581,1254.14
D04,PW-1030,2025-02-24,504,1155.55
D04,PW-1030,2025-03-03,689,1573.27
D04,PW-1030,2025-03-10,589,1402.57
D04,PW-1030,2025-03-17,675,1601.04
D04,PW-1030,2025-03-24,601,1397.61
D04,PW-1030,2025-03-31,470,1008.21
D04,PW-1030,2025-04-07,559,1304.9
D04,PW-1030,2025-04-14,791,1768.6
D04,PW-1030,2025-04-21,672,1495.65
D04,PW-1030,2025-04-28,840,1965.03
D04,PW-1030,2025-05-05,789,1813.96
D04,PW-1030,2025-05-12,575,1268.78
D04,PW-1030,2025-05-19,520,1212.94
D04,PW-1030,2025-05-26,752,1785.66
D04,PW-1030,2025-06-02,746,1777.19
D04,PW-1030,2025-06-09,643,1393.76
D04,PW-1030,2025-06-16,514,1101.97
D04,PW-1030,2025-06-23,590,1297.94
D04,PW-1030,2025-06-30,655,1537.42
D04,PW-1030,2025-07-07,716,1651.06
D04,PW-1030,2025-07-14,548,1182.95
D04,PW-1030,2025-07-21,739,1754.07
D04,PW-1030,2025-07-28,710,1568.54
D04,PW-1030,2025-08-04,708,1617.1
D04,PW-1030,2025-08-11,675,1497.68
D04,PW-1030,2025-08-18,447,1022.84
D04,PW-1030,2025-08-25,643,1515.06
D04,PW-1030,2025-09-01,575,1277.89
D04,PW-1030,2025-09-08,659,1411.14
D04,PW-1030,2025-09-15,472,1045.78
D04,PW-1030,2025-09-22,439,1006.26
D04,PW-1030,2025-09-29,645,1403.65
D04,PW-1030,2025-10-06,512,1220.47
D04,PW-1030,2025-10-13,422,1004.81
D04,PW-1030,2025-10-20,493,1124.6
D04,PW-1030,2025-10-27,560,1304.46
D04,PW-1030,2025-11-03,677,1453.77
D04,PW-1030,2025-11-10,573,1251.4
D04,PW-1030,2025-11-17,521,1204.93
D04,PW-1030,2025-11-24,546,1233.58
D04,PW-1030,2025-12-01,635,1382.99
D04,PW-1030,2025-12-08,616,1350.68
D04,PW-1030,2025-12-15,633,1428.52
D04,PW-1030,2025-12-22,742,1614.01
D04,PW-1030,2025-12-29,578,1259.14
D04,PW-1030,2026-01-05,641,1472.39
D04,PW-1030,2026-01-12,421,905.43
D04,PW-1030,2026-01-19,602,1406.13
D04,PW-1030,2026-01-26,482,1058.13
D04,PW-1030,2026-02-02,543,1250.59
D04,PW-1030,2026-02-09,562,1268.38
D04,PW-1030,2026-02-16,609,1372.3
D04,PW-1030,2026-02-23,564,1211.95
D04,PW-1030,2026-03-02,588,1365.69
D04,PW-1030,2026-03-09,694,1566.81
D04,PW-1030,2026-03-16,645,1446.51
D04,PW-1030,2026-03-23,637,1390.88
D04,PW-1030,2026-03-30,650,1473.21
D04,PW-1030,2026-04-06,635,1376.58
D04,PW-1030,2026-04-13,770,1837.7
D04,PW-1030,2026-04-20,660,1450.14
D04,PW-1030,2026-04-27,947,2146.68
D04,PW-1030,2026-05-04,728,1695.1
D04,PW-1030,2026-05-11,765,1722.76
D04,PW-1030,2026-05-18,656,1508.02
D04,PW-1030,2026-05-25,750,1673.12
D04,PW-1030,2026-06-01,807,1834.65
D04,PW-1030,2026-06-08,716,1632.56
D04,PW-1030,2026-06-15,656,1564.08
D04,PW-1030,2026-06-22,819,1901.94
D04,IG-1012,2024-01-01,139,9150.7
D04,IG-1012,2024-01-08,175,11596.69
D04,IG-1012,2024-01-15,124,7938.54
D04,IG-1012,2024-01-22,163,11070.21
D04,IG-1012,2024-01-29,124,8628.7
D04,IG-1012,2024-02-05,124,8060.26
D04,IG-1012,2024-02-12,119,7652.46
D04,IG-1012,2024-02-19,113,7289.58
D04,IG-1012,2024-02-26,159,10965.1
D04,IG-1012,2024-03-04,133,8974.49
D04,IG-1012,2024-03-11,165,10913.78
D04,IG-1012,2024-03-18,204,12900.91
D04,IG-1012,2024-03-25,151,10329.06
D04,IG-1012,2024-04-01,173,11062.5
D04,IG-1012,2024-04-08,193,13396.05
D04,IG-1012,2024-04-15,175,12163.87
D04,IG-1012,2024-04-22,173,12051.67
D04,IG-1012,2024-04-29,133,8706.11
D04,IG-1012,2024-05-06,176,12027.46
D04,IG-1012,2024-05-13,191,12868.26
D04,IG-1012,2024-05-20,230,14873.91
D04,IG-1012,2024-05-27,167,10582.53
D04,IG-1012,2024-06-03,213,14823.48
D04,IG-1012,2024-06-10,163,11334.7
D04,IG-1012,2024-06-17,206,14393.8
D04,IG-1012,2024-06-24,158,10676.84
D04,IG-1012,2024-07-01,183,12058.84
D04,IG-1012,2024-07-08,163,10416.59
D04,IG-1012,2024-07-15,179,11541.82
D04,IG-1012,2024-07-22,179,12344.26
D04,IG-1012,2024-07-29,181,11808.65
D04,IG-1012,2024-08-05,158,10521.6
D04,IG-1012,2024-08-12,176,11267.81
D04,IG-1012,2024-08-19,185,12232.45
D04,IG-1012,2024-08-26,167,10688.13
D04,IG-1012,2024-09-02,153,10751.72
D04,IG-1012,2024-09-09,155,10053.31
D04,IG-1012,2024-09-16,200,12621.75
D04,IG-1012,2024-09-23,171,11189.68
D04,IG-1012,2024-09-30,209,13933.74
D04,IG-1012,2024-10-07,163,10820.92
D04,IG-1012,2024-10-14,164,11567.53
D04,IG-1012,2024-10-21,181,12527.22
D04,IG-1012,2024-10-28,181,12214.75
D04,IG-1012,2024-11-04,203,14299.83
D04,IG-1012,2024-11-11,120,8125.4
D04,IG-1012,2024-11-18,178,12157.39
D04,IG-1012,2024-11-25,141,9527.98
D04,IG-1012,2024-12-02,163,11197.48
D04,IG-1012,2024-12-09,141,9328.7
D04,IG-1012,2024-12-16,173,11349.88
D04,IG-1012,2024-12-23,143,9417.03
D04,IG-1012,2024-12-30,127,8371.47
D04,IG-1012,2025-01-06,143,9424.53
D04,IG-1012,2025-01-13,204,13559.13
D04,IG-1012,2025-01-20,192,12511.14
D04,IG-1012,2025-01-27,212,13646.21
D04,IG-1012,2025-02-03,132,8399.19
D04,IG-1012,2025-02-10,234,15405.52
D04,IG-1012,2025-02-17,260,16480.06
D04,IG-1012,2025-02-24,157,11046.93
D04,IG-1012,2025-03-03,197,12517.77
D04,IG-1012,2025-03-10,172,11021.2
D04,IG-1012,2025-03-17,215,13605.51
D04,IG-1012,2025-03-24,248,17308.07
D04,IG-1012,2025-03-31,169,11772.74
D04,IG-1012,2025-04-07,163,10544.12
D04,IG-1012,2025-04-14,193,12186.42
D04,IG-1012,2025-04-21,350,22837.97
D04,IG-1012,2025-04-28,232,15791.75
D04,IG-1012,2025-05-05,222,15567.59
D04,IG-1012,2025-05-12,243,16149.3
D04,IG-1012,2025-05-19,249,17443.56
D04,IG-1012,2025-05-26,221,14325.8
D04,IG-1012,2025-06-02,210,13827.09
D04,IG-1012,2025-06-09,195,13073.35
D04,IG-1012,2025-06-16,220,14371.31
D04,IG-1012,2025-06-23,253,17252.27
D04,IG-1012,2025-06-30,251,17514.48
D04,IG-1012,2025-07-07,149,10246.04
D04,IG-1012,2025-07-14,157,10543.95
D04,IG-1012,2025-07-21,132,8480.99
D04,IG-1012,2025-07-28,183,12008.23
D04,IG-1012,2025-08-04,166,10747.52
D04,IG-1012,2025-08-11,145,9983.91
D04,IG-1012,2025-08-18,140,9376.28
D04,IG-1012,2025-08-25,127,8079.13
D04,IG-1012,2025-09-01,146,9582.74
D04,IG-1012,2025-09-08,177,12421.28
D04,IG-1012,2025-09-15,124,8427.57
D04,IG-1012,2025-09-22,111,7111.96
D04,IG-1012,2025-09-29,137,9215.41
D04,IG-1012,2025-10-06,158,10952.65
D04,IG-1012,2025-10-13,150,9636.33
D04,IG-1012,2025-10-20,154,9855.38
D04,IG-1012,2025-10-27,117,7399.2
D04,IG-1012,2025-11-03,142,9393.67
D04,IG-1012,2025-11-10,130,8584.18
D04,IG-1012,2025-11-17,117,7906.0
D04,IG-1012,2025-11-24,121,7654.18
D04,IG-1012,2025-12-01,134,8839.39
D04,IG-1012,2025-12-08,128,8670.51
D04,IG-1012,2025-12-15,127,8417.99
D04,IG-1012,2025-12-22,128,8894.26
D04,IG-1012,2025-12-29,109,6911.11
D04,IG-1012,2026-01-05,94,6486.93
D04,IG-1012,2026-01-12,103,7189.41
D04,IG-1012,2026-01-19,131,8716.89
D04,IG-1012,2026-01-26,92,5908.66
D04,IG-1012,2026-02-02,114,7304.2
D04,IG-1012,2026-02-09,117,8133.59
D04,IG-1012,2026-02-16,127,8274.06
D04,IG-1012,2026-02-23,94,6177.56
D04,IG-1012,2026-03-02,81,5667.07
D04,IG-1012,2026-03-09,105,6927.12
D04,IG-1012,2026-03-16,124,8604.88
D04,IG-1012,2026-03-23,141,9166.44
D04,IG-1012,2026-03-30,103,6743.93
D04,IG-1012,2026-04-06,101,6428.27
D04,IG-1012,2026-04-13,118,8004.05
D04,IG-1012,2026-04-20,157,10060.98
D04,IG-1012,2026-04-27,124,8473.8
D04,IG-1012,2026-05-04,126,8821.08
D04,IG-1012,2026-05-11,156,10445.88
D04,IG-1012,2026-05-18,135,8634.71
D04,IG-1012,2026-05-25,120,8401.93
D04,IG-1012,2026-06-01,99,6695.98
D04,IG-1012,2026-06-08,119,7590.4
D04,IG-1012,2026-06-15,131,8825.28
D04,IG-1012,2026-06-22,100,6783.29
D04,SC-1019,2024-01-01,342,3230.08
D04,SC-1019,2024-01-08,276,2577.56
D04,SC-1019,2024-01-15,244,2284.32
D04,SC-1019,2024-01-22,282,2761.52
D04,SC-1019,2024-01-29,369,3547.15
D04,SC-1019,2024-02-05,377,3810.41
D04,SC-1019,2024-02-12,265,2463.09
D04,SC-1019,2024-02-19,267,2661.76
D04,SC-1019,2024-02-26,284,2763.34
D04,SC-1019,2024-03-04,246,2453.62
D04,SC-1019,2024-03-11,304,3080.11
D04,SC-1019,2024-03-18,363,3307.15
D04,SC-1019,2024-03-25,218,2039.92
D04,SC-1019,2024-04-01,343,3376.75
D04,SC-1019,2024-04-08,434,4164.43
D04,SC-1019,2024-04-15,407,3917.9
D04,SC-1019,2024-04-22,381,3491.46
D04,SC-1019,2024-04-29,369,3500.54
D04,SC-1019,2024-05-06,434,4134.15
D04,SC-1019,2024-05-13,398,3669.44
D04,SC-1019,2024-05-20,357,3543.22
D04,SC-1019,2024-05-27,431,3931.38
D04,SC-1019,2024-06-03,307,3094.5
D04,SC-1019,2024-06-10,426,4312.68
D04,SC-1019,2024-06-17,412,4065.08
D04,SC-1019,2024-06-24,391,3725.59
D04,SC-1019,2024-07-01,386,3759.21
D04,SC-1019,2024-07-08,489,4846.14
D04,SC-1019,2024-07-15,447,4311.98
D04,SC-1019,2024-07-22,466,4274.0
D04,SC-1019,2024-07-29,407,3719.32
D04,SC-1019,2024-08-05,447,4486.32
D04,SC-1019,2024-08-12,401,3681.92
D04,SC-1019,2024-08-19,365,3608.6
D04,SC-1019,2024-08-26,418,3953.27
D04,SC-1019,2024-09-02,355,3392.06
D04,SC-1019,2024-09-09,438,4102.85
D04,SC-1019,2024-09-16,304,2929.89
D04,SC-1019,2024-09-23,349,3207.66
D04,SC-1019,2024-09-30,325,3224.16
D04,SC-1019,2024-10-07,508,4854.95
D04,SC-1019,2024-10-14,323,3089.41
D04,SC-1019,2024-10-21,352,3416.17
D04,SC-1019,2024-10-28,259,2525.76
D04,SC-1019,2024-11-04,456,4214.27
D04,SC-1019,2024-11-11,311,3159.94
D04,SC-1019,2024-11-18,440,4167.19
D04,SC-1019,2024-11-25,301,2787.09
D04,SC-1019,2024-12-02,304,2978.48
D04,SC-1019,2024-12-09,400,3858.41
D04,SC-1019,2024-12-16,281,2660.1
D04,SC-1019,2024-12-23,380,3845.92
D04,SC-1019,2024-12-30,320,3065.25
D04,SC-1019,2025-01-06,499,4622.65
D04,SC-1019,2025-01-13,478,4458.1
D04,SC-1019,2025-01-20,445,4402.66
D04,SC-1019,2025-01-27,527,4958.58
D04,SC-1019,2025-02-03,343,3345.44
D04,SC-1019,2025-02-10,428,4268.03
D04,SC-1019,2025-02-17,334,3185.16
D04,SC-1019,2025-02-24,445,4352.7
D04,SC-1019,2025-03-03,416,3797.69
D04,SC-1019,2025-03-10,333,3142.02
D04,SC-1019,2025-03-17,402,3709.46
D04,SC-1019,2025-03-24,417,4040.99
D04,SC-1019,2025-03-31,420,3874.41
D04,SC-1019,2025-04-07,550,5144.01
D04,SC-1019,2025-04-14,362,3448.33
D04,SC-1019,2025-04-21,388,3660.34
D04,SC-1019,2025-04-28,278,2534.61
D04,SC-1019,2025-05-05,484,4786.48
D04,SC-1019,2025-05-12,498,4941.24
D04,SC-1019,2025-05-19,506,4857.16
D04,SC-1019,2025-05-26,444,4087.54
D04,SC-1019,2025-06-02,401,3837.96
D04,SC-1019,2025-06-09,376,3809.48
D04,SC-1019,2025-06-16,491,4786.69
D04,SC-1019,2025-06-23,399,4042.37
D04,SC-1019,2025-06-30,352,3387.17
D04,SC-1019,2025-07-07,401,3694.68
D04,SC-1019,2025-07-14,321,3056.76
D04,SC-1019,2025-07-21,344,3194.89
D04,SC-1019,2025-07-28,199,1810.74
D04,SC-1019,2025-08-04,324,3088.11
D04,SC-1019,2025-08-11,310,2853.67
D04,SC-1019,2025-08-18,417,3881.95
D04,SC-1019,2025-08-25,299,3016.37
D04,SC-1019,2025-09-01,194,1851.76
D04,SC-1019,2025-09-08,290,2647.33
D04,SC-1019,2025-09-15,295,2771.17
D04,SC-1019,2025-09-22,353,3431.0
D04,SC-1019,2025-09-29,283,2723.73
D04,SC-1019,2025-10-06,262,2562.83
D04,SC-1019,2025-10-13,270,2525.39
D04,SC-1019,2025-10-20,423,4271.34
D04,SC-1019,2025-10-27,289,2875.57
D04,SC-1019,2025-11-03,252,2333.88
D04,SC-1019,2025-11-10,305,2929.43
D04,SC-1019,2025-11-17,215,2010.24
D04,SC-1019,2025-11-24,226,2160.65
D04,SC-1019,2025-12-01,231,2310.9
D04,SC-1019,2025-12-08,189,1859.95
D04,SC-1019,2025-12-15,289,2854.41
D04,SC-1019,2025-12-22,217,2159.17
D04,SC-1019,2025-12-29,249,2526.82
D04,SC-1019,2026-01-05,222,2035.38
D04,SC-1019,2026-01-12,256,2597.87
D04,SC-1019,2026-01-19,328,3311.41
D04,SC-1019,2026-01-26,228,2211.41
D04,SC-1019,2026-02-02,224,2253.33
D04,SC-1019,2026-02-09,197,1847.24
D04,SC-1019,2026-02-16,231,2344.02
D04,SC-1019,2026-02-23,178,1662.23
D04,SC-1019,2026-03-02,305,3062.91
D04,SC-1019,2026-03-09,218,2201.35
D04,SC-1019,2026-03-16,208,1938.72
D04,SC-1019,2026-03-23,235,2301.04
D04,SC-1019,2026-03-30,268,2546.63
D04,SC-1019,2026-04-06,232,2251.34
D04,SC-1019,2026-04-13,288,2644.18
D04,SC-1019,2026-04-20,226,2181.42
D04,SC-1019,2026-04-27,215,2083.89
D04,SC-1019,2026-05-04,243,2326.53
D04,SC-1019,2026-05-11,241,2383.18
D04,SC-1019,2026-05-18,287,2786.92
D04,SC-1019,2026-05-25,283,2633.17
D04,SC-1019,2026-06-01,231,2230.49
D04,SC-1019,2026-06-08,193,1847.66
D04,SC-1019,2026-06-15,274,2583.75
D04,SC-1019,2026-06-22,204,2007.11
D05,SC-1021,2024-01-01,260,4069.04
D05,SC-1021,2024-01-08,318,5252.85
D05,SC-1021,2024-01-15,331,5625.66
D05,SC-1021,2024-01-22,287,4756.46
D05,SC-1021,2024-01-29,288,4837.37
D05,SC-1021,2024-02-05,264,4512.32
D05,SC-1021,2024-02-12,317,5419.7
D05,SC-1021,2024-02-19,359,5805.41
D05,SC-1021,2024-02-26,297,4933.15
D05,SC-1021,2024-03-04,390,6088.91
D05,SC-1021,2024-03-11,288,4551.04
D05,SC-1021,2024-03-18,304,5090.85
D05,SC-1021,2024-03-25,339,5842.7
D05,SC-1021,2024-04-01,359,6141.48
D05,SC-1021,2024-04-08,342,5405.4
D05,SC-1021,2024-04-15,374,6278.11
D05,SC-1021,2024-04-22,376,6265.51
D05,SC-1021,2024-04-29,439,6890.05
D05,SC-1021,2024-05-06,375,6226.07
D05,SC-1021,2024-05-13,356,5739.97
D05,SC-1021,2024-05-20,400,6773.79
D05,SC-1021,2024-05-27,290,4783.98
D05,SC-1021,2024-06-03,310,4860.48
D05,SC-1021,2024-06-10,438,7365.3
D05,SC-1021,2024-06-17,354,6058.62
D05,SC-1021,2024-06-24,341,5425.22
D05,SC-1021,2024-07-01,411,6412.07
D05,SC-1021,2024-07-08,378,6023.91
D05,SC-1021,2024-07-15,444,7255.24
D05,SC-1021,2024-07-22,361,6120.87
D05,SC-1021,2024-07-29,463,7393.29
D05,SC-1021,2024-08-05,362,5845.3
D05,SC-1021,2024-08-12,436,7081.05
D05,SC-1021,2024-08-19,383,6167.19
D05,SC-1021,2024-08-26,332,5601.97
D05,SC-1021,2024-09-02,369,5965.08
D05,SC-1021,2024-09-09,377,6362.29
D05,SC-1021,2024-09-16,364,6110.41
D05,SC-1021,2024-09-23,326,5516.22
D05,SC-1021,2024-09-30,452,7566.79
D05,SC-1021,2024-10-07,376,6457.78
D05,SC-1021,2024-10-14,259,4222.31
D05,SC-1021,2024-10-21,370,6306.59
D05,SC-1021,2024-10-28,386,6265.17
D05,SC-1021,2024-11-04,264,4172.67
D05,SC-1021,2024-11-11,320,5050.7
D05,SC-1021,2024-11-18,408,7069.94
D05,SC-1021,2024-11-25,364,5983.3
D05,SC-1021,2024-12-02,365,6145.99
D05,SC-1021,2024-12-09,298,5165.01
D05,SC-1021,2024-12-16,315,5182.02
D05,SC-1021,2024-12-23,294,5070.3
D05,SC-1021,2024-12-30,273,4666.36
D05,SC-1021,2025-01-06,249,4283.05
D05,SC-1021,2025-01-13,504,8678.39
D05,SC-1021,2025-01-20,334,5691.86
D05,SC-1021,2025-01-27,392,6330.91
D05,SC-1021,2025-02-03,450,7124.92
D05,SC-1021,2025-02-10,394,6655.85
D05,SC-1021,2025-02-17,384,6433.05
D05,SC-1021,2025-02-24,416,6966.22
D05,SC-1021,2025-03-03,544,9093.12
D05,SC-1021,2025-03-10,408,6909.47
D05,SC-1021,2025-03-17,330,5490.27
D05,SC-1021,2025-03-24,352,6018.37
D05,SC-1021,2025-03-31,365,5933.15
D05,SC-1021,2025-04-07,413,7102.9
D05,SC-1021,2025-04-14,359,5715.64
D05,SC-1021,2025-04-21,397,6736.62
D05,SC-1021,2025-04-28,428,6708.53
D05,SC-1021,2025-05-05,513,8681.95
D05,SC-1021,2025-05-12,390,6062.43
D05,SC-1021,2025-05-19,490,7831.93
D05,SC-1021,2025-05-26,468,7397.48
D05,SC-1021,2025-06-02,503,8202.74
D05,SC-1021,2025-06-09,318,5070.79
D05,SC-1021,2025-06-16,349,5634.49
D05,SC-1021,2025-06-23,363,5868.26
D05,SC-1021,2025-06-30,559,9178.11
D05,SC-1021,2025-07-07,309,4840.53
D05,SC-1021,2025-07-14,288,4496.56
D05,SC-1021,2025-07-21,333,5504.88
D05,SC-1021,2025-07-28,455,7444.31
D05,SC-1021,2025-08-04,297,4919.54
D05,SC-1021,2025-08-11,294,4933.44
D05,SC-1021,2025-08-18,369,6202.62
D05,SC-1021,2025-08-25,326,5163.08
D05,SC-1021,2025-09-01,309,5124.89
D05,SC-1021,2025-09-08,283,4873.87
D05,SC-1021,2025-09-15,312,5370.23
D05,SC-1021,2025-09-22,196,3386.3
D05,SC-1021,2025-09-29,300,4835.71
D05,SC-1021,2025-10-06,235,3772.47
D05,SC-1021,2025-10-13,347,5958.88
D05,SC-1021,2025-10-20,321,5422.08
D05,SC-1021,2025-10-27,303,4893.44
D05,SC-1021,2025-11-03,359,6215.26
D05,SC-1021,2025-11-10,392,6692.06
D05,SC-1021,2025-11-17,260,4326.78
D05,SC-1021,2025-11-24,258,4053.73
D05,SC-1021,2025-12-01,283,4752.02
D05,SC-1021,2025-12-08,276,4778.48
D05,SC-1021,2025-12-15,175,2808.96
D05,SC-1021,2025-12-22,238,4120.31
D05,SC-1021,2025-12-29,216,3654.48
D05,SC-1021,2026-01-05,261,4323.0
D05,SC-1021,2026-01-12,262,4250.68
D05,SC-1021,2026-01-19,245,3838.89
D05,SC-1021,2026-01-26,220,3789.61
D05,SC-1021,2026-02-02,225,3752.51
D05,SC-1021,2026-02-09,321,5300.03
D05,SC-1021,2026-02-16,170,2909.91
D05,SC-1021,2026-02-23,385,6480.5
D05,SC-1021,2026-03-02,323,5306.66
D05,SC-1021,2026-03-09,238,3818.43
D05,SC-1021,2026-03-16,269,4433.23
D05,SC-1021,2026-03-23,240,3796.17
D05,SC-1021,2026-03-30,238,3786.33
D05,SC-1021,2026-04-06,228,3951.03
D05,SC-1021,2026-04-13,220,3619.02
D05,SC-1021,2026-04-20,273,4720.19
D05,SC-1021,2026-04-27,217,3428.0
D05,SC-1021,2026-05-04,251,3909.82
D05,SC-1021,2026-05-11,235,4066.67
D05,SC-1021,2026-05-18,336,5636.33
D05,SC-1021,2026-05-25,296,5107.84
D05,SC-1021,2026-06-01,225,3870.41
D05,SC-1021,2026-06-08,306,4853.22
D05,SC-1021,2026-06-15,267,4159.71
D05,SC-1021,2026-06-22,297,5066.54
D05,PM-1005,2024-01-01,1184,618.96
D05,PM-1005,2024-01-08,1872,1002.31
D05,PM-1005,2024-01-15,1360,715.79
D05,PM-1005,2024-01-22,1073,585.61
D05,PM-1005,2024-01-29,1604,872.87
D05,PM-1005,2024-02-05,1254,638.19
D05,PM-1005,2024-02-12,1013,559.58
D05,PM-1005,2024-02-19,1797,989.42
D05,PM-1005,2024-02-26,2059,1133.84
D05,PM-1005,2024-03-04,1493,831.72
D05,PM-1005,2024-03-11,1535,807.27
D05,PM-1005,2024-03-18,1508,830.76
D05,PM-1005,2024-03-25,1558,781.05
D05,PM-1005,2024-04-01,1368,738.57
D05,PM-1005,2024-04-08,1444,770.93
D05,PM-1005,2024-04-15,1415,754.51
D05,PM-1005,2024-04-22,1468,800.56
D05,PM-1005,2024-04-29,1232,678.78
D05,PM-1005,2024-05-06,1717,949.87
D05,PM-1005,2024-05-13,1516,772.02
D05,PM-1005,2024-05-20,1667,866.33
D05,PM-1005,2024-05-27,1618,838.36
D05,PM-1005,2024-06-03,1070,558.88
D05,PM-1005,2024-06-10,1611,869.03
D05,PM-1005,2024-06-17,1703,904.41
D05,PM-1005,2024-06-24,1322,726.87
D05,PM-1005,2024-07-01,1498,811.1
D05,PM-1005,2024-07-08,1418,741.01
D05,PM-1005,2024-07-15,1577,871.35
D05,PM-1005,2024-07-22,1445,752.09
D05,PM-1005,2024-07-29,1131,604.77
D05,PM-1005,2024-08-05,1258,700.08
D05,PM-1005,2024-08-12,1586,816.99
D05,PM-1005,2024-08-19,1532,792.55
D05,PM-1005,2024-08-26,2032,1025.27
D05,PM-1005,2024-09-02,1412,778.02
D05,PM-1005,2024-09-09,1078,556.4
D05,PM-1005,2024-09-16,1716,937.39
D05,PM-1005,2024-09-23,1598,799.33
D05,PM-1005,2024-09-30,1207,646.53
D05,PM-1005,2024-10-07,1523,807.92
D05,PM-1005,2024-10-14,1395,733.26
D05,PM-1005,2024-10-21,1161,589.33
D05,PM-1005,2024-10-28,1374,717.32
D05,PM-1005,2024-11-04,1196,662.27
D05,PM-1005,2024-11-11,1045,523.53
D05,PM-1005,2024-11-18,1260,655.82
D05,PM-1005,2024-11-25,1423,763.16
D05,PM-1005,2024-12-02,1278,653.92
D05,PM-1005,2024-12-09,1168,590.11
D05,PM-1005,2024-12-16,1396,709.43
D05,PM-1005,2024-12-23,1248,647.99
D05,PM-1005,2024-12-30,1130,629.05
D05,PM-1005,2025-01-06,1344,675.25
D05,PM-1005,2025-01-13,1263,702.54
D05,PM-1005,2025-01-20,1732,964.42
D05,PM-1005,2025-01-27,1513,779.72
D05,PM-1005,2025-02-03,1506,827.14
D05,PM-1005,2025-02-10,1032,553.14
D05,PM-1005,2025-02-17,1517,797.34
D05,PM-1005,2025-02-24,1568,808.78
D05,PM-1005,2025-03-03,1083,571.99
D05,PM-1005,2025-03-10,1229,652.32
D05,PM-1005,2025-03-17,1257,681.58
D05,PM-1005,2025-03-24,1669,898.27
D05,PM-1005,2025-03-31,1720,907.6
D05,PM-1005,2025-04-07,1293,660.07
D05,PM-1005,2025-04-14,1224,654.44
D05,PM-1005,2025-04-21,1064,572.9
D05,PM-1005,2025-04-28,1155,637.28
D05,PM-1005,2025-05-05,1334,730.87
D05,PM-1005,2025-05-12,1355,737.92
D05,PM-1005,2025-05-19,1495,809.56
D05,PM-1005,2025-05-26,1641,868.73
D05,PM-1005,2025-06-02,1556,845.57
D05,PM-1005,2025-06-09,1361,710.5
D05,PM-1005,2025-06-16,1480,763.57
D05,PM-1005,2025-06-23,1326,721.27
D05,PM-1005,2025-06-30,1400,747.2
D05,PM-1005,2025-07-07,1435,771.2
D05,PM-1005,2025-07-14,1663,879.29
D05,PM-1005,2025-07-21,1692,849.96
D05,PM-1005,2025-07-28,1295,660.01
D05,PM-1005,2025-08-04,1460,806.16
D05,PM-1005,2025-08-11,1607,819.63
D05,PM-1005,2025-08-18,1403,719.11
D05,PM-1005,2025-08-25,1345,681.74
D05,PM-1005,2025-09-01,1634,866.97
D05,PM-1005,2025-09-08,1534,836.22
D05,PM-1005,2025-09-15,1371,758.31
D05,PM-1005,2025-09-22,1189,594.97
D05,PM-1005,2025-09-29,1067,556.08
D05,PM-1005,2025-10-06,1379,738.72
D05,PM-1005,2025-10-13,1457,738.02
D05,PM-1005,2025-10-20,1126,624.71
D05,PM-1005,2025-10-27,1518,834.65
D05,PM-1005,2025-11-03,1236,675.0
D05,PM-1005,2025-11-10,996,540.65
D05,PM-1005,2025-11-17,1386,744.85
D05,PM-1005,2025-11-24,1266,687.62
D05,PM-1005,2025-12-01,1254,656.75
D05,PM-1005,2025-12-08,1453,785.5
D05,PM-1005,2025-12-15,1607,885.71
D05,PM-1005,2025-12-22,1402,773.29
D05,PM-1005,2025-12-29,1211,641.74
D05,PM-1005,2026-01-05,998,506.96
D05,PM-1005,2026-01-12,1428,770.08
D05,PM-1005,2026-01-19,1320,663.28
D05,PM-1005,2026-01-26,1173,653.28
D05,PM-1005,2026-02-02,1230,630.07
D05,PM-1005,2026-02-09,1678,895.14
D05,PM-1005,2026-02-16,1561,831.93
D05,PM-1005,2026-02-23,1618,848.44
D05,PM-1005,2026-03-02,1616,820.61
D05,PM-1005,2026-03-09,1448,802.25
D05,PM-1005,2026-03-16,1204,654.51
D05,PM-1005,2026-03-23,1442,756.94
D05,PM-1005,2026-03-30,1580,818.19
D05,PM-1005,2026-04-06,1420,788.91
D05,PM-1005,2026-04-13,1515,817.42
D05,PM-1005,2026-04-20,1595,825.88
D05,PM-1005,2026-04-27,1707,920.52
D05,PM-1005,2026-05-04,1710,922.88
D05,PM-1005,2026-05-11,1412,737.05
D05,PM-1005,2026-05-18,1228,632.08
D05,PM-1005,2026-05-25,1889,974.27
D05,PM-1005,2026-06-01,1578,850.91
D05,PM-1005,2026-06-08,1439,780.84
D05,PM-1005,2026-06-15,1137,582.76
D05,PM-1005,2026-06-22,1670,868.49
D05,LD-1040,2024-01-01,4019,1839.12
D05,LD-1040,2024-01-08,4537,2163.4
D05,LD-1040,2024-01-15,4318,2057.36
D05,LD-1040,2024-01-22,4431,1974.44
D05,LD-1040,2024-01-29,3839,1737.18
D05,LD-1040,2024-02-05,5799,2730.36
D05,LD-1040,2024-02-12,4796,2095.57
D05,LD-1040,2024-02-19,4278,2054.12
D05,LD-1040,2024-02-26,4146,1878.0
D05,LD-1040,2024-03-04,4452,2125.69
D05,LD-1040,2024-03-11,5677,2696.44
D05,LD-1040,2024-03-18,6030,2701.74
D05,LD-1040,2024-03-25,4413,1944.02
D05,LD-1040,2024-04-01,4586,2024.98
D05,LD-1040,2024-04-08,3844,1824.45
D05,LD-1040,2024-04-15,3910,1885.19
D05,LD-1040,2024-04-22,5117,2433.72
D05,LD-1040,2024-04-29,4815,2245.52
D05,LD-1040,2024-05-06,4809,2234.61
D05,LD-1040,2024-05-13,4734,2289.82
D05,LD-1040,2024-05-20,5371,2396.63
D05,LD-1040,2024-05-27,5233,2507.56
D05,LD-1040,2024-06-03,6009,2905.01
D05,LD-1040,2024-06-10,7598,3343.68
D05,LD-1040,2024-06-17,4378,2007.35
D05,LD-1040,2024-06-24,4264,2014.57
D05,LD-1040,2024-07-01,6522,3068.28
D05,LD-1040,2024-07-08,5056,2335.82
D05,LD-1040,2024-07-15,5729,2748.99
D05,LD-1040,2024-07-22,4266,1868.39
D05,LD-1040,2024-07-29,4278,1992.41
D05,LD-1040,2024-08-05,5671,2514.03
D05,LD-1040,2024-08-12,4094,1913.36
D05,LD-1040,2024-08-19,6075,2732.81
D05,LD-1040,2024-08-26,5509,2550.58
D05,LD-1040,2024-09-02,4338,1939.5
D05,LD-1040,2024-09-09,6016,2870.59
D05,LD-1040,2024-09-16,5118,2252.54
D05,LD-1040,2024-09-23,4533,2148.29
D05,LD-1040,2024-09-30,4694,2157.96
D05,LD-1040,2024-10-07,3432,1503.13
D05,LD-1040,2024-10-14,3722,1791.08
D05,LD-1040,2024-10-21,5066,2406.78
D05,LD-1040,2024-10-28,4628,2144.7
D05,LD-1040,2024-11-04,5543,2496.8
D05,LD-1040,2024-11-11,4697,2245.18
D05,LD-1040,2024-11-18,3683,1717.85
D05,LD-1040,2024-11-25,3763,1681.03
D05,LD-1040,2024-12-02,3879,1791.74
D05,LD-1040,2024-12-09,4015,1774.49
D05,LD-1040,2024-12-16,4488,2130.64
D05,LD-1040,2024-12-23,5251,2332.34
D05,LD-1040,2024-12-30,4841,2289.92
D05,LD-1040,2025-01-06,5348,2372.76
D05,LD-1040,2025-01-13,4728,2151.61
D05,LD-1040,2025-01-20,4204,1994.9
D05,LD-1040,2025-01-27,3663,1711.55
D05,LD-1040,2025-02-03,4997,2212.35
D05,LD-1040,2025-02-10,4521,2130.9
D05,LD-1040,2025-02-17,5212,2340.68
D05,LD-1040,2025-02-24,4267,2014.34
D05,LD-1040,2025-03-03,6026,2920.86
D05,LD-1040,2025-03-10,6089,2866.29
D05,LD-1040,2025-03-17,4219,1977.04
D05,LD-1040,2025-03-24,5099,2350.32
D05,LD-1040,2025-03-31,3870,1848.75
D05,LD-1040,2025-04-07,4368,2028.57
D05,LD-1040,2025-04-14,4367,1963.57
D05,LD-1040,2025-04-21,4581,2140.32
D05,LD-1040,2025-04-28,4845,2267.43
D05,LD-1040,2025-05-05,4517,2173.7
D05,LD-1040,2025-05-12,5218,2419.84
D05,LD-1040,2025-05-19,4069,1863.42
D05,LD-1040,2025-05-26,5956,2647.04
D05,LD-1040,2025-06-02,4383,2064.75
D05,LD-1040,2025-06-09,5024,2193.13
D05,LD-1040,2025-06-16,4823,2280.75
D05,LD-1040,2025-06-23,5989,2669.77
D05,LD-1040,2025-06-30,4873,2151.35
D05,LD-1040,2025-07-07,6347,2920.09
D05,LD-1040,2025-07-14,5356,2412.89
D05,LD-1040,2025-07-21,4387,1979.25
D05,LD-1040,2025-07-28,4857,2325.07
D05,LD-1040,2025-08-04,4946,2204.39
D05,LD-1040,2025-08-11,5515,2489.4
D05,LD-1040,2025-08-18,5023,2286.79
D05,LD-1040,2025-08-25,4695,2160.68
D05,LD-1040,2025-09-01,4287,1931.16
D05,LD-1040,2025-09-08,5116,2317.9
D05,LD-1040,2025-09-15,4473,2071.84
D05,LD-1040,2025-09-22,4192,2011.98
D05,LD-1040,2025-09-29,3966,1724.23
D05,LD-1040,2025-10-06,5348,2583.47
D05,LD-1040,2025-10-13,3638,1684.13
D05,LD-1040,2025-10-20,4847,2108.52
D05,LD-1040,2025-10-27,4491,2034.08
D05,LD-1040,2025-11-03,4099,1840.77
D05,LD-1040,2025-11-10,3974,1751.27
D05,LD-1040,2025-11-17,4418,2100.24
D05,LD-1040,2025-11-24,4052,1844.67
D05,LD-1040,2025-12-01,4021,1948.32
D05,LD-1040,2025-12-08,5086,2398.97
D05,LD-1040,2025-12-15,4284,2007.83
D05,LD-1040,2025-12-22,4397,2046.33
D05,LD-1040,2025-12-29,3907,1767.05
D05,LD-1040,2026-01-05,5137,2426.17
D05,LD-1040,2026-01-12,5343,2389.53
D05,LD-1040,2026-01-19,4626,2017.14
D05,LD-1040,2026-01-26,5586,2683.92
D05,LD-1040,2026-02-02,4190,1893.94
D05,LD-1040,2026-02-09,5263,2399.69
D05,LD-1040,2026-02-16,4371,1950.53
D05,LD-1040,2026-02-23,4345,2053.82
D05,LD-1040,2026-03-02,5817,2536.35
D05,LD-1040,2026-03-09,4510,2150.6
D05,LD-1040,2026-03-16,4166,1999.19
D05,LD-1040,2026-03-23,3697,1624.54
D05,LD-1040,2026-03-30,4903,2169.85
D05,LD-1040,2026-04-06,4235,1977.66
D05,LD-1040,2026-04-13,6695,3110.81
D05,LD-1040,2026-04-20,6511,3107.47
D05,LD-1040,2026-04-27,3219,1400.08
D05,LD-1040,2026-05-04,6487,2889.78
D05,LD-1040,2026-05-11,4535,2163.18
D05,LD-1040,2026-05-18,6176,2710.54
D05,LD-1040,2026-05-25,6016,2750.17
D05,LD-1040,2026-06-01,6286,2874.65
D05,LD-1040,2026-06-08,6737,3167.63
D05,LD-1040,2026-06-15,4321,1932.68
D05,LD-1040,2026-06-22,4387,1908.41
D05,LD-1036,2024-01-01,2918,835.38
D05,LD-1036,2024-01-08,3157,914.79
D05,LD-1036,2024-01-15,2509,724.99
D05,LD-1036,2024-01-22,3144,947.13
D05,LD-1036,2024-01-29,4027,1126.54
D05,LD-1036,2024-02-05,3473,1008.37
D05,LD-1036,2024-02-12,3278,992.37
D05,LD-1036,2024-02-19,2242,637.03
D05,LD-1036,2024-02-26,3398,1021.85
D05,LD-1036,2024-03-04,3234,960.25
D05,LD-1036,2024-03-11,2697,797.31
D05,LD-1036,2024-03-18,2931,799.29
D05,LD-1036,2024-03-25,3065,868.77
D05,LD-1036,2024-04-01,3396,928.0
D05,LD-1036,2024-04-08,2546,701.63
D05,LD-1036,2024-04-15,3211,922.98
D05,LD-1036,2024-04-22,4049,1167.1
D05,LD-1036,2024-04-29,3499,1047.05
D05,LD-1036,2024-05-06,2764,772.52
D05,LD-1036,2024-05-13,3399,1008.56
D05,LD-1036,2024-05-20,3522,965.89
D05,LD-1036,2024-05-27,2409,729.39
D05,LD-1036,2024-06-03,3444,972.37
D05,LD-1036,2024-06-10,3299,956.36
D05,LD-1036,2024-06-17,2600,715.91
D05,LD-1036,2024-06-24,4376,1195.97
D05,LD-1036,2024-07-01,3432,982.44
D05,LD-1036,2024-07-08,3164,904.78
D05,LD-1036,2024-07-15,2855,856.07
D05,LD-1036,2024-07-22,3284,972.5
D05,LD-1036,2024-07-29,3417,956.01
D05,LD-1036,2024-08-05,3889,1167.51
D05,LD-1036,2024-08-12,3106,859.75
D05,LD-1036,2024-08-19,2559,701.92
D05,LD-1036,2024-08-26,3069,862.74
D05,LD-1036,2024-09-02,3037,844.56
D05,LD-1036,2024-09-09,3898,1155.69
D05,LD-1036,2024-09-16,3152,914.47
D05,LD-1036,2024-09-23,3166,864.09
D05,LD-1036,2024-09-30,2727,747.12
D05,LD-1036,2024-10-07,3094,873.88
D05,LD-1036,2024-10-14,2565,747.0
D05,LD-1036,2024-10-21,2958,823.84
D05,LD-1036,2024-10-28,3227,954.98
D05,LD-1036,2024-11-04,2841,793.39
D05,LD-1036,2024-11-11,3341,952.22
D05,LD-1036,2024-11-18,3474,1016.17
D05,LD-1036,2024-11-25,3333,970.36
D05,LD-1036,2024-12-02,2832,809.83
D05,LD-1036,2024-12-09,2438,667.38
D05,LD-1036,2024-12-16,2416,715.79
D05,LD-1036,2024-12-23,3050,917.87
D05,LD-1036,2024-12-30,2935,874.27
D05,LD-1036,2025-01-06,2807,762.57
D05,LD-1036,2025-01-13,2629,743.82
D05,LD-1036,2025-01-20,2871,783.95
D05,LD-1036,2025-01-27,2347,660.39
D05,LD-1036,2025-02-03,2641,796.85
D05,LD-1036,2025-02-10,2846,845.6
D05,LD-1036,2025-02-17,3289,997.06
D05,LD-1036,2025-02-24,3460,1047.02
D05,LD-1036,2025-03-03,2255,667.16
D05,LD-1036,2025-03-10,2401,695.39
D05,LD-1036,2025-03-17,3426,975.79
D05,LD-1036,2025-03-24,3154,947.41
D05,LD-1036,2025-03-31,3444,963.35
D05,LD-1036,2025-04-07,2879,851.53
D05,LD-1036,2025-04-14,2927,837.42
D05,LD-1036,2025-04-21,2873,834.04
D05,LD-1036,2025-04-28,2162,589.45
D05,LD-1036,2025-05-05,2746,772.38
D05,LD-1036,2025-05-12,2781,833.34
D05,LD-1036,2025-05-19,2850,824.91
D05,LD-1036,2025-05-26,2838,857.55
D05,LD-1036,2025-06-02,2866,867.45
D05,LD-1036,2025-06-09,3177,885.85
D05,LD-1036,2025-06-16,3573,1022.06
D05,LD-1036,2025-06-23,2134,608.19
D05,LD-1036,2025-06-30,2845,805.11
D05,LD-1036,2025-07-07,2850,793.91
D05,LD-1036,2025-07-14,2581,711.95
D05,LD-1036,2025-07-21,3814,1070.34
D05,LD-1036,2025-07-28,2717,799.47
D05,LD-1036,2025-08-04,3389,944.93
D05,LD-1036,2025-08-11,2807,810.8
D05,LD-1036,2025-08-18,3789,1054.3
D05,LD-1036,2025-08-25,2734,777.64
D05,LD-1036,2025-09-01,2680,728.38
D05,LD-1036,2025-09-08,2964,862.58
D05,LD-1036,2025-09-15,3778,1097.08
D05,LD-1036,2025-09-22,3216,880.05
D05,LD-1036,2025-09-29,2679,796.0
D05,LD-1036,2025-10-06,3011,867.48
D05,LD-1036,2025-10-13,2667,801.98
D05,LD-1036,2025-10-20,3603,1000.95
D05,LD-1036,2025-10-27,3218,889.82
D05,LD-1036,2025-11-03,2829,772.75
D05,LD-1036,2025-11-10,2912,856.51
D05,LD-1036,2025-11-17,2562,749.33
D05,LD-1036,2025-11-24,2810,783.8
D05,LD-1036,2025-12-01,3058,870.6
D05,LD-1036,2025-12-08,3202,874.01
D05,LD-1036,2025-12-15,2630,764.71
D05,LD-1036,2025-12-22,2035,607.02
D05,LD-1036,2025-12-29,3128,940.02
D05,LD-1036,2026-01-05,2576,757.93
D05,LD-1036,2026-01-12,3229,913.68
D05,LD-1036,2026-01-19,2279,652.78
D05,LD-1036,2026-01-26,3029,887.72
D05,LD-1036,2026-02-02,2820,843.55
D05,LD-1036,2026-02-09,2743,796.14
D05,LD-1036,2026-02-16,3681,1108.88
D05,LD-1036,2026-02-23,2679,745.84
D05,LD-1036,2026-03-02,3700,1007.48
D05,LD-1036,2026-03-09,4221,1161.25
D05,LD-1036,2026-03-16,2546,766.97
D05,LD-1036,2026-03-23,2709,808.85
D05,LD-1036,2026-03-30,3058,896.46
D05,LD-1036,2026-04-06,3055,836.53
D05,LD-1036,2026-04-13,3760,1125.49
D05,LD-1036,2026-04-20,3786,1056.74
D05,LD-1036,2026-04-27,3001,879.56
D05,LD-1036,2026-05-04,2887,864.75
D05,LD-1036,2026-05-11,3105,895.4
D05,LD-1036,2026-05-18,3384,944.21
D05,LD-1036,2026-05-25,2765,789.58
D05,LD-1036,2026-06-01,2723,747.36
D05,LD-1036,2026-06-08,2940,875.17
D05,LD-1036,2026-06-15,3072,865.77
D05,LD-1036,2026-06-22,3105,888.28
D05,PW-1029,2024-01-01,974,3462.66
D05,PW-1029,2024-01-08,766,2753.87
D05,PW-1029,2024-01-15,892,3128.27
D05,PW-1029,2024-01-22,727,2735.92
D05,PW-1029,2024-01-29,1003,3588.38
D05,PW-1029,2024-02-05,982,3694.46
D05,PW-1029,2024-02-12,945,3220.53
D05,PW-1029,2024-02-19,997,3458.94
D05,PW-1029,2024-02-26,925,3310.0
D05,PW-1029,2024-03-04,915,3118.21
D05,PW-1029,2024-03-11,766,2876.3
D05,PW-1029,2024-03-18,832,3004.63
D05,PW-1029,2024-03-25,1057,3755.72
D05,PW-1029,2024-04-01,1062,3953.93
D05,PW-1029,2024-04-08,1087,3706.73
D05,PW-1029,2024-04-15,901,3345.28
D05,PW-1029,2024-04-22,1247,4548.34
D05,PW-1029,2024-04-29,953,3432.93
D05,PW-1029,2024-05-06,1055,3752.87
D05,PW-1029,2024-05-13,1504,5435.69
D05,PW-1029,2024-05-20,923,3356.28
D05,PW-1029,2024-05-27,1115,3842.98
D05,PW-1029,2024-06-03,801,2930.45
D05,PW-1029,2024-06-10,953,3446.07
D05,PW-1029,2024-06-17,1103,3957.6
D05,PW-1029,2024-06-24,919,3460.69
D05,PW-1029,2024-07-01,1014,3662.7
D05,PW-1029,2024-07-08,1041,3639.58
D05,PW-1029,2024-07-15,1028,3626.43
D05,PW-1029,2024-07-22,718,2431.63
D05,PW-1029,2024-07-29,1392,4925.73
D05,PW-1029,2024-08-05,838,3037.68
D05,PW-1029,2024-08-12,871,3086.38
D05,PW-1029,2024-08-19,766,2648.99
D05,PW-1029,2024-08-26,831,3095.5
D05,PW-1029,2024-09-02,952,3337.2
D05,PW-1029,2024-09-09,1107,3811.57
D05,PW-1029,2024-09-16,860,2959.34
D05,PW-1029,2024-09-23,954,3485.77
D05,PW-1029,2024-09-30,973,3497.37
D05,PW-1029,2024-10-07,777,2667.63
D05,PW-1029,2024-10-14,692,2366.79
D05,PW-1029,2024-10-21,786,2930.66
D05,PW-1029,2024-10-28,1103,3841.34
D05,PW-1029,2024-11-04,796,2955.58
D05,PW-1029,2024-11-11,801,2799.25
D05,PW-1029,2024-11-18,938,3233.76
D05,PW-1029,2024-11-25,978,3321.54
D05,PW-1029,2024-12-02,749,2714.83
D05,PW-1029,2024-12-09,994,3694.73
D05,PW-1029,2024-12-16,960,3487.28
D05,PW-1029,2024-12-23,820,2970.19
D05,PW-1029,2024-12-30,678,2555.42
D05,PW-1029,2025-01-06,1018,3724.37
D05,PW-1029,2025-01-13,959,3273.48
D05,PW-1029,2025-01-20,943,3422.85
D05,PW-1029,2025-01-27,752,2656.72
D05,PW-1029,2025-02-03,1313,4948.34
D05,PW-1029,2025-02-10,811,2889.71
D05,PW-1029,2025-02-17,879,3295.23
D05,PW-1029,2025-02-24,1116,3971.3
D05,PW-1029,2025-03-03,990,3347.57
D05,PW-1029,2025-03-10,1017,3708.73
D05,PW-1029,2025-03-17,834,3135.42
D05,PW-1029,2025-03-24,834,2848.47
D05,PW-1029,2025-03-31,1082,3738.27
D05,PW-1029,2025-04-07,971,3325.46
D05,PW-1029,2025-04-14,1387,4898.5
D05,PW-1029,2025-04-21,883,3211.06
D05,PW-1029,2025-04-28,999,3724.03
D05,PW-1029,2025-05-05,1101,4086.25
D05,PW-1029,2025-05-12,1008,3407.75
D05,PW-1029,2025-05-19,962,3533.82
D05,PW-1029,2025-05-26,1101,4101.33
D05,PW-1029,2025-06-02,1480,5456.76
D05,PW-1029,2025-06-09,994,3467.67
D05,PW-1029,2025-06-16,861,3229.98
D05,PW-1029,2025-06-23,1191,4190.35
D05,PW-1029,2025-06-30,1038,3524.0
D05,PW-1029,2025-07-07,937,3499.01
D05,PW-1029,2025-07-14,1198,4350.52
D05,PW-1029,2025-07-21,1167,4040.04
D05,PW-1029,2025-07-28,977,3435.57
D05,PW-1029,2025-08-04,838,2858.4
D05,PW-1029,2025-08-11,1228,4300.84
D05,PW-1029,2025-08-18,959,3486.58
D05,PW-1029,2025-08-25,1098,4099.96
D05,PW-1029,2025-09-01,1026,3536.88
D05,PW-1029,2025-09-08,1121,3912.38
D05,PW-1029,2025-09-15,1068,3889.96
D05,PW-1029,2025-09-22,1246,4346.78
D05,PW-1029,2025-09-29,1121,3927.32
D05,PW-1029,2025-10-06,751,2554.97
D05,PW-1029,2025-10-13,950,3317.91
D05,PW-1029,2025-10-20,1018,3694.44
D05,PW-1029,2025-10-27,933,3380.66
D05,PW-1029,2025-11-03,1178,3998.76
D05,PW-1029,2025-11-10,1053,3644.61
D05,PW-1029,2025-11-17,738,2738.45
D05,PW-1029,2025-11-24,927,3321.96
D05,PW-1029,2025-12-01,983,3651.03
D05,PW-1029,2025-12-08,870,3061.68
D05,PW-1029,2025-12-15,1088,3982.04
D05,PW-1029,2025-12-22,1072,3986.1
D05,PW-1029,2025-12-29,1050,3729.68
D05,PW-1029,2026-01-05,1112,3914.97
D05,PW-1029,2026-01-12,1227,4223.6
D05,PW-1029,2026-01-19,1146,3884.94
D05,PW-1029,2026-01-26,1152,4296.06
D05,PW-1029,2026-02-02,1028,3841.49
D05,PW-1029,2026-02-09,955,3455.88
D05,PW-1029,2026-02-16,1431,4901.67
D05,PW-1029,2026-02-23,1133,4083.19
D05,PW-1029,2026-03-02,932,3150.13
D05,PW-1029,2026-03-09,1076,3978.74
D05,PW-1029,2026-03-16,1045,3663.72
D05,PW-1029,2026-03-23,1260,4627.84
D05,PW-1029,2026-03-30,1073,3861.81
D05,PW-1029,2026-04-06,902,3204.79
D05,PW-1029,2026-04-13,1253,4704.67
D05,PW-1029,2026-04-20,1068,3632.86
D05,PW-1029,2026-04-27,826,2995.28
D05,PW-1029,2026-05-04,1346,4960.2
D05,PW-1029,2026-05-11,971,3591.56
D05,PW-1029,2026-05-18,1025,3777.8
D05,PW-1029,2026-05-25,1208,4421.99
D05,PW-1029,2026-06-01,1223,4217.01
D05,PW-1029,2026-06-08,1106,3924.59
D05,PW-1029,2026-06-15,1269,4503.83
D05,PW-1029,2026-06-22,1362,4878.78
D05,IS-1026,2024-01-01,91,658.97
D05,IS-1026,2024-01-08,97,715.1
D05,IS-1026,2024-01-15,81,549.72
D05,IS-1026,2024-01-22,83,596.16
D05,IS-1026,2024-01-29,110,823.11
D05,IS-1026,2024-02-05,108,775.27
D05,IS-1026,2024-02-12,81,564.04
D05,IS-1026,2024-02-19,76,553.12
D05,IS-1026,2024-02-26,84,617.6
D05,IS-1026,2024-03-04,119,861.11
D05,IS-1026,2024-03-11,66,488.64
D05,IS-1026,2024-03-18,94,683.84
D05,IS-1026,2024-03-25,119,850.99
D05,IS-1026,2024-04-01,108,784.87
D05,IS-1026,2024-04-08,103,728.39
D05,IS-1026,2024-04-15,122,876.26
D05,IS-1026,2024-04-22,104,749.46
D05,IS-1026,2024-04-29,100,717.85
D05,IS-1026,2024-05-06,122,848.67
D05,IS-1026,2024-05-13,146,1080.51
D05,IS-1026,2024-05-20,78,565.01
D05,IS-1026,2024-05-27,98,686.99
D05,IS-1026,2024-06-03,106,737.4
D05,IS-1026,2024-06-10,102,702.28
D05,IS-1026,2024-06-17,112,815.67
D05,IS-1026,2024-06-24,110,781.08
D05,IS-1026,2024-07-01,92,628.45
D05,IS-1026,2024-07-08,120,838.14
D05,IS-1026,2024-07-15,108,789.55
D05,IS-1026,2024-07-22,132,889.88
D05,IS-1026,2024-07-29,127,947.89
D05,IS-1026,2024-08-05,104,731.32
D05,IS-1026,2024-08-12,116,831.58
D05,IS-1026,2024-08-19,75,523.4
D05,IS-1026,2024-08-26,76,536.0
D05,IS-1026,2024-09-02,122,897.45
D05,IS-1026,2024-09-09,101,683.85
D05,IS-1026,2024-09-16,123,902.21
D05,IS-1026,2024-09-23,119,871.79
D05,IS-1026,2024-09-30,79,539.52
D05,IS-1026,2024-10-07,109,788.05
D05,IS-1026,2024-10-14,87,597.77
D05,IS-1026,2024-10-21,93,672.02
D05,IS-1026,2024-10-28,80,556.19
D05,IS-1026,2024-11-04,111,824.45
D05,IS-1026,2024-11-11,102,691.63
D05,IS-1026,2024-11-18,86,636.36
D05,IS-1026,2024-11-25,84,629.75
D05,IS-1026,2024-12-02,105,737.1
D05,IS-1026,2024-12-09,83,574.36
D05,IS-1026,2024-12-16,85,601.96
D05,IS-1026,2024-12-23,84,596.44
D05,IS-1026,2024-12-30,84,573.82
D05,IS-1026,2025-01-06,104,758.41
D05,IS-1026,2025-01-13,98,699.83
D05,IS-1026,2025-01-20,87,656.19
D05,IS-1026,2025-01-27,82,608.55
D05,IS-1026,2025-02-03,96,650.94
D05,IS-1026,2025-02-10,93,696.9
D05,IS-1026,2025-02-17,110,750.29
D05,IS-1026,2025-02-24,88,663.22
D05,IS-1026,2025-03-03,106,791.19
D05,IS-1026,2025-03-10,96,706.65
D05,IS-1026,2025-03-17,105,720.02
D05,IS-1026,2025-03-24,130,936.0
D05,IS-1026,2025-03-31,98,736.99
D05,IS-1026,2025-04-07,143,986.51
D05,IS-1026,2025-04-14,101,679.41
D05,IS-1026,2025-04-21,89,662.67
D05,IS-1026,2025-04-28,133,994.07
D05,IS-1026,2025-05-05,138,1001.69
D05,IS-1026,2025-05-12,92,663.36
D05,IS-1026,2025-05-19,94,667.2
D05,IS-1026,2025-05-26,120,850.66
D05,IS-1026,2025-06-02,116,780.32
D05,IS-1026,2025-06-09,94,657.45
D05,IS-1026,2025-06-16,93,655.06
D05,IS-1026,2025-06-23,110,767.19
D05,IS-1026,2025-06-30,103,735.87
D05,IS-1026,2025-07-07,114,851.27
D05,IS-1026,2025-07-14,113,830.17
D05,IS-1026,2025-07-21,119,848.04
D05,IS-1026,2025-07-28,76,521.87
D05,IS-1026,2025-08-04,135,934.2
D05,IS-1026,2025-08-11,109,772.78
D05,IS-1026,2025-08-18,94,639.94
D05,IS-1026,2025-08-25,98,724.36
D05,IS-1026,2025-09-01,108,770.34
D05,IS-1026,2025-09-08,101,691.77
D05,IS-1026,2025-09-15,100,713.23
D05,IS-1026,2025-09-22,94,652.51
D05,IS-1026,2025-09-29,121,857.64
D05,IS-1026,2025-10-06,98,685.33
D05,IS-1026,2025-10-13,110,815.93
D05,IS-1026,2025-10-20,127,879.62
D05,IS-1026,2025-10-27,105,788.64
D05,IS-1026,2025-11-03,95,662.27
D05,IS-1026,2025-11-10,68,491.99
D05,IS-1026,2025-11-17,84,600.79
D05,IS-1026,2025-11-24,123,890.56
D05,IS-1026,2025-12-01,94,690.89
D05,IS-1026,2025-12-08,73,523.69
D05,IS-1026,2025-12-15,87,608.01
D05,IS-1026,2025-12-22,75,555.18
D05,IS-1026,2025-12-29,84,620.85
D05,IS-1026,2026-01-05,85,617.21
D05,IS-1026,2026-01-12,83,595.32
D05,IS-1026,2026-01-19,93,675.3
D05,IS-1026,2026-01-26,68,485.02
D05,IS-1026,2026-02-02,103,730.43
D05,IS-1026,2026-02-09,117,854.75
D05,IS-1026,2026-02-16,72,507.44
D05,IS-1026,2026-02-23,113,840.13
D05,IS-1026,2026-03-02,107,728.31
D05,IS-1026,2026-03-09,104,733.08
D05,IS-1026,2026-03-16,100,745.23
D05,IS-1026,2026-03-23,104,780.7
D05,IS-1026,2026-03-30,116,851.81
D05,IS-1026,2026-04-06,106,715.54
D05,IS-1026,2026-04-13,155,1054.62
D05,IS-1026,2026-04-20,95,695.92
D05,IS-1026,2026-04-27,135,918.27
D05,IS-1026,2026-05-04,104,700.9
D05,IS-1026,2026-05-11,100,704.95
D05,IS-1026,2026-05-18,125,843.72
D05,IS-1026,2026-05-25,103,709.78
D05,IS-1026,2026-06-01,140,1050.71
D05,IS-1026,2026-06-08,97,669.65
D05,IS-1026,2026-06-15,131,951.54
D05,IS-1026,2026-06-22,118,856.07
D05,LD-1037,2024-01-01,1103,661.75
D05,LD-1037,2024-01-08,1252,737.42
D05,LD-1037,2024-01-15,1193,740.33
D05,LD-1037,2024-01-22,1304,805.01
D05,LD-1037,2024-01-29,1296,812.71
D05,LD-1037,2024-02-05,1090,673.82
D05,LD-1037,2024-02-12,1009,607.61
D05,LD-1037,2024-02-19,1029,604.66
D05,LD-1037,2024-02-26,1109,710.07
D05,LD-1037,2024-03-04,1450,876.67
D05,LD-1037,2024-03-11,1446,908.85
D05,LD-1037,2024-03-18,1220,761.3
D05,LD-1037,2024-03-25,1265,732.45
D05,LD-1037,2024-04-01,1092,697.15
D05,LD-1037,2024-04-08,1112,671.23
D05,LD-1037,2024-04-15,1443,909.95
D05,LD-1037,2024-04-22,1280,812.57
D05,LD-1037,2024-04-29,1307,833.21
D05,LD-1037,2024-05-06,1528,880.91
D05,LD-1037,2024-05-13,1484,903.38
D05,LD-1037,2024-05-20,1347,824.32
D05,LD-1037,2024-05-27,1671,1038.97
D05,LD-1037,2024-06-03,1293,781.22
D05,LD-1037,2024-06-10,1213,734.1
D05,LD-1037,2024-06-17,1158,693.6
D05,LD-1037,2024-06-24,1674,993.88
D05,LD-1037,2024-07-01,1268,797.07
D05,LD-1037,2024-07-08,1392,887.95
D05,LD-1037,2024-07-15,1832,1078.5
D05,LD-1037,2024-07-22,1221,758.96
D05,LD-1037,2024-07-29,1390,815.55
D05,LD-1037,2024-08-05,1379,872.62
D05,LD-1037,2024-08-12,1355,794.74
D05,LD-1037,2024-08-19,1531,904.69
D05,LD-1037,2024-08-26,1400,842.56
D05,LD-1037,2024-09-02,1347,828.67
D05,LD-1037,2024-09-09,1669,976.3
D05,LD-1037,2024-09-16,1029,635.04
D05,LD-1037,2024-09-23,1065,644.05
D05,LD-1037,2024-09-30,1248,751.1
D05,LD-1037,2024-10-07,1351,787.61
D05,LD-1037,2024-10-14,1231,759.73
D05,LD-1037,2024-10-21,1113,641.46
D05,LD-1037,2024-10-28,1475,926.45
D05,LD-1037,2024-11-04,1369,825.35
D05,LD-1037,2024-11-11,1102,671.16
D05,LD-1037,2024-11-18,1535,982.52
D05,LD-1037,2024-11-25,1124,665.99
D05,LD-1037,2024-12-02,1147,681.31
D05,LD-1037,2024-12-09,949,553.8
D05,LD-1037,2024-12-16,1243,724.12
D05,LD-1037,2024-12-23,1597,987.38
D05,LD-1037,2024-12-30,1593,938.1
D05,LD-1037,2025-01-06,1143,711.54
D05,LD-1037,2025-01-13,1118,671.38
D05,LD-1037,2025-01-20,1224,778.12
D05,LD-1037,2025-01-27,1522,890.73
D05,LD-1037,2025-02-03,1277,818.42
D05,LD-1037,2025-02-10,1408,866.16
D05,LD-1037,2025-02-17,1399,885.39
D05,LD-1037,2025-02-24,1508,908.53
D05,LD-1037,2025-03-03,1462,937.19
D05,LD-1037,2025-03-10,1179,696.23
D05,LD-1037,2025-03-17,1341,788.36
D05,LD-1037,2025-03-24,1236,726.61
D05,LD-1037,2025-03-31,1535,900.67
D05,LD-1037,2025-04-07,1455,888.64
D05,LD-1037,2025-04-14,1475,946.97
D05,LD-1037,2025-04-21,1443,918.6
D05,LD-1037,2025-04-28,1095,673.79
D05,LD-1037,2025-05-05,1504,951.49
D05,LD-1037,2025-05-12,1149,715.87
D05,LD-1037,2025-05-19,1199,699.95
D05,LD-1037,2025-05-26,1656,984.56
D05,LD-1037,2025-06-02,1322,839.08
D05,LD-1037,2025-06-09,1141,661.57
D05,LD-1037,2025-06-16,1276,758.7
D05,LD-1037,2025-06-23,1564,927.45
D05,LD-1037,2025-06-30,1299,825.82
D05,LD-1037,2025-07-07,1642,1006.27
D05,LD-1037,2025-07-14,1585,946.68
D05,LD-1037,2025-07-21,1599,964.68
D05,LD-1037,2025-07-28,1507,950.59
D05,LD-1037,2025-08-04,1121,697.83
D05,LD-1037,2025-08-11,1294,751.71
D05,LD-1037,2025-08-18,1425,873.15
D05,LD-1037,2025-08-25,1173,741.21
D05,LD-1037,2025-09-01,1414,832.99
D05,LD-1037,2025-09-08,1523,928.62
D05,LD-1037,2025-09-15,1085,641.29
D05,LD-1037,2025-09-22,970,609.76
D05,LD-1037,2025-09-29,1279,765.68
D05,LD-1037,2025-10-06,1802,1088.67
D05,LD-1037,2025-10-13,1229,759.69
D05,LD-1037,2025-10-20,1015,634.83
D05,LD-1037,2025-10-27,1326,830.98
D05,LD-1037,2025-11-03,1274,758.9
D05,LD-1037,2025-11-10,1314,778.19
D05,LD-1037,2025-11-17,1667,990.95
D05,LD-1037,2025-11-24,998,595.83
D05,LD-1037,2025-12-01,1338,810.16
D05,LD-1037,2025-12-08,1190,734.67
D05,LD-1037,2025-12-15,1272,788.02
D05,LD-1037,2025-12-22,1082,630.4
D05,LD-1037,2025-12-29,974,602.64
D05,LD-1037,2026-01-05,1546,992.78
D05,LD-1037,2026-01-12,1588,991.9
D05,LD-1037,2026-01-19,1634,995.98
D05,LD-1037,2026-01-26,1101,693.05
D05,LD-1037,2026-02-02,1212,757.64
D05,LD-1037,2026-02-09,1501,921.14
D05,LD-1037,2026-02-16,1233,750.97
D05,LD-1037,2026-02-23,1149,726.71
D05,LD-1037,2026-03-02,1369,862.22
D05,LD-1037,2026-03-09,1079,677.96
D05,LD-1037,2026-03-16,998,624.93
D05,LD-1037,2026-03-23,1882,1083.59
D05,LD-1037,2026-03-30,1276,805.57
D05,LD-1037,2026-04-06,1522,909.06
D05,LD-1037,2026-04-13,1302,835.21
D05,LD-1037,2026-04-20,1417,831.7
D05,LD-1037,2026-04-27,1387,816.29
D05,LD-1037,2026-05-04,1105,661.96
D05,LD-1037,2026-05-11,1270,757.38
D05,LD-1037,2026-05-18,1554,937.75
D05,LD-1037,2026-05-25,1470,924.49
D05,LD-1037,2026-06-01,1397,875.39
D05,LD-1037,2026-06-08,1032,624.77
D05,LD-1037,2026-06-15,1513,891.93
D05,LD-1037,2026-06-22,1306,771.14
D05,IS-1024,2024-01-01,259,2589.15
D05,IS-1024,2024-01-08,291,2705.85
D05,IS-1024,2024-01-15,294,2721.3
D05,IS-1024,2024-01-22,285,2839.02
D05,IS-1024,2024-01-29,332,3012.69
D05,IS-1024,2024-02-05,244,2271.66
D05,IS-1024,2024-02-12,311,3044.4
D05,IS-1024,2024-02-19,350,3318.78
D05,IS-1024,2024-02-26,290,2871.93
D05,IS-1024,2024-03-04,345,3326.56
D05,IS-1024,2024-03-11,299,2758.02
D05,IS-1024,2024-03-18,265,2465.85
D05,IS-1024,2024-03-25,237,2284.54
D05,IS-1024,2024-04-01,294,2818.44
D05,IS-1024,2024-04-08,307,3008.13
D05,IS-1024,2024-04-15,452,4094.36
D05,IS-1024,2024-04-22,330,3283.35
D05,IS-1024,2024-04-29,304,2875.4
D05,IS-1024,2024-05-06,360,3409.83
D05,IS-1024,2024-05-13,315,3152.63
D05,IS-1024,2024-05-20,392,3691.62
D05,IS-1024,2024-05-27,425,4209.49
D05,IS-1024,2024-06-03,346,3377.07
D05,IS-1024,2024-06-10,259,2568.56
D05,IS-1024,2024-06-17,333,3112.4
D05,IS-1024,2024-06-24,330,3118.45
D05,IS-1024,2024-07-01,431,3966.3
D05,IS-1024,2024-07-08,359,3276.24
D05,IS-1024,2024-07-15,315,2862.45
D05,IS-1024,2024-07-22,410,3966.76
D05,IS-1024,2024-07-29,325,3081.12
D05,IS-1024,2024-08-05,322,3173.27
D05,IS-1024,2024-08-12,302,2790.38
D05,IS-1024,2024-08-19,384,3777.75
D05,IS-1024,2024-08-26,295,2880.39
D05,IS-1024,2024-09-02,349,3494.4
D05,IS-1024,2024-09-09,333,3028.03
D05,IS-1024,2024-09-16,314,2987.25
D05,IS-1024,2024-09-23,353,3396.66
D05,IS-1024,2024-09-30,384,3653.18
D05,IS-1024,2024-10-07,251,2310.14
D05,IS-1024,2024-10-14,291,2727.89
D05,IS-1024,2024-10-21,285,2816.97
D05,IS-1024,2024-10-28,298,2766.66
D05,IS-1024,2024-11-04,267,2441.92
D05,IS-1024,2024-11-11,248,2425.68
D05,IS-1024,2024-11-18,284,2838.55
D05,IS-1024,2024-11-25,334,3205.47
D05,IS-1024,2024-12-02,278,2741.52
D05,IS-1024,2024-12-09,304,2778.14
D05,IS-1024,2024-12-16,359,3389.03
D05,IS-1024,2024-12-23,293,2640.05
D05,IS-1024,2024-12-30,332,3036.49
D05,IS-1024,2025-01-06,338,3154.03
D05,IS-1024,2025-01-13,347,3352.86
D05,IS-1024,2025-01-20,396,3886.63
D05,IS-1024,2025-01-27,286,2785.06
D05,IS-1024,2025-02-03,336,3326.33
D05,IS-1024,2025-02-10,305,2979.17
D05,IS-1024,2025-02-17,321,2886.35
D05,IS-1024,2025-02-24,319,3122.4
D05,IS-1024,2025-03-03,362,3509.9
D05,IS-1024,2025-03-10,283,2582.07
D05,IS-1024,2025-03-17,326,3245.82
D05,IS-1024,2025-03-24,256,2417.52
D05,IS-1024,2025-03-31,277,2602.44
D05,IS-1024,2025-04-07,289,2624.3
D05,IS-1024,2025-04-14,346,3324.51
D05,IS-1024,2025-04-21,339,3109.04
D05,IS-1024,2025-04-28,395,3634.25
D05,IS-1024,2025-05-05,373,3662.22
D05,IS-1024,2025-05-12,322,2936.51
D05,IS-1024,2025-05-19,508,4965.56
D05,IS-1024,2025-05-26,333,3170.9
D05,IS-1024,2025-06-02,262,2624.92
D05,IS-1024,2025-06-09,268,2492.54
D05,IS-1024,2025-06-16,359,3291.49
D05,IS-1024,2025-06-23,255,2415.1
D05,IS-1024,2025-06-30,330,2990.06
D05,IS-1024,2025-07-07,304,2991.15
D05,IS-1024,2025-07-14,423,4155.04
D05,IS-1024,2025-07-21,265,2528.88
D05,IS-1024,2025-07-28,363,3296.2
D05,IS-1024,2025-08-04,295,2881.51
D05,IS-1024,2025-08-11,288,2761.41
D05,IS-1024,2025-08-18,383,3765.51
D05,IS-1024,2025-08-25,280,2573.08
D05,IS-1024,2025-09-01,261,2426.37
D05,IS-1024,2025-09-08,276,2622.78
D05,IS-1024,2025-09-15,252,2495.81
D05,IS-1024,2025-09-22,231,2273.63
D05,IS-1024,2025-09-29,256,2428.79
D05,IS-1024,2025-10-06,224,2124.7
D05,IS-1024,2025-10-13,248,2304.55
D05,IS-1024,2025-10-20,245,2413.27
D05,IS-1024,2025-10-27,288,2676.93
D05,IS-1024,2025-11-03,227,2206.04
D05,IS-1024,2025-11-10,300,2718.8
D05,IS-1024,2025-11-17,198,1839.85
D05,IS-1024,2025-11-24,237,2311.01
D05,IS-1024,2025-12-01,264,2547.25
D05,IS-1024,2025-12-08,256,2435.45
D05,IS-1024,2025-12-15,275,2469.33
D05,IS-1024,2025-12-22,223,2016.01
D05,IS-1024,2025-12-29,365,3653.99
D05,IS-1024,2026-01-05,352,3159.39
D05,IS-1024,2026-01-12,188,1805.11
D05,IS-1024,2026-01-19,306,2801.2
D05,IS-1024,2026-01-26,267,2524.66
D05,IS-1024,2026-02-02,279,2524.57
D05,IS-1024,2026-02-09,283,2617.64
D05,IS-1024,2026-02-16,257,2403.32
D05,IS-1024,2026-02-23,288,2766.67
D05,IS-1024,2026-03-02,373,3425.61
D05,IS-1024,2026-03-09,394,3652.72
D05,IS-1024,2026-03-16,297,2934.55
D05,IS-1024,2026-03-23,240,2342.72
D05,IS-1024,2026-03-30,298,2704.19
D05,IS-1024,2026-04-06,298,2690.92
D05,IS-1024,2026-04-13,391,3510.38
D05,IS-1024,2026-04-20,265,2549.38
D05,IS-1024,2026-04-27,242,2256.86
D05,IS-1024,2026-05-04,290,2701.36
D05,IS-1024,2026-05-11,358,3347.47
D05,IS-1024,2026-05-18,283,2768.3
D05,IS-1024,2026-05-25,315,2891.38
D05,IS-1024,2026-06-01,367,3340.42
D05,IS-1024,2026-06-08,261,2362.24
D05,IS-1024,2026-06-15,324,2936.77
D05,IS-1024,2026-06-22,341,3404.0
D05,SC-1018,2024-01-01,103,1858.8
D05,SC-1018,2024-01-08,84,1465.22
D05,SC-1018,2024-01-15,108,1817.39
D05,SC-1018,2024-01-22,107,1877.18
D05,SC-1018,2024-01-29,80,1436.63
D05,SC-1018,2024-02-05,96,1595.98
D05,SC-1018,2024-02-12,112,1957.9
D05,SC-1018,2024-02-19,94,1593.99
D05,SC-1018,2024-02-26,107,1819.19
D05,SC-1018,2024-03-04,101,1676.18
D05,SC-1018,2024-03-11,90,1600.39
D05,SC-1018,2024-03-18,84,1499.14
D05,SC-1018,2024-03-25,98,1727.15
D05,SC-1018,2024-04-01,160,2655.1
D05,SC-1018,2024-04-08,100,1689.11
D05,SC-1018,2024-04-15,118,2031.0
D05,SC-1018,2024-04-22,122,2198.44
D05,SC-1018,2024-04-29,166,2926.77
D05,SC-1018,2024-05-06,92,1614.87
D05,SC-1018,2024-05-13,113,1852.32
D05,SC-1018,2024-05-20,133,2156.94
D05,SC-1018,2024-05-27,126,2262.18
D05,SC-1018,2024-06-03,121,2035.23
D05,SC-1018,2024-06-10,140,2407.22
D05,SC-1018,2024-06-17,94,1626.74
D05,SC-1018,2024-06-24,124,2125.92
D05,SC-1018,2024-07-01,119,2020.34
D05,SC-1018,2024-07-08,148,2422.07
D05,SC-1018,2024-07-15,94,1630.9
D05,SC-1018,2024-07-22,125,2151.06
D05,SC-1018,2024-07-29,125,2239.23
D05,SC-1018,2024-08-05,120,2063.59
D05,SC-1018,2024-08-12,117,2028.93
D05,SC-1018,2024-08-19,124,2200.02
D05,SC-1018,2024-08-26,148,2576.4
D05,SC-1018,2024-09-02,138,2338.5
D05,SC-1018,2024-09-09,112,1945.37
D05,SC-1018,2024-09-16,111,1977.46
D05,SC-1018,2024-09-23,104,1763.83
D05,SC-1018,2024-09-30,142,2371.25
D05,SC-1018,2024-10-07,111,1855.48
D05,SC-1018,2024-10-14,100,1770.82
D05,SC-1018,2024-10-21,122,2137.12
D05,SC-1018,2024-10-28,124,2057.56
D05,SC-1018,2024-11-04,114,2016.63
D05,SC-1018,2024-11-11,121,2122.57
D05,SC-1018,2024-11-18,116,2063.42
D05,SC-1018,2024-11-25,128,2240.68
D05,SC-1018,2024-12-02,124,2113.51
D05,SC-1018,2024-12-09,108,1777.9
D05,SC-1018,2024-12-16,132,2314.3
D05,SC-1018,2024-12-23,106,1721.98
D05,SC-1018,2024-12-30,103,1787.8
D05,SC-1018,2025-01-06,125,2216.98
D05,SC-1018,2025-01-13,130,2206.21
D05,SC-1018,2025-01-20,141,2518.11
D05,SC-1018,2025-01-27,166,2699.89
D05,SC-1018,2025-02-03,96,1675.3
D05,SC-1018,2025-02-10,118,2118.8
D05,SC-1018,2025-02-17,132,2214.67
D05,SC-1018,2025-02-24,170,2752.14
D05,SC-1018,2025-03-03,126,2114.27
D05,SC-1018,2025-03-10,106,1827.56
D05,SC-1018,2025-03-17,116,1913.25
D05,SC-1018,2025-03-24,134,2254.2
D05,SC-1018,2025-03-31,149,2644.95
D05,SC-1018,2025-04-07,197,3253.11
D05,SC-1018,2025-04-14,130,2107.99
D05,SC-1018,2025-04-21,157,2668.82
D05,SC-1018,2025-04-28,171,2841.46
D05,SC-1018,2025-05-05,135,2275.4
D05,SC-1018,2025-05-12,191,3419.66
D05,SC-1018,2025-05-19,137,2443.04
D05,SC-1018,2025-05-26,129,2234.88
D05,SC-1018,2025-06-02,190,3388.36
D05,SC-1018,2025-06-09,151,2491.99
D05,SC-1018,2025-06-16,129,2305.52
D05,SC-1018,2025-06-23,143,2532.86
D05,SC-1018,2025-06-30,137,2427.09
D05,SC-1018,2025-07-07,106,1876.19
D05,SC-1018,2025-07-14,117,2014.86
D05,SC-1018,2025-07-21,107,1917.91
D05,SC-1018,2025-07-28,152,2703.12
D05,SC-1018,2025-08-04,104,1705.78
D05,SC-1018,2025-08-11,106,1799.71
D05,SC-1018,2025-08-18,133,2327.69
D05,SC-1018,2025-08-25,126,2069.65
D05,SC-1018,2025-09-01,115,1938.41
D05,SC-1018,2025-09-08,95,1545.76
D05,SC-1018,2025-09-15,123,2217.49
D05,SC-1018,2025-09-22,92,1596.63
D05,SC-1018,2025-09-29,82,1418.95
D05,SC-1018,2025-10-06,86,1538.23
D05,SC-1018,2025-10-13,105,1821.97
D05,SC-1018,2025-10-20,88,1426.15
D05,SC-1018,2025-10-27,93,1622.25
D05,SC-1018,2025-11-03,77,1379.52
D05,SC-1018,2025-11-10,99,1706.6
D05,SC-1018,2025-11-17,78,1278.92
D05,SC-1018,2025-11-24,75,1356.38
D05,SC-1018,2025-12-01,82,1403.7
D05,SC-1018,2025-12-08,69,1164.25
D05,SC-1018,2025-12-15,73,1299.54
D05,SC-1018,2025-12-22,73,1271.65
D05,SC-1018,2025-12-29,85,1454.01
D05,SC-1018,2026-01-05,74,1251.41
D05,SC-1018,2026-01-12,86,1543.15
D05,SC-1018,2026-01-19,80,1425.92
D05,SC-1018,2026-01-26,76,1349.85
D05,SC-1018,2026-02-02,98,1680.85
D05,SC-1018,2026-02-09,64,1149.48
D05,SC-1018,2026-02-16,89,1455.7
D05,SC-1018,2026-02-23,69,1145.01
D05,SC-1018,2026-03-02,72,1193.91
D05,SC-1018,2026-03-09,76,1374.23
D05,SC-1018,2026-03-16,79,1405.54
D05,SC-1018,2026-03-23,81,1381.07
D05,SC-1018,2026-03-30,83,1428.29
D05,SC-1018,2026-04-06,75,1342.54
D05,SC-1018,2026-04-13,57,986.31
D05,SC-1018,2026-04-20,73,1204.27
D05,SC-1018,2026-04-27,93,1523.1
D05,SC-1018,2026-05-04,90,1485.79
D05,SC-1018,2026-05-11,91,1512.39
D05,SC-1018,2026-05-18,80,1453.0
D05,SC-1018,2026-05-25,90,1617.7
D05,SC-1018,2026-06-01,78,1335.33
D05,SC-1018,2026-06-08,79,1312.08
D05,SC-1018,2026-06-15,77,1275.9
D05,SC-1018,2026-06-22,97,1634.04
D05,PM-1003,2024-01-01,3744,1900.65
D05,PM-1003,2024-01-08,2712,1329.26
D05,PM-1003,2024-01-15,2791,1360.85
D05,PM-1003,2024-01-22,2477,1187.67
D05,PM-1003,2024-01-29,3411,1733.77
D05,PM-1003,2024-02-05,2934,1473.68
D05,PM-1003,2024-02-12,3827,1849.69
D05,PM-1003,2024-02-19,3788,1812.84
D05,PM-1003,2024-02-26,3524,1786.58
D05,PM-1003,2024-03-04,3093,1477.15
D05,PM-1003,2024-03-11,3931,2024.98
D05,PM-1003,2024-03-18,3368,1729.08
D05,PM-1003,2024-03-25,3526,1804.75
D05,PM-1003,2024-04-01,2567,1231.79
D05,PM-1003,2024-04-08,3663,1762.09
D05,PM-1003,2024-04-15,3511,1804.15
D05,PM-1003,2024-04-22,3454,1624.79
D05,PM-1003,2024-04-29,3239,1514.47
D05,PM-1003,2024-05-06,2821,1388.2
D05,PM-1003,2024-05-13,3541,1743.82
D05,PM-1003,2024-05-20,2591,1266.38
D05,PM-1003,2024-05-27,3472,1667.43
D05,PM-1003,2024-06-03,3308,1609.75
D05,PM-1003,2024-06-10,4386,2208.97
D05,PM-1003,2024-06-17,4768,2267.89
D05,PM-1003,2024-06-24,2861,1395.19
D05,PM-1003,2024-07-01,4033,2030.11
D05,PM-1003,2024-07-08,3232,1526.16
D05,PM-1003,2024-07-15,3310,1579.86
D05,PM-1003,2024-07-22,3283,1681.07
D05,PM-1003,2024-07-29,4268,2200.91
D05,PM-1003,2024-08-05,3427,1669.35
D05,PM-1003,2024-08-12,3685,1787.72
D05,PM-1003,2024-08-19,2669,1326.58
D05,PM-1003,2024-08-26,2862,1365.81
D05,PM-1003,2024-09-02,3098,1497.98
D05,PM-1003,2024-09-09,3336,1675.35
D05,PM-1003,2024-09-16,3653,1711.61
D05,PM-1003,2024-09-23,2996,1454.02
D05,PM-1003,2024-09-30,3999,1952.02
D05,PM-1003,2024-10-07,3082,1575.95
D05,PM-1003,2024-10-14,2870,1448.19
D05,PM-1003,2024-10-21,3594,1700.12
D05,PM-1003,2024-10-28,3487,1795.78
D05,PM-1003,2024-11-04,2379,1126.17
D05,PM-1003,2024-11-11,3931,1983.84
D05,PM-1003,2024-11-18,2843,1354.9
D05,PM-1003,2024-11-25,2977,1454.78
D05,PM-1003,2024-12-02,2690,1314.64
D05,PM-1003,2024-12-09,2875,1426.65
D05,PM-1003,2024-12-16,2372,1194.44
D05,PM-1003,2024-12-23,3213,1586.7
D05,PM-1003,2024-12-30,2803,1448.52
D05,PM-1003,2025-01-06,2954,1410.38
D05,PM-1003,2025-01-13,3607,1741.48
D05,PM-1003,2025-01-20,3352,1696.59
D05,PM-1003,2025-01-27,3151,1491.75
D05,PM-1003,2025-02-03,4269,2130.94
D05,PM-1003,2025-02-10,2689,1269.86
D05,PM-1003,2025-02-17,3267,1579.39
D05,PM-1003,2025-02-24,3950,1996.03
D05,PM-1003,2025-03-03,4144,2106.79
D05,PM-1003,2025-03-10,2666,1288.58
D05,PM-1003,2025-03-17,3010,1424.55
D05,PM-1003,2025-03-24,4024,1925.9
D05,PM-1003,2025-03-31,3192,1522.62
D05,PM-1003,2025-04-07,3483,1686.23
D05,PM-1003,2025-04-14,3236,1633.75
D05,PM-1003,2025-04-21,3499,1777.79
D05,PM-1003,2025-04-28,2100,1070.41
D05,PM-1003,2025-05-05,3351,1658.28
D05,PM-1003,2025-05-12,3535,1748.91
D05,PM-1003,2025-05-19,3348,1630.12
D05,PM-1003,2025-05-26,3655,1776.76
D05,PM-1003,2025-06-02,2950,1433.26
D05,PM-1003,2025-06-09,3753,1947.22
D05,PM-1003,2025-06-16,4612,2310.71
D05,PM-1003,2025-06-23,4365,2127.15
D05,PM-1003,2025-06-30,3986,1882.92
D05,PM-1003,2025-07-07,3716,1859.55
D05,PM-1003,2025-07-14,3196,1554.86
D05,PM-1003,2025-07-21,3283,1534.04
D05,PM-1003,2025-07-28,4000,1929.43
D05,PM-1003,2025-08-04,3413,1677.32
D05,PM-1003,2025-08-11,4752,2270.26
D05,PM-1003,2025-08-18,2640,1352.67
D05,PM-1003,2025-08-25,3296,1589.46
D05,PM-1003,2025-09-01,3097,1463.14
D05,PM-1003,2025-09-08,3748,1754.06
D05,PM-1003,2025-09-15,3833,1873.6
D05,PM-1003,2025-09-22,2698,1286.94
D05,PM-1003,2025-09-29,2651,1264.73
D05,PM-1003,2025-10-06,2861,1413.57
D05,PM-1003,2025-10-13,3459,1681.37
D05,PM-1003,2025-10-20,3374,1726.86
D05,PM-1003,2025-10-27,2456,1257.97
D05,PM-1003,2025-11-03,3258,1657.27
D05,PM-1003,2025-11-10,3175,1580.39
D05,PM-1003,2025-11-17,3060,1554.78
D05,PM-1003,2025-11-24,3362,1635.13
D05,PM-1003,2025-12-01,3178,1583.38
D05,PM-1003,2025-12-08,3107,1585.41
D05,PM-1003,2025-12-15,3659,1808.11
D05,PM-1003,2025-12-22,3871,2007.12
D05,PM-1003,2025-12-29,2903,1438.37
D05,PM-1003,2026-01-05,3071,1548.95
D05,PM-1003,2026-01-12,3448,1673.01
D05,PM-1003,2026-01-19,3050,1466.46
D05,PM-1003,2026-01-26,3508,1769.86
D05,PM-1003,2026-02-02,3248,1684.3
D05,PM-1003,2026-02-09,3610,1873.65
D05,PM-1003,2026-02-16,3586,1809.58
D05,PM-1003,2026-02-23,3232,1591.14
D05,PM-1003,2026-03-02,3781,1797.34
D05,PM-1003,2026-03-09,3713,1793.53
D05,PM-1003,2026-03-16,4771,2274.22
D05,PM-1003,2026-03-23,2582,1245.96
D05,PM-1003,2026-03-30,3792,1945.37
D05,PM-1003,2026-04-06,4047,2014.12
D05,PM-1003,2026-04-13,4872,2408.09
D05,PM-1003,2026-04-20,3253,1585.17
D05,PM-1003,2026-04-27,3596,1861.31
D05,PM-1003,2026-05-04,3319,1678.33
D05,PM-1003,2026-05-11,4665,2209.18
D05,PM-1003,2026-05-18,3195,1562.68
D05,PM-1003,2026-05-25,3341,1639.0
D05,PM-1003,2026-06-01,2896,1431.68
D05,PM-1003,2026-06-08,2370,1207.76
D05,PM-1003,2026-06-15,3606,1828.68
D05,PM-1003,2026-06-22,3541,1680.76
D05,IS-1027,2024-01-01,381,5246.43
D05,IS-1027,2024-01-08,451,6466.35
D05,IS-1027,2024-01-15,469,6949.41
D05,IS-1027,2024-01-22,520,7655.98
D05,IS-1027,2024-01-29,446,6270.44
D05,IS-1027,2024-02-05,465,6434.87
D05,IS-1027,2024-02-12,544,8313.22
D05,IS-1027,2024-02-19,384,5305.5
D05,IS-1027,2024-02-26,585,8471.03
D05,IS-1027,2024-03-04,440,6223.3
D05,IS-1027,2024-03-11,593,8577.91
D05,IS-1027,2024-03-18,617,8659.71
D05,IS-1027,2024-03-25,490,7208.82
D05,IS-1027,2024-04-01,607,8450.61
D05,IS-1027,2024-04-08,499,7192.74
D05,IS-1027,2024-04-15,477,6944.88
D05,IS-1027,2024-04-22,569,7928.57
D05,IS-1027,2024-04-29,617,9300.0
D05,IS-1027,2024-05-06,471,7031.9
D05,IS-1027,2024-05-13,422,6395.81
D05,IS-1027,2024-05-20,567,8047.99
D05,IS-1027,2024-05-27,706,10684.88
D05,IS-1027,2024-06-03,552,7972.31
D05,IS-1027,2024-06-10,673,9301.44
D05,IS-1027,2024-06-17,654,9434.19
D05,IS-1027,2024-06-24,633,8922.05
D05,IS-1027,2024-07-01,540,8257.26
D05,IS-1027,2024-07-08,500,6896.23
D05,IS-1027,2024-07-15,560,7780.8
D05,IS-1027,2024-07-22,459,6840.56
D05,IS-1027,2024-07-29,615,9152.22
D05,IS-1027,2024-08-05,508,6985.58
D05,IS-1027,2024-08-12,522,7452.39
D05,IS-1027,2024-08-19,515,7783.5
D05,IS-1027,2024-08-26,467,6617.8
D05,IS-1027,2024-09-02,480,6870.61
D05,IS-1027,2024-09-09,545,7519.82
D05,IS-1027,2024-09-16,430,5957.36
D05,IS-1027,2024-09-23,428,6460.97
D05,IS-1027,2024-09-30,439,6437.59
D05,IS-1027,2024-10-07,500,6877.23
D05,IS-1027,2024-10-14,385,5351.17
D05,IS-1027,2024-10-21,436,6198.14
D05,IS-1027,2024-10-28,340,5077.08
D05,IS-1027,2024-11-04,376,5343.4
D05,IS-1027,2024-11-11,447,6803.63
D05,IS-1027,2024-11-18,496,7459.5
D05,IS-1027,2024-11-25,478,7264.21
D05,IS-1027,2024-12-02,469,6677.02
D05,IS-1027,2024-12-09,431,6006.81
D05,IS-1027,2024-12-16,560,7988.91
D05,IS-1027,2024-12-23,437,6054.98
D05,IS-1027,2024-12-30,378,5738.96
D05,IS-1027,2025-01-06,581,8057.02
D05,IS-1027,2025-01-13,415,5898.37
D05,IS-1027,2025-01-20,456,6340.11
D05,IS-1027,2025-01-27,555,8390.51
D05,IS-1027,2025-02-03,437,6290.99
D05,IS-1027,2025-02-10,574,8741.68
D05,IS-1027,2025-02-17,499,7330.53
D05,IS-1027,2025-02-24,533,7659.59
D05,IS-1027,2025-03-03,516,7554.42
D05,IS-1027,2025-03-10,483,7176.78
D05,IS-1027,2025-03-17,640,9151.86
D05,IS-1027,2025-03-24,572,8742.76
D05,IS-1027,2025-03-31,395,5795.62
D05,IS-1027,2025-04-07,483,7091.01
D05,IS-1027,2025-04-14,586,8821.8
D05,IS-1027,2025-04-21,367,5368.47
D05,IS-1027,2025-04-28,465,7091.99
D05,IS-1027,2025-05-05,621,9524.17
D05,IS-1027,2025-05-12,556,8217.32
D05,IS-1027,2025-05-19,491,6829.23
D05,IS-1027,2025-05-26,593,8594.74
D05,IS-1027,2025-06-02,739,10549.0
D05,IS-1027,2025-06-09,463,7045.55
D05,IS-1027,2025-06-16,442,6257.05
D05,IS-1027,2025-06-23,687,10428.4
D05,IS-1027,2025-06-30,615,8724.48
D05,IS-1027,2025-07-07,504,7612.7
D05,IS-1027,2025-07-14,528,7443.04
D05,IS-1027,2025-07-21,590,8479.12
D05,IS-1027,2025-07-28,586,8228.34
D05,IS-1027,2025-08-04,587,8370.45
D05,IS-1027,2025-08-11,449,6606.37
D05,IS-1027,2025-08-18,483,6927.29
D05,IS-1027,2025-08-25,666,10082.38
D05,IS-1027,2025-09-01,543,8132.76
D05,IS-1027,2025-09-08,627,8733.68
D05,IS-1027,2025-09-15,497,6907.42
D05,IS-1027,2025-09-22,443,6298.13
D05,IS-1027,2025-09-29,411,6037.5
D05,IS-1027,2025-10-06,441,6167.14
D05,IS-1027,2025-10-13,559,7848.42
D05,IS-1027,2025-10-20,469,6880.09
D05,IS-1027,2025-10-27,368,5152.44
D05,IS-1027,2025-11-03,393,5723.0
D05,IS-1027,2025-11-10,643,9063.39
D05,IS-1027,2025-11-17,397,6038.7
D05,IS-1027,2025-11-24,468,6718.2
D05,IS-1027,2025-12-01,513,7770.5
D05,IS-1027,2025-12-08,429,6099.83
D05,IS-1027,2025-12-15,315,4376.71
D05,IS-1027,2025-12-22,375,5274.83
D05,IS-1027,2025-12-29,392,5755.36
D05,IS-1027,2026-01-05,367,5133.09
D05,IS-1027,2026-01-12,567,7887.93
D05,IS-1027,2026-01-19,519,7676.1
D05,IS-1027,2026-01-26,559,8043.44
D05,IS-1027,2026-02-02,410,5736.16
D05,IS-1027,2026-02-09,457,6997.62
D05,IS-1027,2026-02-16,557,7859.71
D05,IS-1027,2026-02-23,371,5615.98
D05,IS-1027,2026-03-02,644,9305.29
D05,IS-1027,2026-03-09,587,8273.19
D05,IS-1027,2026-03-16,532,7854.2
D05,IS-1027,2026-03-23,460,6800.15
D05,IS-1027,2026-03-30,418,5780.75
D05,IS-1027,2026-04-06,570,8198.93
D05,IS-1027,2026-04-13,653,9458.23
D05,IS-1027,2026-04-20,554,8173.13
D05,IS-1027,2026-04-27,582,8293.4
D05,IS-1027,2026-05-04,589,8131.13
D05,IS-1027,2026-05-11,550,8441.9
D05,IS-1027,2026-05-18,581,8244.44
D05,IS-1027,2026-05-25,680,9967.31
D05,IS-1027,2026-06-01,591,8565.87
D05,IS-1027,2026-06-08,555,8237.53
D05,IS-1027,2026-06-15,483,7302.08
D05,IS-1027,2026-06-22,616,8923.62
D05,PW-1033,2024-01-01,731,3278.2
D05,PW-1033,2024-01-08,541,2260.85
D05,PW-1033,2024-01-15,508,2110.05
D05,PW-1033,2024-01-22,491,2056.46
D05,PW-1033,2024-01-29,525,2214.19
D05,PW-1033,2024-02-05,543,2253.88
D05,PW-1033,2024-02-12,437,1895.67
D05,PW-1033,2024-02-19,437,1829.77
D05,PW-1033,2024-02-26,473,2068.08
D05,PW-1033,2024-03-04,510,2245.45
D05,PW-1033,2024-03-11,555,2421.12
D05,PW-1033,2024-03-18,512,2147.34
D05,PW-1033,2024-03-25,552,2422.2
D05,PW-1033,2024-04-01,452,1882.83
D05,PW-1033,2024-04-08,678,2750.77
D05,PW-1033,2024-04-15,464,2046.19
D05,PW-1033,2024-04-22,604,2680.88
D05,PW-1033,2024-04-29,499,2100.58
D05,PW-1033,2024-05-06,622,2531.11
D05,PW-1033,2024-05-13,745,3050.37
D05,PW-1033,2024-05-20,670,2896.01
D05,PW-1033,2024-05-27,521,2233.62
D05,PW-1033,2024-06-03,619,2751.27
D05,PW-1033,2024-06-10,567,2536.01
D05,PW-1033,2024-06-17,492,2001.65
D05,PW-1033,2024-06-24,696,2961.71
D05,PW-1033,2024-07-01,850,3654.89
D05,PW-1033,2024-07-08,727,3146.92
D05,PW-1033,2024-07-15,497,2156.58
D05,PW-1033,2024-07-22,812,3370.67
D05,PW-1033,2024-07-29,539,2290.12
D05,PW-1033,2024-08-05,553,2461.5
D05,PW-1033,2024-08-12,523,2235.18
D05,PW-1033,2024-08-19,595,2437.34
D05,PW-1033,2024-08-26,424,1841.98
D05,PW-1033,2024-09-02,495,2024.48
D05,PW-1033,2024-09-09,677,2999.19
D05,PW-1033,2024-09-16,831,3532.45
D05,PW-1033,2024-09-23,401,1780.26
D05,PW-1033,2024-09-30,650,2672.49
D05,PW-1033,2024-10-07,460,1889.01
D05,PW-1033,2024-10-14,510,2091.62
D05,PW-1033,2024-10-21,450,1954.45
D05,PW-1033,2024-10-28,628,2597.76
D05,PW-1033,2024-11-04,587,2616.85
D05,PW-1033,2024-11-11,546,2381.51
D05,PW-1033,2024-11-18,601,2480.6
D05,PW-1033,2024-11-25,587,2377.49
D05,PW-1033,2024-12-02,451,1936.58
D05,PW-1033,2024-12-09,562,2529.08
D05,PW-1033,2024-12-16,487,2188.79
D05,PW-1033,2024-12-23,480,2088.78
D05,PW-1033,2024-12-30,584,2444.11
D05,PW-1033,2025-01-06,664,2898.49
D05,PW-1033,2025-01-13,542,2339.87
D05,PW-1033,2025-01-20,708,3124.59
D05,PW-1033,2025-01-27,531,2154.42
D05,PW-1033,2025-02-03,437,1969.28
D05,PW-1033,2025-02-10,465,2034.31
D05,PW-1033,2025-02-17,454,2027.61
D05,PW-1033,2025-02-24,618,2522.89
D05,PW-1033,2025-03-03,785,3338.14
D05,PW-1033,2025-03-10,709,3187.81
D05,PW-1033,2025-03-17,690,3009.49
D05,PW-1033,2025-03-24,778,3372.69
D05,PW-1033,2025-03-31,681,3049.48
D05,PW-1033,2025-04-07,738,3244.46
D05,PW-1033,2025-04-14,637,2863.85
D05,PW-1033,2025-04-21,554,2409.38
D05,PW-1033,2025-04-28,530,2307.94
D05,PW-1033,2025-05-05,606,2572.88
D05,PW-1033,2025-05-12,498,2065.91
D05,PW-1033,2025-05-19,617,2652.17
D05,PW-1033,2025-05-26,622,2751.67
D05,PW-1033,2025-06-02,748,3111.86
D05,PW-1033,2025-06-09,642,2670.46
D05,PW-1033,2025-06-16,796,3301.1
D05,PW-1033,2025-06-23,614,2656.44
D05,PW-1033,2025-06-30,565,2504.39
D05,PW-1033,2025-07-07,859,3512.96
D05,PW-1033,2025-07-14,779,3242.59
D05,PW-1033,2025-07-21,665,2803.1
D05,PW-1033,2025-07-28,593,2545.03
D05,PW-1033,2025-08-04,908,3798.47
D05,PW-1033,2025-08-11,644,2798.01
D05,PW-1033,2025-08-18,726,3039.29
D05,PW-1033,2025-08-25,792,3513.6
D05,PW-1033,2025-09-01,671,2770.05
D05,PW-1033,2025-09-08,523,2340.08
D05,PW-1033,2025-09-15,601,2676.21
D05,PW-1033,2025-09-22,567,2465.59
D05,PW-1033,2025-09-29,605,2650.68
D05,PW-1033,2025-10-06,633,2840.36
D05,PW-1033,2025-10-13,565,2306.56
D05,PW-1033,2025-10-20,563,2360.83
D05,PW-1033,2025-10-27,605,2458.45
D05,PW-1033,2025-11-03,469,1958.93
D05,PW-1033,2025-11-10,558,2439.92
D05,PW-1033,2025-11-17,610,2517.57
D05,PW-1033,2025-11-24,600,2484.84
D05,PW-1033,2025-12-01,521,2163.27
D05,PW-1033,2025-12-08,541,2245.53
D05,PW-1033,2025-12-15,467,2008.2
D05,PW-1033,2025-12-22,522,2298.34
D05,PW-1033,2025-12-29,446,1924.73
D05,PW-1033,2026-01-05,572,2394.37
D05,PW-1033,2026-01-12,640,2633.21
D05,PW-1033,2026-01-19,539,2202.2
D05,PW-1033,2026-01-26,432,1919.06
D05,PW-1033,2026-02-02,698,2934.62
D05,PW-1033,2026-02-09,639,2664.25
D05,PW-1033,2026-02-16,549,2440.46
D05,PW-1033,2026-02-23,552,2466.02
D05,PW-1033,2026-03-02,733,3243.77
D05,PW-1033,2026-03-09,691,2977.24
D05,PW-1033,2026-03-16,728,3158.85
D05,PW-1033,2026-03-23,528,2140.72
D05,PW-1033,2026-03-30,726,3101.37
D05,PW-1033,2026-04-06,577,2369.24
D05,PW-1033,2026-04-13,552,2339.2
D05,PW-1033,2026-04-20,685,2832.41
D05,PW-1033,2026-04-27,746,3186.31
D05,PW-1033,2026-05-04,703,2981.06
D05,PW-1033,2026-05-11,712,3136.98
D05,PW-1033,2026-05-18,593,2596.69
D05,PW-1033,2026-05-25,528,2348.17
D05,PW-1033,2026-06-01,762,3309.05
D05,PW-1033,2026-06-08,740,2999.05
D05,PW-1033,2026-06-15,664,2890.45
D05,PW-1033,2026-06-22,667,2955.15
D05,SC-1015,2024-01-01,195,2012.99
D05,SC-1015,2024-01-08,299,2999.47
D05,SC-1015,2024-01-15,264,2575.78
D05,SC-1015,2024-01-22,301,3167.19
D05,SC-1015,2024-01-29,222,2372.05
D05,SC-1015,2024-02-05,273,2737.79
D05,SC-1015,2024-02-12,295,3186.77
D05,SC-1015,2024-02-19,266,2836.01
D05,SC-1015,2024-02-26,229,2226.99
D05,SC-1015,2024-03-04,213,2144.54
D05,SC-1015,2024-03-11,312,3113.76
D05,SC-1015,2024-03-18,310,3342.79
D05,SC-1015,2024-03-25,259,2797.31
D05,SC-1015,2024-04-01,329,3555.29
D05,SC-1015,2024-04-08,271,2913.01
D05,SC-1015,2024-04-15,257,2513.19
D05,SC-1015,2024-04-22,322,3246.19
D05,SC-1015,2024-04-29,235,2532.48
D05,SC-1015,2024-05-06,317,3278.75
D05,SC-1015,2024-05-13,241,2360.39
D05,SC-1015,2024-05-20,262,2789.47
D05,SC-1015,2024-05-27,297,2997.94
D05,SC-1015,2024-06-03,351,3619.25
D05,SC-1015,2024-06-10,234,2366.24
D05,SC-1015,2024-06-17,355,3558.85
D05,SC-1015,2024-06-24,381,4113.31
D05,SC-1015,2024-07-01,331,3337.56
D05,SC-1015,2024-07-08,311,3027.07
D05,SC-1015,2024-07-15,318,3150.2
D05,SC-1015,2024-07-22,257,2592.0
D05,SC-1015,2024-07-29,315,3358.66
D05,SC-1015,2024-08-05,331,3268.49
D05,SC-1015,2024-08-12,546,5673.32
D05,SC-1015,2024-08-19,380,3963.9
D05,SC-1015,2024-08-26,304,3133.08
D05,SC-1015,2024-09-02,267,2664.45
D05,SC-1015,2024-09-09,324,3329.98
D05,SC-1015,2024-09-16,304,3286.04
D05,SC-1015,2024-09-23,321,3310.74
D05,SC-1015,2024-09-30,259,2540.75
D05,SC-1015,2024-10-07,234,2307.08
D05,SC-1015,2024-10-14,317,3271.49
D05,SC-1015,2024-10-21,277,2718.35
D05,SC-1015,2024-10-28,296,3115.36
D05,SC-1015,2024-11-04,251,2571.48
D05,SC-1015,2024-11-11,348,3713.15
D05,SC-1015,2024-11-18,243,2483.34
D05,SC-1015,2024-11-25,335,3537.73
D05,SC-1015,2024-12-02,293,2964.72
D05,SC-1015,2024-12-09,286,2862.32
D05,SC-1015,2024-12-16,305,2978.0
D05,SC-1015,2024-12-23,289,2870.91
D05,SC-1015,2024-12-30,287,2971.88
D05,SC-1015,2025-01-06,302,3046.28
D05,SC-1015,2025-01-13,284,3057.24
D05,SC-1015,2025-01-20,323,3185.07
D05,SC-1015,2025-01-27,379,3787.62
D05,SC-1015,2025-02-03,461,4963.06
D05,SC-1015,2025-02-10,371,3878.74
D05,SC-1015,2025-02-17,358,3649.68
D05,SC-1015,2025-02-24,240,2329.83
D05,SC-1015,2025-03-03,324,3248.04
D05,SC-1015,2025-03-10,304,3225.57
D05,SC-1015,2025-03-17,271,2662.65
D05,SC-1015,2025-03-24,402,4066.44
D05,SC-1015,2025-03-31,272,2683.34
D05,SC-1015,2025-04-07,312,3083.83
D05,SC-1015,2025-04-14,275,2830.16
D05,SC-1015,2025-04-21,353,3706.72
D05,SC-1015,2025-04-28,432,4453.49
D05,SC-1015,2025-05-05,306,3112.56
D05,SC-1015,2025-05-12,342,3607.83
D05,SC-1015,2025-05-19,421,4107.77
D05,SC-1015,2025-05-26,453,4638.81
D05,SC-1015,2025-06-02,378,3860.09
D05,SC-1015,2025-06-09,314,3192.85
D05,SC-1015,2025-06-16,361,3827.36
D05,SC-1015,2025-06-23,356,3761.58
D05,SC-1015,2025-06-30,347,3741.06
D05,SC-1015,2025-07-07,237,2352.11
D05,SC-1015,2025-07-14,318,3116.83
D05,SC-1015,2025-07-21,267,2596.91
D05,SC-1015,2025-07-28,211,2100.75
D05,SC-1015,2025-08-04,298,3076.33
D05,SC-1015,2025-08-11,347,3714.02
D05,SC-1015,2025-08-18,277,2813.79
D05,SC-1015,2025-08-25,224,2333.81
D05,SC-1015,2025-09-01,353,3603.69
D05,SC-1015,2025-09-08,251,2442.79
D05,SC-1015,2025-09-15,279,2836.38
D05,SC-1015,2025-09-22,230,2439.53
D05,SC-1015,2025-09-29,217,2261.99
D05,SC-1015,2025-10-06,263,2595.54
D05,SC-1015,2025-10-13,201,2035.96
D05,SC-1015,2025-10-20,214,2206.02
D05,SC-1015,2025-10-27,221,2311.72
D05,SC-1015,2025-11-03,268,2894.13
D05,SC-1015,2025-11-10,177,1881.5
D05,SC-1015,2025-11-17,253,2570.83
D05,SC-1015,2025-11-24,240,2494.08
D05,SC-1015,2025-12-01,231,2462.46
D05,SC-1015,2025-12-08,233,2485.55
D05,SC-1015,2025-12-15,176,1740.5
D05,SC-1015,2025-12-22,167,1792.13
D05,SC-1015,2025-12-29,157,1570.93
D05,SC-1015,2026-01-05,193,2088.97
D05,SC-1015,2026-01-12,214,2177.38
D05,SC-1015,2026-01-19,176,1732.47
D05,SC-1015,2026-01-26,221,2205.08
D05,SC-1015,2026-02-02,198,2103.48
D05,SC-1015,2026-02-09,203,1969.25
D05,SC-1015,2026-02-16,222,2320.27
D05,SC-1015,2026-02-23,203,2062.83
D05,SC-1015,2026-03-02,170,1673.42
D05,SC-1015,2026-03-09,257,2670.42
D05,SC-1015,2026-03-16,220,2159.97
D05,SC-1015,2026-03-23,172,1813.75
D05,SC-1015,2026-03-30,197,1990.68
D05,SC-1015,2026-04-06,208,2122.78
D05,SC-1015,2026-04-13,169,1742.64
D05,SC-1015,2026-04-20,229,2401.4
D05,SC-1015,2026-04-27,174,1760.81
D05,SC-1015,2026-05-04,266,2599.34
D05,SC-1015,2026-05-11,239,2435.46
D05,SC-1015,2026-05-18,188,1891.81
D05,SC-1015,2026-05-25,178,1823.12
D05,SC-1015,2026-06-01,214,2293.73
D05,SC-1015,2026-06-08,170,1834.92
D05,SC-1015,2026-06-15,204,2177.02
D05,SC-1015,2026-06-22,208,2068.41
D05,IG-1011,2024-01-01,41,2431.9
D05,IG-1011,2024-01-08,54,3232.08
D05,IG-1011,2024-01-15,41,2383.54
D05,IG-1011,2024-01-22,36,2181.95
D05,IG-1011,2024-01-29,50,2870.21
D05,IG-1011,2024-02-05,42,2423.31
D05,IG-1011,2024-02-12,39,2215.63
D05,IG-1011,2024-02-19,37,2232.42
D05,IG-1011,2024-02-26,42,2499.84
D05,IG-1011,2024-03-04,51,2955.37
D05,IG-1011,2024-03-11,41,2379.17
D05,IG-1011,2024-03-18,46,2532.4
D05,IG-1011,2024-03-25,40,2254.53
D05,IG-1011,2024-04-01,57,3292.12
D05,IG-1011,2024-04-08,38,2153.66
D05,IG-1011,2024-04-15,41,2424.1
D05,IG-1011,2024-04-22,44,2508.56
D05,IG-1011,2024-04-29,40,2310.98
D05,IG-1011,2024-05-06,53,3142.94
D05,IG-1011,2024-05-13,55,3283.59
D05,IG-1011,2024-05-20,55,3303.42
D05,IG-1011,2024-05-27,56,3090.65
D05,IG-1011,2024-06-03,40,2274.75
D05,IG-1011,2024-06-10,53,3077.91
D05,IG-1011,2024-06-17,62,3766.34
D05,IG-1011,2024-06-24,48,2706.87
D05,IG-1011,2024-07-01,60,3347.93
D05,IG-1011,2024-07-08,50,2789.89
D05,IG-1011,2024-07-15,50,2966.94
D05,IG-1011,2024-07-22,42,2374.1
D05,IG-1011,2024-07-29,47,2619.64
D05,IG-1011,2024-08-05,61,3390.57
D05,IG-1011,2024-08-12,46,2591.33
D05,IG-1011,2024-08-19,66,3656.96
D05,IG-1011,2024-08-26,48,2895.72
D05,IG-1011,2024-09-02,60,3492.46
D05,IG-1011,2024-09-09,49,2686.88
D05,IG-1011,2024-09-16,34,1969.4
D05,IG-1011,2024-09-23,43,2596.52
D05,IG-1011,2024-09-30,43,2606.53
D05,IG-1011,2024-10-07,43,2546.14
D05,IG-1011,2024-10-14,39,2294.08
D05,IG-1011,2024-10-21,41,2244.58
D05,IG-1011,2024-10-28,52,2821.43
D05,IG-1011,2024-11-04,70,3887.68
D05,IG-1011,2024-11-11,48,2650.14
D05,IG-1011,2024-11-18,45,2676.63
D05,IG-1011,2024-11-25,32,1907.27
D05,IG-1011,2024-12-02,63,3497.75
D05,IG-1011,2024-12-09,55,3126.04
D05,IG-1011,2024-12-16,44,2649.27
D05,IG-1011,2024-12-23,50,2776.03
D05,IG-1011,2024-12-30,45,2444.15
D05,IG-1011,2025-01-06,40,2236.81
D05,IG-1011,2025-01-13,46,2723.78
D05,IG-1011,2025-01-20,56,3360.02
D05,IG-1011,2025-01-27,52,3025.95
D05,IG-1011,2025-02-03,49,2800.89
D05,IG-1011,2025-02-10,56,3190.96
D05,IG-1011,2025-02-17,49,2897.24
D05,IG-1011,2025-02-24,63,3716.66
D05,IG-1011,2025-03-03,45,2522.02
D05,IG-1011,2025-03-10,51,2893.26
D05,IG-1011,2025-03-17,61,3681.67
D05,IG-1011,2025-03-24,61,3541.46
D05,IG-1011,2025-03-31,50,2800.71
D05,IG-1011,2025-04-07,49,2910.57
D05,IG-1011,2025-04-14,61,3325.85
D05,IG-1011,2025-04-21,71,3932.14
D05,IG-1011,2025-04-28,66,3797.39
D05,IG-1011,2025-05-05,49,2677.47
D05,IG-1011,2025-05-12,53,3115.24
D05,IG-1011,2025-05-19,50,2938.49
D05,IG-1011,2025-05-26,74,4243.42
D05,IG-1011,2025-06-02,59,3487.58
D05,IG-1011,2025-06-09,57,3333.35
D05,IG-1011,2025-06-16,63,3699.5
D05,IG-1011,2025-06-23,65,3814.19
D05,IG-1011,2025-06-30,57,3285.96
D05,IG-1011,2025-07-07,48,2758.66
D05,IG-1011,2025-07-14,46,2646.9
D05,IG-1011,2025-07-21,57,3396.01
D05,IG-1011,2025-07-28,44,2580.58
D05,IG-1011,2025-08-04,46,2597.62
D05,IG-1011,2025-08-11,39,2248.71
D05,IG-1011,2025-08-18,39,2157.8
D05,IG-1011,2025-08-25,45,2680.56
D05,IG-1011,2025-09-01,36,2152.38
D05,IG-1011,2025-09-08,42,2358.37
D05,IG-1011,2025-09-15,38,2219.43
D05,IG-1011,2025-09-22,43,2305.14
D05,IG-1011,2025-09-29,28,1712.24
D05,IG-1011,2025-10-06,47,2784.98
D05,IG-1011,2025-10-13,29,1611.06
D05,IG-1011,2025-10-20,48,2583.92
D05,IG-1011,2025-10-27,36,2132.0
D05,IG-1011,2025-11-03,38,2190.96
D05,IG-1011,2025-11-10,35,2066.37
D05,IG-1011,2025-11-17,35,2063.71
D05,IG-1011,2025-11-24,29,1731.24
D05,IG-1011,2025-12-01,37,2181.78
D05,IG-1011,2025-12-08,36,1946.16
D05,IG-1011,2025-12-15,35,1931.47
D05,IG-1011,2025-12-22,41,2272.39
D05,IG-1011,2025-12-29,27,1449.2
D05,IG-1011,2026-01-05,33,1871.27
D05,IG-1011,2026-01-12,26,1467.34
D05,IG-1011,2026-01-19,39,2174.91
D05,IG-1011,2026-01-26,36,2041.65
D05,IG-1011,2026-02-02,31,1756.24
D05,IG-1011,2026-02-09,37,2024.19
D05,IG-1011,2026-02-16,35,2044.58
D05,IG-1011,2026-02-23,26,1403.37
D05,IG-1011,2026-03-02,36,2038.3
D05,IG-1011,2026-03-09,28,1709.18
D05,IG-1011,2026-03-16,33,1849.75
D05,IG-1011,2026-03-23,37,2020.6
D05,IG-1011,2026-03-30,33,1793.86
D05,IG-1011,2026-04-06,32,1880.99
D05,IG-1011,2026-04-13,40,2381.94
D05,IG-1011,2026-04-20,33,1963.71
D05,IG-1011,2026-04-27,31,1734.32
D05,IG-1011,2026-05-04,26,1465.58
D05,IG-1011,2026-05-11,33,1895.17
D05,IG-1011,2026-05-18,37,2144.11
D05,IG-1011,2026-05-25,42,2322.34
D05,IG-1011,2026-06-01,26,1545.55
D05,IG-1011,2026-06-08,36,1939.21
D05,IG-1011,2026-06-15,37,2212.88
D05,IG-1011,2026-06-22,31,1787.51
D05,IS-1023,2024-01-01,370,5407.86
D05,IS-1023,2024-01-08,500,7524.52
D05,IS-1023,2024-01-15,397,6007.93
D05,IS-1023,2024-01-22,332,5134.14
D05,IS-1023,2024-01-29,410,6291.46
D05,IS-1023,2024-02-05,382,6000.84
D05,IS-1023,2024-02-12,498,7235.19
D05,IS-1023,2024-02-19,380,5889.17
D05,IS-1023,2024-02-26,392,5928.52
D05,IS-1023,2024-03-04,490,7142.28
D05,IS-1023,2024-03-11,369,5587.58
D05,IS-1023,2024-03-18,355,5491.89
D05,IS-1023,2024-03-25,446,6737.92
D05,IS-1023,2024-04-01,444,6530.43
D05,IS-1023,2024-04-08,358,5696.26
D05,IS-1023,2024-04-15,327,4882.03
D05,IS-1023,2024-04-22,467,7302.27
D05,IS-1023,2024-04-29,470,6850.58
D05,IS-1023,2024-05-06,489,7662.17
D05,IS-1023,2024-05-13,527,8124.83
D05,IS-1023,2024-05-20,462,7032.65
D05,IS-1023,2024-05-27,447,6795.08
D05,IS-1023,2024-06-03,510,7498.8
D05,IS-1023,2024-06-10,466,7149.58
D05,IS-1023,2024-06-17,366,5365.58
D05,IS-1023,2024-06-24,475,7292.39
D05,IS-1023,2024-07-01,504,7268.6
D05,IS-1023,2024-07-08,397,6287.31
D05,IS-1023,2024-07-15,586,9326.68
D05,IS-1023,2024-07-22,430,6561.46
D05,IS-1023,2024-07-29,527,8057.13
D05,IS-1023,2024-08-05,384,5714.31
D05,IS-1023,2024-08-12,500,7321.01
D05,IS-1023,2024-08-19,538,8507.79
D05,IS-1023,2024-08-26,385,5976.45
D05,IS-1023,2024-09-02,449,6588.47
D05,IS-1023,2024-09-09,411,6112.34
D05,IS-1023,2024-09-16,361,5230.03
D05,IS-1023,2024-09-23,424,6362.83
D05,IS-1023,2024-09-30,393,5919.47
D05,IS-1023,2024-10-07,393,6114.4
D05,IS-1023,2024-10-14,340,5174.4
D05,IS-1023,2024-10-21,457,7010.89
D05,IS-1023,2024-10-28,374,5687.19
D05,IS-1023,2024-11-04,378,5644.05
D05,IS-1023,2024-11-11,336,5182.21
D05,IS-1023,2024-11-18,460,7104.89
D05,IS-1023,2024-11-25,320,4932.3
D05,IS-1023,2024-12-02,305,4516.89
D05,IS-1023,2024-12-09,396,5934.06
D05,IS-1023,2024-12-16,360,5718.66
D05,IS-1023,2024-12-23,426,6182.91
D05,IS-1023,2024-12-30,490,7467.46
D05,IS-1023,2025-01-06,472,7005.61
D05,IS-1023,2025-01-13,451,6518.53
D05,IS-1023,2025-01-20,343,5463.42
D05,IS-1023,2025-01-27,463,7018.14
D05,IS-1023,2025-02-03,372,5838.37
D05,IS-1023,2025-02-10,338,5098.89
D05,IS-1023,2025-02-17,438,6692.92
D05,IS-1023,2025-02-24,382,5876.45
D05,IS-1023,2025-03-03,401,6213.04
D05,IS-1023,2025-03-10,458,6670.75
D05,IS-1023,2025-03-17,469,6887.85
D05,IS-1023,2025-03-24,402,6235.63
D05,IS-1023,2025-03-31,432,6889.17
D05,IS-1023,2025-04-07,490,7549.32
D05,IS-1023,2025-04-14,385,5606.57
D05,IS-1023,2025-04-21,341,5137.61
D05,IS-1023,2025-04-28,403,5985.19
D05,IS-1023,2025-05-05,415,6186.04
D05,IS-1023,2025-05-12,429,6355.01
D05,IS-1023,2025-05-19,616,9106.62
D05,IS-1023,2025-05-26,394,5877.63
D05,IS-1023,2025-06-02,428,6331.99
D05,IS-1023,2025-06-09,386,5920.45
D05,IS-1023,2025-06-16,454,6841.09
D05,IS-1023,2025-06-23,472,7178.24
D05,IS-1023,2025-06-30,487,7736.62
D05,IS-1023,2025-07-07,450,6432.07
D05,IS-1023,2025-07-14,437,6731.59
D05,IS-1023,2025-07-21,297,4503.73
D05,IS-1023,2025-07-28,473,7375.92
D05,IS-1023,2025-08-04,518,7872.81
D05,IS-1023,2025-08-11,371,5572.03
D05,IS-1023,2025-08-18,363,5236.19
D05,IS-1023,2025-08-25,348,5040.99
D05,IS-1023,2025-09-01,445,6654.69
D05,IS-1023,2025-09-08,339,4965.67
D05,IS-1023,2025-09-15,390,5746.64
D05,IS-1023,2025-09-22,315,4664.92
D05,IS-1023,2025-09-29,415,6478.56
D05,IS-1023,2025-10-06,362,5610.59
D05,IS-1023,2025-10-13,395,5929.43
D05,IS-1023,2025-10-20,334,5078.27
D05,IS-1023,2025-10-27,339,5371.39
D05,IS-1023,2025-11-03,344,5187.59
D05,IS-1023,2025-11-10,328,4955.45
D05,IS-1023,2025-11-17,324,5061.78
D05,IS-1023,2025-11-24,306,4421.19
D05,IS-1023,2025-12-01,397,6136.78
D05,IS-1023,2025-12-08,387,6107.75
D05,IS-1023,2025-12-15,347,5279.46
D05,IS-1023,2025-12-22,415,6591.29
D05,IS-1023,2025-12-29,465,7188.86
D05,IS-1023,2026-01-05,336,5287.99
D05,IS-1023,2026-01-12,389,5705.58
D05,IS-1023,2026-01-19,391,6015.43
D05,IS-1023,2026-01-26,347,5409.68
D05,IS-1023,2026-02-02,317,4797.04
D05,IS-1023,2026-02-09,563,8667.92
D05,IS-1023,2026-02-16,414,5960.06
D05,IS-1023,2026-02-23,400,6294.68
D05,IS-1023,2026-03-02,422,6331.33
D05,IS-1023,2026-03-09,585,8666.22
D05,IS-1023,2026-03-16,398,6227.62
D05,IS-1023,2026-03-23,418,6294.07
D05,IS-1023,2026-03-30,424,6431.68
D05,IS-1023,2026-04-06,499,7343.66
D05,IS-1023,2026-04-13,446,7012.32
D05,IS-1023,2026-04-20,342,5450.25
D05,IS-1023,2026-04-27,334,4998.38
D05,IS-1023,2026-05-04,512,8006.85
D05,IS-1023,2026-05-11,458,6797.3
D05,IS-1023,2026-05-18,422,6491.22
D05,IS-1023,2026-05-25,395,6115.35
D05,IS-1023,2026-06-01,580,8402.13
D05,IS-1023,2026-06-08,463,7334.4
D05,IS-1023,2026-06-15,484,7331.83
D05,IS-1023,2026-06-22,506,7265.2
D05,PM-1002,2024-01-01,1965,2333.72
D05,PM-1002,2024-01-08,1518,1953.46
D05,PM-1002,2024-01-15,1526,1826.26
D05,PM-1002,2024-01-22,1464,1771.52
D05,PM-1002,2024-01-29,2141,2793.92
D05,PM-1002,2024-02-05,1363,1719.01
D05,PM-1002,2024-02-12,1733,2243.51
D05,PM-1002,2024-02-19,1761,2293.74
D05,PM-1002,2024-02-26,1413,1768.99
D05,PM-1002,2024-03-04,1639,2075.7
D05,PM-1002,2024-03-11,1630,1920.44
D05,PM-1002,2024-03-18,1590,2079.28
D05,PM-1002,2024-03-25,1785,2155.04
D05,PM-1002,2024-04-01,1858,2237.09
D05,PM-1002,2024-04-08,1712,2134.03
D05,PM-1002,2024-04-15,2435,3148.26
D05,PM-1002,2024-04-22,1645,1983.95
D05,PM-1002,2024-04-29,1899,2407.43
D05,PM-1002,2024-05-06,1871,2237.96
D05,PM-1002,2024-05-13,2022,2524.12
D05,PM-1002,2024-05-20,1913,2497.94
D05,PM-1002,2024-05-27,1638,1968.83
D05,PM-1002,2024-06-03,2052,2459.93
D05,PM-1002,2024-06-10,1867,2397.59
D05,PM-1002,2024-06-17,2156,2605.33
D05,PM-1002,2024-06-24,2090,2572.91
D05,PM-1002,2024-07-01,2028,2651.34
D05,PM-1002,2024-07-08,2124,2642.22
D05,PM-1002,2024-07-15,1688,2102.17
D05,PM-1002,2024-07-22,1853,2227.7
D05,PM-1002,2024-07-29,2145,2791.5
D05,PM-1002,2024-08-05,1867,2298.06
D05,PM-1002,2024-08-12,1593,1998.78
D05,PM-1002,2024-08-19,1517,1849.94
D05,PM-1002,2024-08-26,1973,2543.95
D05,PM-1002,2024-09-02,1602,1934.18
D05,PM-1002,2024-09-09,1711,2115.44
D05,PM-1002,2024-09-16,2109,2672.15
D05,PM-1002,2024-09-23,1491,1926.08
D05,PM-1002,2024-09-30,2000,2373.29
D05,PM-1002,2024-10-07,1428,1757.75
D05,PM-1002,2024-10-14,1969,2384.15
D05,PM-1002,2024-10-21,1675,2110.42
D05,PM-1002,2024-10-28,1254,1475.82
D05,PM-1002,2024-11-04,1341,1639.96
D05,PM-1002,2024-11-11,1408,1675.8
D05,PM-1002,2024-11-18,1627,2033.28
D05,PM-1002,2024-11-25,1882,2225.48
D05,PM-1002,2024-12-02,1682,2064.52
D05,PM-1002,2024-12-09,1394,1724.66
D05,PM-1002,2024-12-16,1971,2457.22
D05,PM-1002,2024-12-23,1575,2007.05
D05,PM-1002,2024-12-30,1390,1714.99
D05,PM-1002,2025-01-06,1574,2011.55
D05,PM-1002,2025-01-13,1612,1992.02
D05,PM-1002,2025-01-20,1426,1807.06
D05,PM-1002,2025-01-27,1882,2325.75
D05,PM-1002,2025-02-03,1558,1989.85
D05,PM-1002,2025-02-10,1465,1773.01
D05,PM-1002,2025-02-17,1835,2277.49
D05,PM-1002,2025-02-24,1794,2303.43
D05,PM-1002,2025-03-03,1921,2273.75
D05,PM-1002,2025-03-10,1933,2319.05
D05,PM-1002,2025-03-17,1576,1926.67
D05,PM-1002,2025-03-24,1726,2027.55
D05,PM-1002,2025-03-31,1265,1630.12
D05,PM-1002,2025-04-07,1824,2287.64
D05,PM-1002,2025-04-14,1868,2253.32
D05,PM-1002,2025-04-21,1761,2157.2
D05,PM-1002,2025-04-28,1582,2057.14
D05,PM-1002,2025-05-05,2152,2692.89
D05,PM-1002,2025-05-12,1539,1931.07
D05,PM-1002,2025-05-19,2321,2843.78
D05,PM-1002,2025-05-26,1479,1924.7
D05,PM-1002,2025-06-02,1788,2126.24
D05,PM-1002,2025-06-09,1322,1651.15
D05,PM-1002,2025-06-16,1661,2004.51
D05,PM-1002,2025-06-23,1926,2502.4
D05,PM-1002,2025-06-30,1942,2347.02
D05,PM-1002,2025-07-07,1780,2182.69
D05,PM-1002,2025-07-14,1703,2047.9
D05,PM-1002,2025-07-21,2603,3255.25
D05,PM-1002,2025-07-28,1792,2284.99
D05,PM-1002,2025-08-04,2756,3514.34
D05,PM-1002,2025-08-11,2250,2827.53
D05,PM-1002,2025-08-18,1603,1920.94
D05,PM-1002,2025-08-25,1633,1965.63
D05,PM-1002,2025-09-01,2218,2669.54
D05,PM-1002,2025-09-08,1399,1671.8
D05,PM-1002,2025-09-15,2106,2547.5
D05,PM-1002,2025-09-22,1662,2048.66
D05,PM-1002,2025-09-29,1154,1398.82
D05,PM-1002,2025-10-06,1400,1726.23
D05,PM-1002,2025-10-13,1587,1913.14
D05,PM-1002,2025-10-20,1510,1780.78
D05,PM-1002,2025-10-27,1455,1891.58
D05,PM-1002,2025-11-03,1289,1679.36
D05,PM-1002,2025-11-10,1593,1943.53
D05,PM-1002,2025-11-17,2005,2493.26
D05,PM-1002,2025-11-24,1992,2424.21
D05,PM-1002,2025-12-01,1902,2250.19
D05,PM-1002,2025-12-08,1544,1833.59
D05,PM-1002,2025-12-15,1904,2345.83
D05,PM-1002,2025-12-22,1255,1621.03
D05,PM-1002,2025-12-29,1749,2273.45
D05,PM-1002,2026-01-05,2033,2641.09
D05,PM-1002,2026-01-12,1800,2321.64
D05,PM-1002,2026-01-19,1270,1625.06
D05,PM-1002,2026-01-26,1427,1747.57
D05,PM-1002,2026-02-02,1492,1862.33
D05,PM-1002,2026-02-09,1411,1750.99
D05,PM-1002,2026-02-16,1594,2017.4
D05,PM-1002,2026-02-23,1665,1997.49
D05,PM-1002,2026-03-02,1649,1966.32
D05,PM-1002,2026-03-09,1505,1834.5
D05,PM-1002,2026-03-16,2054,2411.93
D05,PM-1002,2026-03-23,1709,2185.6
D05,PM-1002,2026-03-30,1431,1716.45
D05,PM-1002,2026-04-06,1671,2031.55
D05,PM-1002,2026-04-13,1656,2121.91
D05,PM-1002,2026-04-20,1381,1724.2
D05,PM-1002,2026-04-27,1724,2056.77
D05,PM-1002,2026-05-04,2227,2766.5
D05,PM-1002,2026-05-11,1776,2307.96
D05,PM-1002,2026-05-18,1801,2161.04
D05,PM-1002,2026-05-25,2017,2468.69
D05,PM-1002,2026-06-01,1701,2022.23
D05,PM-1002,2026-06-08,1580,2064.2
D05,PM-1002,2026-06-15,2066,2630.48
D05,PM-1002,2026-06-22,1851,2323.13
D05,PW-1035,2024-01-01,464,853.36
D05,PW-1035,2024-01-08,532,1032.01
D05,PW-1035,2024-01-15,496,930.37
D05,PW-1035,2024-01-22,527,1001.72
D05,PW-1035,2024-01-29,506,935.52
D05,PW-1035,2024-02-05,551,1061.44
D05,PW-1035,2024-02-12,494,917.11
D05,PW-1035,2024-02-19,509,980.79
D05,PW-1035,2024-02-26,468,911.12
D05,PW-1035,2024-03-04,573,1047.79
D05,PW-1035,2024-03-11,495,883.07
D05,PW-1035,2024-03-18,600,1117.81
D05,PW-1035,2024-03-25,675,1289.66
D05,PW-1035,2024-04-01,740,1434.18
D05,PW-1035,2024-04-08,582,1069.48
D05,PW-1035,2024-04-15,905,1746.3
D05,PW-1035,2024-04-22,661,1181.47
D05,PW-1035,2024-04-29,620,1195.23
D05,PW-1035,2024-05-06,819,1530.97
D05,PW-1035,2024-05-13,540,1028.23
D05,PW-1035,2024-05-20,618,1127.74
D05,PW-1035,2024-05-27,595,1108.92
D05,PW-1035,2024-06-03,515,913.41
D05,PW-1035,2024-06-10,727,1307.61
D05,PW-1035,2024-06-17,655,1226.24
D05,PW-1035,2024-06-24,693,1282.77
D05,PW-1035,2024-07-01,691,1226.5
D05,PW-1035,2024-07-08,485,880.78
D05,PW-1035,2024-07-15,746,1429.32
D05,PW-1035,2024-07-22,555,1039.08
D05,PW-1035,2024-07-29,716,1312.18
D05,PW-1035,2024-08-05,510,963.2
D05,PW-1035,2024-08-12,646,1205.42
D05,PW-1035,2024-08-19,553,1001.27
D05,PW-1035,2024-08-26,624,1117.88
D05,PW-1035,2024-09-02,585,1101.51
D05,PW-1035,2024-09-09,620,1107.37
D05,PW-1035,2024-09-16,570,1072.5
D05,PW-1035,2024-09-23,544,1044.79
D05,PW-1035,2024-09-30,700,1299.11
D05,PW-1035,2024-10-07,695,1306.7
D05,PW-1035,2024-10-14,761,1380.62
D05,PW-1035,2024-10-21,573,1110.97
D05,PW-1035,2024-10-28,559,1023.88
D05,PW-1035,2024-11-04,572,1013.08
D05,PW-1035,2024-11-11,509,971.07
D05,PW-1035,2024-11-18,467,907.65
D05,PW-1035,2024-11-25,518,1004.18
D05,PW-1035,2024-12-02,503,946.15
D05,PW-1035,2024-12-09,612,1174.04
D05,PW-1035,2024-12-16,634,1220.82
D05,PW-1035,2024-12-23,422,771.78
D05,PW-1035,2024-12-30,505,973.84
D05,PW-1035,2025-01-06,607,1088.68
D05,PW-1035,2025-01-13,589,1085.95
D05,PW-1035,2025-01-20,563,1024.68
D05,PW-1035,2025-01-27,566,1014.69
D05,PW-1035,2025-02-03,623,1150.03
D05,PW-1035,2025-02-10,635,1213.1
D05,PW-1035,2025-02-17,497,917.59
D05,PW-1035,2025-02-24,468,850.95
D05,PW-1035,2025-03-03,611,1189.09
D05,PW-1035,2025-03-10,698,1317.04
D05,PW-1035,2025-03-17,592,1091.4
D05,PW-1035,2025-03-24,887,1725.1
D05,PW-1035,2025-03-31,732,1426.86
D05,PW-1035,2025-04-07,609,1160.53
D05,PW-1035,2025-04-14,509,991.86
D05,PW-1035,2025-04-21,742,1350.93
D05,PW-1035,2025-04-28,591,1060.42
D05,PW-1035,2025-05-05,620,1167.09
D05,PW-1035,2025-05-12,606,1059.51
D05,PW-1035,2025-05-19,564,1004.22
D05,PW-1035,2025-05-26,634,1166.24
D05,PW-1035,2025-06-02,635,1236.98
D05,PW-1035,2025-06-09,607,1064.25
D05,PW-1035,2025-06-16,627,1179.38
D05,PW-1035,2025-06-23,901,1607.11
D05,PW-1035,2025-06-30,767,1425.61
D05,PW-1035,2025-07-07,672,1224.23
D05,PW-1035,2025-07-14,529,953.11
D05,PW-1035,2025-07-21,738,1299.82
D05,PW-1035,2025-07-28,891,1641.2
D05,PW-1035,2025-08-04,873,1580.84
D05,PW-1035,2025-08-11,656,1261.42
D05,PW-1035,2025-08-18,700,1363.64
D05,PW-1035,2025-08-25,559,1000.61
D05,PW-1035,2025-09-01,681,1233.63
D05,PW-1035,2025-09-08,720,1298.92
D05,PW-1035,2025-09-15,695,1252.3
D05,PW-1035,2025-09-22,762,1341.37
D05,PW-1035,2025-09-29,700,1330.97
D05,PW-1035,2025-10-06,493,940.62
D05,PW-1035,2025-10-13,590,1060.12
D05,PW-1035,2025-10-20,721,1346.55
D05,PW-1035,2025-10-27,483,846.92
D05,PW-1035,2025-11-03,621,1164.21
D05,PW-1035,2025-11-10,574,1111.49
D05,PW-1035,2025-11-17,507,953.67
D05,PW-1035,2025-11-24,702,1278.16
D05,PW-1035,2025-12-01,542,1016.14
D05,PW-1035,2025-12-08,838,1627.91
D05,PW-1035,2025-12-15,592,1110.47
D05,PW-1035,2025-12-22,721,1297.73
D05,PW-1035,2025-12-29,793,1475.43
D05,PW-1035,2026-01-05,651,1220.68
D05,PW-1035,2026-01-12,632,1109.35
D05,PW-1035,2026-01-19,706,1373.59
D05,PW-1035,2026-01-26,814,1537.27
D05,PW-1035,2026-02-02,673,1294.11
D05,PW-1035,2026-02-09,583,1082.24
D05,PW-1035,2026-02-16,527,986.74
D05,PW-1035,2026-02-23,697,1260.43
D05,PW-1035,2026-03-02,576,1074.87
D05,PW-1035,2026-03-09,778,1411.02
D05,PW-1035,2026-03-16,827,1494.44
D05,PW-1035,2026-03-23,755,1468.19
D05,PW-1035,2026-03-30,693,1327.82
D05,PW-1035,2026-04-06,775,1419.91
D05,PW-1035,2026-04-13,716,1295.89
D05,PW-1035,2026-04-20,692,1255.14
D05,PW-1035,2026-04-27,679,1221.83
D05,PW-1035,2026-05-04,744,1303.01
D05,PW-1035,2026-05-11,737,1316.2
D05,PW-1035,2026-05-18,891,1721.92
D05,PW-1035,2026-05-25,809,1472.32
D05,PW-1035,2026-06-01,611,1083.92
D05,PW-1035,2026-06-08,804,1500.71
D05,PW-1035,2026-06-15,758,1337.05
D05,PW-1035,2026-06-22,780,1505.43
D05,SC-1017,2024-01-01,285,3786.07
D05,SC-1017,2024-01-08,307,4472.54
D05,SC-1017,2024-01-15,355,4937.37
D05,SC-1017,2024-01-22,229,3334.59
D05,SC-1017,2024-01-29,302,4466.76
D05,SC-1017,2024-02-05,300,4411.61
D05,SC-1017,2024-02-12,358,4883.35
D05,SC-1017,2024-02-19,362,5000.95
D05,SC-1017,2024-02-26,481,6430.47
D05,SC-1017,2024-03-04,315,4349.6
D05,SC-1017,2024-03-11,292,4024.41
D05,SC-1017,2024-03-18,445,6332.61
D05,SC-1017,2024-03-25,342,4658.5
D05,SC-1017,2024-04-01,389,5169.33
D05,SC-1017,2024-04-08,357,4825.38
D05,SC-1017,2024-04-15,428,5836.46
D05,SC-1017,2024-04-22,416,5956.14
D05,SC-1017,2024-04-29,377,5144.71
D05,SC-1017,2024-05-06,404,5348.12
D05,SC-1017,2024-05-13,377,5415.69
D05,SC-1017,2024-05-20,412,5668.52
D05,SC-1017,2024-05-27,385,5584.66
D05,SC-1017,2024-06-03,515,7287.69
D05,SC-1017,2024-06-10,399,5413.99
D05,SC-1017,2024-06-17,389,5327.36
D05,SC-1017,2024-06-24,319,4430.61
D05,SC-1017,2024-07-01,355,5222.55
D05,SC-1017,2024-07-08,457,6156.71
D05,SC-1017,2024-07-15,407,5651.7
D05,SC-1017,2024-07-22,396,5791.94
D05,SC-1017,2024-07-29,464,6492.11
D05,SC-1017,2024-08-05,504,7193.13
D05,SC-1017,2024-08-12,363,5238.3
D05,SC-1017,2024-08-19,396,5803.39
D05,SC-1017,2024-08-26,298,4154.2
D05,SC-1017,2024-09-02,468,6886.72
D05,SC-1017,2024-09-09,618,8273.96
D05,SC-1017,2024-09-16,380,5037.71
D05,SC-1017,2024-09-23,376,5390.27
D05,SC-1017,2024-09-30,391,5531.71
D05,SC-1017,2024-10-07,408,5723.66
D05,SC-1017,2024-10-14,408,5892.48
D05,SC-1017,2024-10-21,406,5606.54
D05,SC-1017,2024-10-28,315,4479.37
D05,SC-1017,2024-11-04,384,5402.61
D05,SC-1017,2024-11-11,425,5811.87
D05,SC-1017,2024-11-18,323,4449.4
D05,SC-1017,2024-11-25,315,4278.79
D05,SC-1017,2024-12-02,356,5082.81
D05,SC-1017,2024-12-09,398,5303.19
D05,SC-1017,2024-12-16,427,6111.11
D05,SC-1017,2024-12-23,440,6261.84
D05,SC-1017,2024-12-30,346,4945.1
D05,SC-1017,2025-01-06,299,4236.21
D05,SC-1017,2025-01-13,507,7377.81
D05,SC-1017,2025-01-20,487,6923.19
D05,SC-1017,2025-01-27,382,5627.12
D05,SC-1017,2025-02-03,463,6434.74
D05,SC-1017,2025-02-10,436,6283.57
D05,SC-1017,2025-02-17,412,5528.2
D05,SC-1017,2025-02-24,561,7904.85
D05,SC-1017,2025-03-03,394,5476.36
D05,SC-1017,2025-03-10,356,4772.83
D05,SC-1017,2025-03-17,455,6282.32
D05,SC-1017,2025-03-24,413,5502.87
D05,SC-1017,2025-03-31,469,6890.05
D05,SC-1017,2025-04-07,442,6338.77
D05,SC-1017,2025-04-14,420,5766.3
D05,SC-1017,2025-04-21,457,6146.63
D05,SC-1017,2025-04-28,379,5381.52
D05,SC-1017,2025-05-05,382,5642.61
D05,SC-1017,2025-05-12,466,6516.26
D05,SC-1017,2025-05-19,517,7225.08
D05,SC-1017,2025-05-26,381,5619.18
D05,SC-1017,2025-06-02,528,7763.7
D05,SC-1017,2025-06-09,460,6327.44
D05,SC-1017,2025-06-16,526,7530.02
D05,SC-1017,2025-06-23,514,6879.32
D05,SC-1017,2025-06-30,575,7732.57
D05,SC-1017,2025-07-07,369,5368.21
D05,SC-1017,2025-07-14,292,4266.95
D05,SC-1017,2025-07-21,500,7100.6
D05,SC-1017,2025-07-28,369,5062.37
D05,SC-1017,2025-08-04,366,5006.34
D05,SC-1017,2025-08-11,346,4724.81
D05,SC-1017,2025-08-18,428,5819.01
D05,SC-1017,2025-08-25,284,4004.62
D05,SC-1017,2025-09-01,273,3939.28
D05,SC-1017,2025-09-08,297,4029.41
D05,SC-1017,2025-09-15,344,4977.01
D05,SC-1017,2025-09-22,286,4037.71
D05,SC-1017,2025-09-29,280,4131.41
D05,SC-1017,2025-10-06,261,3666.49
D05,SC-1017,2025-10-13,345,5026.99
D05,SC-1017,2025-10-20,315,4346.72
D05,SC-1017,2025-10-27,331,4748.63
D05,SC-1017,2025-11-03,267,3635.49
D05,SC-1017,2025-11-10,283,3781.23
D05,SC-1017,2025-11-17,316,4542.56
D05,SC-1017,2025-11-24,247,3493.78
D05,SC-1017,2025-12-01,322,4712.42
D05,SC-1017,2025-12-08,293,4217.52
D05,SC-1017,2025-12-15,330,4553.49
D05,SC-1017,2025-12-22,311,4168.7
D05,SC-1017,2025-12-29,210,2878.81
D05,SC-1017,2026-01-05,246,3363.86
D05,SC-1017,2026-01-12,188,2735.57
D05,SC-1017,2026-01-19,199,2644.5
D05,SC-1017,2026-01-26,229,3039.91
D05,SC-1017,2026-02-02,325,4519.06
D05,SC-1017,2026-02-09,265,3608.36
D05,SC-1017,2026-02-16,284,4135.63
D05,SC-1017,2026-02-23,246,3544.82
D05,SC-1017,2026-03-02,253,3727.83
D05,SC-1017,2026-03-09,294,4115.77
D05,SC-1017,2026-03-16,259,3560.0
D05,SC-1017,2026-03-23,257,3756.82
D05,SC-1017,2026-03-30,287,3997.27
D05,SC-1017,2026-04-06,226,3095.88
D05,SC-1017,2026-04-13,272,3654.76
D05,SC-1017,2026-04-20,276,3810.9
D05,SC-1017,2026-04-27,206,2813.82
D05,SC-1017,2026-05-04,229,3170.06
D05,SC-1017,2026-05-11,246,3328.16
D05,SC-1017,2026-05-18,253,3505.09
D05,SC-1017,2026-05-25,294,4087.66
D05,SC-1017,2026-06-01,238,3276.81
D05,SC-1017,2026-06-08,238,3152.11
D05,SC-1017,2026-06-15,301,4160.54
D05,SC-1017,2026-06-22,315,4396.36
D05,PM-1007,2024-01-01,2536,2723.48
D05,PM-1007,2024-01-08,2074,2114.85
D05,PM-1007,2024-01-15,2742,2903.43
D05,PM-1007,2024-01-22,1989,2162.65
D05,PM-1007,2024-01-29,2190,2202.49
D05,PM-1007,2024-02-05,2152,2149.14
D05,PM-1007,2024-02-12,2529,2509.22
D05,PM-1007,2024-02-19,2704,2913.0
D05,PM-1007,2024-02-26,2636,2806.69
D05,PM-1007,2024-03-04,2269,2236.7
D05,PM-1007,2024-03-11,3090,3215.83
D05,PM-1007,2024-03-18,2985,3217.08
D05,PM-1007,2024-03-25,2632,2863.46
D05,PM-1007,2024-04-01,2329,2312.07
D05,PM-1007,2024-04-08,2102,2076.92
D05,PM-1007,2024-04-15,2882,3018.81
D05,PM-1007,2024-04-22,2494,2690.77
D05,PM-1007,2024-04-29,3036,3125.99
D05,PM-1007,2024-05-06,3087,3106.11
D05,PM-1007,2024-05-13,2487,2636.8
D05,PM-1007,2024-05-20,2673,2616.76
D05,PM-1007,2024-05-27,2663,2675.77
D05,PM-1007,2024-06-03,3329,3611.42
D05,PM-1007,2024-06-10,2537,2602.01
D05,PM-1007,2024-06-17,2954,3203.81
D05,PM-1007,2024-06-24,2703,2700.81
D05,PM-1007,2024-07-01,3364,3466.76
D05,PM-1007,2024-07-08,2406,2579.06
D05,PM-1007,2024-07-15,2263,2359.03
D05,PM-1007,2024-07-22,1984,2073.63
D05,PM-1007,2024-07-29,2679,2695.71
D05,PM-1007,2024-08-05,2689,2682.3
D05,PM-1007,2024-08-12,2492,2672.23
D05,PM-1007,2024-08-19,2925,2975.57
D05,PM-1007,2024-08-26,3178,3119.81
D05,PM-1007,2024-09-02,2231,2297.35
D05,PM-1007,2024-09-09,2399,2588.43
D05,PM-1007,2024-09-16,1907,2048.86
D05,PM-1007,2024-09-23,2457,2656.93
D05,PM-1007,2024-09-30,2192,2338.64
D05,PM-1007,2024-10-07,2241,2398.76
D05,PM-1007,2024-10-14,2315,2488.31
D05,PM-1007,2024-10-21,2526,2731.97
D05,PM-1007,2024-10-28,2240,2215.59
D05,PM-1007,2024-11-04,3113,3102.63
D05,PM-1007,2024-11-11,2266,2360.87
D05,PM-1007,2024-11-18,1850,1880.16
D05,PM-1007,2024-11-25,2040,2005.78
D05,PM-1007,2024-12-02,2493,2634.17
D05,PM-1007,2024-12-09,2508,2568.46
D05,PM-1007,2024-12-16,2267,2465.13
D05,PM-1007,2024-12-23,2273,2226.53
D05,PM-1007,2024-12-30,2345,2556.76
D05,PM-1007,2025-01-06,2530,2663.98
D05,PM-1007,2025-01-13,2290,2285.89
D05,PM-1007,2025-01-20,1919,1932.37
D05,PM-1007,2025-01-27,2097,2241.81
D05,PM-1007,2025-02-03,2152,2190.35
D05,PM-1007,2025-02-10,1987,2051.61
D05,PM-1007,2025-02-17,1991,2015.16
D05,PM-1007,2025-02-24,2534,2581.75
D05,PM-1007,2025-03-03,2416,2485.87
D05,PM-1007,2025-03-10,2722,2701.6
D05,PM-1007,2025-03-17,3220,3384.8
D05,PM-1007,2025-03-24,2807,2950.16
D05,PM-1007,2025-03-31,2793,3045.64
D05,PM-1007,2025-04-07,2040,2106.5
D05,PM-1007,2025-04-14,2799,2848.11
D05,PM-1007,2025-04-21,2572,2682.78
D05,PM-1007,2025-04-28,3103,3242.59
D05,PM-1007,2025-05-05,2170,2161.21
D05,PM-1007,2025-05-12,2999,3091.82
D05,PM-1007,2025-05-19,2420,2479.08
D05,PM-1007,2025-05-26,2278,2303.42
D05,PM-1007,2025-06-02,3596,3862.54
D05,PM-1007,2025-06-09,2685,2636.38
D05,PM-1007,2025-06-16,2610,2823.53
D05,PM-1007,2025-06-23,2445,2602.72
D05,PM-1007,2025-06-30,2520,2478.88
D05,PM-1007,2025-07-07,2479,2426.25
D05,PM-1007,2025-07-14,2526,2677.33
D05,PM-1007,2025-07-21,2549,2739.09
D05,PM-1007,2025-07-28,2491,2660.89
D05,PM-1007,2025-08-04,2188,2373.72
D05,PM-1007,2025-08-11,2555,2677.9
D05,PM-1007,2025-08-18,2631,2679.69
D05,PM-1007,2025-08-25,2813,2790.31
D05,PM-1007,2025-09-01,2920,3066.05
D05,PM-1007,2025-09-08,2341,2552.79
D05,PM-1007,2025-09-15,2561,2647.18
D05,PM-1007,2025-09-22,2694,2707.8
D05,PM-1007,2025-09-29,2196,2156.53
D05,PM-1007,2025-10-06,2443,2592.22
D05,PM-1007,2025-10-13,2466,2684.76
D05,PM-1007,2025-10-20,1777,1857.81
D05,PM-1007,2025-10-27,2308,2457.24
D05,PM-1007,2025-11-03,2344,2305.47
D05,PM-1007,2025-11-10,2060,2153.61
D05,PM-1007,2025-11-17,2616,2697.52
D05,PM-1007,2025-11-24,2944,3106.16
D05,PM-1007,2025-12-01,2388,2380.93
D05,PM-1007,2025-12-08,1902,1962.73
D05,PM-1007,2025-12-15,2197,2224.32
D05,PM-1007,2025-12-22,1985,2036.24
D05,PM-1007,2025-12-29,3087,3341.62
D05,PM-1007,2026-01-05,2114,2264.11
D05,PM-1007,2026-01-12,2364,2442.87
D05,PM-1007,2026-01-19,2733,2804.56
D05,PM-1007,2026-01-26,2060,2148.55
D05,PM-1007,2026-02-02,2113,2091.21
D05,PM-1007,2026-02-09,2854,3080.07
D05,PM-1007,2026-02-16,2867,3090.47
D05,PM-1007,2026-02-23,2096,2185.98
D05,PM-1007,2026-03-02,2102,2155.72
D05,PM-1007,2026-03-09,2691,2679.77
D05,PM-1007,2026-03-16,2713,2692.16
D05,PM-1007,2026-03-23,2312,2521.69
D05,PM-1007,2026-03-30,2648,2662.37
D05,PM-1007,2026-04-06,2170,2237.21
D05,PM-1007,2026-04-13,2789,3001.45
D05,PM-1007,2026-04-20,2699,2898.94
D05,PM-1007,2026-04-27,2044,2228.77
D05,PM-1007,2026-05-04,2493,2658.97
D05,PM-1007,2026-05-11,2522,2727.79
D05,PM-1007,2026-05-18,2918,2910.38
D05,PM-1007,2026-05-25,2281,2479.85
D05,PM-1007,2026-06-01,3149,3363.52
D05,PM-1007,2026-06-08,2690,2705.26
D05,PM-1007,2026-06-15,3121,3329.93
D05,PM-1007,2026-06-22,2168,2138.43
D05,PM-1006,2024-01-01,2109,1570.3
D05,PM-1006,2024-01-08,2448,1895.96
D05,PM-1006,2024-01-15,2625,1915.4
D05,PM-1006,2024-01-22,2182,1769.26
D05,PM-1006,2024-01-29,3151,2349.76
D05,PM-1006,2024-02-05,2212,1661.91
D05,PM-1006,2024-02-12,2989,2248.04
D05,PM-1006,2024-02-19,2801,2092.03
D05,PM-1006,2024-02-26,4045,3064.52
D05,PM-1006,2024-03-04,2816,2184.29
D05,PM-1006,2024-03-11,2283,1848.63
D05,PM-1006,2024-03-18,2352,1746.79
D05,PM-1006,2024-03-25,2738,2070.57
D05,PM-1006,2024-04-01,1993,1472.43
D05,PM-1006,2024-04-08,2387,1838.93
D05,PM-1006,2024-04-15,3235,2519.0
D05,PM-1006,2024-04-22,4106,3033.21
D05,PM-1006,2024-04-29,2941,2254.11
D05,PM-1006,2024-05-06,2562,2013.68
D05,PM-1006,2024-05-13,3522,2723.75
D05,PM-1006,2024-05-20,3684,2927.82
D05,PM-1006,2024-05-27,2837,2107.27
D05,PM-1006,2024-06-03,3341,2628.07
D05,PM-1006,2024-06-10,3702,2895.77
D05,PM-1006,2024-06-17,3197,2405.43
D05,PM-1006,2024-06-24,2738,2052.37
D05,PM-1006,2024-07-01,2801,2090.26
D05,PM-1006,2024-07-08,2508,1872.77
D05,PM-1006,2024-07-15,2670,2023.53
D05,PM-1006,2024-07-22,3280,2399.27
D05,PM-1006,2024-07-29,2871,2174.07
D05,PM-1006,2024-08-05,2345,1769.26
D05,PM-1006,2024-08-12,3077,2439.86
D05,PM-1006,2024-08-19,3420,2683.15
D05,PM-1006,2024-08-26,2797,2101.68
D05,PM-1006,2024-09-02,2810,2174.77
D05,PM-1006,2024-09-09,3514,2800.1
D05,PM-1006,2024-09-16,3329,2478.49
D05,PM-1006,2024-09-23,3001,2417.46
D05,PM-1006,2024-09-30,3391,2656.84
D05,PM-1006,2024-10-07,3237,2434.57
D05,PM-1006,2024-10-14,2644,2034.81
D05,PM-1006,2024-10-21,2829,2156.69
D05,PM-1006,2024-10-28,2699,2050.21
D05,PM-1006,2024-11-04,3543,2741.15
D05,PM-1006,2024-11-11,2794,2043.27
D05,PM-1006,2024-11-18,2750,2039.65
D05,PM-1006,2024-11-25,3442,2678.79
D05,PM-1006,2024-12-02,2663,1993.38
D05,PM-1006,2024-12-09,2466,1796.66
D05,PM-1006,2024-12-16,1877,1481.27
D05,PM-1006,2024-12-23,2438,1840.1
D05,PM-1006,2024-12-30,2684,1976.79
D05,PM-1006,2025-01-06,3035,2298.27
D05,PM-1006,2025-01-13,2630,1925.67
D05,PM-1006,2025-01-20,2328,1890.72
D05,PM-1006,2025-01-27,2833,2132.32
D05,PM-1006,2025-02-03,2064,1530.11
D05,PM-1006,2025-02-10,3297,2565.73
D05,PM-1006,2025-02-17,3395,2503.12
D05,PM-1006,2025-02-24,2125,1690.17
D05,PM-1006,2025-03-03,2459,1914.71
D05,PM-1006,2025-03-10,2972,2355.2
D05,PM-1006,2025-03-17,3707,2943.79
D05,PM-1006,2025-03-24,2850,2234.62
D05,PM-1006,2025-03-31,3073,2265.12
D05,PM-1006,2025-04-07,3037,2460.67
D05,PM-1006,2025-04-14,2335,1758.93
D05,PM-1006,2025-04-21,2820,2170.89
D05,PM-1006,2025-04-28,2666,2019.46
D05,PM-1006,2025-05-05,3112,2300.39
D05,PM-1006,2025-05-12,2724,1984.9
D05,PM-1006,2025-05-19,3044,2329.1
D05,PM-1006,2025-05-26,3014,2297.1
D05,PM-1006,2025-06-02,3056,2423.16
D05,PM-1006,2025-06-09,3573,2860.88
D05,PM-1006,2025-06-16,3224,2451.57
D05,PM-1006,2025-06-23,2928,2337.81
D05,PM-1006,2025-06-30,3264,2565.64
D05,PM-1006,2025-07-07,2783,2248.44
D05,PM-1006,2025-07-14,2556,1971.74
D05,PM-1006,2025-07-21,3509,2652.46
D05,PM-1006,2025-07-28,2689,2069.29
D05,PM-1006,2025-08-04,2532,1928.12
D05,PM-1006,2025-08-11,3671,2930.63
D05,PM-1006,2025-08-18,3307,2615.0
D05,PM-1006,2025-08-25,2794,2206.27
D05,PM-1006,2025-09-01,3253,2435.27
D05,PM-1006,2025-09-08,2629,1975.7
D05,PM-1006,2025-09-15,3001,2294.9
D05,PM-1006,2025-09-22,2788,2071.7
D05,PM-1006,2025-09-29,2593,2010.68
D05,PM-1006,2025-10-06,2821,2232.93
D05,PM-1006,2025-10-13,2274,1727.69
D05,PM-1006,2025-10-20,2450,1938.76
D05,PM-1006,2025-10-27,1948,1422.54
D05,PM-1006,2025-11-03,2507,1939.84
D05,PM-1006,2025-11-10,2721,2202.52
D05,PM-1006,2025-11-17,2100,1558.95
D05,PM-1006,2025-11-24,2752,2085.63
D05,PM-1006,2025-12-01,1866,1482.11
D05,PM-1006,2025-12-08,2374,1874.35
D05,PM-1006,2025-12-15,2556,2024.62
D05,PM-1006,2025-12-22,2591,1979.31
D05,PM-1006,2025-12-29,2700,2039.62
D05,PM-1006,2026-01-05,2042,1635.77
D05,PM-1006,2026-01-12,2699,2026.71
D05,PM-1006,2026-01-19,2934,2203.74
D05,PM-1006,2026-01-26,2496,1875.91
D05,PM-1006,2026-02-02,2595,2078.41
D05,PM-1006,2026-02-09,2186,1608.37
D05,PM-1006,2026-02-16,3116,2390.09
D05,PM-1006,2026-02-23,2285,1760.04
D05,PM-1006,2026-03-02,3281,2498.28
D05,PM-1006,2026-03-09,3917,2947.48
D05,PM-1006,2026-03-16,2640,2065.85
D05,PM-1006,2026-03-23,2558,2049.93
D05,PM-1006,2026-03-30,2818,2250.25
D05,PM-1006,2026-04-06,3393,2665.11
D05,PM-1006,2026-04-13,2569,2062.98
D05,PM-1006,2026-04-20,2150,1630.38
D05,PM-1006,2026-04-27,3538,2650.72
D05,PM-1006,2026-05-04,3013,2445.33
D05,PM-1006,2026-05-11,2915,2328.95
D05,PM-1006,2026-05-18,3052,2266.62
D05,PM-1006,2026-05-25,2684,2051.74
D05,PM-1006,2026-06-01,2953,2228.3
D05,PM-1006,2026-06-08,3163,2550.54
D05,PM-1006,2026-06-15,3269,2396.19
D05,PM-1006,2026-06-22,3049,2437.55
D05,IG-1008,2024-01-01,82,3596.14
D05,IG-1008,2024-01-08,62,2534.37
D05,IG-1008,2024-01-15,74,3026.75
D05,IG-1008,2024-01-22,74,3052.75
D05,IG-1008,2024-01-29,54,2320.28
D05,IG-1008,2024-02-05,75,2973.23
D05,IG-1008,2024-02-12,55,2344.35
D05,IG-1008,2024-02-19,72,3148.56
D05,IG-1008,2024-02-26,67,2879.72
D05,IG-1008,2024-03-04,82,3407.65
D05,IG-1008,2024-03-11,85,3747.11
D05,IG-1008,2024-03-18,95,4094.71
D05,IG-1008,2024-03-25,79,3462.15
D05,IG-1008,2024-04-01,83,3631.82
D05,IG-1008,2024-04-08,71,3105.08
D05,IG-1008,2024-04-15,74,3010.73
D05,IG-1008,2024-04-22,76,3216.41
D05,IG-1008,2024-04-29,81,3602.77
D05,IG-1008,2024-05-06,113,4808.95
D05,IG-1008,2024-05-13,86,3760.46
D05,IG-1008,2024-05-20,104,4454.66
D05,IG-1008,2024-05-27,94,3806.7
D05,IG-1008,2024-06-03,97,4295.98
D05,IG-1008,2024-06-10,89,3676.24
D05,IG-1008,2024-06-17,85,3519.92
D05,IG-1008,2024-06-24,89,3740.98
D05,IG-1008,2024-07-01,77,3289.3
D05,IG-1008,2024-07-08,80,3429.03
D05,IG-1008,2024-07-15,87,3529.04
D05,IG-1008,2024-07-22,88,3847.87
D05,IG-1008,2024-07-29,64,2547.11
D05,IG-1008,2024-08-05,74,3136.17
D05,IG-1008,2024-08-12,94,3847.68
D05,IG-1008,2024-08-19,95,3934.08
D05,IG-1008,2024-08-26,66,2823.82
D05,IG-1008,2024-09-02,87,3494.5
D05,IG-1008,2024-09-09,140,6049.85
D05,IG-1008,2024-09-16,99,4074.82
D05,IG-1008,2024-09-23,69,2804.24
D05,IG-1008,2024-09-30,84,3631.6
D05,IG-1008,2024-10-07,84,3413.25
D05,IG-1008,2024-10-14,79,3242.6
D05,IG-1008,2024-10-21,94,4038.77
D05,IG-1008,2024-10-28,96,3819.58
D05,IG-1008,2024-11-04,74,3252.68
D05,IG-1008,2024-11-11,88,3630.19
D05,IG-1008,2024-11-18,72,2896.19
D05,IG-1008,2024-11-25,79,3363.85
D05,IG-1008,2024-12-02,102,4364.5
D05,IG-1008,2024-12-09,70,2805.38
D05,IG-1008,2024-12-16,92,3668.89
D05,IG-1008,2024-12-23,67,2680.13
D05,IG-1008,2024-12-30,75,3133.26
D05,IG-1008,2025-01-06,75,2978.67
D05,IG-1008,2025-01-13,73,3138.28
D05,IG-1008,2025-01-20,68,2996.64
D05,IG-1008,2025-01-27,70,2888.06
D05,IG-1008,2025-02-03,65,2672.89
D05,IG-1008,2025-02-10,77,3052.53
D05,IG-1008,2025-02-17,77,3086.85
D05,IG-1008,2025-02-24,88,3747.38
D05,IG-1008,2025-03-03,110,4826.84
D05,IG-1008,2025-03-10,98,4053.49
D05,IG-1008,2025-03-17,97,4209.33
D05,IG-1008,2025-03-24,84,3716.2
D05,IG-1008,2025-03-31,102,4212.15
D05,IG-1008,2025-04-07,105,4614.3
D05,IG-1008,2025-04-14,88,3652.18
D05,IG-1008,2025-04-21,115,4802.37
D05,IG-1008,2025-04-28,94,4072.94
D05,IG-1008,2025-05-05,95,4215.07
D05,IG-1008,2025-05-12,106,4472.8
D05,IG-1008,2025-05-19,83,3429.53
D05,IG-1008,2025-05-26,94,4050.94
D05,IG-1008,2025-06-02,100,4090.02
D05,IG-1008,2025-06-09,93,3943.23
D05,IG-1008,2025-06-16,111,4823.19
D05,IG-1008,2025-06-23,91,4001.81
D05,IG-1008,2025-06-30,94,4180.11
D05,IG-1008,2025-07-07,90,3677.03
D05,IG-1008,2025-07-14,77,3159.93
D05,IG-1008,2025-07-21,85,3573.16
D05,IG-1008,2025-07-28,82,3404.05
D05,IG-1008,2025-08-04,97,4161.18
D05,IG-1008,2025-08-11,68,2730.66
D05,IG-1008,2025-08-18,59,2485.79
D05,IG-1008,2025-08-25,55,2222.13
D05,IG-1008,2025-09-01,64,2746.25
D05,IG-1008,2025-09-08,80,3464.42
D05,IG-1008,2025-09-15,74,2951.76
D05,IG-1008,2025-09-22,64,2699.47
D05,IG-1008,2025-09-29,90,3674.48
D05,IG-1008,2025-10-06,53,2243.75
D05,IG-1008,2025-10-13,73,2936.0
D05,IG-1008,2025-10-20,57,2283.82
D05,IG-1008,2025-10-27,79,3481.65
D05,IG-1008,2025-11-03,57,2410.02
D05,IG-1008,2025-11-10,70,2833.05
D05,IG-1008,2025-11-17,57,2339.2
D05,IG-1008,2025-11-24,85,3583.28
D05,IG-1008,2025-12-01,59,2636.49
D05,IG-1008,2025-12-08,57,2488.2
D05,IG-1008,2025-12-15,59,2616.56
D05,IG-1008,2025-12-22,62,2692.36
D05,IG-1008,2025-12-29,71,2965.37
D05,IG-1008,2026-01-05,69,2997.7
D05,IG-1008,2026-01-12,41,1649.43
D05,IG-1008,2026-01-19,53,2160.73
D05,IG-1008,2026-01-26,50,2108.52
D05,IG-1008,2026-02-02,62,2576.65
D05,IG-1008,2026-02-09,51,2135.76
D05,IG-1008,2026-02-16,75,3171.1
D05,IG-1008,2026-02-23,49,2106.88
D05,IG-1008,2026-03-02,44,1938.72
D05,IG-1008,2026-03-09,57,2454.34
D05,IG-1008,2026-03-16,62,2643.53
D05,IG-1008,2026-03-23,48,2109.37
D05,IG-1008,2026-03-30,67,2889.95
D05,IG-1008,2026-04-06,50,2036.43
D05,IG-1008,2026-04-13,52,2191.81
D05,IG-1008,2026-04-20,56,2490.18
D05,IG-1008,2026-04-27,51,2126.8
D05,IG-1008,2026-05-04,75,3342.96
D05,IG-1008,2026-05-11,46,1925.33
D05,IG-1008,2026-05-18,45,1975.11
D05,IG-1008,2026-05-25,51,2177.75
D05,IG-1008,2026-06-01,48,2043.4
D05,IG-1008,2026-06-08,45,1793.76
D05,IG-1008,2026-06-15,59,2438.1
D05,IG-1008,2026-06-22,48,2030.88
D05,IG-1014,2024-01-01,38,1647.79
D05,IG-1014,2024-01-08,39,1613.13
D05,IG-1014,2024-01-15,31,1391.9
D05,IG-1014,2024-01-22,32,1419.01
D05,IG-1014,2024-01-29,37,1662.47
D05,IG-1014,2024-02-05,32,1342.54
D05,IG-1014,2024-02-12,35,1527.79
D05,IG-1014,2024-02-19,42,1740.99
D05,IG-1014,2024-02-26,36,1643.64
D05,IG-1014,2024-03-04,29,1252.1
D05,IG-1014,2024-03-11,41,1724.15
D05,IG-1014,2024-03-18,35,1444.49
D05,IG-1014,2024-03-25,35,1454.8
D05,IG-1014,2024-04-01,55,2484.04
D05,IG-1014,2024-04-08,40,1800.99
D05,IG-1014,2024-04-15,54,2348.08
D05,IG-1014,2024-04-22,35,1454.41
D05,IG-1014,2024-04-29,36,1600.22
D05,IG-1014,2024-05-06,38,1633.63
D05,IG-1014,2024-05-13,40,1825.06
D05,IG-1014,2024-05-20,39,1650.31
D05,IG-1014,2024-05-27,36,1556.21
D05,IG-1014,2024-06-03,48,2083.36
D05,IG-1014,2024-06-10,42,1859.57
D05,IG-1014,2024-06-17,47,2053.59
D05,IG-1014,2024-06-24,44,1991.05
D05,IG-1014,2024-07-01,61,2637.88
D05,IG-1014,2024-07-08,43,1886.54
D05,IG-1014,2024-07-15,48,2010.17
D05,IG-1014,2024-07-22,51,2241.53
D05,IG-1014,2024-07-29,35,1549.7
D05,IG-1014,2024-08-05,35,1569.75
D05,IG-1014,2024-08-12,36,1573.15
D05,IG-1014,2024-08-19,39,1693.36
D05,IG-1014,2024-08-26,39,1649.85
D05,IG-1014,2024-09-02,42,1855.57
D05,IG-1014,2024-09-09,51,2249.38
D05,IG-1014,2024-09-16,32,1374.68
D05,IG-1014,2024-09-23,32,1433.9
D05,IG-1014,2024-09-30,36,1492.39
D05,IG-1014,2024-10-07,34,1481.31
D05,IG-1014,2024-10-14,31,1287.56
D05,IG-1014,2024-10-21,37,1606.81
D05,IG-1014,2024-10-28,40,1650.62
D05,IG-1014,2024-11-04,38,1622.42
D05,IG-1014,2024-11-11,36,1539.68
D05,IG-1014,2024-11-18,39,1603.95
D05,IG-1014,2024-11-25,30,1243.35
D05,IG-1014,2024-12-02,43,1885.77
D05,IG-1014,2024-12-09,39,1731.68
D05,IG-1014,2024-12-16,41,1734.89
D05,IG-1014,2024-12-23,40,1806.48
D05,IG-1014,2024-12-30,31,1388.21
D05,IG-1014,2025-01-06,37,1652.52
D05,IG-1014,2025-01-13,49,2047.14
D05,IG-1014,2025-01-20,44,1902.68
D05,IG-1014,2025-01-27,40,1797.49
D05,IG-1014,2025-02-03,47,2018.01
D05,IG-1014,2025-02-10,49,2055.44
D05,IG-1014,2025-02-17,52,2293.67
D05,IG-1014,2025-02-24,48,2111.58
D05,IG-1014,2025-03-03,54,2278.05
D05,IG-1014,2025-03-10,45,1842.06
D05,IG-1014,2025-03-17,51,2161.07
D05,IG-1014,2025-03-24,39,1631.22
D05,IG-1014,2025-03-31,52,2183.72
D05,IG-1014,2025-04-07,48,2032.03
D05,IG-1014,2025-04-14,51,2276.72
D05,IG-1014,2025-04-21,57,2410.48
D05,IG-1014,2025-04-28,42,1745.14
D05,IG-1014,2025-05-05,60,2579.89
D05,IG-1014,2025-05-12,54,2265.22
D05,IG-1014,2025-05-19,51,2185.15
D05,IG-1014,2025-05-26,41,1740.49
D05,IG-1014,2025-06-02,45,2006.37
D05,IG-1014,2025-06-09,57,2498.14
D05,IG-1014,2025-06-16,50,2230.18
D05,IG-1014,2025-06-23,59,2658.75
D05,IG-1014,2025-06-30,56,2420.92
D05,IG-1014,2025-07-07,34,1394.79
D05,IG-1014,2025-07-14,37,1581.16
D05,IG-1014,2025-07-21,36,1574.64
D05,IG-1014,2025-07-28,42,1817.21
D05,IG-1014,2025-08-04,36,1555.01
D05,IG-1014,2025-08-11,35,1530.01
D05,IG-1014,2025-08-18,37,1676.81
D05,IG-1014,2025-08-25,33,1471.1
D05,IG-1014,2025-09-01,38,1604.58
D05,IG-1014,2025-09-08,34,1396.51
D05,IG-1014,2025-09-15,39,1722.43
D05,IG-1014,2025-09-22,36,1544.55
D05,IG-1014,2025-09-29,33,1453.71
D05,IG-1014,2025-10-06,39,1674.53
D05,IG-1014,2025-10-13,28,1234.29
D05,IG-1014,2025-10-20,31,1359.12
D05,IG-1014,2025-10-27,30,1238.43
D05,IG-1014,2025-11-03,31,1341.88
D05,IG-1014,2025-11-10,27,1113.51
D05,IG-1014,2025-11-17,29,1193.51
D05,IG-1014,2025-11-24,26,1093.67
D05,IG-1014,2025-12-01,23,941.46
D05,IG-1014,2025-12-08,27,1208.09
D05,IG-1014,2025-12-15,29,1295.63
D05,IG-1014,2025-12-22,23,1034.26
D05,IG-1014,2025-12-29,26,1167.6
D05,IG-1014,2026-01-05,29,1288.15
D05,IG-1014,2026-01-12,30,1339.45
D05,IG-1014,2026-01-19,30,1243.87
D05,IG-1014,2026-01-26,23,967.35
D05,IG-1014,2026-02-02,37,1586.89
D05,IG-1014,2026-02-09,21,939.56
D05,IG-1014,2026-02-16,26,1107.35
D05,IG-1014,2026-02-23,19,849.97
D05,IG-1014,2026-03-02,23,996.23
D05,IG-1014,2026-03-09,23,1046.46
D05,IG-1014,2026-03-16,32,1406.34
D05,IG-1014,2026-03-23,34,1551.81
D05,IG-1014,2026-03-30,28,1234.07
D05,IG-1014,2026-04-06,25,1099.35
D05,IG-1014,2026-04-13,18,755.22
D05,IG-1014,2026-04-20,24,1071.29
D05,IG-1014,2026-04-27,20,912.66
D05,IG-1014,2026-05-04,25,1022.22
D05,IG-1014,2026-05-11,26,1132.31
D05,IG-1014,2026-05-18,28,1167.56
D05,IG-1014,2026-05-25,27,1135.95
D05,IG-1014,2026-06-01,26,1148.0
D05,IG-1014,2026-06-08,25,1106.72
D05,IG-1014,2026-06-15,27,1172.27
D05,IG-1014,2026-06-22,32,1338.17
D05,PW-1032,2024-01-01,975,4079.52
D05,PW-1032,2024-01-08,1124,4541.79
D05,PW-1032,2024-01-15,1236,5205.26
D05,PW-1032,2024-01-22,1198,4727.4
D05,PW-1032,2024-01-29,1281,5179.62
D05,PW-1032,2024-02-05,1251,5181.24
D05,PW-1032,2024-02-12,1579,6109.38
D05,PW-1032,2024-02-19,1295,4899.21
D05,PW-1032,2024-02-26,1269,5301.53
D05,PW-1032,2024-03-04,1139,4336.62
D05,PW-1032,2024-03-11,1793,7251.03
D05,PW-1032,2024-03-18,1910,8008.49
D05,PW-1032,2024-03-25,1642,6502.08
D05,PW-1032,2024-04-01,1628,6247.04
D05,PW-1032,2024-04-08,1782,6861.56
D05,PW-1032,2024-04-15,1842,7205.84
D05,PW-1032,2024-04-22,1383,5739.61
D05,PW-1032,2024-04-29,1598,6617.3
D05,PW-1032,2024-05-06,1936,7466.26
D05,PW-1032,2024-05-13,1550,6038.86
D05,PW-1032,2024-05-20,1732,6625.96
D05,PW-1032,2024-05-27,2038,7787.22
D05,PW-1032,2024-06-03,2441,9429.37
D05,PW-1032,2024-06-10,1981,7545.65
D05,PW-1032,2024-06-17,1415,5788.72
D05,PW-1032,2024-06-24,1542,6123.0
D05,PW-1032,2024-07-01,2051,7831.21
D05,PW-1032,2024-07-08,1526,6222.94
D05,PW-1032,2024-07-15,1940,8073.36
D05,PW-1032,2024-07-22,2195,8438.33
D05,PW-1032,2024-07-29,1981,8351.01
D05,PW-1032,2024-08-05,2197,9178.2
D05,PW-1032,2024-08-12,1406,5507.02
D05,PW-1032,2024-08-19,1239,5104.78
D05,PW-1032,2024-08-26,1462,5596.01
D05,PW-1032,2024-09-02,1634,6439.51
D05,PW-1032,2024-09-09,1413,5918.05
D05,PW-1032,2024-09-16,1430,5619.09
D05,PW-1032,2024-09-23,1561,6271.92
D05,PW-1032,2024-09-30,1477,5806.66
D05,PW-1032,2024-10-07,1781,7203.61
D05,PW-1032,2024-10-14,1564,6202.43
D05,PW-1032,2024-10-21,1419,5476.38
D05,PW-1032,2024-10-28,1780,6921.72
D05,PW-1032,2024-11-04,2357,9725.75
D05,PW-1032,2024-11-11,1639,6880.39
D05,PW-1032,2024-11-18,1408,5540.76
D05,PW-1032,2024-11-25,1188,4675.58
D05,PW-1032,2024-12-02,1462,6132.79
D05,PW-1032,2024-12-09,1275,5291.49
D05,PW-1032,2024-12-16,1648,6423.2
D05,PW-1032,2024-12-23,1973,8186.96
D05,PW-1032,2024-12-30,1355,5261.89
D05,PW-1032,2025-01-06,1420,5878.38
D05,PW-1032,2025-01-13,1739,6645.42
D05,PW-1032,2025-01-20,1411,5462.81
D05,PW-1032,2025-01-27,1221,5149.0
D05,PW-1032,2025-02-03,1917,7604.58
D05,PW-1032,2025-02-10,1313,5206.56
D05,PW-1032,2025-02-17,1615,6204.63
D05,PW-1032,2025-02-24,1621,6277.57
D05,PW-1032,2025-03-03,1569,6524.27
D05,PW-1032,2025-03-10,1853,7419.35
D05,PW-1032,2025-03-17,1361,5730.81
D05,PW-1032,2025-03-24,1824,7483.29
D05,PW-1032,2025-03-31,1538,5975.92
D05,PW-1032,2025-04-07,1779,7194.04
D05,PW-1032,2025-04-14,1575,6299.15
D05,PW-1032,2025-04-21,1830,7427.35
D05,PW-1032,2025-04-28,2054,7908.8
D05,PW-1032,2025-05-05,1782,7475.25
D05,PW-1032,2025-05-12,1752,6662.05
D05,PW-1032,2025-05-19,1640,6280.48
D05,PW-1032,2025-05-26,1884,7646.79
D05,PW-1032,2025-06-02,2161,8971.75
D05,PW-1032,2025-06-09,1845,7429.4
D05,PW-1032,2025-06-16,2303,9044.09
D05,PW-1032,2025-06-23,1798,6935.3
D05,PW-1032,2025-06-30,2489,10462.34
D05,PW-1032,2025-07-07,1389,5518.49
D05,PW-1032,2025-07-14,1712,7191.31
D05,PW-1032,2025-07-21,1636,6511.21
D05,PW-1032,2025-07-28,1815,7146.3
D05,PW-1032,2025-08-04,2003,8146.27
D05,PW-1032,2025-08-11,2682,10932.63
D05,PW-1032,2025-08-18,1839,7458.63
D05,PW-1032,2025-08-25,2044,8590.38
D05,PW-1032,2025-09-01,1580,6266.87
D05,PW-1032,2025-09-08,1691,6501.0
D05,PW-1032,2025-09-15,1946,7797.2
D05,PW-1032,2025-09-22,1389,5642.59
D05,PW-1032,2025-09-29,1457,5837.7
D05,PW-1032,2025-10-06,1738,6596.22
D05,PW-1032,2025-10-13,1664,6935.51
D05,PW-1032,2025-10-20,1751,7307.98
D05,PW-1032,2025-10-27,1309,5465.67
D05,PW-1032,2025-11-03,1593,6235.95
D05,PW-1032,2025-11-10,1608,6114.95
D05,PW-1032,2025-11-17,1715,6835.91
D05,PW-1032,2025-11-24,1889,7719.03
D05,PW-1032,2025-12-01,1675,6924.64
D05,PW-1032,2025-12-08,1412,5835.28
D05,PW-1032,2025-12-15,1752,7053.59
D05,PW-1032,2025-12-22,1288,5007.61
D05,PW-1032,2025-12-29,1707,7202.38
D05,PW-1032,2026-01-05,1819,7082.26
D05,PW-1032,2026-01-12,1688,6797.64
D05,PW-1032,2026-01-19,1895,7610.17
D05,PW-1032,2026-01-26,1421,5479.03
D05,PW-1032,2026-02-02,2458,9442.95
D05,PW-1032,2026-02-09,1539,6197.97
D05,PW-1032,2026-02-16,1209,4860.27
D05,PW-1032,2026-02-23,1491,5853.21
D05,PW-1032,2026-03-02,2837,11345.0
D05,PW-1032,2026-03-09,2176,8785.16
D05,PW-1032,2026-03-16,1545,6164.66
D05,PW-1032,2026-03-23,2253,9276.6
D05,PW-1032,2026-03-30,2313,9019.3
D05,PW-1032,2026-04-06,1551,6512.1
D05,PW-1032,2026-04-13,2338,8869.83
D05,PW-1032,2026-04-20,1846,7506.46
D05,PW-1032,2026-04-27,2198,9272.21
D05,PW-1032,2026-05-04,2303,8787.58
D05,PW-1032,2026-05-11,2310,8736.67
D05,PW-1032,2026-05-18,1957,7883.16
D05,PW-1032,2026-05-25,1791,7432.16
D05,PW-1032,2026-06-01,2199,8524.38
D05,PW-1032,2026-06-08,2303,8754.76
D05,PW-1032,2026-06-15,2186,9115.18
D05,PW-1032,2026-06-22,2019,7779.36
D05,IS-1025,2024-01-01,205,2796.0
D05,IS-1025,2024-01-08,216,2966.6
D05,IS-1025,2024-01-15,184,2387.35
D05,IS-1025,2024-01-22,224,3037.94
D05,IS-1025,2024-01-29,276,3672.5
D05,IS-1025,2024-02-05,281,3508.57
D05,IS-1025,2024-02-12,257,3414.06
D05,IS-1025,2024-02-19,209,2725.46
D05,IS-1025,2024-02-26,257,3384.63
D05,IS-1025,2024-03-04,234,3103.75
D05,IS-1025,2024-03-11,232,2952.93
D05,IS-1025,2024-03-18,294,3738.28
D05,IS-1025,2024-03-25,237,2983.88
D05,IS-1025,2024-04-01,238,3100.45
D05,IS-1025,2024-04-08,272,3538.17
D05,IS-1025,2024-04-15,209,2806.03
D05,IS-1025,2024-04-22,251,3424.17
D05,IS-1025,2024-04-29,314,4100.31
D05,IS-1025,2024-05-06,327,4365.21
D05,IS-1025,2024-05-13,230,3069.84
D05,IS-1025,2024-05-20,228,2888.79
D05,IS-1025,2024-05-27,243,3364.9
D05,IS-1025,2024-06-03,163,2159.4
D05,IS-1025,2024-06-10,344,4635.66
D05,IS-1025,2024-06-17,296,3846.45
D05,IS-1025,2024-06-24,225,3040.7
D05,IS-1025,2024-07-01,216,2972.01
D05,IS-1025,2024-07-08,265,3480.36
D05,IS-1025,2024-07-15,278,3487.23
D05,IS-1025,2024-07-22,356,4699.76
D05,IS-1025,2024-07-29,241,3295.12
D05,IS-1025,2024-08-05,267,3545.26
D05,IS-1025,2024-08-12,238,3265.7
D05,IS-1025,2024-08-19,247,3189.95
D05,IS-1025,2024-08-26,333,4279.38
D05,IS-1025,2024-09-02,376,4761.76
D05,IS-1025,2024-09-09,274,3633.22
D05,IS-1025,2024-09-16,200,2716.67
D05,IS-1025,2024-09-23,278,3874.94
D05,IS-1025,2024-09-30,241,3059.23
D05,IS-1025,2024-10-07,247,3241.1
D05,IS-1025,2024-10-14,230,2927.51
D05,IS-1025,2024-10-21,214,2746.13
D05,IS-1025,2024-10-28,250,3439.45
D05,IS-1025,2024-11-04,211,2928.52
D05,IS-1025,2024-11-11,219,2816.44
D05,IS-1025,2024-11-18,228,3106.48
D05,IS-1025,2024-11-25,236,3226.68
D05,IS-1025,2024-12-02,181,2305.2
D05,IS-1025,2024-12-09,238,2990.11
D05,IS-1025,2024-12-16,210,2705.56
D05,IS-1025,2024-12-23,243,3050.02
D05,IS-1025,2024-12-30,314,3928.75
D05,IS-1025,2025-01-06,199,2692.82
D05,IS-1025,2025-01-13,224,3058.44
D05,IS-1025,2025-01-20,216,2784.56
D05,IS-1025,2025-01-27,211,2687.24
D05,IS-1025,2025-02-03,194,2612.46
D05,IS-1025,2025-02-10,237,3160.27
D05,IS-1025,2025-02-17,204,2784.18
D05,IS-1025,2025-02-24,303,3984.85
D05,IS-1025,2025-03-03,249,3459.08
D05,IS-1025,2025-03-10,199,2766.68
D05,IS-1025,2025-03-17,255,3545.3
D05,IS-1025,2025-03-24,247,3201.76
D05,IS-1025,2025-03-31,207,2652.09
D05,IS-1025,2025-04-07,246,3419.45
D05,IS-1025,2025-04-14,257,3530.61
D05,IS-1025,2025-04-21,346,4692.24
D05,IS-1025,2025-04-28,213,2843.87
D05,IS-1025,2025-05-05,267,3679.98
D05,IS-1025,2025-05-12,213,2818.85
D05,IS-1025,2025-05-19,241,3100.5
D05,IS-1025,2025-05-26,219,2940.62
D05,IS-1025,2025-06-02,316,4348.36
D05,IS-1025,2025-06-09,308,4288.78
D05,IS-1025,2025-06-16,300,4097.28
D05,IS-1025,2025-06-23,230,2933.4
D05,IS-1025,2025-06-30,222,2866.3
D05,IS-1025,2025-07-07,251,3500.39
D05,IS-1025,2025-07-14,330,4395.04
D05,IS-1025,2025-07-21,288,3869.7
D05,IS-1025,2025-07-28,356,4611.89
D05,IS-1025,2025-08-04,233,3008.06
D05,IS-1025,2025-08-11,241,3074.94
D05,IS-1025,2025-08-18,267,3424.22
D05,IS-1025,2025-08-25,235,3082.75
D05,IS-1025,2025-09-01,233,3236.27
D05,IS-1025,2025-09-08,199,2586.42
D05,IS-1025,2025-09-15,202,2642.18
D05,IS-1025,2025-09-22,322,4048.55
D05,IS-1025,2025-09-29,208,2794.71
D05,IS-1025,2025-10-06,264,3573.45
D05,IS-1025,2025-10-13,173,2181.77
D05,IS-1025,2025-10-20,222,3064.09
D05,IS-1025,2025-10-27,187,2514.21
D05,IS-1025,2025-11-03,210,2881.7
D05,IS-1025,2025-11-10,248,3248.37
D05,IS-1025,2025-11-17,206,2813.72
D05,IS-1025,2025-11-24,286,3842.6
D05,IS-1025,2025-12-01,225,2846.52
D05,IS-1025,2025-12-08,220,2878.98
D05,IS-1025,2025-12-15,203,2780.08
D05,IS-1025,2025-12-22,188,2571.12
D05,IS-1025,2025-12-29,193,2420.67
D05,IS-1025,2026-01-05,233,3142.58
D05,IS-1025,2026-01-12,195,2699.03
D05,IS-1025,2026-01-19,211,2725.15
D05,IS-1025,2026-01-26,211,2932.85
D05,IS-1025,2026-02-02,288,3775.69
D05,IS-1025,2026-02-09,231,2973.06
D05,IS-1025,2026-02-16,237,3154.19
D05,IS-1025,2026-02-23,202,2731.49
D05,IS-1025,2026-03-02,205,2739.34
D05,IS-1025,2026-03-09,201,2669.04
D05,IS-1025,2026-03-16,234,2976.02
D05,IS-1025,2026-03-23,187,2570.86
D05,IS-1025,2026-03-30,272,3629.87
D05,IS-1025,2026-04-06,263,3553.32
D05,IS-1025,2026-04-13,206,2799.93
D05,IS-1025,2026-04-20,241,3319.98
D05,IS-1025,2026-04-27,299,3980.29
D05,IS-1025,2026-05-04,252,3515.43
D05,IS-1025,2026-05-11,212,2805.7
D05,IS-1025,2026-05-18,307,4038.85
D05,IS-1025,2026-05-25,300,3887.4
D05,IS-1025,2026-06-01,310,3998.91
D05,IS-1025,2026-06-08,223,3020.99
D05,IS-1025,2026-06-15,414,5179.0
D05,IS-1025,2026-06-22,273,3759.87
D05,SC-1020,2024-01-01,380,4311.88
D05,SC-1020,2024-01-08,334,3785.03
D05,SC-1020,2024-01-15,306,3800.83
D05,SC-1020,2024-01-22,370,4309.56
D05,SC-1020,2024-01-29,322,3878.2
D05,SC-1020,2024-02-05,397,4768.62
D05,SC-1020,2024-02-12,400,4568.99
D05,SC-1020,2024-02-19,488,5562.52
D05,SC-1020,2024-02-26,462,5630.59
D05,SC-1020,2024-03-04,425,5052.96
D05,SC-1020,2024-03-11,368,4573.66
D05,SC-1020,2024-03-18,348,4151.62
D05,SC-1020,2024-03-25,470,5655.64
D05,SC-1020,2024-04-01,431,5074.55
D05,SC-1020,2024-04-08,364,4331.01
D05,SC-1020,2024-04-15,424,4961.97
D05,SC-1020,2024-04-22,409,4810.19
D05,SC-1020,2024-04-29,404,4634.17
D05,SC-1020,2024-05-06,436,5336.41
D05,SC-1020,2024-05-13,392,4567.34
D05,SC-1020,2024-05-20,363,4515.46
D05,SC-1020,2024-05-27,578,6720.16
D05,SC-1020,2024-06-03,426,5058.73
D05,SC-1020,2024-06-10,483,5619.01
D05,SC-1020,2024-06-17,350,4022.21
D05,SC-1020,2024-06-24,362,4444.58
D05,SC-1020,2024-07-01,386,4377.73
D05,SC-1020,2024-07-08,385,4689.93
D05,SC-1020,2024-07-15,381,4447.57
D05,SC-1020,2024-07-22,384,4436.38
D05,SC-1020,2024-07-29,495,5592.84
D05,SC-1020,2024-08-05,392,4738.74
D05,SC-1020,2024-08-12,315,3806.98
D05,SC-1020,2024-08-19,442,5208.53
D05,SC-1020,2024-08-26,401,4564.17
D05,SC-1020,2024-09-02,539,6158.54
D05,SC-1020,2024-09-09,422,5123.34
D05,SC-1020,2024-09-16,512,5931.82
D05,SC-1020,2024-09-23,405,4666.58
D05,SC-1020,2024-09-30,382,4743.77
D05,SC-1020,2024-10-07,455,5550.27
D05,SC-1020,2024-10-14,343,4143.22
D05,SC-1020,2024-10-21,487,5955.29
D05,SC-1020,2024-10-28,387,4758.63
D05,SC-1020,2024-11-04,324,3845.44
D05,SC-1020,2024-11-11,441,5168.85
D05,SC-1020,2024-11-18,395,4510.77
D05,SC-1020,2024-11-25,340,4023.43
D05,SC-1020,2024-12-02,434,5328.28
D05,SC-1020,2024-12-09,380,4443.84
D05,SC-1020,2024-12-16,457,5452.52
D05,SC-1020,2024-12-23,405,4752.3
D05,SC-1020,2024-12-30,445,5553.96
D05,SC-1020,2025-01-06,401,4644.6
D05,SC-1020,2025-01-13,337,4044.62
D05,SC-1020,2025-01-20,486,6004.17
D05,SC-1020,2025-01-27,386,4718.81
D05,SC-1020,2025-02-03,323,3627.03
D05,SC-1020,2025-02-10,415,4781.64
D05,SC-1020,2025-02-17,403,4679.24
D05,SC-1020,2025-02-24,518,6377.38
D05,SC-1020,2025-03-03,415,5020.24
D05,SC-1020,2025-03-10,456,5168.22
D05,SC-1020,2025-03-17,510,5968.97
D05,SC-1020,2025-03-24,480,5539.6
D05,SC-1020,2025-03-31,561,6831.92
D05,SC-1020,2025-04-07,571,6843.74
D05,SC-1020,2025-04-14,429,5303.49
D05,SC-1020,2025-04-21,526,6097.65
D05,SC-1020,2025-04-28,642,7228.27
D05,SC-1020,2025-05-05,447,5502.81
D05,SC-1020,2025-05-12,431,5329.27
D05,SC-1020,2025-05-19,571,6630.67
D05,SC-1020,2025-05-26,463,5263.64
D05,SC-1020,2025-06-02,701,8436.94
D05,SC-1020,2025-06-09,496,5752.63
D05,SC-1020,2025-06-16,457,5505.04
D05,SC-1020,2025-06-23,484,5521.2
D05,SC-1020,2025-06-30,651,7456.3
D05,SC-1020,2025-07-07,329,3745.53
D05,SC-1020,2025-07-14,374,4652.81
D05,SC-1020,2025-07-21,374,4336.28
D05,SC-1020,2025-07-28,261,3000.7
D05,SC-1020,2025-08-04,352,4395.64
D05,SC-1020,2025-08-11,362,4324.26
D05,SC-1020,2025-08-18,322,3686.81
D05,SC-1020,2025-08-25,402,4713.42
D05,SC-1020,2025-09-01,400,4611.35
D05,SC-1020,2025-09-08,356,4179.5
D05,SC-1020,2025-09-15,288,3416.69
D05,SC-1020,2025-09-22,294,3525.34
D05,SC-1020,2025-09-29,389,4493.67
D05,SC-1020,2025-10-06,461,5262.08
D05,SC-1020,2025-10-13,368,4379.08
D05,SC-1020,2025-10-20,338,3849.78
D05,SC-1020,2025-10-27,268,3246.68
D05,SC-1020,2025-11-03,311,3560.67
D05,SC-1020,2025-11-10,248,3043.67
D05,SC-1020,2025-11-17,325,3679.72
D05,SC-1020,2025-11-24,279,3440.53
D05,SC-1020,2025-12-01,245,2747.6
D05,SC-1020,2025-12-08,271,3119.07
D05,SC-1020,2025-12-15,305,3447.33
D05,SC-1020,2025-12-22,294,3666.28
D05,SC-1020,2025-12-29,286,3436.95
D05,SC-1020,2026-01-05,297,3513.89
D05,SC-1020,2026-01-12,239,2705.71
D05,SC-1020,2026-01-19,241,2868.04
D05,SC-1020,2026-01-26,246,2974.22
D05,SC-1020,2026-02-02,229,2654.93
D05,SC-1020,2026-02-09,280,3456.09
D05,SC-1020,2026-02-16,224,2688.38
D05,SC-1020,2026-02-23,290,3264.4
D05,SC-1020,2026-03-02,221,2738.35
D05,SC-1020,2026-03-09,313,3815.65
D05,SC-1020,2026-03-16,292,3599.34
D05,SC-1020,2026-03-23,224,2667.04
D05,SC-1020,2026-03-30,301,3618.7
D05,SC-1020,2026-04-06,276,3118.12
D05,SC-1020,2026-04-13,332,3904.63
D05,SC-1020,2026-04-20,276,3398.37
D05,SC-1020,2026-04-27,221,2615.91
D05,SC-1020,2026-05-04,267,3188.86
D05,SC-1020,2026-05-11,278,3380.13
D05,SC-1020,2026-05-18,266,3125.22
D05,SC-1020,2026-05-25,312,3839.4
D05,SC-1020,2026-06-01,337,3882.2
D05,SC-1020,2026-06-08,311,3663.72
D05,SC-1020,2026-06-15,248,2924.7
D05,SC-1020,2026-06-22,304,3472.46
D05,PM-1004,2024-01-01,2283,2724.11
D05,PM-1004,2024-01-08,2385,2779.9
D05,PM-1004,2024-01-15,2724,3033.84
D05,PM-1004,2024-01-22,2694,3032.43
D05,PM-1004,2024-01-29,2452,2851.02
D05,PM-1004,2024-02-05,2044,2243.92
D05,PM-1004,2024-02-12,1587,1744.17
D05,PM-1004,2024-02-19,2895,3363.09
D05,PM-1004,2024-02-26,3075,3648.71
D05,PM-1004,2024-03-04,2209,2637.96
D05,PM-1004,2024-03-11,2894,3203.34
D05,PM-1004,2024-03-18,1782,2093.47
D05,PM-1004,2024-03-25,2766,3237.74
D05,PM-1004,2024-04-01,2665,3101.03
D05,PM-1004,2024-04-08,2296,2550.4
D05,PM-1004,2024-04-15,3428,4032.54
D05,PM-1004,2024-04-22,2472,2903.02
D05,PM-1004,2024-04-29,2977,3474.48
D05,PM-1004,2024-05-06,3445,4023.22
D05,PM-1004,2024-05-13,2570,2977.01
D05,PM-1004,2024-05-20,2997,3607.59
D05,PM-1004,2024-05-27,2616,3157.09
D05,PM-1004,2024-06-03,2769,3211.21
D05,PM-1004,2024-06-10,2281,2664.7
D05,PM-1004,2024-06-17,2691,3062.4
D05,PM-1004,2024-06-24,2703,2953.45
D05,PM-1004,2024-07-01,2672,2958.54
D05,PM-1004,2024-07-08,3113,3451.07
D05,PM-1004,2024-07-15,2716,3121.77
D05,PM-1004,2024-07-22,2220,2587.1
D05,PM-1004,2024-07-29,2790,3099.71
D05,PM-1004,2024-08-05,2338,2633.02
D05,PM-1004,2024-08-12,2605,2991.91
D05,PM-1004,2024-08-19,2563,3055.42
D05,PM-1004,2024-08-26,2771,3273.2
D05,PM-1004,2024-09-02,2541,3059.02
D05,PM-1004,2024-09-09,2675,3048.4
D05,PM-1004,2024-09-16,2474,2750.84
D05,PM-1004,2024-09-23,3385,3934.56
D05,PM-1004,2024-09-30,2258,2487.21
D05,PM-1004,2024-10-07,2172,2569.6
D05,PM-1004,2024-10-14,2561,2974.73
D05,PM-1004,2024-10-21,2171,2546.38
D05,PM-1004,2024-10-28,2591,3032.23
D05,PM-1004,2024-11-04,1904,2209.88
D05,PM-1004,2024-11-11,2329,2689.09
D05,PM-1004,2024-11-18,2429,2678.29
D05,PM-1004,2024-11-25,1913,2107.94
D05,PM-1004,2024-12-02,2391,2818.43
D05,PM-1004,2024-12-09,1680,1837.06
D05,PM-1004,2024-12-16,2267,2640.67
D05,PM-1004,2024-12-23,2700,3235.37
D05,PM-1004,2024-12-30,1993,2408.05
D05,PM-1004,2025-01-06,2253,2509.92
D05,PM-1004,2025-01-13,2017,2227.9
D05,PM-1004,2025-01-20,2555,2989.29
D05,PM-1004,2025-01-27,2619,2892.38
D05,PM-1004,2025-02-03,2535,2891.77
D05,PM-1004,2025-02-10,2639,2893.57
D05,PM-1004,2025-02-17,2152,2432.48
D05,PM-1004,2025-02-24,2367,2604.81
D05,PM-1004,2025-03-03,2038,2383.3
D05,PM-1004,2025-03-10,2136,2450.33
D05,PM-1004,2025-03-17,2403,2895.53
D05,PM-1004,2025-03-24,2982,3575.22
D05,PM-1004,2025-03-31,2213,2494.51
D05,PM-1004,2025-04-07,2663,2916.17
D05,PM-1004,2025-04-14,2246,2546.89
D05,PM-1004,2025-04-21,2155,2512.65
D05,PM-1004,2025-04-28,3190,3654.12
D05,PM-1004,2025-05-05,3096,3735.73
D05,PM-1004,2025-05-12,2332,2668.99
D05,PM-1004,2025-05-19,2503,2986.09
D05,PM-1004,2025-05-26,2707,2979.07
D05,PM-1004,2025-06-02,2273,2573.92
D05,PM-1004,2025-06-09,2852,3357.69
D05,PM-1004,2025-06-16,2078,2378.05
D05,PM-1004,2025-06-23,2437,2815.42
D05,PM-1004,2025-06-30,2494,2917.35
D05,PM-1004,2025-07-07,2804,3373.56
D05,PM-1004,2025-07-14,3147,3545.54
D05,PM-1004,2025-07-21,2212,2435.73
D05,PM-1004,2025-07-28,2517,3021.78
D05,PM-1004,2025-08-04,2781,3039.37
D05,PM-1004,2025-08-11,2499,2802.42
D05,PM-1004,2025-08-18,2434,2732.97
D05,PM-1004,2025-08-25,2804,3219.64
D05,PM-1004,2025-09-01,1860,2171.23
D05,PM-1004,2025-09-08,2357,2703.14
D05,PM-1004,2025-09-15,2433,2698.95
D05,PM-1004,2025-09-22,2379,2732.85
D05,PM-1004,2025-09-29,2103,2483.21
D05,PM-1004,2025-10-06,2679,3176.73
D05,PM-1004,2025-10-13,2428,2695.03
D05,PM-1004,2025-10-20,1400,1677.23
D05,PM-1004,2025-10-27,2509,2896.36
D05,PM-1004,2025-11-03,2225,2446.79
D05,PM-1004,2025-11-10,2585,3009.74
D05,PM-1004,2025-11-17,2756,3038.17
D05,PM-1004,2025-11-24,2276,2582.97
D05,PM-1004,2025-12-01,2003,2405.29
D05,PM-1004,2025-12-08,2574,3061.77
D05,PM-1004,2025-12-15,2806,3205.75
D05,PM-1004,2025-12-22,2367,2575.72
D05,PM-1004,2025-12-29,2243,2567.87
D05,PM-1004,2026-01-05,2616,3001.66
D05,PM-1004,2026-01-12,2008,2363.03
D05,PM-1004,2026-01-19,2333,2565.55
D05,PM-1004,2026-01-26,2166,2550.68
D05,PM-1004,2026-02-02,2542,3066.73
D05,PM-1004,2026-02-09,2282,2651.03
D05,PM-1004,2026-02-16,2314,2799.1
D05,PM-1004,2026-02-23,2611,2964.57
D05,PM-1004,2026-03-02,2979,3301.49
D05,PM-1004,2026-03-09,2691,3071.72
D05,PM-1004,2026-03-16,2791,3186.77
D05,PM-1004,2026-03-23,2916,3171.98
D05,PM-1004,2026-03-30,2402,2708.08
D05,PM-1004,2026-04-06,2616,2924.33
D05,PM-1004,2026-04-13,2515,2878.79
D05,PM-1004,2026-04-20,2578,2828.08
D05,PM-1004,2026-04-27,2455,2923.31
D05,PM-1004,2026-05-04,2543,2831.34
D05,PM-1004,2026-05-11,2511,2886.03
D05,PM-1004,2026-05-18,2355,2739.16
D05,PM-1004,2026-05-25,1822,1998.99
D05,PM-1004,2026-06-01,2653,3108.67
D05,PM-1004,2026-06-08,3334,4015.23
D05,PM-1004,2026-06-15,2854,3104.29
D05,PM-1004,2026-06-22,2576,2850.57
D05,IS-1022,2024-01-01,256,3435.89
D05,IS-1022,2024-01-08,372,5098.62
D05,IS-1022,2024-01-15,308,3996.28
D05,IS-1022,2024-01-22,354,4551.91
D05,IS-1022,2024-01-29,355,4855.26
D05,IS-1022,2024-02-05,383,5262.53
D05,IS-1022,2024-02-12,399,5417.8
D05,IS-1022,2024-02-19,379,5352.71
D05,IS-1022,2024-02-26,391,5381.33
D05,IS-1022,2024-03-04,413,5851.45
D05,IS-1022,2024-03-11,336,4369.94
D05,IS-1022,2024-03-18,336,4540.29
D05,IS-1022,2024-03-25,407,5676.8
D05,IS-1022,2024-04-01,291,3712.58
D05,IS-1022,2024-04-08,314,4233.77
D05,IS-1022,2024-04-15,298,3905.91
D05,IS-1022,2024-04-22,456,5979.56
D05,IS-1022,2024-04-29,458,6396.59
D05,IS-1022,2024-05-06,443,6226.75
D05,IS-1022,2024-05-13,397,5240.67
D05,IS-1022,2024-05-20,370,5224.99
D05,IS-1022,2024-05-27,384,5310.82
D05,IS-1022,2024-06-03,422,5817.88
D05,IS-1022,2024-06-10,442,5889.16
D05,IS-1022,2024-06-17,337,4578.42
D05,IS-1022,2024-06-24,443,6263.25
D05,IS-1022,2024-07-01,467,6027.21
D05,IS-1022,2024-07-08,447,5832.95
D05,IS-1022,2024-07-15,315,4199.12
D05,IS-1022,2024-07-22,438,5671.67
D05,IS-1022,2024-07-29,385,4970.83
D05,IS-1022,2024-08-05,489,6589.27
D05,IS-1022,2024-08-12,376,4967.01
D05,IS-1022,2024-08-19,449,5770.47
D05,IS-1022,2024-08-26,470,6601.44
D05,IS-1022,2024-09-02,422,5528.27
D05,IS-1022,2024-09-09,341,4685.97
D05,IS-1022,2024-09-16,394,5368.61
D05,IS-1022,2024-09-23,321,4146.16
D05,IS-1022,2024-09-30,330,4326.25
D05,IS-1022,2024-10-07,423,5445.56
D05,IS-1022,2024-10-14,355,4711.89
D05,IS-1022,2024-10-21,342,4705.41
D05,IS-1022,2024-10-28,444,6256.95
D05,IS-1022,2024-11-04,424,5746.62
D05,IS-1022,2024-11-11,291,3982.06
D05,IS-1022,2024-11-18,345,4430.98
D05,IS-1022,2024-11-25,319,4267.42
D05,IS-1022,2024-12-02,325,4193.19
D05,IS-1022,2024-12-09,394,5169.25
D05,IS-1022,2024-12-16,373,5075.18
D05,IS-1022,2024-12-23,266,3498.35
D05,IS-1022,2024-12-30,400,5531.32
D05,IS-1022,2025-01-06,316,4430.23
D05,IS-1022,2025-01-13,363,4694.63
D05,IS-1022,2025-01-20,379,4984.22
D05,IS-1022,2025-01-27,385,5115.31
D05,IS-1022,2025-02-03,318,4436.92
D05,IS-1022,2025-02-10,372,4966.17
D05,IS-1022,2025-02-17,399,5437.71
D05,IS-1022,2025-02-24,347,4763.63
D05,IS-1022,2025-03-03,333,4384.92
D05,IS-1022,2025-03-10,310,3949.57
D05,IS-1022,2025-03-17,476,6484.85
D05,IS-1022,2025-03-24,306,4047.05
D05,IS-1022,2025-03-31,321,4141.4
D05,IS-1022,2025-04-07,384,4983.2
D05,IS-1022,2025-04-14,322,4472.86
D05,IS-1022,2025-04-21,492,6769.12
D05,IS-1022,2025-04-28,315,4302.4
D05,IS-1022,2025-05-05,390,5307.73
D05,IS-1022,2025-05-12,437,5600.08
D05,IS-1022,2025-05-19,318,4199.42
D05,IS-1022,2025-05-26,339,4357.15
D05,IS-1022,2025-06-02,389,5101.95
D05,IS-1022,2025-06-09,346,4697.43
D05,IS-1022,2025-06-16,406,5514.43
D05,IS-1022,2025-06-23,367,5112.88
D05,IS-1022,2025-06-30,385,5421.01
D05,IS-1022,2025-07-07,417,5869.23
D05,IS-1022,2025-07-14,328,4474.05
D05,IS-1022,2025-07-21,372,4820.92
D05,IS-1022,2025-07-28,357,4537.9
D05,IS-1022,2025-08-04,320,4443.32
D05,IS-1022,2025-08-11,410,5720.48
D05,IS-1022,2025-08-18,281,3939.25
D05,IS-1022,2025-08-25,291,3996.27
D05,IS-1022,2025-09-01,391,5067.24
D05,IS-1022,2025-09-08,283,3976.29
D05,IS-1022,2025-09-15,447,6297.38
D05,IS-1022,2025-09-22,275,3762.19
D05,IS-1022,2025-09-29,425,5749.21
D05,IS-1022,2025-10-06,385,4922.48
D05,IS-1022,2025-10-13,262,3683.42
D05,IS-1022,2025-10-20,332,4350.43
D05,IS-1022,2025-10-27,265,3709.26
D05,IS-1022,2025-11-03,288,3693.72
D05,IS-1022,2025-11-10,302,4097.02
D05,IS-1022,2025-11-17,237,3265.14
D05,IS-1022,2025-11-24,289,4097.42
D05,IS-1022,2025-12-01,310,3991.23
D05,IS-1022,2025-12-08,310,3945.1
D05,IS-1022,2025-12-15,260,3433.73
D05,IS-1022,2025-12-22,299,4154.56
D05,IS-1022,2025-12-29,332,4644.33
D05,IS-1022,2026-01-05,362,4843.42
D05,IS-1022,2026-01-12,476,6216.05
D05,IS-1022,2026-01-19,389,5131.79
D05,IS-1022,2026-01-26,289,4055.56
D05,IS-1022,2026-02-02,309,4187.59
D05,IS-1022,2026-02-09,358,5064.52
D05,IS-1022,2026-02-16,414,5834.47
D05,IS-1022,2026-02-23,449,5716.21
D05,IS-1022,2026-03-02,270,3562.46
D05,IS-1022,2026-03-09,410,5643.59
D05,IS-1022,2026-03-16,294,4110.39
D05,IS-1022,2026-03-23,346,4648.38
D05,IS-1022,2026-03-30,422,5697.59
D05,IS-1022,2026-04-06,325,4139.6
D05,IS-1022,2026-04-13,346,4704.27
D05,IS-1022,2026-04-20,500,6694.21
D05,IS-1022,2026-04-27,482,6441.86
D05,IS-1022,2026-05-04,408,5625.22
D05,IS-1022,2026-05-11,290,3827.08
D05,IS-1022,2026-05-18,301,4203.0
D05,IS-1022,2026-05-25,394,5221.95
D05,IS-1022,2026-06-01,416,5302.76
D05,IS-1022,2026-06-08,404,5719.91
D05,IS-1022,2026-06-15,333,4259.92
D05,IS-1022,2026-06-22,386,5261.53
D05,LD-1041,2024-01-01,3548,1812.76
D05,LD-1041,2024-01-08,2585,1273.8
D05,LD-1041,2024-01-15,3803,1999.34
D05,LD-1041,2024-01-22,2510,1346.58
D05,LD-1041,2024-01-29,2779,1382.32
D05,LD-1041,2024-02-05,3694,1819.77
D05,LD-1041,2024-02-12,3882,1926.42
D05,LD-1041,2024-02-19,3100,1536.91
D05,LD-1041,2024-02-26,3849,1891.63
D05,LD-1041,2024-03-04,3258,1759.07
D05,LD-1041,2024-03-11,2702,1378.27
D05,LD-1041,2024-03-18,3173,1583.15
D05,LD-1041,2024-03-25,2858,1456.05
D05,LD-1041,2024-04-01,3550,1877.4
D05,LD-1041,2024-04-08,3736,2022.91
D05,LD-1041,2024-04-15,3853,2069.54
D05,LD-1041,2024-04-22,2978,1605.09
D05,LD-1041,2024-04-29,3910,1971.36
D05,LD-1041,2024-05-06,4009,2158.52
D05,LD-1041,2024-05-13,4524,2326.21
D05,LD-1041,2024-05-20,3414,1713.59
D05,LD-1041,2024-05-27,3173,1680.1
D05,LD-1041,2024-06-03,3306,1681.64
D05,LD-1041,2024-06-10,3842,1962.49
D05,LD-1041,2024-06-17,3712,1841.11
D05,LD-1041,2024-06-24,3624,1916.62
D05,LD-1041,2024-07-01,3409,1848.97
D05,LD-1041,2024-07-08,4048,2148.04
D05,LD-1041,2024-07-15,3993,1974.15
D05,LD-1041,2024-07-22,3515,1744.68
D05,LD-1041,2024-07-29,5165,2641.93
D05,LD-1041,2024-08-05,2957,1597.43
D05,LD-1041,2024-08-12,3310,1699.2
D05,LD-1041,2024-08-19,3053,1571.75
D05,LD-1041,2024-08-26,3140,1607.81
D05,LD-1041,2024-09-02,3362,1830.38
D05,LD-1041,2024-09-09,3625,1882.9
D05,LD-1041,2024-09-16,3436,1730.97
D05,LD-1041,2024-09-23,5166,2706.42
D05,LD-1041,2024-09-30,2631,1289.68
D05,LD-1041,2024-10-07,3153,1690.82
D05,LD-1041,2024-10-14,3629,1866.72
D05,LD-1041,2024-10-21,2149,1057.71
D05,LD-1041,2024-10-28,3621,1785.6
D05,LD-1041,2024-11-04,3985,2014.62
D05,LD-1041,2024-11-11,3053,1516.11
D05,LD-1041,2024-11-18,2883,1519.93
D05,LD-1041,2024-11-25,2956,1557.53
D05,LD-1041,2024-12-02,3346,1655.65
D05,LD-1041,2024-12-09,3249,1609.83
D05,LD-1041,2024-12-16,3482,1735.87
D05,LD-1041,2024-12-23,2810,1524.66
D05,LD-1041,2024-12-30,3667,1912.2
D05,LD-1041,2025-01-06,3152,1546.74
D05,LD-1041,2025-01-13,4727,2314.5
D05,LD-1041,2025-01-20,2794,1522.34
D05,LD-1041,2025-01-27,4046,2048.84
D05,LD-1041,2025-02-03,2964,1594.75
D05,LD-1041,2025-02-10,2753,1386.74
D05,LD-1041,2025-02-17,3348,1826.21
D05,LD-1041,2025-02-24,2840,1409.86
D05,LD-1041,2025-03-03,3613,1869.12
D05,LD-1041,2025-03-10,4009,1982.54
D05,LD-1041,2025-03-17,3248,1759.31
D05,LD-1041,2025-03-24,3110,1529.67
D05,LD-1041,2025-03-31,4116,2197.38
D05,LD-1041,2025-04-07,3074,1518.67
D05,LD-1041,2025-04-14,2862,1449.38
D05,LD-1041,2025-04-21,4162,2063.09
D05,LD-1041,2025-04-28,3769,1952.26
D05,LD-1041,2025-05-05,3658,1862.92
D05,LD-1041,2025-05-12,3219,1685.93
D05,LD-1041,2025-05-19,4102,2213.12
D05,LD-1041,2025-05-26,4173,2108.34
D05,LD-1041,2025-06-02,2783,1421.18
D05,LD-1041,2025-06-09,5767,2939.44
D05,LD-1041,2025-06-16,3028,1625.2
D05,LD-1041,2025-06-23,3371,1692.45
D05,LD-1041,2025-06-30,3458,1874.94
D05,LD-1041,2025-07-07,2739,1390.53
D05,LD-1041,2025-07-14,3185,1624.3
D05,LD-1041,2025-07-21,3343,1685.54
D05,LD-1041,2025-07-28,3436,1697.06
D05,LD-1041,2025-08-04,3204,1634.15
D05,LD-1041,2025-08-11,4261,2226.43
D05,LD-1041,2025-08-18,3730,2023.45
D05,LD-1041,2025-08-25,4047,2068.01
D05,LD-1041,2025-09-01,3320,1782.28
D05,LD-1041,2025-09-08,3824,1878.23
D05,LD-1041,2025-09-15,3525,1818.7
D05,LD-1041,2025-09-22,3798,1973.66
D05,LD-1041,2025-09-29,2869,1405.7
D05,LD-1041,2025-10-06,3973,2085.83
D05,LD-1041,2025-10-13,3393,1810.06
D05,LD-1041,2025-10-20,3291,1624.61
D05,LD-1041,2025-10-27,4001,2170.85
D05,LD-1041,2025-11-03,3095,1657.95
D05,LD-1041,2025-11-10,3041,1589.42
D05,LD-1041,2025-11-17,3899,2077.94
D05,LD-1041,2025-11-24,3007,1531.52
D05,LD-1041,2025-12-01,3087,1534.22
D05,LD-1041,2025-12-08,2536,1318.38
D05,LD-1041,2025-12-15,2773,1382.73
D05,LD-1041,2025-12-22,3709,1946.51
D05,LD-1041,2025-12-29,3318,1647.64
D05,LD-1041,2026-01-05,2728,1412.98
D05,LD-1041,2026-01-12,2955,1580.29
D05,LD-1041,2026-01-19,2824,1421.3
D05,LD-1041,2026-01-26,3455,1711.45
D05,LD-1041,2026-02-02,3538,1903.44
D05,LD-1041,2026-02-09,3038,1616.01
D05,LD-1041,2026-02-16,2865,1509.83
D05,LD-1041,2026-02-23,2637,1389.42
D05,LD-1041,2026-03-02,4253,2296.37
D05,LD-1041,2026-03-09,3316,1692.72
D05,LD-1041,2026-03-16,3793,2018.76
D05,LD-1041,2026-03-23,3004,1497.51
D05,LD-1041,2026-03-30,3365,1720.87
D05,LD-1041,2026-04-06,3014,1509.73
D05,LD-1041,2026-04-13,3978,2019.82
D05,LD-1041,2026-04-20,4087,2038.93
D05,LD-1041,2026-04-27,4134,2158.55
D05,LD-1041,2026-05-04,3266,1765.68
D05,LD-1041,2026-05-11,3759,1933.42
D05,LD-1041,2026-05-18,3095,1606.41
D05,LD-1041,2026-05-25,3795,1954.72
D05,LD-1041,2026-06-01,4190,2052.16
D05,LD-1041,2026-06-08,3520,1915.77
D05,LD-1041,2026-06-15,3646,1873.14
D05,LD-1041,2026-06-22,3227,1725.28
D05,SC-1019,2024-01-01,342,3205.36
D05,SC-1019,2024-01-08,326,3220.61
D05,SC-1019,2024-01-15,242,2288.5
D05,SC-1019,2024-01-22,257,2542.7
D05,SC-1019,2024-01-29,373,3772.65
D05,SC-1019,2024-02-05,417,4038.47
D05,SC-1019,2024-02-12,317,2964.48
D05,SC-1019,2024-02-19,507,4731.07
D05,SC-1019,2024-02-26,293,2697.92
D05,SC-1019,2024-03-04,370,3584.51
D05,SC-1019,2024-03-11,272,2633.61
D05,SC-1019,2024-03-18,339,3135.22
D05,SC-1019,2024-03-25,265,2452.92
D05,SC-1019,2024-04-01,356,3575.75
D05,SC-1019,2024-04-08,299,2773.36
D05,SC-1019,2024-04-15,287,2670.66
D05,SC-1019,2024-04-22,419,3860.82
D05,SC-1019,2024-04-29,369,3779.1
D05,SC-1019,2024-05-06,303,2995.04
D05,SC-1019,2024-05-13,312,2983.4
D05,SC-1019,2024-05-20,276,2543.15
D05,SC-1019,2024-05-27,317,2977.69
D05,SC-1019,2024-06-03,317,3092.4
D05,SC-1019,2024-06-10,374,3502.12
D05,SC-1019,2024-06-17,364,3534.16
D05,SC-1019,2024-06-24,307,3134.0
D05,SC-1019,2024-07-01,305,2928.31
D05,SC-1019,2024-07-08,464,4305.5
D05,SC-1019,2024-07-15,403,3802.03
D05,SC-1019,2024-07-22,406,4075.18
D05,SC-1019,2024-07-29,350,3352.45
D05,SC-1019,2024-08-05,294,2705.97
D05,SC-1019,2024-08-12,370,3663.13
D05,SC-1019,2024-08-19,317,3132.58
D05,SC-1019,2024-08-26,520,5211.94
D05,SC-1019,2024-09-02,306,3096.85
D05,SC-1019,2024-09-09,422,3996.9
D05,SC-1019,2024-09-16,326,3014.6
D05,SC-1019,2024-09-23,337,3346.55
D05,SC-1019,2024-09-30,416,4192.15
D05,SC-1019,2024-10-07,283,2791.06
D05,SC-1019,2024-10-14,400,4107.6
D05,SC-1019,2024-10-21,308,3155.74
D05,SC-1019,2024-10-28,364,3406.01
D05,SC-1019,2024-11-04,379,3724.94
D05,SC-1019,2024-11-11,369,3416.22
D05,SC-1019,2024-11-18,272,2538.5
D05,SC-1019,2024-11-25,305,2812.26
D05,SC-1019,2024-12-02,336,3231.18
D05,SC-1019,2024-12-09,283,2828.62
D05,SC-1019,2024-12-16,350,3359.91
D05,SC-1019,2024-12-23,388,3903.43
D05,SC-1019,2024-12-30,310,2942.83
D05,SC-1019,2025-01-06,386,3726.88
D05,SC-1019,2025-01-13,339,3222.97
D05,SC-1019,2025-01-20,356,3598.93
D05,SC-1019,2025-01-27,383,3698.53
D05,SC-1019,2025-02-03,418,4123.19
D05,SC-1019,2025-02-10,305,3131.29
D05,SC-1019,2025-02-17,412,4032.31
D05,SC-1019,2025-02-24,415,3923.66
D05,SC-1019,2025-03-03,377,3723.2
D05,SC-1019,2025-03-10,319,2968.56
D05,SC-1019,2025-03-17,408,3782.04
D05,SC-1019,2025-03-24,408,3876.77
D05,SC-1019,2025-03-31,376,3652.75
D05,SC-1019,2025-04-07,439,4263.79
D05,SC-1019,2025-04-14,358,3434.82
D05,SC-1019,2025-04-21,440,4121.99
D05,SC-1019,2025-04-28,407,4059.99
D05,SC-1019,2025-05-05,459,4365.28
D05,SC-1019,2025-05-12,337,3226.23
D05,SC-1019,2025-05-19,273,2613.2
D05,SC-1019,2025-05-26,342,3161.31
D05,SC-1019,2025-06-02,422,4076.18
D05,SC-1019,2025-06-09,566,5541.91
D05,SC-1019,2025-06-16,444,4534.04
D05,SC-1019,2025-06-23,525,5235.14
D05,SC-1019,2025-06-30,474,4797.31
D05,SC-1019,2025-07-07,236,2181.52
D05,SC-1019,2025-07-14,321,3281.5
D05,SC-1019,2025-07-21,284,2656.81
D05,SC-1019,2025-07-28,269,2547.61
D05,SC-1019,2025-08-04,306,3050.35
D05,SC-1019,2025-08-11,316,3043.92
D05,SC-1019,2025-08-18,226,2243.18
D05,SC-1019,2025-08-25,255,2452.27
D05,SC-1019,2025-09-01,260,2530.28
D05,SC-1019,2025-09-08,274,2550.23
D05,SC-1019,2025-09-15,307,3109.91
D05,SC-1019,2025-09-22,243,2434.64
D05,SC-1019,2025-09-29,285,2922.01
D05,SC-1019,2025-10-06,355,3470.4
D05,SC-1019,2025-10-13,258,2578.21
D05,SC-1019,2025-10-20,267,2484.22
D05,SC-1019,2025-10-27,240,2299.85
D05,SC-1019,2025-11-03,220,2067.58
D05,SC-1019,2025-11-10,224,2116.49
D05,SC-1019,2025-11-17,268,2518.07
D05,SC-1019,2025-11-24,201,1895.15
D05,SC-1019,2025-12-01,212,2105.95
D05,SC-1019,2025-12-08,212,1986.07
D05,SC-1019,2025-12-15,247,2359.11
D05,SC-1019,2025-12-22,218,2082.35
D05,SC-1019,2025-12-29,216,2209.72
D05,SC-1019,2026-01-05,216,2122.34
D05,SC-1019,2026-01-12,233,2263.74
D05,SC-1019,2026-01-19,274,2779.32
D05,SC-1019,2026-01-26,278,2850.96
D05,SC-1019,2026-02-02,189,1889.22
D05,SC-1019,2026-02-09,229,2218.1
D05,SC-1019,2026-02-16,254,2377.57
D05,SC-1019,2026-02-23,298,2977.32
D05,SC-1019,2026-03-02,190,1905.7
D05,SC-1019,2026-03-09,232,2213.06
D05,SC-1019,2026-03-16,260,2469.11
D05,SC-1019,2026-03-23,207,2086.17
D05,SC-1019,2026-03-30,208,1929.98
D05,SC-1019,2026-04-06,210,2065.3
D05,SC-1019,2026-04-13,237,2324.25
D05,SC-1019,2026-04-20,217,2009.51
D05,SC-1019,2026-04-27,244,2411.42
D05,SC-1019,2026-05-04,209,2129.82
D05,SC-1019,2026-05-11,276,2537.5
D05,SC-1019,2026-05-18,248,2523.45
D05,SC-1019,2026-05-25,177,1732.79
D05,SC-1019,2026-06-01,255,2367.75
D05,SC-1019,2026-06-08,185,1802.23
D05,SC-1019,2026-06-15,213,2027.97
D05,SC-1019,2026-06-22,229,2127.02
D06,IS-1026,2024-01-01,65,489.45
D06,IS-1026,2024-01-08,53,403.98
D06,IS-1026,2024-01-15,62,428.45
D06,IS-1026,2024-01-22,52,372.32
D06,IS-1026,2024-01-29,54,396.46
D06,IS-1026,2024-02-05,77,558.08
D06,IS-1026,2024-02-12,61,463.21
D06,IS-1026,2024-02-19,63,443.44
D06,IS-1026,2024-02-26,52,398.49
D06,IS-1026,2024-03-04,57,434.08
D06,IS-1026,2024-03-11,56,422.17
D06,IS-1026,2024-03-18,64,469.17
D06,IS-1026,2024-03-25,62,433.36
D06,IS-1026,2024-04-01,65,470.42
D06,IS-1026,2024-04-08,75,570.44
D06,IS-1026,2024-04-15,87,655.31
D06,IS-1026,2024-04-22,76,576.49
D06,IS-1026,2024-04-29,61,465.7
D06,IS-1026,2024-05-06,59,433.64
D06,IS-1026,2024-05-13,62,447.37
D06,IS-1026,2024-05-20,74,522.14
D06,IS-1026,2024-05-27,85,629.65
D06,IS-1026,2024-06-03,84,594.8
D06,IS-1026,2024-06-10,100,702.07
D06,IS-1026,2024-06-17,72,503.72
D06,IS-1026,2024-06-24,67,483.64
D06,IS-1026,2024-07-01,72,511.5
D06,IS-1026,2024-07-08,55,388.72
D06,IS-1026,2024-07-15,72,514.95
D06,IS-1026,2024-07-22,68,508.82
D06,IS-1026,2024-07-29,59,432.25
D06,IS-1026,2024-08-05,86,597.49
D06,IS-1026,2024-08-12,63,478.49
D06,IS-1026,2024-08-19,65,473.16
D06,IS-1026,2024-08-26,55,418.2
D06,IS-1026,2024-09-02,70,531.4
D06,IS-1026,2024-09-09,91,632.3
D06,IS-1026,2024-09-16,69,489.06
D06,IS-1026,2024-09-23,78,538.41
D06,IS-1026,2024-09-30,59,429.62
D06,IS-1026,2024-10-07,72,515.84
D06,IS-1026,2024-10-14,58,412.13
D06,IS-1026,2024-10-21,54,387.74
D06,IS-1026,2024-10-28,68,483.3
D06,IS-1026,2024-11-04,78,554.87
D06,IS-1026,2024-11-11,55,387.02
D06,IS-1026,2024-11-18,65,454.87
D06,IS-1026,2024-11-25,46,334.16
D06,IS-1026,2024-12-02,52,388.55
D06,IS-1026,2024-12-09,91,654.01
D06,IS-1026,2024-12-16,57,433.95
D06,IS-1026,2024-12-23,56,426.37
D06,IS-1026,2024-12-30,68,473.63
D06,IS-1026,2025-01-06,53,364.33
D06,IS-1026,2025-01-13,68,523.28
D06,IS-1026,2025-01-20,69,503.24
D06,IS-1026,2025-01-27,60,418.85
D06,IS-1026,2025-02-03,79,541.82
D06,IS-1026,2025-02-10,50,362.87
D06,IS-1026,2025-02-17,61,440.48
D06,IS-1026,2025-02-24,79,568.23
D06,IS-1026,2025-03-03,75,541.98
D06,IS-1026,2025-03-10,61,434.35
D06,IS-1026,2025-03-17,60,434.59
D06,IS-1026,2025-03-24,69,515.66
D06,IS-1026,2025-03-31,50,371.9
D06,IS-1026,2025-04-07,68,479.94
D06,IS-1026,2025-04-14,71,492.15
D06,IS-1026,2025-04-21,61,469.66
D06,IS-1026,2025-04-28,69,525.64
D06,IS-1026,2025-05-05,69,487.0
D06,IS-1026,2025-05-12,56,413.65
D06,IS-1026,2025-05-19,69,475.94
D06,IS-1026,2025-05-26,56,413.0
D06,IS-1026,2025-06-02,63,478.0
D06,IS-1026,2025-06-09,65,488.64
D06,IS-1026,2025-06-16,87,634.11
D06,IS-1026,2025-06-23,79,592.83
D06,IS-1026,2025-06-30,87,631.88
D06,IS-1026,2025-07-07,63,452.11
D06,IS-1026,2025-07-14,66,488.37
D06,IS-1026,2025-07-21,71,496.09
D06,IS-1026,2025-07-28,69,488.9
D06,IS-1026,2025-08-04,79,580.01
D06,IS-1026,2025-08-11,74,532.77
D06,IS-1026,2025-08-18,76,553.16
D06,IS-1026,2025-08-25,62,454.24
D06,IS-1026,2025-09-01,72,546.09
D06,IS-1026,2025-09-08,59,439.74
D06,IS-1026,2025-09-15,91,671.54
D06,IS-1026,2025-09-22,60,417.86
D06,IS-1026,2025-09-29,63,470.18
D06,IS-1026,2025-10-06,69,528.74
D06,IS-1026,2025-10-13,87,638.21
D06,IS-1026,2025-10-20,71,495.02
D06,IS-1026,2025-10-27,53,388.29
D06,IS-1026,2025-11-03,70,517.36
D06,IS-1026,2025-11-10,47,351.2
D06,IS-1026,2025-11-17,55,411.53
D06,IS-1026,2025-11-24,52,382.42
D06,IS-1026,2025-12-01,55,387.51
D06,IS-1026,2025-12-08,66,479.66
D06,IS-1026,2025-12-15,69,522.87
D06,IS-1026,2025-12-22,71,518.7
D06,IS-1026,2025-12-29,55,394.3
D06,IS-1026,2026-01-05,48,364.23
D06,IS-1026,2026-01-12,64,487.81
D06,IS-1026,2026-01-19,62,455.88
D06,IS-1026,2026-01-26,46,343.87
D06,IS-1026,2026-02-02,58,440.11
D06,IS-1026,2026-02-09,53,372.44
D06,IS-1026,2026-02-16,45,340.18
D06,IS-1026,2026-02-23,65,473.07
D06,IS-1026,2026-03-02,58,411.94
D06,IS-1026,2026-03-09,59,437.56
D06,IS-1026,2026-03-16,66,506.92
D06,IS-1026,2026-03-23,49,341.15
D06,IS-1026,2026-03-30,56,421.39
D06,IS-1026,2026-04-06,70,533.79
D06,IS-1026,2026-04-13,74,563.6
D06,IS-1026,2026-04-20,84,598.29
D06,IS-1026,2026-04-27,71,507.33
D06,IS-1026,2026-05-04,76,574.88
D06,IS-1026,2026-05-11,71,491.25
D06,IS-1026,2026-05-18,80,560.97
D06,IS-1026,2026-05-25,60,451.39
D06,IS-1026,2026-06-01,64,470.22
D06,IS-1026,2026-06-08,70,503.27
D06,IS-1026,2026-06-15,71,530.15
D06,IS-1026,2026-06-22,59,428.22
D06,IG-1014,2024-01-01,26,1155.31
D06,IG-1014,2024-01-08,34,1510.29
D06,IG-1014,2024-01-15,27,1268.24
D06,IG-1014,2024-01-22,26,1082.16
D06,IG-1014,2024-01-29,32,1432.52
D06,IG-1014,2024-02-05,29,1320.67
D06,IG-1014,2024-02-12,34,1457.58
D06,IG-1014,2024-02-19,42,1935.05
D06,IG-1014,2024-02-26,32,1426.82
D06,IG-1014,2024-03-04,31,1316.54
D06,IG-1014,2024-03-11,28,1280.41
D06,IG-1014,2024-03-18,30,1349.05
D06,IG-1014,2024-03-25,32,1464.03
D06,IG-1014,2024-04-01,27,1189.82
D06,IG-1014,2024-04-08,40,1679.49
D06,IG-1014,2024-04-15,34,1536.39
D06,IG-1014,2024-04-22,39,1763.27
D06,IG-1014,2024-04-29,38,1706.21
D06,IG-1014,2024-05-06,39,1742.5
D06,IG-1014,2024-05-13,35,1579.58
D06,IG-1014,2024-05-20,42,1776.58
D06,IG-1014,2024-05-27,43,1799.53
D06,IG-1014,2024-06-03,39,1725.01
D06,IG-1014,2024-06-10,31,1426.77
D06,IG-1014,2024-06-17,45,2048.28
D06,IG-1014,2024-06-24,35,1466.52
D06,IG-1014,2024-07-01,44,1853.56
D06,IG-1014,2024-07-08,40,1803.92
D06,IG-1014,2024-07-15,33,1407.56
D06,IG-1014,2024-07-22,40,1817.01
D06,IG-1014,2024-07-29,35,1525.86
D06,IG-1014,2024-08-05,34,1583.35
D06,IG-1014,2024-08-12,46,2088.06
D06,IG-1014,2024-08-19,31,1320.62
D06,IG-1014,2024-08-26,37,1665.36
D06,IG-1014,2024-09-02,42,1767.32
D06,IG-1014,2024-09-09,37,1622.1
D06,IG-1014,2024-09-16,32,1387.46
D06,IG-1014,2024-09-23,39,1713.28
D06,IG-1014,2024-09-30,33,1470.61
D06,IG-1014,2024-10-07,34,1470.82
D06,IG-1014,2024-10-14,26,1205.86
D06,IG-1014,2024-10-21,41,1704.04
D06,IG-1014,2024-10-28,39,1744.2
D06,IG-1014,2024-11-04,39,1733.64
D06,IG-1014,2024-11-11,30,1316.82
D06,IG-1014,2024-11-18,29,1233.05
D06,IG-1014,2024-11-25,37,1693.73
D06,IG-1014,2024-12-02,36,1564.48
D06,IG-1014,2024-12-09,47,2126.84
D06,IG-1014,2024-12-16,39,1774.12
D06,IG-1014,2024-12-23,31,1341.78
D06,IG-1014,2024-12-30,31,1381.99
D06,IG-1014,2025-01-06,37,1627.01
D06,IG-1014,2025-01-13,40,1712.45
D06,IG-1014,2025-01-20,43,1927.81
D06,IG-1014,2025-01-27,39,1764.35
D06,IG-1014,2025-02-03,34,1485.45
D06,IG-1014,2025-02-10,35,1531.07
D06,IG-1014,2025-02-17,32,1354.02
D06,IG-1014,2025-02-24,46,2150.2
D06,IG-1014,2025-03-03,39,1825.74
D06,IG-1014,2025-03-10,25,1063.99
D06,IG-1014,2025-03-17,44,1946.84
D06,IG-1014,2025-03-24,40,1766.29
D06,IG-1014,2025-03-31,38,1587.75
D06,IG-1014,2025-04-07,43,1870.46
D06,IG-1014,2025-04-14,44,1822.0
D06,IG-1014,2025-04-21,47,2112.94
D06,IG-1014,2025-04-28,46,2075.98
D06,IG-1014,2025-05-05,45,2102.82
D06,IG-1014,2025-05-12,41,1856.52
D06,IG-1014,2025-05-19,51,2152.62
D06,IG-1014,2025-05-26,33,1509.5
D06,IG-1014,2025-06-02,46,2044.92
D06,IG-1014,2025-06-09,38,1693.04
D06,IG-1014,2025-06-16,43,1849.26
D06,IG-1014,2025-06-23,49,2088.52
D06,IG-1014,2025-06-30,42,1804.46
D06,IG-1014,2025-07-07,33,1392.14
D06,IG-1014,2025-07-14,38,1686.91
D06,IG-1014,2025-07-21,27,1228.49
D06,IG-1014,2025-07-28,37,1553.82
D06,IG-1014,2025-08-04,31,1358.17
D06,IG-1014,2025-08-11,39,1732.78
D06,IG-1014,2025-08-18,28,1172.76
D06,IG-1014,2025-08-25,33,1509.47
D06,IG-1014,2025-09-01,32,1441.52
D06,IG-1014,2025-09-08,23,971.7
D06,IG-1014,2025-09-15,31,1321.25
D06,IG-1014,2025-09-22,32,1319.2
D06,IG-1014,2025-09-29,26,1127.16
D06,IG-1014,2025-10-06,34,1558.0
D06,IG-1014,2025-10-13,23,986.58
D06,IG-1014,2025-10-20,23,999.69
D06,IG-1014,2025-10-27,24,1057.5
D06,IG-1014,2025-11-03,23,1057.34
D06,IG-1014,2025-11-10,27,1139.04
D06,IG-1014,2025-11-17,28,1290.04
D06,IG-1014,2025-11-24,21,937.76
D06,IG-1014,2025-12-01,23,1018.46
D06,IG-1014,2025-12-08,23,1010.58
D06,IG-1014,2025-12-15,26,1149.31
D06,IG-1014,2025-12-22,20,901.85
D06,IG-1014,2025-12-29,20,883.59
D06,IG-1014,2026-01-05,24,1032.67
D06,IG-1014,2026-01-12,25,1055.35
D06,IG-1014,2026-01-19,27,1238.1
D06,IG-1014,2026-01-26,35,1581.82
D06,IG-1014,2026-02-02,22,933.5
D06,IG-1014,2026-02-09,21,949.51
D06,IG-1014,2026-02-16,26,1118.38
D06,IG-1014,2026-02-23,25,1095.55
D06,IG-1014,2026-03-02,28,1217.0
D06,IG-1014,2026-03-09,23,1028.58
D06,IG-1014,2026-03-16,21,965.06
D06,IG-1014,2026-03-23,27,1240.65
D06,IG-1014,2026-03-30,24,1076.93
D06,IG-1014,2026-04-06,28,1171.45
D06,IG-1014,2026-04-13,24,1113.7
D06,IG-1014,2026-04-20,25,1060.06
D06,IG-1014,2026-04-27,19,804.65
D06,IG-1014,2026-05-04,22,990.42
D06,IG-1014,2026-05-11,28,1210.19
D06,IG-1014,2026-05-18,34,1566.82
D06,IG-1014,2026-05-25,31,1359.69
D06,IG-1014,2026-06-01,32,1395.66
D06,IG-1014,2026-06-08,24,1038.58
D06,IG-1014,2026-06-15,26,1224.14
D06,IG-1014,2026-06-22,26,1198.04
D06,IG-1009,2024-01-01,33,1581.53
D06,IG-1009,2024-01-08,39,1870.82
D06,IG-1009,2024-01-15,33,1527.51
D06,IG-1009,2024-01-22,25,1248.95
D06,IG-1009,2024-01-29,29,1404.57
D06,IG-1009,2024-02-05,28,1368.81
D06,IG-1009,2024-02-12,34,1590.8
D06,IG-1009,2024-02-19,36,1771.65
D06,IG-1009,2024-02-26,37,1839.02
D06,IG-1009,2024-03-04,38,1860.58
D06,IG-1009,2024-03-11,47,2178.84
D06,IG-1009,2024-03-18,40,1907.61
D06,IG-1009,2024-03-25,28,1370.78
D06,IG-1009,2024-04-01,32,1593.82
D06,IG-1009,2024-04-08,46,2149.11
D06,IG-1009,2024-04-15,33,1650.51
D06,IG-1009,2024-04-22,38,1836.13
D06,IG-1009,2024-04-29,34,1560.63
D06,IG-1009,2024-05-06,30,1423.45
D06,IG-1009,2024-05-13,39,1916.55
D06,IG-1009,2024-05-20,45,2080.7
D06,IG-1009,2024-05-27,37,1696.01
D06,IG-1009,2024-06-03,27,1349.78
D06,IG-1009,2024-06-10,37,1870.44
D06,IG-1009,2024-06-17,37,1794.52
D06,IG-1009,2024-06-24,38,1792.17
D06,IG-1009,2024-07-01,35,1790.34
D06,IG-1009,2024-07-08,30,1452.81
D06,IG-1009,2024-07-15,34,1613.06
D06,IG-1009,2024-07-22,33,1593.53
D06,IG-1009,2024-07-29,43,2051.83
D06,IG-1009,2024-08-05,38,1876.44
D06,IG-1009,2024-08-12,42,1976.15
D06,IG-1009,2024-08-19,36,1754.56
D06,IG-1009,2024-08-26,34,1684.78
D06,IG-1009,2024-09-02,35,1749.79
D06,IG-1009,2024-09-09,33,1586.5
D06,IG-1009,2024-09-16,40,1872.95
D06,IG-1009,2024-09-23,28,1363.85
D06,IG-1009,2024-09-30,35,1668.59
D06,IG-1009,2024-10-07,34,1625.44
D06,IG-1009,2024-10-14,34,1663.25
D06,IG-1009,2024-10-21,38,1851.09
D06,IG-1009,2024-10-28,27,1268.47
D06,IG-1009,2024-11-04,38,1868.59
D06,IG-1009,2024-11-11,36,1666.17
D06,IG-1009,2024-11-18,38,1842.48
D06,IG-1009,2024-11-25,38,1778.32
D06,IG-1009,2024-12-02,34,1738.72
D06,IG-1009,2024-12-09,36,1690.85
D06,IG-1009,2024-12-16,44,2082.47
D06,IG-1009,2024-12-23,28,1345.9
D06,IG-1009,2024-12-30,45,2186.03
D06,IG-1009,2025-01-06,51,2504.05
D06,IG-1009,2025-01-13,42,2059.17
D06,IG-1009,2025-01-20,36,1647.76
D06,IG-1009,2025-01-27,37,1728.7
D06,IG-1009,2025-02-03,44,2109.88
D06,IG-1009,2025-02-10,43,1999.11
D06,IG-1009,2025-02-17,41,1988.64
D06,IG-1009,2025-02-24,34,1618.53
D06,IG-1009,2025-03-03,50,2529.84
D06,IG-1009,2025-03-10,44,2059.78
D06,IG-1009,2025-03-17,44,2169.84
D06,IG-1009,2025-03-24,48,2315.05
D06,IG-1009,2025-03-31,41,1995.83
D06,IG-1009,2025-04-07,45,2197.53
D06,IG-1009,2025-04-14,40,1836.15
D06,IG-1009,2025-04-21,42,2037.75
D06,IG-1009,2025-04-28,48,2391.39
D06,IG-1009,2025-05-05,45,2240.07
D06,IG-1009,2025-05-12,46,2169.16
D06,IG-1009,2025-05-19,43,1991.3
D06,IG-1009,2025-05-26,34,1593.66
D06,IG-1009,2025-06-02,55,2606.34
D06,IG-1009,2025-06-09,40,1865.83
D06,IG-1009,2025-06-16,52,2473.46
D06,IG-1009,2025-06-23,46,2327.34
D06,IG-1009,2025-06-30,49,2306.62
D06,IG-1009,2025-07-07,33,1585.48
D06,IG-1009,2025-07-14,32,1639.04
D06,IG-1009,2025-07-21,29,1486.06
D06,IG-1009,2025-07-28,40,2024.61
D06,IG-1009,2025-08-04,37,1846.65
D06,IG-1009,2025-08-11,35,1682.07
D06,IG-1009,2025-08-18,36,1793.67
D06,IG-1009,2025-08-25,33,1612.28
D06,IG-1009,2025-09-01,26,1266.61
D06,IG-1009,2025-09-08,33,1573.61
D06,IG-1009,2025-09-15,28,1304.78
D06,IG-1009,2025-09-22,32,1533.04
D06,IG-1009,2025-09-29,26,1253.85
D06,IG-1009,2025-10-06,21,979.57
D06,IG-1009,2025-10-13,26,1228.8
D06,IG-1009,2025-10-20,25,1278.7
D06,IG-1009,2025-10-27,33,1605.89
D06,IG-1009,2025-11-03,30,1410.16
D06,IG-1009,2025-11-10,41,1994.82
D06,IG-1009,2025-11-17,26,1259.28
D06,IG-1009,2025-11-24,25,1256.07
D06,IG-1009,2025-12-01,25,1247.8
D06,IG-1009,2025-12-08,25,1190.04
D06,IG-1009,2025-12-15,25,1214.0
D06,IG-1009,2025-12-22,22,1065.94
D06,IG-1009,2025-12-29,24,1198.43
D06,IG-1009,2026-01-05,23,1031.71
D06,IG-1009,2026-01-12,25,1222.63
D06,IG-1009,2026-01-19,32,1534.34
D06,IG-1009,2026-01-26,29,1469.58
D06,IG-1009,2026-02-02,39,1915.62
D06,IG-1009,2026-02-09,25,1170.21
D06,IG-1009,2026-02-16,30,1512.74
D06,IG-1009,2026-02-23,24,1084.66
D06,IG-1009,2026-03-02,27,1305.82
D06,IG-1009,2026-03-09,24,1188.61
D06,IG-1009,2026-03-16,34,1737.25
D06,IG-1009,2026-03-23,24,1128.15
D06,IG-1009,2026-03-30,22,1113.0
D06,IG-1009,2026-04-06,26,1307.59
D06,IG-1009,2026-04-13,23,1147.81
D06,IG-1009,2026-04-20,34,1717.26
D06,IG-1009,2026-04-27,26,1285.75
D06,IG-1009,2026-05-04,34,1688.22
D06,IG-1009,2026-05-11,26,1238.26
D06,IG-1009,2026-05-18,26,1245.49
D06,IG-1009,2026-05-25,26,1304.84
D06,IG-1009,2026-06-01,26,1274.13
D06,IG-1009,2026-06-08,28,1297.86
D06,IG-1009,2026-06-15,27,1360.39
D06,IG-1009,2026-06-22,23,1129.94
D06,IS-1027,2024-01-01,321,4761.41
D06,IS-1027,2024-01-08,292,4113.41
D06,IS-1027,2024-01-15,358,5251.23
D06,IS-1027,2024-01-22,303,4608.92
D06,IS-1027,2024-01-29,371,5473.36
D06,IS-1027,2024-02-05,360,5438.34
D06,IS-1027,2024-02-12,350,5157.38
D06,IS-1027,2024-02-19,336,5126.71
D06,IS-1027,2024-02-26,319,4569.93
D06,IS-1027,2024-03-04,332,4816.61
D06,IS-1027,2024-03-11,348,5174.97
D06,IS-1027,2024-03-18,395,5993.18
D06,IS-1027,2024-03-25,362,5588.15
D06,IS-1027,2024-04-01,325,4660.47
D06,IS-1027,2024-04-08,403,5914.11
D06,IS-1027,2024-04-15,339,5040.43
D06,IS-1027,2024-04-22,456,6856.93
D06,IS-1027,2024-04-29,400,5866.67
D06,IS-1027,2024-05-06,458,6847.16
D06,IS-1027,2024-05-13,373,5499.59
D06,IS-1027,2024-05-20,414,6438.12
D06,IS-1027,2024-05-27,375,5791.37
D06,IS-1027,2024-06-03,346,5216.28
D06,IS-1027,2024-06-10,420,6086.95
D06,IS-1027,2024-06-17,347,5080.08
D06,IS-1027,2024-06-24,346,5107.48
D06,IS-1027,2024-07-01,292,4324.2
D06,IS-1027,2024-07-08,459,7149.35
D06,IS-1027,2024-07-15,354,5237.47
D06,IS-1027,2024-07-22,350,5322.24
D06,IS-1027,2024-07-29,340,4809.61
D06,IS-1027,2024-08-05,346,4924.14
D06,IS-1027,2024-08-12,328,5126.17
D06,IS-1027,2024-08-19,305,4539.71
D06,IS-1027,2024-08-26,392,6111.56
D06,IS-1027,2024-09-02,322,4919.65
D06,IS-1027,2024-09-09,407,5791.0
D06,IS-1027,2024-09-16,353,4993.56
D06,IS-1027,2024-09-23,252,3795.54
D06,IS-1027,2024-09-30,373,5593.36
D06,IS-1027,2024-10-07,338,5227.88
D06,IS-1027,2024-10-14,338,4912.08
D06,IS-1027,2024-10-21,367,5707.01
D06,IS-1027,2024-10-28,290,4169.64
D06,IS-1027,2024-11-04,395,5999.86
D06,IS-1027,2024-11-11,306,4323.85
D06,IS-1027,2024-11-18,414,5818.72
D06,IS-1027,2024-11-25,269,4020.01
D06,IS-1027,2024-12-02,274,4019.48
D06,IS-1027,2024-12-09,329,4687.96
D06,IS-1027,2024-12-16,338,5050.25
D06,IS-1027,2024-12-23,316,4583.04
D06,IS-1027,2024-12-30,328,4644.25
D06,IS-1027,2025-01-06,369,5605.88
D06,IS-1027,2025-01-13,309,4400.12
D06,IS-1027,2025-01-20,276,4196.46
D06,IS-1027,2025-01-27,402,6118.72
D06,IS-1027,2025-02-03,391,5612.78
D06,IS-1027,2025-02-10,385,5893.9
D06,IS-1027,2025-02-17,277,4229.88
D06,IS-1027,2025-02-24,295,4187.24
D06,IS-1027,2025-03-03,366,5356.34
D06,IS-1027,2025-03-10,447,6639.04
D06,IS-1027,2025-03-17,430,6663.62
D06,IS-1027,2025-03-24,338,5105.66
D06,IS-1027,2025-03-31,309,4676.76
D06,IS-1027,2025-04-07,300,4625.01
D06,IS-1027,2025-04-14,339,5298.14
D06,IS-1027,2025-04-21,539,8352.55
D06,IS-1027,2025-04-28,307,4685.7
D06,IS-1027,2025-05-05,360,5597.35
D06,IS-1027,2025-05-12,320,4748.49
D06,IS-1027,2025-05-19,377,5612.54
D06,IS-1027,2025-05-26,275,4224.66
D06,IS-1027,2025-06-02,304,4676.97
D06,IS-1027,2025-06-09,312,4844.22
D06,IS-1027,2025-06-16,301,4700.97
D06,IS-1027,2025-06-23,316,4736.6
D06,IS-1027,2025-06-30,359,5596.35
D06,IS-1027,2025-07-07,439,6345.7
D06,IS-1027,2025-07-14,342,5211.76
D06,IS-1027,2025-07-21,313,4538.06
D06,IS-1027,2025-07-28,376,5303.67
D06,IS-1027,2025-08-04,403,5691.8
D06,IS-1027,2025-08-11,288,4180.16
D06,IS-1027,2025-08-18,301,4517.65
D06,IS-1027,2025-08-25,303,4369.01
D06,IS-1027,2025-09-01,320,4564.11
D06,IS-1027,2025-09-08,321,4543.81
D06,IS-1027,2025-09-15,334,5108.01
D06,IS-1027,2025-09-22,307,4404.45
D06,IS-1027,2025-09-29,349,4945.29
D06,IS-1027,2025-10-06,303,4333.32
D06,IS-1027,2025-10-13,248,3617.91
D06,IS-1027,2025-10-20,340,5113.92
D06,IS-1027,2025-10-27,273,4180.88
D06,IS-1027,2025-11-03,288,4426.85
D06,IS-1027,2025-11-10,344,4847.31
D06,IS-1027,2025-11-17,324,4856.08
D06,IS-1027,2025-11-24,281,4260.39
D06,IS-1027,2025-12-01,362,5196.55
D06,IS-1027,2025-12-08,358,5104.55
D06,IS-1027,2025-12-15,250,3542.72
D06,IS-1027,2025-12-22,198,2861.37
D06,IS-1027,2025-12-29,305,4559.9
D06,IS-1027,2026-01-05,300,4469.16
D06,IS-1027,2026-01-12,352,5474.93
D06,IS-1027,2026-01-19,386,5912.71
D06,IS-1027,2026-01-26,398,5694.62
D06,IS-1027,2026-02-02,430,6409.08
D06,IS-1027,2026-02-09,273,4080.91
D06,IS-1027,2026-02-16,404,5712.85
D06,IS-1027,2026-02-23,255,3607.42
D06,IS-1027,2026-03-02,224,3470.14
D06,IS-1027,2026-03-09,276,4027.66
D06,IS-1027,2026-03-16,343,4849.86
D06,IS-1027,2026-03-23,364,5327.63
D06,IS-1027,2026-03-30,325,5088.95
D06,IS-1027,2026-04-06,344,5045.1
D06,IS-1027,2026-04-13,361,5255.08
D06,IS-1027,2026-04-20,354,5342.84
D06,IS-1027,2026-04-27,304,4380.22
D06,IS-1027,2026-05-04,368,5479.83
D06,IS-1027,2026-05-11,454,6681.7
D06,IS-1027,2026-05-18,355,5472.37
D06,IS-1027,2026-05-25,300,4310.81
D06,IS-1027,2026-06-01,478,7467.92
D06,IS-1027,2026-06-08,373,5303.65
D06,IS-1027,2026-06-15,355,5336.07
D06,IS-1027,2026-06-22,469,6840.74
D06,PM-1005,2024-01-01,719,398.51
D06,PM-1005,2024-01-08,715,365.78
D06,PM-1005,2024-01-15,1024,569.35
D06,PM-1005,2024-01-22,669,355.18
D06,PM-1005,2024-01-29,815,424.65
D06,PM-1005,2024-02-05,678,361.85
D06,PM-1005,2024-02-12,608,333.45
D06,PM-1005,2024-02-19,766,430.45
D06,PM-1005,2024-02-26,833,453.97
D06,PM-1005,2024-03-04,725,395.24
D06,PM-1005,2024-03-11,723,403.17
D06,PM-1005,2024-03-18,706,372.11
D06,PM-1005,2024-03-25,822,444.88
D06,PM-1005,2024-04-01,839,436.32
D06,PM-1005,2024-04-08,1081,592.21
D06,PM-1005,2024-04-15,1001,520.06
D06,PM-1005,2024-04-22,876,487.05
D06,PM-1005,2024-04-29,733,377.51
D06,PM-1005,2024-05-06,747,419.27
D06,PM-1005,2024-05-13,969,514.03
D06,PM-1005,2024-05-20,1267,706.38
D06,PM-1005,2024-05-27,874,470.29
D06,PM-1005,2024-06-03,698,389.06
D06,PM-1005,2024-06-10,1003,514.24
D06,PM-1005,2024-06-17,1079,600.92
D06,PM-1005,2024-06-24,950,504.96
D06,PM-1005,2024-07-01,893,462.55
D06,PM-1005,2024-07-08,801,446.85
D06,PM-1005,2024-07-15,780,402.59
D06,PM-1005,2024-07-22,950,496.9
D06,PM-1005,2024-07-29,771,430.41
D06,PM-1005,2024-08-05,923,480.0
D06,PM-1005,2024-08-12,771,434.73
D06,PM-1005,2024-08-19,993,545.67
D06,PM-1005,2024-08-26,804,421.05
D06,PM-1005,2024-09-02,833,434.73
D06,PM-1005,2024-09-09,898,502.96
D06,PM-1005,2024-09-16,993,507.66
D06,PM-1005,2024-09-23,923,504.33
D06,PM-1005,2024-09-30,827,449.61
D06,PM-1005,2024-10-07,814,430.55
D06,PM-1005,2024-10-14,678,367.05
D06,PM-1005,2024-10-21,765,398.77
D06,PM-1005,2024-10-28,979,512.1
D06,PM-1005,2024-11-04,799,447.94
D06,PM-1005,2024-11-11,697,369.98
D06,PM-1005,2024-11-18,871,475.85
D06,PM-1005,2024-11-25,795,436.71
D06,PM-1005,2024-12-02,580,328.47
D06,PM-1005,2024-12-09,679,380.54
D06,PM-1005,2024-12-16,645,358.57
D06,PM-1005,2024-12-23,663,351.87
D06,PM-1005,2024-12-30,704,397.88
D06,PM-1005,2025-01-06,857,481.68
D06,PM-1005,2025-01-13,678,361.37
D06,PM-1005,2025-01-20,645,361.41
D06,PM-1005,2025-01-27,887,485.79
D06,PM-1005,2025-02-03,786,403.13
D06,PM-1005,2025-02-10,918,513.99
D06,PM-1005,2025-02-17,831,432.34
D06,PM-1005,2025-02-24,1438,757.85
D06,PM-1005,2025-03-03,811,451.43
D06,PM-1005,2025-03-10,740,419.78
D06,PM-1005,2025-03-17,879,454.77
D06,PM-1005,2025-03-24,814,433.42
D06,PM-1005,2025-03-31,907,464.27
D06,PM-1005,2025-04-07,830,465.88
D06,PM-1005,2025-04-14,1051,568.89
D06,PM-1005,2025-04-21,1067,589.39
D06,PM-1005,2025-04-28,813,448.87
D06,PM-1005,2025-05-05,995,561.6
D06,PM-1005,2025-05-12,1027,523.79
D06,PM-1005,2025-05-19,1055,578.4
D06,PM-1005,2025-05-26,735,405.03
D06,PM-1005,2025-06-02,964,533.14
D06,PM-1005,2025-06-09,775,405.75
D06,PM-1005,2025-06-16,839,446.39
D06,PM-1005,2025-06-23,917,504.93
D06,PM-1005,2025-06-30,822,421.19
D06,PM-1005,2025-07-07,900,510.63
D06,PM-1005,2025-07-14,1016,531.54
D06,PM-1005,2025-07-21,931,506.47
D06,PM-1005,2025-07-28,824,422.11
D06,PM-1005,2025-08-04,901,496.28
D06,PM-1005,2025-08-11,899,463.75
D06,PM-1005,2025-08-18,940,504.34
D06,PM-1005,2025-08-25,741,384.87
D06,PM-1005,2025-09-01,813,450.78
D06,PM-1005,2025-09-08,841,440.38
D06,PM-1005,2025-09-15,1054,564.86
D06,PM-1005,2025-09-22,732,410.0
D06,PM-1005,2025-09-29,849,465.0
D06,PM-1005,2025-10-06,750,421.85
D06,PM-1005,2025-10-13,687,369.29
D06,PM-1005,2025-10-20,845,473.07
D06,PM-1005,2025-10-27,723,388.65
D06,PM-1005,2025-11-03,910,477.42
D06,PM-1005,2025-11-10,691,390.86
D06,PM-1005,2025-11-17,765,396.51
D06,PM-1005,2025-11-24,805,453.72
D06,PM-1005,2025-12-01,771,438.19
D06,PM-1005,2025-12-08,625,340.69
D06,PM-1005,2025-12-15,633,356.3
D06,PM-1005,2025-12-22,833,460.29
D06,PM-1005,2025-12-29,936,506.42
D06,PM-1005,2026-01-05,646,362.59
D06,PM-1005,2026-01-12,550,297.34
D06,PM-1005,2026-01-19,839,429.97
D06,PM-1005,2026-01-26,866,450.12
D06,PM-1005,2026-02-02,907,482.78
D06,PM-1005,2026-02-09,857,464.28
D06,PM-1005,2026-02-16,904,509.26
D06,PM-1005,2026-02-23,1103,584.84
D06,PM-1005,2026-03-02,755,402.63
D06,PM-1005,2026-03-09,999,563.86
D06,PM-1005,2026-03-16,1116,572.77
D06,PM-1005,2026-03-23,869,471.84
D06,PM-1005,2026-03-30,836,468.5
D06,PM-1005,2026-04-06,797,437.86
D06,PM-1005,2026-04-13,719,399.28
D06,PM-1005,2026-04-20,558,316.41
D06,PM-1005,2026-04-27,1055,575.09
D06,PM-1005,2026-05-04,835,461.65
D06,PM-1005,2026-05-11,877,454.86
D06,PM-1005,2026-05-18,777,414.83
D06,PM-1005,2026-05-25,883,501.63
D06,PM-1005,2026-06-01,1067,573.38
D06,PM-1005,2026-06-08,823,454.99
D06,PM-1005,2026-06-15,1202,665.57
D06,PM-1005,2026-06-22,875,474.31
D06,LD-1040,2024-01-01,2297,1036.69
D06,LD-1040,2024-01-08,2264,1015.08
D06,LD-1040,2024-01-15,2485,1214.49
D06,LD-1040,2024-01-22,2246,1110.61
D06,LD-1040,2024-01-29,2271,1112.88
D06,LD-1040,2024-02-05,2366,1093.52
D06,LD-1040,2024-02-12,1843,884.27
D06,LD-1040,2024-02-19,2188,1056.46
D06,LD-1040,2024-02-26,2489,1147.32
D06,LD-1040,2024-03-04,2003,945.75
D06,LD-1040,2024-03-11,2436,1099.26
D06,LD-1040,2024-03-18,2251,1030.55
D06,LD-1040,2024-03-25,2231,1047.65
D06,LD-1040,2024-04-01,2783,1363.22
D06,LD-1040,2024-04-08,2123,1042.39
D06,LD-1040,2024-04-15,2401,1124.58
D06,LD-1040,2024-04-22,2036,908.21
D06,LD-1040,2024-04-29,2448,1156.54
D06,LD-1040,2024-05-06,1962,912.51
D06,LD-1040,2024-05-13,2704,1224.71
D06,LD-1040,2024-05-20,3128,1416.22
D06,LD-1040,2024-05-27,2572,1235.09
D06,LD-1040,2024-06-03,2740,1289.57
D06,LD-1040,2024-06-10,2370,1159.25
D06,LD-1040,2024-06-17,2440,1134.36
D06,LD-1040,2024-06-24,2877,1352.18
D06,LD-1040,2024-07-01,2341,1075.34
D06,LD-1040,2024-07-08,2312,1137.02
D06,LD-1040,2024-07-15,1937,908.5
D06,LD-1040,2024-07-22,2239,1044.92
D06,LD-1040,2024-07-29,2389,1166.27
D06,LD-1040,2024-08-05,2033,909.14
D06,LD-1040,2024-08-12,2520,1160.03
D06,LD-1040,2024-08-19,2651,1312.14
D06,LD-1040,2024-08-26,2236,1041.93
D06,LD-1040,2024-09-02,2495,1197.77
D06,LD-1040,2024-09-09,2291,1102.65
D06,LD-1040,2024-09-16,3048,1372.73
D06,LD-1040,2024-09-23,1887,840.55
D06,LD-1040,2024-09-30,2718,1288.52
D06,LD-1040,2024-10-07,2503,1197.43
D06,LD-1040,2024-10-14,2013,930.6
D06,LD-1040,2024-10-21,2318,1138.85
D06,LD-1040,2024-10-28,2401,1137.41
D06,LD-1040,2024-11-04,2734,1288.51
D06,LD-1040,2024-11-11,2386,1061.58
D06,LD-1040,2024-11-18,1775,804.15
D06,LD-1040,2024-11-25,2310,1090.97
D06,LD-1040,2024-12-02,2544,1144.04
D06,LD-1040,2024-12-09,3074,1404.94
D06,LD-1040,2024-12-16,2018,948.86
D06,LD-1040,2024-12-23,2949,1384.12
D06,LD-1040,2024-12-30,2342,1062.85
D06,LD-1040,2025-01-06,1766,787.12
D06,LD-1040,2025-01-13,2942,1351.93
D06,LD-1040,2025-01-20,2070,961.64
D06,LD-1040,2025-01-27,2659,1217.13
D06,LD-1040,2025-02-03,2032,939.47
D06,LD-1040,2025-02-10,2834,1297.37
D06,LD-1040,2025-02-17,2511,1193.66
D06,LD-1040,2025-02-24,2219,1051.61
D06,LD-1040,2025-03-03,2159,1061.51
D06,LD-1040,2025-03-10,2242,1001.1
D06,LD-1040,2025-03-17,2241,1016.88
D06,LD-1040,2025-03-24,1986,907.39
D06,LD-1040,2025-03-31,2132,970.18
D06,LD-1040,2025-04-07,3486,1643.28
D06,LD-1040,2025-04-14,2438,1137.75
D06,LD-1040,2025-04-21,2716,1280.9
D06,LD-1040,2025-04-28,2407,1136.86
D06,LD-1040,2025-05-05,3138,1526.22
D06,LD-1040,2025-05-12,3013,1349.42
D06,LD-1040,2025-05-19,2462,1140.76
D06,LD-1040,2025-05-26,2359,1114.24
D06,LD-1040,2025-06-02,2252,1058.13
D06,LD-1040,2025-06-09,2374,1167.53
D06,LD-1040,2025-06-16,2911,1422.55
D06,LD-1040,2025-06-23,2518,1246.23
D06,LD-1040,2025-06-30,2354,1089.35
D06,LD-1040,2025-07-07,2397,1086.78
D06,LD-1040,2025-07-14,3196,1463.16
D06,LD-1040,2025-07-21,2444,1189.03
D06,LD-1040,2025-07-28,2831,1357.03
D06,LD-1040,2025-08-04,2725,1215.11
D06,LD-1040,2025-08-11,2623,1244.36
D06,LD-1040,2025-08-18,2357,1126.58
D06,LD-1040,2025-08-25,3077,1419.58
D06,LD-1040,2025-09-01,2696,1283.63
D06,LD-1040,2025-09-08,2424,1105.59
D06,LD-1040,2025-09-15,2207,1024.31
D06,LD-1040,2025-09-22,2162,978.54
D06,LD-1040,2025-09-29,2894,1294.95
D06,LD-1040,2025-10-06,2693,1234.11
D06,LD-1040,2025-10-13,3134,1418.18
D06,LD-1040,2025-10-20,2451,1162.93
D06,LD-1040,2025-10-27,2542,1150.99
D06,LD-1040,2025-11-03,1654,784.78
D06,LD-1040,2025-11-10,2523,1157.09
D06,LD-1040,2025-11-17,2652,1227.62
D06,LD-1040,2025-11-24,2852,1392.15
D06,LD-1040,2025-12-01,1585,746.58
D06,LD-1040,2025-12-08,1781,790.07
D06,LD-1040,2025-12-15,2498,1114.75
D06,LD-1040,2025-12-22,2368,1065.81
D06,LD-1040,2025-12-29,1844,891.45
D06,LD-1040,2026-01-05,2472,1136.87
D06,LD-1040,2026-01-12,2229,1056.09
D06,LD-1040,2026-01-19,2054,921.2
D06,LD-1040,2026-01-26,2029,1004.24
D06,LD-1040,2026-02-02,2103,983.16
D06,LD-1040,2026-02-09,2124,1015.66
D06,LD-1040,2026-02-16,1889,868.66
D06,LD-1040,2026-02-23,3173,1560.55
D06,LD-1040,2026-03-02,3101,1376.74
D06,LD-1040,2026-03-09,2937,1410.99
D06,LD-1040,2026-03-16,2460,1217.53
D06,LD-1040,2026-03-23,2229,1000.45
D06,LD-1040,2026-03-30,1963,912.26
D06,LD-1040,2026-04-06,2864,1350.82
D06,LD-1040,2026-04-13,2462,1160.58
D06,LD-1040,2026-04-20,3402,1535.71
D06,LD-1040,2026-04-27,2664,1193.01
D06,LD-1040,2026-05-04,2662,1250.01
D06,LD-1040,2026-05-11,2314,1062.22
D06,LD-1040,2026-05-18,3510,1560.42
D06,LD-1040,2026-05-25,1937,880.47
D06,LD-1040,2026-06-01,2685,1302.65
D06,LD-1040,2026-06-08,2394,1172.06
D06,LD-1040,2026-06-15,3069,1513.97
D06,LD-1040,2026-06-22,2685,1211.1
D06,SC-1020,2024-01-01,290,3330.04
D06,SC-1020,2024-01-08,353,4137.73
D06,SC-1020,2024-01-15,392,4917.32
D06,SC-1020,2024-01-22,311,3778.54
D06,SC-1020,2024-01-29,384,4884.79
D06,SC-1020,2024-02-05,271,3253.3
D06,SC-1020,2024-02-12,333,3830.15
D06,SC-1020,2024-02-19,349,4254.22
D06,SC-1020,2024-02-26,307,3582.64
D06,SC-1020,2024-03-04,316,3915.74
D06,SC-1020,2024-03-11,369,4351.95
D06,SC-1020,2024-03-18,354,4431.5
D06,SC-1020,2024-03-25,376,4751.39
D06,SC-1020,2024-04-01,540,6428.25
D06,SC-1020,2024-04-08,349,4346.95
D06,SC-1020,2024-04-15,299,3734.27
D06,SC-1020,2024-04-22,327,4131.86
D06,SC-1020,2024-04-29,367,4402.25
D06,SC-1020,2024-05-06,302,3641.7
D06,SC-1020,2024-05-13,391,4551.75
D06,SC-1020,2024-05-20,473,5640.27
D06,SC-1020,2024-05-27,490,5984.99
D06,SC-1020,2024-06-03,386,4626.41
D06,SC-1020,2024-06-10,421,5002.18
D06,SC-1020,2024-06-17,447,5185.48
D06,SC-1020,2024-06-24,589,6957.7
D06,SC-1020,2024-07-01,393,4917.53
D06,SC-1020,2024-07-08,341,4276.25
D06,SC-1020,2024-07-15,370,4552.03
D06,SC-1020,2024-07-22,344,4297.11
D06,SC-1020,2024-07-29,409,4982.09
D06,SC-1020,2024-08-05,432,5155.35
D06,SC-1020,2024-08-12,386,4890.18
D06,SC-1020,2024-08-19,340,4318.68
D06,SC-1020,2024-08-26,345,4328.15
D06,SC-1020,2024-09-02,433,5290.54
D06,SC-1020,2024-09-09,347,4232.17
D06,SC-1020,2024-09-16,547,6696.27
D06,SC-1020,2024-09-23,320,4024.1
D06,SC-1020,2024-09-30,315,3939.14
D06,SC-1020,2024-10-07,318,3799.24
D06,SC-1020,2024-10-14,438,5452.47
D06,SC-1020,2024-10-21,347,4028.49
D06,SC-1020,2024-10-28,341,4208.84
D06,SC-1020,2024-11-04,473,5580.26
D06,SC-1020,2024-11-11,244,3027.31
D06,SC-1020,2024-11-18,376,4297.21
D06,SC-1020,2024-11-25,345,4132.68
D06,SC-1020,2024-12-02,523,6558.98
D06,SC-1020,2024-12-09,335,3881.6
D06,SC-1020,2024-12-16,322,3981.02
D06,SC-1020,2024-12-23,403,4801.47
D06,SC-1020,2024-12-30,385,4493.05
D06,SC-1020,2025-01-06,402,4688.12
D06,SC-1020,2025-01-13,351,4415.86
D06,SC-1020,2025-01-20,343,4131.19
D06,SC-1020,2025-01-27,330,3782.35
D06,SC-1020,2025-02-03,400,5074.13
D06,SC-1020,2025-02-10,399,4796.24
D06,SC-1020,2025-02-17,415,4948.67
D06,SC-1020,2025-02-24,575,6820.57
D06,SC-1020,2025-03-03,509,5917.93
D06,SC-1020,2025-03-10,406,5168.69
D06,SC-1020,2025-03-17,387,4580.14
D06,SC-1020,2025-03-24,505,6116.08
D06,SC-1020,2025-03-31,476,5716.34
D06,SC-1020,2025-04-07,451,5741.89
D06,SC-1020,2025-04-14,481,5951.73
D06,SC-1020,2025-04-21,378,4334.16
D06,SC-1020,2025-04-28,502,6336.68
D06,SC-1020,2025-05-05,412,4780.16
D06,SC-1020,2025-05-12,442,5056.19
D06,SC-1020,2025-05-19,507,6270.01
D06,SC-1020,2025-05-26,524,6344.42
D06,SC-1020,2025-06-02,335,4176.21
D06,SC-1020,2025-06-09,585,6878.5
D06,SC-1020,2025-06-16,532,6213.3
D06,SC-1020,2025-06-23,409,4931.35
D06,SC-1020,2025-06-30,435,4985.87
D06,SC-1020,2025-07-07,363,4156.01
D06,SC-1020,2025-07-14,329,3823.41
D06,SC-1020,2025-07-21,282,3579.22
D06,SC-1020,2025-07-28,297,3665.12
D06,SC-1020,2025-08-04,369,4567.83
D06,SC-1020,2025-08-11,281,3283.88
D06,SC-1020,2025-08-18,321,3934.51
D06,SC-1020,2025-08-25,341,3931.39
D06,SC-1020,2025-09-01,326,3782.99
D06,SC-1020,2025-09-08,292,3346.99
D06,SC-1020,2025-09-15,276,3377.12
D06,SC-1020,2025-09-22,252,3176.87
D06,SC-1020,2025-09-29,308,3820.36
D06,SC-1020,2025-10-06,251,2904.74
D06,SC-1020,2025-10-13,385,4436.12
D06,SC-1020,2025-10-20,268,3165.65
D06,SC-1020,2025-10-27,284,3419.45
D06,SC-1020,2025-11-03,244,2858.0
D06,SC-1020,2025-11-10,294,3370.23
D06,SC-1020,2025-11-17,197,2332.16
D06,SC-1020,2025-11-24,277,3256.4
D06,SC-1020,2025-12-01,248,2862.73
D06,SC-1020,2025-12-08,385,4439.59
D06,SC-1020,2025-12-15,251,3186.72
D06,SC-1020,2025-12-22,223,2670.29
D06,SC-1020,2025-12-29,288,3332.35
D06,SC-1020,2026-01-05,256,3211.64
D06,SC-1020,2026-01-12,201,2534.42
D06,SC-1020,2026-01-19,319,3747.4
D06,SC-1020,2026-01-26,205,2473.2
D06,SC-1020,2026-02-02,233,2917.76
D06,SC-1020,2026-02-09,259,3112.62
D06,SC-1020,2026-02-16,251,2876.14
D06,SC-1020,2026-02-23,282,3373.44
D06,SC-1020,2026-03-02,203,2318.8
D06,SC-1020,2026-03-09,241,2769.73
D06,SC-1020,2026-03-16,218,2509.83
D06,SC-1020,2026-03-23,272,3306.34
D06,SC-1020,2026-03-30,285,3517.45
D06,SC-1020,2026-04-06,235,2934.54
D06,SC-1020,2026-04-13,242,2768.47
D06,SC-1020,2026-04-20,230,2684.3
D06,SC-1020,2026-04-27,213,2628.85
D06,SC-1020,2026-05-04,276,3321.13
D06,SC-1020,2026-05-11,219,2772.01
D06,SC-1020,2026-05-18,253,3102.49
D06,SC-1020,2026-05-25,279,3520.08
D06,SC-1020,2026-06-01,203,2497.66
D06,SC-1020,2026-06-08,261,3079.18
D06,SC-1020,2026-06-15,217,2767.71
D06,SC-1020,2026-06-22,269,3321.08
D06,PW-1030,2024-01-01,179,430.19
D06,PW-1030,2024-01-08,311,743.78
D06,PW-1030,2024-01-15,275,660.97
D06,PW-1030,2024-01-22,368,865.49
D06,PW-1030,2024-01-29,286,668.27
D06,PW-1030,2024-02-05,289,684.89
D06,PW-1030,2024-02-12,351,789.94
D06,PW-1030,2024-02-19,258,607.86
D06,PW-1030,2024-02-26,303,675.82
D06,PW-1030,2024-03-04,352,811.69
D06,PW-1030,2024-03-11,320,759.73
D06,PW-1030,2024-03-18,374,907.67
D06,PW-1030,2024-03-25,291,663.58
D06,PW-1030,2024-04-01,294,673.7
D06,PW-1030,2024-04-08,365,826.16
D06,PW-1030,2024-04-15,292,717.95
D06,PW-1030,2024-04-22,299,696.62
D06,PW-1030,2024-04-29,335,814.04
D06,PW-1030,2024-05-06,363,875.63
D06,PW-1030,2024-05-13,392,925.08
D06,PW-1030,2024-05-20,340,756.45
D06,PW-1030,2024-05-27,374,844.1
D06,PW-1030,2024-06-03,434,1013.92
D06,PW-1030,2024-06-10,399,936.54
D06,PW-1030,2024-06-17,336,803.04
D06,PW-1030,2024-06-24,372,887.2
D06,PW-1030,2024-07-01,456,1091.81
D06,PW-1030,2024-07-08,384,930.75
D06,PW-1030,2024-07-15,336,809.64
D06,PW-1030,2024-07-22,468,1128.12
D06,PW-1030,2024-07-29,420,1010.19
D06,PW-1030,2024-08-05,409,1006.75
D06,PW-1030,2024-08-12,320,715.17
D06,PW-1030,2024-08-19,298,699.28
D06,PW-1030,2024-08-26,402,920.99
D06,PW-1030,2024-09-02,294,680.69
D06,PW-1030,2024-09-09,260,598.22
D06,PW-1030,2024-09-16,359,839.74
D06,PW-1030,2024-09-23,413,919.21
D06,PW-1030,2024-09-30,260,626.43
D06,PW-1030,2024-10-07,407,929.5
D06,PW-1030,2024-10-14,283,673.22
D06,PW-1030,2024-10-21,336,766.32
D06,PW-1030,2024-10-28,373,857.12
D06,PW-1030,2024-11-04,309,699.53
D06,PW-1030,2024-11-11,344,795.78
D06,PW-1030,2024-11-18,295,688.98
D06,PW-1030,2024-11-25,360,853.51
D06,PW-1030,2024-12-02,386,938.65
D06,PW-1030,2024-12-09,299,677.98
D06,PW-1030,2024-12-16,284,651.9
D06,PW-1030,2024-12-23,290,694.05
D06,PW-1030,2024-12-30,336,744.4
D06,PW-1030,2025-01-06,266,602.68
D06,PW-1030,2025-01-13,346,796.27
D06,PW-1030,2025-01-20,327,754.78
D06,PW-1030,2025-01-27,342,827.11
D06,PW-1030,2025-02-03,326,724.25
D06,PW-1030,2025-02-10,366,880.61
D06,PW-1030,2025-02-17,291,686.05
D06,PW-1030,2025-02-24,227,546.93
D06,PW-1030,2025-03-03,376,889.15
D06,PW-1030,2025-03-10,283,655.01
D06,PW-1030,2025-03-17,359,817.99
D06,PW-1030,2025-03-24,298,721.93
D06,PW-1030,2025-03-31,407,961.71
D06,PW-1030,2025-04-07,323,769.42
D06,PW-1030,2025-04-14,325,727.23
D06,PW-1030,2025-04-21,413,961.22
D06,PW-1030,2025-04-28,403,901.23
D06,PW-1030,2025-05-05,413,1000.83
D06,PW-1030,2025-05-12,321,784.14
D06,PW-1030,2025-05-19,321,739.5
D06,PW-1030,2025-05-26,416,995.65
D06,PW-1030,2025-06-02,362,844.99
D06,PW-1030,2025-06-09,317,716.1
D06,PW-1030,2025-06-16,388,894.23
D06,PW-1030,2025-06-23,549,1255.2
D06,PW-1030,2025-06-30,357,842.13
D06,PW-1030,2025-07-07,334,804.22
D06,PW-1030,2025-07-14,349,840.33
D06,PW-1030,2025-07-21,335,747.27
D06,PW-1030,2025-07-28,438,1006.6
D06,PW-1030,2025-08-04,482,1076.66
D06,PW-1030,2025-08-11,399,976.74
D06,PW-1030,2025-08-18,387,861.86
D06,PW-1030,2025-08-25,364,846.67
D06,PW-1030,2025-09-01,478,1167.96
D06,PW-1030,2025-09-08,417,941.8
D06,PW-1030,2025-09-15,457,1053.92
D06,PW-1030,2025-09-22,283,668.58
D06,PW-1030,2025-09-29,436,967.38
D06,PW-1030,2025-10-06,386,892.0
D06,PW-1030,2025-10-13,418,1018.56
D06,PW-1030,2025-10-20,444,1047.41
D06,PW-1030,2025-10-27,302,685.58
D06,PW-1030,2025-11-03,358,881.45
D06,PW-1030,2025-11-10,289,638.9
D06,PW-1030,2025-11-17,426,1041.44
D06,PW-1030,2025-11-24,295,698.82
D06,PW-1030,2025-12-01,261,637.99
D06,PW-1030,2025-12-08,289,638.99
D06,PW-1030,2025-12-15,307,725.5
D06,PW-1030,2025-12-22,298,712.99
D06,PW-1030,2025-12-29,349,832.59
D06,PW-1030,2026-01-05,390,905.32
D06,PW-1030,2026-01-12,283,649.06
D06,PW-1030,2026-01-19,420,974.92
D06,PW-1030,2026-01-26,369,827.65
D06,PW-1030,2026-02-02,424,1016.52
D06,PW-1030,2026-02-09,371,867.21
D06,PW-1030,2026-02-16,429,1032.18
D06,PW-1030,2026-02-23,309,711.06
D06,PW-1030,2026-03-02,375,893.83
D06,PW-1030,2026-03-09,336,804.14
D06,PW-1030,2026-03-16,417,930.94
D06,PW-1030,2026-03-23,417,1020.38
D06,PW-1030,2026-03-30,439,1076.16
D06,PW-1030,2026-04-06,433,1001.6
D06,PW-1030,2026-04-13,447,1000.18
D06,PW-1030,2026-04-20,414,937.71
D06,PW-1030,2026-04-27,377,847.53
D06,PW-1030,2026-05-04,477,1091.78
D06,PW-1030,2026-05-11,363,841.55
D06,PW-1030,2026-05-18,383,879.53
D06,PW-1030,2026-05-25,458,1017.97
D06,PW-1030,2026-06-01,404,989.64
D06,PW-1030,2026-06-08,392,871.81
D06,PW-1030,2026-06-15,506,1131.34
D06,PW-1030,2026-06-22,278,630.39
D06,PW-1031,2024-01-01,276,1249.64
D06,PW-1031,2024-01-08,340,1467.3
D06,PW-1031,2024-01-15,503,2192.21
D06,PW-1031,2024-01-22,322,1492.92
D06,PW-1031,2024-01-29,424,1930.57
D06,PW-1031,2024-02-05,329,1465.88
D06,PW-1031,2024-02-12,418,1874.67
D06,PW-1031,2024-02-19,435,1951.63
D06,PW-1031,2024-02-26,348,1596.1
D06,PW-1031,2024-03-04,346,1562.87
D06,PW-1031,2024-03-11,424,1998.27
D06,PW-1031,2024-03-18,435,1907.84
D06,PW-1031,2024-03-25,450,2084.5
D06,PW-1031,2024-04-01,401,1870.31
D06,PW-1031,2024-04-08,343,1609.11
D06,PW-1031,2024-04-15,401,1851.82
D06,PW-1031,2024-04-22,349,1649.05
D06,PW-1031,2024-04-29,451,1991.08
D06,PW-1031,2024-05-06,355,1681.43
D06,PW-1031,2024-05-13,373,1617.65
D06,PW-1031,2024-05-20,412,1938.71
D06,PW-1031,2024-05-27,521,2332.27
D06,PW-1031,2024-06-03,355,1617.1
D06,PW-1031,2024-06-10,386,1730.12
D06,PW-1031,2024-06-17,396,1819.83
D06,PW-1031,2024-06-24,456,1961.1
D06,PW-1031,2024-07-01,372,1635.84
D06,PW-1031,2024-07-08,354,1529.91
D06,PW-1031,2024-07-15,378,1619.55
D06,PW-1031,2024-07-22,447,2027.57
D06,PW-1031,2024-07-29,331,1511.48
D06,PW-1031,2024-08-05,491,2180.88
D06,PW-1031,2024-08-12,465,2160.82
D06,PW-1031,2024-08-19,458,2014.46
D06,PW-1031,2024-08-26,438,1951.57
D06,PW-1031,2024-09-02,413,1901.45
D06,PW-1031,2024-09-09,358,1566.86
D06,PW-1031,2024-09-16,375,1625.3
D06,PW-1031,2024-09-23,370,1689.19
D06,PW-1031,2024-09-30,317,1408.8
D06,PW-1031,2024-10-07,487,2293.9
D06,PW-1031,2024-10-14,324,1435.18
D06,PW-1031,2024-10-21,360,1548.25
D06,PW-1031,2024-10-28,367,1616.57
D06,PW-1031,2024-11-04,402,1875.65
D06,PW-1031,2024-11-11,357,1579.67
D06,PW-1031,2024-11-18,342,1617.93
D06,PW-1031,2024-11-25,440,2048.55
D06,PW-1031,2024-12-02,622,2782.17
D06,PW-1031,2024-12-09,524,2262.54
D06,PW-1031,2024-12-16,387,1792.11
D06,PW-1031,2024-12-23,298,1310.67
D06,PW-1031,2024-12-30,297,1299.91
D06,PW-1031,2025-01-06,448,1982.48
D06,PW-1031,2025-01-13,393,1719.14
D06,PW-1031,2025-01-20,403,1864.04
D06,PW-1031,2025-01-27,415,1842.87
D06,PW-1031,2025-02-03,361,1713.08
D06,PW-1031,2025-02-10,404,1886.55
D06,PW-1031,2025-02-17,444,1936.17
D06,PW-1031,2025-02-24,528,2287.16
D06,PW-1031,2025-03-03,538,2392.42
D06,PW-1031,2025-03-10,472,2013.33
D06,PW-1031,2025-03-17,400,1783.87
D06,PW-1031,2025-03-24,447,2049.38
D06,PW-1031,2025-03-31,527,2443.4
D06,PW-1031,2025-04-07,587,2528.29
D06,PW-1031,2025-04-14,544,2484.59
D06,PW-1031,2025-04-21,417,1859.79
D06,PW-1031,2025-04-28,542,2536.58
D06,PW-1031,2025-05-05,419,1794.0
D06,PW-1031,2025-05-12,542,2553.45
D06,PW-1031,2025-05-19,563,2576.88
D06,PW-1031,2025-05-26,527,2266.84
D06,PW-1031,2025-06-02,429,1894.51
D06,PW-1031,2025-06-09,399,1736.1
D06,PW-1031,2025-06-16,447,2102.18
D06,PW-1031,2025-06-23,513,2371.82
D06,PW-1031,2025-06-30,414,1888.33
D06,PW-1031,2025-07-07,358,1588.78
D06,PW-1031,2025-07-14,579,2486.39
D06,PW-1031,2025-07-21,383,1701.58
D06,PW-1031,2025-07-28,477,2136.79
D06,PW-1031,2025-08-04,486,2206.52
D06,PW-1031,2025-08-11,405,1773.45
D06,PW-1031,2025-08-18,441,2010.96
D06,PW-1031,2025-08-25,569,2564.88
D06,PW-1031,2025-09-01,345,1533.01
D06,PW-1031,2025-09-08,522,2284.78
D06,PW-1031,2025-09-15,442,2090.17
D06,PW-1031,2025-09-22,386,1788.62
D06,PW-1031,2025-09-29,458,2171.0
D06,PW-1031,2025-10-06,402,1790.83
D06,PW-1031,2025-10-13,435,1861.14
D06,PW-1031,2025-10-20,476,2037.27
D06,PW-1031,2025-10-27,480,2115.17
D06,PW-1031,2025-11-03,393,1855.61
D06,PW-1031,2025-11-10,470,2004.49
D06,PW-1031,2025-11-17,563,2556.89
D06,PW-1031,2025-11-24,347,1640.68
D06,PW-1031,2025-12-01,368,1627.48
D06,PW-1031,2025-12-08,333,1444.8
D06,PW-1031,2025-12-15,543,2580.92
D06,PW-1031,2025-12-22,420,1974.48
D06,PW-1031,2025-12-29,409,1847.13
D06,PW-1031,2026-01-05,461,2050.3
D06,PW-1031,2026-01-12,488,2267.29
D06,PW-1031,2026-01-19,443,1945.58
D06,PW-1031,2026-01-26,533,2341.86
D06,PW-1031,2026-02-02,430,1972.95
D06,PW-1031,2026-02-09,369,1713.56
D06,PW-1031,2026-02-16,559,2493.18
D06,PW-1031,2026-02-23,438,2026.67
D06,PW-1031,2026-03-02,355,1554.67
D06,PW-1031,2026-03-09,295,1259.17
D06,PW-1031,2026-03-16,372,1657.68
D06,PW-1031,2026-03-23,428,2016.68
D06,PW-1031,2026-03-30,477,2126.01
D06,PW-1031,2026-04-06,503,2161.04
D06,PW-1031,2026-04-13,387,1651.67
D06,PW-1031,2026-04-20,466,2105.57
D06,PW-1031,2026-04-27,447,2037.84
D06,PW-1031,2026-05-04,528,2252.82
D06,PW-1031,2026-05-11,567,2584.5
D06,PW-1031,2026-05-18,638,2918.86
D06,PW-1031,2026-05-25,621,2814.91
D06,PW-1031,2026-06-01,413,1890.25
D06,PW-1031,2026-06-08,521,2376.79
D06,PW-1031,2026-06-15,489,2170.8
D06,PW-1031,2026-06-22,496,2226.52
D06,PM-1007,2024-01-01,2318,2327.83
D06,PM-1007,2024-01-08,1783,1873.59
D06,PM-1007,2024-01-15,1348,1404.15
D06,PM-1007,2024-01-22,1474,1626.87
D06,PM-1007,2024-01-29,1591,1651.29
D06,PM-1007,2024-02-05,1661,1840.53
D06,PM-1007,2024-02-12,1451,1519.71
D06,PM-1007,2024-02-19,2019,2164.44
D06,PM-1007,2024-02-26,1540,1709.88
D06,PM-1007,2024-03-04,1742,1833.15
D06,PM-1007,2024-03-11,2232,2419.54
D06,PM-1007,2024-03-18,1697,1872.52
D06,PM-1007,2024-03-25,2429,2663.97
D06,PM-1007,2024-04-01,1895,1952.18
D06,PM-1007,2024-04-08,1657,1690.37
D06,PM-1007,2024-04-15,1734,1803.93
D06,PM-1007,2024-04-22,1662,1822.65
D06,PM-1007,2024-04-29,1455,1485.48
D06,PM-1007,2024-05-06,1061,1179.48
D06,PM-1007,2024-05-13,1614,1686.31
D06,PM-1007,2024-05-20,1347,1373.47
D06,PM-1007,2024-05-27,1597,1640.59
D06,PM-1007,2024-06-03,2224,2359.42
D06,PM-1007,2024-06-10,1744,1804.87
D06,PM-1007,2024-06-17,2385,2478.81
D06,PM-1007,2024-06-24,1712,1718.6
D06,PM-1007,2024-07-01,2122,2255.89
D06,PM-1007,2024-07-08,1813,1978.7
D06,PM-1007,2024-07-15,1727,1869.94
D06,PM-1007,2024-07-22,2279,2344.19
D06,PM-1007,2024-07-29,2536,2598.54
D06,PM-1007,2024-08-05,1697,1835.47
D06,PM-1007,2024-08-12,1518,1549.42
D06,PM-1007,2024-08-19,1768,1835.39
D06,PM-1007,2024-08-26,1854,1874.65
D06,PM-1007,2024-09-02,1910,2064.36
D06,PM-1007,2024-09-09,1762,1773.83
D06,PM-1007,2024-09-16,1501,1540.47
D06,PM-1007,2024-09-23,2305,2461.25
D06,PM-1007,2024-09-30,1472,1594.98
D06,PM-1007,2024-10-07,1622,1759.64
D06,PM-1007,2024-10-14,1964,2130.1
D06,PM-1007,2024-10-21,1402,1467.61
D06,PM-1007,2024-10-28,1623,1804.36
D06,PM-1007,2024-11-04,1767,1772.71
D06,PM-1007,2024-11-11,1658,1821.07
D06,PM-1007,2024-11-18,1718,1719.31
D06,PM-1007,2024-11-25,1535,1656.41
D06,PM-1007,2024-12-02,1664,1830.51
D06,PM-1007,2024-12-09,1426,1485.38
D06,PM-1007,2024-12-16,1236,1270.47
D06,PM-1007,2024-12-23,1440,1529.51
D06,PM-1007,2024-12-30,1606,1750.4
D06,PM-1007,2025-01-06,1750,1844.64
D06,PM-1007,2025-01-13,1949,2060.67
D06,PM-1007,2025-01-20,2060,2152.71
D06,PM-1007,2025-01-27,1308,1397.39
D06,PM-1007,2025-02-03,1417,1544.93
D06,PM-1007,2025-02-10,1554,1554.15
D06,PM-1007,2025-02-17,1764,1907.37
D06,PM-1007,2025-02-24,1677,1721.35
D06,PM-1007,2025-03-03,1906,1930.36
D06,PM-1007,2025-03-10,1826,2017.19
D06,PM-1007,2025-03-17,1943,2132.38
D06,PM-1007,2025-03-24,1417,1415.68
D06,PM-1007,2025-03-31,1808,1909.3
D06,PM-1007,2025-04-07,1846,1945.77
D06,PM-1007,2025-04-14,1867,2065.73
D06,PM-1007,2025-04-21,1813,1810.53
D06,PM-1007,2025-04-28,2341,2557.15
D06,PM-1007,2025-05-05,1850,1970.14
D06,PM-1007,2025-05-12,1561,1675.37
D06,PM-1007,2025-05-19,1568,1566.01
D06,PM-1007,2025-05-26,1718,1730.67
D06,PM-1007,2025-06-02,1573,1600.65
D06,PM-1007,2025-06-09,2428,2562.09
D06,PM-1007,2025-06-16,2336,2490.22
D06,PM-1007,2025-06-23,1716,1906.76
D06,PM-1007,2025-06-30,1983,2063.84
D06,PM-1007,2025-07-07,1766,1949.68
D06,PM-1007,2025-07-14,1782,1834.02
D06,PM-1007,2025-07-21,1660,1687.59
D06,PM-1007,2025-07-28,1986,2116.89
D06,PM-1007,2025-08-04,1763,1950.96
D06,PM-1007,2025-08-11,1694,1747.75
D06,PM-1007,2025-08-18,1673,1754.08
D06,PM-1007,2025-08-25,2071,2293.49
D06,PM-1007,2025-09-01,1535,1567.43
D06,PM-1007,2025-09-08,1582,1692.19
D06,PM-1007,2025-09-15,1550,1659.78
D06,PM-1007,2025-09-22,1895,2042.65
D06,PM-1007,2025-09-29,2150,2278.93
D06,PM-1007,2025-10-06,1503,1582.64
D06,PM-1007,2025-10-13,2054,2272.76
D06,PM-1007,2025-10-20,1951,2126.92
D06,PM-1007,2025-10-27,1400,1447.26
D06,PM-1007,2025-11-03,1672,1779.82
D06,PM-1007,2025-11-10,1362,1438.94
D06,PM-1007,2025-11-17,1521,1681.16
D06,PM-1007,2025-11-24,1287,1304.22
D06,PM-1007,2025-12-01,1493,1581.27
D06,PM-1007,2025-12-08,1528,1679.82
D06,PM-1007,2025-12-15,1378,1501.54
D06,PM-1007,2025-12-22,1697,1808.28
D06,PM-1007,2025-12-29,1899,1912.96
D06,PM-1007,2026-01-05,1738,1885.02
D06,PM-1007,2026-01-12,1333,1454.64
D06,PM-1007,2026-01-19,1957,2000.06
D06,PM-1007,2026-01-26,1685,1805.37
D06,PM-1007,2026-02-02,1459,1555.57
D06,PM-1007,2026-02-09,1620,1735.55
D06,PM-1007,2026-02-16,2035,2140.84
D06,PM-1007,2026-02-23,1691,1878.32
D06,PM-1007,2026-03-02,1574,1743.77
D06,PM-1007,2026-03-09,1698,1887.56
D06,PM-1007,2026-03-16,1419,1577.78
D06,PM-1007,2026-03-23,1558,1636.61
D06,PM-1007,2026-03-30,1951,1983.33
D06,PM-1007,2026-04-06,1750,1863.76
D06,PM-1007,2026-04-13,1710,1767.77
D06,PM-1007,2026-04-20,1813,1888.59
D06,PM-1007,2026-04-27,2050,2096.41
D06,PM-1007,2026-05-04,2739,2774.58
D06,PM-1007,2026-05-11,1193,1247.11
D06,PM-1007,2026-05-18,1840,2043.39
D06,PM-1007,2026-05-25,1770,1772.45
D06,PM-1007,2026-06-01,2255,2252.12
D06,PM-1007,2026-06-08,1827,1945.6
D06,PM-1007,2026-06-15,1733,1911.49
D06,PM-1007,2026-06-22,1783,1958.73
D06,IS-1028,2024-01-01,307,4157.59
D06,IS-1028,2024-01-08,298,4013.1
D06,IS-1028,2024-01-15,328,4763.39
D06,IS-1028,2024-01-22,344,4778.18
D06,IS-1028,2024-01-29,350,4791.99
D06,IS-1028,2024-02-05,286,3864.25
D06,IS-1028,2024-02-12,338,4763.82
D06,IS-1028,2024-02-19,287,3753.92
D06,IS-1028,2024-02-26,332,4586.94
D06,IS-1028,2024-03-04,376,5242.97
D06,IS-1028,2024-03-11,377,5270.17
D06,IS-1028,2024-03-18,472,6361.31
D06,IS-1028,2024-03-25,329,4484.04
D06,IS-1028,2024-04-01,421,6074.84
D06,IS-1028,2024-04-08,491,7090.31
D06,IS-1028,2024-04-15,518,7120.05
D06,IS-1028,2024-04-22,432,6250.56
D06,IS-1028,2024-04-29,302,4376.61
D06,IS-1028,2024-05-06,323,4510.38
D06,IS-1028,2024-05-13,331,4392.62
D06,IS-1028,2024-05-20,386,5549.96
D06,IS-1028,2024-05-27,506,7336.01
D06,IS-1028,2024-06-03,372,5138.73
D06,IS-1028,2024-06-10,340,4742.39
D06,IS-1028,2024-06-17,458,6297.6
D06,IS-1028,2024-06-24,354,4648.46
D06,IS-1028,2024-07-01,442,6184.52
D06,IS-1028,2024-07-08,358,5079.32
D06,IS-1028,2024-07-15,432,5720.1
D06,IS-1028,2024-07-22,390,5088.55
D06,IS-1028,2024-07-29,356,4648.6
D06,IS-1028,2024-08-05,298,4084.7
D06,IS-1028,2024-08-12,369,5286.23
D06,IS-1028,2024-08-19,300,3935.3
D06,IS-1028,2024-08-26,381,5052.02
D06,IS-1028,2024-09-02,411,5617.01
D06,IS-1028,2024-09-09,385,5564.62
D06,IS-1028,2024-09-16,347,4722.02
D06,IS-1028,2024-09-23,343,4874.66
D06,IS-1028,2024-09-30,382,5391.33
D06,IS-1028,2024-10-07,310,4414.29
D06,IS-1028,2024-10-14,346,5033.51
D06,IS-1028,2024-10-21,271,3632.44
D06,IS-1028,2024-10-28,296,3914.57
D06,IS-1028,2024-11-04,341,4510.11
D06,IS-1028,2024-11-11,267,3585.6
D06,IS-1028,2024-11-18,334,4823.95
D06,IS-1028,2024-11-25,356,4865.49
D06,IS-1028,2024-12-02,290,4110.78
D06,IS-1028,2024-12-09,339,4731.43
D06,IS-1028,2024-12-16,262,3509.99
D06,IS-1028,2024-12-23,344,4830.74
D06,IS-1028,2024-12-30,301,4262.81
D06,IS-1028,2025-01-06,280,3693.8
D06,IS-1028,2025-01-13,308,4045.18
D06,IS-1028,2025-01-20,273,3807.08
D06,IS-1028,2025-01-27,368,4857.67
D06,IS-1028,2025-02-03,337,4482.05
D06,IS-1028,2025-02-10,389,5254.8
D06,IS-1028,2025-02-17,256,3374.83
D06,IS-1028,2025-02-24,386,5565.15
D06,IS-1028,2025-03-03,267,3750.28
D06,IS-1028,2025-03-10,341,4450.71
D06,IS-1028,2025-03-17,496,6749.06
D06,IS-1028,2025-03-24,275,3913.07
D06,IS-1028,2025-03-31,352,4938.24
D06,IS-1028,2025-04-07,302,4118.05
D06,IS-1028,2025-04-14,326,4351.13
D06,IS-1028,2025-04-21,309,4225.69
D06,IS-1028,2025-04-28,242,3169.07
D06,IS-1028,2025-05-05,391,5341.91
D06,IS-1028,2025-05-12,364,5076.83
D06,IS-1028,2025-05-19,316,4593.13
D06,IS-1028,2025-05-26,440,5983.54
D06,IS-1028,2025-06-02,395,5255.48
D06,IS-1028,2025-06-09,364,5014.42
D06,IS-1028,2025-06-16,394,5212.3
D06,IS-1028,2025-06-23,393,5215.03
D06,IS-1028,2025-06-30,359,5056.84
D06,IS-1028,2025-07-07,384,5397.08
D06,IS-1028,2025-07-14,371,5353.51
D06,IS-1028,2025-07-21,336,4458.43
D06,IS-1028,2025-07-28,317,4393.89
D06,IS-1028,2025-08-04,315,4371.35
D06,IS-1028,2025-08-11,302,3989.58
D06,IS-1028,2025-08-18,335,4780.78
D06,IS-1028,2025-08-25,367,5011.02
D06,IS-1028,2025-09-01,386,5259.39
D06,IS-1028,2025-09-08,344,4870.31
D06,IS-1028,2025-09-15,389,5450.15
D06,IS-1028,2025-09-22,275,3826.11
D06,IS-1028,2025-09-29,379,5015.12
D06,IS-1028,2025-10-06,371,5333.8
D06,IS-1028,2025-10-13,257,3707.16
D06,IS-1028,2025-10-20,264,3689.83
D06,IS-1028,2025-10-27,283,3714.62
D06,IS-1028,2025-11-03,334,4611.83
D06,IS-1028,2025-11-10,220,2875.04
D06,IS-1028,2025-11-17,320,4266.16
D06,IS-1028,2025-11-24,334,4367.2
D06,IS-1028,2025-12-01,404,5383.37
D06,IS-1028,2025-12-08,383,5476.9
D06,IS-1028,2025-12-15,288,3789.2
D06,IS-1028,2025-12-22,280,3919.82
D06,IS-1028,2025-12-29,366,5116.98
D06,IS-1028,2026-01-05,375,5142.54
D06,IS-1028,2026-01-12,339,4632.47
D06,IS-1028,2026-01-19,262,3710.89
D06,IS-1028,2026-01-26,316,4365.39
D06,IS-1028,2026-02-02,294,3860.16
D06,IS-1028,2026-02-09,269,3709.79
D06,IS-1028,2026-02-16,341,4945.91
D06,IS-1028,2026-02-23,288,4128.5
D06,IS-1028,2026-03-02,470,6544.82
D06,IS-1028,2026-03-09,288,3938.48
D06,IS-1028,2026-03-16,239,3456.49
D06,IS-1028,2026-03-23,355,4899.12
D06,IS-1028,2026-03-30,438,5850.96
D06,IS-1028,2026-04-06,361,5089.96
D06,IS-1028,2026-04-13,328,4363.66
D06,IS-1028,2026-04-20,305,3998.27
D06,IS-1028,2026-04-27,291,4151.68
D06,IS-1028,2026-05-04,333,4665.33
D06,IS-1028,2026-05-11,314,4449.71
D06,IS-1028,2026-05-18,378,5493.37
D06,IS-1028,2026-05-25,361,5005.66
D06,IS-1028,2026-06-01,375,5265.99
D06,IS-1028,2026-06-08,325,4412.28
D06,IS-1028,2026-06-15,361,4796.31
D06,IS-1028,2026-06-22,429,5714.92
D06,IG-1013,2024-01-01,24,1439.98
D06,IG-1013,2024-01-08,17,1061.33
D06,IG-1013,2024-01-15,24,1411.33
D06,IG-1013,2024-01-22,27,1553.05
D06,IG-1013,2024-01-29,23,1321.68
D06,IG-1013,2024-02-05,25,1546.72
D06,IG-1013,2024-02-12,34,1963.92
D06,IG-1013,2024-02-19,24,1465.8
D06,IG-1013,2024-02-26,25,1480.13
D06,IG-1013,2024-03-04,28,1604.78
D06,IG-1013,2024-03-11,22,1329.68
D06,IG-1013,2024-03-18,22,1236.95
D06,IG-1013,2024-03-25,25,1461.65
D06,IG-1013,2024-04-01,24,1408.98
D06,IG-1013,2024-04-08,21,1226.1
D06,IG-1013,2024-04-15,21,1196.83
D06,IG-1013,2024-04-22,21,1217.72
D06,IG-1013,2024-04-29,24,1511.48
D06,IG-1013,2024-05-06,22,1380.44
D06,IG-1013,2024-05-13,29,1709.16
D06,IG-1013,2024-05-20,33,1952.09
D06,IG-1013,2024-05-27,29,1752.64
D06,IG-1013,2024-06-03,24,1446.22
D06,IG-1013,2024-06-10,38,2271.83
D06,IG-1013,2024-06-17,25,1441.39
D06,IG-1013,2024-06-24,26,1606.18
D06,IG-1013,2024-07-01,26,1520.52
D06,IG-1013,2024-07-08,32,1878.97
D06,IG-1013,2024-07-15,24,1518.55
D06,IG-1013,2024-07-22,35,2164.92
D06,IG-1013,2024-07-29,21,1185.64
D06,IG-1013,2024-08-05,24,1493.55
D06,IG-1013,2024-08-12,31,1809.21
D06,IG-1013,2024-08-19,39,2190.46
D06,IG-1013,2024-08-26,34,2063.11
D06,IG-1013,2024-09-02,29,1740.93
D06,IG-1013,2024-09-09,23,1454.32
D06,IG-1013,2024-09-16,24,1383.38
D06,IG-1013,2024-09-23,29,1709.83
D06,IG-1013,2024-09-30,29,1714.03
D06,IG-1013,2024-10-07,24,1488.12
D06,IG-1013,2024-10-14,24,1450.25
D06,IG-1013,2024-10-21,30,1778.44
D06,IG-1013,2024-10-28,29,1735.31
D06,IG-1013,2024-11-04,27,1627.76
D06,IG-1013,2024-11-11,23,1359.97
D06,IG-1013,2024-11-18,27,1594.45
D06,IG-1013,2024-11-25,24,1453.29
D06,IG-1013,2024-12-02,25,1553.83
D06,IG-1013,2024-12-09,26,1498.93
D06,IG-1013,2024-12-16,28,1660.61
D06,IG-1013,2024-12-23,19,1160.16
D06,IG-1013,2024-12-30,30,1782.22
D06,IG-1013,2025-01-06,30,1788.56
D06,IG-1013,2025-01-13,29,1825.64
D06,IG-1013,2025-01-20,28,1590.38
D06,IG-1013,2025-01-27,22,1341.81
D06,IG-1013,2025-02-03,31,1930.27
D06,IG-1013,2025-02-10,25,1535.21
D06,IG-1013,2025-02-17,25,1425.31
D06,IG-1013,2025-02-24,38,2281.5
D06,IG-1013,2025-03-03,30,1826.25
D06,IG-1013,2025-03-10,28,1580.41
D06,IG-1013,2025-03-17,27,1594.59
D06,IG-1013,2025-03-24,30,1715.9
D06,IG-1013,2025-03-31,27,1561.49
D06,IG-1013,2025-04-07,21,1192.32
D06,IG-1013,2025-04-14,26,1594.9
D06,IG-1013,2025-04-21,31,1881.69
D06,IG-1013,2025-04-28,35,2139.62
D06,IG-1013,2025-05-05,35,2004.74
D06,IG-1013,2025-05-12,35,1995.57
D06,IG-1013,2025-05-19,28,1715.4
D06,IG-1013,2025-05-26,33,2017.18
D06,IG-1013,2025-06-02,36,2037.44
D06,IG-1013,2025-06-09,36,2260.62
D06,IG-1013,2025-06-16,30,1758.73
D06,IG-1013,2025-06-23,36,2114.14
D06,IG-1013,2025-06-30,33,1885.26
D06,IG-1013,2025-07-07,23,1395.18
D06,IG-1013,2025-07-14,21,1222.1
D06,IG-1013,2025-07-21,23,1352.92
D06,IG-1013,2025-07-28,22,1314.7
D06,IG-1013,2025-08-04,20,1185.99
D06,IG-1013,2025-08-11,22,1244.79
D06,IG-1013,2025-08-18,21,1298.97
D06,IG-1013,2025-08-25,31,1941.86
D06,IG-1013,2025-09-01,25,1456.94
D06,IG-1013,2025-09-08,20,1140.77
D06,IG-1013,2025-09-15,25,1445.06
D06,IG-1013,2025-09-22,22,1380.25
D06,IG-1013,2025-09-29,17,1021.42
D06,IG-1013,2025-10-06,20,1252.02
D06,IG-1013,2025-10-13,21,1181.27
D06,IG-1013,2025-10-20,19,1112.44
D06,IG-1013,2025-10-27,15,911.62
D06,IG-1013,2025-11-03,14,787.13
D06,IG-1013,2025-11-10,21,1200.11
D06,IG-1013,2025-11-17,19,1070.58
D06,IG-1013,2025-11-24,17,1032.15
D06,IG-1013,2025-12-01,21,1316.83
D06,IG-1013,2025-12-08,18,1036.69
D06,IG-1013,2025-12-15,15,935.08
D06,IG-1013,2025-12-22,18,1127.65
D06,IG-1013,2025-12-29,20,1174.1
D06,IG-1013,2026-01-05,13,749.84
D06,IG-1013,2026-01-12,21,1239.87
D06,IG-1013,2026-01-19,21,1219.45
D06,IG-1013,2026-01-26,19,1166.65
D06,IG-1013,2026-02-02,17,1082.21
D06,IG-1013,2026-02-09,18,1031.17
D06,IG-1013,2026-02-16,15,928.68
D06,IG-1013,2026-02-23,15,939.11
D06,IG-1013,2026-03-02,22,1305.45
D06,IG-1013,2026-03-09,16,957.2
D06,IG-1013,2026-03-16,16,1029.38
D06,IG-1013,2026-03-23,19,1136.73
D06,IG-1013,2026-03-30,13,763.22
D06,IG-1013,2026-04-06,16,953.02
D06,IG-1013,2026-04-13,16,988.6
D06,IG-1013,2026-04-20,18,1000.44
D06,IG-1013,2026-04-27,19,1153.58
D06,IG-1013,2026-05-04,17,1056.38
D06,IG-1013,2026-05-11,18,1112.96
D06,IG-1013,2026-05-18,14,836.4
D06,IG-1013,2026-05-25,12,736.65
D06,IG-1013,2026-06-01,17,1030.8
D06,IG-1013,2026-06-08,16,981.5
D06,IG-1013,2026-06-15,17,1068.03
D06,IG-1013,2026-06-22,19,1171.1
D06,SC-1018,2024-01-01,148,2635.27
D06,SC-1018,2024-01-08,176,3181.99
D06,SC-1018,2024-01-15,145,2668.13
D06,SC-1018,2024-01-22,122,2045.86
D06,SC-1018,2024-01-29,142,2461.39
D06,SC-1018,2024-02-05,138,2285.18
D06,SC-1018,2024-02-12,169,3063.92
D06,SC-1018,2024-02-19,172,3078.59
D06,SC-1018,2024-02-26,210,3477.99
D06,SC-1018,2024-03-04,145,2520.0
D06,SC-1018,2024-03-11,180,3287.12
D06,SC-1018,2024-03-18,191,3363.62
D06,SC-1018,2024-03-25,173,3041.57
D06,SC-1018,2024-04-01,145,2560.16
D06,SC-1018,2024-04-08,150,2492.73
D06,SC-1018,2024-04-15,181,3324.61
D06,SC-1018,2024-04-22,177,3098.14
D06,SC-1018,2024-04-29,136,2494.57
D06,SC-1018,2024-05-06,140,2333.11
D06,SC-1018,2024-05-13,180,3059.7
D06,SC-1018,2024-05-20,120,1997.35
D06,SC-1018,2024-05-27,174,3170.96
D06,SC-1018,2024-06-03,155,2726.02
D06,SC-1018,2024-06-10,149,2595.28
D06,SC-1018,2024-06-17,158,2834.36
D06,SC-1018,2024-06-24,176,3008.94
D06,SC-1018,2024-07-01,171,3039.86
D06,SC-1018,2024-07-08,142,2495.42
D06,SC-1018,2024-07-15,131,2190.93
D06,SC-1018,2024-07-22,175,3046.85
D06,SC-1018,2024-07-29,183,3240.73
D06,SC-1018,2024-08-05,189,3361.32
D06,SC-1018,2024-08-12,131,2342.69
D06,SC-1018,2024-08-19,175,2939.77
D06,SC-1018,2024-08-26,182,3281.29
D06,SC-1018,2024-09-02,153,2661.93
D06,SC-1018,2024-09-09,155,2657.84
D06,SC-1018,2024-09-16,152,2778.23
D06,SC-1018,2024-09-23,149,2600.71
D06,SC-1018,2024-09-30,195,3495.51
D06,SC-1018,2024-10-07,147,2476.64
D06,SC-1018,2024-10-14,142,2627.13
D06,SC-1018,2024-10-21,114,1968.46
D06,SC-1018,2024-10-28,175,3124.37
D06,SC-1018,2024-11-04,139,2403.83
D06,SC-1018,2024-11-11,139,2402.92
D06,SC-1018,2024-11-18,198,3571.56
D06,SC-1018,2024-11-25,131,2340.92
D06,SC-1018,2024-12-02,126,2176.92
D06,SC-1018,2024-12-09,126,2270.16
D06,SC-1018,2024-12-16,127,2306.59
D06,SC-1018,2024-12-23,143,2609.07
D06,SC-1018,2024-12-30,158,2721.68
D06,SC-1018,2025-01-06,153,2688.13
D06,SC-1018,2025-01-13,185,3159.89
D06,SC-1018,2025-01-20,175,3211.09
D06,SC-1018,2025-01-27,171,3125.71
D06,SC-1018,2025-02-03,177,3107.64
D06,SC-1018,2025-02-10,185,3168.29
D06,SC-1018,2025-02-17,168,3031.63
D06,SC-1018,2025-02-24,222,3736.88
D06,SC-1018,2025-03-03,160,2848.47
D06,SC-1018,2025-03-10,164,2734.9
D06,SC-1018,2025-03-17,158,2631.45
D06,SC-1018,2025-03-24,162,2790.07
D06,SC-1018,2025-03-31,155,2615.29
D06,SC-1018,2025-04-07,157,2857.46
D06,SC-1018,2025-04-14,184,3354.87
D06,SC-1018,2025-04-21,185,3129.05
D06,SC-1018,2025-04-28,179,3263.3
D06,SC-1018,2025-05-05,172,3092.64
D06,SC-1018,2025-05-12,239,3973.3
D06,SC-1018,2025-05-19,249,4399.34
D06,SC-1018,2025-05-26,221,3700.26
D06,SC-1018,2025-06-02,210,3627.59
D06,SC-1018,2025-06-09,252,4562.61
D06,SC-1018,2025-06-16,211,3666.84
D06,SC-1018,2025-06-23,164,3016.68
D06,SC-1018,2025-06-30,174,2962.85
D06,SC-1018,2025-07-07,156,2677.18
D06,SC-1018,2025-07-14,168,2946.48
D06,SC-1018,2025-07-21,183,3203.08
D06,SC-1018,2025-07-28,180,3245.83
D06,SC-1018,2025-08-04,167,3009.65
D06,SC-1018,2025-08-11,168,2987.7
D06,SC-1018,2025-08-18,135,2468.74
D06,SC-1018,2025-08-25,132,2428.55
D06,SC-1018,2025-09-01,128,2136.59
D06,SC-1018,2025-09-08,137,2505.72
D06,SC-1018,2025-09-15,149,2573.82
D06,SC-1018,2025-09-22,211,3808.18
D06,SC-1018,2025-09-29,121,2179.48
D06,SC-1018,2025-10-06,115,2015.92
D06,SC-1018,2025-10-13,137,2298.4
D06,SC-1018,2025-10-20,115,2043.45
D06,SC-1018,2025-10-27,147,2593.94
D06,SC-1018,2025-11-03,148,2540.56
D06,SC-1018,2025-11-10,156,2755.28
D06,SC-1018,2025-11-17,125,2084.05
D06,SC-1018,2025-11-24,146,2580.48
D06,SC-1018,2025-12-01,94,1668.12
D06,SC-1018,2025-12-08,137,2535.81
D06,SC-1018,2025-12-15,127,2256.78
D06,SC-1018,2025-12-22,116,2068.03
D06,SC-1018,2025-12-29,108,1890.56
D06,SC-1018,2026-01-05,72,1274.96
D06,SC-1018,2026-01-12,122,2256.35
D06,SC-1018,2026-01-19,101,1791.11
D06,SC-1018,2026-01-26,104,1812.67
D06,SC-1018,2026-02-02,113,2010.32
D06,SC-1018,2026-02-09,115,2069.1
D06,SC-1018,2026-02-16,97,1774.9
D06,SC-1018,2026-02-23,97,1615.91
D06,SC-1018,2026-03-02,95,1637.3
D06,SC-1018,2026-03-09,111,1989.91
D06,SC-1018,2026-03-16,131,2212.35
D06,SC-1018,2026-03-23,113,1936.9
D06,SC-1018,2026-03-30,115,2040.14
D06,SC-1018,2026-04-06,106,1759.78
D06,SC-1018,2026-04-13,102,1734.09
D06,SC-1018,2026-04-20,100,1710.03
D06,SC-1018,2026-04-27,104,1858.74
D06,SC-1018,2026-05-04,90,1517.42
D06,SC-1018,2026-05-11,136,2338.15
D06,SC-1018,2026-05-18,117,1938.93
D06,SC-1018,2026-05-25,116,2070.81
D06,SC-1018,2026-06-01,119,2056.19
D06,SC-1018,2026-06-08,106,1766.9
D06,SC-1018,2026-06-15,118,2059.19
D06,SC-1018,2026-06-22,102,1768.98
D06,IG-1010,2024-01-01,47,3014.56
D06,IG-1010,2024-01-08,64,3895.37
D06,IG-1010,2024-01-15,46,2901.56
D06,IG-1010,2024-01-22,47,3019.38
D06,IG-1010,2024-01-29,79,4763.91
D06,IG-1010,2024-02-05,50,3005.76
D06,IG-1010,2024-02-12,60,3908.4
D06,IG-1010,2024-02-19,49,3121.06
D06,IG-1010,2024-02-26,60,3573.78
D06,IG-1010,2024-03-04,82,5176.59
D06,IG-1010,2024-03-11,64,3834.34
D06,IG-1010,2024-03-18,57,3685.89
D06,IG-1010,2024-03-25,59,3848.42
D06,IG-1010,2024-04-01,62,3656.85
D06,IG-1010,2024-04-08,65,3892.53
D06,IG-1010,2024-04-15,69,4221.25
D06,IG-1010,2024-04-22,74,4820.73
D06,IG-1010,2024-04-29,61,3610.24
D06,IG-1010,2024-05-06,74,4490.45
D06,IG-1010,2024-05-13,53,3415.28
D06,IG-1010,2024-05-20,70,4465.23
D06,IG-1010,2024-05-27,61,3781.53
D06,IG-1010,2024-06-03,67,4070.63
D06,IG-1010,2024-06-10,75,4546.25
D06,IG-1010,2024-06-17,86,5302.34
D06,IG-1010,2024-06-24,67,4317.86
D06,IG-1010,2024-07-01,74,4786.26
D06,IG-1010,2024-07-08,72,4560.26
D06,IG-1010,2024-07-15,53,3369.16
D06,IG-1010,2024-07-22,72,4430.75
D06,IG-1010,2024-07-29,94,5798.74
D06,IG-1010,2024-08-05,80,4765.87
D06,IG-1010,2024-08-12,65,4034.2
D06,IG-1010,2024-08-19,64,3974.39
D06,IG-1010,2024-08-26,63,4081.62
D06,IG-1010,2024-09-02,75,4566.6
D06,IG-1010,2024-09-09,68,4059.24
D06,IG-1010,2024-09-16,54,3460.59
D06,IG-1010,2024-09-23,74,4651.49
D06,IG-1010,2024-09-30,72,4484.75
D06,IG-1010,2024-10-07,66,4198.42
D06,IG-1010,2024-10-14,68,3993.74
D06,IG-1010,2024-10-21,57,3695.3
D06,IG-1010,2024-10-28,81,4840.34
D06,IG-1010,2024-11-04,52,3188.54
D06,IG-1010,2024-11-11,64,3967.14
D06,IG-1010,2024-11-18,65,3956.65
D06,IG-1010,2024-11-25,61,3646.12
D06,IG-1010,2024-12-02,65,4064.94
D06,IG-1010,2024-12-09,56,3282.3
D06,IG-1010,2024-12-16,60,3723.04
D06,IG-1010,2024-12-23,56,3575.66
D06,IG-1010,2024-12-30,64,4043.8
D06,IG-1010,2025-01-06,82,5071.68
D06,IG-1010,2025-01-13,72,4274.36
D06,IG-1010,2025-01-20,56,3574.68
D06,IG-1010,2025-01-27,66,4081.94
D06,IG-1010,2025-02-03,69,4175.36
D06,IG-1010,2025-02-10,63,3743.55
D06,IG-1010,2025-02-17,66,4142.16
D06,IG-1010,2025-02-24,87,5152.4
D06,IG-1010,2025-03-03,56,3541.66
D06,IG-1010,2025-03-10,78,5024.85
D06,IG-1010,2025-03-17,57,3495.41
D06,IG-1010,2025-03-24,79,4846.8
D06,IG-1010,2025-03-31,67,4192.84
D06,IG-1010,2025-04-07,85,5486.76
D06,IG-1010,2025-04-14,105,6476.26
D06,IG-1010,2025-04-21,78,4848.26
D06,IG-1010,2025-04-28,97,6319.17
D06,IG-1010,2025-05-05,89,5645.93
D06,IG-1010,2025-05-12,87,5081.82
D06,IG-1010,2025-05-19,70,4389.91
D06,IG-1010,2025-05-26,97,6034.57
D06,IG-1010,2025-06-02,88,5494.1
D06,IG-1010,2025-06-09,71,4249.65
D06,IG-1010,2025-06-16,72,4581.92
D06,IG-1010,2025-06-23,76,4808.76
D06,IG-1010,2025-06-30,73,4538.83
D06,IG-1010,2025-07-07,62,3807.39
D06,IG-1010,2025-07-14,68,4169.62
D06,IG-1010,2025-07-21,59,3521.91
D06,IG-1010,2025-07-28,63,3672.68
D06,IG-1010,2025-08-04,50,3169.56
D06,IG-1010,2025-08-11,69,4440.14
D06,IG-1010,2025-08-18,66,4076.11
D06,IG-1010,2025-08-25,78,4867.33
D06,IG-1010,2025-09-01,48,2959.92
D06,IG-1010,2025-09-08,46,2789.81
D06,IG-1010,2025-09-15,44,2700.73
D06,IG-1010,2025-09-22,64,3954.76
D06,IG-1010,2025-09-29,42,2661.41
D06,IG-1010,2025-10-06,48,3069.49
D06,IG-1010,2025-10-13,40,2347.97
D06,IG-1010,2025-10-20,50,3276.98
D06,IG-1010,2025-10-27,51,2993.14
D06,IG-1010,2025-11-03,52,3348.63
D06,IG-1010,2025-11-10,47,2989.11
D06,IG-1010,2025-11-17,40,2384.59
D06,IG-1010,2025-11-24,50,2986.05
D06,IG-1010,2025-12-01,47,2973.29
D06,IG-1010,2025-12-08,46,2964.45
D06,IG-1010,2025-12-15,40,2508.78
D06,IG-1010,2025-12-22,48,3057.71
D06,IG-1010,2025-12-29,51,3304.4
D06,IG-1010,2026-01-05,39,2453.61
D06,IG-1010,2026-01-12,36,2303.13
D06,IG-1010,2026-01-19,50,3048.38
D06,IG-1010,2026-01-26,34,2024.42
D06,IG-1010,2026-02-02,38,2406.95
D06,IG-1010,2026-02-09,40,2471.08
D06,IG-1010,2026-02-16,39,2384.61
D06,IG-1010,2026-02-23,50,3151.77
D06,IG-1010,2026-03-02,53,3275.2
D06,IG-1010,2026-03-09,52,3233.67
D06,IG-1010,2026-03-16,39,2393.1
D06,IG-1010,2026-03-23,56,3518.84
D06,IG-1010,2026-03-30,37,2385.49
D06,IG-1010,2026-04-06,46,2871.56
D06,IG-1010,2026-04-13,46,2855.44
D06,IG-1010,2026-04-20,56,3453.24
D06,IG-1010,2026-04-27,48,2867.26
D06,IG-1010,2026-05-04,58,3565.47
D06,IG-1010,2026-05-11,40,2384.93
D06,IG-1010,2026-05-18,52,3379.59
D06,IG-1010,2026-05-25,54,3171.77
D06,IG-1010,2026-06-01,50,3129.16
D06,IG-1010,2026-06-08,40,2618.91
D06,IG-1010,2026-06-15,44,2808.92
D06,IG-1010,2026-06-22,50,3091.74
D06,SC-1016,2024-01-01,398,9194.37
D06,SC-1016,2024-01-08,272,6448.07
D06,SC-1016,2024-01-15,362,8641.1
D06,SC-1016,2024-01-22,366,8776.6
D06,SC-1016,2024-01-29,391,9723.59
D06,SC-1016,2024-02-05,382,8623.46
D06,SC-1016,2024-02-12,411,9400.32
D06,SC-1016,2024-02-19,357,8136.18
D06,SC-1016,2024-02-26,531,13057.0
D06,SC-1016,2024-03-04,416,9576.16
D06,SC-1016,2024-03-11,595,13862.99
D06,SC-1016,2024-03-18,355,7942.23
D06,SC-1016,2024-03-25,414,9953.68
D06,SC-1016,2024-04-01,499,11678.86
D06,SC-1016,2024-04-08,362,8566.18
D06,SC-1016,2024-04-15,548,13632.67
D06,SC-1016,2024-04-22,473,11350.71
D06,SC-1016,2024-04-29,476,11359.39
D06,SC-1016,2024-05-06,574,13016.86
D06,SC-1016,2024-05-13,444,10976.31
D06,SC-1016,2024-05-20,440,9928.93
D06,SC-1016,2024-05-27,453,10253.83
D06,SC-1016,2024-06-03,463,11448.02
D06,SC-1016,2024-06-10,403,10047.51
D06,SC-1016,2024-06-17,517,12551.66
D06,SC-1016,2024-06-24,464,11178.53
D06,SC-1016,2024-07-01,476,11190.65
D06,SC-1016,2024-07-08,477,11511.53
D06,SC-1016,2024-07-15,552,12539.04
D06,SC-1016,2024-07-22,511,12061.49
D06,SC-1016,2024-07-29,522,12568.63
D06,SC-1016,2024-08-05,473,10761.13
D06,SC-1016,2024-08-12,520,11710.5
D06,SC-1016,2024-08-19,645,15789.53
D06,SC-1016,2024-08-26,570,12751.34
D06,SC-1016,2024-09-02,412,9975.17
D06,SC-1016,2024-09-09,560,12551.64
D06,SC-1016,2024-09-16,503,12513.07
D06,SC-1016,2024-09-23,468,10489.95
D06,SC-1016,2024-09-30,524,12469.04
D06,SC-1016,2024-10-07,509,12482.84
D06,SC-1016,2024-10-14,473,11489.76
D06,SC-1016,2024-10-21,433,9903.36
D06,SC-1016,2024-10-28,407,9384.2
D06,SC-1016,2024-11-04,514,12713.05
D06,SC-1016,2024-11-11,477,10846.37
D06,SC-1016,2024-11-18,435,10105.86
D06,SC-1016,2024-11-25,451,10409.81
D06,SC-1016,2024-12-02,429,10417.46
D06,SC-1016,2024-12-09,390,9229.23
D06,SC-1016,2024-12-16,549,12600.93
D06,SC-1016,2024-12-23,468,10908.18
D06,SC-1016,2024-12-30,347,8319.29
D06,SC-1016,2025-01-06,521,11757.31
D06,SC-1016,2025-01-13,491,11338.73
D06,SC-1016,2025-01-20,515,11571.59
D06,SC-1016,2025-01-27,562,13677.15
D06,SC-1016,2025-02-03,473,11064.74
D06,SC-1016,2025-02-10,501,11310.74
D06,SC-1016,2025-02-17,407,9324.59
D06,SC-1016,2025-02-24,464,11192.3
D06,SC-1016,2025-03-03,585,14042.39
D06,SC-1016,2025-03-10,512,12661.91
D06,SC-1016,2025-03-17,493,12038.71
D06,SC-1016,2025-03-24,550,13651.03
D06,SC-1016,2025-03-31,467,10761.69
D06,SC-1016,2025-04-07,498,11156.96
D06,SC-1016,2025-04-14,616,14218.01
D06,SC-1016,2025-04-21,428,10554.28
D06,SC-1016,2025-04-28,517,12233.35
D06,SC-1016,2025-05-05,572,13519.66
D06,SC-1016,2025-05-12,602,14886.36
D06,SC-1016,2025-05-19,503,11397.65
D06,SC-1016,2025-05-26,619,15216.4
D06,SC-1016,2025-06-02,581,13972.4
D06,SC-1016,2025-06-09,699,16947.86
D06,SC-1016,2025-06-16,640,14981.88
D06,SC-1016,2025-06-23,561,12542.2
D06,SC-1016,2025-06-30,686,15588.31
D06,SC-1016,2025-07-07,445,10279.61
D06,SC-1016,2025-07-14,465,11126.81
D06,SC-1016,2025-07-21,396,8955.65
D06,SC-1016,2025-07-28,370,8299.88
D06,SC-1016,2025-08-04,335,7487.66
D06,SC-1016,2025-08-11,381,9358.46
D06,SC-1016,2025-08-18,407,9606.44
D06,SC-1016,2025-08-25,366,9085.58
D06,SC-1016,2025-09-01,409,9344.74
D06,SC-1016,2025-09-08,376,8843.33
D06,SC-1016,2025-09-15,380,8505.26
D06,SC-1016,2025-09-22,447,10382.9
D06,SC-1016,2025-09-29,457,11172.74
D06,SC-1016,2025-10-06,290,7018.08
D06,SC-1016,2025-10-13,300,7333.07
D06,SC-1016,2025-10-20,359,8883.65
D06,SC-1016,2025-10-27,325,7763.1
D06,SC-1016,2025-11-03,272,6717.84
D06,SC-1016,2025-11-10,355,8158.89
D06,SC-1016,2025-11-17,281,6659.61
D06,SC-1016,2025-11-24,362,8678.84
D06,SC-1016,2025-12-01,375,8850.88
D06,SC-1016,2025-12-08,381,9131.01
D06,SC-1016,2025-12-15,286,6663.72
D06,SC-1016,2025-12-22,318,7292.31
D06,SC-1016,2025-12-29,372,8721.58
D06,SC-1016,2026-01-05,229,5416.23
D06,SC-1016,2026-01-12,264,6569.74
D06,SC-1016,2026-01-19,338,7820.64
D06,SC-1016,2026-01-26,391,9735.7
D06,SC-1016,2026-02-02,215,4974.72
D06,SC-1016,2026-02-09,262,5956.63
D06,SC-1016,2026-02-16,295,7033.25
D06,SC-1016,2026-02-23,317,7677.7
D06,SC-1016,2026-03-02,414,10145.27
D06,SC-1016,2026-03-09,361,8642.82
D06,SC-1016,2026-03-16,334,7755.56
D06,SC-1016,2026-03-23,252,5861.8
D06,SC-1016,2026-03-30,312,7587.13
D06,SC-1016,2026-04-06,352,8042.6
D06,SC-1016,2026-04-13,263,6290.84
D06,SC-1016,2026-04-20,294,6711.14
D06,SC-1016,2026-04-27,308,7354.49
D06,SC-1016,2026-05-04,286,6671.18
D06,SC-1016,2026-05-11,354,8043.24
D06,SC-1016,2026-05-18,364,9062.92
D06,SC-1016,2026-05-25,283,6516.53
D06,SC-1016,2026-06-01,274,6454.16
D06,SC-1016,2026-06-08,317,7837.87
D06,SC-1016,2026-06-15,338,8373.56
D06,SC-1016,2026-06-22,425,10169.8
D06,PW-1034,2024-01-01,495,1973.04
D06,PW-1034,2024-01-08,441,1842.0
D06,PW-1034,2024-01-15,436,1689.25
D06,PW-1034,2024-01-22,473,1890.58
D06,PW-1034,2024-01-29,488,1894.76
D06,PW-1034,2024-02-05,531,2042.6
D06,PW-1034,2024-02-12,532,2205.23
D06,PW-1034,2024-02-19,433,1837.16
D06,PW-1034,2024-02-26,599,2318.08
D06,PW-1034,2024-03-04,434,1683.79
D06,PW-1034,2024-03-11,559,2285.09
D06,PW-1034,2024-03-18,534,2210.13
D06,PW-1034,2024-03-25,709,2842.3
D06,PW-1034,2024-04-01,520,2023.07
D06,PW-1034,2024-04-08,567,2285.71
D06,PW-1034,2024-04-15,575,2410.49
D06,PW-1034,2024-04-22,628,2440.56
D06,PW-1034,2024-04-29,691,2700.7
D06,PW-1034,2024-05-06,607,2450.36
D06,PW-1034,2024-05-13,830,3332.68
D06,PW-1034,2024-05-20,568,2200.28
D06,PW-1034,2024-05-27,710,2788.01
D06,PW-1034,2024-06-03,617,2636.04
D06,PW-1034,2024-06-10,609,2338.62
D06,PW-1034,2024-06-17,498,1916.6
D06,PW-1034,2024-06-24,652,2691.75
D06,PW-1034,2024-07-01,577,2470.15
D06,PW-1034,2024-07-08,593,2328.48
D06,PW-1034,2024-07-15,593,2416.88
D06,PW-1034,2024-07-22,642,2559.61
D06,PW-1034,2024-07-29,702,2821.34
D06,PW-1034,2024-08-05,569,2396.13
D06,PW-1034,2024-08-12,554,2156.32
D06,PW-1034,2024-08-19,600,2455.38
D06,PW-1034,2024-08-26,490,1910.36
D06,PW-1034,2024-09-02,501,2026.74
D06,PW-1034,2024-09-09,612,2592.12
D06,PW-1034,2024-09-16,515,2132.06
D06,PW-1034,2024-09-23,627,2617.08
D06,PW-1034,2024-09-30,544,2325.31
D06,PW-1034,2024-10-07,520,2180.78
D06,PW-1034,2024-10-14,646,2642.25
D06,PW-1034,2024-10-21,490,2024.04
D06,PW-1034,2024-10-28,538,2160.07
D06,PW-1034,2024-11-04,487,1912.49
D06,PW-1034,2024-11-11,533,2201.97
D06,PW-1034,2024-11-18,586,2368.68
D06,PW-1034,2024-11-25,544,2217.53
D06,PW-1034,2024-12-02,529,2048.93
D06,PW-1034,2024-12-09,522,2015.09
D06,PW-1034,2024-12-16,555,2361.21
D06,PW-1034,2024-12-23,573,2221.34
D06,PW-1034,2024-12-30,574,2387.71
D06,PW-1034,2025-01-06,556,2149.63
D06,PW-1034,2025-01-13,499,1987.46
D06,PW-1034,2025-01-20,539,2256.65
D06,PW-1034,2025-01-27,519,2084.47
D06,PW-1034,2025-02-03,593,2367.27
D06,PW-1034,2025-02-10,544,2135.68
D06,PW-1034,2025-02-17,552,2249.77
D06,PW-1034,2025-02-24,718,2987.7
D06,PW-1034,2025-03-03,577,2303.82
D06,PW-1034,2025-03-10,451,1774.35
D06,PW-1034,2025-03-17,768,3066.04
D06,PW-1034,2025-03-24,605,2524.76
D06,PW-1034,2025-03-31,584,2317.48
D06,PW-1034,2025-04-07,589,2308.21
D06,PW-1034,2025-04-14,593,2335.46
D06,PW-1034,2025-04-21,757,3052.68
D06,PW-1034,2025-04-28,583,2283.01
D06,PW-1034,2025-05-05,587,2499.46
D06,PW-1034,2025-05-12,627,2537.03
D06,PW-1034,2025-05-19,513,2185.27
D06,PW-1034,2025-05-26,611,2589.54
D06,PW-1034,2025-06-02,755,3036.2
D06,PW-1034,2025-06-09,684,2845.88
D06,PW-1034,2025-06-16,709,2786.78
D06,PW-1034,2025-06-23,599,2385.97
D06,PW-1034,2025-06-30,515,1991.58
D06,PW-1034,2025-07-07,718,2842.08
D06,PW-1034,2025-07-14,563,2238.08
D06,PW-1034,2025-07-21,516,2064.41
D06,PW-1034,2025-07-28,576,2435.43
D06,PW-1034,2025-08-04,582,2410.79
D06,PW-1034,2025-08-11,540,2104.19
D06,PW-1034,2025-08-18,635,2706.67
D06,PW-1034,2025-08-25,865,3414.09
D06,PW-1034,2025-09-01,619,2377.67
D06,PW-1034,2025-09-08,563,2225.31
D06,PW-1034,2025-09-15,619,2443.86
D06,PW-1034,2025-09-22,699,2742.53
D06,PW-1034,2025-09-29,438,1814.11
D06,PW-1034,2025-10-06,563,2345.29
D06,PW-1034,2025-10-13,618,2531.71
D06,PW-1034,2025-10-20,623,2584.45
D06,PW-1034,2025-10-27,548,2260.42
D06,PW-1034,2025-11-03,480,1854.4
D06,PW-1034,2025-11-10,600,2494.43
D06,PW-1034,2025-11-17,519,2068.56
D06,PW-1034,2025-11-24,390,1668.94
D06,PW-1034,2025-12-01,590,2410.4
D06,PW-1034,2025-12-08,602,2401.68
D06,PW-1034,2025-12-15,564,2356.01
D06,PW-1034,2025-12-22,751,3171.27
D06,PW-1034,2025-12-29,629,2445.59
D06,PW-1034,2026-01-05,602,2442.55
D06,PW-1034,2026-01-12,741,3127.66
D06,PW-1034,2026-01-19,790,3199.67
D06,PW-1034,2026-01-26,690,2871.52
D06,PW-1034,2026-02-02,571,2285.97
D06,PW-1034,2026-02-09,657,2782.85
D06,PW-1034,2026-02-16,703,2775.5
D06,PW-1034,2026-02-23,441,1711.96
D06,PW-1034,2026-03-02,534,2268.8
D06,PW-1034,2026-03-09,701,2693.44
D06,PW-1034,2026-03-16,642,2471.15
D06,PW-1034,2026-03-23,712,2755.31
D06,PW-1034,2026-03-30,737,2910.13
D06,PW-1034,2026-04-06,588,2277.22
D06,PW-1034,2026-04-13,659,2692.26
D06,PW-1034,2026-04-20,699,2946.06
D06,PW-1034,2026-04-27,784,3299.83
D06,PW-1034,2026-05-04,790,3138.13
D06,PW-1034,2026-05-11,549,2330.08
D06,PW-1034,2026-05-18,511,2095.36
D06,PW-1034,2026-05-25,649,2503.95
D06,PW-1034,2026-06-01,841,3243.83
D06,PW-1034,2026-06-08,653,2667.46
D06,PW-1034,2026-06-15,983,3965.76
D06,PW-1034,2026-06-22,585,2436.67
D06,SC-1017,2024-01-01,187,2693.49
D06,SC-1017,2024-01-08,190,2713.68
D06,SC-1017,2024-01-15,194,2853.99
D06,SC-1017,2024-01-22,157,2342.3
D06,SC-1017,2024-01-29,155,2169.92
D06,SC-1017,2024-02-05,211,3021.14
D06,SC-1017,2024-02-12,274,3845.5
D06,SC-1017,2024-02-19,300,4120.24
D06,SC-1017,2024-02-26,200,2783.98
D06,SC-1017,2024-03-04,186,2753.29
D06,SC-1017,2024-03-11,182,2489.32
D06,SC-1017,2024-03-18,300,4114.68
D06,SC-1017,2024-03-25,184,2562.57
D06,SC-1017,2024-04-01,221,3235.1
D06,SC-1017,2024-04-08,262,3616.57
D06,SC-1017,2024-04-15,226,3200.91
D06,SC-1017,2024-04-22,287,4291.18
D06,SC-1017,2024-04-29,188,2579.62
D06,SC-1017,2024-05-06,209,2860.44
D06,SC-1017,2024-05-13,218,3128.57
D06,SC-1017,2024-05-20,232,3277.95
D06,SC-1017,2024-05-27,279,3790.15
D06,SC-1017,2024-06-03,174,2356.13
D06,SC-1017,2024-06-10,234,3306.62
D06,SC-1017,2024-06-17,256,3593.01
D06,SC-1017,2024-06-24,277,3937.81
D06,SC-1017,2024-07-01,222,3268.27
D06,SC-1017,2024-07-08,239,3337.27
D06,SC-1017,2024-07-15,249,3628.53
D06,SC-1017,2024-07-22,265,3880.17
D06,SC-1017,2024-07-29,309,4575.95
D06,SC-1017,2024-08-05,238,3581.67
D06,SC-1017,2024-08-12,262,3888.05
D06,SC-1017,2024-08-19,176,2643.2
D06,SC-1017,2024-08-26,228,3087.91
D06,SC-1017,2024-09-02,261,3686.19
D06,SC-1017,2024-09-09,277,4175.1
D06,SC-1017,2024-09-16,180,2487.99
D06,SC-1017,2024-09-23,228,3167.78
D06,SC-1017,2024-09-30,213,3036.29
D06,SC-1017,2024-10-07,273,3997.82
D06,SC-1017,2024-10-14,180,2570.07
D06,SC-1017,2024-10-21,247,3629.38
D06,SC-1017,2024-10-28,238,3591.39
D06,SC-1017,2024-11-04,252,3562.57
D06,SC-1017,2024-11-11,229,3259.87
D06,SC-1017,2024-11-18,243,3602.38
D06,SC-1017,2024-11-25,252,3522.33
D06,SC-1017,2024-12-02,204,2786.81
D06,SC-1017,2024-12-09,220,3216.14
D06,SC-1017,2024-12-16,257,3512.84
D06,SC-1017,2024-12-23,235,3276.33
D06,SC-1017,2024-12-30,169,2429.04
D06,SC-1017,2025-01-06,183,2650.94
D06,SC-1017,2025-01-13,288,3953.98
D06,SC-1017,2025-01-20,219,3055.86
D06,SC-1017,2025-01-27,170,2362.37
D06,SC-1017,2025-02-03,221,3254.99
D06,SC-1017,2025-02-10,274,3757.03
D06,SC-1017,2025-02-17,226,3055.59
D06,SC-1017,2025-02-24,306,4210.88
D06,SC-1017,2025-03-03,215,3023.28
D06,SC-1017,2025-03-10,274,4088.81
D06,SC-1017,2025-03-17,293,4401.02
D06,SC-1017,2025-03-24,273,3832.77
D06,SC-1017,2025-03-31,293,4044.15
D06,SC-1017,2025-04-07,349,5183.27
D06,SC-1017,2025-04-14,295,4245.04
D06,SC-1017,2025-04-21,208,2825.49
D06,SC-1017,2025-04-28,274,4031.48
D06,SC-1017,2025-05-05,301,4191.15
D06,SC-1017,2025-05-12,338,4571.28
D06,SC-1017,2025-05-19,300,4424.44
D06,SC-1017,2025-05-26,297,4258.66
D06,SC-1017,2025-06-02,318,4389.78
D06,SC-1017,2025-06-09,302,4456.9
D06,SC-1017,2025-06-16,251,3613.98
D06,SC-1017,2025-06-23,343,4869.32
D06,SC-1017,2025-06-30,258,3766.03
D06,SC-1017,2025-07-07,172,2526.35
D06,SC-1017,2025-07-14,227,3269.76
D06,SC-1017,2025-07-21,192,2860.59
D06,SC-1017,2025-07-28,215,3143.85
D06,SC-1017,2025-08-04,168,2278.78
D06,SC-1017,2025-08-11,208,3047.06
D06,SC-1017,2025-08-18,190,2653.88
D06,SC-1017,2025-08-25,194,2911.91
D06,SC-1017,2025-09-01,198,2842.63
D06,SC-1017,2025-09-08,185,2636.87
D06,SC-1017,2025-09-15,169,2399.79
D06,SC-1017,2025-09-22,153,2124.25
D06,SC-1017,2025-09-29,194,2754.36
D06,SC-1017,2025-10-06,161,2278.96
D06,SC-1017,2025-10-13,139,2082.55
D06,SC-1017,2025-10-20,161,2179.5
D06,SC-1017,2025-10-27,154,2233.49
D06,SC-1017,2025-11-03,154,2171.56
D06,SC-1017,2025-11-10,191,2706.21
D06,SC-1017,2025-11-17,142,2130.79
D06,SC-1017,2025-11-24,210,2968.8
D06,SC-1017,2025-12-01,160,2391.55
D06,SC-1017,2025-12-08,149,2209.81
D06,SC-1017,2025-12-15,190,2700.81
D06,SC-1017,2025-12-22,153,2284.89
D06,SC-1017,2025-12-29,145,2085.18
D06,SC-1017,2026-01-05,150,2054.74
D06,SC-1017,2026-01-12,270,3846.39
D06,SC-1017,2026-01-19,103,1450.35
D06,SC-1017,2026-01-26,154,2294.59
D06,SC-1017,2026-02-02,182,2701.87
D06,SC-1017,2026-02-09,164,2281.96
D06,SC-1017,2026-02-16,164,2293.38
D06,SC-1017,2026-02-23,174,2559.21
D06,SC-1017,2026-03-02,173,2464.56
D06,SC-1017,2026-03-09,149,2141.16
D06,SC-1017,2026-03-16,174,2397.61
D06,SC-1017,2026-03-23,157,2240.98
D06,SC-1017,2026-03-30,161,2329.12
D06,SC-1017,2026-04-06,133,1829.01
D06,SC-1017,2026-04-13,139,1984.28
D06,SC-1017,2026-04-20,143,2088.1
D06,SC-1017,2026-04-27,137,2009.71
D06,SC-1017,2026-05-04,133,1814.92
D06,SC-1017,2026-05-11,180,2668.8
D06,SC-1017,2026-05-18,142,1959.63
D06,SC-1017,2026-05-25,134,1920.81
D06,SC-1017,2026-06-01,163,2384.56
D06,SC-1017,2026-06-08,138,2037.91
D06,SC-1017,2026-06-15,173,2475.79
D06,SC-1017,2026-06-22,166,2329.47
D06,LD-1037,2024-01-01,862,553.92
D06,LD-1037,2024-01-08,1125,736.03
D06,LD-1037,2024-01-15,880,568.46
D06,LD-1037,2024-01-22,803,495.41
D06,LD-1037,2024-01-29,760,472.54
D06,LD-1037,2024-02-05,1240,812.69
D06,LD-1037,2024-02-12,674,409.06
D06,LD-1037,2024-02-19,877,557.8
D06,LD-1037,2024-02-26,792,475.6
D06,LD-1037,2024-03-04,926,596.03
D06,LD-1037,2024-03-11,943,597.87
D06,LD-1037,2024-03-18,1101,694.31
D06,LD-1037,2024-03-25,781,474.34
D06,LD-1037,2024-04-01,983,622.9
D06,LD-1037,2024-04-08,770,458.71
D06,LD-1037,2024-04-15,772,485.78
D06,LD-1037,2024-04-22,961,625.49
D06,LD-1037,2024-04-29,1087,680.48
D06,LD-1037,2024-05-06,1139,739.38
D06,LD-1037,2024-05-13,1109,705.51
D06,LD-1037,2024-05-20,1024,649.7
D06,LD-1037,2024-05-27,1083,637.0
D06,LD-1037,2024-06-03,970,618.18
D06,LD-1037,2024-06-10,901,566.34
D06,LD-1037,2024-06-17,907,592.42
D06,LD-1037,2024-06-24,998,613.49
D06,LD-1037,2024-07-01,916,557.96
D06,LD-1037,2024-07-08,1318,862.77
D06,LD-1037,2024-07-15,928,552.35
D06,LD-1037,2024-07-22,759,485.02
D06,LD-1037,2024-07-29,1122,670.89
D06,LD-1037,2024-08-05,1119,710.59
D06,LD-1037,2024-08-12,1008,604.46
D06,LD-1037,2024-08-19,989,598.41
D06,LD-1037,2024-08-26,941,599.13
D06,LD-1037,2024-09-02,926,591.41
D06,LD-1037,2024-09-09,932,552.74
D06,LD-1037,2024-09-16,954,602.37
D06,LD-1037,2024-09-23,906,552.06
D06,LD-1037,2024-09-30,703,432.75
D06,LD-1037,2024-10-07,784,475.14
D06,LD-1037,2024-10-14,938,598.11
D06,LD-1037,2024-10-21,767,501.57
D06,LD-1037,2024-10-28,787,470.73
D06,LD-1037,2024-11-04,993,610.24
D06,LD-1037,2024-11-11,688,437.62
D06,LD-1037,2024-11-18,753,493.79
D06,LD-1037,2024-11-25,962,598.5
D06,LD-1037,2024-12-02,782,503.84
D06,LD-1037,2024-12-09,864,542.21
D06,LD-1037,2024-12-16,589,355.86
D06,LD-1037,2024-12-23,1016,652.63
D06,LD-1037,2024-12-30,1018,667.15
D06,LD-1037,2025-01-06,884,544.44
D06,LD-1037,2025-01-13,752,442.3
D06,LD-1037,2025-01-20,1130,697.44
D06,LD-1037,2025-01-27,1270,816.92
D06,LD-1037,2025-02-03,1171,728.73
D06,LD-1037,2025-02-10,1046,616.02
D06,LD-1037,2025-02-17,948,612.2
D06,LD-1037,2025-02-24,886,532.52
D06,LD-1037,2025-03-03,1155,745.06
D06,LD-1037,2025-03-10,936,610.32
D06,LD-1037,2025-03-17,617,367.79
D06,LD-1037,2025-03-24,975,631.45
D06,LD-1037,2025-03-31,956,584.63
D06,LD-1037,2025-04-07,898,531.04
D06,LD-1037,2025-04-14,1133,691.21
D06,LD-1037,2025-04-21,911,542.19
D06,LD-1037,2025-04-28,1046,677.18
D06,LD-1037,2025-05-05,706,459.64
D06,LD-1037,2025-05-12,877,529.26
D06,LD-1037,2025-05-19,982,619.4
D06,LD-1037,2025-05-26,760,455.07
D06,LD-1037,2025-06-02,895,531.71
D06,LD-1037,2025-06-09,1153,693.53
D06,LD-1037,2025-06-16,968,577.54
D06,LD-1037,2025-06-23,1275,791.13
D06,LD-1037,2025-06-30,1078,643.57
D06,LD-1037,2025-07-07,847,531.77
D06,LD-1037,2025-07-14,1247,732.96
D06,LD-1037,2025-07-21,1120,697.47
D06,LD-1037,2025-07-28,1050,633.31
D06,LD-1037,2025-08-04,1162,760.57
D06,LD-1037,2025-08-11,860,507.83
D06,LD-1037,2025-08-18,1021,653.15
D06,LD-1037,2025-08-25,869,546.1
D06,LD-1037,2025-09-01,1081,646.24
D06,LD-1037,2025-09-08,800,515.79
D06,LD-1037,2025-09-15,968,585.08
D06,LD-1037,2025-09-22,1107,698.77
D06,LD-1037,2025-09-29,890,572.91
D06,LD-1037,2025-10-06,1121,694.73
D06,LD-1037,2025-10-13,834,528.47
D06,LD-1037,2025-10-20,759,453.96
D06,LD-1037,2025-10-27,937,606.82
D06,LD-1037,2025-11-03,879,536.71
D06,LD-1037,2025-11-10,1062,686.19
D06,LD-1037,2025-11-17,781,471.47
D06,LD-1037,2025-11-24,1021,646.55
D06,LD-1037,2025-12-01,891,569.04
D06,LD-1037,2025-12-08,1020,614.25
D06,LD-1037,2025-12-15,783,476.89
D06,LD-1037,2025-12-22,838,511.3
D06,LD-1037,2025-12-29,895,581.87
D06,LD-1037,2026-01-05,1063,673.21
D06,LD-1037,2026-01-12,965,603.46
D06,LD-1037,2026-01-19,725,453.83
D06,LD-1037,2026-01-26,800,490.23
D06,LD-1037,2026-02-02,899,587.69
D06,LD-1037,2026-02-09,828,489.16
D06,LD-1037,2026-02-16,1201,781.44
D06,LD-1037,2026-02-23,847,512.41
D06,LD-1037,2026-03-02,796,479.54
D06,LD-1037,2026-03-09,885,532.23
D06,LD-1037,2026-03-16,1059,661.68
D06,LD-1037,2026-03-23,931,550.05
D06,LD-1037,2026-03-30,1250,763.13
D06,LD-1037,2026-04-06,806,486.24
D06,LD-1037,2026-04-13,965,622.07
D06,LD-1037,2026-04-20,1491,885.21
D06,LD-1037,2026-04-27,1107,722.08
D06,LD-1037,2026-05-04,916,573.52
D06,LD-1037,2026-05-11,801,509.51
D06,LD-1037,2026-05-18,897,542.18
D06,LD-1037,2026-05-25,1034,645.19
D06,LD-1037,2026-06-01,1226,790.2
D06,LD-1037,2026-06-08,878,556.69
D06,LD-1037,2026-06-15,873,554.64
D06,LD-1037,2026-06-22,1012,659.67
D06,LD-1036,2024-01-01,1889,540.62
D06,LD-1036,2024-01-08,1853,529.87
D06,LD-1036,2024-01-15,1976,554.81
D06,LD-1036,2024-01-22,1834,534.1
D06,LD-1036,2024-01-29,1677,493.94
D06,LD-1036,2024-02-05,2026,618.79
D06,LD-1036,2024-02-12,2490,694.4
D06,LD-1036,2024-02-19,2174,644.14
D06,LD-1036,2024-02-26,1666,484.07
D06,LD-1036,2024-03-04,2081,577.94
D06,LD-1036,2024-03-11,2379,701.04
D06,LD-1036,2024-03-18,2041,604.06
D06,LD-1036,2024-03-25,2170,609.21
D06,LD-1036,2024-04-01,3634,1059.86
D06,LD-1036,2024-04-08,2847,836.3
D06,LD-1036,2024-04-15,2172,604.99
D06,LD-1036,2024-04-22,2440,750.13
D06,LD-1036,2024-04-29,2130,597.08
D06,LD-1036,2024-05-06,2120,612.98
D06,LD-1036,2024-05-13,2575,726.2
D06,LD-1036,2024-05-20,2577,729.08
D06,LD-1036,2024-05-27,2481,722.17
D06,LD-1036,2024-06-03,2177,616.9
D06,LD-1036,2024-06-10,2968,828.77
D06,LD-1036,2024-06-17,1909,588.39
D06,LD-1036,2024-06-24,2282,657.21
D06,LD-1036,2024-07-01,1887,548.24
D06,LD-1036,2024-07-08,2273,669.86
D06,LD-1036,2024-07-15,2128,610.77
D06,LD-1036,2024-07-22,2715,773.58
D06,LD-1036,2024-07-29,2197,674.28
D06,LD-1036,2024-08-05,2691,807.97
D06,LD-1036,2024-08-12,2106,593.85
D06,LD-1036,2024-08-19,1996,578.06
D06,LD-1036,2024-08-26,2268,698.67
D06,LD-1036,2024-09-02,1538,436.95
D06,LD-1036,2024-09-09,1984,567.02
D06,LD-1036,2024-09-16,2137,616.05
D06,LD-1036,2024-09-23,2881,867.15
D06,LD-1036,2024-09-30,2234,664.43
D06,LD-1036,2024-10-07,1534,425.55
D06,LD-1036,2024-10-14,1801,503.08
D06,LD-1036,2024-10-21,1671,474.15
D06,LD-1036,2024-10-28,2104,614.49
D06,LD-1036,2024-11-04,2244,694.18
D06,LD-1036,2024-11-11,1551,442.07
D06,LD-1036,2024-11-18,2299,659.71
D06,LD-1036,2024-11-25,1683,500.61
D06,LD-1036,2024-12-02,1685,483.66
D06,LD-1036,2024-12-09,1602,464.9
D06,LD-1036,2024-12-16,1764,522.99
D06,LD-1036,2024-12-23,1932,563.46
D06,LD-1036,2024-12-30,2310,697.47
D06,LD-1036,2025-01-06,1600,467.96
D06,LD-1036,2025-01-13,1620,488.65
D06,LD-1036,2025-01-20,2246,624.18
D06,LD-1036,2025-01-27,1882,556.85
D06,LD-1036,2025-02-03,1799,507.78
D06,LD-1036,2025-02-10,2080,636.72
D06,LD-1036,2025-02-17,1867,550.32
D06,LD-1036,2025-02-24,1779,502.57
D06,LD-1036,2025-03-03,1974,559.39
D06,LD-1036,2025-03-10,2160,627.67
D06,LD-1036,2025-03-17,1780,505.57
D06,LD-1036,2025-03-24,2470,696.66
D06,LD-1036,2025-03-31,2092,598.29
D06,LD-1036,2025-04-07,2101,597.6
D06,LD-1036,2025-04-14,1993,569.11
D06,LD-1036,2025-04-21,2060,621.34
D06,LD-1036,2025-04-28,1967,577.68
D06,LD-1036,2025-05-05,2626,799.49
D06,LD-1036,2025-05-12,2279,686.63
D06,LD-1036,2025-05-19,2076,590.57
D06,LD-1036,2025-05-26,1971,604.14
D06,LD-1036,2025-06-02,2090,614.86
D06,LD-1036,2025-06-09,2412,679.76
D06,LD-1036,2025-06-16,2123,595.17
D06,LD-1036,2025-06-23,2162,619.47
D06,LD-1036,2025-06-30,2270,641.68
D06,LD-1036,2025-07-07,2043,617.08
D06,LD-1036,2025-07-14,2177,637.67
D06,LD-1036,2025-07-21,2992,863.84
D06,LD-1036,2025-07-28,2246,638.4
D06,LD-1036,2025-08-04,2241,654.65
D06,LD-1036,2025-08-11,1926,535.59
D06,LD-1036,2025-08-18,2429,721.12
D06,LD-1036,2025-08-25,1919,581.71
D06,LD-1036,2025-09-01,2200,625.8
D06,LD-1036,2025-09-08,1520,468.58
D06,LD-1036,2025-09-15,1822,510.09
D06,LD-1036,2025-09-22,1871,558.04
D06,LD-1036,2025-09-29,1924,571.48
D06,LD-1036,2025-10-06,1876,562.27
D06,LD-1036,2025-10-13,2374,729.42
D06,LD-1036,2025-10-20,1944,568.99
D06,LD-1036,2025-10-27,2342,724.08
D06,LD-1036,2025-11-03,1683,507.0
D06,LD-1036,2025-11-10,1605,481.13
D06,LD-1036,2025-11-17,2401,674.6
D06,LD-1036,2025-11-24,1670,486.27
D06,LD-1036,2025-12-01,1992,601.41
D06,LD-1036,2025-12-08,1835,561.92
D06,LD-1036,2025-12-15,1610,472.53
D06,LD-1036,2025-12-22,1557,455.52
D06,LD-1036,2025-12-29,1695,493.89
D06,LD-1036,2026-01-05,1804,521.67
D06,LD-1036,2026-01-12,2061,599.86
D06,LD-1036,2026-01-19,1970,554.1
D06,LD-1036,2026-01-26,1866,524.58
D06,LD-1036,2026-02-02,2311,666.52
D06,LD-1036,2026-02-09,2435,742.41
D06,LD-1036,2026-02-16,2063,591.35
D06,LD-1036,2026-02-23,1893,569.13
D06,LD-1036,2026-03-02,2049,621.44
D06,LD-1036,2026-03-09,2155,615.37
D06,LD-1036,2026-03-16,1683,518.27
D06,LD-1036,2026-03-23,2092,594.68
D06,LD-1036,2026-03-30,2144,628.36
D06,LD-1036,2026-04-06,1851,549.42
D06,LD-1036,2026-04-13,1994,597.03
D06,LD-1036,2026-04-20,1951,552.0
D06,LD-1036,2026-04-27,2635,792.52
D06,LD-1036,2026-05-04,1838,525.18
D06,LD-1036,2026-05-11,2350,652.81
D06,LD-1036,2026-05-18,2844,825.41
D06,LD-1036,2026-05-25,2203,658.84
D06,LD-1036,2026-06-01,2756,778.86
D06,LD-1036,2026-06-08,2274,702.29
D06,LD-1036,2026-06-15,2408,699.17
D06,LD-1036,2026-06-22,1816,545.39
D06,PM-1001,2024-01-01,1244,1463.07
D06,PM-1001,2024-01-08,1599,1811.83
D06,PM-1001,2024-01-15,1291,1519.68
D06,PM-1001,2024-01-22,1175,1467.13
D06,PM-1001,2024-01-29,1202,1352.93
D06,PM-1001,2024-02-05,1188,1376.01
D06,PM-1001,2024-02-12,1519,1789.34
D06,PM-1001,2024-02-19,1593,1834.88
D06,PM-1001,2024-02-26,1058,1219.82
D06,PM-1001,2024-03-04,1277,1581.32
D06,PM-1001,2024-03-11,1514,1732.45
D06,PM-1001,2024-03-18,1460,1795.52
D06,PM-1001,2024-03-25,1356,1635.83
D06,PM-1001,2024-04-01,1623,1854.73
D06,PM-1001,2024-04-08,1781,2024.8
D06,PM-1001,2024-04-15,1307,1467.69
D06,PM-1001,2024-04-22,1154,1430.46
D06,PM-1001,2024-04-29,1454,1668.79
D06,PM-1001,2024-05-06,1260,1424.33
D06,PM-1001,2024-05-13,1659,1937.14
D06,PM-1001,2024-05-20,1281,1512.91
D06,PM-1001,2024-05-27,2015,2329.72
D06,PM-1001,2024-06-03,1264,1528.73
D06,PM-1001,2024-06-10,1476,1672.37
D06,PM-1001,2024-06-17,1548,1792.95
D06,PM-1001,2024-06-24,1360,1599.35
D06,PM-1001,2024-07-01,1456,1668.55
D06,PM-1001,2024-07-08,1535,1786.66
D06,PM-1001,2024-07-15,1982,2344.16
D06,PM-1001,2024-07-22,1555,1757.67
D06,PM-1001,2024-07-29,1481,1836.32
D06,PM-1001,2024-08-05,1756,2032.65
D06,PM-1001,2024-08-12,1599,1810.26
D06,PM-1001,2024-08-19,1724,2130.67
D06,PM-1001,2024-08-26,1251,1515.53
D06,PM-1001,2024-09-02,1133,1389.31
D06,PM-1001,2024-09-09,1802,2180.31
D06,PM-1001,2024-09-16,1487,1776.18
D06,PM-1001,2024-09-23,1258,1418.4
D06,PM-1001,2024-09-30,1148,1366.56
D06,PM-1001,2024-10-07,1259,1541.2
D06,PM-1001,2024-10-14,1764,2010.31
D06,PM-1001,2024-10-21,1096,1271.69
D06,PM-1001,2024-10-28,1728,2095.29
D06,PM-1001,2024-11-04,1190,1482.88
D06,PM-1001,2024-11-11,1291,1544.76
D06,PM-1001,2024-11-18,1291,1569.44
D06,PM-1001,2024-11-25,1312,1504.77
D06,PM-1001,2024-12-02,1021,1226.96
D06,PM-1001,2024-12-09,1861,2237.34
D06,PM-1001,2024-12-16,1430,1613.13
D06,PM-1001,2024-12-23,1454,1661.93
D06,PM-1001,2024-12-30,1309,1538.88
D06,PM-1001,2025-01-06,1346,1542.35
D06,PM-1001,2025-01-13,1395,1620.12
D06,PM-1001,2025-01-20,1380,1699.02
D06,PM-1001,2025-01-27,1155,1374.0
D06,PM-1001,2025-02-03,1205,1428.49
D06,PM-1001,2025-02-10,1554,1743.76
D06,PM-1001,2025-02-17,1672,1944.73
D06,PM-1001,2025-02-24,1213,1386.83
D06,PM-1001,2025-03-03,1332,1495.49
D06,PM-1001,2025-03-10,1338,1570.71
D06,PM-1001,2025-03-17,1606,1843.95
D06,PM-1001,2025-03-24,1392,1690.95
D06,PM-1001,2025-03-31,1364,1619.38
D06,PM-1001,2025-04-07,1283,1597.84
D06,PM-1001,2025-04-14,1678,1886.05
D06,PM-1001,2025-04-21,1453,1688.08
D06,PM-1001,2025-04-28,1408,1646.96
D06,PM-1001,2025-05-05,1467,1719.36
D06,PM-1001,2025-05-12,1899,2243.94
D06,PM-1001,2025-05-19,1562,1780.61
D06,PM-1001,2025-05-26,1884,2175.81
D06,PM-1001,2025-06-02,1305,1510.09
D06,PM-1001,2025-06-09,1539,1907.71
D06,PM-1001,2025-06-16,1481,1793.49
D06,PM-1001,2025-06-23,2243,2705.64
D06,PM-1001,2025-06-30,1502,1834.62
D06,PM-1001,2025-07-07,1313,1562.24
D06,PM-1001,2025-07-14,1568,1773.84
D06,PM-1001,2025-07-21,1606,1872.35
D06,PM-1001,2025-07-28,1855,2304.26
D06,PM-1001,2025-08-04,1377,1605.87
D06,PM-1001,2025-08-11,1769,2169.7
D06,PM-1001,2025-08-18,1473,1678.07
D06,PM-1001,2025-08-25,1539,1811.58
D06,PM-1001,2025-09-01,1563,1938.07
D06,PM-1001,2025-09-08,1384,1567.37
D06,PM-1001,2025-09-15,1117,1383.25
D06,PM-1001,2025-09-22,1417,1595.85
D06,PM-1001,2025-09-29,1262,1454.06
D06,PM-1001,2025-10-06,1134,1293.25
D06,PM-1001,2025-10-13,1372,1698.96
D06,PM-1001,2025-10-20,1150,1337.93
D06,PM-1001,2025-10-27,1349,1657.47
D06,PM-1001,2025-11-03,1317,1562.14
D06,PM-1001,2025-11-10,1265,1538.45
D06,PM-1001,2025-11-17,1122,1303.0
D06,PM-1001,2025-11-24,1046,1244.9
D06,PM-1001,2025-12-01,1324,1653.31
D06,PM-1001,2025-12-08,1550,1904.37
D06,PM-1001,2025-12-15,1447,1641.18
D06,PM-1001,2025-12-22,1065,1285.3
D06,PM-1001,2025-12-29,1218,1423.0
D06,PM-1001,2026-01-05,1247,1556.53
D06,PM-1001,2026-01-12,1081,1221.86
D06,PM-1001,2026-01-19,1203,1409.96
D06,PM-1001,2026-01-26,1145,1349.83
D06,PM-1001,2026-02-02,1687,2090.94
D06,PM-1001,2026-02-09,1384,1727.61
D06,PM-1001,2026-02-16,1692,2053.52
D06,PM-1001,2026-02-23,1426,1615.08
D06,PM-1001,2026-03-02,1713,1980.0
D06,PM-1001,2026-03-09,1133,1389.33
D06,PM-1001,2026-03-16,1706,2118.79
D06,PM-1001,2026-03-23,1401,1603.58
D06,PM-1001,2026-03-30,1409,1746.34
D06,PM-1001,2026-04-06,1686,1961.46
D06,PM-1001,2026-04-13,1444,1658.18
D06,PM-1001,2026-04-20,1582,1969.89
D06,PM-1001,2026-04-27,1291,1488.48
D06,PM-1001,2026-05-04,1981,2395.21
D06,PM-1001,2026-05-11,1324,1622.07
D06,PM-1001,2026-05-18,1276,1524.91
D06,PM-1001,2026-05-25,1316,1537.44
D06,PM-1001,2026-06-01,1249,1474.72
D06,PM-1001,2026-06-08,1146,1353.27
D06,PM-1001,2026-06-15,1524,1835.56
D06,PM-1001,2026-06-22,1251,1523.62
D06,IS-1025,2024-01-01,136,1815.91
D06,IS-1025,2024-01-08,113,1463.18
D06,IS-1025,2024-01-15,131,1775.4
D06,IS-1025,2024-01-22,175,2263.66
D06,IS-1025,2024-01-29,124,1598.36
D06,IS-1025,2024-02-05,137,1935.19
D06,IS-1025,2024-02-12,151,2142.01
D06,IS-1025,2024-02-19,127,1686.57
D06,IS-1025,2024-02-26,207,2701.21
D06,IS-1025,2024-03-04,139,1964.53
D06,IS-1025,2024-03-11,172,2202.6
D06,IS-1025,2024-03-18,164,2165.01
D06,IS-1025,2024-03-25,166,2301.89
D06,IS-1025,2024-04-01,165,2261.35
D06,IS-1025,2024-04-08,119,1577.54
D06,IS-1025,2024-04-15,123,1747.64
D06,IS-1025,2024-04-22,193,2721.03
D06,IS-1025,2024-04-29,133,1783.81
D06,IS-1025,2024-05-06,205,2738.08
D06,IS-1025,2024-05-13,127,1637.67
D06,IS-1025,2024-05-20,148,1943.97
D06,IS-1025,2024-05-27,161,2148.08
D06,IS-1025,2024-06-03,149,2044.5
D06,IS-1025,2024-06-10,177,2311.97
D06,IS-1025,2024-06-17,212,2788.91
D06,IS-1025,2024-06-24,141,1916.74
D06,IS-1025,2024-07-01,136,1924.97
D06,IS-1025,2024-07-08,167,2345.29
D06,IS-1025,2024-07-15,167,2238.18
D06,IS-1025,2024-07-22,134,1866.0
D06,IS-1025,2024-07-29,199,2783.33
D06,IS-1025,2024-08-05,136,1730.73
D06,IS-1025,2024-08-12,169,2170.35
D06,IS-1025,2024-08-19,151,2036.42
D06,IS-1025,2024-08-26,174,2268.36
D06,IS-1025,2024-09-02,127,1648.96
D06,IS-1025,2024-09-09,160,2175.73
D06,IS-1025,2024-09-16,107,1455.76
D06,IS-1025,2024-09-23,141,1959.93
D06,IS-1025,2024-09-30,129,1680.74
D06,IS-1025,2024-10-07,150,2074.6
D06,IS-1025,2024-10-14,184,2529.41
D06,IS-1025,2024-10-21,122,1739.69
D06,IS-1025,2024-10-28,143,1903.09
D06,IS-1025,2024-11-04,126,1633.47
D06,IS-1025,2024-11-11,167,2319.23
D06,IS-1025,2024-11-18,142,1851.08
D06,IS-1025,2024-11-25,126,1786.89
D06,IS-1025,2024-12-02,150,1972.85
D06,IS-1025,2024-12-09,113,1594.69
D06,IS-1025,2024-12-16,138,1769.49
D06,IS-1025,2024-12-23,129,1797.6
D06,IS-1025,2024-12-30,148,1962.62
D06,IS-1025,2025-01-06,100,1277.48
D06,IS-1025,2025-01-13,120,1555.91
D06,IS-1025,2025-01-20,129,1775.04
D06,IS-1025,2025-01-27,108,1378.24
D06,IS-1025,2025-02-03,105,1402.53
D06,IS-1025,2025-02-10,163,2167.1
D06,IS-1025,2025-02-17,135,1823.42
D06,IS-1025,2025-02-24,172,2366.77
D06,IS-1025,2025-03-03,141,1940.02
D06,IS-1025,2025-03-10,170,2279.02
D06,IS-1025,2025-03-17,121,1677.25
D06,IS-1025,2025-03-24,160,2124.44
D06,IS-1025,2025-03-31,117,1512.0
D06,IS-1025,2025-04-07,156,2005.95
D06,IS-1025,2025-04-14,207,2680.69
D06,IS-1025,2025-04-21,141,1936.3
D06,IS-1025,2025-04-28,156,2172.26
D06,IS-1025,2025-05-05,144,1889.72
D06,IS-1025,2025-05-12,159,2167.18
D06,IS-1025,2025-05-19,149,2052.89
D06,IS-1025,2025-05-26,216,3036.15
D06,IS-1025,2025-06-02,159,2219.34
D06,IS-1025,2025-06-09,132,1879.4
D06,IS-1025,2025-06-16,137,1753.83
D06,IS-1025,2025-06-23,185,2590.33
D06,IS-1025,2025-06-30,143,1844.69
D06,IS-1025,2025-07-07,180,2415.72
D06,IS-1025,2025-07-14,171,2234.83
D06,IS-1025,2025-07-21,139,1978.5
D06,IS-1025,2025-07-28,133,1733.09
D06,IS-1025,2025-08-04,157,2180.11
D06,IS-1025,2025-08-11,122,1674.44
D06,IS-1025,2025-08-18,170,2361.03
D06,IS-1025,2025-08-25,128,1789.83
D06,IS-1025,2025-09-01,136,1770.9
D06,IS-1025,2025-09-08,146,1879.79
D06,IS-1025,2025-09-15,145,1982.13
D06,IS-1025,2025-09-22,117,1545.95
D06,IS-1025,2025-09-29,100,1385.33
D06,IS-1025,2025-10-06,121,1609.26
D06,IS-1025,2025-10-13,138,1823.78
D06,IS-1025,2025-10-20,151,1957.36
D06,IS-1025,2025-10-27,104,1345.63
D06,IS-1025,2025-11-03,127,1711.68
D06,IS-1025,2025-11-10,100,1283.46
D06,IS-1025,2025-11-17,89,1248.18
D06,IS-1025,2025-11-24,177,2483.16
D06,IS-1025,2025-12-01,118,1542.26
D06,IS-1025,2025-12-08,130,1760.48
D06,IS-1025,2025-12-15,143,1948.45
D06,IS-1025,2025-12-22,167,2257.2
D06,IS-1025,2025-12-29,124,1692.76
D06,IS-1025,2026-01-05,115,1476.73
D06,IS-1025,2026-01-12,118,1512.05
D06,IS-1025,2026-01-19,125,1659.43
D06,IS-1025,2026-01-26,131,1844.16
D06,IS-1025,2026-02-02,133,1742.77
D06,IS-1025,2026-02-09,122,1607.75
D06,IS-1025,2026-02-16,115,1512.2
D06,IS-1025,2026-02-23,175,2349.53
D06,IS-1025,2026-03-02,137,1799.95
D06,IS-1025,2026-03-09,122,1703.26
D06,IS-1025,2026-03-16,105,1351.07
D06,IS-1025,2026-03-23,147,2050.45
D06,IS-1025,2026-03-30,139,1809.02
D06,IS-1025,2026-04-06,127,1762.8
D06,IS-1025,2026-04-13,165,2288.77
D06,IS-1025,2026-04-20,123,1684.98
D06,IS-1025,2026-04-27,152,1934.03
D06,IS-1025,2026-05-04,162,2097.39
D06,IS-1025,2026-05-11,129,1792.13
D06,IS-1025,2026-05-18,155,2177.27
D06,IS-1025,2026-05-25,147,1928.0
D06,IS-1025,2026-06-01,167,2325.66
D06,IS-1025,2026-06-08,171,2220.71
D06,IS-1025,2026-06-15,106,1424.28
D06,IS-1025,2026-06-22,164,2287.08
D06,PM-1006,2024-01-01,1242,942.22
D06,PM-1006,2024-01-08,1741,1402.99
D06,PM-1006,2024-01-15,1390,1052.94
D06,PM-1006,2024-01-22,1891,1511.05
D06,PM-1006,2024-01-29,1266,941.41
D06,PM-1006,2024-02-05,1734,1302.24
D06,PM-1006,2024-02-12,1440,1112.58
D06,PM-1006,2024-02-19,1379,1103.16
D06,PM-1006,2024-02-26,1628,1302.2
D06,PM-1006,2024-03-04,1571,1232.54
D06,PM-1006,2024-03-11,1689,1353.24
D06,PM-1006,2024-03-18,1411,1062.7
D06,PM-1006,2024-03-25,1254,1020.82
D06,PM-1006,2024-04-01,1760,1359.92
D06,PM-1006,2024-04-08,1456,1202.85
D06,PM-1006,2024-04-15,1636,1302.74
D06,PM-1006,2024-04-22,1793,1430.85
D06,PM-1006,2024-04-29,1685,1331.1
D06,PM-1006,2024-05-06,1606,1230.38
D06,PM-1006,2024-05-13,1530,1244.64
D06,PM-1006,2024-05-20,1966,1607.03
D06,PM-1006,2024-05-27,1878,1455.86
D06,PM-1006,2024-06-03,1992,1608.54
D06,PM-1006,2024-06-10,1419,1061.51
D06,PM-1006,2024-06-17,1520,1172.43
D06,PM-1006,2024-06-24,1579,1264.16
D06,PM-1006,2024-07-01,1757,1427.58
D06,PM-1006,2024-07-08,2139,1754.79
D06,PM-1006,2024-07-15,1669,1308.88
D06,PM-1006,2024-07-22,1543,1201.13
D06,PM-1006,2024-07-29,1697,1343.73
D06,PM-1006,2024-08-05,1323,1050.0
D06,PM-1006,2024-08-12,1173,900.04
D06,PM-1006,2024-08-19,1337,1069.27
D06,PM-1006,2024-08-26,1487,1200.65
D06,PM-1006,2024-09-02,1672,1342.36
D06,PM-1006,2024-09-09,1836,1502.1
D06,PM-1006,2024-09-16,1876,1495.96
D06,PM-1006,2024-09-23,1743,1368.4
D06,PM-1006,2024-09-30,1240,997.3
D06,PM-1006,2024-10-07,1447,1194.3
D06,PM-1006,2024-10-14,1833,1365.31
D06,PM-1006,2024-10-21,1191,906.94
D06,PM-1006,2024-10-28,1462,1206.58
D06,PM-1006,2024-11-04,1456,1149.3
D06,PM-1006,2024-11-11,1626,1275.59
D06,PM-1006,2024-11-18,942,749.84
D06,PM-1006,2024-11-25,1568,1265.1
D06,PM-1006,2024-12-02,1191,942.82
D06,PM-1006,2024-12-09,1627,1263.91
D06,PM-1006,2024-12-16,1183,946.09
D06,PM-1006,2024-12-23,1456,1172.01
D06,PM-1006,2024-12-30,1070,846.66
D06,PM-1006,2025-01-06,1235,1003.71
D06,PM-1006,2025-01-13,1557,1268.41
D06,PM-1006,2025-01-20,1318,993.47
D06,PM-1006,2025-01-27,1608,1197.2
D06,PM-1006,2025-02-03,1551,1190.02
D06,PM-1006,2025-02-10,1459,1186.63
D06,PM-1006,2025-02-17,1090,834.24
D06,PM-1006,2025-02-24,1559,1236.68
D06,PM-1006,2025-03-03,1708,1357.78
D06,PM-1006,2025-03-10,1674,1352.03
D06,PM-1006,2025-03-17,1379,1124.76
D06,PM-1006,2025-03-24,1637,1337.62
D06,PM-1006,2025-03-31,1548,1168.96
D06,PM-1006,2025-04-07,1643,1340.53
D06,PM-1006,2025-04-14,1945,1464.1
D06,PM-1006,2025-04-21,1703,1315.07
D06,PM-1006,2025-04-28,1519,1202.65
D06,PM-1006,2025-05-05,1790,1394.53
D06,PM-1006,2025-05-12,1684,1352.96
D06,PM-1006,2025-05-19,1935,1520.42
D06,PM-1006,2025-05-26,1415,1112.81
D06,PM-1006,2025-06-02,1403,1138.52
D06,PM-1006,2025-06-09,1615,1277.06
D06,PM-1006,2025-06-16,1290,1056.48
D06,PM-1006,2025-06-23,1568,1181.24
D06,PM-1006,2025-06-30,1715,1314.59
D06,PM-1006,2025-07-07,1956,1588.16
D06,PM-1006,2025-07-14,1563,1175.65
D06,PM-1006,2025-07-21,1870,1493.95
D06,PM-1006,2025-07-28,1686,1305.36
D06,PM-1006,2025-08-04,1588,1269.77
D06,PM-1006,2025-08-11,1387,1086.4
D06,PM-1006,2025-08-18,1459,1097.22
D06,PM-1006,2025-08-25,1456,1103.17
D06,PM-1006,2025-09-01,1492,1115.68
D06,PM-1006,2025-09-08,1430,1068.54
D06,PM-1006,2025-09-15,1742,1429.1
D06,PM-1006,2025-09-22,1487,1122.82
D06,PM-1006,2025-09-29,1923,1437.34
D06,PM-1006,2025-10-06,1302,1060.2
D06,PM-1006,2025-10-13,1666,1368.21
D06,PM-1006,2025-10-20,1236,958.6
D06,PM-1006,2025-10-27,1402,1067.86
D06,PM-1006,2025-11-03,1395,1043.99
D06,PM-1006,2025-11-10,1394,1149.49
D06,PM-1006,2025-11-17,1682,1380.42
D06,PM-1006,2025-11-24,1449,1135.51
D06,PM-1006,2025-12-01,1831,1455.31
D06,PM-1006,2025-12-08,1719,1370.15
D06,PM-1006,2025-12-15,1408,1144.43
D06,PM-1006,2025-12-22,1656,1272.21
D06,PM-1006,2025-12-29,1197,914.88
D06,PM-1006,2026-01-05,1422,1142.33
D06,PM-1006,2026-01-12,1411,1079.03
D06,PM-1006,2026-01-19,1551,1173.54
D06,PM-1006,2026-01-26,1603,1278.03
D06,PM-1006,2026-02-02,1302,980.22
D06,PM-1006,2026-02-09,1580,1219.89
D06,PM-1006,2026-02-16,1809,1438.12
D06,PM-1006,2026-02-23,1683,1253.55
D06,PM-1006,2026-03-02,1620,1316.78
D06,PM-1006,2026-03-09,1759,1387.23
D06,PM-1006,2026-03-16,1119,848.44
D06,PM-1006,2026-03-23,1208,941.05
D06,PM-1006,2026-03-30,2014,1652.94
D06,PM-1006,2026-04-06,1754,1363.03
D06,PM-1006,2026-04-13,1687,1263.47
D06,PM-1006,2026-04-20,1659,1344.64
D06,PM-1006,2026-04-27,1631,1277.51
D06,PM-1006,2026-05-04,1753,1451.79
D06,PM-1006,2026-05-11,1725,1396.37
D06,PM-1006,2026-05-18,1572,1233.17
D06,PM-1006,2026-05-25,1725,1282.42
D06,PM-1006,2026-06-01,1723,1422.65
D06,PM-1006,2026-06-08,1535,1237.04
D06,PM-1006,2026-06-15,1955,1586.03
D06,PM-1006,2026-06-22,1530,1153.9
D06,IG-1012,2024-01-01,53,3607.29
D06,IG-1012,2024-01-08,65,4458.71
D06,IG-1012,2024-01-15,72,5154.79
D06,IG-1012,2024-01-22,60,4326.41
D06,IG-1012,2024-01-29,69,4625.53
D06,IG-1012,2024-02-05,77,5225.36
D06,IG-1012,2024-02-12,61,4126.57
D06,IG-1012,2024-02-19,69,4759.87
D06,IG-1012,2024-02-26,78,5447.62
D06,IG-1012,2024-03-04,86,5844.13
D06,IG-1012,2024-03-11,88,5828.02
D06,IG-1012,2024-03-18,81,5674.49
D06,IG-1012,2024-03-25,80,5357.64
D06,IG-1012,2024-04-01,102,6742.16
D06,IG-1012,2024-04-08,109,7227.46
D06,IG-1012,2024-04-15,110,7858.35
D06,IG-1012,2024-04-22,88,6146.66
D06,IG-1012,2024-04-29,83,6036.35
D06,IG-1012,2024-05-06,88,6034.18
D06,IG-1012,2024-05-13,75,5203.64
D06,IG-1012,2024-05-20,81,5637.19
D06,IG-1012,2024-05-27,85,5981.29
D06,IG-1012,2024-06-03,95,6795.4
D06,IG-1012,2024-06-10,101,6777.65
D06,IG-1012,2024-06-17,112,7658.45
D06,IG-1012,2024-06-24,116,7651.37
D06,IG-1012,2024-07-01,86,5791.46
D06,IG-1012,2024-07-08,93,6607.46
D06,IG-1012,2024-07-15,110,7772.76
D06,IG-1012,2024-07-22,93,6235.15
D06,IG-1012,2024-07-29,76,5228.03
D06,IG-1012,2024-08-05,104,6911.3
D06,IG-1012,2024-08-12,83,5905.06
D06,IG-1012,2024-08-19,72,5165.91
D06,IG-1012,2024-08-26,78,5683.73
D06,IG-1012,2024-09-02,95,6539.92
D06,IG-1012,2024-09-09,91,6254.59
D06,IG-1012,2024-09-16,81,5864.63
D06,IG-1012,2024-09-23,125,8827.91
D06,IG-1012,2024-09-30,72,4941.32
D06,IG-1012,2024-10-07,78,5165.44
D06,IG-1012,2024-10-14,81,5752.05
D06,IG-1012,2024-10-21,69,4854.34
D06,IG-1012,2024-10-28,80,5406.91
D06,IG-1012,2024-11-04,66,4486.31
D06,IG-1012,2024-11-11,92,6200.95
D06,IG-1012,2024-11-18,87,6286.95
D06,IG-1012,2024-11-25,86,5953.53
D06,IG-1012,2024-12-02,102,6899.05
D06,IG-1012,2024-12-09,84,5720.7
D06,IG-1012,2024-12-16,66,4686.66
D06,IG-1012,2024-12-23,80,5517.39
D06,IG-1012,2024-12-30,96,6744.99
D06,IG-1012,2025-01-06,76,5067.8
D06,IG-1012,2025-01-13,89,5783.49
D06,IG-1012,2025-01-20,78,5214.78
D06,IG-1012,2025-01-27,78,5168.93
D06,IG-1012,2025-02-03,90,5975.48
D06,IG-1012,2025-02-10,106,7060.05
D06,IG-1012,2025-02-17,84,5568.76
D06,IG-1012,2025-02-24,113,8017.13
D06,IG-1012,2025-03-03,92,6525.89
D06,IG-1012,2025-03-10,89,6346.76
D06,IG-1012,2025-03-17,84,5830.17
D06,IG-1012,2025-03-24,99,6528.53
D06,IG-1012,2025-03-31,100,6990.0
D06,IG-1012,2025-04-07,94,6285.52
D06,IG-1012,2025-04-14,87,6165.46
D06,IG-1012,2025-04-21,74,5116.37
D06,IG-1012,2025-04-28,98,6799.7
D06,IG-1012,2025-05-05,104,6973.66
D06,IG-1012,2025-05-12,130,8944.08
D06,IG-1012,2025-05-19,106,7577.61
D06,IG-1012,2025-05-26,125,8291.74
D06,IG-1012,2025-06-02,97,6819.38
D06,IG-1012,2025-06-09,93,6149.08
D06,IG-1012,2025-06-16,67,4532.94
D06,IG-1012,2025-06-23,103,7035.14
D06,IG-1012,2025-06-30,126,8305.35
D06,IG-1012,2025-07-07,59,3917.23
D06,IG-1012,2025-07-14,80,5388.66
D06,IG-1012,2025-07-21,88,6346.53
D06,IG-1012,2025-07-28,66,4460.88
D06,IG-1012,2025-08-04,84,5836.71
D06,IG-1012,2025-08-11,68,4862.07
D06,IG-1012,2025-08-18,96,6644.05
D06,IG-1012,2025-08-25,62,4482.55
D06,IG-1012,2025-09-01,84,5646.75
D06,IG-1012,2025-09-08,52,3387.67
D06,IG-1012,2025-09-15,80,5405.28
D06,IG-1012,2025-09-22,67,4707.06
D06,IG-1012,2025-09-29,72,4808.53
D06,IG-1012,2025-10-06,53,3747.9
D06,IG-1012,2025-10-13,61,4004.4
D06,IG-1012,2025-10-20,72,4883.23
D06,IG-1012,2025-10-27,63,4351.96
D06,IG-1012,2025-11-03,56,4026.07
D06,IG-1012,2025-11-10,77,5354.25
D06,IG-1012,2025-11-17,62,4380.61
D06,IG-1012,2025-11-24,69,4563.4
D06,IG-1012,2025-12-01,48,3326.69
D06,IG-1012,2025-12-08,57,3849.46
D06,IG-1012,2025-12-15,52,3446.35
D06,IG-1012,2025-12-22,54,3526.7
D06,IG-1012,2025-12-29,82,5484.44
D06,IG-1012,2026-01-05,65,4254.67
D06,IG-1012,2026-01-12,57,4016.28
D06,IG-1012,2026-01-19,55,3808.3
D06,IG-1012,2026-01-26,47,3290.37
D06,IG-1012,2026-02-02,49,3436.95
D06,IG-1012,2026-02-09,64,4262.27
D06,IG-1012,2026-02-16,56,4001.25
D06,IG-1012,2026-02-23,54,3718.46
D06,IG-1012,2026-03-02,40,2671.98
D06,IG-1012,2026-03-09,56,3987.11
D06,IG-1012,2026-03-16,86,5956.99
D06,IG-1012,2026-03-23,63,4411.7
D06,IG-1012,2026-03-30,54,3872.22
D06,IG-1012,2026-04-06,59,4013.87
D06,IG-1012,2026-04-13,52,3663.32
D06,IG-1012,2026-04-20,76,5355.96
D06,IG-1012,2026-04-27,67,4675.84
D06,IG-1012,2026-05-04,61,4128.38
D06,IG-1012,2026-05-11,53,3537.47
D06,IG-1012,2026-05-18,66,4775.34
D06,IG-1012,2026-05-25,63,4515.48
D06,IG-1012,2026-06-01,64,4450.85
D06,IG-1012,2026-06-08,65,4637.23
D06,IG-1012,2026-06-15,59,4009.05
D06,IG-1012,2026-06-22,46,3272.44
D06,LD-1041,2024-01-01,2669,1351.83
D06,LD-1041,2024-01-08,2087,1093.99
D06,LD-1041,2024-01-15,2027,1031.68
D06,LD-1041,2024-01-22,1986,1017.53
D06,LD-1041,2024-01-29,2409,1341.54
D06,LD-1041,2024-02-05,2786,1466.69
D06,LD-1041,2024-02-12,1738,901.88
D06,LD-1041,2024-02-19,2447,1285.17
D06,LD-1041,2024-02-26,2256,1192.3
D06,LD-1041,2024-03-04,2337,1174.48
D06,LD-1041,2024-03-11,2850,1470.51
D06,LD-1041,2024-03-18,2724,1367.44
D06,LD-1041,2024-03-25,2795,1541.66
D06,LD-1041,2024-04-01,2560,1334.79
D06,LD-1041,2024-04-08,2526,1307.36
D06,LD-1041,2024-04-15,2703,1451.58
D06,LD-1041,2024-04-22,3588,1997.83
D06,LD-1041,2024-04-29,2522,1261.53
D06,LD-1041,2024-05-06,2602,1349.54
D06,LD-1041,2024-05-13,2270,1143.33
D06,LD-1041,2024-05-20,1947,1038.45
D06,LD-1041,2024-05-27,3037,1624.33
D06,LD-1041,2024-06-03,2450,1283.08
D06,LD-1041,2024-06-10,2786,1391.47
D06,LD-1041,2024-06-17,2648,1471.11
D06,LD-1041,2024-06-24,3142,1669.95
D06,LD-1041,2024-07-01,2405,1270.47
D06,LD-1041,2024-07-08,2044,1113.43
D06,LD-1041,2024-07-15,3057,1603.39
D06,LD-1041,2024-07-22,2593,1330.05
D06,LD-1041,2024-07-29,2513,1298.75
D06,LD-1041,2024-08-05,1778,980.29
D06,LD-1041,2024-08-12,2651,1324.08
D06,LD-1041,2024-08-19,1848,1012.44
D06,LD-1041,2024-08-26,2729,1465.61
D06,LD-1041,2024-09-02,2256,1182.65
D06,LD-1041,2024-09-09,2532,1358.05
D06,LD-1041,2024-09-16,2326,1226.65
D06,LD-1041,2024-09-23,2184,1119.72
D06,LD-1041,2024-09-30,2023,1058.1
D06,LD-1041,2024-10-07,1656,869.94
D06,LD-1041,2024-10-14,2168,1124.82
D06,LD-1041,2024-10-21,2308,1265.07
D06,LD-1041,2024-10-28,2337,1284.09
D06,LD-1041,2024-11-04,2460,1230.69
D06,LD-1041,2024-11-11,2309,1257.47
D06,LD-1041,2024-11-18,2913,1494.17
D06,LD-1041,2024-11-25,2000,1083.72
D06,LD-1041,2024-12-02,2809,1475.53
D06,LD-1041,2024-12-09,2214,1232.06
D06,LD-1041,2024-12-16,2371,1264.75
D06,LD-1041,2024-12-23,2496,1353.7
D06,LD-1041,2024-12-30,1303,686.19
D06,LD-1041,2025-01-06,2795,1540.05
D06,LD-1041,2025-01-13,2368,1182.57
D06,LD-1041,2025-01-20,1979,1017.19
D06,LD-1041,2025-01-27,2068,1119.79
D06,LD-1041,2025-02-03,2531,1272.42
D06,LD-1041,2025-02-10,2143,1100.6
D06,LD-1041,2025-02-17,2060,1059.14
D06,LD-1041,2025-02-24,2231,1185.88
D06,LD-1041,2025-03-03,2026,1062.88
D06,LD-1041,2025-03-10,1940,1030.23
D06,LD-1041,2025-03-17,2342,1188.48
D06,LD-1041,2025-03-24,1605,813.3
D06,LD-1041,2025-03-31,2571,1414.38
D06,LD-1041,2025-04-07,2069,1115.38
D06,LD-1041,2025-04-14,3312,1662.3
D06,LD-1041,2025-04-21,2672,1465.14
D06,LD-1041,2025-04-28,2824,1566.81
D06,LD-1041,2025-05-05,1991,995.1
D06,LD-1041,2025-05-12,2904,1460.68
D06,LD-1041,2025-05-19,1945,1039.5
D06,LD-1041,2025-05-26,2401,1296.94
D06,LD-1041,2025-06-02,1965,1027.54
D06,LD-1041,2025-06-09,2435,1350.27
D06,LD-1041,2025-06-16,2650,1436.67
D06,LD-1041,2025-06-23,2418,1322.49
D06,LD-1041,2025-06-30,2242,1165.34
D06,LD-1041,2025-07-07,2775,1527.26
D06,LD-1041,2025-07-14,2492,1354.77
D06,LD-1041,2025-07-21,2429,1238.26
D06,LD-1041,2025-07-28,2583,1418.11
D06,LD-1041,2025-08-04,2069,1043.65
D06,LD-1041,2025-08-11,2758,1416.24
D06,LD-1041,2025-08-18,2739,1472.25
D06,LD-1041,2025-08-25,2248,1204.63
D06,LD-1041,2025-09-01,2470,1272.04
D06,LD-1041,2025-09-08,2403,1280.52
D06,LD-1041,2025-09-15,2722,1468.97
D06,LD-1041,2025-09-22,3363,1806.3
D06,LD-1041,2025-09-29,2800,1545.64
D06,LD-1041,2025-10-06,1884,972.44
D06,LD-1041,2025-10-13,2549,1386.97
D06,LD-1041,2025-10-20,3357,1785.36
D06,LD-1041,2025-10-27,1896,960.17
D06,LD-1041,2025-11-03,2715,1465.91
D06,LD-1041,2025-11-10,2409,1240.15
D06,LD-1041,2025-11-17,2241,1137.43
D06,LD-1041,2025-11-24,2253,1224.86
D06,LD-1041,2025-12-01,2049,1059.19
D06,LD-1041,2025-12-08,1726,954.44
D06,LD-1041,2025-12-15,2511,1255.73
D06,LD-1041,2025-12-22,1672,900.94
D06,LD-1041,2025-12-29,2101,1164.48
D06,LD-1041,2026-01-05,2187,1125.81
D06,LD-1041,2026-01-12,2081,1117.34
D06,LD-1041,2026-01-19,2273,1143.61
D06,LD-1041,2026-01-26,2968,1513.79
D06,LD-1041,2026-02-02,2315,1201.82
D06,LD-1041,2026-02-09,2354,1215.15
D06,LD-1041,2026-02-16,2646,1362.06
D06,LD-1041,2026-02-23,2483,1352.94
D06,LD-1041,2026-03-02,2367,1309.21
D06,LD-1041,2026-03-09,2230,1196.22
D06,LD-1041,2026-03-16,2405,1272.89
D06,LD-1041,2026-03-23,2595,1342.43
D06,LD-1041,2026-03-30,2617,1449.45
D06,LD-1041,2026-04-06,2102,1121.71
D06,LD-1041,2026-04-13,1983,1015.7
D06,LD-1041,2026-04-20,2671,1487.49
D06,LD-1041,2026-04-27,2206,1180.86
D06,LD-1041,2026-05-04,2538,1276.09
D06,LD-1041,2026-05-11,2421,1306.72
D06,LD-1041,2026-05-18,2345,1256.54
D06,LD-1041,2026-05-25,2741,1518.47
D06,LD-1041,2026-06-01,2565,1282.2
D06,LD-1041,2026-06-08,3044,1649.76
D06,LD-1041,2026-06-15,2847,1520.68
D06,LD-1041,2026-06-22,2213,1186.73
D06,PM-1002,2024-01-01,991,1264.49
D06,PM-1002,2024-01-08,866,1134.37
D06,PM-1002,2024-01-15,963,1249.79
D06,PM-1002,2024-01-22,811,971.79
D06,PM-1002,2024-01-29,1228,1474.66
D06,PM-1002,2024-02-05,996,1221.63
D06,PM-1002,2024-02-12,949,1210.62
D06,PM-1002,2024-02-19,1057,1394.48
D06,PM-1002,2024-02-26,1081,1433.74
D06,PM-1002,2024-03-04,895,1146.14
D06,PM-1002,2024-03-11,830,1099.58
D06,PM-1002,2024-03-18,934,1245.32
D06,PM-1002,2024-03-25,1152,1409.03
D06,PM-1002,2024-04-01,982,1275.78
D06,PM-1002,2024-04-08,866,1045.76
D06,PM-1002,2024-04-15,1064,1354.26
D06,PM-1002,2024-04-22,1346,1728.53
D06,PM-1002,2024-04-29,1042,1303.1
D06,PM-1002,2024-05-06,824,1049.84
D06,PM-1002,2024-05-13,934,1152.64
D06,PM-1002,2024-05-20,984,1226.93
D06,PM-1002,2024-05-27,1070,1413.4
D06,PM-1002,2024-06-03,1159,1413.99
D06,PM-1002,2024-06-10,1204,1584.56
D06,PM-1002,2024-06-17,1052,1368.74
D06,PM-1002,2024-06-24,931,1127.72
D06,PM-1002,2024-07-01,828,1017.09
D06,PM-1002,2024-07-08,1098,1465.04
D06,PM-1002,2024-07-15,818,1036.51
D06,PM-1002,2024-07-22,1360,1660.3
D06,PM-1002,2024-07-29,1234,1544.08
D06,PM-1002,2024-08-05,1286,1679.26
D06,PM-1002,2024-08-12,993,1290.9
D06,PM-1002,2024-08-19,1029,1276.45
D06,PM-1002,2024-08-26,841,1055.65
D06,PM-1002,2024-09-02,1135,1436.23
D06,PM-1002,2024-09-09,780,1026.92
D06,PM-1002,2024-09-16,947,1246.99
D06,PM-1002,2024-09-23,842,1093.0
D06,PM-1002,2024-09-30,1200,1438.78
D06,PM-1002,2024-10-07,1013,1293.7
D06,PM-1002,2024-10-14,985,1198.31
D06,PM-1002,2024-10-21,894,1073.68
D06,PM-1002,2024-10-28,1037,1258.95
D06,PM-1002,2024-11-04,1163,1513.64
D06,PM-1002,2024-11-11,1163,1489.22
D06,PM-1002,2024-11-18,1352,1699.91
D06,PM-1002,2024-11-25,785,946.69
D06,PM-1002,2024-12-02,834,1030.31
D06,PM-1002,2024-12-09,1024,1269.63
D06,PM-1002,2024-12-16,916,1143.36
D06,PM-1002,2024-12-23,959,1275.37
D06,PM-1002,2024-12-30,733,927.46
D06,PM-1002,2025-01-06,1042,1276.62
D06,PM-1002,2025-01-13,862,1125.91
D06,PM-1002,2025-01-20,994,1305.56
D06,PM-1002,2025-01-27,914,1114.17
D06,PM-1002,2025-02-03,804,1042.57
D06,PM-1002,2025-02-10,1233,1533.53
D06,PM-1002,2025-02-17,1057,1402.03
D06,PM-1002,2025-02-24,972,1234.24
D06,PM-1002,2025-03-03,847,1069.0
D06,PM-1002,2025-03-10,1111,1404.61
D06,PM-1002,2025-03-17,1076,1288.51
D06,PM-1002,2025-03-24,883,1058.21
D06,PM-1002,2025-03-31,1094,1317.09
D06,PM-1002,2025-04-07,1013,1323.16
D06,PM-1002,2025-04-14,1106,1332.19
D06,PM-1002,2025-04-21,1132,1391.25
D06,PM-1002,2025-04-28,953,1249.41
D06,PM-1002,2025-05-05,1133,1476.16
D06,PM-1002,2025-05-12,1323,1767.58
D06,PM-1002,2025-05-19,1184,1554.11
D06,PM-1002,2025-05-26,1072,1369.92
D06,PM-1002,2025-06-02,1082,1427.68
D06,PM-1002,2025-06-09,1352,1654.83
D06,PM-1002,2025-06-16,1341,1606.0
D06,PM-1002,2025-06-23,912,1134.32
D06,PM-1002,2025-06-30,1152,1467.76
D06,PM-1002,2025-07-07,1023,1286.73
D06,PM-1002,2025-07-14,878,1125.24
D06,PM-1002,2025-07-21,1192,1479.64
D06,PM-1002,2025-07-28,1137,1425.67
D06,PM-1002,2025-08-04,950,1203.84
D06,PM-1002,2025-08-11,991,1239.14
D06,PM-1002,2025-08-18,1218,1584.9
D06,PM-1002,2025-08-25,953,1190.33
D06,PM-1002,2025-09-01,917,1203.34
D06,PM-1002,2025-09-08,838,1085.31
D06,PM-1002,2025-09-15,1071,1367.88
D06,PM-1002,2025-09-22,784,1019.26
D06,PM-1002,2025-09-29,776,935.02
D06,PM-1002,2025-10-06,923,1222.85
D06,PM-1002,2025-10-13,863,1118.05
D06,PM-1002,2025-10-20,767,922.57
D06,PM-1002,2025-10-27,791,1006.39
D06,PM-1002,2025-11-03,722,908.6
D06,PM-1002,2025-11-10,944,1165.71
D06,PM-1002,2025-11-17,755,991.87
D06,PM-1002,2025-11-24,760,948.15
D06,PM-1002,2025-12-01,893,1095.66
D06,PM-1002,2025-12-08,883,1164.78
D06,PM-1002,2025-12-15,928,1173.14
D06,PM-1002,2025-12-22,1225,1589.54
D06,PM-1002,2025-12-29,833,1054.96
D06,PM-1002,2026-01-05,590,733.1
D06,PM-1002,2026-01-12,1057,1378.38
D06,PM-1002,2026-01-19,769,965.27
D06,PM-1002,2026-01-26,1046,1364.22
D06,PM-1002,2026-02-02,824,1080.02
D06,PM-1002,2026-02-09,960,1245.85
D06,PM-1002,2026-02-16,912,1154.55
D06,PM-1002,2026-02-23,905,1108.39
D06,PM-1002,2026-03-02,751,909.76
D06,PM-1002,2026-03-09,911,1209.61
D06,PM-1002,2026-03-16,841,1096.13
D06,PM-1002,2026-03-23,1062,1330.9
D06,PM-1002,2026-03-30,1386,1741.71
D06,PM-1002,2026-04-06,1017,1285.06
D06,PM-1002,2026-04-13,1338,1631.87
D06,PM-1002,2026-04-20,797,1048.37
D06,PM-1002,2026-04-27,1081,1418.47
D06,PM-1002,2026-05-04,995,1219.83
D06,PM-1002,2026-05-11,951,1227.95
D06,PM-1002,2026-05-18,783,972.1
D06,PM-1002,2026-05-25,1141,1373.27
D06,PM-1002,2026-06-01,1214,1601.11
D06,PM-1002,2026-06-08,1085,1365.57
D06,PM-1002,2026-06-15,844,1028.32
D06,PM-1002,2026-06-22,925,1143.76
D06,PW-1032,2024-01-01,496,2107.56
D06,PW-1032,2024-01-08,560,2180.12
D06,PW-1032,2024-01-15,462,1963.31
D06,PW-1032,2024-01-22,344,1474.05
D06,PW-1032,2024-01-29,542,2125.04
D06,PW-1032,2024-02-05,483,1913.19
D06,PW-1032,2024-02-12,553,2256.51
D06,PW-1032,2024-02-19,558,2155.01
D06,PW-1032,2024-02-26,527,2161.66
D06,PW-1032,2024-03-04,544,2270.21
D06,PW-1032,2024-03-11,583,2481.02
D06,PW-1032,2024-03-18,517,2212.21
D06,PW-1032,2024-03-25,614,2577.68
D06,PW-1032,2024-04-01,783,3099.47
D06,PW-1032,2024-04-08,580,2303.03
D06,PW-1032,2024-04-15,600,2369.29
D06,PW-1032,2024-04-22,698,2699.58
D06,PW-1032,2024-04-29,684,2674.13
D06,PW-1032,2024-05-06,572,2413.75
D06,PW-1032,2024-05-13,452,1884.3
D06,PW-1032,2024-05-20,512,2015.29
D06,PW-1032,2024-05-27,612,2488.1
D06,PW-1032,2024-06-03,559,2252.82
D06,PW-1032,2024-06-10,528,2107.54
D06,PW-1032,2024-06-17,628,2669.8
D06,PW-1032,2024-06-24,539,2117.16
D06,PW-1032,2024-07-01,726,3029.42
D06,PW-1032,2024-07-08,533,2163.76
D06,PW-1032,2024-07-15,595,2466.47
D06,PW-1032,2024-07-22,560,2357.89
D06,PW-1032,2024-07-29,555,2337.56
D06,PW-1032,2024-08-05,611,2529.18
D06,PW-1032,2024-08-12,402,1574.53
D06,PW-1032,2024-08-19,577,2296.02
D06,PW-1032,2024-08-26,647,2579.74
D06,PW-1032,2024-09-02,648,2717.81
D06,PW-1032,2024-09-09,605,2468.39
D06,PW-1032,2024-09-16,607,2351.56
D06,PW-1032,2024-09-23,601,2554.62
D06,PW-1032,2024-09-30,675,2664.49
D06,PW-1032,2024-10-07,569,2257.63
D06,PW-1032,2024-10-14,531,2163.48
D06,PW-1032,2024-10-21,483,1876.13
D06,PW-1032,2024-10-28,518,2035.2
D06,PW-1032,2024-11-04,586,2494.87
D06,PW-1032,2024-11-11,600,2386.86
D06,PW-1032,2024-11-18,495,2000.2
D06,PW-1032,2024-11-25,494,2015.49
D06,PW-1032,2024-12-02,574,2338.7
D06,PW-1032,2024-12-09,638,2487.6
D06,PW-1032,2024-12-16,745,2938.05
D06,PW-1032,2024-12-23,581,2371.17
D06,PW-1032,2024-12-30,496,1935.24
D06,PW-1032,2025-01-06,470,1963.14
D06,PW-1032,2025-01-13,698,2915.56
D06,PW-1032,2025-01-20,581,2408.45
D06,PW-1032,2025-01-27,530,2199.43
D06,PW-1032,2025-02-03,516,2004.63
D06,PW-1032,2025-02-10,710,2955.03
D06,PW-1032,2025-02-17,549,2276.24
D06,PW-1032,2025-02-24,695,2807.12
D06,PW-1032,2025-03-03,657,2581.9
D06,PW-1032,2025-03-10,567,2190.11
D06,PW-1032,2025-03-17,778,3231.46
D06,PW-1032,2025-03-24,605,2370.33
D06,PW-1032,2025-03-31,572,2289.91
D06,PW-1032,2025-04-07,766,3090.05
D06,PW-1032,2025-04-14,706,2975.43
D06,PW-1032,2025-04-21,591,2539.57
D06,PW-1032,2025-04-28,722,2823.53
D06,PW-1032,2025-05-05,756,3233.67
D06,PW-1032,2025-05-12,712,2832.85
D06,PW-1032,2025-05-19,598,2414.18
D06,PW-1032,2025-05-26,682,2753.34
D06,PW-1032,2025-06-02,557,2222.04
D06,PW-1032,2025-06-09,619,2494.33
D06,PW-1032,2025-06-16,624,2561.76
D06,PW-1032,2025-06-23,741,3055.47
D06,PW-1032,2025-06-30,753,3034.26
D06,PW-1032,2025-07-07,533,2131.06
D06,PW-1032,2025-07-14,695,2726.68
D06,PW-1032,2025-07-21,643,2658.55
D06,PW-1032,2025-07-28,682,2674.7
D06,PW-1032,2025-08-04,810,3281.96
D06,PW-1032,2025-08-11,600,2365.67
D06,PW-1032,2025-08-18,608,2411.97
D06,PW-1032,2025-08-25,700,2936.4
D06,PW-1032,2025-09-01,632,2596.84
D06,PW-1032,2025-09-08,493,1972.04
D06,PW-1032,2025-09-15,798,3289.93
D06,PW-1032,2025-09-22,635,2572.72
D06,PW-1032,2025-09-29,700,2898.18
D06,PW-1032,2025-10-06,563,2415.15
D06,PW-1032,2025-10-13,485,1918.66
D06,PW-1032,2025-10-20,585,2426.37
D06,PW-1032,2025-10-27,611,2360.54
D06,PW-1032,2025-11-03,702,2877.77
D06,PW-1032,2025-11-10,547,2160.89
D06,PW-1032,2025-11-17,678,2795.56
D06,PW-1032,2025-11-24,478,2054.89
D06,PW-1032,2025-12-01,553,2341.74
D06,PW-1032,2025-12-08,604,2521.18
D06,PW-1032,2025-12-15,496,2050.53
D06,PW-1032,2025-12-22,742,2871.27
D06,PW-1032,2025-12-29,570,2403.64
D06,PW-1032,2026-01-05,531,2191.97
D06,PW-1032,2026-01-12,512,2183.69
D06,PW-1032,2026-01-19,502,2041.85
D06,PW-1032,2026-01-26,677,2710.76
D06,PW-1032,2026-02-02,544,2127.66
D06,PW-1032,2026-02-09,653,2629.17
D06,PW-1032,2026-02-16,588,2371.7
D06,PW-1032,2026-02-23,727,2983.08
D06,PW-1032,2026-03-02,676,2718.72
D06,PW-1032,2026-03-09,719,3051.93
D06,PW-1032,2026-03-16,957,3939.3
D06,PW-1032,2026-03-23,620,2500.7
D06,PW-1032,2026-03-30,684,2712.8
D06,PW-1032,2026-04-06,695,2735.16
D06,PW-1032,2026-04-13,724,2998.2
D06,PW-1032,2026-04-20,646,2532.4
D06,PW-1032,2026-04-27,767,3037.75
D06,PW-1032,2026-05-04,962,3992.45
D06,PW-1032,2026-05-11,695,2848.45
D06,PW-1032,2026-05-18,707,2927.28
D06,PW-1032,2026-05-25,614,2503.02
D06,PW-1032,2026-06-01,558,2315.05
D06,PW-1032,2026-06-08,616,2573.21
D06,PW-1032,2026-06-15,587,2506.65
D06,PW-1032,2026-06-22,596,2339.59
D06,IS-1022,2024-01-01,186,2470.98
D06,IS-1022,2024-01-08,178,2421.29
D06,IS-1022,2024-01-15,146,1929.81
D06,IS-1022,2024-01-22,166,2347.33
D06,IS-1022,2024-01-29,204,2766.52
D06,IS-1022,2024-02-05,201,2850.23
D06,IS-1022,2024-02-12,182,2388.18
D06,IS-1022,2024-02-19,260,3445.46
D06,IS-1022,2024-02-26,190,2519.99
D06,IS-1022,2024-03-04,191,2669.31
D06,IS-1022,2024-03-11,176,2412.35
D06,IS-1022,2024-03-18,181,2564.46
D06,IS-1022,2024-03-25,203,2680.94
D06,IS-1022,2024-04-01,174,2485.35
D06,IS-1022,2024-04-08,214,2808.47
D06,IS-1022,2024-04-15,216,2953.06
D06,IS-1022,2024-04-22,158,2111.71
D06,IS-1022,2024-04-29,157,2187.52
D06,IS-1022,2024-05-06,190,2691.33
D06,IS-1022,2024-05-13,260,3562.77
D06,IS-1022,2024-05-20,264,3536.93
D06,IS-1022,2024-05-27,112,1503.74
D06,IS-1022,2024-06-03,209,2824.38
D06,IS-1022,2024-06-10,202,2789.45
D06,IS-1022,2024-06-17,175,2449.23
D06,IS-1022,2024-06-24,196,2585.59
D06,IS-1022,2024-07-01,181,2534.88
D06,IS-1022,2024-07-08,193,2685.3
D06,IS-1022,2024-07-15,194,2696.66
D06,IS-1022,2024-07-22,168,2383.09
D06,IS-1022,2024-07-29,190,2644.87
D06,IS-1022,2024-08-05,188,2552.05
D06,IS-1022,2024-08-12,215,2905.53
D06,IS-1022,2024-08-19,197,2762.4
D06,IS-1022,2024-08-26,214,2803.47
D06,IS-1022,2024-09-02,202,2663.63
D06,IS-1022,2024-09-09,230,3244.78
D06,IS-1022,2024-09-16,177,2546.36
D06,IS-1022,2024-09-23,210,2991.46
D06,IS-1022,2024-09-30,183,2619.57
D06,IS-1022,2024-10-07,226,3074.84
D06,IS-1022,2024-10-14,188,2573.11
D06,IS-1022,2024-10-21,153,2178.19
D06,IS-1022,2024-10-28,173,2465.07
D06,IS-1022,2024-11-04,169,2398.12
D06,IS-1022,2024-11-11,153,1985.31
D06,IS-1022,2024-11-18,160,2283.54
D06,IS-1022,2024-11-25,125,1641.71
D06,IS-1022,2024-12-02,156,2134.21
D06,IS-1022,2024-12-09,188,2688.54
D06,IS-1022,2024-12-16,185,2484.31
D06,IS-1022,2024-12-23,158,2247.71
D06,IS-1022,2024-12-30,180,2590.03
D06,IS-1022,2025-01-06,207,2779.1
D06,IS-1022,2025-01-13,154,2129.32
D06,IS-1022,2025-01-20,139,1979.41
D06,IS-1022,2025-01-27,174,2266.18
D06,IS-1022,2025-02-03,214,2879.25
D06,IS-1022,2025-02-10,213,2885.77
D06,IS-1022,2025-02-17,172,2247.64
D06,IS-1022,2025-02-24,200,2810.79
D06,IS-1022,2025-03-03,180,2482.06
D06,IS-1022,2025-03-10,245,3442.83
D06,IS-1022,2025-03-17,199,2632.68
D06,IS-1022,2025-03-24,146,2068.58
D06,IS-1022,2025-03-31,175,2530.54
D06,IS-1022,2025-04-07,189,2688.89
D06,IS-1022,2025-04-14,163,2188.91
D06,IS-1022,2025-04-21,197,2676.56
D06,IS-1022,2025-04-28,177,2397.3
D06,IS-1022,2025-05-05,211,2771.95
D06,IS-1022,2025-05-12,165,2275.98
D06,IS-1022,2025-05-19,185,2649.57
D06,IS-1022,2025-05-26,231,3207.81
D06,IS-1022,2025-06-02,196,2826.13
D06,IS-1022,2025-06-09,199,2730.58
D06,IS-1022,2025-06-16,167,2243.32
D06,IS-1022,2025-06-23,183,2447.07
D06,IS-1022,2025-06-30,176,2520.39
D06,IS-1022,2025-07-07,186,2636.75
D06,IS-1022,2025-07-14,269,3884.57
D06,IS-1022,2025-07-21,209,2839.29
D06,IS-1022,2025-07-28,195,2661.63
D06,IS-1022,2025-08-04,174,2406.35
D06,IS-1022,2025-08-11,169,2345.29
D06,IS-1022,2025-08-18,185,2570.23
D06,IS-1022,2025-08-25,196,2833.84
D06,IS-1022,2025-09-01,181,2547.62
D06,IS-1022,2025-09-08,160,2205.31
D06,IS-1022,2025-09-15,178,2568.43
D06,IS-1022,2025-09-22,193,2501.44
D06,IS-1022,2025-09-29,206,2714.49
D06,IS-1022,2025-10-06,200,2795.01
D06,IS-1022,2025-10-13,158,2086.99
D06,IS-1022,2025-10-20,112,1592.88
D06,IS-1022,2025-10-27,138,1802.34
D06,IS-1022,2025-11-03,137,1886.34
D06,IS-1022,2025-11-10,168,2391.32
D06,IS-1022,2025-11-17,140,1966.16
D06,IS-1022,2025-11-24,146,1980.71
D06,IS-1022,2025-12-01,153,2135.92
D06,IS-1022,2025-12-08,261,3434.58
D06,IS-1022,2025-12-15,205,2793.25
D06,IS-1022,2025-12-22,154,2174.67
D06,IS-1022,2025-12-29,215,2883.29
D06,IS-1022,2026-01-05,167,2410.38
D06,IS-1022,2026-01-12,148,2009.96
D06,IS-1022,2026-01-19,178,2405.19
D06,IS-1022,2026-01-26,146,1898.85
D06,IS-1022,2026-02-02,126,1744.73
D06,IS-1022,2026-02-09,125,1766.29
D06,IS-1022,2026-02-16,204,2711.78
D06,IS-1022,2026-02-23,171,2453.96
D06,IS-1022,2026-03-02,150,2144.47
D06,IS-1022,2026-03-09,188,2463.24
D06,IS-1022,2026-03-16,144,2061.94
D06,IS-1022,2026-03-23,155,2142.63
D06,IS-1022,2026-03-30,197,2638.96
D06,IS-1022,2026-04-06,247,3250.25
D06,IS-1022,2026-04-13,154,2161.69
D06,IS-1022,2026-04-20,160,2088.76
D06,IS-1022,2026-04-27,185,2460.32
D06,IS-1022,2026-05-04,211,2772.9
D06,IS-1022,2026-05-11,203,2706.93
D06,IS-1022,2026-05-18,181,2448.75
D06,IS-1022,2026-05-25,191,2667.17
D06,IS-1022,2026-06-01,202,2673.3
D06,IS-1022,2026-06-08,255,3630.45
D06,IS-1022,2026-06-15,224,3132.98
D06,IS-1022,2026-06-22,173,2288.86
D06,PM-1003,2024-01-01,1161,574.35
D06,PM-1003,2024-01-08,953,494.0
D06,PM-1003,2024-01-15,1252,608.44
D06,PM-1003,2024-01-22,969,512.81
D06,PM-1003,2024-01-29,1195,608.2
D06,PM-1003,2024-02-05,1466,731.69
D06,PM-1003,2024-02-12,1197,631.53
D06,PM-1003,2024-02-19,1298,671.19
D06,PM-1003,2024-02-26,939,486.13
D06,PM-1003,2024-03-04,1453,757.33
D06,PM-1003,2024-03-11,801,426.24
D06,PM-1003,2024-03-18,1571,779.83
D06,PM-1003,2024-03-25,1671,854.57
D06,PM-1003,2024-04-01,1181,564.32
D06,PM-1003,2024-04-08,1161,595.07
D06,PM-1003,2024-04-15,1228,638.33
D06,PM-1003,2024-04-22,1505,781.16
D06,PM-1003,2024-04-29,1004,527.18
D06,PM-1003,2024-05-06,1238,613.44
D06,PM-1003,2024-05-13,1352,653.54
D06,PM-1003,2024-05-20,1638,845.78
D06,PM-1003,2024-05-27,1114,532.24
D06,PM-1003,2024-06-03,1415,685.08
D06,PM-1003,2024-06-10,1348,702.89
D06,PM-1003,2024-06-17,1507,736.44
D06,PM-1003,2024-06-24,1489,780.22
D06,PM-1003,2024-07-01,1172,587.86
D06,PM-1003,2024-07-08,2036,1000.41
D06,PM-1003,2024-07-15,1604,802.78
D06,PM-1003,2024-07-22,1079,570.22
D06,PM-1003,2024-07-29,1135,555.24
D06,PM-1003,2024-08-05,1403,724.15
D06,PM-1003,2024-08-12,1157,570.82
D06,PM-1003,2024-08-19,1208,594.16
D06,PM-1003,2024-08-26,1583,818.2
D06,PM-1003,2024-09-02,1438,755.45
D06,PM-1003,2024-09-09,1139,595.95
D06,PM-1003,2024-09-16,1148,607.5
D06,PM-1003,2024-09-23,865,455.84
D06,PM-1003,2024-09-30,1247,601.7
D06,PM-1003,2024-10-07,838,430.54
D06,PM-1003,2024-10-14,980,520.78
D06,PM-1003,2024-10-21,947,457.37
D06,PM-1003,2024-10-28,1316,629.29
D06,PM-1003,2024-11-04,1178,563.88
D06,PM-1003,2024-11-11,1220,639.35
D06,PM-1003,2024-11-18,900,475.69
D06,PM-1003,2024-11-25,1343,699.98
D06,PM-1003,2024-12-02,1110,536.36
D06,PM-1003,2024-12-09,912,456.84
D06,PM-1003,2024-12-16,1037,549.43
D06,PM-1003,2024-12-23,1440,739.62
D06,PM-1003,2024-12-30,993,493.87
D06,PM-1003,2025-01-06,1174,610.02
D06,PM-1003,2025-01-13,1131,583.62
D06,PM-1003,2025-01-20,1018,533.71
D06,PM-1003,2025-01-27,1236,625.51
D06,PM-1003,2025-02-03,1230,596.45
D06,PM-1003,2025-02-10,1133,543.34
D06,PM-1003,2025-02-17,1136,591.09
D06,PM-1003,2025-02-24,1016,487.11
D06,PM-1003,2025-03-03,934,464.81
D06,PM-1003,2025-03-10,1362,713.27
D06,PM-1003,2025-03-17,1094,568.79
D06,PM-1003,2025-03-24,1311,642.53
D06,PM-1003,2025-03-31,1295,636.55
D06,PM-1003,2025-04-07,1264,640.64
D06,PM-1003,2025-04-14,1693,813.57
D06,PM-1003,2025-04-21,1035,505.14
D06,PM-1003,2025-04-28,1222,606.63
D06,PM-1003,2025-05-05,1271,617.27
D06,PM-1003,2025-05-12,1392,727.44
D06,PM-1003,2025-05-19,1265,660.83
D06,PM-1003,2025-05-26,1152,562.97
D06,PM-1003,2025-06-02,1045,503.99
D06,PM-1003,2025-06-09,1234,635.65
D06,PM-1003,2025-06-16,1078,545.21
D06,PM-1003,2025-06-23,1452,714.66
D06,PM-1003,2025-06-30,1045,514.93
D06,PM-1003,2025-07-07,1325,652.77
D06,PM-1003,2025-07-14,1609,802.17
D06,PM-1003,2025-07-21,1525,761.34
D06,PM-1003,2025-07-28,1316,696.63
D06,PM-1003,2025-08-04,1224,608.72
D06,PM-1003,2025-08-11,1413,674.03
D06,PM-1003,2025-08-18,1590,775.82
D06,PM-1003,2025-08-25,1055,511.58
D06,PM-1003,2025-09-01,981,486.34
D06,PM-1003,2025-09-08,1024,535.42
D06,PM-1003,2025-09-15,1101,548.18
D06,PM-1003,2025-09-22,1133,556.07
D06,PM-1003,2025-09-29,1514,724.73
D06,PM-1003,2025-10-06,1187,626.92
D06,PM-1003,2025-10-13,1069,566.08
D06,PM-1003,2025-10-20,1459,709.82
D06,PM-1003,2025-10-27,1102,559.68
D06,PM-1003,2025-11-03,1280,667.37
D06,PM-1003,2025-11-10,969,515.16
D06,PM-1003,2025-11-17,1338,679.39
D06,PM-1003,2025-11-24,1071,536.59
D06,PM-1003,2025-12-01,1057,557.86
D06,PM-1003,2025-12-08,838,414.05
D06,PM-1003,2025-12-15,1009,493.03
D06,PM-1003,2025-12-22,905,449.72
D06,PM-1003,2025-12-29,1140,551.55
D06,PM-1003,2026-01-05,959,462.05
D06,PM-1003,2026-01-12,870,448.86
D06,PM-1003,2026-01-19,1230,597.98
D06,PM-1003,2026-01-26,1014,490.68
D06,PM-1003,2026-02-02,1014,527.41
D06,PM-1003,2026-02-09,1690,889.37
D06,PM-1003,2026-02-16,1056,515.16
D06,PM-1003,2026-02-23,1363,718.55
D06,PM-1003,2026-03-02,990,492.51
D06,PM-1003,2026-03-09,1252,646.77
D06,PM-1003,2026-03-16,1323,685.57
D06,PM-1003,2026-03-23,931,464.06
D06,PM-1003,2026-03-30,1009,523.37
D06,PM-1003,2026-04-06,1485,725.45
D06,PM-1003,2026-04-13,1175,603.83
D06,PM-1003,2026-04-20,1275,609.21
D06,PM-1003,2026-04-27,1491,774.43
D06,PM-1003,2026-05-04,1552,818.92
D06,PM-1003,2026-05-11,1167,580.93
D06,PM-1003,2026-05-18,1283,654.55
D06,PM-1003,2026-05-25,1193,634.51
D06,PM-1003,2026-06-01,1254,643.6
D06,PM-1003,2026-06-08,1176,618.98
D06,PM-1003,2026-06-15,1212,624.91
D06,PM-1003,2026-06-22,1737,837.41
D06,PW-1033,2024-01-01,515,2233.02
D06,PW-1033,2024-01-08,490,2233.48
D06,PW-1033,2024-01-15,454,2008.7
D06,PW-1033,2024-01-22,423,1861.2
D06,PW-1033,2024-01-29,425,1849.72
D06,PW-1033,2024-02-05,414,1795.36
D06,PW-1033,2024-02-12,450,1936.21
D06,PW-1033,2024-02-19,513,2162.84
D06,PW-1033,2024-02-26,512,2214.68
D06,PW-1033,2024-03-04,451,1935.18
D06,PW-1033,2024-03-11,414,1787.97
D06,PW-1033,2024-03-18,640,2941.95
D06,PW-1033,2024-03-25,482,2050.22
D06,PW-1033,2024-04-01,454,2083.37
D06,PW-1033,2024-04-08,541,2361.98
D06,PW-1033,2024-04-15,503,2133.05
D06,PW-1033,2024-04-22,645,2757.21
D06,PW-1033,2024-04-29,486,2179.05
D06,PW-1033,2024-05-06,462,2012.69
D06,PW-1033,2024-05-13,546,2320.42
D06,PW-1033,2024-05-20,541,2357.9
D06,PW-1033,2024-05-27,506,2138.29
D06,PW-1033,2024-06-03,522,2237.4
D06,PW-1033,2024-06-10,605,2739.81
D06,PW-1033,2024-06-17,668,2898.57
D06,PW-1033,2024-06-24,464,2105.4
D06,PW-1033,2024-07-01,538,2434.35
D06,PW-1033,2024-07-08,615,2691.51
D06,PW-1033,2024-07-15,643,2696.64
D06,PW-1033,2024-07-22,668,2943.66
D06,PW-1033,2024-07-29,451,1983.83
D06,PW-1033,2024-08-05,530,2253.47
D06,PW-1033,2024-08-12,577,2556.16
D06,PW-1033,2024-08-19,460,1971.1
D06,PW-1033,2024-08-26,540,2429.65
D06,PW-1033,2024-09-02,414,1775.48
D06,PW-1033,2024-09-09,455,2005.99
D06,PW-1033,2024-09-16,407,1691.9
D06,PW-1033,2024-09-23,467,1983.14
D06,PW-1033,2024-09-30,343,1557.19
D06,PW-1033,2024-10-07,577,2628.4
D06,PW-1033,2024-10-14,527,2207.2
D06,PW-1033,2024-10-21,495,2094.19
D06,PW-1033,2024-10-28,429,1774.4
D06,PW-1033,2024-11-04,364,1563.52
D06,PW-1033,2024-11-11,526,2361.48
D06,PW-1033,2024-11-18,427,1857.96
D06,PW-1033,2024-11-25,481,2023.18
D06,PW-1033,2024-12-02,555,2337.3
D06,PW-1033,2024-12-09,381,1643.96
D06,PW-1033,2024-12-16,506,2101.48
D06,PW-1033,2024-12-23,500,2116.37
D06,PW-1033,2024-12-30,855,3817.48
D06,PW-1033,2025-01-06,466,1934.2
D06,PW-1033,2025-01-13,371,1688.99
D06,PW-1033,2025-01-20,466,1942.36
D06,PW-1033,2025-01-27,401,1768.68
D06,PW-1033,2025-02-03,644,2936.41
D06,PW-1033,2025-02-10,672,3055.2
D06,PW-1033,2025-02-17,515,2209.77
D06,PW-1033,2025-02-24,586,2587.84
D06,PW-1033,2025-03-03,564,2507.09
D06,PW-1033,2025-03-10,539,2236.9
D06,PW-1033,2025-03-17,462,1934.27
D06,PW-1033,2025-03-24,623,2713.13
D06,PW-1033,2025-03-31,588,2546.12
D06,PW-1033,2025-04-07,837,3812.24
D06,PW-1033,2025-04-14,579,2434.87
D06,PW-1033,2025-04-21,632,2902.37
D06,PW-1033,2025-04-28,612,2568.64
D06,PW-1033,2025-05-05,555,2400.06
D06,PW-1033,2025-05-12,619,2672.25
D06,PW-1033,2025-05-19,589,2684.13
D06,PW-1033,2025-05-26,506,2231.92
D06,PW-1033,2025-06-02,715,3025.28
D06,PW-1033,2025-06-09,562,2354.42
D06,PW-1033,2025-06-16,693,2889.88
D06,PW-1033,2025-06-23,614,2555.31
D06,PW-1033,2025-06-30,647,2910.32
D06,PW-1033,2025-07-07,626,2743.38
D06,PW-1033,2025-07-14,754,3452.87
D06,PW-1033,2025-07-21,737,3045.19
D06,PW-1033,2025-07-28,610,2800.49
D06,PW-1033,2025-08-04,691,3034.28
D06,PW-1033,2025-08-11,606,2658.51
D06,PW-1033,2025-08-18,623,2747.77
D06,PW-1033,2025-08-25,792,3517.98
D06,PW-1033,2025-09-01,567,2375.92
D06,PW-1033,2025-09-08,676,3032.22
D06,PW-1033,2025-09-15,620,2839.03
D06,PW-1033,2025-09-22,565,2497.17
D06,PW-1033,2025-09-29,587,2579.93
D06,PW-1033,2025-10-06,583,2601.21
D06,PW-1033,2025-10-13,580,2422.57
D06,PW-1033,2025-10-20,587,2527.88
D06,PW-1033,2025-10-27,565,2576.54
D06,PW-1033,2025-11-03,578,2505.36
D06,PW-1033,2025-11-10,635,2906.26
D06,PW-1033,2025-11-17,637,2772.19
D06,PW-1033,2025-11-24,599,2542.23
D06,PW-1033,2025-12-01,706,3127.71
D06,PW-1033,2025-12-08,520,2314.83
D06,PW-1033,2025-12-15,464,2088.93
D06,PW-1033,2025-12-22,556,2441.77
D06,PW-1033,2025-12-29,498,2293.82
D06,PW-1033,2026-01-05,674,2940.83
D06,PW-1033,2026-01-12,373,1696.26
D06,PW-1033,2026-01-19,520,2253.46
D06,PW-1033,2026-01-26,431,1872.29
D06,PW-1033,2026-02-02,589,2625.94
D06,PW-1033,2026-02-09,488,2018.44
D06,PW-1033,2026-02-16,589,2510.17
D06,PW-1033,2026-02-23,746,3266.65
D06,PW-1033,2026-03-02,589,2661.6
D06,PW-1033,2026-03-09,708,3103.1
D06,PW-1033,2026-03-16,719,3006.61
D06,PW-1033,2026-03-23,707,3163.97
D06,PW-1033,2026-03-30,483,2062.1
D06,PW-1033,2026-04-06,782,3364.48
D06,PW-1033,2026-04-13,610,2612.05
D06,PW-1033,2026-04-20,704,3037.57
D06,PW-1033,2026-04-27,666,2919.92
D06,PW-1033,2026-05-04,580,2501.96
D06,PW-1033,2026-05-11,571,2611.15
D06,PW-1033,2026-05-18,932,4018.97
D06,PW-1033,2026-05-25,566,2387.21
D06,PW-1033,2026-06-01,668,2883.2
D06,PW-1033,2026-06-08,883,3671.42
D06,PW-1033,2026-06-15,617,2807.03
D06,PW-1033,2026-06-22,834,3805.51
