distributor_id,part_number,snapshot_week,units_on_hand
D01,SC-1019,2024-01-01,3159
D01,SC-1019,2024-01-08,3215
D01,SC-1019,2024-01-15,3047
D01,SC-1019,2024-01-22,2920
D01,SC-1019,2024-01-29,2618
D01,SC-1019,2024-02-05,2890
D01,SC-1019,2024-02-12,2710
D01,SC-1019,2024-02-19,2964
D01,SC-1019,2024-02-26,3101
D01,SC-1019,2024-03-04,3100
D01,SC-1019,2024-03-11,3078
D01,SC-1019,2024-03-18,3121
D01,SC-1019,2024-03-25,3152
D01,SC-1019,2024-04-01,3174
D01,SC-1019,2024-04-08,2879
D01,SC-1019,2024-04-15,2810
D01,SC-1019,2024-04-22,3104
D01,SC-1019,2024-04-29,2769
D01,SC-1019,2024-05-06,2634
D01,SC-1019,2024-05-13,2591
D01,SC-1019,2024-05-20,2885
D01,SC-1019,2024-05-27,2567
D01,SC-1019,2024-06-03,2510
D01,SC-1019,2024-06-10,2340
D01,SC-1019,2024-06-17,2238
D01,SC-1019,2024-06-24,2217
D01,SC-1019,2024-07-01,2330
D01,SC-1019,2024-07-08,2383
D01,SC-1019,2024-07-15,2448
D01,SC-1019,2024-07-22,2659
D01,SC-1019,2024-07-29,2662
D01,SC-1019,2024-08-05,2490
D01,SC-1019,2024-08-12,2301
D01,SC-1019,2024-08-19,2023
D01,SC-1019,2024-08-26,1810
D01,SC-1019,2024-09-02,1801
D01,SC-1019,2024-09-09,1755
D01,SC-1019,2024-09-16,1900
D01,SC-1019,2024-09-23,2386
D01,SC-1019,2024-09-30,2023
D01,SC-1019,2024-10-07,3194
D01,SC-1019,2024-10-14,3249
D01,SC-1019,2024-10-21,3483
D01,SC-1019,2024-10-28,3204
D01,SC-1019,2024-11-04,3216
D01,SC-1019,2024-11-11,3854
D01,SC-1019,2024-11-18,3555
D01,SC-1019,2024-11-25,3581
D01,SC-1019,2024-12-02,3602
D01,SC-1019,2024-12-09,3622
D01,SC-1019,2024-12-16,3338
D01,SC-1019,2024-12-23,3659
D01,SC-1019,2024-12-30,3658
D01,SC-1019,2025-01-06,3488
D01,SC-1019,2025-01-13,3735
D01,SC-1019,2025-01-20,3950
D01,SC-1019,2025-01-27,3588
D01,SC-1019,2025-02-03,3247
D01,SC-1019,2025-02-10,3577
D01,SC-1019,2025-02-17,3703
D01,SC-1019,2025-02-24,4107
D01,SC-1019,2025-03-03,4215
D01,SC-1019,2025-03-10,4048
D01,SC-1019,2025-03-17,4036
D01,SC-1019,2025-03-24,3694
D01,SC-1019,2025-03-31,3718
D01,SC-1019,2025-04-07,3347
D01,SC-1019,2025-04-14,3091
D01,SC-1019,2025-04-21,2732
D01,SC-1019,2025-04-28,2453
D01,SC-1019,2025-05-05,2305
D01,SC-1019,2025-05-12,1878
D01,SC-1019,2025-05-19,1363
D01,SC-1019,2025-05-26,1518
D01,SC-1019,2025-06-02,1810
D01,SC-1019,2025-06-09,1402
D01,SC-1019,2025-06-16,2683
D01,SC-1019,2025-06-23,2701
D01,SC-1019,2025-06-30,3654
D01,SC-1019,2025-07-07,3343
D01,SC-1019,2025-07-14,3800
D01,SC-1019,2025-07-21,3678
D01,SC-1019,2025-07-28,3696
D01,SC-1019,2025-08-04,3330
D01,SC-1019,2025-08-11,2998
D01,SC-1019,2025-08-18,3147
D01,SC-1019,2025-08-25,3295
D01,SC-1019,2025-09-01,3024
D01,SC-1019,2025-09-08,2960
D01,SC-1019,2025-09-15,3041
D01,SC-1019,2025-09-22,3355
D01,SC-1019,2025-09-29,3125
D01,SC-1019,2025-10-06,4043
D01,SC-1019,2025-10-13,4302
D01,SC-1019,2025-10-20,4930
D01,SC-1019,2025-10-27,4673
D01,SC-1019,2025-11-03,4404
D01,SC-1019,2025-11-10,4094
D01,SC-1019,2025-11-17,4184
D01,SC-1019,2025-11-24,4801
D01,SC-1019,2025-12-01,4510
D01,SC-1019,2025-12-08,4250
D01,SC-1019,2025-12-15,3946
D01,SC-1019,2025-12-22,3699
D01,SC-1019,2025-12-29,3500
D01,SC-1019,2026-01-05,4656
D01,SC-1019,2026-01-12,5002
D01,SC-1019,2026-01-19,5095
D01,SC-1019,2026-01-26,5115
D01,SC-1019,2026-02-02,4892
D01,SC-1019,2026-02-09,4598
D01,SC-1019,2026-02-16,4398
D01,SC-1019,2026-02-23,4191
D01,SC-1019,2026-03-02,3931
D01,SC-1019,2026-03-09,3708
D01,SC-1019,2026-03-16,3471
D01,SC-1019,2026-03-23,3240
D01,SC-1019,2026-03-30,2992
D01,SC-1019,2026-04-06,2700
D01,SC-1019,2026-04-13,2461
D01,SC-1019,2026-04-20,2199
D01,SC-1019,2026-04-27,2024
D01,SC-1019,2026-05-04,1785
D01,SC-1019,2026-05-11,1872
D01,SC-1019,2026-05-18,1820
D01,SC-1019,2026-05-25,1607
D01,SC-1019,2026-06-01,1375
D01,SC-1019,2026-06-08,1646
D01,SC-1019,2026-06-15,1796
D01,SC-1019,2026-06-22,1802
D01,PW-1035,2024-01-01,14886
D01,PW-1035,2024-01-08,15195
D01,PW-1035,2024-01-15,15352
D01,PW-1035,2024-01-22,15572
D01,PW-1035,2024-01-29,15807
D01,PW-1035,2024-02-05,15916
D01,PW-1035,2024-02-12,15587
D01,PW-1035,2024-02-19,15120
D01,PW-1035,2024-02-26,15185
D01,PW-1035,2024-03-04,14652
D01,PW-1035,2024-03-11,13849
D01,PW-1035,2024-03-18,13316
D01,PW-1035,2024-03-25,12507
D01,PW-1035,2024-04-01,11128
D01,PW-1035,2024-04-08,10172
D01,PW-1035,2024-04-15,11045
D01,PW-1035,2024-04-22,9676
D01,PW-1035,2024-04-29,9184
D01,PW-1035,2024-05-06,10000
D01,PW-1035,2024-05-13,11657
D01,PW-1035,2024-05-20,10585
D01,PW-1035,2024-05-27,12887
D01,PW-1035,2024-06-03,13423
D01,PW-1035,2024-06-10,11641
D01,PW-1035,2024-06-17,16425
D01,PW-1035,2024-06-24,16874
D01,PW-1035,2024-07-01,16301
D01,PW-1035,2024-07-08,19524
D01,PW-1035,2024-07-15,20642
D01,PW-1035,2024-07-22,19178
D01,PW-1035,2024-07-29,20818
D01,PW-1035,2024-08-05,19404
D01,PW-1035,2024-08-12,19214
D01,PW-1035,2024-08-19,20720
D01,PW-1035,2024-08-26,20855
D01,PW-1035,2024-09-02,19520
D01,PW-1035,2024-09-09,18245
D01,PW-1035,2024-09-16,19272
D01,PW-1035,2024-09-23,19687
D01,PW-1035,2024-09-30,18536
D01,PW-1035,2024-10-07,19935
D01,PW-1035,2024-10-14,18195
D01,PW-1035,2024-10-21,17128
D01,PW-1035,2024-10-28,17217
D01,PW-1035,2024-11-04,17822
D01,PW-1035,2024-11-11,16794
D01,PW-1035,2024-11-18,15317
D01,PW-1035,2024-11-25,15316
D01,PW-1035,2024-12-02,14298
D01,PW-1035,2024-12-09,16220
D01,PW-1035,2024-12-16,16706
D01,PW-1035,2024-12-23,17157
D01,PW-1035,2024-12-30,16113
D01,PW-1035,2025-01-06,17296
D01,PW-1035,2025-01-13,16413
D01,PW-1035,2025-01-20,15264
D01,PW-1035,2025-01-27,13773
D01,PW-1035,2025-02-03,14420
D01,PW-1035,2025-02-10,14414
D01,PW-1035,2025-02-17,13966
D01,PW-1035,2025-02-24,14441
D01,PW-1035,2025-03-03,13863
D01,PW-1035,2025-03-10,14657
D01,PW-1035,2025-03-17,14519
D01,PW-1035,2025-03-24,14238
D01,PW-1035,2025-03-31,13404
D01,PW-1035,2025-04-07,13847
D01,PW-1035,2025-04-14,13675
D01,PW-1035,2025-04-21,12241
D01,PW-1035,2025-04-28,10311
D01,PW-1035,2025-05-05,11200
D01,PW-1035,2025-05-12,10145
D01,PW-1035,2025-05-19,10041
D01,PW-1035,2025-05-26,10594
D01,PW-1035,2025-06-02,10548
D01,PW-1035,2025-06-09,9737
D01,PW-1035,2025-06-16,11689
D01,PW-1035,2025-06-23,12794
D01,PW-1035,2025-06-30,13449
D01,PW-1035,2025-07-07,13529
D01,PW-1035,2025-07-14,12800
D01,PW-1035,2025-07-21,15282
D01,PW-1035,2025-07-28,15848
D01,PW-1035,2025-08-04,15967
D01,PW-1035,2025-08-11,15545
D01,PW-1035,2025-08-18,13295
D01,PW-1035,2025-08-25,18596
D01,PW-1035,2025-09-01,19404
D01,PW-1035,2025-09-08,19817
D01,PW-1035,2025-09-15,20140
D01,PW-1035,2025-09-22,19359
D01,PW-1035,2025-09-29,18847
D01,PW-1035,2025-10-06,18270
D01,PW-1035,2025-10-13,19607
D01,PW-1035,2025-10-20,17359
D01,PW-1035,2025-10-27,16966
D01,PW-1035,2025-11-03,18931
D01,PW-1035,2025-11-10,20567
D01,PW-1035,2025-11-17,22881
D01,PW-1035,2025-11-24,24965
D01,PW-1035,2025-12-01,23185
D01,PW-1035,2025-12-08,21452
D01,PW-1035,2025-12-15,20314
D01,PW-1035,2025-12-22,19310
D01,PW-1035,2025-12-29,17471
D01,PW-1035,2026-01-05,16047
D01,PW-1035,2026-01-12,16114
D01,PW-1035,2026-01-19,15635
D01,PW-1035,2026-01-26,16661
D01,PW-1035,2026-02-02,16355
D01,PW-1035,2026-02-09,16335
D01,PW-1035,2026-02-16,15911
D01,PW-1035,2026-02-23,15997
D01,PW-1035,2026-03-02,17089
D01,PW-1035,2026-03-09,17087
D01,PW-1035,2026-03-16,17121
D01,PW-1035,2026-03-23,17904
D01,PW-1035,2026-03-30,16881
D01,PW-1035,2026-04-06,17265
D01,PW-1035,2026-04-13,18761
D01,PW-1035,2026-04-20,19159
D01,PW-1035,2026-04-27,18281
D01,PW-1035,2026-05-04,18356
D01,PW-1035,2026-05-11,18802
D01,PW-1035,2026-05-18,19573
D01,PW-1035,2026-05-25,20939
D01,PW-1035,2026-06-01,19843
D01,PW-1035,2026-06-08,18807
D01,PW-1035,2026-06-15,16639
D01,PW-1035,2026-06-22,15790
D01,SC-1016,2024-01-01,6282
D01,SC-1016,2024-01-08,6255
D01,SC-1016,2024-01-15,5951
D01,SC-1016,2024-01-22,6100
D01,SC-1016,2024-01-29,6073
D01,SC-1016,2024-02-05,6135
D01,SC-1016,2024-02-12,6068
D01,SC-1016,2024-02-19,6045
D01,SC-1016,2024-02-26,5941
D01,SC-1016,2024-03-04,5782
D01,SC-1016,2024-03-11,5719
D01,SC-1016,2024-03-18,5544
D01,SC-1016,2024-03-25,5678
D01,SC-1016,2024-04-01,5427
D01,SC-1016,2024-04-08,5309
D01,SC-1016,2024-04-15,4851
D01,SC-1016,2024-04-22,4872
D01,SC-1016,2024-04-29,5103
D01,SC-1016,2024-05-06,4979
D01,SC-1016,2024-05-13,4616
D01,SC-1016,2024-05-20,4415
D01,SC-1016,2024-05-27,4213
D01,SC-1016,2024-06-03,5855
D01,SC-1016,2024-06-10,5008
D01,SC-1016,2024-06-17,4774
D01,SC-1016,2024-06-24,4161
D01,SC-1016,2024-07-01,4171
D01,SC-1016,2024-07-08,4028
D01,SC-1016,2024-07-15,4666
D01,SC-1016,2024-07-22,5708
D01,SC-1016,2024-07-29,5124
D01,SC-1016,2024-08-05,6139
D01,SC-1016,2024-08-12,5427
D01,SC-1016,2024-08-19,5667
D01,SC-1016,2024-08-26,5868
D01,SC-1016,2024-09-02,6925
D01,SC-1016,2024-09-09,6967
D01,SC-1016,2024-09-16,6114
D01,SC-1016,2024-09-23,6405
D01,SC-1016,2024-09-30,6248
D01,SC-1016,2024-10-07,6630
D01,SC-1016,2024-10-14,7685
D01,SC-1016,2024-10-21,6958
D01,SC-1016,2024-10-28,7384
D01,SC-1016,2024-11-04,7921
D01,SC-1016,2024-11-11,8328
D01,SC-1016,2024-11-18,7407
D01,SC-1016,2024-11-25,7931
D01,SC-1016,2024-12-02,7261
D01,SC-1016,2024-12-09,6617
D01,SC-1016,2024-12-16,6498
D01,SC-1016,2024-12-23,6178
D01,SC-1016,2024-12-30,5462
D01,SC-1016,2025-01-06,5413
D01,SC-1016,2025-01-13,5779
D01,SC-1016,2025-01-20,6638
D01,SC-1016,2025-01-27,7129
D01,SC-1016,2025-02-03,7607
D01,SC-1016,2025-02-10,8257
D01,SC-1016,2025-02-17,7810
D01,SC-1016,2025-02-24,7382
D01,SC-1016,2025-03-03,6782
D01,SC-1016,2025-03-10,6085
D01,SC-1016,2025-03-17,5557
D01,SC-1016,2025-03-24,5995
D01,SC-1016,2025-03-31,5325
D01,SC-1016,2025-04-07,6426
D01,SC-1016,2025-04-14,5971
D01,SC-1016,2025-04-21,5605
D01,SC-1016,2025-04-28,6797
D01,SC-1016,2025-05-05,7479
D01,SC-1016,2025-05-12,7540
D01,SC-1016,2025-05-19,7049
D01,SC-1016,2025-05-26,6853
D01,SC-1016,2025-06-02,6004
D01,SC-1016,2025-06-09,5712
D01,SC-1016,2025-06-16,6056
D01,SC-1016,2025-06-23,5366
D01,SC-1016,2025-06-30,4655
D01,SC-1016,2025-07-07,5342
D01,SC-1016,2025-07-14,5598
D01,SC-1016,2025-07-21,4909
D01,SC-1016,2025-07-28,5813
D01,SC-1016,2025-08-04,5114
D01,SC-1016,2025-08-11,4635
D01,SC-1016,2025-08-18,4006
D01,SC-1016,2025-08-25,3498
D01,SC-1016,2025-09-01,2950
D01,SC-1016,2025-09-08,3256
D01,SC-1016,2025-09-15,6953
D01,SC-1016,2025-09-22,6672
D01,SC-1016,2025-09-29,5938
D01,SC-1016,2025-10-06,6531
D01,SC-1016,2025-10-13,7326
D01,SC-1016,2025-10-20,7663
D01,SC-1016,2025-10-27,9908
D01,SC-1016,2025-11-03,9440
D01,SC-1016,2025-11-10,9083
D01,SC-1016,2025-11-17,10785
D01,SC-1016,2025-11-24,10552
D01,SC-1016,2025-12-01,10133
D01,SC-1016,2025-12-08,9642
D01,SC-1016,2025-12-15,9553
D01,SC-1016,2025-12-22,10463
D01,SC-1016,2025-12-29,9945
D01,SC-1016,2026-01-05,9560
D01,SC-1016,2026-01-12,9010
D01,SC-1016,2026-01-19,8630
D01,SC-1016,2026-01-26,8206
D01,SC-1016,2026-02-02,7583
D01,SC-1016,2026-02-09,7029
D01,SC-1016,2026-02-16,7505
D01,SC-1016,2026-02-23,7099
D01,SC-1016,2026-03-02,6666
D01,SC-1016,2026-03-09,7193
D01,SC-1016,2026-03-16,6722
D01,SC-1016,2026-03-23,6260
D01,SC-1016,2026-03-30,5795
D01,SC-1016,2026-04-06,5792
D01,SC-1016,2026-04-13,5416
D01,SC-1016,2026-04-20,4981
D01,SC-1016,2026-04-27,4438
D01,SC-1016,2026-05-04,4351
D01,SC-1016,2026-05-11,3886
D01,SC-1016,2026-05-18,3462
D01,SC-1016,2026-05-25,3123
D01,SC-1016,2026-06-01,2968
D01,SC-1016,2026-06-08,2617
D01,SC-1016,2026-06-15,3097
D01,SC-1016,2026-06-22,3052
D01,PW-1032,2024-01-01,11632
D01,PW-1032,2024-01-08,12963
D01,PW-1032,2024-01-15,12692
D01,PW-1032,2024-01-22,12797
D01,PW-1032,2024-01-29,13202
D01,PW-1032,2024-02-05,11874
D01,PW-1032,2024-02-12,12754
D01,PW-1032,2024-02-19,12738
D01,PW-1032,2024-02-26,13233
D01,PW-1032,2024-03-04,11998
D01,PW-1032,2024-03-11,11782
D01,PW-1032,2024-03-18,11486
D01,PW-1032,2024-03-25,12503
D01,PW-1032,2024-04-01,12512
D01,PW-1032,2024-04-08,13521
D01,PW-1032,2024-04-15,13192
D01,PW-1032,2024-04-22,11659
D01,PW-1032,2024-04-29,11005
D01,PW-1032,2024-05-06,10356
D01,PW-1032,2024-05-13,10549
D01,PW-1032,2024-05-20,10465
D01,PW-1032,2024-05-27,10848
D01,PW-1032,2024-06-03,10593
D01,PW-1032,2024-06-10,10082
D01,PW-1032,2024-06-17,10120
D01,PW-1032,2024-06-24,10770
D01,PW-1032,2024-07-01,11868
D01,PW-1032,2024-07-08,11312
D01,PW-1032,2024-07-15,11995
D01,PW-1032,2024-07-22,13408
D01,PW-1032,2024-07-29,11760
D01,PW-1032,2024-08-05,11284
D01,PW-1032,2024-08-12,12768
D01,PW-1032,2024-08-19,12791
D01,PW-1032,2024-08-26,13958
D01,PW-1032,2024-09-02,12521
D01,PW-1032,2024-09-09,11476
D01,PW-1032,2024-09-16,12526
D01,PW-1032,2024-09-23,13036
D01,PW-1032,2024-09-30,13870
D01,PW-1032,2024-10-07,13693
D01,PW-1032,2024-10-14,14674
D01,PW-1032,2024-10-21,15621
D01,PW-1032,2024-10-28,16086
D01,PW-1032,2024-11-04,16000
D01,PW-1032,2024-11-11,15596
D01,PW-1032,2024-11-18,14677
D01,PW-1032,2024-11-25,15018
D01,PW-1032,2024-12-02,14862
D01,PW-1032,2024-12-09,13889
D01,PW-1032,2024-12-16,12654
D01,PW-1032,2024-12-23,11272
D01,PW-1032,2024-12-30,12804
D01,PW-1032,2025-01-06,11976
D01,PW-1032,2025-01-13,11415
D01,PW-1032,2025-01-20,10594
D01,PW-1032,2025-01-27,11615
D01,PW-1032,2025-02-03,12766
D01,PW-1032,2025-02-10,11969
D01,PW-1032,2025-02-17,13120
D01,PW-1032,2025-02-24,11489
D01,PW-1032,2025-03-03,10276
D01,PW-1032,2025-03-10,10075
D01,PW-1032,2025-03-17,10681
D01,PW-1032,2025-03-24,9414
D01,PW-1032,2025-03-31,10139
D01,PW-1032,2025-04-07,11083
D01,PW-1032,2025-04-14,12333
D01,PW-1032,2025-04-21,13092
D01,PW-1032,2025-04-28,12792
D01,PW-1032,2025-05-05,14360
D01,PW-1032,2025-05-12,13016
D01,PW-1032,2025-05-19,14770
D01,PW-1032,2025-05-26,13995
D01,PW-1032,2025-06-02,12668
D01,PW-1032,2025-06-09,11426
D01,PW-1032,2025-06-16,11451
D01,PW-1032,2025-06-23,10677
D01,PW-1032,2025-06-30,9642
D01,PW-1032,2025-07-07,8188
D01,PW-1032,2025-07-14,7710
D01,PW-1032,2025-07-21,8513
D01,PW-1032,2025-07-28,13138
D01,PW-1032,2025-08-04,12932
D01,PW-1032,2025-08-11,14372
D01,PW-1032,2025-08-18,15848
D01,PW-1032,2025-08-25,18962
D01,PW-1032,2025-09-01,18571
D01,PW-1032,2025-09-08,18950
D01,PW-1032,2025-09-15,19974
D01,PW-1032,2025-09-22,20767
D01,PW-1032,2025-09-29,21092
D01,PW-1032,2025-10-06,20632
D01,PW-1032,2025-10-13,20838
D01,PW-1032,2025-10-20,19567
D01,PW-1032,2025-10-27,18487
D01,PW-1032,2025-11-03,18514
D01,PW-1032,2025-11-10,18709
D01,PW-1032,2025-11-17,17551
D01,PW-1032,2025-11-24,16492
D01,PW-1032,2025-12-01,15429
D01,PW-1032,2025-12-08,13955
D01,PW-1032,2025-12-15,13169
D01,PW-1032,2025-12-22,13188
D01,PW-1032,2025-12-29,12012
D01,PW-1032,2026-01-05,10960
D01,PW-1032,2026-01-12,10478
D01,PW-1032,2026-01-19,10604
D01,PW-1032,2026-01-26,12454
D01,PW-1032,2026-02-02,13017
D01,PW-1032,2026-02-09,13712
D01,PW-1032,2026-02-16,13156
D01,PW-1032,2026-02-23,13392
D01,PW-1032,2026-03-02,13625
D01,PW-1032,2026-03-09,14344
D01,PW-1032,2026-03-16,13744
D01,PW-1032,2026-03-23,12686
D01,PW-1032,2026-03-30,10708
D01,PW-1032,2026-04-06,10333
D01,PW-1032,2026-04-13,10979
D01,PW-1032,2026-04-20,11239
D01,PW-1032,2026-04-27,12367
D01,PW-1032,2026-05-04,11618
D01,PW-1032,2026-05-11,12126
D01,PW-1032,2026-05-18,11507
D01,PW-1032,2026-05-25,9831
D01,PW-1032,2026-06-01,13098
D01,PW-1032,2026-06-08,13018
D01,PW-1032,2026-06-15,12701
D01,PW-1032,2026-06-22,13084
D01,SC-1018,2024-01-01,2601
D01,SC-1018,2024-01-08,2601
D01,SC-1018,2024-01-15,2622
D01,SC-1018,2024-01-22,2512
D01,SC-1018,2024-01-29,2480
D01,SC-1018,2024-02-05,2483
D01,SC-1018,2024-02-12,2501
D01,SC-1018,2024-02-19,2484
D01,SC-1018,2024-02-26,2461
D01,SC-1018,2024-03-04,2380
D01,SC-1018,2024-03-11,2344
D01,SC-1018,2024-03-18,2328
D01,SC-1018,2024-03-25,2426
D01,SC-1018,2024-04-01,2327
D01,SC-1018,2024-04-08,2055
D01,SC-1018,2024-04-15,2030
D01,SC-1018,2024-04-22,2148
D01,SC-1018,2024-04-29,2235
D01,SC-1018,2024-05-06,2192
D01,SC-1018,2024-05-13,2119
D01,SC-1018,2024-05-20,2093
D01,SC-1018,2024-05-27,1960
D01,SC-1018,2024-06-03,1834
D01,SC-1018,2024-06-10,1764
D01,SC-1018,2024-06-17,1846
D01,SC-1018,2024-06-24,1767
D01,SC-1018,2024-07-01,2150
D01,SC-1018,2024-07-08,2194
D01,SC-1018,2024-07-15,2235
D01,SC-1018,2024-07-22,2046
D01,SC-1018,2024-07-29,2194
D01,SC-1018,2024-08-05,2039
D01,SC-1018,2024-08-12,1849
D01,SC-1018,2024-08-19,1768
D01,SC-1018,2024-08-26,2328
D01,SC-1018,2024-09-02,2423
D01,SC-1018,2024-09-09,2199
D01,SC-1018,2024-09-16,2288
D01,SC-1018,2024-09-23,2336
D01,SC-1018,2024-09-30,2105
D01,SC-1018,2024-10-07,2996
D01,SC-1018,2024-10-14,3333
D01,SC-1018,2024-10-21,3017
D01,SC-1018,2024-10-28,2985
D01,SC-1018,2024-11-04,3140
D01,SC-1018,2024-11-11,3236
D01,SC-1018,2024-11-18,3118
D01,SC-1018,2024-11-25,2938
D01,SC-1018,2024-12-02,3159
D01,SC-1018,2024-12-09,3108
D01,SC-1018,2024-12-16,3469
D01,SC-1018,2024-12-23,3628
D01,SC-1018,2024-12-30,3345
D01,SC-1018,2025-01-06,3654
D01,SC-1018,2025-01-13,4063
D01,SC-1018,2025-01-20,4226
D01,SC-1018,2025-01-27,4077
D01,SC-1018,2025-02-03,3993
D01,SC-1018,2025-02-10,3712
D01,SC-1018,2025-02-17,3342
D01,SC-1018,2025-02-24,3042
D01,SC-1018,2025-03-03,3067
D01,SC-1018,2025-03-10,2973
D01,SC-1018,2025-03-17,2663
D01,SC-1018,2025-03-24,2308
D01,SC-1018,2025-03-31,1957
D01,SC-1018,2025-04-07,1863
D01,SC-1018,2025-04-14,1748
D01,SC-1018,2025-04-21,1500
D01,SC-1018,2025-04-28,1204
D01,SC-1018,2025-05-05,962
D01,SC-1018,2025-05-12,958
D01,SC-1018,2025-05-19,992
D01,SC-1018,2025-05-26,1256
D01,SC-1018,2025-06-02,1110
D01,SC-1018,2025-06-09,1175
D01,SC-1018,2025-06-16,667
D01,SC-1018,2025-06-23,1244
D01,SC-1018,2025-06-30,1243
D01,SC-1018,2025-07-07,1813
D01,SC-1018,2025-07-14,1950
D01,SC-1018,2025-07-21,2246
D01,SC-1018,2025-07-28,2719
D01,SC-1018,2025-08-04,2479
D01,SC-1018,2025-08-11,2604
D01,SC-1018,2025-08-18,2952
D01,SC-1018,2025-08-25,2677
D01,SC-1018,2025-09-01,2480
D01,SC-1018,2025-09-08,2253
D01,SC-1018,2025-09-15,1955
D01,SC-1018,2025-09-22,1756
D01,SC-1018,2025-09-29,2594
D01,SC-1018,2025-10-06,3034
D01,SC-1018,2025-10-13,2893
D01,SC-1018,2025-10-20,2635
D01,SC-1018,2025-10-27,2394
D01,SC-1018,2025-11-03,3851
D01,SC-1018,2025-11-10,4174
D01,SC-1018,2025-11-17,5030
D01,SC-1018,2025-11-24,5349
D01,SC-1018,2025-12-01,5139
D01,SC-1018,2025-12-08,4930
D01,SC-1018,2025-12-15,4715
D01,SC-1018,2025-12-22,4507
D01,SC-1018,2025-12-29,5283
D01,SC-1018,2026-01-05,5123
D01,SC-1018,2026-01-12,5050
D01,SC-1018,2026-01-19,5349
D01,SC-1018,2026-01-26,5468
D01,SC-1018,2026-02-02,5274
D01,SC-1018,2026-02-09,5117
D01,SC-1018,2026-02-16,4892
D01,SC-1018,2026-02-23,4708
D01,SC-1018,2026-03-02,4503
D01,SC-1018,2026-03-09,4326
D01,SC-1018,2026-03-16,4076
D01,SC-1018,2026-03-23,3905
D01,SC-1018,2026-03-30,3720
D01,SC-1018,2026-04-06,3522
D01,SC-1018,2026-04-13,3357
D01,SC-1018,2026-04-20,3151
D01,SC-1018,2026-04-27,2901
D01,SC-1018,2026-05-04,2716
D01,SC-1018,2026-05-11,2505
D01,SC-1018,2026-05-18,2373
D01,SC-1018,2026-05-25,2174
D01,SC-1018,2026-06-01,1982
D01,SC-1018,2026-06-08,2105
D01,SC-1018,2026-06-15,1869
D01,SC-1018,2026-06-22,1728
D01,LD-1040,2024-01-01,70035
D01,LD-1040,2024-01-08,70269
D01,LD-1040,2024-01-15,69066
D01,LD-1040,2024-01-22,69324
D01,LD-1040,2024-01-29,69275
D01,LD-1040,2024-02-05,69728
D01,LD-1040,2024-02-12,71082
D01,LD-1040,2024-02-19,71906
D01,LD-1040,2024-02-26,67311
D01,LD-1040,2024-03-04,67719
D01,LD-1040,2024-03-11,72453
D01,LD-1040,2024-03-18,72617
D01,LD-1040,2024-03-25,65303
D01,LD-1040,2024-04-01,73516
D01,LD-1040,2024-04-08,69099
D01,LD-1040,2024-04-15,66453
D01,LD-1040,2024-04-22,63557
D01,LD-1040,2024-04-29,58946
D01,LD-1040,2024-05-06,55169
D01,LD-1040,2024-05-13,52629
D01,LD-1040,2024-05-20,53214
D01,LD-1040,2024-05-27,50851
D01,LD-1040,2024-06-03,55911
D01,LD-1040,2024-06-10,55808
D01,LD-1040,2024-06-17,66186
D01,LD-1040,2024-06-24,72042
D01,LD-1040,2024-07-01,78095
D01,LD-1040,2024-07-08,80937
D01,LD-1040,2024-07-15,82715
D01,LD-1040,2024-07-22,81749
D01,LD-1040,2024-07-29,79081
D01,LD-1040,2024-08-05,81256
D01,LD-1040,2024-08-12,76974
D01,LD-1040,2024-08-19,73580
D01,LD-1040,2024-08-26,66264
D01,LD-1040,2024-09-02,59659
D01,LD-1040,2024-09-09,56103
D01,LD-1040,2024-09-16,61712
D01,LD-1040,2024-09-23,58230
D01,LD-1040,2024-09-30,56016
D01,LD-1040,2024-10-07,62510
D01,LD-1040,2024-10-14,63369
D01,LD-1040,2024-10-21,63834
D01,LD-1040,2024-10-28,71332
D01,LD-1040,2024-11-04,82226
D01,LD-1040,2024-11-11,74441
D01,LD-1040,2024-11-18,72338
D01,LD-1040,2024-11-25,68463
D01,LD-1040,2024-12-02,73297
D01,LD-1040,2024-12-09,73798
D01,LD-1040,2024-12-16,68727
D01,LD-1040,2024-12-23,63710
D01,LD-1040,2024-12-30,57970
D01,LD-1040,2025-01-06,64399
D01,LD-1040,2025-01-13,72618
D01,LD-1040,2025-01-20,72868
D01,LD-1040,2025-01-27,66690
D01,LD-1040,2025-02-03,61155
D01,LD-1040,2025-02-10,59876
D01,LD-1040,2025-02-17,60217
D01,LD-1040,2025-02-24,59551
D01,LD-1040,2025-03-03,55924
D01,LD-1040,2025-03-10,51397
D01,LD-1040,2025-03-17,53827
D01,LD-1040,2025-03-24,56602
D01,LD-1040,2025-03-31,59598
D01,LD-1040,2025-04-07,61652
D01,LD-1040,2025-04-14,62113
D01,LD-1040,2025-04-21,65618
D01,LD-1040,2025-04-28,67923
D01,LD-1040,2025-05-05,62401
D01,LD-1040,2025-05-12,56631
D01,LD-1040,2025-05-19,48742
D01,LD-1040,2025-05-26,55294
D01,LD-1040,2025-06-02,55074
D01,LD-1040,2025-06-09,57557
D01,LD-1040,2025-06-16,50502
D01,LD-1040,2025-06-23,62001
D01,LD-1040,2025-06-30,65831
D01,LD-1040,2025-07-07,73012
D01,LD-1040,2025-07-14,76776
D01,LD-1040,2025-07-21,78954
D01,LD-1040,2025-07-28,85593
D01,LD-1040,2025-08-04,86500
D01,LD-1040,2025-08-11,83448
D01,LD-1040,2025-08-18,80140
D01,LD-1040,2025-08-25,70171
D01,LD-1040,2025-09-01,72333
D01,LD-1040,2025-09-08,71898
D01,LD-1040,2025-09-15,87096
D01,LD-1040,2025-09-22,82128
D01,LD-1040,2025-09-29,78197
D01,LD-1040,2025-10-06,77564
D01,LD-1040,2025-10-13,77622
D01,LD-1040,2025-10-20,85901
D01,LD-1040,2025-10-27,78074
D01,LD-1040,2025-11-03,74261
D01,LD-1040,2025-11-10,70392
D01,LD-1040,2025-11-17,68481
D01,LD-1040,2025-11-24,65394
D01,LD-1040,2025-12-01,62812
D01,LD-1040,2025-12-08,62391
D01,LD-1040,2025-12-15,66007
D01,LD-1040,2025-12-22,66256
D01,LD-1040,2025-12-29,71837
D01,LD-1040,2026-01-05,73809
D01,LD-1040,2026-01-12,75205
D01,LD-1040,2026-01-19,75544
D01,LD-1040,2026-01-26,68183
D01,LD-1040,2026-02-02,66276
D01,LD-1040,2026-02-09,64391
D01,LD-1040,2026-02-16,58425
D01,LD-1040,2026-02-23,51965
D01,LD-1040,2026-03-02,45390
D01,LD-1040,2026-03-09,45706
D01,LD-1040,2026-03-16,38452
D01,LD-1040,2026-03-23,45742
D01,LD-1040,2026-03-30,54075
D01,LD-1040,2026-04-06,58296
D01,LD-1040,2026-04-13,61958
D01,LD-1040,2026-04-20,64396
D01,LD-1040,2026-04-27,71271
D01,LD-1040,2026-05-04,69482
D01,LD-1040,2026-05-11,69717
D01,LD-1040,2026-05-18,66300
D01,LD-1040,2026-05-25,66608
D01,LD-1040,2026-06-01,68285
D01,LD-1040,2026-06-08,66227
D01,LD-1040,2026-06-15,65569
D01,LD-1040,2026-06-22,60501
D01,PM-1002,2024-01-01,35293
D01,PM-1002,2024-01-08,35804
D01,PM-1002,2024-01-15,36359
D01,PM-1002,2024-01-22,35783
D01,PM-1002,2024-01-29,36301
D01,PM-1002,2024-02-05,36040
D01,PM-1002,2024-02-12,36225
D01,PM-1002,2024-02-19,36392
D01,PM-1002,2024-02-26,36904
D01,PM-1002,2024-03-04,37015
D01,PM-1002,2024-03-11,34437
D01,PM-1002,2024-03-18,32861
D01,PM-1002,2024-03-25,30965
D01,PM-1002,2024-04-01,27884
D01,PM-1002,2024-04-08,31229
D01,PM-1002,2024-04-15,31881
D01,PM-1002,2024-04-22,31482
D01,PM-1002,2024-04-29,30742
D01,PM-1002,2024-05-06,29108
D01,PM-1002,2024-05-13,30362
D01,PM-1002,2024-05-20,31612
D01,PM-1002,2024-05-27,30223
D01,PM-1002,2024-06-03,31489
D01,PM-1002,2024-06-10,30066
D01,PM-1002,2024-06-17,33034
D01,PM-1002,2024-06-24,31983
D01,PM-1002,2024-07-01,33140
D01,PM-1002,2024-07-08,34244
D01,PM-1002,2024-07-15,35041
D01,PM-1002,2024-07-22,33092
D01,PM-1002,2024-07-29,28995
D01,PM-1002,2024-08-05,28230
D01,PM-1002,2024-08-12,30548
D01,PM-1002,2024-08-19,28630
D01,PM-1002,2024-08-26,29339
D01,PM-1002,2024-09-02,30549
D01,PM-1002,2024-09-09,27017
D01,PM-1002,2024-09-16,34454
D01,PM-1002,2024-09-23,37825
D01,PM-1002,2024-09-30,41273
D01,PM-1002,2024-10-07,44026
D01,PM-1002,2024-10-14,50664
D01,PM-1002,2024-10-21,49890
D01,PM-1002,2024-10-28,45755
D01,PM-1002,2024-11-04,43981
D01,PM-1002,2024-11-11,41059
D01,PM-1002,2024-11-18,38149
D01,PM-1002,2024-11-25,38260
D01,PM-1002,2024-12-02,39903
D01,PM-1002,2024-12-09,37783
D01,PM-1002,2024-12-16,40245
D01,PM-1002,2024-12-23,41153
D01,PM-1002,2024-12-30,39730
D01,PM-1002,2025-01-06,35943
D01,PM-1002,2025-01-13,35073
D01,PM-1002,2025-01-20,33195
D01,PM-1002,2025-01-27,35271
D01,PM-1002,2025-02-03,32535
D01,PM-1002,2025-02-10,29526
D01,PM-1002,2025-02-17,28291
D01,PM-1002,2025-02-24,26952
D01,PM-1002,2025-03-03,22932
D01,PM-1002,2025-03-10,21975
D01,PM-1002,2025-03-17,18050
D01,PM-1002,2025-03-24,19280
D01,PM-1002,2025-03-31,21075
D01,PM-1002,2025-04-07,26847
D01,PM-1002,2025-04-14,25323
D01,PM-1002,2025-04-21,27360
D01,PM-1002,2025-04-28,28962
D01,PM-1002,2025-05-05,31469
D01,PM-1002,2025-05-12,33194
D01,PM-1002,2025-05-19,32663
D01,PM-1002,2025-05-26,34197
D01,PM-1002,2025-06-02,34771
D01,PM-1002,2025-06-09,31867
D01,PM-1002,2025-06-16,32603
D01,PM-1002,2025-06-23,34194
D01,PM-1002,2025-06-30,34951
D01,PM-1002,2025-07-07,34240
D01,PM-1002,2025-07-14,34252
D01,PM-1002,2025-07-21,31932
D01,PM-1002,2025-07-28,34211
D01,PM-1002,2025-08-04,38820
D01,PM-1002,2025-08-11,38695
D01,PM-1002,2025-08-18,40671
D01,PM-1002,2025-08-25,37836
D01,PM-1002,2025-09-01,37219
D01,PM-1002,2025-09-08,41129
D01,PM-1002,2025-09-15,44371
D01,PM-1002,2025-09-22,43481
D01,PM-1002,2025-09-29,43459
D01,PM-1002,2025-10-06,44794
D01,PM-1002,2025-10-13,41575
D01,PM-1002,2025-10-20,38446
D01,PM-1002,2025-10-27,33903
D01,PM-1002,2025-11-03,31598
D01,PM-1002,2025-11-10,34572
D01,PM-1002,2025-11-17,36879
D01,PM-1002,2025-11-24,36047
D01,PM-1002,2025-12-01,32910
D01,PM-1002,2025-12-08,35821
D01,PM-1002,2025-12-15,32666
D01,PM-1002,2025-12-22,32108
D01,PM-1002,2025-12-29,34967
D01,PM-1002,2026-01-05,38310
D01,PM-1002,2026-01-12,35122
D01,PM-1002,2026-01-19,32467
D01,PM-1002,2026-01-26,29071
D01,PM-1002,2026-02-02,26382
D01,PM-1002,2026-02-09,28618
D01,PM-1002,2026-02-16,32252
D01,PM-1002,2026-02-23,32647
D01,PM-1002,2026-03-02,28754
D01,PM-1002,2026-03-09,31669
D01,PM-1002,2026-03-16,31409
D01,PM-1002,2026-03-23,32070
D01,PM-1002,2026-03-30,30929
D01,PM-1002,2026-04-06,30661
D01,PM-1002,2026-04-13,30959
D01,PM-1002,2026-04-20,28827
D01,PM-1002,2026-04-27,27671
D01,PM-1002,2026-05-04,25781
D01,PM-1002,2026-05-11,27483
D01,PM-1002,2026-05-18,26287
D01,PM-1002,2026-05-25,22395
D01,PM-1002,2026-06-01,19153
D01,PM-1002,2026-06-08,27185
D01,PM-1002,2026-06-15,25747
D01,PM-1002,2026-06-22,28539
D01,PW-1031,2024-01-01,11306
D01,PW-1031,2024-01-08,11243
D01,PW-1031,2024-01-15,11017
D01,PW-1031,2024-01-22,10518
D01,PW-1031,2024-01-29,10163
D01,PW-1031,2024-02-05,10526
D01,PW-1031,2024-02-12,10596
D01,PW-1031,2024-02-19,10306
D01,PW-1031,2024-02-26,10333
D01,PW-1031,2024-03-04,9309
D01,PW-1031,2024-03-11,9260
D01,PW-1031,2024-03-18,9114
D01,PW-1031,2024-03-25,10883
D01,PW-1031,2024-04-01,10359
D01,PW-1031,2024-04-08,10662
D01,PW-1031,2024-04-15,12172
D01,PW-1031,2024-04-22,11060
D01,PW-1031,2024-04-29,11089
D01,PW-1031,2024-05-06,9863
D01,PW-1031,2024-05-13,10491
D01,PW-1031,2024-05-20,10504
D01,PW-1031,2024-05-27,10250
D01,PW-1031,2024-06-03,9213
D01,PW-1031,2024-06-10,8164
D01,PW-1031,2024-06-17,9182
D01,PW-1031,2024-06-24,9067
D01,PW-1031,2024-07-01,9165
D01,PW-1031,2024-07-08,8330
D01,PW-1031,2024-07-15,10447
D01,PW-1031,2024-07-22,10827
D01,PW-1031,2024-07-29,12379
D01,PW-1031,2024-08-05,12121
D01,PW-1031,2024-08-12,11011
D01,PW-1031,2024-08-19,10854
D01,PW-1031,2024-08-26,9526
D01,PW-1031,2024-09-02,10343
D01,PW-1031,2024-09-09,10318
D01,PW-1031,2024-09-16,11400
D01,PW-1031,2024-09-23,12628
D01,PW-1031,2024-09-30,12115
D01,PW-1031,2024-10-07,12799
D01,PW-1031,2024-10-14,12854
D01,PW-1031,2024-10-21,12387
D01,PW-1031,2024-10-28,12572
D01,PW-1031,2024-11-04,11482
D01,PW-1031,2024-11-11,12676
D01,PW-1031,2024-11-18,11710
D01,PW-1031,2024-11-25,13893
D01,PW-1031,2024-12-02,12716
D01,PW-1031,2024-12-09,13250
D01,PW-1031,2024-12-16,13256
D01,PW-1031,2024-12-23,12753
D01,PW-1031,2024-12-30,12696
D01,PW-1031,2025-01-06,13203
D01,PW-1031,2025-01-13,12171
D01,PW-1031,2025-01-20,13342
D01,PW-1031,2025-01-27,13409
D01,PW-1031,2025-02-03,12686
D01,PW-1031,2025-02-10,13078
D01,PW-1031,2025-02-17,12207
D01,PW-1031,2025-02-24,11569
D01,PW-1031,2025-03-03,10450
D01,PW-1031,2025-03-10,9364
D01,PW-1031,2025-03-17,9222
D01,PW-1031,2025-03-24,9983
D01,PW-1031,2025-03-31,9819
D01,PW-1031,2025-04-07,10045
D01,PW-1031,2025-04-14,9823
D01,PW-1031,2025-04-21,8317
D01,PW-1031,2025-04-28,10893
D01,PW-1031,2025-05-05,12151
D01,PW-1031,2025-05-12,12406
D01,PW-1031,2025-05-19,13372
D01,PW-1031,2025-05-26,13641
D01,PW-1031,2025-06-02,12853
D01,PW-1031,2025-06-09,13108
D01,PW-1031,2025-06-16,11927
D01,PW-1031,2025-06-23,10682
D01,PW-1031,2025-06-30,9527
D01,PW-1031,2025-07-07,10823
D01,PW-1031,2025-07-14,9543
D01,PW-1031,2025-07-21,11646
D01,PW-1031,2025-07-28,11990
D01,PW-1031,2025-08-04,13037
D01,PW-1031,2025-08-11,13848
D01,PW-1031,2025-08-18,14750
D01,PW-1031,2025-08-25,14940
D01,PW-1031,2025-09-01,13983
D01,PW-1031,2025-09-08,13246
D01,PW-1031,2025-09-15,12268
D01,PW-1031,2025-09-22,13210
D01,PW-1031,2025-09-29,12120
D01,PW-1031,2025-10-06,11181
D01,PW-1031,2025-10-13,11090
D01,PW-1031,2025-10-20,11448
D01,PW-1031,2025-10-27,12572
D01,PW-1031,2025-11-03,13719
D01,PW-1031,2025-11-10,12311
D01,PW-1031,2025-11-17,12854
D01,PW-1031,2025-11-24,13105
D01,PW-1031,2025-12-01,12783
D01,PW-1031,2025-12-08,12257
D01,PW-1031,2025-12-15,12060
D01,PW-1031,2025-12-22,13575
D01,PW-1031,2025-12-29,13954
D01,PW-1031,2026-01-05,12828
D01,PW-1031,2026-01-12,14072
D01,PW-1031,2026-01-19,12765
D01,PW-1031,2026-01-26,12158
D01,PW-1031,2026-02-02,13066
D01,PW-1031,2026-02-09,14419
D01,PW-1031,2026-02-16,13467
D01,PW-1031,2026-02-23,12508
D01,PW-1031,2026-03-02,13128
D01,PW-1031,2026-03-09,12480
D01,PW-1031,2026-03-16,11764
D01,PW-1031,2026-03-23,11480
D01,PW-1031,2026-03-30,11547
D01,PW-1031,2026-04-06,11380
D01,PW-1031,2026-04-13,10775
D01,PW-1031,2026-04-20,10640
D01,PW-1031,2026-04-27,9436
D01,PW-1031,2026-05-04,8880
D01,PW-1031,2026-05-11,8599
D01,PW-1031,2026-05-18,9182
D01,PW-1031,2026-05-25,8214
D01,PW-1031,2026-06-01,8324
D01,PW-1031,2026-06-08,8950
D01,PW-1031,2026-06-15,9476
D01,PW-1031,2026-06-22,9426
D01,PW-1033,2024-01-01,16537
D01,PW-1033,2024-01-08,16586
D01,PW-1033,2024-01-15,16802
D01,PW-1033,2024-01-22,17079
D01,PW-1033,2024-01-29,15530
D01,PW-1033,2024-02-05,17234
D01,PW-1033,2024-02-12,17547
D01,PW-1033,2024-02-19,17722
D01,PW-1033,2024-02-26,17846
D01,PW-1033,2024-03-04,16977
D01,PW-1033,2024-03-11,16340
D01,PW-1033,2024-03-18,17386
D01,PW-1033,2024-03-25,15726
D01,PW-1033,2024-04-01,15818
D01,PW-1033,2024-04-08,15376
D01,PW-1033,2024-04-15,14937
D01,PW-1033,2024-04-22,14673
D01,PW-1033,2024-04-29,15275
D01,PW-1033,2024-05-06,14144
D01,PW-1033,2024-05-13,13094
D01,PW-1033,2024-05-20,13402
D01,PW-1033,2024-05-27,13705
D01,PW-1033,2024-06-03,13641
D01,PW-1033,2024-06-10,15672
D01,PW-1033,2024-06-17,16052
D01,PW-1033,2024-06-24,15093
D01,PW-1033,2024-07-01,15179
D01,PW-1033,2024-07-08,14775
D01,PW-1033,2024-07-15,13766
D01,PW-1033,2024-07-22,13235
D01,PW-1033,2024-07-29,14623
D01,PW-1033,2024-08-05,13716
D01,PW-1033,2024-08-12,13612
D01,PW-1033,2024-08-19,15063
D01,PW-1033,2024-08-26,16076
D01,PW-1033,2024-09-02,18566
D01,PW-1033,2024-09-09,20842
D01,PW-1033,2024-09-16,21100
D01,PW-1033,2024-09-23,22773
D01,PW-1033,2024-09-30,23195
D01,PW-1033,2024-10-07,23334
D01,PW-1033,2024-10-14,23561
D01,PW-1033,2024-10-21,23380
D01,PW-1033,2024-10-28,21983
D01,PW-1033,2024-11-04,22722
D01,PW-1033,2024-11-11,23772
D01,PW-1033,2024-11-18,22150
D01,PW-1033,2024-11-25,20810
D01,PW-1033,2024-12-02,19577
D01,PW-1033,2024-12-09,18366
D01,PW-1033,2024-12-16,16834
D01,PW-1033,2024-12-23,16705
D01,PW-1033,2024-12-30,16076
D01,PW-1033,2025-01-06,14437
D01,PW-1033,2025-01-13,14808
D01,PW-1033,2025-01-20,12889
D01,PW-1033,2025-01-27,13660
D01,PW-1033,2025-02-03,15661
D01,PW-1033,2025-02-10,15513
D01,PW-1033,2025-02-17,13669
D01,PW-1033,2025-02-24,13961
D01,PW-1033,2025-03-03,12695
D01,PW-1033,2025-03-10,12792
D01,PW-1033,2025-03-17,17269
D01,PW-1033,2025-03-24,16275
D01,PW-1033,2025-03-31,15391
D01,PW-1033,2025-04-07,16214
D01,PW-1033,2025-04-14,18273
D01,PW-1033,2025-04-21,18985
D01,PW-1033,2025-04-28,18039
D01,PW-1033,2025-05-05,17288
D01,PW-1033,2025-05-12,18963
D01,PW-1033,2025-05-19,20034
D01,PW-1033,2025-05-26,19771
D01,PW-1033,2025-06-02,20105
D01,PW-1033,2025-06-09,18057
D01,PW-1033,2025-06-16,18471
D01,PW-1033,2025-06-23,16617
D01,PW-1033,2025-06-30,16067
D01,PW-1033,2025-07-07,16762
D01,PW-1033,2025-07-14,15577
D01,PW-1033,2025-07-21,18879
D01,PW-1033,2025-07-28,16574
D01,PW-1033,2025-08-04,16367
D01,PW-1033,2025-08-11,15110
D01,PW-1033,2025-08-18,16508
D01,PW-1033,2025-08-25,15168
D01,PW-1033,2025-09-01,16622
D01,PW-1033,2025-09-08,18547
D01,PW-1033,2025-09-15,16526
D01,PW-1033,2025-09-22,18629
D01,PW-1033,2025-09-29,18358
D01,PW-1033,2025-10-06,18452
D01,PW-1033,2025-10-13,18246
D01,PW-1033,2025-10-20,20690
D01,PW-1033,2025-10-27,23517
D01,PW-1033,2025-11-03,21946
D01,PW-1033,2025-11-10,20865
D01,PW-1033,2025-11-17,20406
D01,PW-1033,2025-11-24,19433
D01,PW-1033,2025-12-01,20116
D01,PW-1033,2025-12-08,23206
D01,PW-1033,2025-12-15,22084
D01,PW-1033,2025-12-22,19438
D01,PW-1033,2025-12-29,22661
D01,PW-1033,2026-01-05,23206
D01,PW-1033,2026-01-12,21071
D01,PW-1033,2026-01-19,20906
D01,PW-1033,2026-01-26,18593
D01,PW-1033,2026-02-02,20914
D01,PW-1033,2026-02-09,19332
D01,PW-1033,2026-02-16,18611
D01,PW-1033,2026-02-23,17337
D01,PW-1033,2026-03-02,15845
D01,PW-1033,2026-03-09,15242
D01,PW-1033,2026-03-16,18853
D01,PW-1033,2026-03-23,18901
D01,PW-1033,2026-03-30,16838
D01,PW-1033,2026-04-06,19088
D01,PW-1033,2026-04-13,19743
D01,PW-1033,2026-04-20,21424
D01,PW-1033,2026-04-27,22287
D01,PW-1033,2026-05-04,21937
D01,PW-1033,2026-05-11,19357
D01,PW-1033,2026-05-18,17069
D01,PW-1033,2026-05-25,14966
D01,PW-1033,2026-06-01,14559
D01,PW-1033,2026-06-08,13366
D01,PW-1033,2026-06-15,11044
D01,PW-1033,2026-06-22,11605
D01,LD-1039,2024-01-01,34176
D01,LD-1039,2024-01-08,34593
D01,LD-1039,2024-01-15,34764
D01,LD-1039,2024-01-22,34843
D01,LD-1039,2024-01-29,32666
D01,LD-1039,2024-02-05,32718
D01,LD-1039,2024-02-12,34013
D01,LD-1039,2024-02-19,34369
D01,LD-1039,2024-02-26,35690
D01,LD-1039,2024-03-04,36430
D01,LD-1039,2024-03-11,34059
D01,LD-1039,2024-03-18,33249
D01,LD-1039,2024-03-25,32028
D01,LD-1039,2024-04-01,30677
D01,LD-1039,2024-04-08,31292
D01,LD-1039,2024-04-15,28590
D01,LD-1039,2024-04-22,26290
D01,LD-1039,2024-04-29,26711
D01,LD-1039,2024-05-06,27741
D01,LD-1039,2024-05-13,26458
D01,LD-1039,2024-05-20,25684
D01,LD-1039,2024-05-27,26884
D01,LD-1039,2024-06-03,24401
D01,LD-1039,2024-06-10,26985
D01,LD-1039,2024-06-17,27793
D01,LD-1039,2024-06-24,32039
D01,LD-1039,2024-07-01,30386
D01,LD-1039,2024-07-08,29888
D01,LD-1039,2024-07-15,33088
D01,LD-1039,2024-07-22,34561
D01,LD-1039,2024-07-29,37628
D01,LD-1039,2024-08-05,37107
D01,LD-1039,2024-08-12,35487
D01,LD-1039,2024-08-19,36886
D01,LD-1039,2024-08-26,39567
D01,LD-1039,2024-09-02,43305
D01,LD-1039,2024-09-09,44419
D01,LD-1039,2024-09-16,40693
D01,LD-1039,2024-09-23,43691
D01,LD-1039,2024-09-30,43725
D01,LD-1039,2024-10-07,45980
D01,LD-1039,2024-10-14,45613
D01,LD-1039,2024-10-21,42718
D01,LD-1039,2024-10-28,40362
D01,LD-1039,2024-11-04,36985
D01,LD-1039,2024-11-11,37968
D01,LD-1039,2024-11-18,35697
D01,LD-1039,2024-11-25,37219
D01,LD-1039,2024-12-02,33666
D01,LD-1039,2024-12-09,32348
D01,LD-1039,2024-12-16,28647
D01,LD-1039,2024-12-23,25196
D01,LD-1039,2024-12-30,32026
D01,LD-1039,2025-01-06,29547
D01,LD-1039,2025-01-13,27206
D01,LD-1039,2025-01-20,26481
D01,LD-1039,2025-01-27,28981
D01,LD-1039,2025-02-03,28093
D01,LD-1039,2025-02-10,31035
D01,LD-1039,2025-02-17,32827
D01,LD-1039,2025-02-24,33418
D01,LD-1039,2025-03-03,33399
D01,LD-1039,2025-03-10,37277
D01,LD-1039,2025-03-17,37438
D01,LD-1039,2025-03-24,35042
D01,LD-1039,2025-03-31,38532
D01,LD-1039,2025-04-07,36697
D01,LD-1039,2025-04-14,38533
D01,LD-1039,2025-04-21,36899
D01,LD-1039,2025-04-28,38277
D01,LD-1039,2025-05-05,35354
D01,LD-1039,2025-05-12,35521
D01,LD-1039,2025-05-19,36224
D01,LD-1039,2025-05-26,36693
D01,LD-1039,2025-06-02,38929
D01,LD-1039,2025-06-09,38466
D01,LD-1039,2025-06-16,36812
D01,LD-1039,2025-06-23,33737
D01,LD-1039,2025-06-30,33198
D01,LD-1039,2025-07-07,33966
D01,LD-1039,2025-07-14,40086
D01,LD-1039,2025-07-21,36675
D01,LD-1039,2025-07-28,36416
D01,LD-1039,2025-08-04,37870
D01,LD-1039,2025-08-11,36776
D01,LD-1039,2025-08-18,37721
D01,LD-1039,2025-08-25,37240
D01,LD-1039,2025-09-01,36090
D01,LD-1039,2025-09-08,34943
D01,LD-1039,2025-09-15,38056
D01,LD-1039,2025-09-22,39683
D01,LD-1039,2025-09-29,38808
D01,LD-1039,2025-10-06,43220
D01,LD-1039,2025-10-13,43477
D01,LD-1039,2025-10-20,43457
D01,LD-1039,2025-10-27,43038
D01,LD-1039,2025-11-03,41144
D01,LD-1039,2025-11-10,41501
D01,LD-1039,2025-11-17,39320
D01,LD-1039,2025-11-24,37208
D01,LD-1039,2025-12-01,33835
D01,LD-1039,2025-12-08,33000
D01,LD-1039,2025-12-15,32390
D01,LD-1039,2025-12-22,32913
D01,LD-1039,2025-12-29,34174
D01,LD-1039,2026-01-05,31047
D01,LD-1039,2026-01-12,30880
D01,LD-1039,2026-01-19,30415
D01,LD-1039,2026-01-26,32963
D01,LD-1039,2026-02-02,33358
D01,LD-1039,2026-02-09,30732
D01,LD-1039,2026-02-16,31830
D01,LD-1039,2026-02-23,30891
D01,LD-1039,2026-03-02,30808
D01,LD-1039,2026-03-09,27248
D01,LD-1039,2026-03-16,28455
D01,LD-1039,2026-03-23,27988
D01,LD-1039,2026-03-30,32323
D01,LD-1039,2026-04-06,34300
D01,LD-1039,2026-04-13,32871
D01,LD-1039,2026-04-20,33921
D01,LD-1039,2026-04-27,36902
D01,LD-1039,2026-05-04,37120
D01,LD-1039,2026-05-11,35225
D01,LD-1039,2026-05-18,35303
D01,LD-1039,2026-05-25,31604
D01,LD-1039,2026-06-01,28567
D01,LD-1039,2026-06-08,30042
D01,LD-1039,2026-06-15,31729
D01,LD-1039,2026-06-22,32407
D01,IG-1010,2024-01-01,2262
D01,IG-1010,2024-01-08,2191
D01,IG-1010,2024-01-15,2216
D01,IG-1010,2024-01-22,2186
D01,IG-1010,2024-01-29,2319
D01,IG-1010,2024-02-05,2342
D01,IG-1010,2024-02-12,2372
D01,IG-1010,2024-02-19,2319
D01,IG-1010,2024-02-26,2343
D01,IG-1010,2024-03-04,2317
D01,IG-1010,2024-03-11,2182
D01,IG-1010,2024-03-18,2265
D01,IG-1010,2024-03-25,2294
D01,IG-1010,2024-04-01,2319
D01,IG-1010,2024-04-08,2265
D01,IG-1010,2024-04-15,2283
D01,IG-1010,2024-04-22,2021
D01,IG-1010,2024-04-29,1877
D01,IG-1010,2024-05-06,1731
D01,IG-1010,2024-05-13,1799
D01,IG-1010,2024-05-20,1596
D01,IG-1010,2024-05-27,1494
D01,IG-1010,2024-06-03,1296
D01,IG-1010,2024-06-10,1519
D01,IG-1010,2024-06-17,1657
D01,IG-1010,2024-06-24,1759
D01,IG-1010,2024-07-01,2035
D01,IG-1010,2024-07-08,1905
D01,IG-1010,2024-07-15,1583
D01,IG-1010,2024-07-22,1422
D01,IG-1010,2024-07-29,1910
D01,IG-1010,2024-08-05,1725
D01,IG-1010,2024-08-12,1848
D01,IG-1010,2024-08-19,1909
D01,IG-1010,2024-08-26,1925
D01,IG-1010,2024-09-02,2064
D01,IG-1010,2024-09-09,2139
D01,IG-1010,2024-09-16,2161
D01,IG-1010,2024-09-23,2258
D01,IG-1010,2024-09-30,2271
D01,IG-1010,2024-10-07,1932
D01,IG-1010,2024-10-14,1677
D01,IG-1010,2024-10-21,1772
D01,IG-1010,2024-10-28,1792
D01,IG-1010,2024-11-04,2229
D01,IG-1010,2024-11-11,2261
D01,IG-1010,2024-11-18,2320
D01,IG-1010,2024-11-25,2428
D01,IG-1010,2024-12-02,3184
D01,IG-1010,2024-12-09,2942
D01,IG-1010,2024-12-16,3111
D01,IG-1010,2024-12-23,3164
D01,IG-1010,2024-12-30,2944
D01,IG-1010,2025-01-06,3069
D01,IG-1010,2025-01-13,2788
D01,IG-1010,2025-01-20,3083
D01,IG-1010,2025-01-27,3192
D01,IG-1010,2025-02-03,3356
D01,IG-1010,2025-02-10,3370
D01,IG-1010,2025-02-17,3399
D01,IG-1010,2025-02-24,3146
D01,IG-1010,2025-03-03,2773
D01,IG-1010,2025-03-10,2770
D01,IG-1010,2025-03-17,2507
D01,IG-1010,2025-03-24,2395
D01,IG-1010,2025-03-31,2172
D01,IG-1010,2025-04-07,1883
D01,IG-1010,2025-04-14,1601
D01,IG-1010,2025-04-21,1456
D01,IG-1010,2025-04-28,1774
D01,IG-1010,2025-05-05,1807
D01,IG-1010,2025-05-12,1897
D01,IG-1010,2025-05-19,1998
D01,IG-1010,2025-05-26,1833
D01,IG-1010,2025-06-02,2187
D01,IG-1010,2025-06-09,2345
D01,IG-1010,2025-06-16,2730
D01,IG-1010,2025-06-23,3035
D01,IG-1010,2025-06-30,2728
D01,IG-1010,2025-07-07,2641
D01,IG-1010,2025-07-14,2604
D01,IG-1010,2025-07-21,2945
D01,IG-1010,2025-07-28,3036
D01,IG-1010,2025-08-04,2963
D01,IG-1010,2025-08-11,3127
D01,IG-1010,2025-08-18,3033
D01,IG-1010,2025-08-25,3062
D01,IG-1010,2025-09-01,3126
D01,IG-1010,2025-09-08,3305
D01,IG-1010,2025-09-15,3249
D01,IG-1010,2025-09-22,3383
D01,IG-1010,2025-09-29,3555
D01,IG-1010,2025-10-06,3362
D01,IG-1010,2025-10-13,3883
D01,IG-1010,2025-10-20,3733
D01,IG-1010,2025-10-27,3896
D01,IG-1010,2025-11-03,4228
D01,IG-1010,2025-11-10,4253
D01,IG-1010,2025-11-17,4059
D01,IG-1010,2025-11-24,3884
D01,IG-1010,2025-12-01,3733
D01,IG-1010,2025-12-08,3571
D01,IG-1010,2025-12-15,3416
D01,IG-1010,2025-12-22,3199
D01,IG-1010,2025-12-29,3049
D01,IG-1010,2026-01-05,2911
D01,IG-1010,2026-01-12,2883
D01,IG-1010,2026-01-19,2842
D01,IG-1010,2026-01-26,2846
D01,IG-1010,2026-02-02,2703
D01,IG-1010,2026-02-09,2514
D01,IG-1010,2026-02-16,2319
D01,IG-1010,2026-02-23,2165
D01,IG-1010,2026-03-02,2016
D01,IG-1010,2026-03-09,1830
D01,IG-1010,2026-03-16,1719
D01,IG-1010,2026-03-23,1584
D01,IG-1010,2026-03-30,1514
D01,IG-1010,2026-04-06,1500
D01,IG-1010,2026-04-13,1699
D01,IG-1010,2026-04-20,1769
D01,IG-1010,2026-04-27,1714
D01,IG-1010,2026-05-04,1753
D01,IG-1010,2026-05-11,1729
D01,IG-1010,2026-05-18,1820
D01,IG-1010,2026-05-25,1796
D01,IG-1010,2026-06-01,1802
D01,IG-1010,2026-06-08,1735
D01,IG-1010,2026-06-15,1664
D01,IG-1010,2026-06-22,1974
D01,LD-1037,2024-01-01,39318
D01,LD-1037,2024-01-08,39441
D01,LD-1037,2024-01-15,41360
D01,LD-1037,2024-01-22,41794
D01,LD-1037,2024-01-29,42400
D01,LD-1037,2024-02-05,42479
D01,LD-1037,2024-02-12,42773
D01,LD-1037,2024-02-19,41731
D01,LD-1037,2024-02-26,39888
D01,LD-1037,2024-03-04,38848
D01,LD-1037,2024-03-11,36886
D01,LD-1037,2024-03-18,37854
D01,LD-1037,2024-03-25,34298
D01,LD-1037,2024-04-01,33638
D01,LD-1037,2024-04-08,31878
D01,LD-1037,2024-04-15,34388
D01,LD-1037,2024-04-22,33930
D01,LD-1037,2024-04-29,33505
D01,LD-1037,2024-05-06,39484
D01,LD-1037,2024-05-13,40860
D01,LD-1037,2024-05-20,41868
D01,LD-1037,2024-05-27,42554
D01,LD-1037,2024-06-03,37907
D01,LD-1037,2024-06-10,35858
D01,LD-1037,2024-06-17,44961
D01,LD-1037,2024-06-24,43699
D01,LD-1037,2024-07-01,41604
D01,LD-1037,2024-07-08,41099
D01,LD-1037,2024-07-15,46195
D01,LD-1037,2024-07-22,49141
D01,LD-1037,2024-07-29,48134
D01,LD-1037,2024-08-05,49772
D01,LD-1037,2024-08-12,46165
D01,LD-1037,2024-08-19,45802
D01,LD-1037,2024-08-26,49454
D01,LD-1037,2024-09-02,52487
D01,LD-1037,2024-09-09,47750
D01,LD-1037,2024-09-16,43758
D01,LD-1037,2024-09-23,49304
D01,LD-1037,2024-09-30,46514
D01,LD-1037,2024-10-07,48972
D01,LD-1037,2024-10-14,54122
D01,LD-1037,2024-10-21,52505
D01,LD-1037,2024-10-28,49007
D01,LD-1037,2024-11-04,50474
D01,LD-1037,2024-11-11,54902
D01,LD-1037,2024-11-18,50974
D01,LD-1037,2024-11-25,47809
D01,LD-1037,2024-12-02,45499
D01,LD-1037,2024-12-09,42645
D01,LD-1037,2024-12-16,40841
D01,LD-1037,2024-12-23,45560
D01,LD-1037,2024-12-30,46143
D01,LD-1037,2025-01-06,43886
D01,LD-1037,2025-01-13,44773
D01,LD-1037,2025-01-20,43895
D01,LD-1037,2025-01-27,40548
D01,LD-1037,2025-02-03,41580
D01,LD-1037,2025-02-10,41363
D01,LD-1037,2025-02-17,39314
D01,LD-1037,2025-02-24,36261
D01,LD-1037,2025-03-03,33053
D01,LD-1037,2025-03-10,32767
D01,LD-1037,2025-03-17,31600
D01,LD-1037,2025-03-24,30217
D01,LD-1037,2025-03-31,27571
D01,LD-1037,2025-04-07,29005
D01,LD-1037,2025-04-14,27778
D01,LD-1037,2025-04-21,27571
D01,LD-1037,2025-04-28,32802
D01,LD-1037,2025-05-05,36865
D01,LD-1037,2025-05-12,35970
D01,LD-1037,2025-05-19,39813
D01,LD-1037,2025-05-26,40854
D01,LD-1037,2025-06-02,38931
D01,LD-1037,2025-06-09,41437
D01,LD-1037,2025-06-16,44131
D01,LD-1037,2025-06-23,43792
D01,LD-1037,2025-06-30,40487
D01,LD-1037,2025-07-07,45068
D01,LD-1037,2025-07-14,40315
D01,LD-1037,2025-07-21,40857
D01,LD-1037,2025-07-28,39708
D01,LD-1037,2025-08-04,40141
D01,LD-1037,2025-08-11,37313
D01,LD-1037,2025-08-18,38422
D01,LD-1037,2025-08-25,40268
D01,LD-1037,2025-09-01,38326
D01,LD-1037,2025-09-08,42840
D01,LD-1037,2025-09-15,37501
D01,LD-1037,2025-09-22,39201
D01,LD-1037,2025-09-29,37407
D01,LD-1037,2025-10-06,45974
D01,LD-1037,2025-10-13,45523
D01,LD-1037,2025-10-20,45912
D01,LD-1037,2025-10-27,48326
D01,LD-1037,2025-11-03,45692
D01,LD-1037,2025-11-10,48816
D01,LD-1037,2025-11-17,46194
D01,LD-1037,2025-11-24,42475
D01,LD-1037,2025-12-01,41246
D01,LD-1037,2025-12-08,42430
D01,LD-1037,2025-12-15,42634
D01,LD-1037,2025-12-22,43201
D01,LD-1037,2025-12-29,42571
D01,LD-1037,2026-01-05,38856
D01,LD-1037,2026-01-12,39514
D01,LD-1037,2026-01-19,39236
D01,LD-1037,2026-01-26,34867
D01,LD-1037,2026-02-02,31264
D01,LD-1037,2026-02-09,31949
D01,LD-1037,2026-02-16,34063
D01,LD-1037,2026-02-23,36087
D01,LD-1037,2026-03-02,33902
D01,LD-1037,2026-03-09,34754
D01,LD-1037,2026-03-16,35043
D01,LD-1037,2026-03-23,39139
D01,LD-1037,2026-03-30,38304
D01,LD-1037,2026-04-06,35892
D01,LD-1037,2026-04-13,32450
D01,LD-1037,2026-04-20,33668
D01,LD-1037,2026-04-27,36142
D01,LD-1037,2026-05-04,39219
D01,LD-1037,2026-05-11,39193
D01,LD-1037,2026-05-18,39462
D01,LD-1037,2026-05-25,39402
D01,LD-1037,2026-06-01,43031
D01,LD-1037,2026-06-08,41244
D01,LD-1037,2026-06-15,44020
D01,LD-1037,2026-06-22,42675
D01,PM-1003,2024-01-01,60092
D01,PM-1003,2024-01-08,55293
D01,PM-1003,2024-01-15,58903
D01,PM-1003,2024-01-22,59364
D01,PM-1003,2024-01-29,60237
D01,PM-1003,2024-02-05,63021
D01,PM-1003,2024-02-12,60902
D01,PM-1003,2024-02-19,63752
D01,PM-1003,2024-02-26,64266
D01,PM-1003,2024-03-04,65420
D01,PM-1003,2024-03-11,62903
D01,PM-1003,2024-03-18,59577
D01,PM-1003,2024-03-25,59873
D01,PM-1003,2024-04-01,58471
D01,PM-1003,2024-04-08,51581
D01,PM-1003,2024-04-15,50184
D01,PM-1003,2024-04-22,52398
D01,PM-1003,2024-04-29,51609
D01,PM-1003,2024-05-06,48132
D01,PM-1003,2024-05-13,48685
D01,PM-1003,2024-05-20,49977
D01,PM-1003,2024-05-27,50135
D01,PM-1003,2024-06-03,50441
D01,PM-1003,2024-06-10,44492
D01,PM-1003,2024-06-17,45597
D01,PM-1003,2024-06-24,45850
D01,PM-1003,2024-07-01,51240
D01,PM-1003,2024-07-08,52518
D01,PM-1003,2024-07-15,57221
D01,PM-1003,2024-07-22,52264
D01,PM-1003,2024-07-29,59494
D01,PM-1003,2024-08-05,55990
D01,PM-1003,2024-08-12,49674
D01,PM-1003,2024-08-19,44972
D01,PM-1003,2024-08-26,54563
D01,PM-1003,2024-09-02,63569
D01,PM-1003,2024-09-09,65052
D01,PM-1003,2024-09-16,72386
D01,PM-1003,2024-09-23,72898
D01,PM-1003,2024-09-30,75846
D01,PM-1003,2024-10-07,78501
D01,PM-1003,2024-10-14,77179
D01,PM-1003,2024-10-21,71721
D01,PM-1003,2024-10-28,66655
D01,PM-1003,2024-11-04,66975
D01,PM-1003,2024-11-11,61573
D01,PM-1003,2024-11-18,64666
D01,PM-1003,2024-11-25,60172
D01,PM-1003,2024-12-02,59418
D01,PM-1003,2024-12-09,61923
D01,PM-1003,2024-12-16,56970
D01,PM-1003,2024-12-23,57629
D01,PM-1003,2024-12-30,53931
D01,PM-1003,2025-01-06,54780
D01,PM-1003,2025-01-13,53015
D01,PM-1003,2025-01-20,53775
D01,PM-1003,2025-01-27,51905
D01,PM-1003,2025-02-03,51694
D01,PM-1003,2025-02-10,51622
D01,PM-1003,2025-02-17,49262
D01,PM-1003,2025-02-24,54229
D01,PM-1003,2025-03-03,56818
D01,PM-1003,2025-03-10,52543
D01,PM-1003,2025-03-17,53603
D01,PM-1003,2025-03-24,53657
D01,PM-1003,2025-03-31,53343
D01,PM-1003,2025-04-07,46427
D01,PM-1003,2025-04-14,42825
D01,PM-1003,2025-04-21,46668
D01,PM-1003,2025-04-28,41028
D01,PM-1003,2025-05-05,40439
D01,PM-1003,2025-05-12,41246
D01,PM-1003,2025-05-19,55596
D01,PM-1003,2025-05-26,55007
D01,PM-1003,2025-06-02,49680
D01,PM-1003,2025-06-09,45859
D01,PM-1003,2025-06-16,49056
D01,PM-1003,2025-06-23,58309
D01,PM-1003,2025-06-30,55200
D01,PM-1003,2025-07-07,62083
D01,PM-1003,2025-07-14,56358
D01,PM-1003,2025-07-21,57519
D01,PM-1003,2025-07-28,61491
D01,PM-1003,2025-08-04,66168
D01,PM-1003,2025-08-11,67607
D01,PM-1003,2025-08-18,63791
D01,PM-1003,2025-08-25,63482
D01,PM-1003,2025-09-01,62568
D01,PM-1003,2025-09-08,68763
D01,PM-1003,2025-09-15,70929
D01,PM-1003,2025-09-22,74856
D01,PM-1003,2025-09-29,73715
D01,PM-1003,2025-10-06,73667
D01,PM-1003,2025-10-13,72609
D01,PM-1003,2025-10-20,77658
D01,PM-1003,2025-10-27,76953
D01,PM-1003,2025-11-03,69281
D01,PM-1003,2025-11-10,68996
D01,PM-1003,2025-11-17,68057
D01,PM-1003,2025-11-24,66083
D01,PM-1003,2025-12-01,65259
D01,PM-1003,2025-12-08,59008
D01,PM-1003,2025-12-15,53952
D01,PM-1003,2025-12-22,47898
D01,PM-1003,2025-12-29,63888
D01,PM-1003,2026-01-05,66172
D01,PM-1003,2026-01-12,73301
D01,PM-1003,2026-01-19,71380
D01,PM-1003,2026-01-26,67304
D01,PM-1003,2026-02-02,62788
D01,PM-1003,2026-02-09,57885
D01,PM-1003,2026-02-16,60233
D01,PM-1003,2026-02-23,54888
D01,PM-1003,2026-03-02,57196
D01,PM-1003,2026-03-09,54615
D01,PM-1003,2026-03-16,49445
D01,PM-1003,2026-03-23,48057
D01,PM-1003,2026-03-30,42127
D01,PM-1003,2026-04-06,35261
D01,PM-1003,2026-04-13,43594
D01,PM-1003,2026-04-20,42558
D01,PM-1003,2026-04-27,42552
D01,PM-1003,2026-05-04,43923
D01,PM-1003,2026-05-11,42793
D01,PM-1003,2026-05-18,37426
D01,PM-1003,2026-05-25,35746
D01,PM-1003,2026-06-01,48014
D01,PM-1003,2026-06-08,51096
D01,PM-1003,2026-06-15,57199
D01,PM-1003,2026-06-22,59921
D01,IS-1022,2024-01-01,6979
D01,IS-1022,2024-01-08,6780
D01,IS-1022,2024-01-15,6749
D01,IS-1022,2024-01-22,6786
D01,IS-1022,2024-01-29,7011
D01,IS-1022,2024-02-05,7078
D01,IS-1022,2024-02-12,6713
D01,IS-1022,2024-02-19,6787
D01,IS-1022,2024-02-26,6885
D01,IS-1022,2024-03-04,6688
D01,IS-1022,2024-03-11,6706
D01,IS-1022,2024-03-18,7156
D01,IS-1022,2024-03-25,6904
D01,IS-1022,2024-04-01,6708
D01,IS-1022,2024-04-08,6756
D01,IS-1022,2024-04-15,6751
D01,IS-1022,2024-04-22,7046
D01,IS-1022,2024-04-29,6672
D01,IS-1022,2024-05-06,7702
D01,IS-1022,2024-05-13,7305
D01,IS-1022,2024-05-20,6957
D01,IS-1022,2024-05-27,6868
D01,IS-1022,2024-06-03,6943
D01,IS-1022,2024-06-10,6501
D01,IS-1022,2024-06-17,6329
D01,IS-1022,2024-06-24,5914
D01,IS-1022,2024-07-01,4839
D01,IS-1022,2024-07-08,4274
D01,IS-1022,2024-07-15,4570
D01,IS-1022,2024-07-22,5302
D01,IS-1022,2024-07-29,6985
D01,IS-1022,2024-08-05,7042
D01,IS-1022,2024-08-12,7212
D01,IS-1022,2024-08-19,7711
D01,IS-1022,2024-08-26,7494
D01,IS-1022,2024-09-02,7645
D01,IS-1022,2024-09-09,8085
D01,IS-1022,2024-09-16,7665
D01,IS-1022,2024-09-23,7957
D01,IS-1022,2024-09-30,8572
D01,IS-1022,2024-10-07,8199
D01,IS-1022,2024-10-14,8426
D01,IS-1022,2024-10-21,8564
D01,IS-1022,2024-10-28,9100
D01,IS-1022,2024-11-04,8529
D01,IS-1022,2024-11-11,7925
D01,IS-1022,2024-11-18,7257
D01,IS-1022,2024-11-25,6878
D01,IS-1022,2024-12-02,7577
D01,IS-1022,2024-12-09,8140
D01,IS-1022,2024-12-16,8470
D01,IS-1022,2024-12-23,8111
D01,IS-1022,2024-12-30,8748
D01,IS-1022,2025-01-06,8650
D01,IS-1022,2025-01-13,8062
D01,IS-1022,2025-01-20,7085
D01,IS-1022,2025-01-27,6402
D01,IS-1022,2025-02-03,5687
D01,IS-1022,2025-02-10,5732
D01,IS-1022,2025-02-17,5591
D01,IS-1022,2025-02-24,5225
D01,IS-1022,2025-03-03,5751
D01,IS-1022,2025-03-10,6134
D01,IS-1022,2025-03-17,5915
D01,IS-1022,2025-03-24,6011
D01,IS-1022,2025-03-31,5718
D01,IS-1022,2025-04-07,5564
D01,IS-1022,2025-04-14,6539
D01,IS-1022,2025-04-21,6406
D01,IS-1022,2025-04-28,6101
D01,IS-1022,2025-05-05,6075
D01,IS-1022,2025-05-12,6809
D01,IS-1022,2025-05-19,7026
D01,IS-1022,2025-05-26,7637
D01,IS-1022,2025-06-02,7900
D01,IS-1022,2025-06-09,7587
D01,IS-1022,2025-06-16,8147
D01,IS-1022,2025-06-23,8250
D01,IS-1022,2025-06-30,8527
D01,IS-1022,2025-07-07,8706
D01,IS-1022,2025-07-14,8330
D01,IS-1022,2025-07-21,7990
D01,IS-1022,2025-07-28,7902
D01,IS-1022,2025-08-04,7386
D01,IS-1022,2025-08-11,7356
D01,IS-1022,2025-08-18,7058
D01,IS-1022,2025-08-25,6976
D01,IS-1022,2025-09-01,6828
D01,IS-1022,2025-09-08,7252
D01,IS-1022,2025-09-15,7395
D01,IS-1022,2025-09-22,7319
D01,IS-1022,2025-09-29,7781
D01,IS-1022,2025-10-06,7488
D01,IS-1022,2025-10-13,7241
D01,IS-1022,2025-10-20,7762
D01,IS-1022,2025-10-27,7534
D01,IS-1022,2025-11-03,7412
D01,IS-1022,2025-11-10,7287
D01,IS-1022,2025-11-17,7449
D01,IS-1022,2025-11-24,6617
D01,IS-1022,2025-12-01,6484
D01,IS-1022,2025-12-08,6570
D01,IS-1022,2025-12-15,6616
D01,IS-1022,2025-12-22,7092
D01,IS-1022,2025-12-29,6529
D01,IS-1022,2026-01-05,6404
D01,IS-1022,2026-01-12,6527
D01,IS-1022,2026-01-19,6420
D01,IS-1022,2026-01-26,6479
D01,IS-1022,2026-02-02,6272
D01,IS-1022,2026-02-09,5770
D01,IS-1022,2026-02-16,6910
D01,IS-1022,2026-02-23,6740
D01,IS-1022,2026-03-02,6141
D01,IS-1022,2026-03-09,5583
D01,IS-1022,2026-03-16,5750
D01,IS-1022,2026-03-23,6867
D01,IS-1022,2026-03-30,6579
D01,IS-1022,2026-04-06,5987
D01,IS-1022,2026-04-13,5425
D01,IS-1022,2026-04-20,4718
D01,IS-1022,2026-04-27,5646
D01,IS-1022,2026-05-04,5626
D01,IS-1022,2026-05-11,4937
D01,IS-1022,2026-05-18,5391
D01,IS-1022,2026-05-25,5473
D01,IS-1022,2026-06-01,5420
D01,IS-1022,2026-06-08,6400
D01,IS-1022,2026-06-15,6489
D01,IS-1022,2026-06-22,6237
D01,IG-1014,2024-01-01,833
D01,IG-1014,2024-01-08,816
D01,IG-1014,2024-01-15,813
D01,IG-1014,2024-01-22,827
D01,IG-1014,2024-01-29,793
D01,IG-1014,2024-02-05,772
D01,IG-1014,2024-02-12,722
D01,IG-1014,2024-02-19,810
D01,IG-1014,2024-02-26,810
D01,IG-1014,2024-03-04,808
D01,IG-1014,2024-03-11,809
D01,IG-1014,2024-03-18,822
D01,IG-1014,2024-03-25,783
D01,IG-1014,2024-04-01,753
D01,IG-1014,2024-04-08,708
D01,IG-1014,2024-04-15,658
D01,IG-1014,2024-04-22,674
D01,IG-1014,2024-04-29,694
D01,IG-1014,2024-05-06,680
D01,IG-1014,2024-05-13,578
D01,IG-1014,2024-05-20,620
D01,IG-1014,2024-05-27,688
D01,IG-1014,2024-06-03,711
D01,IG-1014,2024-06-10,635
D01,IG-1014,2024-06-17,670
D01,IG-1014,2024-06-24,589
D01,IG-1014,2024-07-01,572
D01,IG-1014,2024-07-08,544
D01,IG-1014,2024-07-15,536
D01,IG-1014,2024-07-22,590
D01,IG-1014,2024-07-29,545
D01,IG-1014,2024-08-05,597
D01,IG-1014,2024-08-12,643
D01,IG-1014,2024-08-19,852
D01,IG-1014,2024-08-26,912
D01,IG-1014,2024-09-02,1062
D01,IG-1014,2024-09-09,1060
D01,IG-1014,2024-09-16,968
D01,IG-1014,2024-09-23,998
D01,IG-1014,2024-09-30,920
D01,IG-1014,2024-10-07,950
D01,IG-1014,2024-10-14,890
D01,IG-1014,2024-10-21,911
D01,IG-1014,2024-10-28,856
D01,IG-1014,2024-11-04,935
D01,IG-1014,2024-11-11,941
D01,IG-1014,2024-11-18,855
D01,IG-1014,2024-11-25,907
D01,IG-1014,2024-12-02,889
D01,IG-1014,2024-12-09,959
D01,IG-1014,2024-12-16,904
D01,IG-1014,2024-12-23,918
D01,IG-1014,2024-12-30,995
D01,IG-1014,2025-01-06,900
D01,IG-1014,2025-01-13,891
D01,IG-1014,2025-01-20,795
D01,IG-1014,2025-01-27,951
D01,IG-1014,2025-02-03,1113
D01,IG-1014,2025-02-10,1054
D01,IG-1014,2025-02-17,1098
D01,IG-1014,2025-02-24,1033
D01,IG-1014,2025-03-03,1009
D01,IG-1014,2025-03-10,908
D01,IG-1014,2025-03-17,808
D01,IG-1014,2025-03-24,939
D01,IG-1014,2025-03-31,889
D01,IG-1014,2025-04-07,935
D01,IG-1014,2025-04-14,850
D01,IG-1014,2025-04-21,821
D01,IG-1014,2025-04-28,791
D01,IG-1014,2025-05-05,678
D01,IG-1014,2025-05-12,766
D01,IG-1014,2025-05-19,821
D01,IG-1014,2025-05-26,705
D01,IG-1014,2025-06-02,664
D01,IG-1014,2025-06-09,593
D01,IG-1014,2025-06-16,564
D01,IG-1014,2025-06-23,517
D01,IG-1014,2025-06-30,561
D01,IG-1014,2025-07-07,699
D01,IG-1014,2025-07-14,672
D01,IG-1014,2025-07-21,965
D01,IG-1014,2025-07-28,1009
D01,IG-1014,2025-08-04,1164
D01,IG-1014,2025-08-11,1179
D01,IG-1014,2025-08-18,1340
D01,IG-1014,2025-08-25,1395
D01,IG-1014,2025-09-01,1315
D01,IG-1014,2025-09-08,1327
D01,IG-1014,2025-09-15,1241
D01,IG-1014,2025-09-22,1389
D01,IG-1014,2025-09-29,1426
D01,IG-1014,2025-10-06,1660
D01,IG-1014,2025-10-13,1725
D01,IG-1014,2025-10-20,1743
D01,IG-1014,2025-10-27,1764
D01,IG-1014,2025-11-03,1775
D01,IG-1014,2025-11-10,1691
D01,IG-1014,2025-11-17,1657
D01,IG-1014,2025-11-24,1580
D01,IG-1014,2025-12-01,1503
D01,IG-1014,2025-12-08,1438
D01,IG-1014,2025-12-15,1392
D01,IG-1014,2025-12-22,1328
D01,IG-1014,2025-12-29,1259
D01,IG-1014,2026-01-05,1198
D01,IG-1014,2026-01-12,1137
D01,IG-1014,2026-01-19,1083
D01,IG-1014,2026-01-26,1030
D01,IG-1014,2026-02-02,1028
D01,IG-1014,2026-02-09,996
D01,IG-1014,2026-02-16,934
D01,IG-1014,2026-02-23,869
D01,IG-1014,2026-03-02,815
D01,IG-1014,2026-03-09,847
D01,IG-1014,2026-03-16,836
D01,IG-1014,2026-03-23,957
D01,IG-1014,2026-03-30,890
D01,IG-1014,2026-04-06,823
D01,IG-1014,2026-04-13,825
D01,IG-1014,2026-04-20,786
D01,IG-1014,2026-04-27,700
D01,IG-1014,2026-05-04,639
D01,IG-1014,2026-05-11,569
D01,IG-1014,2026-05-18,505
D01,IG-1014,2026-05-25,516
D01,IG-1014,2026-06-01,640
D01,IG-1014,2026-06-08,629
D01,IG-1014,2026-06-15,613
D01,IG-1014,2026-06-22,587
D01,SC-1021,2024-01-01,5412
D01,SC-1021,2024-01-08,5685
D01,SC-1021,2024-01-15,5701
D01,SC-1021,2024-01-22,5726
D01,SC-1021,2024-01-29,5834
D01,SC-1021,2024-02-05,5477
D01,SC-1021,2024-02-12,5630
D01,SC-1021,2024-02-19,5702
D01,SC-1021,2024-02-26,5710
D01,SC-1021,2024-03-04,5705
D01,SC-1021,2024-03-11,5765
D01,SC-1021,2024-03-18,5869
D01,SC-1021,2024-03-25,5879
D01,SC-1021,2024-04-01,5855
D01,SC-1021,2024-04-08,5911
D01,SC-1021,2024-04-15,5824
D01,SC-1021,2024-04-22,5377
D01,SC-1021,2024-04-29,5458
D01,SC-1021,2024-05-06,5381
D01,SC-1021,2024-05-13,5441
D01,SC-1021,2024-05-20,5118
D01,SC-1021,2024-05-27,4849
D01,SC-1021,2024-06-03,4599
D01,SC-1021,2024-06-10,4116
D01,SC-1021,2024-06-17,3531
D01,SC-1021,2024-06-24,4100
D01,SC-1021,2024-07-01,4533
D01,SC-1021,2024-07-08,3819
D01,SC-1021,2024-07-15,3152
D01,SC-1021,2024-07-22,3401
D01,SC-1021,2024-07-29,3967
D01,SC-1021,2024-08-05,3493
D01,SC-1021,2024-08-12,3850
D01,SC-1021,2024-08-19,3396
D01,SC-1021,2024-08-26,2786
D01,SC-1021,2024-09-02,3350
D01,SC-1021,2024-09-09,4328
D01,SC-1021,2024-09-16,4966
D01,SC-1021,2024-09-23,5480
D01,SC-1021,2024-09-30,5482
D01,SC-1021,2024-10-07,6240
D01,SC-1021,2024-10-14,6674
D01,SC-1021,2024-10-21,7594
D01,SC-1021,2024-10-28,8841
D01,SC-1021,2024-11-04,8262
D01,SC-1021,2024-11-11,7425
D01,SC-1021,2024-11-18,6924
D01,SC-1021,2024-11-25,7598
D01,SC-1021,2024-12-02,7425
D01,SC-1021,2024-12-09,6936
D01,SC-1021,2024-12-16,6210
D01,SC-1021,2024-12-23,5617
D01,SC-1021,2024-12-30,5013
D01,SC-1021,2025-01-06,6000
D01,SC-1021,2025-01-13,5166
D01,SC-1021,2025-01-20,4473
D01,SC-1021,2025-01-27,4087
D01,SC-1021,2025-02-03,4186
D01,SC-1021,2025-02-10,5617
D01,SC-1021,2025-02-17,5330
D01,SC-1021,2025-02-24,5781
D01,SC-1021,2025-03-03,5237
D01,SC-1021,2025-03-10,5067
D01,SC-1021,2025-03-17,4814
D01,SC-1021,2025-03-24,4822
D01,SC-1021,2025-03-31,5589
D01,SC-1021,2025-04-07,5037
D01,SC-1021,2025-04-14,4657
D01,SC-1021,2025-04-21,4518
D01,SC-1021,2025-04-28,4178
D01,SC-1021,2025-05-05,4665
D01,SC-1021,2025-05-12,4577
D01,SC-1021,2025-05-19,4264
D01,SC-1021,2025-05-26,3655
D01,SC-1021,2025-06-02,4828
D01,SC-1021,2025-06-09,5390
D01,SC-1021,2025-06-16,5384
D01,SC-1021,2025-06-23,5584
D01,SC-1021,2025-06-30,5161
D01,SC-1021,2025-07-07,5562
D01,SC-1021,2025-07-14,5550
D01,SC-1021,2025-07-21,6086
D01,SC-1021,2025-07-28,5858
D01,SC-1021,2025-08-04,5133
D01,SC-1021,2025-08-11,5108
D01,SC-1021,2025-08-18,4497
D01,SC-1021,2025-08-25,4060
D01,SC-1021,2025-09-01,3639
D01,SC-1021,2025-09-08,3176
D01,SC-1021,2025-09-15,2709
D01,SC-1021,2025-09-22,2158
D01,SC-1021,2025-09-29,2036
D01,SC-1021,2025-10-06,3902
D01,SC-1021,2025-10-13,4865
D01,SC-1021,2025-10-20,4193
D01,SC-1021,2025-10-27,6120
D01,SC-1021,2025-11-03,5624
D01,SC-1021,2025-11-10,5605
D01,SC-1021,2025-11-17,6998
D01,SC-1021,2025-11-24,8706
D01,SC-1021,2025-12-01,9376
D01,SC-1021,2025-12-08,9922
D01,SC-1021,2025-12-15,10911
D01,SC-1021,2025-12-22,10507
D01,SC-1021,2025-12-29,10119
D01,SC-1021,2026-01-05,11002
D01,SC-1021,2026-01-12,10576
D01,SC-1021,2026-01-19,10288
D01,SC-1021,2026-01-26,11185
D01,SC-1021,2026-02-02,10769
D01,SC-1021,2026-02-09,10724
D01,SC-1021,2026-02-16,10195
D01,SC-1021,2026-02-23,9809
D01,SC-1021,2026-03-02,9401
D01,SC-1021,2026-03-09,9014
D01,SC-1021,2026-03-16,8597
D01,SC-1021,2026-03-23,8082
D01,SC-1021,2026-03-30,7470
D01,SC-1021,2026-04-06,6998
D01,SC-1021,2026-04-13,6502
D01,SC-1021,2026-04-20,5953
D01,SC-1021,2026-04-27,5510
D01,SC-1021,2026-05-04,4966
D01,SC-1021,2026-05-11,4480
D01,SC-1021,2026-05-18,4037
D01,SC-1021,2026-05-25,3579
D01,SC-1021,2026-06-01,3248
D01,SC-1021,2026-06-08,2794
D01,SC-1021,2026-06-15,2449
D01,SC-1021,2026-06-22,2208
D01,IS-1025,2024-01-01,4997
D01,IS-1025,2024-01-08,5008
D01,IS-1025,2024-01-15,5025
D01,IS-1025,2024-01-22,5012
D01,IS-1025,2024-01-29,4976
D01,IS-1025,2024-02-05,5083
D01,IS-1025,2024-02-12,4878
D01,IS-1025,2024-02-19,4899
D01,IS-1025,2024-02-26,5131
D01,IS-1025,2024-03-04,5020
D01,IS-1025,2024-03-11,5065
D01,IS-1025,2024-03-18,5148
D01,IS-1025,2024-03-25,5113
D01,IS-1025,2024-04-01,5139
D01,IS-1025,2024-04-08,5192
D01,IS-1025,2024-04-15,5129
D01,IS-1025,2024-04-22,5227
D01,IS-1025,2024-04-29,4694
D01,IS-1025,2024-05-06,4733
D01,IS-1025,2024-05-13,4686
D01,IS-1025,2024-05-20,4574
D01,IS-1025,2024-05-27,4992
D01,IS-1025,2024-06-03,4933
D01,IS-1025,2024-06-10,4501
D01,IS-1025,2024-06-17,4682
D01,IS-1025,2024-06-24,4611
D01,IS-1025,2024-07-01,4144
D01,IS-1025,2024-07-08,4559
D01,IS-1025,2024-07-15,4716
D01,IS-1025,2024-07-22,4747
D01,IS-1025,2024-07-29,4838
D01,IS-1025,2024-08-05,4779
D01,IS-1025,2024-08-12,4557
D01,IS-1025,2024-08-19,3972
D01,IS-1025,2024-08-26,4884
D01,IS-1025,2024-09-02,4818
D01,IS-1025,2024-09-09,4842
D01,IS-1025,2024-09-16,4855
D01,IS-1025,2024-09-23,5176
D01,IS-1025,2024-09-30,5567
D01,IS-1025,2024-10-07,6115
D01,IS-1025,2024-10-14,6188
D01,IS-1025,2024-10-21,6461
D01,IS-1025,2024-10-28,6521
D01,IS-1025,2024-11-04,6104
D01,IS-1025,2024-11-11,6158
D01,IS-1025,2024-11-18,6062
D01,IS-1025,2024-11-25,6086
D01,IS-1025,2024-12-02,5551
D01,IS-1025,2024-12-09,5448
D01,IS-1025,2024-12-16,5042
D01,IS-1025,2024-12-23,5216
D01,IS-1025,2024-12-30,5183
D01,IS-1025,2025-01-06,4747
D01,IS-1025,2025-01-13,4802
D01,IS-1025,2025-01-20,4381
D01,IS-1025,2025-01-27,4209
D01,IS-1025,2025-02-03,4397
D01,IS-1025,2025-02-10,4611
D01,IS-1025,2025-02-17,4620
D01,IS-1025,2025-02-24,4745
D01,IS-1025,2025-03-03,4741
D01,IS-1025,2025-03-10,4545
D01,IS-1025,2025-03-17,4809
D01,IS-1025,2025-03-24,5118
D01,IS-1025,2025-03-31,4769
D01,IS-1025,2025-04-07,4456
D01,IS-1025,2025-04-14,4469
D01,IS-1025,2025-04-21,3975
D01,IS-1025,2025-04-28,4242
D01,IS-1025,2025-05-05,4755
D01,IS-1025,2025-05-12,5268
D01,IS-1025,2025-05-19,4902
D01,IS-1025,2025-05-26,5169
D01,IS-1025,2025-06-02,5128
D01,IS-1025,2025-06-09,4803
D01,IS-1025,2025-06-16,4274
D01,IS-1025,2025-06-23,4078
D01,IS-1025,2025-06-30,3603
D01,IS-1025,2025-07-07,3542
D01,IS-1025,2025-07-14,3719
D01,IS-1025,2025-07-21,3752
D01,IS-1025,2025-07-28,4461
D01,IS-1025,2025-08-04,4455
D01,IS-1025,2025-08-11,4878
D01,IS-1025,2025-08-18,5441
D01,IS-1025,2025-08-25,4969
D01,IS-1025,2025-09-01,5858
D01,IS-1025,2025-09-08,6024
D01,IS-1025,2025-09-15,6079
D01,IS-1025,2025-09-22,5782
D01,IS-1025,2025-09-29,5578
D01,IS-1025,2025-10-06,6303
D01,IS-1025,2025-10-13,6033
D01,IS-1025,2025-10-20,5710
D01,IS-1025,2025-10-27,5692
D01,IS-1025,2025-11-03,5454
D01,IS-1025,2025-11-10,4979
D01,IS-1025,2025-11-17,4841
D01,IS-1025,2025-11-24,5307
D01,IS-1025,2025-12-01,5014
D01,IS-1025,2025-12-08,5178
D01,IS-1025,2025-12-15,4718
D01,IS-1025,2025-12-22,4844
D01,IS-1025,2025-12-29,5002
D01,IS-1025,2026-01-05,4592
D01,IS-1025,2026-01-12,4369
D01,IS-1025,2026-01-19,4746
D01,IS-1025,2026-01-26,4420
D01,IS-1025,2026-02-02,4283
D01,IS-1025,2026-02-09,4950
D01,IS-1025,2026-02-16,4687
D01,IS-1025,2026-02-23,4212
D01,IS-1025,2026-03-02,3972
D01,IS-1025,2026-03-09,4168
D01,IS-1025,2026-03-16,3857
D01,IS-1025,2026-03-23,4407
D01,IS-1025,2026-03-30,4086
D01,IS-1025,2026-04-06,3555
D01,IS-1025,2026-04-13,3526
D01,IS-1025,2026-04-20,3567
D01,IS-1025,2026-04-27,4300
D01,IS-1025,2026-05-04,3783
D01,IS-1025,2026-05-11,3563
D01,IS-1025,2026-05-18,4646
D01,IS-1025,2026-05-25,5080
D01,IS-1025,2026-06-01,4824
D01,IS-1025,2026-06-08,4627
D01,IS-1025,2026-06-15,4588
D01,IS-1025,2026-06-22,4113
D01,PM-1006,2024-01-01,48438
D01,PM-1006,2024-01-08,47454
D01,PM-1006,2024-01-15,48698
D01,PM-1006,2024-01-22,52742
D01,PM-1006,2024-01-29,52833
D01,PM-1006,2024-02-05,54729
D01,PM-1006,2024-02-12,55244
D01,PM-1006,2024-02-19,54905
D01,PM-1006,2024-02-26,55018
D01,PM-1006,2024-03-04,55085
D01,PM-1006,2024-03-11,50472
D01,PM-1006,2024-03-18,46274
D01,PM-1006,2024-03-25,42321
D01,PM-1006,2024-04-01,42270
D01,PM-1006,2024-04-08,39727
D01,PM-1006,2024-04-15,34072
D01,PM-1006,2024-04-22,32874
D01,PM-1006,2024-04-29,30287
D01,PM-1006,2024-05-06,37377
D01,PM-1006,2024-05-13,40675
D01,PM-1006,2024-05-20,41549
D01,PM-1006,2024-05-27,38697
D01,PM-1006,2024-06-03,38030
D01,PM-1006,2024-06-10,43677
D01,PM-1006,2024-06-17,44796
D01,PM-1006,2024-06-24,45454
D01,PM-1006,2024-07-01,43937
D01,PM-1006,2024-07-08,48402
D01,PM-1006,2024-07-15,47798
D01,PM-1006,2024-07-22,50420
D01,PM-1006,2024-07-29,50216
D01,PM-1006,2024-08-05,51569
D01,PM-1006,2024-08-12,51027
D01,PM-1006,2024-08-19,47652
D01,PM-1006,2024-08-26,52357
D01,PM-1006,2024-09-02,50951
D01,PM-1006,2024-09-09,51564
D01,PM-1006,2024-09-16,51619
D01,PM-1006,2024-09-23,55340
D01,PM-1006,2024-09-30,51755
D01,PM-1006,2024-10-07,58394
D01,PM-1006,2024-10-14,59183
D01,PM-1006,2024-10-21,59118
D01,PM-1006,2024-10-28,57497
D01,PM-1006,2024-11-04,62036
D01,PM-1006,2024-11-11,61655
D01,PM-1006,2024-11-18,59005
D01,PM-1006,2024-11-25,62453
D01,PM-1006,2024-12-02,58967
D01,PM-1006,2024-12-09,62656
D01,PM-1006,2024-12-16,58072
D01,PM-1006,2024-12-23,55146
D01,PM-1006,2024-12-30,54938
D01,PM-1006,2025-01-06,53169
D01,PM-1006,2025-01-13,53415
D01,PM-1006,2025-01-20,51329
D01,PM-1006,2025-01-27,47251
D01,PM-1006,2025-02-03,42997
D01,PM-1006,2025-02-10,41964
D01,PM-1006,2025-02-17,41648
D01,PM-1006,2025-02-24,39103
D01,PM-1006,2025-03-03,39497
D01,PM-1006,2025-03-10,44304
D01,PM-1006,2025-03-17,47430
D01,PM-1006,2025-03-24,47855
D01,PM-1006,2025-03-31,46350
D01,PM-1006,2025-04-07,44682
D01,PM-1006,2025-04-14,50594
D01,PM-1006,2025-04-21,48350
D01,PM-1006,2025-04-28,49102
D01,PM-1006,2025-05-05,46361
D01,PM-1006,2025-05-12,44405
D01,PM-1006,2025-05-19,38409
D01,PM-1006,2025-05-26,39069
D01,PM-1006,2025-06-02,38799
D01,PM-1006,2025-06-09,36543
D01,PM-1006,2025-06-16,42821
D01,PM-1006,2025-06-23,44088
D01,PM-1006,2025-06-30,43731
D01,PM-1006,2025-07-07,43167
D01,PM-1006,2025-07-14,48035
D01,PM-1006,2025-07-21,48894
D01,PM-1006,2025-07-28,56952
D01,PM-1006,2025-08-04,56913
D01,PM-1006,2025-08-11,59003
D01,PM-1006,2025-08-18,60273
D01,PM-1006,2025-08-25,62058
D01,PM-1006,2025-09-01,60232
D01,PM-1006,2025-09-08,55542
D01,PM-1006,2025-09-15,51722
D01,PM-1006,2025-09-22,46265
D01,PM-1006,2025-09-29,51554
D01,PM-1006,2025-10-06,47427
D01,PM-1006,2025-10-13,43262
D01,PM-1006,2025-10-20,41451
D01,PM-1006,2025-10-27,40739
D01,PM-1006,2025-11-03,41543
D01,PM-1006,2025-11-10,42805
D01,PM-1006,2025-11-17,45533
D01,PM-1006,2025-11-24,46763
D01,PM-1006,2025-12-01,54046
D01,PM-1006,2025-12-08,49628
D01,PM-1006,2025-12-15,45343
D01,PM-1006,2025-12-22,47757
D01,PM-1006,2025-12-29,52135
D01,PM-1006,2026-01-05,53071
D01,PM-1006,2026-01-12,50748
D01,PM-1006,2026-01-19,50677
D01,PM-1006,2026-01-26,48979
D01,PM-1006,2026-02-02,54448
D01,PM-1006,2026-02-09,53491
D01,PM-1006,2026-02-16,52083
D01,PM-1006,2026-02-23,51941
D01,PM-1006,2026-03-02,46964
D01,PM-1006,2026-03-09,49301
D01,PM-1006,2026-03-16,47213
D01,PM-1006,2026-03-23,43294
D01,PM-1006,2026-03-30,44352
D01,PM-1006,2026-04-06,43863
D01,PM-1006,2026-04-13,40039
D01,PM-1006,2026-04-20,44445
D01,PM-1006,2026-04-27,42416
D01,PM-1006,2026-05-04,39708
D01,PM-1006,2026-05-11,39254
D01,PM-1006,2026-05-18,43456
D01,PM-1006,2026-05-25,44250
D01,PM-1006,2026-06-01,47479
D01,PM-1006,2026-06-08,52618
D01,PM-1006,2026-06-15,48373
D01,PM-1006,2026-06-22,51939
D01,IS-1023,2024-01-01,7949
D01,IS-1023,2024-01-08,8174
D01,IS-1023,2024-01-15,8363
D01,IS-1023,2024-01-22,8391
D01,IS-1023,2024-01-29,8435
D01,IS-1023,2024-02-05,8524
D01,IS-1023,2024-02-12,8294
D01,IS-1023,2024-02-19,8299
D01,IS-1023,2024-02-26,8241
D01,IS-1023,2024-03-04,7763
D01,IS-1023,2024-03-11,7748
D01,IS-1023,2024-03-18,7342
D01,IS-1023,2024-03-25,7825
D01,IS-1023,2024-04-01,7063
D01,IS-1023,2024-04-08,6381
D01,IS-1023,2024-04-15,6006
D01,IS-1023,2024-04-22,5689
D01,IS-1023,2024-04-29,5393
D01,IS-1023,2024-05-06,6279
D01,IS-1023,2024-05-13,6003
D01,IS-1023,2024-05-20,6026
D01,IS-1023,2024-05-27,6837
D01,IS-1023,2024-06-03,7361
D01,IS-1023,2024-06-10,8806
D01,IS-1023,2024-06-17,8481
D01,IS-1023,2024-06-24,8576
D01,IS-1023,2024-07-01,7714
D01,IS-1023,2024-07-08,8728
D01,IS-1023,2024-07-15,9036
D01,IS-1023,2024-07-22,8511
D01,IS-1023,2024-07-29,8108
D01,IS-1023,2024-08-05,7910
D01,IS-1023,2024-08-12,8574
D01,IS-1023,2024-08-19,9509
D01,IS-1023,2024-08-26,9802
D01,IS-1023,2024-09-02,9432
D01,IS-1023,2024-09-09,9212
D01,IS-1023,2024-09-16,9215
D01,IS-1023,2024-09-23,8363
D01,IS-1023,2024-09-30,8619
D01,IS-1023,2024-10-07,8755
D01,IS-1023,2024-10-14,8746
D01,IS-1023,2024-10-21,9458
D01,IS-1023,2024-10-28,9652
D01,IS-1023,2024-11-04,9477
D01,IS-1023,2024-11-11,10666
D01,IS-1023,2024-11-18,11095
D01,IS-1023,2024-11-25,12155
D01,IS-1023,2024-12-02,12511
D01,IS-1023,2024-12-09,11800
D01,IS-1023,2024-12-16,11450
D01,IS-1023,2024-12-23,11527
D01,IS-1023,2024-12-30,10902
D01,IS-1023,2025-01-06,10149
D01,IS-1023,2025-01-13,9422
D01,IS-1023,2025-01-20,8756
D01,IS-1023,2025-01-27,8045
D01,IS-1023,2025-02-03,7297
D01,IS-1023,2025-02-10,6425
D01,IS-1023,2025-02-17,5784
D01,IS-1023,2025-02-24,6252
D01,IS-1023,2025-03-03,7376
D01,IS-1023,2025-03-10,7776
D01,IS-1023,2025-03-17,7457
D01,IS-1023,2025-03-24,7863
D01,IS-1023,2025-03-31,8263
D01,IS-1023,2025-04-07,7522
D01,IS-1023,2025-04-14,7408
D01,IS-1023,2025-04-21,7242
D01,IS-1023,2025-04-28,6228
D01,IS-1023,2025-05-05,6389
D01,IS-1023,2025-05-12,7142
D01,IS-1023,2025-05-19,7845
D01,IS-1023,2025-05-26,8463
D01,IS-1023,2025-06-02,7580
D01,IS-1023,2025-06-09,7605
D01,IS-1023,2025-06-16,7426
D01,IS-1023,2025-06-23,8680
D01,IS-1023,2025-06-30,8292
D01,IS-1023,2025-07-07,7280
D01,IS-1023,2025-07-14,6417
D01,IS-1023,2025-07-21,7000
D01,IS-1023,2025-07-28,6782
D01,IS-1023,2025-08-04,7009
D01,IS-1023,2025-08-11,7683
D01,IS-1023,2025-08-18,7300
D01,IS-1023,2025-08-25,6624
D01,IS-1023,2025-09-01,8193
D01,IS-1023,2025-09-08,8441
D01,IS-1023,2025-09-15,8811
D01,IS-1023,2025-09-22,8144
D01,IS-1023,2025-09-29,7499
D01,IS-1023,2025-10-06,7449
D01,IS-1023,2025-10-13,7402
D01,IS-1023,2025-10-20,10193
D01,IS-1023,2025-10-27,9435
D01,IS-1023,2025-11-03,9075
D01,IS-1023,2025-11-10,8796
D01,IS-1023,2025-11-17,8299
D01,IS-1023,2025-11-24,7811
D01,IS-1023,2025-12-01,7416
D01,IS-1023,2025-12-08,8334
D01,IS-1023,2025-12-15,7971
D01,IS-1023,2025-12-22,7278
D01,IS-1023,2025-12-29,7477
D01,IS-1023,2026-01-05,7768
D01,IS-1023,2026-01-12,7992
D01,IS-1023,2026-01-19,8106
D01,IS-1023,2026-01-26,7612
D01,IS-1023,2026-02-02,7016
D01,IS-1023,2026-02-09,6716
D01,IS-1023,2026-02-16,7616
D01,IS-1023,2026-02-23,8321
D01,IS-1023,2026-03-02,7976
D01,IS-1023,2026-03-09,7688
D01,IS-1023,2026-03-16,7608
D01,IS-1023,2026-03-23,7162
D01,IS-1023,2026-03-30,7352
D01,IS-1023,2026-04-06,7689
D01,IS-1023,2026-04-13,6952
D01,IS-1023,2026-04-20,6481
D01,IS-1023,2026-04-27,6453
D01,IS-1023,2026-05-04,6072
D01,IS-1023,2026-05-11,5904
D01,IS-1023,2026-05-18,5814
D01,IS-1023,2026-05-25,5502
D01,IS-1023,2026-06-01,6375
D01,IS-1023,2026-06-08,7038
D01,IS-1023,2026-06-15,6318
D01,IS-1023,2026-06-22,6499
D01,PW-1030,2024-01-01,6662
D01,PW-1030,2024-01-08,6891
D01,PW-1030,2024-01-15,6884
D01,PW-1030,2024-01-22,7033
D01,PW-1030,2024-01-29,7306
D01,PW-1030,2024-02-05,7401
D01,PW-1030,2024-02-12,7511
D01,PW-1030,2024-02-19,6920
D01,PW-1030,2024-02-26,7121
D01,PW-1030,2024-03-04,8069
D01,PW-1030,2024-03-11,7549
D01,PW-1030,2024-03-18,7611
D01,PW-1030,2024-03-25,6892
D01,PW-1030,2024-04-01,6689
D01,PW-1030,2024-04-08,5970
D01,PW-1030,2024-04-15,5826
D01,PW-1030,2024-04-22,5400
D01,PW-1030,2024-04-29,4813
D01,PW-1030,2024-05-06,4687
D01,PW-1030,2024-05-13,4593
D01,PW-1030,2024-05-20,4648
D01,PW-1030,2024-05-27,4081
D01,PW-1030,2024-06-03,3873
D01,PW-1030,2024-06-10,3926
D01,PW-1030,2024-06-17,5032
D01,PW-1030,2024-06-24,5154
D01,PW-1030,2024-07-01,5172
D01,PW-1030,2024-07-08,5076
D01,PW-1030,2024-07-15,5514
D01,PW-1030,2024-07-22,6419
D01,PW-1030,2024-07-29,6892
D01,PW-1030,2024-08-05,6315
D01,PW-1030,2024-08-12,6359
D01,PW-1030,2024-08-19,6682
D01,PW-1030,2024-08-26,7881
D01,PW-1030,2024-09-02,8864
D01,PW-1030,2024-09-09,8655
D01,PW-1030,2024-09-16,9062
D01,PW-1030,2024-09-23,8668
D01,PW-1030,2024-09-30,9481
D01,PW-1030,2024-10-07,10119
D01,PW-1030,2024-10-14,9457
D01,PW-1030,2024-10-21,9201
D01,PW-1030,2024-10-28,8901
D01,PW-1030,2024-11-04,8998
D01,PW-1030,2024-11-11,8698
D01,PW-1030,2024-11-18,8251
D01,PW-1030,2024-11-25,7997
D01,PW-1030,2024-12-02,7795
D01,PW-1030,2024-12-09,7627
D01,PW-1030,2024-12-16,7389
D01,PW-1030,2024-12-23,6899
D01,PW-1030,2024-12-30,6476
D01,PW-1030,2025-01-06,6592
D01,PW-1030,2025-01-13,6220
D01,PW-1030,2025-01-20,6509
D01,PW-1030,2025-01-27,5928
D01,PW-1030,2025-02-03,5508
D01,PW-1030,2025-02-10,4900
D01,PW-1030,2025-02-17,5165
D01,PW-1030,2025-02-24,5421
D01,PW-1030,2025-03-03,4901
D01,PW-1030,2025-03-10,5480
D01,PW-1030,2025-03-17,5044
D01,PW-1030,2025-03-24,5142
D01,PW-1030,2025-03-31,4109
D01,PW-1030,2025-04-07,4868
D01,PW-1030,2025-04-14,5135
D01,PW-1030,2025-04-21,5832
D01,PW-1030,2025-04-28,5772
D01,PW-1030,2025-05-05,5861
D01,PW-1030,2025-05-12,5530
D01,PW-1030,2025-05-19,5870
D01,PW-1030,2025-05-26,7586
D01,PW-1030,2025-06-02,8225
D01,PW-1030,2025-06-09,8858
D01,PW-1030,2025-06-16,8176
D01,PW-1030,2025-06-23,9173
D01,PW-1030,2025-06-30,9067
D01,PW-1030,2025-07-07,9000
D01,PW-1030,2025-07-14,8281
D01,PW-1030,2025-07-21,7795
D01,PW-1030,2025-07-28,7071
D01,PW-1030,2025-08-04,6892
D01,PW-1030,2025-08-11,7001
D01,PW-1030,2025-08-18,7282
D01,PW-1030,2025-08-25,7255
D01,PW-1030,2025-09-01,8854
D01,PW-1030,2025-09-08,9318
D01,PW-1030,2025-09-15,9931
D01,PW-1030,2025-09-22,9589
D01,PW-1030,2025-09-29,9901
D01,PW-1030,2025-10-06,9341
D01,PW-1030,2025-10-13,9080
D01,PW-1030,2025-10-20,8699
D01,PW-1030,2025-10-27,7877
D01,PW-1030,2025-11-03,7221
D01,PW-1030,2025-11-10,6591
D01,PW-1030,2025-11-17,7081
D01,PW-1030,2025-11-24,7375
D01,PW-1030,2025-12-01,7723
D01,PW-1030,2025-12-08,8573
D01,PW-1030,2025-12-15,7971
D01,PW-1030,2025-12-22,8052
D01,PW-1030,2025-12-29,8461
D01,PW-1030,2026-01-05,8717
D01,PW-1030,2026-01-12,8132
D01,PW-1030,2026-01-19,7845
D01,PW-1030,2026-01-26,7425
D01,PW-1030,2026-02-02,6846
D01,PW-1030,2026-02-09,7444
D01,PW-1030,2026-02-16,7509
D01,PW-1030,2026-02-23,7075
D01,PW-1030,2026-03-02,6427
D01,PW-1030,2026-03-09,5521
D01,PW-1030,2026-03-16,4418
D01,PW-1030,2026-03-23,5453
D01,PW-1030,2026-03-30,5925
D01,PW-1030,2026-04-06,5887
D01,PW-1030,2026-04-13,6090
D01,PW-1030,2026-04-20,5446
D01,PW-1030,2026-04-27,5435
D01,PW-1030,2026-05-04,5347
D01,PW-1030,2026-05-11,5264
D01,PW-1030,2026-05-18,4735
D01,PW-1030,2026-05-25,5383
D01,PW-1030,2026-06-01,5512
D01,PW-1030,2026-06-08,6736
D01,PW-1030,2026-06-15,6501
D01,PW-1030,2026-06-22,8330
D01,IG-1012,2024-01-01,1757
D01,IG-1012,2024-01-08,1784
D01,IG-1012,2024-01-15,1787
D01,IG-1012,2024-01-22,1752
D01,IG-1012,2024-01-29,1752
D01,IG-1012,2024-02-05,1766
D01,IG-1012,2024-02-12,1750
D01,IG-1012,2024-02-19,1676
D01,IG-1012,2024-02-26,1661
D01,IG-1012,2024-03-04,1484
D01,IG-1012,2024-03-11,1713
D01,IG-1012,2024-03-18,1740
D01,IG-1012,2024-03-25,1756
D01,IG-1012,2024-04-01,1780
D01,IG-1012,2024-04-08,1767
D01,IG-1012,2024-04-15,1789
D01,IG-1012,2024-04-22,1879
D01,IG-1012,2024-04-29,1778
D01,IG-1012,2024-05-06,1694
D01,IG-1012,2024-05-13,1857
D01,IG-1012,2024-05-20,1876
D01,IG-1012,2024-05-27,1780
D01,IG-1012,2024-06-03,1760
D01,IG-1012,2024-06-10,1713
D01,IG-1012,2024-06-17,1663
D01,IG-1012,2024-06-24,1667
D01,IG-1012,2024-07-01,1745
D01,IG-1012,2024-07-08,1520
D01,IG-1012,2024-07-15,1386
D01,IG-1012,2024-07-22,1280
D01,IG-1012,2024-07-29,1299
D01,IG-1012,2024-08-05,1208
D01,IG-1012,2024-08-12,1079
D01,IG-1012,2024-08-19,917
D01,IG-1012,2024-08-26,1096
D01,IG-1012,2024-09-02,1203
D01,IG-1012,2024-09-09,1282
D01,IG-1012,2024-09-16,1339
D01,IG-1012,2024-09-23,1663
D01,IG-1012,2024-09-30,2037
D01,IG-1012,2024-10-07,2025
D01,IG-1012,2024-10-14,2306
D01,IG-1012,2024-10-21,2297
D01,IG-1012,2024-10-28,2594
D01,IG-1012,2024-11-04,2696
D01,IG-1012,2024-11-11,2803
D01,IG-1012,2024-11-18,2640
D01,IG-1012,2024-11-25,2488
D01,IG-1012,2024-12-02,2690
D01,IG-1012,2024-12-09,2722
D01,IG-1012,2024-12-16,2642
D01,IG-1012,2024-12-23,2439
D01,IG-1012,2024-12-30,2201
D01,IG-1012,2025-01-06,2001
D01,IG-1012,2025-01-13,2054
D01,IG-1012,2025-01-20,1945
D01,IG-1012,2025-01-27,1754
D01,IG-1012,2025-02-03,1748
D01,IG-1012,2025-02-10,1761
D01,IG-1012,2025-02-17,1864
D01,IG-1012,2025-02-24,1824
D01,IG-1012,2025-03-03,1671
D01,IG-1012,2025-03-10,1520
D01,IG-1012,2025-03-17,1383
D01,IG-1012,2025-03-24,1410
D01,IG-1012,2025-03-31,1229
D01,IG-1012,2025-04-07,1026
D01,IG-1012,2025-04-14,981
D01,IG-1012,2025-04-21,1238
D01,IG-1012,2025-04-28,1649
D01,IG-1012,2025-05-05,1819
D01,IG-1012,2025-05-12,1891
D01,IG-1012,2025-05-19,1935
D01,IG-1012,2025-05-26,2090
D01,IG-1012,2025-06-02,1913
D01,IG-1012,2025-06-09,2107
D01,IG-1012,2025-06-16,1772
D01,IG-1012,2025-06-23,1470
D01,IG-1012,2025-06-30,1362
D01,IG-1012,2025-07-07,1555
D01,IG-1012,2025-07-14,1444
D01,IG-1012,2025-07-21,1377
D01,IG-1012,2025-07-28,1748
D01,IG-1012,2025-08-04,1755
D01,IG-1012,2025-08-11,1961
D01,IG-1012,2025-08-18,2139
D01,IG-1012,2025-08-25,2463
D01,IG-1012,2025-09-01,2747
D01,IG-1012,2025-09-08,3190
D01,IG-1012,2025-09-15,3464
D01,IG-1012,2025-09-22,3717
D01,IG-1012,2025-09-29,3995
D01,IG-1012,2025-10-06,4609
D01,IG-1012,2025-10-13,4999
D01,IG-1012,2025-10-20,5039
D01,IG-1012,2025-10-27,4891
D01,IG-1012,2025-11-03,4720
D01,IG-1012,2025-11-10,4539
D01,IG-1012,2025-11-17,4393
D01,IG-1012,2025-11-24,4247
D01,IG-1012,2025-12-01,4110
D01,IG-1012,2025-12-08,3961
D01,IG-1012,2025-12-15,3815
D01,IG-1012,2025-12-22,3648
D01,IG-1012,2025-12-29,3545
D01,IG-1012,2026-01-05,3415
D01,IG-1012,2026-01-12,3272
D01,IG-1012,2026-01-19,3138
D01,IG-1012,2026-01-26,3021
D01,IG-1012,2026-02-02,2911
D01,IG-1012,2026-02-09,2759
D01,IG-1012,2026-02-16,2639
D01,IG-1012,2026-02-23,2535
D01,IG-1012,2026-03-02,2382
D01,IG-1012,2026-03-09,2238
D01,IG-1012,2026-03-16,2106
D01,IG-1012,2026-03-23,1988
D01,IG-1012,2026-03-30,1856
D01,IG-1012,2026-04-06,1854
D01,IG-1012,2026-04-13,1979
D01,IG-1012,2026-04-20,1872
D01,IG-1012,2026-04-27,1748
D01,IG-1012,2026-05-04,1612
D01,IG-1012,2026-05-11,1554
D01,IG-1012,2026-05-18,1462
D01,IG-1012,2026-05-25,1299
D01,IG-1012,2026-06-01,1305
D01,IG-1012,2026-06-08,1154
D01,IG-1012,2026-06-15,1090
D01,IG-1012,2026-06-22,1171
D01,PM-1001,2024-01-01,18466
D01,PM-1001,2024-01-08,19002
D01,PM-1001,2024-01-15,19492
D01,PM-1001,2024-01-22,19747
D01,PM-1001,2024-01-29,19777
D01,PM-1001,2024-02-05,19943
D01,PM-1001,2024-02-12,20026
D01,PM-1001,2024-02-19,20365
D01,PM-1001,2024-02-26,20455
D01,PM-1001,2024-03-04,20732
D01,PM-1001,2024-03-11,19067
D01,PM-1001,2024-03-18,16680
D01,PM-1001,2024-03-25,15401
D01,PM-1001,2024-04-01,15020
D01,PM-1001,2024-04-08,15566
D01,PM-1001,2024-04-15,15779
D01,PM-1001,2024-04-22,16769
D01,PM-1001,2024-04-29,16159
D01,PM-1001,2024-05-06,18008
D01,PM-1001,2024-05-13,18331
D01,PM-1001,2024-05-20,18037
D01,PM-1001,2024-05-27,19586
D01,PM-1001,2024-06-03,18073
D01,PM-1001,2024-06-10,16507
D01,PM-1001,2024-06-17,16959
D01,PM-1001,2024-06-24,16633
D01,PM-1001,2024-07-01,14598
D01,PM-1001,2024-07-08,14670
D01,PM-1001,2024-07-15,14207
D01,PM-1001,2024-07-22,13838
D01,PM-1001,2024-07-29,17254
D01,PM-1001,2024-08-05,20246
D01,PM-1001,2024-08-12,18951
D01,PM-1001,2024-08-19,18423
D01,PM-1001,2024-08-26,17947
D01,PM-1001,2024-09-02,20262
D01,PM-1001,2024-09-09,21422
D01,PM-1001,2024-09-16,21192
D01,PM-1001,2024-09-23,20198
D01,PM-1001,2024-09-30,18911
D01,PM-1001,2024-10-07,19411
D01,PM-1001,2024-10-14,20629
D01,PM-1001,2024-10-21,21352
D01,PM-1001,2024-10-28,19547
D01,PM-1001,2024-11-04,18605
D01,PM-1001,2024-11-11,18598
D01,PM-1001,2024-11-18,18279
D01,PM-1001,2024-11-25,18012
D01,PM-1001,2024-12-02,19404
D01,PM-1001,2024-12-09,19333
D01,PM-1001,2024-12-16,17798
D01,PM-1001,2024-12-23,18696
D01,PM-1001,2024-12-30,18392
D01,PM-1001,2025-01-06,19123
D01,PM-1001,2025-01-13,19547
D01,PM-1001,2025-01-20,19074
D01,PM-1001,2025-01-27,18132
D01,PM-1001,2025-02-03,16595
D01,PM-1001,2025-02-10,15864
D01,PM-1001,2025-02-17,16102
D01,PM-1001,2025-02-24,17227
D01,PM-1001,2025-03-03,16599
D01,PM-1001,2025-03-10,16209
D01,PM-1001,2025-03-17,15389
D01,PM-1001,2025-03-24,15105
D01,PM-1001,2025-03-31,15425
D01,PM-1001,2025-04-07,17775
D01,PM-1001,2025-04-14,16743
D01,PM-1001,2025-04-21,15495
D01,PM-1001,2025-04-28,16368
D01,PM-1001,2025-05-05,14070
D01,PM-1001,2025-05-12,14678
D01,PM-1001,2025-05-19,12250
D01,PM-1001,2025-05-26,12832
D01,PM-1001,2025-06-02,14420
D01,PM-1001,2025-06-09,12237
D01,PM-1001,2025-06-16,13941
D01,PM-1001,2025-06-23,15129
D01,PM-1001,2025-06-30,13591
D01,PM-1001,2025-07-07,12661
D01,PM-1001,2025-07-14,10908
D01,PM-1001,2025-07-21,15020
D01,PM-1001,2025-07-28,16764
D01,PM-1001,2025-08-04,17646
D01,PM-1001,2025-08-11,15397
D01,PM-1001,2025-08-18,18587
D01,PM-1001,2025-08-25,19792
D01,PM-1001,2025-09-01,20310
D01,PM-1001,2025-09-08,18649
D01,PM-1001,2025-09-15,20270
D01,PM-1001,2025-09-22,18834
D01,PM-1001,2025-09-29,21240
D01,PM-1001,2025-10-06,21132
D01,PM-1001,2025-10-13,20416
D01,PM-1001,2025-10-20,21813
D01,PM-1001,2025-10-27,22214
D01,PM-1001,2025-11-03,22716
D01,PM-1001,2025-11-10,20220
D01,PM-1001,2025-11-17,19178
D01,PM-1001,2025-11-24,18584
D01,PM-1001,2025-12-01,17531
D01,PM-1001,2025-12-08,17461
D01,PM-1001,2025-12-15,15804
D01,PM-1001,2025-12-22,15421
D01,PM-1001,2025-12-29,16672
D01,PM-1001,2026-01-05,16729
D01,PM-1001,2026-01-12,15786
D01,PM-1001,2026-01-19,18060
D01,PM-1001,2026-01-26,16778
D01,PM-1001,2026-02-02,16772
D01,PM-1001,2026-02-09,17322
D01,PM-1001,2026-02-16,16308
D01,PM-1001,2026-02-23,15192
D01,PM-1001,2026-03-02,16021
D01,PM-1001,2026-03-09,17038
D01,PM-1001,2026-03-16,16033
D01,PM-1001,2026-03-23,16935
D01,PM-1001,2026-03-30,16363
D01,PM-1001,2026-04-06,17169
D01,PM-1001,2026-04-13,18210
D01,PM-1001,2026-04-20,17273
D01,PM-1001,2026-04-27,19083
D01,PM-1001,2026-05-04,17938
D01,PM-1001,2026-05-11,16045
D01,PM-1001,2026-05-18,14700
D01,PM-1001,2026-05-25,13624
D01,PM-1001,2026-06-01,14515
D01,PM-1001,2026-06-08,16599
D01,PM-1001,2026-06-15,16970
D01,PM-1001,2026-06-22,16269
D01,IG-1013,2024-01-01,581
D01,IG-1013,2024-01-08,586
D01,IG-1013,2024-01-15,593
D01,IG-1013,2024-01-22,589
D01,IG-1013,2024-01-29,593
D01,IG-1013,2024-02-05,594
D01,IG-1013,2024-02-12,609
D01,IG-1013,2024-02-19,603
D01,IG-1013,2024-02-26,610
D01,IG-1013,2024-03-04,620
D01,IG-1013,2024-03-11,604
D01,IG-1013,2024-03-18,567
D01,IG-1013,2024-03-25,556
D01,IG-1013,2024-04-01,550
D01,IG-1013,2024-04-08,578
D01,IG-1013,2024-04-15,577
D01,IG-1013,2024-04-22,505
D01,IG-1013,2024-04-29,459
D01,IG-1013,2024-05-06,434
D01,IG-1013,2024-05-13,434
D01,IG-1013,2024-05-20,400
D01,IG-1013,2024-05-27,405
D01,IG-1013,2024-06-03,364
D01,IG-1013,2024-06-10,431
D01,IG-1013,2024-06-17,428
D01,IG-1013,2024-06-24,392
D01,IG-1013,2024-07-01,467
D01,IG-1013,2024-07-08,479
D01,IG-1013,2024-07-15,473
D01,IG-1013,2024-07-22,495
D01,IG-1013,2024-07-29,537
D01,IG-1013,2024-08-05,575
D01,IG-1013,2024-08-12,623
D01,IG-1013,2024-08-19,730
D01,IG-1013,2024-08-26,690
D01,IG-1013,2024-09-02,786
D01,IG-1013,2024-09-09,763
D01,IG-1013,2024-09-16,708
D01,IG-1013,2024-09-23,653
D01,IG-1013,2024-09-30,622
D01,IG-1013,2024-10-07,583
D01,IG-1013,2024-10-14,549
D01,IG-1013,2024-10-21,574
D01,IG-1013,2024-10-28,509
D01,IG-1013,2024-11-04,566
D01,IG-1013,2024-11-11,614
D01,IG-1013,2024-11-18,666
D01,IG-1013,2024-11-25,699
D01,IG-1013,2024-12-02,775
D01,IG-1013,2024-12-09,732
D01,IG-1013,2024-12-16,716
D01,IG-1013,2024-12-23,699
D01,IG-1013,2024-12-30,691
D01,IG-1013,2025-01-06,685
D01,IG-1013,2025-01-13,653
D01,IG-1013,2025-01-20,583
D01,IG-1013,2025-01-27,615
D01,IG-1013,2025-02-03,608
D01,IG-1013,2025-02-10,660
D01,IG-1013,2025-02-17,668
D01,IG-1013,2025-02-24,652
D01,IG-1013,2025-03-03,639
D01,IG-1013,2025-03-10,642
D01,IG-1013,2025-03-17,613
D01,IG-1013,2025-03-24,555
D01,IG-1013,2025-03-31,543
D01,IG-1013,2025-04-07,487
D01,IG-1013,2025-04-14,484
D01,IG-1013,2025-04-21,427
D01,IG-1013,2025-04-28,424
D01,IG-1013,2025-05-05,530
D01,IG-1013,2025-05-12,547
D01,IG-1013,2025-05-19,688
D01,IG-1013,2025-05-26,679
D01,IG-1013,2025-06-02,712
D01,IG-1013,2025-06-09,664
D01,IG-1013,2025-06-16,558
D01,IG-1013,2025-06-23,687
D01,IG-1013,2025-06-30,658
D01,IG-1013,2025-07-07,654
D01,IG-1013,2025-07-14,610
D01,IG-1013,2025-07-21,646
D01,IG-1013,2025-07-28,620
D01,IG-1013,2025-08-04,659
D01,IG-1013,2025-08-11,692
D01,IG-1013,2025-08-18,771
D01,IG-1013,2025-08-25,816
D01,IG-1013,2025-09-01,920
D01,IG-1013,2025-09-08,902
D01,IG-1013,2025-09-15,972
D01,IG-1013,2025-09-22,1065
D01,IG-1013,2025-09-29,1096
D01,IG-1013,2025-10-06,1192
D01,IG-1013,2025-10-13,1231
D01,IG-1013,2025-10-20,1353
D01,IG-1013,2025-10-27,1306
D01,IG-1013,2025-11-03,1275
D01,IG-1013,2025-11-10,1212
D01,IG-1013,2025-11-17,1156
D01,IG-1013,2025-11-24,1112
D01,IG-1013,2025-12-01,1054
D01,IG-1013,2025-12-08,1014
D01,IG-1013,2025-12-15,968
D01,IG-1013,2025-12-22,932
D01,IG-1013,2025-12-29,875
D01,IG-1013,2026-01-05,841
D01,IG-1013,2026-01-12,806
D01,IG-1013,2026-01-19,766
D01,IG-1013,2026-01-26,714
D01,IG-1013,2026-02-02,674
D01,IG-1013,2026-02-09,690
D01,IG-1013,2026-02-16,670
D01,IG-1013,2026-02-23,628
D01,IG-1013,2026-03-02,602
D01,IG-1013,2026-03-09,596
D01,IG-1013,2026-03-16,585
D01,IG-1013,2026-03-23,656
D01,IG-1013,2026-03-30,610
D01,IG-1013,2026-04-06,602
D01,IG-1013,2026-04-13,558
D01,IG-1013,2026-04-20,588
D01,IG-1013,2026-04-27,545
D01,IG-1013,2026-05-04,501
D01,IG-1013,2026-05-11,454
D01,IG-1013,2026-05-18,408
D01,IG-1013,2026-05-25,391
D01,IG-1013,2026-06-01,384
D01,IG-1013,2026-06-08,442
D01,IG-1013,2026-06-15,394
D01,IG-1013,2026-06-22,342
D01,IS-1028,2024-01-01,7919
D01,IS-1028,2024-01-08,7928
D01,IS-1028,2024-01-15,7788
D01,IS-1028,2024-01-22,7821
D01,IS-1028,2024-01-29,8400
D01,IS-1028,2024-02-05,8333
D01,IS-1028,2024-02-12,8433
D01,IS-1028,2024-02-19,8580
D01,IS-1028,2024-02-26,8483
D01,IS-1028,2024-03-04,7611
D01,IS-1028,2024-03-11,7572
D01,IS-1028,2024-03-18,7233
D01,IS-1028,2024-03-25,7372
D01,IS-1028,2024-04-01,8212
D01,IS-1028,2024-04-08,7299
D01,IS-1028,2024-04-15,7182
D01,IS-1028,2024-04-22,6142
D01,IS-1028,2024-04-29,5839
D01,IS-1028,2024-05-06,5315
D01,IS-1028,2024-05-13,4859
D01,IS-1028,2024-05-20,5320
D01,IS-1028,2024-05-27,5544
D01,IS-1028,2024-06-03,6334
D01,IS-1028,2024-06-10,7627
D01,IS-1028,2024-06-17,8530
D01,IS-1028,2024-06-24,8095
D01,IS-1028,2024-07-01,7379
D01,IS-1028,2024-07-08,7834
D01,IS-1028,2024-07-15,9316
D01,IS-1028,2024-07-22,9418
D01,IS-1028,2024-07-29,9690
D01,IS-1028,2024-08-05,9481
D01,IS-1028,2024-08-12,9033
D01,IS-1028,2024-08-19,9378
D01,IS-1028,2024-08-26,8759
D01,IS-1028,2024-09-02,8842
D01,IS-1028,2024-09-09,7824
D01,IS-1028,2024-09-16,7709
D01,IS-1028,2024-09-23,7450
D01,IS-1028,2024-09-30,7720
D01,IS-1028,2024-10-07,7370
D01,IS-1028,2024-10-14,7711
D01,IS-1028,2024-10-21,8056
D01,IS-1028,2024-10-28,7781
D01,IS-1028,2024-11-04,6838
D01,IS-1028,2024-11-11,6911
D01,IS-1028,2024-11-18,6076
D01,IS-1028,2024-11-25,7915
D01,IS-1028,2024-12-02,8524
D01,IS-1028,2024-12-09,9066
D01,IS-1028,2024-12-16,10148
D01,IS-1028,2024-12-23,11027
D01,IS-1028,2024-12-30,11160
D01,IS-1028,2025-01-06,10202
D01,IS-1028,2025-01-13,10651
D01,IS-1028,2025-01-20,10979
D01,IS-1028,2025-01-27,10899
D01,IS-1028,2025-02-03,10143
D01,IS-1028,2025-02-10,9574
D01,IS-1028,2025-02-17,8896
D01,IS-1028,2025-02-24,9152
D01,IS-1028,2025-03-03,8820
D01,IS-1028,2025-03-10,7925
D01,IS-1028,2025-03-17,7148
D01,IS-1028,2025-03-24,6160
D01,IS-1028,2025-03-31,7298
D01,IS-1028,2025-04-07,6978
D01,IS-1028,2025-04-14,6849
D01,IS-1028,2025-04-21,6435
D01,IS-1028,2025-04-28,6872
D01,IS-1028,2025-05-05,7244
D01,IS-1028,2025-05-12,8096
D01,IS-1028,2025-05-19,7695
D01,IS-1028,2025-05-26,6701
D01,IS-1028,2025-06-02,7238
D01,IS-1028,2025-06-09,7683
D01,IS-1028,2025-06-16,8362
D01,IS-1028,2025-06-23,8787
D01,IS-1028,2025-06-30,8642
D01,IS-1028,2025-07-07,9121
D01,IS-1028,2025-07-14,9384
D01,IS-1028,2025-07-21,9230
D01,IS-1028,2025-07-28,9025
D01,IS-1028,2025-08-04,8175
D01,IS-1028,2025-08-11,7785
D01,IS-1028,2025-08-18,8423
D01,IS-1028,2025-08-25,8147
D01,IS-1028,2025-09-01,7999
D01,IS-1028,2025-09-08,7905
D01,IS-1028,2025-09-15,7638
D01,IS-1028,2025-09-22,6941
D01,IS-1028,2025-09-29,6799
D01,IS-1028,2025-10-06,6057
D01,IS-1028,2025-10-13,7846
D01,IS-1028,2025-10-20,8273
D01,IS-1028,2025-10-27,8432
D01,IS-1028,2025-11-03,9455
D01,IS-1028,2025-11-10,9543
D01,IS-1028,2025-11-17,8907
D01,IS-1028,2025-11-24,9555
D01,IS-1028,2025-12-01,10384
D01,IS-1028,2025-12-08,10171
D01,IS-1028,2025-12-15,9595
D01,IS-1028,2025-12-22,10076
D01,IS-1028,2025-12-29,9350
D01,IS-1028,2026-01-05,9496
D01,IS-1028,2026-01-12,9246
D01,IS-1028,2026-01-19,8826
D01,IS-1028,2026-01-26,9008
D01,IS-1028,2026-02-02,8349
D01,IS-1028,2026-02-09,7644
D01,IS-1028,2026-02-16,6843
D01,IS-1028,2026-02-23,6633
D01,IS-1028,2026-03-02,6397
D01,IS-1028,2026-03-09,6844
D01,IS-1028,2026-03-16,6583
D01,IS-1028,2026-03-23,5972
D01,IS-1028,2026-03-30,6220
D01,IS-1028,2026-04-06,6712
D01,IS-1028,2026-04-13,6144
D01,IS-1028,2026-04-20,6793
D01,IS-1028,2026-04-27,6128
D01,IS-1028,2026-05-04,5808
D01,IS-1028,2026-05-11,5841
D01,IS-1028,2026-05-18,5870
D01,IS-1028,2026-05-25,5650
D01,IS-1028,2026-06-01,5644
D01,IS-1028,2026-06-08,6174
D01,IS-1028,2026-06-15,5589
D01,IS-1028,2026-06-22,6267
D01,SC-1017,2024-01-01,4888
D01,SC-1017,2024-01-08,4698
D01,SC-1017,2024-01-15,4705
D01,SC-1017,2024-01-22,4942
D01,SC-1017,2024-01-29,5070
D01,SC-1017,2024-02-05,5024
D01,SC-1017,2024-02-12,5125
D01,SC-1017,2024-02-19,5087
D01,SC-1017,2024-02-26,5031
D01,SC-1017,2024-03-04,5107
D01,SC-1017,2024-03-11,5141
D01,SC-1017,2024-03-18,4930
D01,SC-1017,2024-03-25,4913
D01,SC-1017,2024-04-01,4971
D01,SC-1017,2024-04-08,4865
D01,SC-1017,2024-04-15,4881
D01,SC-1017,2024-04-22,4969
D01,SC-1017,2024-04-29,4868
D01,SC-1017,2024-05-06,4880
D01,SC-1017,2024-05-13,4787
D01,SC-1017,2024-05-20,4733
D01,SC-1017,2024-05-27,4545
D01,SC-1017,2024-06-03,4453
D01,SC-1017,2024-06-10,4061
D01,SC-1017,2024-06-17,3446
D01,SC-1017,2024-06-24,3540
D01,SC-1017,2024-07-01,3070
D01,SC-1017,2024-07-08,3202
D01,SC-1017,2024-07-15,3451
D01,SC-1017,2024-07-22,3079
D01,SC-1017,2024-07-29,2915
D01,SC-1017,2024-08-05,3991
D01,SC-1017,2024-08-12,4548
D01,SC-1017,2024-08-19,3900
D01,SC-1017,2024-08-26,4695
D01,SC-1017,2024-09-02,4525
D01,SC-1017,2024-09-09,4029
D01,SC-1017,2024-09-16,4534
D01,SC-1017,2024-09-23,4544
D01,SC-1017,2024-09-30,4161
D01,SC-1017,2024-10-07,3968
D01,SC-1017,2024-10-14,4843
D01,SC-1017,2024-10-21,5005
D01,SC-1017,2024-10-28,4580
D01,SC-1017,2024-11-04,5421
D01,SC-1017,2024-11-11,5303
D01,SC-1017,2024-11-18,6428
D01,SC-1017,2024-11-25,6552
D01,SC-1017,2024-12-02,7200
D01,SC-1017,2024-12-09,6678
D01,SC-1017,2024-12-16,6351
D01,SC-1017,2024-12-23,7152
D01,SC-1017,2024-12-30,6829
D01,SC-1017,2025-01-06,7446
D01,SC-1017,2025-01-13,6784
D01,SC-1017,2025-01-20,6157
D01,SC-1017,2025-01-27,5543
D01,SC-1017,2025-02-03,5950
D01,SC-1017,2025-02-10,5370
D01,SC-1017,2025-02-17,5909
D01,SC-1017,2025-02-24,6186
D01,SC-1017,2025-03-03,5470
D01,SC-1017,2025-03-10,4939
D01,SC-1017,2025-03-17,4323
D01,SC-1017,2025-03-24,4072
D01,SC-1017,2025-03-31,3694
D01,SC-1017,2025-04-07,3194
D01,SC-1017,2025-04-14,3677
D01,SC-1017,2025-04-21,3016
D01,SC-1017,2025-04-28,3512
D01,SC-1017,2025-05-05,4127
D01,SC-1017,2025-05-12,3940
D01,SC-1017,2025-05-19,3722
D01,SC-1017,2025-05-26,4200
D01,SC-1017,2025-06-02,5047
D01,SC-1017,2025-06-09,4638
D01,SC-1017,2025-06-16,5159
D01,SC-1017,2025-06-23,4366
D01,SC-1017,2025-06-30,4195
D01,SC-1017,2025-07-07,4465
D01,SC-1017,2025-07-14,5235
D01,SC-1017,2025-07-21,5733
D01,SC-1017,2025-07-28,5214
D01,SC-1017,2025-08-04,4742
D01,SC-1017,2025-08-11,4984
D01,SC-1017,2025-08-18,4544
D01,SC-1017,2025-08-25,4131
D01,SC-1017,2025-09-01,3951
D01,SC-1017,2025-09-08,3549
D01,SC-1017,2025-09-15,3040
D01,SC-1017,2025-09-22,3305
D01,SC-1017,2025-09-29,2915
D01,SC-1017,2025-10-06,3922
D01,SC-1017,2025-10-13,3796
D01,SC-1017,2025-10-20,5519
D01,SC-1017,2025-10-27,6994
D01,SC-1017,2025-11-03,7044
D01,SC-1017,2025-11-10,6613
D01,SC-1017,2025-11-17,8010
D01,SC-1017,2025-11-24,7765
D01,SC-1017,2025-12-01,7432
D01,SC-1017,2025-12-08,8221
D01,SC-1017,2025-12-15,7736
D01,SC-1017,2025-12-22,9505
D01,SC-1017,2025-12-29,9155
D01,SC-1017,2026-01-05,8837
D01,SC-1017,2026-01-12,8476
D01,SC-1017,2026-01-19,8979
D01,SC-1017,2026-01-26,8574
D01,SC-1017,2026-02-02,8489
D01,SC-1017,2026-02-09,8185
D01,SC-1017,2026-02-16,7847
D01,SC-1017,2026-02-23,7477
D01,SC-1017,2026-03-02,7063
D01,SC-1017,2026-03-09,6530
D01,SC-1017,2026-03-16,6118
D01,SC-1017,2026-03-23,5800
D01,SC-1017,2026-03-30,5435
D01,SC-1017,2026-04-06,5055
D01,SC-1017,2026-04-13,4713
D01,SC-1017,2026-04-20,4314
D01,SC-1017,2026-04-27,4048
D01,SC-1017,2026-05-04,3639
D01,SC-1017,2026-05-11,3286
D01,SC-1017,2026-05-18,2913
D01,SC-1017,2026-05-25,2439
D01,SC-1017,2026-06-01,3223
D01,SC-1017,2026-06-08,2826
D01,SC-1017,2026-06-15,3046
D01,SC-1017,2026-06-22,3106
D01,LD-1042,2024-01-01,30099
D01,LD-1042,2024-01-08,29872
D01,LD-1042,2024-01-15,29662
D01,LD-1042,2024-01-22,29738
D01,LD-1042,2024-01-29,28419
D01,LD-1042,2024-02-05,27914
D01,LD-1042,2024-02-12,28198
D01,LD-1042,2024-02-19,29460
D01,LD-1042,2024-02-26,26465
D01,LD-1042,2024-03-04,27330
D01,LD-1042,2024-03-11,28592
D01,LD-1042,2024-03-18,27933
D01,LD-1042,2024-03-25,25657
D01,LD-1042,2024-04-01,24910
D01,LD-1042,2024-04-08,23785
D01,LD-1042,2024-04-15,23739
D01,LD-1042,2024-04-22,27360
D01,LD-1042,2024-04-29,26499
D01,LD-1042,2024-05-06,26857
D01,LD-1042,2024-05-13,28649
D01,LD-1042,2024-05-20,31262
D01,LD-1042,2024-05-27,32691
D01,LD-1042,2024-06-03,34139
D01,LD-1042,2024-06-10,31953
D01,LD-1042,2024-06-17,32840
D01,LD-1042,2024-06-24,36284
D01,LD-1042,2024-07-01,35949
D01,LD-1042,2024-07-08,33608
D01,LD-1042,2024-07-15,33624
D01,LD-1042,2024-07-22,33136
D01,LD-1042,2024-07-29,30736
D01,LD-1042,2024-08-05,28245
D01,LD-1042,2024-08-12,28482
D01,LD-1042,2024-08-19,27356
D01,LD-1042,2024-08-26,26142
D01,LD-1042,2024-09-02,29468
D01,LD-1042,2024-09-09,29948
D01,LD-1042,2024-09-16,31030
D01,LD-1042,2024-09-23,37499
D01,LD-1042,2024-09-30,38678
D01,LD-1042,2024-10-07,37252
D01,LD-1042,2024-10-14,39644
D01,LD-1042,2024-10-21,41152
D01,LD-1042,2024-10-28,41395
D01,LD-1042,2024-11-04,42862
D01,LD-1042,2024-11-11,40514
D01,LD-1042,2024-11-18,37782
D01,LD-1042,2024-11-25,34933
D01,LD-1042,2024-12-02,32415
D01,LD-1042,2024-12-09,29099
D01,LD-1042,2024-12-16,26375
D01,LD-1042,2024-12-23,24000
D01,LD-1042,2024-12-30,21707
D01,LD-1042,2025-01-06,20066
D01,LD-1042,2025-01-13,20827
D01,LD-1042,2025-01-20,18389
D01,LD-1042,2025-01-27,20350
D01,LD-1042,2025-02-03,24510
D01,LD-1042,2025-02-10,26700
D01,LD-1042,2025-02-17,24677
D01,LD-1042,2025-02-24,24085
D01,LD-1042,2025-03-03,23840
D01,LD-1042,2025-03-10,25547
D01,LD-1042,2025-03-17,23755
D01,LD-1042,2025-03-24,21244
D01,LD-1042,2025-03-31,19974
D01,LD-1042,2025-04-07,26902
D01,LD-1042,2025-04-14,29458
D01,LD-1042,2025-04-21,29248
D01,LD-1042,2025-04-28,31422
D01,LD-1042,2025-05-05,31930
D01,LD-1042,2025-05-12,32950
D01,LD-1042,2025-05-19,30127
D01,LD-1042,2025-05-26,28337
D01,LD-1042,2025-06-02,28686
D01,LD-1042,2025-06-09,26386
D01,LD-1042,2025-06-16,26923
D01,LD-1042,2025-06-23,25714
D01,LD-1042,2025-06-30,24042
D01,LD-1042,2025-07-07,24299
D01,LD-1042,2025-07-14,21444
D01,LD-1042,2025-07-21,29606
D01,LD-1042,2025-07-28,30975
D01,LD-1042,2025-08-04,33366
D01,LD-1042,2025-08-11,32298
D01,LD-1042,2025-08-18,33458
D01,LD-1042,2025-08-25,33536
D01,LD-1042,2025-09-01,33803
D01,LD-1042,2025-09-08,32180
D01,LD-1042,2025-09-15,33282
D01,LD-1042,2025-09-22,34309
D01,LD-1042,2025-09-29,32361
D01,LD-1042,2025-10-06,31939
D01,LD-1042,2025-10-13,31092
D01,LD-1042,2025-10-20,31834
D01,LD-1042,2025-10-27,30393
D01,LD-1042,2025-11-03,34086
D01,LD-1042,2025-11-10,31915
D01,LD-1042,2025-11-17,31175
D01,LD-1042,2025-11-24,31979
D01,LD-1042,2025-12-01,30128
D01,LD-1042,2025-12-08,29138
D01,LD-1042,2025-12-15,30936
D01,LD-1042,2025-12-22,34452
D01,LD-1042,2025-12-29,32499
D01,LD-1042,2026-01-05,29830
D01,LD-1042,2026-01-12,27849
D01,LD-1042,2026-01-19,27480
D01,LD-1042,2026-01-26,27972
D01,LD-1042,2026-02-02,31111
D01,LD-1042,2026-02-09,28860
D01,LD-1042,2026-02-16,25844
D01,LD-1042,2026-02-23,23040
D01,LD-1042,2026-03-02,23919
D01,LD-1042,2026-03-09,20414
D01,LD-1042,2026-03-16,17659
D01,LD-1042,2026-03-23,24035
D01,LD-1042,2026-03-30,23050
D01,LD-1042,2026-04-06,23770
D01,LD-1042,2026-04-13,23462
D01,LD-1042,2026-04-20,24307
D01,LD-1042,2026-04-27,28765
D01,LD-1042,2026-05-04,29847
D01,LD-1042,2026-05-11,28354
D01,LD-1042,2026-05-18,25449
D01,LD-1042,2026-05-25,28777
D01,LD-1042,2026-06-01,27440
D01,LD-1042,2026-06-08,28053
D01,LD-1042,2026-06-15,25851
D01,LD-1042,2026-06-22,32040
D01,PM-1007,2024-01-01,31460
D01,PM-1007,2024-01-08,31807
D01,PM-1007,2024-01-15,33470
D01,PM-1007,2024-01-22,33044
D01,PM-1007,2024-01-29,32785
D01,PM-1007,2024-02-05,32435
D01,PM-1007,2024-02-12,32329
D01,PM-1007,2024-02-19,32534
D01,PM-1007,2024-02-26,31562
D01,PM-1007,2024-03-04,31674
D01,PM-1007,2024-03-11,31225
D01,PM-1007,2024-03-18,29010
D01,PM-1007,2024-03-25,26418
D01,PM-1007,2024-04-01,26877
D01,PM-1007,2024-04-08,26443
D01,PM-1007,2024-04-15,26780
D01,PM-1007,2024-04-22,22822
D01,PM-1007,2024-04-29,20808
D01,PM-1007,2024-05-06,25574
D01,PM-1007,2024-05-13,26778
D01,PM-1007,2024-05-20,28778
D01,PM-1007,2024-05-27,26295
D01,PM-1007,2024-06-03,25120
D01,PM-1007,2024-06-10,24155
D01,PM-1007,2024-06-17,27561
D01,PM-1007,2024-06-24,33828
D01,PM-1007,2024-07-01,34116
D01,PM-1007,2024-07-08,35480
D01,PM-1007,2024-07-15,32821
D01,PM-1007,2024-07-22,39291
D01,PM-1007,2024-07-29,36106
D01,PM-1007,2024-08-05,38915
D01,PM-1007,2024-08-12,38488
D01,PM-1007,2024-08-19,37109
D01,PM-1007,2024-08-26,36898
D01,PM-1007,2024-09-02,36941
D01,PM-1007,2024-09-09,38419
D01,PM-1007,2024-09-16,34777
D01,PM-1007,2024-09-23,42041
D01,PM-1007,2024-09-30,42138
D01,PM-1007,2024-10-07,42839
D01,PM-1007,2024-10-14,44402
D01,PM-1007,2024-10-21,47780
D01,PM-1007,2024-10-28,45912
D01,PM-1007,2024-11-04,45253
D01,PM-1007,2024-11-11,42109
D01,PM-1007,2024-11-18,38743
D01,PM-1007,2024-11-25,35990
D01,PM-1007,2024-12-02,33225
D01,PM-1007,2024-12-09,34385
D01,PM-1007,2024-12-16,32642
D01,PM-1007,2024-12-23,30294
D01,PM-1007,2024-12-30,30347
D01,PM-1007,2025-01-06,34946
D01,PM-1007,2025-01-13,31743
D01,PM-1007,2025-01-20,30973
D01,PM-1007,2025-01-27,32755
D01,PM-1007,2025-02-03,30481
D01,PM-1007,2025-02-10,30431
D01,PM-1007,2025-02-17,29982
D01,PM-1007,2025-02-24,29858
D01,PM-1007,2025-03-03,30390
D01,PM-1007,2025-03-10,30649
D01,PM-1007,2025-03-17,29546
D01,PM-1007,2025-03-24,31185
D01,PM-1007,2025-03-31,29375
D01,PM-1007,2025-04-07,29701
D01,PM-1007,2025-04-14,27679
D01,PM-1007,2025-04-21,33290
D01,PM-1007,2025-04-28,35693
D01,PM-1007,2025-05-05,35781
D01,PM-1007,2025-05-12,36995
D01,PM-1007,2025-05-19,35526
D01,PM-1007,2025-05-26,35745
D01,PM-1007,2025-06-02,33435
D01,PM-1007,2025-06-09,34168
D01,PM-1007,2025-06-16,30774
D01,PM-1007,2025-06-23,28446
D01,PM-1007,2025-06-30,29360
D01,PM-1007,2025-07-07,28605
D01,PM-1007,2025-07-14,28508
D01,PM-1007,2025-07-21,23744
D01,PM-1007,2025-07-28,26251
D01,PM-1007,2025-08-04,28388
D01,PM-1007,2025-08-11,36839
D01,PM-1007,2025-08-18,35822
D01,PM-1007,2025-08-25,35850
D01,PM-1007,2025-09-01,36988
D01,PM-1007,2025-09-08,36540
D01,PM-1007,2025-09-15,42473
D01,PM-1007,2025-09-22,41659
D01,PM-1007,2025-09-29,46563
D01,PM-1007,2025-10-06,44026
D01,PM-1007,2025-10-13,41107
D01,PM-1007,2025-10-20,41835
D01,PM-1007,2025-10-27,39233
D01,PM-1007,2025-11-03,41729
D01,PM-1007,2025-11-10,37998
D01,PM-1007,2025-11-17,36692
D01,PM-1007,2025-11-24,33536
D01,PM-1007,2025-12-01,30695
D01,PM-1007,2025-12-08,29751
D01,PM-1007,2025-12-15,27449
D01,PM-1007,2025-12-22,25608
D01,PM-1007,2025-12-29,25182
D01,PM-1007,2026-01-05,28584
D01,PM-1007,2026-01-12,30191
D01,PM-1007,2026-01-19,33370
D01,PM-1007,2026-01-26,32905
D01,PM-1007,2026-02-02,34422
D01,PM-1007,2026-02-09,38995
D01,PM-1007,2026-02-16,37371
D01,PM-1007,2026-02-23,35431
D01,PM-1007,2026-03-02,32560
D01,PM-1007,2026-03-09,32757
D01,PM-1007,2026-03-16,28496
D01,PM-1007,2026-03-23,29074
D01,PM-1007,2026-03-30,28907
D01,PM-1007,2026-04-06,26770
D01,PM-1007,2026-04-13,26231
D01,PM-1007,2026-04-20,30072
D01,PM-1007,2026-04-27,32648
D01,PM-1007,2026-05-04,32726
D01,PM-1007,2026-05-11,33057
D01,PM-1007,2026-05-18,31204
D01,PM-1007,2026-05-25,33627
D01,PM-1007,2026-06-01,31226
D01,PM-1007,2026-06-08,31795
D01,PM-1007,2026-06-15,31848
D01,PM-1007,2026-06-22,32374
D01,IG-1008,2024-01-01,1340
D01,IG-1008,2024-01-08,1365
D01,IG-1008,2024-01-15,1434
D01,IG-1008,2024-01-22,1427
D01,IG-1008,2024-01-29,1400
D01,IG-1008,2024-02-05,1412
D01,IG-1008,2024-02-12,1400
D01,IG-1008,2024-02-19,1389
D01,IG-1008,2024-02-26,1379
D01,IG-1008,2024-03-04,1380
D01,IG-1008,2024-03-11,1326
D01,IG-1008,2024-03-18,1344
D01,IG-1008,2024-03-25,1421
D01,IG-1008,2024-04-01,1405
D01,IG-1008,2024-04-08,1397
D01,IG-1008,2024-04-15,1335
D01,IG-1008,2024-04-22,1167
D01,IG-1008,2024-04-29,1077
D01,IG-1008,2024-05-06,1041
D01,IG-1008,2024-05-13,1070
D01,IG-1008,2024-05-20,1161
D01,IG-1008,2024-05-27,1115
D01,IG-1008,2024-06-03,1159
D01,IG-1008,2024-06-10,1200
D01,IG-1008,2024-06-17,1356
D01,IG-1008,2024-06-24,1422
D01,IG-1008,2024-07-01,1434
D01,IG-1008,2024-07-08,1309
D01,IG-1008,2024-07-15,1178
D01,IG-1008,2024-07-22,1218
D01,IG-1008,2024-07-29,1190
D01,IG-1008,2024-08-05,1153
D01,IG-1008,2024-08-12,1193
D01,IG-1008,2024-08-19,1247
D01,IG-1008,2024-08-26,1246
D01,IG-1008,2024-09-02,1127
D01,IG-1008,2024-09-09,1297
D01,IG-1008,2024-09-16,1412
D01,IG-1008,2024-09-23,1512
D01,IG-1008,2024-09-30,1596
D01,IG-1008,2024-10-07,1502
D01,IG-1008,2024-10-14,1532
D01,IG-1008,2024-10-21,1482
D01,IG-1008,2024-10-28,1545
D01,IG-1008,2024-11-04,1385
D01,IG-1008,2024-11-11,1596
D01,IG-1008,2024-11-18,1582
D01,IG-1008,2024-11-25,1556
D01,IG-1008,2024-12-02,1755
D01,IG-1008,2024-12-09,1720
D01,IG-1008,2024-12-16,1758
D01,IG-1008,2024-12-23,1619
D01,IG-1008,2024-12-30,1794
D01,IG-1008,2025-01-06,1901
D01,IG-1008,2025-01-13,1744
D01,IG-1008,2025-01-20,1678
D01,IG-1008,2025-01-27,1603
D01,IG-1008,2025-02-03,1575
D01,IG-1008,2025-02-10,1660
D01,IG-1008,2025-02-17,1730
D01,IG-1008,2025-02-24,1630
D01,IG-1008,2025-03-03,1482
D01,IG-1008,2025-03-10,1468
D01,IG-1008,2025-03-17,1404
D01,IG-1008,2025-03-24,1298
D01,IG-1008,2025-03-31,1141
D01,IG-1008,2025-04-07,1087
D01,IG-1008,2025-04-14,1017
D01,IG-1008,2025-04-21,827
D01,IG-1008,2025-04-28,860
D01,IG-1008,2025-05-05,1022
D01,IG-1008,2025-05-12,1085
D01,IG-1008,2025-05-19,891
D01,IG-1008,2025-05-26,861
D01,IG-1008,2025-06-02,878
D01,IG-1008,2025-06-09,1019
D01,IG-1008,2025-06-16,933
D01,IG-1008,2025-06-23,851
D01,IG-1008,2025-06-30,910
D01,IG-1008,2025-07-07,950
D01,IG-1008,2025-07-14,1252
D01,IG-1008,2025-07-21,1547
D01,IG-1008,2025-07-28,1630
D01,IG-1008,2025-08-04,1674
D01,IG-1008,2025-08-11,1827
D01,IG-1008,2025-08-18,2041
D01,IG-1008,2025-08-25,2391
D01,IG-1008,2025-09-01,2513
D01,IG-1008,2025-09-08,2683
D01,IG-1008,2025-09-15,2591
D01,IG-1008,2025-09-22,2672
D01,IG-1008,2025-09-29,2526
D01,IG-1008,2025-10-06,2629
D01,IG-1008,2025-10-13,2790
D01,IG-1008,2025-10-20,2662
D01,IG-1008,2025-10-27,2521
D01,IG-1008,2025-11-03,2384
D01,IG-1008,2025-11-10,2261
D01,IG-1008,2025-11-17,2184
D01,IG-1008,2025-11-24,2106
D01,IG-1008,2025-12-01,2028
D01,IG-1008,2025-12-08,1921
D01,IG-1008,2025-12-15,1785
D01,IG-1008,2025-12-22,1797
D01,IG-1008,2025-12-29,1651
D01,IG-1008,2026-01-05,1693
D01,IG-1008,2026-01-12,1771
D01,IG-1008,2026-01-19,1654
D01,IG-1008,2026-01-26,1706
D01,IG-1008,2026-02-02,1592
D01,IG-1008,2026-02-09,1561
D01,IG-1008,2026-02-16,1610
D01,IG-1008,2026-02-23,1562
D01,IG-1008,2026-03-02,1641
D01,IG-1008,2026-03-09,1539
D01,IG-1008,2026-03-16,1448
D01,IG-1008,2026-03-23,1328
D01,IG-1008,2026-03-30,1253
D01,IG-1008,2026-04-06,1314
D01,IG-1008,2026-04-13,1224
D01,IG-1008,2026-04-20,1203
D01,IG-1008,2026-04-27,1119
D01,IG-1008,2026-05-04,1075
D01,IG-1008,2026-05-11,1192
D01,IG-1008,2026-05-18,1283
D01,IG-1008,2026-05-25,1247
D01,IG-1008,2026-06-01,1208
D01,IG-1008,2026-06-08,1223
D01,IG-1008,2026-06-15,1120
D01,IG-1008,2026-06-22,1021
D01,PW-1034,2024-01-01,13649
D01,PW-1034,2024-01-08,13655
D01,PW-1034,2024-01-15,13739
D01,PW-1034,2024-01-22,13843
D01,PW-1034,2024-01-29,13708
D01,PW-1034,2024-02-05,13686
D01,PW-1034,2024-02-12,13719
D01,PW-1034,2024-02-19,13788
D01,PW-1034,2024-02-26,13704
D01,PW-1034,2024-03-04,13374
D01,PW-1034,2024-03-11,13189
D01,PW-1034,2024-03-18,13080
D01,PW-1034,2024-03-25,12839
D01,PW-1034,2024-04-01,12573
D01,PW-1034,2024-04-08,11008
D01,PW-1034,2024-04-15,10231
D01,PW-1034,2024-04-22,10350
D01,PW-1034,2024-04-29,10390
D01,PW-1034,2024-05-06,9843
D01,PW-1034,2024-05-13,8934
D01,PW-1034,2024-05-20,9477
D01,PW-1034,2024-05-27,7865
D01,PW-1034,2024-06-03,8247
D01,PW-1034,2024-06-10,11272
D01,PW-1034,2024-06-17,11221
D01,PW-1034,2024-06-24,13087
D01,PW-1034,2024-07-01,11906
D01,PW-1034,2024-07-08,13021
D01,PW-1034,2024-07-15,14054
D01,PW-1034,2024-07-22,15196
D01,PW-1034,2024-07-29,13838
D01,PW-1034,2024-08-05,15585
D01,PW-1034,2024-08-12,15098
D01,PW-1034,2024-08-19,15048
D01,PW-1034,2024-08-26,15485
D01,PW-1034,2024-09-02,15140
D01,PW-1034,2024-09-09,15949
D01,PW-1034,2024-09-16,15879
D01,PW-1034,2024-09-23,14629
D01,PW-1034,2024-09-30,14854
D01,PW-1034,2024-10-07,14800
D01,PW-1034,2024-10-14,14893
D01,PW-1034,2024-10-21,13198
D01,PW-1034,2024-10-28,14358
D01,PW-1034,2024-11-04,14710
D01,PW-1034,2024-11-11,14684
D01,PW-1034,2024-11-18,14795
D01,PW-1034,2024-11-25,15804
D01,PW-1034,2024-12-02,17609
D01,PW-1034,2024-12-09,16319
D01,PW-1034,2024-12-16,16357
D01,PW-1034,2024-12-23,15009
D01,PW-1034,2024-12-30,13792
D01,PW-1034,2025-01-06,14278
D01,PW-1034,2025-01-13,17704
D01,PW-1034,2025-01-20,16983
D01,PW-1034,2025-01-27,15695
D01,PW-1034,2025-02-03,15602
D01,PW-1034,2025-02-10,15190
D01,PW-1034,2025-02-17,16055
D01,PW-1034,2025-02-24,15063
D01,PW-1034,2025-03-03,13955
D01,PW-1034,2025-03-10,12713
D01,PW-1034,2025-03-17,12000
D01,PW-1034,2025-03-24,11862
D01,PW-1034,2025-03-31,11364
D01,PW-1034,2025-04-07,11104
D01,PW-1034,2025-04-14,10760
D01,PW-1034,2025-04-21,10680
D01,PW-1034,2025-04-28,11617
D01,PW-1034,2025-05-05,11079
D01,PW-1034,2025-05-12,9743
D01,PW-1034,2025-05-19,8250
D01,PW-1034,2025-05-26,9023
D01,PW-1034,2025-06-02,8075
D01,PW-1034,2025-06-09,11623
D01,PW-1034,2025-06-16,11240
D01,PW-1034,2025-06-23,10873
D01,PW-1034,2025-06-30,10967
D01,PW-1034,2025-07-07,12174
D01,PW-1034,2025-07-14,11976
D01,PW-1034,2025-07-21,11276
D01,PW-1034,2025-07-28,13519
D01,PW-1034,2025-08-04,11949
D01,PW-1034,2025-08-11,11824
D01,PW-1034,2025-08-18,10904
D01,PW-1034,2025-08-25,14025
D01,PW-1034,2025-09-01,14625
D01,PW-1034,2025-09-08,16801
D01,PW-1034,2025-09-15,22984
D01,PW-1034,2025-09-22,22061
D01,PW-1034,2025-09-29,21479
D01,PW-1034,2025-10-06,21464
D01,PW-1034,2025-10-13,19538
D01,PW-1034,2025-10-20,19596
D01,PW-1034,2025-10-27,19286
D01,PW-1034,2025-11-03,18618
D01,PW-1034,2025-11-10,16763
D01,PW-1034,2025-11-17,15684
D01,PW-1034,2025-11-24,14411
D01,PW-1034,2025-12-01,16717
D01,PW-1034,2025-12-08,17698
D01,PW-1034,2025-12-15,16281
D01,PW-1034,2025-12-22,15053
D01,PW-1034,2025-12-29,14093
D01,PW-1034,2026-01-05,14459
D01,PW-1034,2026-01-12,13761
D01,PW-1034,2026-01-19,13976
D01,PW-1034,2026-01-26,13799
D01,PW-1034,2026-02-02,15895
D01,PW-1034,2026-02-09,16257
D01,PW-1034,2026-02-16,19873
D01,PW-1034,2026-02-23,18764
D01,PW-1034,2026-03-02,18141
D01,PW-1034,2026-03-09,17270
D01,PW-1034,2026-03-16,17860
D01,PW-1034,2026-03-23,15721
D01,PW-1034,2026-03-30,15212
D01,PW-1034,2026-04-06,17071
D01,PW-1034,2026-04-13,15965
D01,PW-1034,2026-04-20,16516
D01,PW-1034,2026-04-27,15249
D01,PW-1034,2026-05-04,15826
D01,PW-1034,2026-05-11,14296
D01,PW-1034,2026-05-18,16130
D01,PW-1034,2026-05-25,16640
D01,PW-1034,2026-06-01,14755
D01,PW-1034,2026-06-08,15923
D01,PW-1034,2026-06-15,18197
D01,PW-1034,2026-06-22,19179
D02,LD-1041,2024-01-01,31763
D02,LD-1041,2024-01-08,32245
D02,LD-1041,2024-01-15,34110
D02,LD-1041,2024-01-22,33339
D02,LD-1041,2024-01-29,32840
D02,LD-1041,2024-02-05,31140
D02,LD-1041,2024-02-12,31675
D02,LD-1041,2024-02-19,33112
D02,LD-1041,2024-02-26,34880
D02,LD-1041,2024-03-04,32963
D02,LD-1041,2024-03-11,30301
D02,LD-1041,2024-03-18,31868
D02,LD-1041,2024-03-25,33282
D02,LD-1041,2024-04-01,31512
D02,LD-1041,2024-04-08,27550
D02,LD-1041,2024-04-15,27922
D02,LD-1041,2024-04-22,29445
D02,LD-1041,2024-04-29,26431
D02,LD-1041,2024-05-06,26739
D02,LD-1041,2024-05-13,30090
D02,LD-1041,2024-05-20,30510
D02,LD-1041,2024-05-27,30046
D02,LD-1041,2024-06-03,34567
D02,LD-1041,2024-06-10,34793
D02,LD-1041,2024-06-17,35949
D02,LD-1041,2024-06-24,32139
D02,LD-1041,2024-07-01,28756
D02,LD-1041,2024-07-08,26712
D02,LD-1041,2024-07-15,30947
D02,LD-1041,2024-07-22,33746
D02,LD-1041,2024-07-29,30634
D02,LD-1041,2024-08-05,30273
D02,LD-1041,2024-08-12,36053
D02,LD-1041,2024-08-19,38870
D02,LD-1041,2024-08-26,42082
D02,LD-1041,2024-09-02,39927
D02,LD-1041,2024-09-09,37176
D02,LD-1041,2024-09-16,39807
D02,LD-1041,2024-09-23,37206
D02,LD-1041,2024-09-30,37136
D02,LD-1041,2024-10-07,35384
D02,LD-1041,2024-10-14,34373
D02,LD-1041,2024-10-21,32024
D02,LD-1041,2024-10-28,31669
D02,LD-1041,2024-11-04,34101
D02,LD-1041,2024-11-11,33193
D02,LD-1041,2024-11-18,33424
D02,LD-1041,2024-11-25,33660
D02,LD-1041,2024-12-02,35196
D02,LD-1041,2024-12-09,33127
D02,LD-1041,2024-12-16,31977
D02,LD-1041,2024-12-23,31942
D02,LD-1041,2024-12-30,32843
D02,LD-1041,2025-01-06,28806
D02,LD-1041,2025-01-13,31428
D02,LD-1041,2025-01-20,29014
D02,LD-1041,2025-01-27,27653
D02,LD-1041,2025-02-03,31708
D02,LD-1041,2025-02-10,33705
D02,LD-1041,2025-02-17,32368
D02,LD-1041,2025-02-24,31910
D02,LD-1041,2025-03-03,35771
D02,LD-1041,2025-03-10,33591
D02,LD-1041,2025-03-17,38028
D02,LD-1041,2025-03-24,38387
D02,LD-1041,2025-03-31,34858
D02,LD-1041,2025-04-07,35212
D02,LD-1041,2025-04-14,32110
D02,LD-1041,2025-04-21,29382
D02,LD-1041,2025-04-28,30723
D02,LD-1041,2025-05-05,29095
D02,LD-1041,2025-05-12,25886
D02,LD-1041,2025-05-19,29680
D02,LD-1041,2025-05-26,31129
D02,LD-1041,2025-06-02,27797
D02,LD-1041,2025-06-09,27583
D02,LD-1041,2025-06-16,30335
D02,LD-1041,2025-06-23,30819
D02,LD-1041,2025-06-30,35875
D02,LD-1041,2025-07-07,37891
D02,LD-1041,2025-07-14,36417
D02,LD-1041,2025-07-21,37023
D02,LD-1041,2025-07-28,32492
D02,LD-1041,2025-08-04,32717
D02,LD-1041,2025-08-11,35767
D02,LD-1041,2025-08-18,43343
D02,LD-1041,2025-08-25,40062
D02,LD-1041,2025-09-01,39952
D02,LD-1041,2025-09-08,43480
D02,LD-1041,2025-09-15,46366
D02,LD-1041,2025-09-22,50203
D02,LD-1041,2025-09-29,50755
D02,LD-1041,2025-10-06,49790
D02,LD-1041,2025-10-13,52592
D02,LD-1041,2025-10-20,56666
D02,LD-1041,2025-10-27,56996
D02,LD-1041,2025-11-03,55431
D02,LD-1041,2025-11-10,56345
D02,LD-1041,2025-11-17,53650
D02,LD-1041,2025-11-24,58351
D02,LD-1041,2025-12-01,58505
D02,LD-1041,2025-12-08,57506
D02,LD-1041,2025-12-15,55834
D02,LD-1041,2025-12-22,53605
D02,LD-1041,2025-12-29,54623
D02,LD-1041,2026-01-05,59092
D02,LD-1041,2026-01-12,62412
D02,LD-1041,2026-01-19,61002
D02,LD-1041,2026-01-26,60591
D02,LD-1041,2026-02-02,57979
D02,LD-1041,2026-02-09,60659
D02,LD-1041,2026-02-16,58645
D02,LD-1041,2026-02-23,58091
D02,LD-1041,2026-03-02,56364
D02,LD-1041,2026-03-09,52751
D02,LD-1041,2026-03-16,52277
D02,LD-1041,2026-03-23,53654
D02,LD-1041,2026-03-30,52720
D02,LD-1041,2026-04-06,49206
D02,LD-1041,2026-04-13,53049
D02,LD-1041,2026-04-20,54865
D02,LD-1041,2026-04-27,54868
D02,LD-1041,2026-05-04,57850
D02,LD-1041,2026-05-11,57138
D02,LD-1041,2026-05-18,57656
D02,LD-1041,2026-05-25,58278
D02,LD-1041,2026-06-01,58794
D02,LD-1041,2026-06-08,59903
D02,LD-1041,2026-06-15,62980
D02,LD-1041,2026-06-22,63954
D02,PW-1035,2024-01-01,7786
D02,PW-1035,2024-01-08,7735
D02,PW-1035,2024-01-15,7805
D02,PW-1035,2024-01-22,7959
D02,PW-1035,2024-01-29,7622
D02,PW-1035,2024-02-05,7769
D02,PW-1035,2024-02-12,7233
D02,PW-1035,2024-02-19,7189
D02,PW-1035,2024-02-26,7108
D02,PW-1035,2024-03-04,7591
D02,PW-1035,2024-03-11,7063
D02,PW-1035,2024-03-18,7500
D02,PW-1035,2024-03-25,7385
D02,PW-1035,2024-04-01,7321
D02,PW-1035,2024-04-08,7007
D02,PW-1035,2024-04-15,6575
D02,PW-1035,2024-04-22,7191
D02,PW-1035,2024-04-29,6526
D02,PW-1035,2024-05-06,6397
D02,PW-1035,2024-05-13,6616
D02,PW-1035,2024-05-20,7125
D02,PW-1035,2024-05-27,6640
D02,PW-1035,2024-06-03,6792
D02,PW-1035,2024-06-10,7336
D02,PW-1035,2024-06-17,6874
D02,PW-1035,2024-06-24,5774
D02,PW-1035,2024-07-01,7026
D02,PW-1035,2024-07-08,6667
D02,PW-1035,2024-07-15,7736
D02,PW-1035,2024-07-22,8020
D02,PW-1035,2024-07-29,8317
D02,PW-1035,2024-08-05,7966
D02,PW-1035,2024-08-12,7302
D02,PW-1035,2024-08-19,8042
D02,PW-1035,2024-08-26,7831
D02,PW-1035,2024-09-02,7866
D02,PW-1035,2024-09-09,7764
D02,PW-1035,2024-09-16,8633
D02,PW-1035,2024-09-23,7817
D02,PW-1035,2024-09-30,8373
D02,PW-1035,2024-10-07,7509
D02,PW-1035,2024-10-14,10237
D02,PW-1035,2024-10-21,9449
D02,PW-1035,2024-10-28,9076
D02,PW-1035,2024-11-04,9935
D02,PW-1035,2024-11-11,9039
D02,PW-1035,2024-11-18,8619
D02,PW-1035,2024-11-25,8796
D02,PW-1035,2024-12-02,8756
D02,PW-1035,2024-12-09,8554
D02,PW-1035,2024-12-16,9075
D02,PW-1035,2024-12-23,8500
D02,PW-1035,2024-12-30,7865
D02,PW-1035,2025-01-06,7961
D02,PW-1035,2025-01-13,8050
D02,PW-1035,2025-01-20,8752
D02,PW-1035,2025-01-27,8926
D02,PW-1035,2025-02-03,9114
D02,PW-1035,2025-02-10,10346
D02,PW-1035,2025-02-17,10344
D02,PW-1035,2025-02-24,10253
D02,PW-1035,2025-03-03,10006
D02,PW-1035,2025-03-10,9014
D02,PW-1035,2025-03-17,8258
D02,PW-1035,2025-03-24,8058
D02,PW-1035,2025-03-31,7096
D02,PW-1035,2025-04-07,6262
D02,PW-1035,2025-04-14,5904
D02,PW-1035,2025-04-21,5927
D02,PW-1035,2025-04-28,6306
D02,PW-1035,2025-05-05,7015
D02,PW-1035,2025-05-12,8158
D02,PW-1035,2025-05-19,7749
D02,PW-1035,2025-05-26,7936
D02,PW-1035,2025-06-02,8421
D02,PW-1035,2025-06-09,8074
D02,PW-1035,2025-06-16,7519
D02,PW-1035,2025-06-23,8008
D02,PW-1035,2025-06-30,8186
D02,PW-1035,2025-07-07,7802
D02,PW-1035,2025-07-14,8126
D02,PW-1035,2025-07-21,8277
D02,PW-1035,2025-07-28,8693
D02,PW-1035,2025-08-04,8876
D02,PW-1035,2025-08-11,9478
D02,PW-1035,2025-08-18,8609
D02,PW-1035,2025-08-25,8691
D02,PW-1035,2025-09-01,9294
D02,PW-1035,2025-09-08,8733
D02,PW-1035,2025-09-15,8432
D02,PW-1035,2025-09-22,8990
D02,PW-1035,2025-09-29,9075
D02,PW-1035,2025-10-06,9706
D02,PW-1035,2025-10-13,11151
D02,PW-1035,2025-10-20,11836
D02,PW-1035,2025-10-27,11591
D02,PW-1035,2025-11-03,12714
D02,PW-1035,2025-11-10,13933
D02,PW-1035,2025-11-17,15370
D02,PW-1035,2025-11-24,15940
D02,PW-1035,2025-12-01,16134
D02,PW-1035,2025-12-08,15261
D02,PW-1035,2025-12-15,16529
D02,PW-1035,2025-12-22,17458
D02,PW-1035,2025-12-29,17313
D02,PW-1035,2026-01-05,17185
D02,PW-1035,2026-01-12,17199
D02,PW-1035,2026-01-19,16339
D02,PW-1035,2026-01-26,16387
D02,PW-1035,2026-02-02,15477
D02,PW-1035,2026-02-09,15565
D02,PW-1035,2026-02-16,15604
D02,PW-1035,2026-02-23,15320
D02,PW-1035,2026-03-02,14255
D02,PW-1035,2026-03-09,13806
D02,PW-1035,2026-03-16,15069
D02,PW-1035,2026-03-23,14817
D02,PW-1035,2026-03-30,14927
D02,PW-1035,2026-04-06,14453
D02,PW-1035,2026-04-13,15430
D02,PW-1035,2026-04-20,15916
D02,PW-1035,2026-04-27,15642
D02,PW-1035,2026-05-04,15487
D02,PW-1035,2026-05-11,14952
D02,PW-1035,2026-05-18,13898
D02,PW-1035,2026-05-25,14459
D02,PW-1035,2026-06-01,16482
D02,PW-1035,2026-06-08,17571
D02,PW-1035,2026-06-15,18940
D02,PW-1035,2026-06-22,20011
D02,PM-1003,2024-01-01,41340
D02,PM-1003,2024-01-08,41797
D02,PM-1003,2024-01-15,42309
D02,PM-1003,2024-01-22,42300
D02,PM-1003,2024-01-29,40890
D02,PM-1003,2024-02-05,40122
D02,PM-1003,2024-02-12,38851
D02,PM-1003,2024-02-19,37201
D02,PM-1003,2024-02-26,34042
D02,PM-1003,2024-03-04,33850
D02,PM-1003,2024-03-11,36107
D02,PM-1003,2024-03-18,34183
D02,PM-1003,2024-03-25,32223
D02,PM-1003,2024-04-01,31037
D02,PM-1003,2024-04-08,35474
D02,PM-1003,2024-04-15,38693
D02,PM-1003,2024-04-22,42465
D02,PM-1003,2024-04-29,40023
D02,PM-1003,2024-05-06,44478
D02,PM-1003,2024-05-13,45777
D02,PM-1003,2024-05-20,46349
D02,PM-1003,2024-05-27,50768
D02,PM-1003,2024-06-03,46415
D02,PM-1003,2024-06-10,46630
D02,PM-1003,2024-06-17,42642
D02,PM-1003,2024-06-24,37585
D02,PM-1003,2024-07-01,34454
D02,PM-1003,2024-07-08,42410
D02,PM-1003,2024-07-15,38479
D02,PM-1003,2024-07-22,41324
D02,PM-1003,2024-07-29,40166
D02,PM-1003,2024-08-05,39710
D02,PM-1003,2024-08-12,39686
D02,PM-1003,2024-08-19,43097
D02,PM-1003,2024-08-26,41774
D02,PM-1003,2024-09-02,44504
D02,PM-1003,2024-09-09,43243
D02,PM-1003,2024-09-16,40995
D02,PM-1003,2024-09-23,48111
D02,PM-1003,2024-09-30,53191
D02,PM-1003,2024-10-07,56927
D02,PM-1003,2024-10-14,57119
D02,PM-1003,2024-10-21,57437
D02,PM-1003,2024-10-28,54113
D02,PM-1003,2024-11-04,49966
D02,PM-1003,2024-11-11,46101
D02,PM-1003,2024-11-18,42514
D02,PM-1003,2024-11-25,43995
D02,PM-1003,2024-12-02,41232
D02,PM-1003,2024-12-09,39126
D02,PM-1003,2024-12-16,36086
D02,PM-1003,2024-12-23,40332
D02,PM-1003,2024-12-30,36031
D02,PM-1003,2025-01-06,35214
D02,PM-1003,2025-01-13,36655
D02,PM-1003,2025-01-20,37721
D02,PM-1003,2025-01-27,36489
D02,PM-1003,2025-02-03,35336
D02,PM-1003,2025-02-10,37016
D02,PM-1003,2025-02-17,36462
D02,PM-1003,2025-02-24,36433
D02,PM-1003,2025-03-03,35993
D02,PM-1003,2025-03-10,36291
D02,PM-1003,2025-03-17,38430
D02,PM-1003,2025-03-24,36670
D02,PM-1003,2025-03-31,37304
D02,PM-1003,2025-04-07,33315
D02,PM-1003,2025-04-14,32227
D02,PM-1003,2025-04-21,28302
D02,PM-1003,2025-04-28,31761
D02,PM-1003,2025-05-05,34038
D02,PM-1003,2025-05-12,32133
D02,PM-1003,2025-05-19,30173
D02,PM-1003,2025-05-26,29757
D02,PM-1003,2025-06-02,28023
D02,PM-1003,2025-06-09,32147
D02,PM-1003,2025-06-16,46337
D02,PM-1003,2025-06-23,45111
D02,PM-1003,2025-06-30,45217
D02,PM-1003,2025-07-07,51234
D02,PM-1003,2025-07-14,49620
D02,PM-1003,2025-07-21,54178
D02,PM-1003,2025-07-28,53150
D02,PM-1003,2025-08-04,56778
D02,PM-1003,2025-08-11,53019
D02,PM-1003,2025-08-18,52391
D02,PM-1003,2025-08-25,49667
D02,PM-1003,2025-09-01,46485
D02,PM-1003,2025-09-08,42441
D02,PM-1003,2025-09-15,42119
D02,PM-1003,2025-09-22,50671
D02,PM-1003,2025-09-29,51794
D02,PM-1003,2025-10-06,55683
D02,PM-1003,2025-10-13,54706
D02,PM-1003,2025-10-20,58184
D02,PM-1003,2025-10-27,58197
D02,PM-1003,2025-11-03,62534
D02,PM-1003,2025-11-10,61396
D02,PM-1003,2025-11-17,64239
D02,PM-1003,2025-11-24,63644
D02,PM-1003,2025-12-01,64992
D02,PM-1003,2025-12-08,75869
D02,PM-1003,2025-12-15,73135
D02,PM-1003,2025-12-22,80669
D02,PM-1003,2025-12-29,77550
D02,PM-1003,2026-01-05,76764
D02,PM-1003,2026-01-12,77253
D02,PM-1003,2026-01-19,76480
D02,PM-1003,2026-01-26,79749
D02,PM-1003,2026-02-02,75122
D02,PM-1003,2026-02-09,74538
D02,PM-1003,2026-02-16,73051
D02,PM-1003,2026-02-23,72061
D02,PM-1003,2026-03-02,69477
D02,PM-1003,2026-03-09,69804
D02,PM-1003,2026-03-16,72001
D02,PM-1003,2026-03-23,67896
D02,PM-1003,2026-03-30,66832
D02,PM-1003,2026-04-06,67045
D02,PM-1003,2026-04-13,67873
D02,PM-1003,2026-04-20,69670
D02,PM-1003,2026-04-27,69461
D02,PM-1003,2026-05-04,65948
D02,PM-1003,2026-05-11,69316
D02,PM-1003,2026-05-18,67561
D02,PM-1003,2026-05-25,69256
D02,PM-1003,2026-06-01,75713
D02,PM-1003,2026-06-08,75932
D02,PM-1003,2026-06-15,73544
D02,PM-1003,2026-06-22,73161
D02,SC-1018,2024-01-01,1810
D02,SC-1018,2024-01-08,1880
D02,SC-1018,2024-01-15,1908
D02,SC-1018,2024-01-22,1946
D02,SC-1018,2024-01-29,1770
D02,SC-1018,2024-02-05,1835
D02,SC-1018,2024-02-12,1842
D02,SC-1018,2024-02-19,2072
D02,SC-1018,2024-02-26,2086
D02,SC-1018,2024-03-04,2148
D02,SC-1018,2024-03-11,2094
D02,SC-1018,2024-03-18,1917
D02,SC-1018,2024-03-25,2084
D02,SC-1018,2024-04-01,2175
D02,SC-1018,2024-04-08,2177
D02,SC-1018,2024-04-15,2105
D02,SC-1018,2024-04-22,2136
D02,SC-1018,2024-04-29,2026
D02,SC-1018,2024-05-06,2101
D02,SC-1018,2024-05-13,2089
D02,SC-1018,2024-05-20,1922
D02,SC-1018,2024-05-27,1735
D02,SC-1018,2024-06-03,1520
D02,SC-1018,2024-06-10,1357
D02,SC-1018,2024-06-17,1190
D02,SC-1018,2024-06-24,927
D02,SC-1018,2024-07-01,997
D02,SC-1018,2024-07-08,907
D02,SC-1018,2024-07-15,895
D02,SC-1018,2024-07-22,856
D02,SC-1018,2024-07-29,731
D02,SC-1018,2024-08-05,666
D02,SC-1018,2024-08-12,900
D02,SC-1018,2024-08-19,1167
D02,SC-1018,2024-08-26,1209
D02,SC-1018,2024-09-02,1185
D02,SC-1018,2024-09-09,1065
D02,SC-1018,2024-09-16,1400
D02,SC-1018,2024-09-23,1726
D02,SC-1018,2024-09-30,1657
D02,SC-1018,2024-10-07,1867
D02,SC-1018,2024-10-14,1833
D02,SC-1018,2024-10-21,1927
D02,SC-1018,2024-10-28,1880
D02,SC-1018,2024-11-04,2089
D02,SC-1018,2024-11-11,2385
D02,SC-1018,2024-11-18,2166
D02,SC-1018,2024-11-25,2304
D02,SC-1018,2024-12-02,2271
D02,SC-1018,2024-12-09,2335
D02,SC-1018,2024-12-16,2268
D02,SC-1018,2024-12-23,2809
D02,SC-1018,2024-12-30,2808
D02,SC-1018,2025-01-06,2692
D02,SC-1018,2025-01-13,2638
D02,SC-1018,2025-01-20,2477
D02,SC-1018,2025-01-27,2263
D02,SC-1018,2025-02-03,2197
D02,SC-1018,2025-02-10,2034
D02,SC-1018,2025-02-17,1888
D02,SC-1018,2025-02-24,1705
D02,SC-1018,2025-03-03,1742
D02,SC-1018,2025-03-10,1672
D02,SC-1018,2025-03-17,1525
D02,SC-1018,2025-03-24,1562
D02,SC-1018,2025-03-31,1701
D02,SC-1018,2025-04-07,1844
D02,SC-1018,2025-04-14,1815
D02,SC-1018,2025-04-21,1745
D02,SC-1018,2025-04-28,1820
D02,SC-1018,2025-05-05,1858
D02,SC-1018,2025-05-12,1843
D02,SC-1018,2025-05-19,1827
D02,SC-1018,2025-05-26,1852
D02,SC-1018,2025-06-02,1624
D02,SC-1018,2025-06-09,1444
D02,SC-1018,2025-06-16,1069
D02,SC-1018,2025-06-23,1321
D02,SC-1018,2025-06-30,1354
D02,SC-1018,2025-07-07,1256
D02,SC-1018,2025-07-14,1343
D02,SC-1018,2025-07-21,1366
D02,SC-1018,2025-07-28,1905
D02,SC-1018,2025-08-04,1667
D02,SC-1018,2025-08-11,1513
D02,SC-1018,2025-08-18,1562
D02,SC-1018,2025-08-25,2064
D02,SC-1018,2025-09-01,1898
D02,SC-1018,2025-09-08,1774
D02,SC-1018,2025-09-15,1642
D02,SC-1018,2025-09-22,1495
D02,SC-1018,2025-09-29,1913
D02,SC-1018,2025-10-06,2180
D02,SC-1018,2025-10-13,2277
D02,SC-1018,2025-10-20,2113
D02,SC-1018,2025-10-27,2153
D02,SC-1018,2025-11-03,2161
D02,SC-1018,2025-11-10,2344
D02,SC-1018,2025-11-17,2941
D02,SC-1018,2025-11-24,3557
D02,SC-1018,2025-12-01,3898
D02,SC-1018,2025-12-08,4698
D02,SC-1018,2025-12-15,5285
D02,SC-1018,2025-12-22,5140
D02,SC-1018,2025-12-29,5003
D02,SC-1018,2026-01-05,5092
D02,SC-1018,2026-01-12,4952
D02,SC-1018,2026-01-19,4814
D02,SC-1018,2026-01-26,4676
D02,SC-1018,2026-02-02,4539
D02,SC-1018,2026-02-09,4417
D02,SC-1018,2026-02-16,4270
D02,SC-1018,2026-02-23,4149
D02,SC-1018,2026-03-02,4185
D02,SC-1018,2026-03-09,4086
D02,SC-1018,2026-03-16,3932
D02,SC-1018,2026-03-23,3785
D02,SC-1018,2026-03-30,3655
D02,SC-1018,2026-04-06,3554
D02,SC-1018,2026-04-13,3387
D02,SC-1018,2026-04-20,3286
D02,SC-1018,2026-04-27,3138
D02,SC-1018,2026-05-04,2951
D02,SC-1018,2026-05-11,2811
D02,SC-1018,2026-05-18,2667
D02,SC-1018,2026-05-25,2521
D02,SC-1018,2026-06-01,2378
D02,SC-1018,2026-06-08,2181
D02,SC-1018,2026-06-15,2060
D02,SC-1018,2026-06-22,2040
D02,SC-1019,2024-01-01,5547
D02,SC-1019,2024-01-08,5550
D02,SC-1019,2024-01-15,5627
D02,SC-1019,2024-01-22,5767
D02,SC-1019,2024-01-29,5625
D02,SC-1019,2024-02-05,5714
D02,SC-1019,2024-02-12,5837
D02,SC-1019,2024-02-19,5824
D02,SC-1019,2024-02-26,5833
D02,SC-1019,2024-03-04,5690
D02,SC-1019,2024-03-11,5710
D02,SC-1019,2024-03-18,5721
D02,SC-1019,2024-03-25,5664
D02,SC-1019,2024-04-01,5062
D02,SC-1019,2024-04-08,4999
D02,SC-1019,2024-04-15,5476
D02,SC-1019,2024-04-22,5405
D02,SC-1019,2024-04-29,5381
D02,SC-1019,2024-05-06,4982
D02,SC-1019,2024-05-13,4942
D02,SC-1019,2024-05-20,4234
D02,SC-1019,2024-05-27,4007
D02,SC-1019,2024-06-03,3634
D02,SC-1019,2024-06-10,2720
D02,SC-1019,2024-06-17,3346
D02,SC-1019,2024-06-24,2920
D02,SC-1019,2024-07-01,2225
D02,SC-1019,2024-07-08,2190
D02,SC-1019,2024-07-15,2593
D02,SC-1019,2024-07-22,3120
D02,SC-1019,2024-07-29,3208
D02,SC-1019,2024-08-05,3343
D02,SC-1019,2024-08-12,3016
D02,SC-1019,2024-08-19,3563
D02,SC-1019,2024-08-26,4337
D02,SC-1019,2024-09-02,4520
D02,SC-1019,2024-09-09,4755
D02,SC-1019,2024-09-16,4271
D02,SC-1019,2024-09-23,5034
D02,SC-1019,2024-09-30,5117
D02,SC-1019,2024-10-07,5410
D02,SC-1019,2024-10-14,6208
D02,SC-1019,2024-10-21,5874
D02,SC-1019,2024-10-28,7196
D02,SC-1019,2024-11-04,6768
D02,SC-1019,2024-11-11,6682
D02,SC-1019,2024-11-18,6778
D02,SC-1019,2024-11-25,7156
D02,SC-1019,2024-12-02,7001
D02,SC-1019,2024-12-09,6919
D02,SC-1019,2024-12-16,7190
D02,SC-1019,2024-12-23,6862
D02,SC-1019,2024-12-30,7111
D02,SC-1019,2025-01-06,6934
D02,SC-1019,2025-01-13,6697
D02,SC-1019,2025-01-20,6606
D02,SC-1019,2025-01-27,5905
D02,SC-1019,2025-02-03,6239
D02,SC-1019,2025-02-10,5772
D02,SC-1019,2025-02-17,5335
D02,SC-1019,2025-02-24,4631
D02,SC-1019,2025-03-03,6127
D02,SC-1019,2025-03-10,6978
D02,SC-1019,2025-03-17,7061
D02,SC-1019,2025-03-24,7835
D02,SC-1019,2025-03-31,7898
D02,SC-1019,2025-04-07,8173
D02,SC-1019,2025-04-14,7948
D02,SC-1019,2025-04-21,7061
D02,SC-1019,2025-04-28,6669
D02,SC-1019,2025-05-05,6188
D02,SC-1019,2025-05-12,6163
D02,SC-1019,2025-05-19,5412
D02,SC-1019,2025-05-26,5114
D02,SC-1019,2025-06-02,5396
D02,SC-1019,2025-06-09,5212
D02,SC-1019,2025-06-16,5859
D02,SC-1019,2025-06-23,6020
D02,SC-1019,2025-06-30,5549
D02,SC-1019,2025-07-07,5231
D02,SC-1019,2025-07-14,5800
D02,SC-1019,2025-07-21,6400
D02,SC-1019,2025-07-28,6958
D02,SC-1019,2025-08-04,6403
D02,SC-1019,2025-08-11,6339
D02,SC-1019,2025-08-18,5726
D02,SC-1019,2025-08-25,5460
D02,SC-1019,2025-09-01,6200
D02,SC-1019,2025-09-08,5739
D02,SC-1019,2025-09-15,5897
D02,SC-1019,2025-09-22,7120
D02,SC-1019,2025-09-29,6619
D02,SC-1019,2025-10-06,7204
D02,SC-1019,2025-10-13,7548
D02,SC-1019,2025-10-20,8337
D02,SC-1019,2025-10-27,8520
D02,SC-1019,2025-11-03,9692
D02,SC-1019,2025-11-10,9279
D02,SC-1019,2025-11-17,8776
D02,SC-1019,2025-11-24,9056
D02,SC-1019,2025-12-01,8601
D02,SC-1019,2025-12-08,8209
D02,SC-1019,2025-12-15,7896
D02,SC-1019,2025-12-22,9037
D02,SC-1019,2025-12-29,9677
D02,SC-1019,2026-01-05,9260
D02,SC-1019,2026-01-12,8803
D02,SC-1019,2026-01-19,9192
D02,SC-1019,2026-01-26,8869
D02,SC-1019,2026-02-02,8788
D02,SC-1019,2026-02-09,10183
D02,SC-1019,2026-02-16,9763
D02,SC-1019,2026-02-23,9323
D02,SC-1019,2026-03-02,10218
D02,SC-1019,2026-03-09,9916
D02,SC-1019,2026-03-16,9616
D02,SC-1019,2026-03-23,10024
D02,SC-1019,2026-03-30,9505
D02,SC-1019,2026-04-06,9169
D02,SC-1019,2026-04-13,8655
D02,SC-1019,2026-04-20,8281
D02,SC-1019,2026-04-27,7812
D02,SC-1019,2026-05-04,7415
D02,SC-1019,2026-05-11,6992
D02,SC-1019,2026-05-18,6534
D02,SC-1019,2026-05-25,6752
D02,SC-1019,2026-06-01,6279
D02,SC-1019,2026-06-08,6975
D02,SC-1019,2026-06-15,6544
D02,SC-1019,2026-06-22,6262
D02,SC-1015,2024-01-01,3713
D02,SC-1015,2024-01-08,3701
D02,SC-1015,2024-01-15,3593
D02,SC-1015,2024-01-22,3480
D02,SC-1015,2024-01-29,3626
D02,SC-1015,2024-02-05,3601
D02,SC-1015,2024-02-12,3617
D02,SC-1015,2024-02-19,3526
D02,SC-1015,2024-02-26,3464
D02,SC-1015,2024-03-04,3411
D02,SC-1015,2024-03-11,3434
D02,SC-1015,2024-03-18,3320
D02,SC-1015,2024-03-25,3222
D02,SC-1015,2024-04-01,2751
D02,SC-1015,2024-04-08,3039
D02,SC-1015,2024-04-15,2979
D02,SC-1015,2024-04-22,2922
D02,SC-1015,2024-04-29,2676
D02,SC-1015,2024-05-06,2282
D02,SC-1015,2024-05-13,2621
D02,SC-1015,2024-05-20,3061
D02,SC-1015,2024-05-27,2658
D02,SC-1015,2024-06-03,2127
D02,SC-1015,2024-06-10,2567
D02,SC-1015,2024-06-17,2811
D02,SC-1015,2024-06-24,2754
D02,SC-1015,2024-07-01,2418
D02,SC-1015,2024-07-08,2574
D02,SC-1015,2024-07-15,2559
D02,SC-1015,2024-07-22,2693
D02,SC-1015,2024-07-29,2615
D02,SC-1015,2024-08-05,2616
D02,SC-1015,2024-08-12,3059
D02,SC-1015,2024-08-19,3522
D02,SC-1015,2024-08-26,3771
D02,SC-1015,2024-09-02,3577
D02,SC-1015,2024-09-09,3483
D02,SC-1015,2024-09-16,3908
D02,SC-1015,2024-09-23,3746
D02,SC-1015,2024-09-30,3832
D02,SC-1015,2024-10-07,3916
D02,SC-1015,2024-10-14,3637
D02,SC-1015,2024-10-21,4202
D02,SC-1015,2024-10-28,3989
D02,SC-1015,2024-11-04,4001
D02,SC-1015,2024-11-11,3571
D02,SC-1015,2024-11-18,4186
D02,SC-1015,2024-11-25,4858
D02,SC-1015,2024-12-02,5579
D02,SC-1015,2024-12-09,5812
D02,SC-1015,2024-12-16,5377
D02,SC-1015,2024-12-23,5977
D02,SC-1015,2024-12-30,5655
D02,SC-1015,2025-01-06,5167
D02,SC-1015,2025-01-13,4987
D02,SC-1015,2025-01-20,4925
D02,SC-1015,2025-01-27,4659
D02,SC-1015,2025-02-03,4275
D02,SC-1015,2025-02-10,4751
D02,SC-1015,2025-02-17,4720
D02,SC-1015,2025-02-24,4660
D02,SC-1015,2025-03-03,4968
D02,SC-1015,2025-03-10,4769
D02,SC-1015,2025-03-17,4392
D02,SC-1015,2025-03-24,3914
D02,SC-1015,2025-03-31,3988
D02,SC-1015,2025-04-07,3477
D02,SC-1015,2025-04-14,3045
D02,SC-1015,2025-04-21,2720
D02,SC-1015,2025-04-28,2909
D02,SC-1015,2025-05-05,2962
D02,SC-1015,2025-05-12,3243
D02,SC-1015,2025-05-19,3531
D02,SC-1015,2025-05-26,3654
D02,SC-1015,2025-06-02,3700
D02,SC-1015,2025-06-09,3461
D02,SC-1015,2025-06-16,3724
D02,SC-1015,2025-06-23,3244
D02,SC-1015,2025-06-30,2613
D02,SC-1015,2025-07-07,2217
D02,SC-1015,2025-07-14,3234
D02,SC-1015,2025-07-21,3431
D02,SC-1015,2025-07-28,3034
D02,SC-1015,2025-08-04,2784
D02,SC-1015,2025-08-11,2807
D02,SC-1015,2025-08-18,3673
D02,SC-1015,2025-08-25,4271
D02,SC-1015,2025-09-01,4560
D02,SC-1015,2025-09-08,5072
D02,SC-1015,2025-09-15,4628
D02,SC-1015,2025-09-22,5652
D02,SC-1015,2025-09-29,5296
D02,SC-1015,2025-10-06,5367
D02,SC-1015,2025-10-13,5019
D02,SC-1015,2025-10-20,4697
D02,SC-1015,2025-10-27,5108
D02,SC-1015,2025-11-03,5989
D02,SC-1015,2025-11-10,6504
D02,SC-1015,2025-11-17,6183
D02,SC-1015,2025-11-24,5848
D02,SC-1015,2025-12-01,6736
D02,SC-1015,2025-12-08,6399
D02,SC-1015,2025-12-15,6146
D02,SC-1015,2025-12-22,6606
D02,SC-1015,2025-12-29,6748
D02,SC-1015,2026-01-05,6753
D02,SC-1015,2026-01-12,6480
D02,SC-1015,2026-01-19,6179
D02,SC-1015,2026-01-26,5924
D02,SC-1015,2026-02-02,5688
D02,SC-1015,2026-02-09,5442
D02,SC-1015,2026-02-16,6241
D02,SC-1015,2026-02-23,6058
D02,SC-1015,2026-03-02,6653
D02,SC-1015,2026-03-09,6339
D02,SC-1015,2026-03-16,6203
D02,SC-1015,2026-03-23,5932
D02,SC-1015,2026-03-30,5710
D02,SC-1015,2026-04-06,5730
D02,SC-1015,2026-04-13,6576
D02,SC-1015,2026-04-20,6543
D02,SC-1015,2026-04-27,6388
D02,SC-1015,2026-05-04,6122
D02,SC-1015,2026-05-11,6064
D02,SC-1015,2026-05-18,6226
D02,SC-1015,2026-05-25,6127
D02,SC-1015,2026-06-01,5805
D02,SC-1015,2026-06-08,5507
D02,SC-1015,2026-06-15,5187
D02,SC-1015,2026-06-22,4931
D02,LD-1042,2024-01-01,29379
D02,LD-1042,2024-01-08,29654
D02,LD-1042,2024-01-15,27253
D02,LD-1042,2024-01-22,30059
D02,LD-1042,2024-01-29,31150
D02,LD-1042,2024-02-05,28616
D02,LD-1042,2024-02-12,28895
D02,LD-1042,2024-02-19,31633
D02,LD-1042,2024-02-26,30577
D02,LD-1042,2024-03-04,30756
D02,LD-1042,2024-03-11,28590
D02,LD-1042,2024-03-18,27084
D02,LD-1042,2024-03-25,24071
D02,LD-1042,2024-04-01,22811
D02,LD-1042,2024-04-08,22265
D02,LD-1042,2024-04-15,22121
D02,LD-1042,2024-04-22,25325
D02,LD-1042,2024-04-29,25064
D02,LD-1042,2024-05-06,26799
D02,LD-1042,2024-05-13,30594
D02,LD-1042,2024-05-20,33618
D02,LD-1042,2024-05-27,34317
D02,LD-1042,2024-06-03,33165
D02,LD-1042,2024-06-10,34672
D02,LD-1042,2024-06-17,31565
D02,LD-1042,2024-06-24,32588
D02,LD-1042,2024-07-01,32775
D02,LD-1042,2024-07-08,28041
D02,LD-1042,2024-07-15,27830
D02,LD-1042,2024-07-22,24128
D02,LD-1042,2024-07-29,29673
D02,LD-1042,2024-08-05,30371
D02,LD-1042,2024-08-12,34418
D02,LD-1042,2024-08-19,33844
D02,LD-1042,2024-08-26,31864
D02,LD-1042,2024-09-02,36447
D02,LD-1042,2024-09-09,37283
D02,LD-1042,2024-09-16,36599
D02,LD-1042,2024-09-23,36468
D02,LD-1042,2024-09-30,36835
D02,LD-1042,2024-10-07,36883
D02,LD-1042,2024-10-14,35653
D02,LD-1042,2024-10-21,38625
D02,LD-1042,2024-10-28,36980
D02,LD-1042,2024-11-04,37303
D02,LD-1042,2024-11-11,37715
D02,LD-1042,2024-11-18,35870
D02,LD-1042,2024-11-25,35324
D02,LD-1042,2024-12-02,35420
D02,LD-1042,2024-12-09,37533
D02,LD-1042,2024-12-16,34727
D02,LD-1042,2024-12-23,34910
D02,LD-1042,2024-12-30,34398
D02,LD-1042,2025-01-06,31766
D02,LD-1042,2025-01-13,31618
D02,LD-1042,2025-01-20,28889
D02,LD-1042,2025-01-27,29476
D02,LD-1042,2025-02-03,28613
D02,LD-1042,2025-02-10,29057
D02,LD-1042,2025-02-17,26946
D02,LD-1042,2025-02-24,24882
D02,LD-1042,2025-03-03,28056
D02,LD-1042,2025-03-10,24385
D02,LD-1042,2025-03-17,24628
D02,LD-1042,2025-03-24,22743
D02,LD-1042,2025-03-31,22186
D02,LD-1042,2025-04-07,21039
D02,LD-1042,2025-04-14,19417
D02,LD-1042,2025-04-21,22821
D02,LD-1042,2025-04-28,19804
D02,LD-1042,2025-05-05,23237
D02,LD-1042,2025-05-12,22852
D02,LD-1042,2025-05-19,27688
D02,LD-1042,2025-05-26,28247
D02,LD-1042,2025-06-02,28336
D02,LD-1042,2025-06-09,28808
D02,LD-1042,2025-06-16,31540
D02,LD-1042,2025-06-23,31097
D02,LD-1042,2025-06-30,28864
D02,LD-1042,2025-07-07,31892
D02,LD-1042,2025-07-14,31507
D02,LD-1042,2025-07-21,33850
D02,LD-1042,2025-07-28,37181
D02,LD-1042,2025-08-04,40474
D02,LD-1042,2025-08-11,37775
D02,LD-1042,2025-08-18,38747
D02,LD-1042,2025-08-25,41622
D02,LD-1042,2025-09-01,40530
D02,LD-1042,2025-09-08,40882
D02,LD-1042,2025-09-15,38485
D02,LD-1042,2025-09-22,39345
D02,LD-1042,2025-09-29,37705
D02,LD-1042,2025-10-06,38475
D02,LD-1042,2025-10-13,38798
D02,LD-1042,2025-10-20,37395
D02,LD-1042,2025-10-27,40500
D02,LD-1042,2025-11-03,37389
D02,LD-1042,2025-11-10,42330
D02,LD-1042,2025-11-17,44647
D02,LD-1042,2025-11-24,50879
D02,LD-1042,2025-12-01,59211
D02,LD-1042,2025-12-08,57819
D02,LD-1042,2025-12-15,60847
D02,LD-1042,2025-12-22,60391
D02,LD-1042,2025-12-29,61575
D02,LD-1042,2026-01-05,60344
D02,LD-1042,2026-01-12,59233
D02,LD-1042,2026-01-19,56569
D02,LD-1042,2026-01-26,54042
D02,LD-1042,2026-02-02,53297
D02,LD-1042,2026-02-09,50839
D02,LD-1042,2026-02-16,48748
D02,LD-1042,2026-02-23,46450
D02,LD-1042,2026-03-02,46853
D02,LD-1042,2026-03-09,44949
D02,LD-1042,2026-03-16,44608
D02,LD-1042,2026-03-23,43623
D02,LD-1042,2026-03-30,47157
D02,LD-1042,2026-04-06,44165
D02,LD-1042,2026-04-13,41779
D02,LD-1042,2026-04-20,38255
D02,LD-1042,2026-04-27,43782
D02,LD-1042,2026-05-04,46006
D02,LD-1042,2026-05-11,47771
D02,LD-1042,2026-05-18,48783
D02,LD-1042,2026-05-25,43932
D02,LD-1042,2026-06-01,48576
D02,LD-1042,2026-06-08,52737
D02,LD-1042,2026-06-15,57450
D02,LD-1042,2026-06-22,56992
D02,SC-1016,2024-01-01,5695
D02,SC-1016,2024-01-08,5839
D02,SC-1016,2024-01-15,5679
D02,SC-1016,2024-01-22,5630
D02,SC-1016,2024-01-29,5672
D02,SC-1016,2024-02-05,5809
D02,SC-1016,2024-02-12,5816
D02,SC-1016,2024-02-19,5849
D02,SC-1016,2024-02-26,5832
D02,SC-1016,2024-03-04,5962
D02,SC-1016,2024-03-11,5964
D02,SC-1016,2024-03-18,5953
D02,SC-1016,2024-03-25,5916
D02,SC-1016,2024-04-01,5876
D02,SC-1016,2024-04-08,5801
D02,SC-1016,2024-04-15,5564
D02,SC-1016,2024-04-22,5527
D02,SC-1016,2024-04-29,5519
D02,SC-1016,2024-05-06,5570
D02,SC-1016,2024-05-13,5516
D02,SC-1016,2024-05-20,5584
D02,SC-1016,2024-05-27,4821
D02,SC-1016,2024-06-03,5266
D02,SC-1016,2024-06-10,5198
D02,SC-1016,2024-06-17,4664
D02,SC-1016,2024-06-24,4075
D02,SC-1016,2024-07-01,3738
D02,SC-1016,2024-07-08,3268
D02,SC-1016,2024-07-15,3329
D02,SC-1016,2024-07-22,3105
D02,SC-1016,2024-07-29,2326
D02,SC-1016,2024-08-05,1766
D02,SC-1016,2024-08-12,1562
D02,SC-1016,2024-08-19,1500
D02,SC-1016,2024-08-26,2302
D02,SC-1016,2024-09-02,3898
D02,SC-1016,2024-09-09,3918
D02,SC-1016,2024-09-16,4268
D02,SC-1016,2024-09-23,3993
D02,SC-1016,2024-09-30,4249
D02,SC-1016,2024-10-07,3902
D02,SC-1016,2024-10-14,4763
D02,SC-1016,2024-10-21,5034
D02,SC-1016,2024-10-28,4930
D02,SC-1016,2024-11-04,6012
D02,SC-1016,2024-11-11,6123
D02,SC-1016,2024-11-18,5730
D02,SC-1016,2024-11-25,6659
D02,SC-1016,2024-12-02,8423
D02,SC-1016,2024-12-09,8351
D02,SC-1016,2024-12-16,8880
D02,SC-1016,2024-12-23,9019
D02,SC-1016,2024-12-30,8524
D02,SC-1016,2025-01-06,9734
D02,SC-1016,2025-01-13,9856
D02,SC-1016,2025-01-20,9475
D02,SC-1016,2025-01-27,9185
D02,SC-1016,2025-02-03,9289
D02,SC-1016,2025-02-10,8745
D02,SC-1016,2025-02-17,8216
D02,SC-1016,2025-02-24,7566
D02,SC-1016,2025-03-03,6968
D02,SC-1016,2025-03-10,6242
D02,SC-1016,2025-03-17,6154
D02,SC-1016,2025-03-24,6340
D02,SC-1016,2025-03-31,5692
D02,SC-1016,2025-04-07,4750
D02,SC-1016,2025-04-14,4989
D02,SC-1016,2025-04-21,4692
D02,SC-1016,2025-04-28,4845
D02,SC-1016,2025-05-05,5242
D02,SC-1016,2025-05-12,4744
D02,SC-1016,2025-05-19,4119
D02,SC-1016,2025-05-26,3624
D02,SC-1016,2025-06-02,4068
D02,SC-1016,2025-06-09,3370
D02,SC-1016,2025-06-16,3299
D02,SC-1016,2025-06-23,3538
D02,SC-1016,2025-06-30,3417
D02,SC-1016,2025-07-07,2954
D02,SC-1016,2025-07-14,3241
D02,SC-1016,2025-07-21,3496
D02,SC-1016,2025-07-28,4213
D02,SC-1016,2025-08-04,3983
D02,SC-1016,2025-08-11,4914
D02,SC-1016,2025-08-18,4406
D02,SC-1016,2025-08-25,3873
D02,SC-1016,2025-09-01,3314
D02,SC-1016,2025-09-08,3684
D02,SC-1016,2025-09-15,3163
D02,SC-1016,2025-09-22,2716
D02,SC-1016,2025-09-29,2192
D02,SC-1016,2025-10-06,2170
D02,SC-1016,2025-10-13,1689
D02,SC-1016,2025-10-20,1119
D02,SC-1016,2025-10-27,909
D02,SC-1016,2025-11-03,1732
D02,SC-1016,2025-11-10,2883
D02,SC-1016,2025-11-17,3256
D02,SC-1016,2025-11-24,4877
D02,SC-1016,2025-12-01,4930
D02,SC-1016,2025-12-08,7544
D02,SC-1016,2025-12-15,7093
D02,SC-1016,2025-12-22,8332
D02,SC-1016,2025-12-29,9046
D02,SC-1016,2026-01-05,9667
D02,SC-1016,2026-01-12,9194
D02,SC-1016,2026-01-19,8672
D02,SC-1016,2026-01-26,9930
D02,SC-1016,2026-02-02,10124
D02,SC-1016,2026-02-09,10116
D02,SC-1016,2026-02-16,10726
D02,SC-1016,2026-02-23,10344
D02,SC-1016,2026-03-02,10158
D02,SC-1016,2026-03-09,10358
D02,SC-1016,2026-03-16,10201
D02,SC-1016,2026-03-23,9739
D02,SC-1016,2026-03-30,9610
D02,SC-1016,2026-04-06,9199
D02,SC-1016,2026-04-13,8696
D02,SC-1016,2026-04-20,8267
D02,SC-1016,2026-04-27,7817
D02,SC-1016,2026-05-04,7124
D02,SC-1016,2026-05-11,7889
D02,SC-1016,2026-05-18,7794
D02,SC-1016,2026-05-25,7823
D02,SC-1016,2026-06-01,7332
D02,SC-1016,2026-06-08,7822
D02,SC-1016,2026-06-15,7421
D02,SC-1016,2026-06-22,7223
D02,LD-1038,2024-01-01,24054
D02,LD-1038,2024-01-08,24887
D02,LD-1038,2024-01-15,21127
D02,LD-1038,2024-01-22,21679
D02,LD-1038,2024-01-29,24039
D02,LD-1038,2024-02-05,25267
D02,LD-1038,2024-02-12,24831
D02,LD-1038,2024-02-19,27608
D02,LD-1038,2024-02-26,23734
D02,LD-1038,2024-03-04,25230
D02,LD-1038,2024-03-11,29005
D02,LD-1038,2024-03-18,28451
D02,LD-1038,2024-03-25,28058
D02,LD-1038,2024-04-01,28154
D02,LD-1038,2024-04-08,26007
D02,LD-1038,2024-04-15,24176
D02,LD-1038,2024-04-22,21091
D02,LD-1038,2024-04-29,24580
D02,LD-1038,2024-05-06,21450
D02,LD-1038,2024-05-13,26936
D02,LD-1038,2024-05-20,24333
D02,LD-1038,2024-05-27,26301
D02,LD-1038,2024-06-03,24252
D02,LD-1038,2024-06-10,24437
D02,LD-1038,2024-06-17,22404
D02,LD-1038,2024-06-24,22334
D02,LD-1038,2024-07-01,28083
D02,LD-1038,2024-07-08,31405
D02,LD-1038,2024-07-15,31683
D02,LD-1038,2024-07-22,32048
D02,LD-1038,2024-07-29,30934
D02,LD-1038,2024-08-05,31251
D02,LD-1038,2024-08-12,28459
D02,LD-1038,2024-08-19,27925
D02,LD-1038,2024-08-26,27755
D02,LD-1038,2024-09-02,25578
D02,LD-1038,2024-09-09,26046
D02,LD-1038,2024-09-16,24019
D02,LD-1038,2024-09-23,26701
D02,LD-1038,2024-09-30,23704
D02,LD-1038,2024-10-07,26490
D02,LD-1038,2024-10-14,24648
D02,LD-1038,2024-10-21,26861
D02,LD-1038,2024-10-28,29719
D02,LD-1038,2024-11-04,28290
D02,LD-1038,2024-11-11,32029
D02,LD-1038,2024-11-18,31858
D02,LD-1038,2024-11-25,32260
D02,LD-1038,2024-12-02,30693
D02,LD-1038,2024-12-09,32268
D02,LD-1038,2024-12-16,32386
D02,LD-1038,2024-12-23,29616
D02,LD-1038,2024-12-30,27158
D02,LD-1038,2025-01-06,27251
D02,LD-1038,2025-01-13,26686
D02,LD-1038,2025-01-20,26169
D02,LD-1038,2025-01-27,26513
D02,LD-1038,2025-02-03,26331
D02,LD-1038,2025-02-10,23105
D02,LD-1038,2025-02-17,24670
D02,LD-1038,2025-02-24,24207
D02,LD-1038,2025-03-03,23019
D02,LD-1038,2025-03-10,24267
D02,LD-1038,2025-03-17,23683
D02,LD-1038,2025-03-24,23807
D02,LD-1038,2025-03-31,22811
D02,LD-1038,2025-04-07,26110
D02,LD-1038,2025-04-14,23926
D02,LD-1038,2025-04-21,21618
D02,LD-1038,2025-04-28,22695
D02,LD-1038,2025-05-05,25508
D02,LD-1038,2025-05-12,25391
D02,LD-1038,2025-05-19,26354
D02,LD-1038,2025-05-26,28550
D02,LD-1038,2025-06-02,27165
D02,LD-1038,2025-06-09,26691
D02,LD-1038,2025-06-16,25992
D02,LD-1038,2025-06-23,25584
D02,LD-1038,2025-06-30,29209
D02,LD-1038,2025-07-07,30198
D02,LD-1038,2025-07-14,27368
D02,LD-1038,2025-07-21,26114
D02,LD-1038,2025-07-28,23782
D02,LD-1038,2025-08-04,22505
D02,LD-1038,2025-08-11,22777
D02,LD-1038,2025-08-18,25932
D02,LD-1038,2025-08-25,24269
D02,LD-1038,2025-09-01,24676
D02,LD-1038,2025-09-08,27891
D02,LD-1038,2025-09-15,36158
D02,LD-1038,2025-09-22,41556
D02,LD-1038,2025-09-29,43890
D02,LD-1038,2025-10-06,49396
D02,LD-1038,2025-10-13,51384
D02,LD-1038,2025-10-20,51929
D02,LD-1038,2025-10-27,53948
D02,LD-1038,2025-11-03,55716
D02,LD-1038,2025-11-10,55345
D02,LD-1038,2025-11-17,53545
D02,LD-1038,2025-11-24,51173
D02,LD-1038,2025-12-01,48381
D02,LD-1038,2025-12-08,45876
D02,LD-1038,2025-12-15,43748
D02,LD-1038,2025-12-22,41539
D02,LD-1038,2025-12-29,44189
D02,LD-1038,2026-01-05,45882
D02,LD-1038,2026-01-12,43831
D02,LD-1038,2026-01-19,42363
D02,LD-1038,2026-01-26,43308
D02,LD-1038,2026-02-02,45389
D02,LD-1038,2026-02-09,43391
D02,LD-1038,2026-02-16,41174
D02,LD-1038,2026-02-23,38839
D02,LD-1038,2026-03-02,37374
D02,LD-1038,2026-03-09,38735
D02,LD-1038,2026-03-16,40952
D02,LD-1038,2026-03-23,38055
D02,LD-1038,2026-03-30,39142
D02,LD-1038,2026-04-06,38670
D02,LD-1038,2026-04-13,38872
D02,LD-1038,2026-04-20,40576
D02,LD-1038,2026-04-27,41368
D02,LD-1038,2026-05-04,42755
D02,LD-1038,2026-05-11,42690
D02,LD-1038,2026-05-18,45750
D02,LD-1038,2026-05-25,45694
D02,LD-1038,2026-06-01,47762
D02,LD-1038,2026-06-08,49705
D02,LD-1038,2026-06-15,48999
D02,LD-1038,2026-06-22,46651
D02,PM-1007,2024-01-01,29487
D02,PM-1007,2024-01-08,27919
D02,PM-1007,2024-01-15,26177
D02,PM-1007,2024-01-22,23642
D02,PM-1007,2024-01-29,26429
D02,PM-1007,2024-02-05,30261
D02,PM-1007,2024-02-12,28553
D02,PM-1007,2024-02-19,30730
D02,PM-1007,2024-02-26,29164
D02,PM-1007,2024-03-04,28734
D02,PM-1007,2024-03-11,28395
D02,PM-1007,2024-03-18,28086
D02,PM-1007,2024-03-25,29300
D02,PM-1007,2024-04-01,27453
D02,PM-1007,2024-04-08,29591
D02,PM-1007,2024-04-15,26905
D02,PM-1007,2024-04-22,28192
D02,PM-1007,2024-04-29,25484
D02,PM-1007,2024-05-06,25654
D02,PM-1007,2024-05-13,26445
D02,PM-1007,2024-05-20,27193
D02,PM-1007,2024-05-27,25296
D02,PM-1007,2024-06-03,22368
D02,PM-1007,2024-06-10,25089
D02,PM-1007,2024-06-17,27023
D02,PM-1007,2024-06-24,28687
D02,PM-1007,2024-07-01,25550
D02,PM-1007,2024-07-08,26919
D02,PM-1007,2024-07-15,29528
D02,PM-1007,2024-07-22,26177
D02,PM-1007,2024-07-29,22507
D02,PM-1007,2024-08-05,22445
D02,PM-1007,2024-08-12,34448
D02,PM-1007,2024-08-19,34966
D02,PM-1007,2024-08-26,36921
D02,PM-1007,2024-09-02,35891
D02,PM-1007,2024-09-09,34062
D02,PM-1007,2024-09-16,33443
D02,PM-1007,2024-09-23,30851
D02,PM-1007,2024-09-30,31786
D02,PM-1007,2024-10-07,30608
D02,PM-1007,2024-10-14,33685
D02,PM-1007,2024-10-21,35915
D02,PM-1007,2024-10-28,35466
D02,PM-1007,2024-11-04,35066
D02,PM-1007,2024-11-11,36748
D02,PM-1007,2024-11-18,39895
D02,PM-1007,2024-11-25,41730
D02,PM-1007,2024-12-02,39226
D02,PM-1007,2024-12-09,36652
D02,PM-1007,2024-12-16,34442
D02,PM-1007,2024-12-23,32775
D02,PM-1007,2024-12-30,30422
D02,PM-1007,2025-01-06,29378
D02,PM-1007,2025-01-13,29177
D02,PM-1007,2025-01-20,26819
D02,PM-1007,2025-01-27,27092
D02,PM-1007,2025-02-03,25852
D02,PM-1007,2025-02-10,25037
D02,PM-1007,2025-02-17,24975
D02,PM-1007,2025-02-24,25683
D02,PM-1007,2025-03-03,23547
D02,PM-1007,2025-03-10,21209
D02,PM-1007,2025-03-17,20510
D02,PM-1007,2025-03-24,22133
D02,PM-1007,2025-03-31,23001
D02,PM-1007,2025-04-07,25301
D02,PM-1007,2025-04-14,25944
D02,PM-1007,2025-04-21,25407
D02,PM-1007,2025-04-28,25276
D02,PM-1007,2025-05-05,26730
D02,PM-1007,2025-05-12,27767
D02,PM-1007,2025-05-19,27547
D02,PM-1007,2025-05-26,27108
D02,PM-1007,2025-06-02,27953
D02,PM-1007,2025-06-09,30450
D02,PM-1007,2025-06-16,27657
D02,PM-1007,2025-06-23,25001
D02,PM-1007,2025-06-30,28515
D02,PM-1007,2025-07-07,29329
D02,PM-1007,2025-07-14,26266
D02,PM-1007,2025-07-21,23710
D02,PM-1007,2025-07-28,24307
D02,PM-1007,2025-08-04,21490
D02,PM-1007,2025-08-11,21882
D02,PM-1007,2025-08-18,25555
D02,PM-1007,2025-08-25,23860
D02,PM-1007,2025-09-01,24031
D02,PM-1007,2025-09-08,29686
D02,PM-1007,2025-09-15,33009
D02,PM-1007,2025-09-22,36176
D02,PM-1007,2025-09-29,32753
D02,PM-1007,2025-10-06,37357
D02,PM-1007,2025-10-13,40174
D02,PM-1007,2025-10-20,44621
D02,PM-1007,2025-10-27,45937
D02,PM-1007,2025-11-03,43990
D02,PM-1007,2025-11-10,46853
D02,PM-1007,2025-11-17,51649
D02,PM-1007,2025-11-24,55523
D02,PM-1007,2025-12-01,55228
D02,PM-1007,2025-12-08,58006
D02,PM-1007,2025-12-15,59010
D02,PM-1007,2025-12-22,56416
D02,PM-1007,2025-12-29,59990
D02,PM-1007,2026-01-05,59142
D02,PM-1007,2026-01-12,56426
D02,PM-1007,2026-01-19,54084
D02,PM-1007,2026-01-26,51163
D02,PM-1007,2026-02-02,49038
D02,PM-1007,2026-02-09,46301
D02,PM-1007,2026-02-16,48375
D02,PM-1007,2026-02-23,46301
D02,PM-1007,2026-03-02,46346
D02,PM-1007,2026-03-09,50376
D02,PM-1007,2026-03-16,53140
D02,PM-1007,2026-03-23,50844
D02,PM-1007,2026-03-30,51234
D02,PM-1007,2026-04-06,48291
D02,PM-1007,2026-04-13,45353
D02,PM-1007,2026-04-20,46709
D02,PM-1007,2026-04-27,48196
D02,PM-1007,2026-05-04,48995
D02,PM-1007,2026-05-11,46374
D02,PM-1007,2026-05-18,43217
D02,PM-1007,2026-05-25,43814
D02,PM-1007,2026-06-01,44905
D02,PM-1007,2026-06-08,45581
D02,PM-1007,2026-06-15,50686
D02,PM-1007,2026-06-22,51002
D02,PM-1002,2024-01-01,36851
D02,PM-1002,2024-01-08,37287
D02,PM-1002,2024-01-15,38590
D02,PM-1002,2024-01-22,38707
D02,PM-1002,2024-01-29,38797
D02,PM-1002,2024-02-05,39305
D02,PM-1002,2024-02-12,39942
D02,PM-1002,2024-02-19,38618
D02,PM-1002,2024-02-26,38524
D02,PM-1002,2024-03-04,38278
D02,PM-1002,2024-03-11,43632
D02,PM-1002,2024-03-18,42238
D02,PM-1002,2024-03-25,37737
D02,PM-1002,2024-04-01,35010
D02,PM-1002,2024-04-08,31144
D02,PM-1002,2024-04-15,31953
D02,PM-1002,2024-04-22,28529
D02,PM-1002,2024-04-29,27294
D02,PM-1002,2024-05-06,26172
D02,PM-1002,2024-05-13,28466
D02,PM-1002,2024-05-20,24948
D02,PM-1002,2024-05-27,21047
D02,PM-1002,2024-06-03,24228
D02,PM-1002,2024-06-10,29195
D02,PM-1002,2024-06-17,31787
D02,PM-1002,2024-06-24,30953
D02,PM-1002,2024-07-01,31810
D02,PM-1002,2024-07-08,30924
D02,PM-1002,2024-07-15,32722
D02,PM-1002,2024-07-22,33211
D02,PM-1002,2024-07-29,30011
D02,PM-1002,2024-08-05,34930
D02,PM-1002,2024-08-12,36904
D02,PM-1002,2024-08-19,32887
D02,PM-1002,2024-08-26,32768
D02,PM-1002,2024-09-02,33404
D02,PM-1002,2024-09-09,41088
D02,PM-1002,2024-09-16,46106
D02,PM-1002,2024-09-23,46566
D02,PM-1002,2024-09-30,42456
D02,PM-1002,2024-10-07,40702
D02,PM-1002,2024-10-14,44224
D02,PM-1002,2024-10-21,40637
D02,PM-1002,2024-10-28,38740
D02,PM-1002,2024-11-04,40810
D02,PM-1002,2024-11-11,37014
D02,PM-1002,2024-11-18,35618
D02,PM-1002,2024-11-25,37078
D02,PM-1002,2024-12-02,34013
D02,PM-1002,2024-12-09,34259
D02,PM-1002,2024-12-16,38615
D02,PM-1002,2024-12-23,37096
D02,PM-1002,2024-12-30,33287
D02,PM-1002,2025-01-06,38433
D02,PM-1002,2025-01-13,42452
D02,PM-1002,2025-01-20,42540
D02,PM-1002,2025-01-27,42092
D02,PM-1002,2025-02-03,40297
D02,PM-1002,2025-02-10,44060
D02,PM-1002,2025-02-17,43979
D02,PM-1002,2025-02-24,41239
D02,PM-1002,2025-03-03,39614
D02,PM-1002,2025-03-10,37170
D02,PM-1002,2025-03-17,33740
D02,PM-1002,2025-03-24,30857
D02,PM-1002,2025-03-31,31085
D02,PM-1002,2025-04-07,26826
D02,PM-1002,2025-04-14,29078
D02,PM-1002,2025-04-21,27660
D02,PM-1002,2025-04-28,25802
D02,PM-1002,2025-05-05,22173
D02,PM-1002,2025-05-12,23162
D02,PM-1002,2025-05-19,24264
D02,PM-1002,2025-05-26,27390
D02,PM-1002,2025-06-02,26849
D02,PM-1002,2025-06-09,24250
D02,PM-1002,2025-06-16,30845
D02,PM-1002,2025-06-23,35353
D02,PM-1002,2025-06-30,39764
D02,PM-1002,2025-07-07,41630
D02,PM-1002,2025-07-14,44569
D02,PM-1002,2025-07-21,45851
D02,PM-1002,2025-07-28,44194
D02,PM-1002,2025-08-04,50023
D02,PM-1002,2025-08-11,46679
D02,PM-1002,2025-08-18,44389
D02,PM-1002,2025-08-25,48180
D02,PM-1002,2025-09-01,44516
D02,PM-1002,2025-09-08,39181
D02,PM-1002,2025-09-15,41040
D02,PM-1002,2025-09-22,37159
D02,PM-1002,2025-09-29,38019
D02,PM-1002,2025-10-06,44861
D02,PM-1002,2025-10-13,45021
D02,PM-1002,2025-10-20,46936
D02,PM-1002,2025-10-27,56222
D02,PM-1002,2025-11-03,58649
D02,PM-1002,2025-11-10,59052
D02,PM-1002,2025-11-17,68985
D02,PM-1002,2025-11-24,74447
D02,PM-1002,2025-12-01,72404
D02,PM-1002,2025-12-08,81272
D02,PM-1002,2025-12-15,83719
D02,PM-1002,2025-12-22,83265
D02,PM-1002,2025-12-29,79839
D02,PM-1002,2026-01-05,82509
D02,PM-1002,2026-01-12,79380
D02,PM-1002,2026-01-19,76001
D02,PM-1002,2026-01-26,73687
D02,PM-1002,2026-02-02,69718
D02,PM-1002,2026-02-09,72004
D02,PM-1002,2026-02-16,70503
D02,PM-1002,2026-02-23,67663
D02,PM-1002,2026-03-02,63980
D02,PM-1002,2026-03-09,65066
D02,PM-1002,2026-03-16,63939
D02,PM-1002,2026-03-23,60342
D02,PM-1002,2026-03-30,59000
D02,PM-1002,2026-04-06,55166
D02,PM-1002,2026-04-13,55130
D02,PM-1002,2026-04-20,54857
D02,PM-1002,2026-04-27,52582
D02,PM-1002,2026-05-04,48944
D02,PM-1002,2026-05-11,50908
D02,PM-1002,2026-05-18,52429
D02,PM-1002,2026-05-25,50772
D02,PM-1002,2026-06-01,57539
D02,PM-1002,2026-06-08,53702
D02,PM-1002,2026-06-15,54189
D02,PM-1002,2026-06-22,57775
D02,LD-1036,2024-01-01,30238
D02,LD-1036,2024-01-08,30977
D02,LD-1036,2024-01-15,31227
D02,LD-1036,2024-01-22,31468
D02,LD-1036,2024-01-29,31624
D02,LD-1036,2024-02-05,32155
D02,LD-1036,2024-02-12,32220
D02,LD-1036,2024-02-19,32216
D02,LD-1036,2024-02-26,29761
D02,LD-1036,2024-03-04,26750
D02,LD-1036,2024-03-11,27048
D02,LD-1036,2024-03-18,26608
D02,LD-1036,2024-03-25,26213
D02,LD-1036,2024-04-01,25021
D02,LD-1036,2024-04-08,24566
D02,LD-1036,2024-04-15,24862
D02,LD-1036,2024-04-22,27626
D02,LD-1036,2024-04-29,29573
D02,LD-1036,2024-05-06,28063
D02,LD-1036,2024-05-13,26457
D02,LD-1036,2024-05-20,25195
D02,LD-1036,2024-05-27,26474
D02,LD-1036,2024-06-03,28160
D02,LD-1036,2024-06-10,27211
D02,LD-1036,2024-06-17,25251
D02,LD-1036,2024-06-24,27049
D02,LD-1036,2024-07-01,29102
D02,LD-1036,2024-07-08,32351
D02,LD-1036,2024-07-15,31517
D02,LD-1036,2024-07-22,33835
D02,LD-1036,2024-07-29,30025
D02,LD-1036,2024-08-05,30907
D02,LD-1036,2024-08-12,31607
D02,LD-1036,2024-08-19,28392
D02,LD-1036,2024-08-26,27100
D02,LD-1036,2024-09-02,28554
D02,LD-1036,2024-09-09,25693
D02,LD-1036,2024-09-16,24732
D02,LD-1036,2024-09-23,27096
D02,LD-1036,2024-09-30,30416
D02,LD-1036,2024-10-07,34384
D02,LD-1036,2024-10-14,34369
D02,LD-1036,2024-10-21,36078
D02,LD-1036,2024-10-28,35177
D02,LD-1036,2024-11-04,35176
D02,LD-1036,2024-11-11,36661
D02,LD-1036,2024-11-18,34195
D02,LD-1036,2024-11-25,33281
D02,LD-1036,2024-12-02,31430
D02,LD-1036,2024-12-09,30709
D02,LD-1036,2024-12-16,27231
D02,LD-1036,2024-12-23,25383
D02,LD-1036,2024-12-30,25288
D02,LD-1036,2025-01-06,27307
D02,LD-1036,2025-01-13,27080
D02,LD-1036,2025-01-20,29075
D02,LD-1036,2025-01-27,25821
D02,LD-1036,2025-02-03,24455
D02,LD-1036,2025-02-10,27894
D02,LD-1036,2025-02-17,25010
D02,LD-1036,2025-02-24,24651
D02,LD-1036,2025-03-03,25951
D02,LD-1036,2025-03-10,24013
D02,LD-1036,2025-03-17,25311
D02,LD-1036,2025-03-24,28286
D02,LD-1036,2025-03-31,26728
D02,LD-1036,2025-04-07,23612
D02,LD-1036,2025-04-14,25682
D02,LD-1036,2025-04-21,22583
D02,LD-1036,2025-04-28,21804
D02,LD-1036,2025-05-05,24089
D02,LD-1036,2025-05-12,26296
D02,LD-1036,2025-05-19,24233
D02,LD-1036,2025-05-26,21797
D02,LD-1036,2025-06-02,25314
D02,LD-1036,2025-06-09,28682
D02,LD-1036,2025-06-16,29020
D02,LD-1036,2025-06-23,29051
D02,LD-1036,2025-06-30,28137
D02,LD-1036,2025-07-07,26925
D02,LD-1036,2025-07-14,31887
D02,LD-1036,2025-07-21,29158
D02,LD-1036,2025-07-28,31656
D02,LD-1036,2025-08-04,33184
D02,LD-1036,2025-08-11,30857
D02,LD-1036,2025-08-18,31192
D02,LD-1036,2025-08-25,31621
D02,LD-1036,2025-09-01,33293
D02,LD-1036,2025-09-08,37644
D02,LD-1036,2025-09-15,39428
D02,LD-1036,2025-09-22,37544
D02,LD-1036,2025-09-29,39723
D02,LD-1036,2025-10-06,43678
D02,LD-1036,2025-10-13,49986
D02,LD-1036,2025-10-20,51127
D02,LD-1036,2025-10-27,49389
D02,LD-1036,2025-11-03,48066
D02,LD-1036,2025-11-10,51398
D02,LD-1036,2025-11-17,54921
D02,LD-1036,2025-11-24,59265
D02,LD-1036,2025-12-01,58242
D02,LD-1036,2025-12-08,54541
D02,LD-1036,2025-12-15,54264
D02,LD-1036,2025-12-22,52659
D02,LD-1036,2025-12-29,51960
D02,LD-1036,2026-01-05,54836
D02,LD-1036,2026-01-12,56733
D02,LD-1036,2026-01-19,53384
D02,LD-1036,2026-01-26,52006
D02,LD-1036,2026-02-02,55871
D02,LD-1036,2026-02-09,57869
D02,LD-1036,2026-02-16,57395
D02,LD-1036,2026-02-23,58352
D02,LD-1036,2026-03-02,55689
D02,LD-1036,2026-03-09,52489
D02,LD-1036,2026-03-16,53827
D02,LD-1036,2026-03-23,55570
D02,LD-1036,2026-03-30,52861
D02,LD-1036,2026-04-06,49616
D02,LD-1036,2026-04-13,48368
D02,LD-1036,2026-04-20,50797
D02,LD-1036,2026-04-27,49710
D02,LD-1036,2026-05-04,49609
D02,LD-1036,2026-05-11,47185
D02,LD-1036,2026-05-18,48198
D02,LD-1036,2026-05-25,49675
D02,LD-1036,2026-06-01,51311
D02,LD-1036,2026-06-08,48443
D02,LD-1036,2026-06-15,49870
D02,LD-1036,2026-06-22,55869
D02,PW-1031,2024-01-01,14558
D02,PW-1031,2024-01-08,14897
D02,PW-1031,2024-01-15,15018
D02,PW-1031,2024-01-22,14920
D02,PW-1031,2024-01-29,15754
D02,PW-1031,2024-02-05,15710
D02,PW-1031,2024-02-12,15831
D02,PW-1031,2024-02-19,16140
D02,PW-1031,2024-02-26,15716
D02,PW-1031,2024-03-04,15491
D02,PW-1031,2024-03-11,15636
D02,PW-1031,2024-03-18,14958
D02,PW-1031,2024-03-25,14842
D02,PW-1031,2024-04-01,13713
D02,PW-1031,2024-04-08,12464
D02,PW-1031,2024-04-15,10752
D02,PW-1031,2024-04-22,10679
D02,PW-1031,2024-04-29,10119
D02,PW-1031,2024-05-06,9516
D02,PW-1031,2024-05-13,8088
D02,PW-1031,2024-05-20,9980
D02,PW-1031,2024-05-27,13093
D02,PW-1031,2024-06-03,12934
D02,PW-1031,2024-06-10,11262
D02,PW-1031,2024-06-17,9685
D02,PW-1031,2024-06-24,10352
D02,PW-1031,2024-07-01,12365
D02,PW-1031,2024-07-08,13503
D02,PW-1031,2024-07-15,12369
D02,PW-1031,2024-07-22,11533
D02,PW-1031,2024-07-29,10943
D02,PW-1031,2024-08-05,13579
D02,PW-1031,2024-08-12,15227
D02,PW-1031,2024-08-19,15247
D02,PW-1031,2024-08-26,15612
D02,PW-1031,2024-09-02,14127
D02,PW-1031,2024-09-09,13056
D02,PW-1031,2024-09-16,13777
D02,PW-1031,2024-09-23,16032
D02,PW-1031,2024-09-30,17076
D02,PW-1031,2024-10-07,18573
D02,PW-1031,2024-10-14,19958
D02,PW-1031,2024-10-21,22397
D02,PW-1031,2024-10-28,21038
D02,PW-1031,2024-11-04,19823
D02,PW-1031,2024-11-11,20387
D02,PW-1031,2024-11-18,19793
D02,PW-1031,2024-11-25,18216
D02,PW-1031,2024-12-02,16921
D02,PW-1031,2024-12-09,15774
D02,PW-1031,2024-12-16,14372
D02,PW-1031,2024-12-23,15305
D02,PW-1031,2024-12-30,15760
D02,PW-1031,2025-01-06,14827
D02,PW-1031,2025-01-13,14483
D02,PW-1031,2025-01-20,14636
D02,PW-1031,2025-01-27,14850
D02,PW-1031,2025-02-03,16595
D02,PW-1031,2025-02-10,15850
D02,PW-1031,2025-02-17,15475
D02,PW-1031,2025-02-24,14730
D02,PW-1031,2025-03-03,15448
D02,PW-1031,2025-03-10,14751
D02,PW-1031,2025-03-17,12711
D02,PW-1031,2025-03-24,11619
D02,PW-1031,2025-03-31,9810
D02,PW-1031,2025-04-07,9420
D02,PW-1031,2025-04-14,10975
D02,PW-1031,2025-04-21,10426
D02,PW-1031,2025-04-28,11194
D02,PW-1031,2025-05-05,11180
D02,PW-1031,2025-05-12,12189
D02,PW-1031,2025-05-19,12659
D02,PW-1031,2025-05-26,13500
D02,PW-1031,2025-06-02,13933
D02,PW-1031,2025-06-09,16116
D02,PW-1031,2025-06-16,16634
D02,PW-1031,2025-06-23,15253
D02,PW-1031,2025-06-30,15436
D02,PW-1031,2025-07-07,13829
D02,PW-1031,2025-07-14,15746
D02,PW-1031,2025-07-21,18732
D02,PW-1031,2025-07-28,19222
D02,PW-1031,2025-08-04,17606
D02,PW-1031,2025-08-11,16378
D02,PW-1031,2025-08-18,15581
D02,PW-1031,2025-08-25,14328
D02,PW-1031,2025-09-01,17244
D02,PW-1031,2025-09-08,18737
D02,PW-1031,2025-09-15,20228
D02,PW-1031,2025-09-22,19877
D02,PW-1031,2025-09-29,19615
D02,PW-1031,2025-10-06,20937
D02,PW-1031,2025-10-13,21511
D02,PW-1031,2025-10-20,22266
D02,PW-1031,2025-10-27,22137
D02,PW-1031,2025-11-03,23167
D02,PW-1031,2025-11-10,21600
D02,PW-1031,2025-11-17,24635
D02,PW-1031,2025-11-24,28033
D02,PW-1031,2025-12-01,30061
D02,PW-1031,2025-12-08,33536
D02,PW-1031,2025-12-15,33566
D02,PW-1031,2025-12-22,34450
D02,PW-1031,2025-12-29,33144
D02,PW-1031,2026-01-05,33447
D02,PW-1031,2026-01-12,33948
D02,PW-1031,2026-01-19,32250
D02,PW-1031,2026-01-26,30455
D02,PW-1031,2026-02-02,28686
D02,PW-1031,2026-02-09,27986
D02,PW-1031,2026-02-16,27202
D02,PW-1031,2026-02-23,25806
D02,PW-1031,2026-03-02,25165
D02,PW-1031,2026-03-09,25402
D02,PW-1031,2026-03-16,24829
D02,PW-1031,2026-03-23,25788
D02,PW-1031,2026-03-30,26865
D02,PW-1031,2026-04-06,26725
D02,PW-1031,2026-04-13,27860
D02,PW-1031,2026-04-20,29366
D02,PW-1031,2026-04-27,29767
D02,PW-1031,2026-05-04,28609
D02,PW-1031,2026-05-11,28786
D02,PW-1031,2026-05-18,29104
D02,PW-1031,2026-05-25,27649
D02,PW-1031,2026-06-01,27419
D02,PW-1031,2026-06-08,27607
D02,PW-1031,2026-06-15,28223
D02,PW-1031,2026-06-22,32294
D02,IS-1028,2024-01-01,10791
D02,IS-1028,2024-01-08,10676
D02,IS-1028,2024-01-15,10806
D02,IS-1028,2024-01-22,10505
D02,IS-1028,2024-01-29,9525
D02,IS-1028,2024-02-05,10594
D02,IS-1028,2024-02-12,10688
D02,IS-1028,2024-02-19,10669
D02,IS-1028,2024-02-26,9964
D02,IS-1028,2024-03-04,10015
D02,IS-1028,2024-03-11,8725
D02,IS-1028,2024-03-18,9734
D02,IS-1028,2024-03-25,8436
D02,IS-1028,2024-04-01,9063
D02,IS-1028,2024-04-08,8127
D02,IS-1028,2024-04-15,9148
D02,IS-1028,2024-04-22,8813
D02,IS-1028,2024-04-29,8510
D02,IS-1028,2024-05-06,8040
D02,IS-1028,2024-05-13,8170
D02,IS-1028,2024-05-20,11866
D02,IS-1028,2024-05-27,10889
D02,IS-1028,2024-06-03,12064
D02,IS-1028,2024-06-10,11401
D02,IS-1028,2024-06-17,12476
D02,IS-1028,2024-06-24,11176
D02,IS-1028,2024-07-01,13048
D02,IS-1028,2024-07-08,13373
D02,IS-1028,2024-07-15,12277
D02,IS-1028,2024-07-22,12678
D02,IS-1028,2024-07-29,12224
D02,IS-1028,2024-08-05,11540
D02,IS-1028,2024-08-12,10527
D02,IS-1028,2024-08-19,9421
D02,IS-1028,2024-08-26,8453
D02,IS-1028,2024-09-02,10937
D02,IS-1028,2024-09-09,10534
D02,IS-1028,2024-09-16,11365
D02,IS-1028,2024-09-23,11157
D02,IS-1028,2024-09-30,12236
D02,IS-1028,2024-10-07,13234
D02,IS-1028,2024-10-14,12440
D02,IS-1028,2024-10-21,12549
D02,IS-1028,2024-10-28,13554
D02,IS-1028,2024-11-04,13049
D02,IS-1028,2024-11-11,12560
D02,IS-1028,2024-11-18,12942
D02,IS-1028,2024-11-25,12765
D02,IS-1028,2024-12-02,14203
D02,IS-1028,2024-12-09,14346
D02,IS-1028,2024-12-16,13513
D02,IS-1028,2024-12-23,12619
D02,IS-1028,2024-12-30,12017
D02,IS-1028,2025-01-06,10938
D02,IS-1028,2025-01-13,10621
D02,IS-1028,2025-01-20,10752
D02,IS-1028,2025-01-27,9576
D02,IS-1028,2025-02-03,9009
D02,IS-1028,2025-02-10,8479
D02,IS-1028,2025-02-17,8931
D02,IS-1028,2025-02-24,8866
D02,IS-1028,2025-03-03,9197
D02,IS-1028,2025-03-10,8883
D02,IS-1028,2025-03-17,8703
D02,IS-1028,2025-03-24,10300
D02,IS-1028,2025-03-31,9640
D02,IS-1028,2025-04-07,9969
D02,IS-1028,2025-04-14,9253
D02,IS-1028,2025-04-21,9823
D02,IS-1028,2025-04-28,9329
D02,IS-1028,2025-05-05,8947
D02,IS-1028,2025-05-12,8602
D02,IS-1028,2025-05-19,10154
D02,IS-1028,2025-05-26,8766
D02,IS-1028,2025-06-02,8564
D02,IS-1028,2025-06-09,9917
D02,IS-1028,2025-06-16,8745
D02,IS-1028,2025-06-23,10859
D02,IS-1028,2025-06-30,11356
D02,IS-1028,2025-07-07,10935
D02,IS-1028,2025-07-14,9937
D02,IS-1028,2025-07-21,11352
D02,IS-1028,2025-07-28,11964
D02,IS-1028,2025-08-04,11610
D02,IS-1028,2025-08-11,11442
D02,IS-1028,2025-08-18,11500
D02,IS-1028,2025-08-25,11680
D02,IS-1028,2025-09-01,10624
D02,IS-1028,2025-09-08,12114
D02,IS-1028,2025-09-15,12014
D02,IS-1028,2025-09-22,10791
D02,IS-1028,2025-09-29,10654
D02,IS-1028,2025-10-06,12086
D02,IS-1028,2025-10-13,11744
D02,IS-1028,2025-10-20,12225
D02,IS-1028,2025-10-27,14528
D02,IS-1028,2025-11-03,13915
D02,IS-1028,2025-11-10,14428
D02,IS-1028,2025-11-17,15632
D02,IS-1028,2025-11-24,16979
D02,IS-1028,2025-12-01,17699
D02,IS-1028,2025-12-08,18300
D02,IS-1028,2025-12-15,19364
D02,IS-1028,2025-12-22,19167
D02,IS-1028,2025-12-29,21089
D02,IS-1028,2026-01-05,21216
D02,IS-1028,2026-01-12,21698
D02,IS-1028,2026-01-19,20834
D02,IS-1028,2026-01-26,19813
D02,IS-1028,2026-02-02,19244
D02,IS-1028,2026-02-09,18412
D02,IS-1028,2026-02-16,17442
D02,IS-1028,2026-02-23,16382
D02,IS-1028,2026-03-02,15568
D02,IS-1028,2026-03-09,15806
D02,IS-1028,2026-03-16,15796
D02,IS-1028,2026-03-23,16193
D02,IS-1028,2026-03-30,14993
D02,IS-1028,2026-04-06,15079
D02,IS-1028,2026-04-13,16032
D02,IS-1028,2026-04-20,15998
D02,IS-1028,2026-04-27,14870
D02,IS-1028,2026-05-04,13616
D02,IS-1028,2026-05-11,14349
D02,IS-1028,2026-05-18,15025
D02,IS-1028,2026-05-25,14112
D02,IS-1028,2026-06-01,13965
D02,IS-1028,2026-06-08,13772
D02,IS-1028,2026-06-15,13958
D02,IS-1028,2026-06-22,14593
D02,PM-1004,2024-01-01,28785
D02,PM-1004,2024-01-08,28973
D02,PM-1004,2024-01-15,29807
D02,PM-1004,2024-01-22,30412
D02,PM-1004,2024-01-29,28431
D02,PM-1004,2024-02-05,28506
D02,PM-1004,2024-02-12,32430
D02,PM-1004,2024-02-19,33175
D02,PM-1004,2024-02-26,33874
D02,PM-1004,2024-03-04,32676
D02,PM-1004,2024-03-11,29963
D02,PM-1004,2024-03-18,27295
D02,PM-1004,2024-03-25,26008
D02,PM-1004,2024-04-01,24205
D02,PM-1004,2024-04-08,22155
D02,PM-1004,2024-04-15,22635
D02,PM-1004,2024-04-22,20488
D02,PM-1004,2024-04-29,17795
D02,PM-1004,2024-05-06,17235
D02,PM-1004,2024-05-13,16369
D02,PM-1004,2024-05-20,16923
D02,PM-1004,2024-05-27,16713
D02,PM-1004,2024-06-03,18559
D02,PM-1004,2024-06-10,19536
D02,PM-1004,2024-06-17,23167
D02,PM-1004,2024-06-24,23375
D02,PM-1004,2024-07-01,23779
D02,PM-1004,2024-07-08,27977
D02,PM-1004,2024-07-15,31088
D02,PM-1004,2024-07-22,31222
D02,PM-1004,2024-07-29,33013
D02,PM-1004,2024-08-05,33200
D02,PM-1004,2024-08-12,33784
D02,PM-1004,2024-08-19,35454
D02,PM-1004,2024-08-26,39799
D02,PM-1004,2024-09-02,38045
D02,PM-1004,2024-09-09,37387
D02,PM-1004,2024-09-16,34340
D02,PM-1004,2024-09-23,31424
D02,PM-1004,2024-09-30,32998
D02,PM-1004,2024-10-07,33702
D02,PM-1004,2024-10-14,33873
D02,PM-1004,2024-10-21,30849
D02,PM-1004,2024-10-28,30046
D02,PM-1004,2024-11-04,28887
D02,PM-1004,2024-11-11,26266
D02,PM-1004,2024-11-18,29101
D02,PM-1004,2024-11-25,27520
D02,PM-1004,2024-12-02,26938
D02,PM-1004,2024-12-09,29841
D02,PM-1004,2024-12-16,28571
D02,PM-1004,2024-12-23,26246
D02,PM-1004,2024-12-30,29656
D02,PM-1004,2025-01-06,28253
D02,PM-1004,2025-01-13,29043
D02,PM-1004,2025-01-20,26568
D02,PM-1004,2025-01-27,27147
D02,PM-1004,2025-02-03,24831
D02,PM-1004,2025-02-10,23980
D02,PM-1004,2025-02-17,22079
D02,PM-1004,2025-02-24,24380
D02,PM-1004,2025-03-03,27890
D02,PM-1004,2025-03-10,27215
D02,PM-1004,2025-03-17,28928
D02,PM-1004,2025-03-24,26482
D02,PM-1004,2025-03-31,27718
D02,PM-1004,2025-04-07,26966
D02,PM-1004,2025-04-14,27747
D02,PM-1004,2025-04-21,24237
D02,PM-1004,2025-04-28,21416
D02,PM-1004,2025-05-05,18687
D02,PM-1004,2025-05-12,19215
D02,PM-1004,2025-05-19,19139
D02,PM-1004,2025-05-26,22099
D02,PM-1004,2025-06-02,25388
D02,PM-1004,2025-06-09,25327
D02,PM-1004,2025-06-16,25361
D02,PM-1004,2025-06-23,29873
D02,PM-1004,2025-06-30,35382
D02,PM-1004,2025-07-07,33877
D02,PM-1004,2025-07-14,36935
D02,PM-1004,2025-07-21,36695
D02,PM-1004,2025-07-28,38042
D02,PM-1004,2025-08-04,37581
D02,PM-1004,2025-08-11,38221
D02,PM-1004,2025-08-18,35261
D02,PM-1004,2025-08-25,32670
D02,PM-1004,2025-09-01,35164
D02,PM-1004,2025-09-08,33934
D02,PM-1004,2025-09-15,31158
D02,PM-1004,2025-09-22,34267
D02,PM-1004,2025-09-29,34818
D02,PM-1004,2025-10-06,36662
D02,PM-1004,2025-10-13,44131
D02,PM-1004,2025-10-20,45822
D02,PM-1004,2025-10-27,44585
D02,PM-1004,2025-11-03,45187
D02,PM-1004,2025-11-10,45356
D02,PM-1004,2025-11-17,43260
D02,PM-1004,2025-11-24,43330
D02,PM-1004,2025-12-01,48297
D02,PM-1004,2025-12-08,46867
D02,PM-1004,2025-12-15,47375
D02,PM-1004,2025-12-22,45859
D02,PM-1004,2025-12-29,44458
D02,PM-1004,2026-01-05,46947
D02,PM-1004,2026-01-12,49879
D02,PM-1004,2026-01-19,47903
D02,PM-1004,2026-01-26,47131
D02,PM-1004,2026-02-02,44304
D02,PM-1004,2026-02-09,43895
D02,PM-1004,2026-02-16,45856
D02,PM-1004,2026-02-23,48246
D02,PM-1004,2026-03-02,45583
D02,PM-1004,2026-03-09,45455
D02,PM-1004,2026-03-16,48673
D02,PM-1004,2026-03-23,50274
D02,PM-1004,2026-03-30,52346
D02,PM-1004,2026-04-06,49528
D02,PM-1004,2026-04-13,48483
D02,PM-1004,2026-04-20,48991
D02,PM-1004,2026-04-27,45617
D02,PM-1004,2026-05-04,43429
D02,PM-1004,2026-05-11,41764
D02,PM-1004,2026-05-18,45730
D02,PM-1004,2026-05-25,44620
D02,PM-1004,2026-06-01,44997
D02,PM-1004,2026-06-08,42756
D02,PM-1004,2026-06-15,42274
D02,PM-1004,2026-06-22,44656
D02,LD-1039,2024-01-01,46982
D02,LD-1039,2024-01-08,48579
D02,LD-1039,2024-01-15,49270
D02,LD-1039,2024-01-22,44596
D02,LD-1039,2024-01-29,50729
D02,LD-1039,2024-02-05,50979
D02,LD-1039,2024-02-12,52528
D02,LD-1039,2024-02-19,52950
D02,LD-1039,2024-02-26,48376
D02,LD-1039,2024-03-04,44923
D02,LD-1039,2024-03-11,43911
D02,LD-1039,2024-03-18,45123
D02,LD-1039,2024-03-25,40103
D02,LD-1039,2024-04-01,39611
D02,LD-1039,2024-04-08,37833
D02,LD-1039,2024-04-15,37302
D02,LD-1039,2024-04-22,41640
D02,LD-1039,2024-04-29,43623
D02,LD-1039,2024-05-06,41157
D02,LD-1039,2024-05-13,37632
D02,LD-1039,2024-05-20,39268
D02,LD-1039,2024-05-27,44447
D02,LD-1039,2024-06-03,48542
D02,LD-1039,2024-06-10,47347
D02,LD-1039,2024-06-17,42614
D02,LD-1039,2024-06-24,43982
D02,LD-1039,2024-07-01,44780
D02,LD-1039,2024-07-08,45610
D02,LD-1039,2024-07-15,50331
D02,LD-1039,2024-07-22,45825
D02,LD-1039,2024-07-29,40896
D02,LD-1039,2024-08-05,44915
D02,LD-1039,2024-08-12,46734
D02,LD-1039,2024-08-19,46356
D02,LD-1039,2024-08-26,48368
D02,LD-1039,2024-09-02,48959
D02,LD-1039,2024-09-09,44280
D02,LD-1039,2024-09-16,45749
D02,LD-1039,2024-09-23,48350
D02,LD-1039,2024-09-30,47235
D02,LD-1039,2024-10-07,49349
D02,LD-1039,2024-10-14,45108
D02,LD-1039,2024-10-21,46401
D02,LD-1039,2024-10-28,52578
D02,LD-1039,2024-11-04,54287
D02,LD-1039,2024-11-11,54092
D02,LD-1039,2024-11-18,51480
D02,LD-1039,2024-11-25,49704
D02,LD-1039,2024-12-02,45949
D02,LD-1039,2024-12-09,44042
D02,LD-1039,2024-12-16,45101
D02,LD-1039,2024-12-23,39833
D02,LD-1039,2024-12-30,35431
D02,LD-1039,2025-01-06,35142
D02,LD-1039,2025-01-13,39525
D02,LD-1039,2025-01-20,44413
D02,LD-1039,2025-01-27,48037
D02,LD-1039,2025-02-03,49764
D02,LD-1039,2025-02-10,46661
D02,LD-1039,2025-02-17,50409
D02,LD-1039,2025-02-24,51707
D02,LD-1039,2025-03-03,52594
D02,LD-1039,2025-03-10,47516
D02,LD-1039,2025-03-17,43472
D02,LD-1039,2025-03-24,37397
D02,LD-1039,2025-03-31,35505
D02,LD-1039,2025-04-07,34887
D02,LD-1039,2025-04-14,30836
D02,LD-1039,2025-04-21,28247
D02,LD-1039,2025-04-28,30524
D02,LD-1039,2025-05-05,34074
D02,LD-1039,2025-05-12,34888
D02,LD-1039,2025-05-19,41940
D02,LD-1039,2025-05-26,42744
D02,LD-1039,2025-06-02,46352
D02,LD-1039,2025-06-09,47963
D02,LD-1039,2025-06-16,49016
D02,LD-1039,2025-06-23,47407
D02,LD-1039,2025-06-30,48529
D02,LD-1039,2025-07-07,61254
D02,LD-1039,2025-07-14,60931
D02,LD-1039,2025-07-21,61531
D02,LD-1039,2025-07-28,61744
D02,LD-1039,2025-08-04,62656
D02,LD-1039,2025-08-11,63090
D02,LD-1039,2025-08-18,66349
D02,LD-1039,2025-08-25,64921
D02,LD-1039,2025-09-01,60704
D02,LD-1039,2025-09-08,57231
D02,LD-1039,2025-09-15,60439
D02,LD-1039,2025-09-22,63015
D02,LD-1039,2025-09-29,65251
D02,LD-1039,2025-10-06,71990
D02,LD-1039,2025-10-13,73820
D02,LD-1039,2025-10-20,75964
D02,LD-1039,2025-10-27,79530
D02,LD-1039,2025-11-03,80514
D02,LD-1039,2025-11-10,85288
D02,LD-1039,2025-11-17,88058
D02,LD-1039,2025-11-24,90801
D02,LD-1039,2025-12-01,86638
D02,LD-1039,2025-12-08,83119
D02,LD-1039,2025-12-15,78770
D02,LD-1039,2025-12-22,81104
D02,LD-1039,2025-12-29,78623
D02,LD-1039,2026-01-05,78211
D02,LD-1039,2026-01-12,78997
D02,LD-1039,2026-01-19,76699
D02,LD-1039,2026-01-26,77183
D02,LD-1039,2026-02-02,79521
D02,LD-1039,2026-02-09,84467
D02,LD-1039,2026-02-16,80950
D02,LD-1039,2026-02-23,82198
D02,LD-1039,2026-03-02,77884
D02,LD-1039,2026-03-09,80371
D02,LD-1039,2026-03-16,80131
D02,LD-1039,2026-03-23,76027
D02,LD-1039,2026-03-30,72586
D02,LD-1039,2026-04-06,73336
D02,LD-1039,2026-04-13,71687
D02,LD-1039,2026-04-20,71475
D02,LD-1039,2026-04-27,74727
D02,LD-1039,2026-05-04,71299
D02,LD-1039,2026-05-11,70005
D02,LD-1039,2026-05-18,71400
D02,LD-1039,2026-05-25,67061
D02,LD-1039,2026-06-01,67273
D02,LD-1039,2026-06-08,70831
D02,LD-1039,2026-06-15,76425
D02,LD-1039,2026-06-22,71395
D02,IG-1009,2024-01-01,547
D02,IG-1009,2024-01-08,559
D02,IG-1009,2024-01-15,533
D02,IG-1009,2024-01-22,636
D02,IG-1009,2024-01-29,638
D02,IG-1009,2024-02-05,629
D02,IG-1009,2024-02-12,619
D02,IG-1009,2024-02-19,629
D02,IG-1009,2024-02-26,634
D02,IG-1009,2024-03-04,625
D02,IG-1009,2024-03-11,615
D02,IG-1009,2024-03-18,618
D02,IG-1009,2024-03-25,619
D02,IG-1009,2024-04-01,583
D02,IG-1009,2024-04-08,593
D02,IG-1009,2024-04-15,552
D02,IG-1009,2024-04-22,523
D02,IG-1009,2024-04-29,499
D02,IG-1009,2024-05-06,484
D02,IG-1009,2024-05-13,408
D02,IG-1009,2024-05-20,387
D02,IG-1009,2024-05-27,409
D02,IG-1009,2024-06-03,451
D02,IG-1009,2024-06-10,394
D02,IG-1009,2024-06-17,398
D02,IG-1009,2024-06-24,466
D02,IG-1009,2024-07-01,516
D02,IG-1009,2024-07-08,536
D02,IG-1009,2024-07-15,550
D02,IG-1009,2024-07-22,536
D02,IG-1009,2024-07-29,468
D02,IG-1009,2024-08-05,523
D02,IG-1009,2024-08-12,622
D02,IG-1009,2024-08-19,587
D02,IG-1009,2024-08-26,529
D02,IG-1009,2024-09-02,616
D02,IG-1009,2024-09-09,650
D02,IG-1009,2024-09-16,643
D02,IG-1009,2024-09-23,631
D02,IG-1009,2024-09-30,571
D02,IG-1009,2024-10-07,613
D02,IG-1009,2024-10-14,706
D02,IG-1009,2024-10-21,731
D02,IG-1009,2024-10-28,677
D02,IG-1009,2024-11-04,599
D02,IG-1009,2024-11-11,558
D02,IG-1009,2024-11-18,603
D02,IG-1009,2024-11-25,677
D02,IG-1009,2024-12-02,619
D02,IG-1009,2024-12-09,589
D02,IG-1009,2024-12-16,605
D02,IG-1009,2024-12-23,664
D02,IG-1009,2024-12-30,758
D02,IG-1009,2025-01-06,814
D02,IG-1009,2025-01-13,905
D02,IG-1009,2025-01-20,836
D02,IG-1009,2025-01-27,890
D02,IG-1009,2025-02-03,841
D02,IG-1009,2025-02-10,819
D02,IG-1009,2025-02-17,802
D02,IG-1009,2025-02-24,807
D02,IG-1009,2025-03-03,763
D02,IG-1009,2025-03-10,704
D02,IG-1009,2025-03-17,643
D02,IG-1009,2025-03-24,583
D02,IG-1009,2025-03-31,571
D02,IG-1009,2025-04-07,603
D02,IG-1009,2025-04-14,594
D02,IG-1009,2025-04-21,590
D02,IG-1009,2025-04-28,571
D02,IG-1009,2025-05-05,642
D02,IG-1009,2025-05-12,601
D02,IG-1009,2025-05-19,604
D02,IG-1009,2025-05-26,600
D02,IG-1009,2025-06-02,519
D02,IG-1009,2025-06-09,439
D02,IG-1009,2025-06-16,429
D02,IG-1009,2025-06-23,427
D02,IG-1009,2025-06-30,327
D02,IG-1009,2025-07-07,339
D02,IG-1009,2025-07-14,397
D02,IG-1009,2025-07-21,485
D02,IG-1009,2025-07-28,579
D02,IG-1009,2025-08-04,663
D02,IG-1009,2025-08-11,664
D02,IG-1009,2025-08-18,770
D02,IG-1009,2025-08-25,872
D02,IG-1009,2025-09-01,934
D02,IG-1009,2025-09-08,1042
D02,IG-1009,2025-09-15,1121
D02,IG-1009,2025-09-22,1165
D02,IG-1009,2025-09-29,1209
D02,IG-1009,2025-10-06,1251
D02,IG-1009,2025-10-13,1196
D02,IG-1009,2025-10-20,1286
D02,IG-1009,2025-10-27,1234
D02,IG-1009,2025-11-03,1208
D02,IG-1009,2025-11-10,1148
D02,IG-1009,2025-11-17,1098
D02,IG-1009,2025-11-24,1225
D02,IG-1009,2025-12-01,1251
D02,IG-1009,2025-12-08,1265
D02,IG-1009,2025-12-15,1224
D02,IG-1009,2025-12-22,1187
D02,IG-1009,2025-12-29,1149
D02,IG-1009,2026-01-05,1108
D02,IG-1009,2026-01-12,1063
D02,IG-1009,2026-01-19,1028
D02,IG-1009,2026-01-26,985
D02,IG-1009,2026-02-02,971
D02,IG-1009,2026-02-09,984
D02,IG-1009,2026-02-16,965
D02,IG-1009,2026-02-23,977
D02,IG-1009,2026-03-02,1068
D02,IG-1009,2026-03-09,1084
D02,IG-1009,2026-03-16,1068
D02,IG-1009,2026-03-23,1059
D02,IG-1009,2026-03-30,1018
D02,IG-1009,2026-04-06,992
D02,IG-1009,2026-04-13,1005
D02,IG-1009,2026-04-20,958
D02,IG-1009,2026-04-27,906
D02,IG-1009,2026-05-04,858
D02,IG-1009,2026-05-11,804
D02,IG-1009,2026-05-18,749
D02,IG-1009,2026-05-25,710
D02,IG-1009,2026-06-01,667
D02,IG-1009,2026-06-08,660
D02,IG-1009,2026-06-15,748
D02,IG-1009,2026-06-22,844
D02,IG-1010,2024-01-01,982
D02,IG-1010,2024-01-08,997
D02,IG-1010,2024-01-15,1016
D02,IG-1010,2024-01-22,1032
D02,IG-1010,2024-01-29,1028
D02,IG-1010,2024-02-05,1050
D02,IG-1010,2024-02-12,1051
D02,IG-1010,2024-02-19,1065
D02,IG-1010,2024-02-26,1083
D02,IG-1010,2024-03-04,1097
D02,IG-1010,2024-03-11,1095
D02,IG-1010,2024-03-18,1080
D02,IG-1010,2024-03-25,1085
D02,IG-1010,2024-04-01,1107
D02,IG-1010,2024-04-08,995
D02,IG-1010,2024-04-15,966
D02,IG-1010,2024-04-22,910
D02,IG-1010,2024-04-29,848
D02,IG-1010,2024-05-06,765
D02,IG-1010,2024-05-13,674
D02,IG-1010,2024-05-20,654
D02,IG-1010,2024-05-27,524
D02,IG-1010,2024-06-03,518
D02,IG-1010,2024-06-10,436
D02,IG-1010,2024-06-17,369
D02,IG-1010,2024-06-24,347
D02,IG-1010,2024-07-01,357
D02,IG-1010,2024-07-08,446
D02,IG-1010,2024-07-15,423
D02,IG-1010,2024-07-22,395
D02,IG-1010,2024-07-29,660
D02,IG-1010,2024-08-05,796
D02,IG-1010,2024-08-12,948
D02,IG-1010,2024-08-19,1160
D02,IG-1010,2024-08-26,1048
D02,IG-1010,2024-09-02,944
D02,IG-1010,2024-09-09,1285
D02,IG-1010,2024-09-16,1585
D02,IG-1010,2024-09-23,1470
D02,IG-1010,2024-09-30,1468
D02,IG-1010,2024-10-07,1349
D02,IG-1010,2024-10-14,1234
D02,IG-1010,2024-10-21,1388
D02,IG-1010,2024-10-28,1456
D02,IG-1010,2024-11-04,1346
D02,IG-1010,2024-11-11,1252
D02,IG-1010,2024-11-18,1308
D02,IG-1010,2024-11-25,1281
D02,IG-1010,2024-12-02,1352
D02,IG-1010,2024-12-09,1358
D02,IG-1010,2024-12-16,1257
D02,IG-1010,2024-12-23,1144
D02,IG-1010,2024-12-30,1036
D02,IG-1010,2025-01-06,1095
D02,IG-1010,2025-01-13,1098
D02,IG-1010,2025-01-20,1098
D02,IG-1010,2025-01-27,1125
D02,IG-1010,2025-02-03,1204
D02,IG-1010,2025-02-10,1240
D02,IG-1010,2025-02-17,1323
D02,IG-1010,2025-02-24,1200
D02,IG-1010,2025-03-03,1079
D02,IG-1010,2025-03-10,993
D02,IG-1010,2025-03-17,1100
D02,IG-1010,2025-03-24,1093
D02,IG-1010,2025-03-31,1042
D02,IG-1010,2025-04-07,947
D02,IG-1010,2025-04-14,983
D02,IG-1010,2025-04-21,908
D02,IG-1010,2025-04-28,1053
D02,IG-1010,2025-05-05,1119
D02,IG-1010,2025-05-12,1109
D02,IG-1010,2025-05-19,1079
D02,IG-1010,2025-05-26,959
D02,IG-1010,2025-06-02,829
D02,IG-1010,2025-06-09,796
D02,IG-1010,2025-06-16,820
D02,IG-1010,2025-06-23,744
D02,IG-1010,2025-06-30,749
D02,IG-1010,2025-07-07,857
D02,IG-1010,2025-07-14,953
D02,IG-1010,2025-07-21,988
D02,IG-1010,2025-07-28,1098
D02,IG-1010,2025-08-04,1129
D02,IG-1010,2025-08-11,1274
D02,IG-1010,2025-08-18,1447
D02,IG-1010,2025-08-25,1520
D02,IG-1010,2025-09-01,1520
D02,IG-1010,2025-09-08,1586
D02,IG-1010,2025-09-15,1799
D02,IG-1010,2025-09-22,2026
D02,IG-1010,2025-09-29,1997
D02,IG-1010,2025-10-06,2143
D02,IG-1010,2025-10-13,2135
D02,IG-1010,2025-10-20,2222
D02,IG-1010,2025-10-27,2118
D02,IG-1010,2025-11-03,2053
D02,IG-1010,2025-11-10,2035
D02,IG-1010,2025-11-17,1984
D02,IG-1010,2025-11-24,2128
D02,IG-1010,2025-12-01,2065
D02,IG-1010,2025-12-08,1975
D02,IG-1010,2025-12-15,1896
D02,IG-1010,2025-12-22,1822
D02,IG-1010,2025-12-29,1824
D02,IG-1010,2026-01-05,1739
D02,IG-1010,2026-01-12,1702
D02,IG-1010,2026-01-19,1626
D02,IG-1010,2026-01-26,1554
D02,IG-1010,2026-02-02,1496
D02,IG-1010,2026-02-09,1484
D02,IG-1010,2026-02-16,1773
D02,IG-1010,2026-02-23,1796
D02,IG-1010,2026-03-02,1747
D02,IG-1010,2026-03-09,1664
D02,IG-1010,2026-03-16,1731
D02,IG-1010,2026-03-23,1676
D02,IG-1010,2026-03-30,1758
D02,IG-1010,2026-04-06,1702
D02,IG-1010,2026-04-13,1648
D02,IG-1010,2026-04-20,1573
D02,IG-1010,2026-04-27,1514
D02,IG-1010,2026-05-04,1448
D02,IG-1010,2026-05-11,1428
D02,IG-1010,2026-05-18,1364
D02,IG-1010,2026-05-25,1280
D02,IG-1010,2026-06-01,1204
D02,IG-1010,2026-06-08,1256
D02,IG-1010,2026-06-15,1266
D02,IG-1010,2026-06-22,1237
D02,SC-1020,2024-01-01,7198
D02,SC-1020,2024-01-08,7280
D02,SC-1020,2024-01-15,7416
D02,SC-1020,2024-01-22,7129
D02,SC-1020,2024-01-29,7373
D02,SC-1020,2024-02-05,7371
D02,SC-1020,2024-02-12,7380
D02,SC-1020,2024-02-19,7359
D02,SC-1020,2024-02-26,7061
D02,SC-1020,2024-03-04,7130
D02,SC-1020,2024-03-11,7050
D02,SC-1020,2024-03-18,7045
D02,SC-1020,2024-03-25,7159
D02,SC-1020,2024-04-01,7103
D02,SC-1020,2024-04-08,7081
D02,SC-1020,2024-04-15,7053
D02,SC-1020,2024-04-22,6825
D02,SC-1020,2024-04-29,6700
D02,SC-1020,2024-05-06,6761
D02,SC-1020,2024-05-13,6552
D02,SC-1020,2024-05-20,6893
D02,SC-1020,2024-05-27,6210
D02,SC-1020,2024-06-03,5423
D02,SC-1020,2024-06-10,5113
D02,SC-1020,2024-06-17,4265
D02,SC-1020,2024-06-24,4931
D02,SC-1020,2024-07-01,4650
D02,SC-1020,2024-07-08,4536
D02,SC-1020,2024-07-15,4107
D02,SC-1020,2024-07-22,3227
D02,SC-1020,2024-07-29,5996
D02,SC-1020,2024-08-05,6036
D02,SC-1020,2024-08-12,5144
D02,SC-1020,2024-08-19,5326
D02,SC-1020,2024-08-26,4836
D02,SC-1020,2024-09-02,4923
D02,SC-1020,2024-09-09,4548
D02,SC-1020,2024-09-16,4307
D02,SC-1020,2024-09-23,4591
D02,SC-1020,2024-09-30,5533
D02,SC-1020,2024-10-07,5192
D02,SC-1020,2024-10-14,7251
D02,SC-1020,2024-10-21,7389
D02,SC-1020,2024-10-28,7874
D02,SC-1020,2024-11-04,7608
D02,SC-1020,2024-11-11,7716
D02,SC-1020,2024-11-18,6911
D02,SC-1020,2024-11-25,8673
D02,SC-1020,2024-12-02,10901
D02,SC-1020,2024-12-09,10742
D02,SC-1020,2024-12-16,11190
D02,SC-1020,2024-12-23,10735
D02,SC-1020,2024-12-30,10770
D02,SC-1020,2025-01-06,10313
D02,SC-1020,2025-01-13,10966
D02,SC-1020,2025-01-20,10180
D02,SC-1020,2025-01-27,9341
D02,SC-1020,2025-02-03,8416
D02,SC-1020,2025-02-10,7566
D02,SC-1020,2025-02-17,6786
D02,SC-1020,2025-02-24,6754
D02,SC-1020,2025-03-03,6357
D02,SC-1020,2025-03-10,5814
D02,SC-1020,2025-03-17,6405
D02,SC-1020,2025-03-24,6662
D02,SC-1020,2025-03-31,7166
D02,SC-1020,2025-04-07,6685
D02,SC-1020,2025-04-14,6139
D02,SC-1020,2025-04-21,5139
D02,SC-1020,2025-04-28,5362
D02,SC-1020,2025-05-05,4710
D02,SC-1020,2025-05-12,3742
D02,SC-1020,2025-05-19,5373
D02,SC-1020,2025-05-26,4848
D02,SC-1020,2025-06-02,4442
D02,SC-1020,2025-06-09,4589
D02,SC-1020,2025-06-16,3532
D02,SC-1020,2025-06-23,3623
D02,SC-1020,2025-06-30,5142
D02,SC-1020,2025-07-07,6780
D02,SC-1020,2025-07-14,6443
D02,SC-1020,2025-07-21,6819
D02,SC-1020,2025-07-28,7485
D02,SC-1020,2025-08-04,8823
D02,SC-1020,2025-08-11,8637
D02,SC-1020,2025-08-18,8515
D02,SC-1020,2025-08-25,7844
D02,SC-1020,2025-09-01,7146
D02,SC-1020,2025-09-08,7749
D02,SC-1020,2025-09-15,7054
D02,SC-1020,2025-09-22,6270
D02,SC-1020,2025-09-29,5616
D02,SC-1020,2025-10-06,4968
D02,SC-1020,2025-10-13,8720
D02,SC-1020,2025-10-20,9304
D02,SC-1020,2025-10-27,8745
D02,SC-1020,2025-11-03,9402
D02,SC-1020,2025-11-10,9505
D02,SC-1020,2025-11-17,10605
D02,SC-1020,2025-11-24,9895
D02,SC-1020,2025-12-01,12243
D02,SC-1020,2025-12-08,14070
D02,SC-1020,2025-12-15,13596
D02,SC-1020,2025-12-22,13796
D02,SC-1020,2025-12-29,13820
D02,SC-1020,2026-01-05,15092
D02,SC-1020,2026-01-12,14523
D02,SC-1020,2026-01-19,14005
D02,SC-1020,2026-01-26,13607
D02,SC-1020,2026-02-02,12857
D02,SC-1020,2026-02-09,12394
D02,SC-1020,2026-02-16,12328
D02,SC-1020,2026-02-23,11842
D02,SC-1020,2026-03-02,11556
D02,SC-1020,2026-03-09,11043
D02,SC-1020,2026-03-16,10558
D02,SC-1020,2026-03-23,11664
D02,SC-1020,2026-03-30,11215
D02,SC-1020,2026-04-06,11205
D02,SC-1020,2026-04-13,11854
D02,SC-1020,2026-04-20,11170
D02,SC-1020,2026-04-27,10695
D02,SC-1020,2026-05-04,10191
D02,SC-1020,2026-05-11,10806
D02,SC-1020,2026-05-18,10393
D02,SC-1020,2026-05-25,9709
D02,SC-1020,2026-06-01,9228
D02,SC-1020,2026-06-08,8704
D02,SC-1020,2026-06-15,8722
D02,SC-1020,2026-06-22,8159
D02,IS-1022,2024-01-01,4039
D02,IS-1022,2024-01-08,4091
D02,IS-1022,2024-01-15,3968
D02,IS-1022,2024-01-22,3889
D02,IS-1022,2024-01-29,3951
D02,IS-1022,2024-02-05,4223
D02,IS-1022,2024-02-12,4230
D02,IS-1022,2024-02-19,4275
D02,IS-1022,2024-02-26,4206
D02,IS-1022,2024-03-04,4217
D02,IS-1022,2024-03-11,4128
D02,IS-1022,2024-03-18,4085
D02,IS-1022,2024-03-25,4091
D02,IS-1022,2024-04-01,3791
D02,IS-1022,2024-04-08,3504
D02,IS-1022,2024-04-15,3094
D02,IS-1022,2024-04-22,2774
D02,IS-1022,2024-04-29,2471
D02,IS-1022,2024-05-06,3123
D02,IS-1022,2024-05-13,2971
D02,IS-1022,2024-05-20,3228
D02,IS-1022,2024-05-27,3328
D02,IS-1022,2024-06-03,3828
D02,IS-1022,2024-06-10,3758
D02,IS-1022,2024-06-17,3356
D02,IS-1022,2024-06-24,3476
D02,IS-1022,2024-07-01,4334
D02,IS-1022,2024-07-08,4441
D02,IS-1022,2024-07-15,4219
D02,IS-1022,2024-07-22,4265
D02,IS-1022,2024-07-29,3968
D02,IS-1022,2024-08-05,3875
D02,IS-1022,2024-08-12,4005
D02,IS-1022,2024-08-19,3689
D02,IS-1022,2024-08-26,3797
D02,IS-1022,2024-09-02,3734
D02,IS-1022,2024-09-09,3577
D02,IS-1022,2024-09-16,3479
D02,IS-1022,2024-09-23,3624
D02,IS-1022,2024-09-30,3273
D02,IS-1022,2024-10-07,2886
D02,IS-1022,2024-10-14,4462
D02,IS-1022,2024-10-21,4492
D02,IS-1022,2024-10-28,5017
D02,IS-1022,2024-11-04,5145
D02,IS-1022,2024-11-11,5426
D02,IS-1022,2024-11-18,5684
D02,IS-1022,2024-11-25,5899
D02,IS-1022,2024-12-02,5629
D02,IS-1022,2024-12-09,5474
D02,IS-1022,2024-12-16,5157
D02,IS-1022,2024-12-23,5025
D02,IS-1022,2024-12-30,4846
D02,IS-1022,2025-01-06,5056
D02,IS-1022,2025-01-13,4765
D02,IS-1022,2025-01-20,4376
D02,IS-1022,2025-01-27,4035
D02,IS-1022,2025-02-03,3582
D02,IS-1022,2025-02-10,3147
D02,IS-1022,2025-02-17,3349
D02,IS-1022,2025-02-24,2986
D02,IS-1022,2025-03-03,2656
D02,IS-1022,2025-03-10,2925
D02,IS-1022,2025-03-17,2552
D02,IS-1022,2025-03-24,2943
D02,IS-1022,2025-03-31,2779
D02,IS-1022,2025-04-07,4144
D02,IS-1022,2025-04-14,4125
D02,IS-1022,2025-04-21,4247
D02,IS-1022,2025-04-28,4496
D02,IS-1022,2025-05-05,4519
D02,IS-1022,2025-05-12,4060
D02,IS-1022,2025-05-19,3631
D02,IS-1022,2025-05-26,3696
D02,IS-1022,2025-06-02,3298
D02,IS-1022,2025-06-09,3334
D02,IS-1022,2025-06-16,3783
D02,IS-1022,2025-06-23,3718
D02,IS-1022,2025-06-30,3575
D02,IS-1022,2025-07-07,3975
D02,IS-1022,2025-07-14,4183
D02,IS-1022,2025-07-21,4612
D02,IS-1022,2025-07-28,4471
D02,IS-1022,2025-08-04,4515
D02,IS-1022,2025-08-11,4359
D02,IS-1022,2025-08-18,4227
D02,IS-1022,2025-08-25,3982
D02,IS-1022,2025-09-01,4497
D02,IS-1022,2025-09-08,4347
D02,IS-1022,2025-09-15,4136
D02,IS-1022,2025-09-22,4787
D02,IS-1022,2025-09-29,4571
D02,IS-1022,2025-10-06,4744
D02,IS-1022,2025-10-13,5142
D02,IS-1022,2025-10-20,5502
D02,IS-1022,2025-10-27,5334
D02,IS-1022,2025-11-03,5639
D02,IS-1022,2025-11-10,6102
D02,IS-1022,2025-11-17,5942
D02,IS-1022,2025-11-24,6534
D02,IS-1022,2025-12-01,7178
D02,IS-1022,2025-12-08,6921
D02,IS-1022,2025-12-15,7022
D02,IS-1022,2025-12-22,7244
D02,IS-1022,2025-12-29,7490
D02,IS-1022,2026-01-05,7869
D02,IS-1022,2026-01-12,8356
D02,IS-1022,2026-01-19,8073
D02,IS-1022,2026-01-26,7808
D02,IS-1022,2026-02-02,7806
D02,IS-1022,2026-02-09,7462
D02,IS-1022,2026-02-16,7442
D02,IS-1022,2026-02-23,6966
D02,IS-1022,2026-03-02,6815
D02,IS-1022,2026-03-09,6439
D02,IS-1022,2026-03-16,6047
D02,IS-1022,2026-03-23,6168
D02,IS-1022,2026-03-30,5732
D02,IS-1022,2026-04-06,5720
D02,IS-1022,2026-04-13,5632
D02,IS-1022,2026-04-20,5329
D02,IS-1022,2026-04-27,5132
D02,IS-1022,2026-05-04,5137
D02,IS-1022,2026-05-11,5117
D02,IS-1022,2026-05-18,5313
D02,IS-1022,2026-05-25,6250
D02,IS-1022,2026-06-01,6289
D02,IS-1022,2026-06-08,6213
D02,IS-1022,2026-06-15,7292
D02,IS-1022,2026-06-22,7349
D02,PM-1006,2024-01-01,40700
D02,PM-1006,2024-01-08,41569
D02,PM-1006,2024-01-15,42847
D02,PM-1006,2024-01-22,43661
D02,PM-1006,2024-01-29,44222
D02,PM-1006,2024-02-05,44670
D02,PM-1006,2024-02-12,42449
D02,PM-1006,2024-02-19,42617
D02,PM-1006,2024-02-26,42614
D02,PM-1006,2024-03-04,41215
D02,PM-1006,2024-03-11,47828
D02,PM-1006,2024-03-18,44164
D02,PM-1006,2024-03-25,40313
D02,PM-1006,2024-04-01,36095
D02,PM-1006,2024-04-08,33482
D02,PM-1006,2024-04-15,28002
D02,PM-1006,2024-04-22,28199
D02,PM-1006,2024-04-29,25996
D02,PM-1006,2024-05-06,26353
D02,PM-1006,2024-05-13,25486
D02,PM-1006,2024-05-20,25326
D02,PM-1006,2024-05-27,27405
D02,PM-1006,2024-06-03,27982
D02,PM-1006,2024-06-10,26275
D02,PM-1006,2024-06-17,30092
D02,PM-1006,2024-06-24,35470
D02,PM-1006,2024-07-01,30976
D02,PM-1006,2024-07-08,37265
D02,PM-1006,2024-07-15,45131
D02,PM-1006,2024-07-22,48102
D02,PM-1006,2024-07-29,50695
D02,PM-1006,2024-08-05,52838
D02,PM-1006,2024-08-12,50923
D02,PM-1006,2024-08-19,51869
D02,PM-1006,2024-08-26,51053
D02,PM-1006,2024-09-02,49501
D02,PM-1006,2024-09-09,48879
D02,PM-1006,2024-09-16,50113
D02,PM-1006,2024-09-23,49966
D02,PM-1006,2024-09-30,46402
D02,PM-1006,2024-10-07,53724
D02,PM-1006,2024-10-14,54351
D02,PM-1006,2024-10-21,53333
D02,PM-1006,2024-10-28,50259
D02,PM-1006,2024-11-04,51488
D02,PM-1006,2024-11-11,48127
D02,PM-1006,2024-11-18,47825
D02,PM-1006,2024-11-25,52566
D02,PM-1006,2024-12-02,48286
D02,PM-1006,2024-12-09,45269
D02,PM-1006,2024-12-16,41995
D02,PM-1006,2024-12-23,40999
D02,PM-1006,2024-12-30,38850
D02,PM-1006,2025-01-06,40133
D02,PM-1006,2025-01-13,40468
D02,PM-1006,2025-01-20,36101
D02,PM-1006,2025-01-27,38527
D02,PM-1006,2025-02-03,37290
D02,PM-1006,2025-02-10,39221
D02,PM-1006,2025-02-17,36147
D02,PM-1006,2025-02-24,39774
D02,PM-1006,2025-03-03,37444
D02,PM-1006,2025-03-10,37211
D02,PM-1006,2025-03-17,38837
D02,PM-1006,2025-03-24,33420
D02,PM-1006,2025-03-31,36585
D02,PM-1006,2025-04-07,34243
D02,PM-1006,2025-04-14,35699
D02,PM-1006,2025-04-21,31155
D02,PM-1006,2025-04-28,35970
D02,PM-1006,2025-05-05,32465
D02,PM-1006,2025-05-12,32830
D02,PM-1006,2025-05-19,31662
D02,PM-1006,2025-05-26,31982
D02,PM-1006,2025-06-02,41801
D02,PM-1006,2025-06-09,41381
D02,PM-1006,2025-06-16,43487
D02,PM-1006,2025-06-23,40377
D02,PM-1006,2025-06-30,44933
D02,PM-1006,2025-07-07,44397
D02,PM-1006,2025-07-14,44252
D02,PM-1006,2025-07-21,41105
D02,PM-1006,2025-07-28,48254
D02,PM-1006,2025-08-04,44601
D02,PM-1006,2025-08-11,43859
D02,PM-1006,2025-08-18,45618
D02,PM-1006,2025-08-25,44411
D02,PM-1006,2025-09-01,44827
D02,PM-1006,2025-09-08,43123
D02,PM-1006,2025-09-15,43403
D02,PM-1006,2025-09-22,43152
D02,PM-1006,2025-09-29,55216
D02,PM-1006,2025-10-06,51416
D02,PM-1006,2025-10-13,59112
D02,PM-1006,2025-10-20,69276
D02,PM-1006,2025-10-27,68215
D02,PM-1006,2025-11-03,71524
D02,PM-1006,2025-11-10,77706
D02,PM-1006,2025-11-17,81074
D02,PM-1006,2025-11-24,83260
D02,PM-1006,2025-12-01,91876
D02,PM-1006,2025-12-08,88328
D02,PM-1006,2025-12-15,82523
D02,PM-1006,2025-12-22,83543
D02,PM-1006,2025-12-29,86346
D02,PM-1006,2026-01-05,82787
D02,PM-1006,2026-01-12,78676
D02,PM-1006,2026-01-19,75292
D02,PM-1006,2026-01-26,71869
D02,PM-1006,2026-02-02,78668
D02,PM-1006,2026-02-09,75031
D02,PM-1006,2026-02-16,71226
D02,PM-1006,2026-02-23,75376
D02,PM-1006,2026-03-02,74986
D02,PM-1006,2026-03-09,78734
D02,PM-1006,2026-03-16,77666
D02,PM-1006,2026-03-23,75983
D02,PM-1006,2026-03-30,72273
D02,PM-1006,2026-04-06,70946
D02,PM-1006,2026-04-13,69919
D02,PM-1006,2026-04-20,65551
D02,PM-1006,2026-04-27,62088
D02,PM-1006,2026-05-04,58816
D02,PM-1006,2026-05-11,66796
D02,PM-1006,2026-05-18,65733
D02,PM-1006,2026-05-25,68329
D02,PM-1006,2026-06-01,70815
D02,PM-1006,2026-06-08,68298
D02,PM-1006,2026-06-15,70295
D02,PM-1006,2026-06-22,75408
D02,SC-1021,2024-01-01,7310
D02,SC-1021,2024-01-08,7368
D02,SC-1021,2024-01-15,7419
D02,SC-1021,2024-01-22,7358
D02,SC-1021,2024-01-29,7137
D02,SC-1021,2024-02-05,7234
D02,SC-1021,2024-02-12,7295
D02,SC-1021,2024-02-19,7553
D02,SC-1021,2024-02-26,7452
D02,SC-1021,2024-03-04,7235
D02,SC-1021,2024-03-11,7171
D02,SC-1021,2024-03-18,7161
D02,SC-1021,2024-03-25,7011
D02,SC-1021,2024-04-01,6772
D02,SC-1021,2024-04-08,6523
D02,SC-1021,2024-04-15,6730
D02,SC-1021,2024-04-22,6682
D02,SC-1021,2024-04-29,6411
D02,SC-1021,2024-05-06,6235
D02,SC-1021,2024-05-13,6171
D02,SC-1021,2024-05-20,6177
D02,SC-1021,2024-05-27,6007
D02,SC-1021,2024-06-03,5496
D02,SC-1021,2024-06-10,5798
D02,SC-1021,2024-06-17,5819
D02,SC-1021,2024-06-24,5330
D02,SC-1021,2024-07-01,5242
D02,SC-1021,2024-07-08,5420
D02,SC-1021,2024-07-15,5718
D02,SC-1021,2024-07-22,6972
D02,SC-1021,2024-07-29,7212
D02,SC-1021,2024-08-05,7140
D02,SC-1021,2024-08-12,7988
D02,SC-1021,2024-08-19,7993
D02,SC-1021,2024-08-26,9375
D02,SC-1021,2024-09-02,9692
D02,SC-1021,2024-09-09,9408
D02,SC-1021,2024-09-16,8513
D02,SC-1021,2024-09-23,9021
D02,SC-1021,2024-09-30,9037
D02,SC-1021,2024-10-07,8348
D02,SC-1021,2024-10-14,8079
D02,SC-1021,2024-10-21,7497
D02,SC-1021,2024-10-28,8038
D02,SC-1021,2024-11-04,8770
D02,SC-1021,2024-11-11,9323
D02,SC-1021,2024-11-18,8540
D02,SC-1021,2024-11-25,7910
D02,SC-1021,2024-12-02,7262
D02,SC-1021,2024-12-09,7395
D02,SC-1021,2024-12-16,8023
D02,SC-1021,2024-12-23,7282
D02,SC-1021,2024-12-30,7100
D02,SC-1021,2025-01-06,7113
D02,SC-1021,2025-01-13,7939
D02,SC-1021,2025-01-20,7530
D02,SC-1021,2025-01-27,7313
D02,SC-1021,2025-02-03,6911
D02,SC-1021,2025-02-10,7372
D02,SC-1021,2025-02-17,7962
D02,SC-1021,2025-02-24,6989
D02,SC-1021,2025-03-03,6107
D02,SC-1021,2025-03-10,5561
D02,SC-1021,2025-03-17,6486
D02,SC-1021,2025-03-24,5068
D02,SC-1021,2025-03-31,3957
D02,SC-1021,2025-04-07,3428
D02,SC-1021,2025-04-14,2687
D02,SC-1021,2025-04-21,2477
D02,SC-1021,2025-04-28,3062
D02,SC-1021,2025-05-05,5019
D02,SC-1021,2025-05-12,5377
D02,SC-1021,2025-05-19,5509
D02,SC-1021,2025-05-26,4591
D02,SC-1021,2025-06-02,3632
D02,SC-1021,2025-06-09,5108
D02,SC-1021,2025-06-16,6095
D02,SC-1021,2025-06-23,7691
D02,SC-1021,2025-06-30,6405
D02,SC-1021,2025-07-07,5400
D02,SC-1021,2025-07-14,5113
D02,SC-1021,2025-07-21,6086
D02,SC-1021,2025-07-28,7171
D02,SC-1021,2025-08-04,8283
D02,SC-1021,2025-08-11,9983
D02,SC-1021,2025-08-18,9201
D02,SC-1021,2025-08-25,11696
D02,SC-1021,2025-09-01,11008
D02,SC-1021,2025-09-08,10353
D02,SC-1021,2025-09-15,10544
D02,SC-1021,2025-09-22,10685
D02,SC-1021,2025-09-29,12195
D02,SC-1021,2025-10-06,11502
D02,SC-1021,2025-10-13,10719
D02,SC-1021,2025-10-20,10090
D02,SC-1021,2025-10-27,9380
D02,SC-1021,2025-11-03,8759
D02,SC-1021,2025-11-10,8246
D02,SC-1021,2025-11-17,8697
D02,SC-1021,2025-11-24,8840
D02,SC-1021,2025-12-01,8261
D02,SC-1021,2025-12-08,10250
D02,SC-1021,2025-12-15,12278
D02,SC-1021,2025-12-22,14044
D02,SC-1021,2025-12-29,13318
D02,SC-1021,2026-01-05,12755
D02,SC-1021,2026-01-12,12357
D02,SC-1021,2026-01-19,13926
D02,SC-1021,2026-01-26,13269
D02,SC-1021,2026-02-02,12778
D02,SC-1021,2026-02-09,12257
D02,SC-1021,2026-02-16,12788
D02,SC-1021,2026-02-23,12137
D02,SC-1021,2026-03-02,11630
D02,SC-1021,2026-03-09,12010
D02,SC-1021,2026-03-16,12382
D02,SC-1021,2026-03-23,12523
D02,SC-1021,2026-03-30,11899
D02,SC-1021,2026-04-06,12716
D02,SC-1021,2026-04-13,12130
D02,SC-1021,2026-04-20,11555
D02,SC-1021,2026-04-27,11049
D02,SC-1021,2026-05-04,10544
D02,SC-1021,2026-05-11,10160
D02,SC-1021,2026-05-18,10728
D02,SC-1021,2026-05-25,10142
D02,SC-1021,2026-06-01,10019
D02,SC-1021,2026-06-08,9446
D02,SC-1021,2026-06-15,9916
D02,SC-1021,2026-06-22,9696
D02,PW-1032,2024-01-01,18301
D02,PW-1032,2024-01-08,18464
D02,PW-1032,2024-01-15,18630
D02,PW-1032,2024-01-22,18601
D02,PW-1032,2024-01-29,18227
D02,PW-1032,2024-02-05,17795
D02,PW-1032,2024-02-12,18711
D02,PW-1032,2024-02-19,18515
D02,PW-1032,2024-02-26,18433
D02,PW-1032,2024-03-04,18643
D02,PW-1032,2024-03-11,16394
D02,PW-1032,2024-03-18,15940
D02,PW-1032,2024-03-25,18193
D02,PW-1032,2024-04-01,17048
D02,PW-1032,2024-04-08,16051
D02,PW-1032,2024-04-15,14618
D02,PW-1032,2024-04-22,13183
D02,PW-1032,2024-04-29,13177
D02,PW-1032,2024-05-06,12532
D02,PW-1032,2024-05-13,13056
D02,PW-1032,2024-05-20,17141
D02,PW-1032,2024-05-27,16390
D02,PW-1032,2024-06-03,17101
D02,PW-1032,2024-06-10,17929
D02,PW-1032,2024-06-17,17820
D02,PW-1032,2024-06-24,18258
D02,PW-1032,2024-07-01,19915
D02,PW-1032,2024-07-08,18052
D02,PW-1032,2024-07-15,16219
D02,PW-1032,2024-07-22,16292
D02,PW-1032,2024-07-29,14455
D02,PW-1032,2024-08-05,13087
D02,PW-1032,2024-08-12,13450
D02,PW-1032,2024-08-19,13800
D02,PW-1032,2024-08-26,12319
D02,PW-1032,2024-09-02,15267
D02,PW-1032,2024-09-09,17312
D02,PW-1032,2024-09-16,19465
D02,PW-1032,2024-09-23,19376
D02,PW-1032,2024-09-30,18787
D02,PW-1032,2024-10-07,20805
D02,PW-1032,2024-10-14,21738
D02,PW-1032,2024-10-21,21921
D02,PW-1032,2024-10-28,20517
D02,PW-1032,2024-11-04,20349
D02,PW-1032,2024-11-11,18389
D02,PW-1032,2024-11-18,20128
D02,PW-1032,2024-11-25,20923
D02,PW-1032,2024-12-02,23553
D02,PW-1032,2024-12-09,21970
D02,PW-1032,2024-12-16,21072
D02,PW-1032,2024-12-23,21306
D02,PW-1032,2024-12-30,22645
D02,PW-1032,2025-01-06,22301
D02,PW-1032,2025-01-13,19940
D02,PW-1032,2025-01-20,18281
D02,PW-1032,2025-01-27,16719
D02,PW-1032,2025-02-03,17659
D02,PW-1032,2025-02-10,17778
D02,PW-1032,2025-02-17,18736
D02,PW-1032,2025-02-24,17468
D02,PW-1032,2025-03-03,16269
D02,PW-1032,2025-03-10,15805
D02,PW-1032,2025-03-17,14858
D02,PW-1032,2025-03-24,17247
D02,PW-1032,2025-03-31,17247
D02,PW-1032,2025-04-07,19659
D02,PW-1032,2025-04-14,17516
D02,PW-1032,2025-04-21,16276
D02,PW-1032,2025-04-28,17218
D02,PW-1032,2025-05-05,17473
D02,PW-1032,2025-05-12,15493
D02,PW-1032,2025-05-19,16983
D02,PW-1032,2025-05-26,17012
D02,PW-1032,2025-06-02,14212
D02,PW-1032,2025-06-09,14540
D02,PW-1032,2025-06-16,15315
D02,PW-1032,2025-06-23,15012
D02,PW-1032,2025-06-30,13050
D02,PW-1032,2025-07-07,16273
D02,PW-1032,2025-07-14,14755
D02,PW-1032,2025-07-21,14018
D02,PW-1032,2025-07-28,16758
D02,PW-1032,2025-08-04,17190
D02,PW-1032,2025-08-11,17638
D02,PW-1032,2025-08-18,19326
D02,PW-1032,2025-08-25,23215
D02,PW-1032,2025-09-01,22163
D02,PW-1032,2025-09-08,22912
D02,PW-1032,2025-09-15,21568
D02,PW-1032,2025-09-22,20032
D02,PW-1032,2025-09-29,19491
D02,PW-1032,2025-10-06,24298
D02,PW-1032,2025-10-13,25243
D02,PW-1032,2025-10-20,24044
D02,PW-1032,2025-10-27,26994
D02,PW-1032,2025-11-03,28653
D02,PW-1032,2025-11-10,34337
D02,PW-1032,2025-11-17,36746
D02,PW-1032,2025-11-24,39609
D02,PW-1032,2025-12-01,39035
D02,PW-1032,2025-12-08,42357
D02,PW-1032,2025-12-15,43416
D02,PW-1032,2025-12-22,43213
D02,PW-1032,2025-12-29,43535
D02,PW-1032,2026-01-05,41870
D02,PW-1032,2026-01-12,42261
D02,PW-1032,2026-01-19,39726
D02,PW-1032,2026-01-26,37837
D02,PW-1032,2026-02-02,35295
D02,PW-1032,2026-02-09,33490
D02,PW-1032,2026-02-16,34044
D02,PW-1032,2026-02-23,36268
D02,PW-1032,2026-03-02,33989
D02,PW-1032,2026-03-09,35859
D02,PW-1032,2026-03-16,36024
D02,PW-1032,2026-03-23,37315
D02,PW-1032,2026-03-30,38481
D02,PW-1032,2026-04-06,36288
D02,PW-1032,2026-04-13,40589
D02,PW-1032,2026-04-20,38445
D02,PW-1032,2026-04-27,40986
D02,PW-1032,2026-05-04,38499
D02,PW-1032,2026-05-11,38568
D02,PW-1032,2026-05-18,36355
D02,PW-1032,2026-05-25,38730
D02,PW-1032,2026-06-01,41301
D02,PW-1032,2026-06-08,39238
D02,PW-1032,2026-06-15,41844
D02,PW-1032,2026-06-22,40519
D02,PW-1030,2024-01-01,5514
D02,PW-1030,2024-01-08,5244
D02,PW-1030,2024-01-15,5220
D02,PW-1030,2024-01-22,5260
D02,PW-1030,2024-01-29,5434
D02,PW-1030,2024-02-05,5556
D02,PW-1030,2024-02-12,5531
D02,PW-1030,2024-02-19,5490
D02,PW-1030,2024-02-26,5523
D02,PW-1030,2024-03-04,5503
D02,PW-1030,2024-03-11,5277
D02,PW-1030,2024-03-18,5176
D02,PW-1030,2024-03-25,4799
D02,PW-1030,2024-04-01,5518
D02,PW-1030,2024-04-08,5522
D02,PW-1030,2024-04-15,5684
D02,PW-1030,2024-04-22,5759
D02,PW-1030,2024-04-29,5232
D02,PW-1030,2024-05-06,4964
D02,PW-1030,2024-05-13,5001
D02,PW-1030,2024-05-20,5053
D02,PW-1030,2024-05-27,4430
D02,PW-1030,2024-06-03,4849
D02,PW-1030,2024-06-10,5142
D02,PW-1030,2024-06-17,5392
D02,PW-1030,2024-06-24,5868
D02,PW-1030,2024-07-01,5612
D02,PW-1030,2024-07-08,5212
D02,PW-1030,2024-07-15,5007
D02,PW-1030,2024-07-22,4826
D02,PW-1030,2024-07-29,4247
D02,PW-1030,2024-08-05,3670
D02,PW-1030,2024-08-12,3774
D02,PW-1030,2024-08-19,4012
D02,PW-1030,2024-08-26,4106
D02,PW-1030,2024-09-02,4401
D02,PW-1030,2024-09-09,4622
D02,PW-1030,2024-09-16,4463
D02,PW-1030,2024-09-23,5423
D02,PW-1030,2024-09-30,6818
D02,PW-1030,2024-10-07,6924
D02,PW-1030,2024-10-14,7385
D02,PW-1030,2024-10-21,7386
D02,PW-1030,2024-10-28,7027
D02,PW-1030,2024-11-04,7464
D02,PW-1030,2024-11-11,8380
D02,PW-1030,2024-11-18,8000
D02,PW-1030,2024-11-25,7556
D02,PW-1030,2024-12-02,6927
D02,PW-1030,2024-12-09,6309
D02,PW-1030,2024-12-16,6278
D02,PW-1030,2024-12-23,6483
D02,PW-1030,2024-12-30,6865
D02,PW-1030,2025-01-06,6316
D02,PW-1030,2025-01-13,5690
D02,PW-1030,2025-01-20,5669
D02,PW-1030,2025-01-27,5374
D02,PW-1030,2025-02-03,4756
D02,PW-1030,2025-02-10,4888
D02,PW-1030,2025-02-17,5317
D02,PW-1030,2025-02-24,5491
D02,PW-1030,2025-03-03,5721
D02,PW-1030,2025-03-10,5650
D02,PW-1030,2025-03-17,5671
D02,PW-1030,2025-03-24,5248
D02,PW-1030,2025-03-31,5647
D02,PW-1030,2025-04-07,5536
D02,PW-1030,2025-04-14,4896
D02,PW-1030,2025-04-21,4210
D02,PW-1030,2025-04-28,3601
D02,PW-1030,2025-05-05,4100
D02,PW-1030,2025-05-12,5296
D02,PW-1030,2025-05-19,5896
D02,PW-1030,2025-05-26,5393
D02,PW-1030,2025-06-02,5590
D02,PW-1030,2025-06-09,6120
D02,PW-1030,2025-06-16,5656
D02,PW-1030,2025-06-23,5484
D02,PW-1030,2025-06-30,5099
D02,PW-1030,2025-07-07,5176
D02,PW-1030,2025-07-14,4809
D02,PW-1030,2025-07-21,6192
D02,PW-1030,2025-07-28,5531
D02,PW-1030,2025-08-04,6946
D02,PW-1030,2025-08-11,6469
D02,PW-1030,2025-08-18,6986
D02,PW-1030,2025-08-25,6725
D02,PW-1030,2025-09-01,7150
D02,PW-1030,2025-09-08,7304
D02,PW-1030,2025-09-15,7843
D02,PW-1030,2025-09-22,8513
D02,PW-1030,2025-09-29,8248
D02,PW-1030,2025-10-06,8702
D02,PW-1030,2025-10-13,8704
D02,PW-1030,2025-10-20,9605
D02,PW-1030,2025-10-27,9703
D02,PW-1030,2025-11-03,11166
D02,PW-1030,2025-11-10,11254
D02,PW-1030,2025-11-17,11405
D02,PW-1030,2025-11-24,11490
D02,PW-1030,2025-12-01,11911
D02,PW-1030,2025-12-08,12739
D02,PW-1030,2025-12-15,12912
D02,PW-1030,2025-12-22,12293
D02,PW-1030,2025-12-29,11689
D02,PW-1030,2026-01-05,11553
D02,PW-1030,2026-01-12,10888
D02,PW-1030,2026-01-19,10292
D02,PW-1030,2026-01-26,10155
D02,PW-1030,2026-02-02,9982
D02,PW-1030,2026-02-09,10518
D02,PW-1030,2026-02-16,11107
D02,PW-1030,2026-02-23,11266
D02,PW-1030,2026-03-02,11073
D02,PW-1030,2026-03-09,10559
D02,PW-1030,2026-03-16,10487
D02,PW-1030,2026-03-23,10907
D02,PW-1030,2026-03-30,10761
D02,PW-1030,2026-04-06,11060
D02,PW-1030,2026-04-13,10786
D02,PW-1030,2026-04-20,10735
D02,PW-1030,2026-04-27,10764
D02,PW-1030,2026-05-04,11490
D02,PW-1030,2026-05-11,11605
D02,PW-1030,2026-05-18,11633
D02,PW-1030,2026-05-25,11803
D02,PW-1030,2026-06-01,12173
D02,PW-1030,2026-06-08,11890
D02,PW-1030,2026-06-15,11296
D02,PW-1030,2026-06-22,11142
D02,PW-1034,2024-01-01,5713
D02,PW-1034,2024-01-08,5585
D02,PW-1034,2024-01-15,5293
D02,PW-1034,2024-01-22,5197
D02,PW-1034,2024-01-29,5239
D02,PW-1034,2024-02-05,5305
D02,PW-1034,2024-02-12,5306
D02,PW-1034,2024-02-19,5156
D02,PW-1034,2024-02-26,5060
D02,PW-1034,2024-03-04,4968
D02,PW-1034,2024-03-11,4810
D02,PW-1034,2024-03-18,4379
D02,PW-1034,2024-03-25,5078
D02,PW-1034,2024-04-01,5900
D02,PW-1034,2024-04-08,5331
D02,PW-1034,2024-04-15,5464
D02,PW-1034,2024-04-22,5281
D02,PW-1034,2024-04-29,5430
D02,PW-1034,2024-05-06,5301
D02,PW-1034,2024-05-13,5296
D02,PW-1034,2024-05-20,5398
D02,PW-1034,2024-05-27,5365
D02,PW-1034,2024-06-03,5617
D02,PW-1034,2024-06-10,4910
D02,PW-1034,2024-06-17,5074
D02,PW-1034,2024-06-24,5100
D02,PW-1034,2024-07-01,6001
D02,PW-1034,2024-07-08,6131
D02,PW-1034,2024-07-15,5533
D02,PW-1034,2024-07-22,5418
D02,PW-1034,2024-07-29,5184
D02,PW-1034,2024-08-05,5696
D02,PW-1034,2024-08-12,5697
D02,PW-1034,2024-08-19,6051
D02,PW-1034,2024-08-26,5961
D02,PW-1034,2024-09-02,6339
D02,PW-1034,2024-09-09,6802
D02,PW-1034,2024-09-16,7323
D02,PW-1034,2024-09-23,7292
D02,PW-1034,2024-09-30,7090
D02,PW-1034,2024-10-07,7102
D02,PW-1034,2024-10-14,7387
D02,PW-1034,2024-10-21,7429
D02,PW-1034,2024-10-28,6946
D02,PW-1034,2024-11-04,7616
D02,PW-1034,2024-11-11,7179
D02,PW-1034,2024-11-18,7270
D02,PW-1034,2024-11-25,7216
D02,PW-1034,2024-12-02,7162
D02,PW-1034,2024-12-09,6566
D02,PW-1034,2024-12-16,5769
D02,PW-1034,2024-12-23,5398
D02,PW-1034,2024-12-30,4750
D02,PW-1034,2025-01-06,3922
D02,PW-1034,2025-01-13,3303
D02,PW-1034,2025-01-20,3592
D02,PW-1034,2025-01-27,3693
D02,PW-1034,2025-02-03,4290
D02,PW-1034,2025-02-10,4756
D02,PW-1034,2025-02-17,4980
D02,PW-1034,2025-02-24,5147
D02,PW-1034,2025-03-03,5420
D02,PW-1034,2025-03-10,5689
D02,PW-1034,2025-03-17,5893
D02,PW-1034,2025-03-24,5985
D02,PW-1034,2025-03-31,6513
D02,PW-1034,2025-04-07,6283
D02,PW-1034,2025-04-14,6865
D02,PW-1034,2025-04-21,6961
D02,PW-1034,2025-04-28,7408
D02,PW-1034,2025-05-05,6727
D02,PW-1034,2025-05-12,6037
D02,PW-1034,2025-05-19,5702
D02,PW-1034,2025-05-26,5101
D02,PW-1034,2025-06-02,5375
D02,PW-1034,2025-06-09,5655
D02,PW-1034,2025-06-16,5422
D02,PW-1034,2025-06-23,5591
D02,PW-1034,2025-06-30,6140
D02,PW-1034,2025-07-07,6541
D02,PW-1034,2025-07-14,6877
D02,PW-1034,2025-07-21,5997
D02,PW-1034,2025-07-28,5572
D02,PW-1034,2025-08-04,5421
D02,PW-1034,2025-08-11,5978
D02,PW-1034,2025-08-18,6328
D02,PW-1034,2025-08-25,5760
D02,PW-1034,2025-09-01,7610
D02,PW-1034,2025-09-08,7436
D02,PW-1034,2025-09-15,8212
D02,PW-1034,2025-09-22,8195
D02,PW-1034,2025-09-29,8527
D02,PW-1034,2025-10-06,8455
D02,PW-1034,2025-10-13,9346
D02,PW-1034,2025-10-20,9661
D02,PW-1034,2025-10-27,9232
D02,PW-1034,2025-11-03,9745
D02,PW-1034,2025-11-10,9650
D02,PW-1034,2025-11-17,10833
D02,PW-1034,2025-11-24,11611
D02,PW-1034,2025-12-01,13042
D02,PW-1034,2025-12-08,13202
D02,PW-1034,2025-12-15,13363
D02,PW-1034,2025-12-22,13897
D02,PW-1034,2025-12-29,13408
D02,PW-1034,2026-01-05,13965
D02,PW-1034,2026-01-12,13201
D02,PW-1034,2026-01-19,12415
D02,PW-1034,2026-01-26,11913
D02,PW-1034,2026-02-02,11187
D02,PW-1034,2026-02-09,10551
D02,PW-1034,2026-02-16,10489
D02,PW-1034,2026-02-23,10585
D02,PW-1034,2026-03-02,10310
D02,PW-1034,2026-03-09,9687
D02,PW-1034,2026-03-16,9857
D02,PW-1034,2026-03-23,10819
D02,PW-1034,2026-03-30,10845
D02,PW-1034,2026-04-06,11381
D02,PW-1034,2026-04-13,11940
D02,PW-1034,2026-04-20,11155
D02,PW-1034,2026-04-27,11536
D02,PW-1034,2026-05-04,11750
D02,PW-1034,2026-05-11,11071
D02,PW-1034,2026-05-18,10395
D02,PW-1034,2026-05-25,10833
D02,PW-1034,2026-06-01,11374
D02,PW-1034,2026-06-08,10593
D02,PW-1034,2026-06-15,11502
D02,PW-1034,2026-06-22,12542
D02,LD-1037,2024-01-01,29981
D02,LD-1037,2024-01-08,29603
D02,LD-1037,2024-01-15,29481
D02,LD-1037,2024-01-22,32497
D02,LD-1037,2024-01-29,32303
D02,LD-1037,2024-02-05,32567
D02,LD-1037,2024-02-12,31971
D02,LD-1037,2024-02-19,31948
D02,LD-1037,2024-02-26,34218
D02,LD-1037,2024-03-04,34704
D02,LD-1037,2024-03-11,33130
D02,LD-1037,2024-03-18,30192
D02,LD-1037,2024-03-25,26488
D02,LD-1037,2024-04-01,23744
D02,LD-1037,2024-04-08,29127
D02,LD-1037,2024-04-15,25786
D02,LD-1037,2024-04-22,23329
D02,LD-1037,2024-04-29,24125
D02,LD-1037,2024-05-06,28326
D02,LD-1037,2024-05-13,27784
D02,LD-1037,2024-05-20,26657
D02,LD-1037,2024-05-27,25315
D02,LD-1037,2024-06-03,25480
D02,LD-1037,2024-06-10,35030
D02,LD-1037,2024-06-17,35319
D02,LD-1037,2024-06-24,33400
D02,LD-1037,2024-07-01,34662
D02,LD-1037,2024-07-08,38201
D02,LD-1037,2024-07-15,39749
D02,LD-1037,2024-07-22,39244
D02,LD-1037,2024-07-29,37734
D02,LD-1037,2024-08-05,38254
D02,LD-1037,2024-08-12,35628
D02,LD-1037,2024-08-19,37279
D02,LD-1037,2024-08-26,33284
D02,LD-1037,2024-09-02,33109
D02,LD-1037,2024-09-09,32354
D02,LD-1037,2024-09-16,33700
D02,LD-1037,2024-09-23,31117
D02,LD-1037,2024-09-30,32583
D02,LD-1037,2024-10-07,35925
D02,LD-1037,2024-10-14,36346
D02,LD-1037,2024-10-21,42989
D02,LD-1037,2024-10-28,41189
D02,LD-1037,2024-11-04,40505
D02,LD-1037,2024-11-11,37228
D02,LD-1037,2024-11-18,37166
D02,LD-1037,2024-11-25,34436
D02,LD-1037,2024-12-02,34100
D02,LD-1037,2024-12-09,32194
D02,LD-1037,2024-12-16,28657
D02,LD-1037,2024-12-23,31473
D02,LD-1037,2024-12-30,30730
D02,LD-1037,2025-01-06,32438
D02,LD-1037,2025-01-13,29134
D02,LD-1037,2025-01-20,27771
D02,LD-1037,2025-01-27,29538
D02,LD-1037,2025-02-03,29876
D02,LD-1037,2025-02-10,31040
D02,LD-1037,2025-02-17,26488
D02,LD-1037,2025-02-24,25800
D02,LD-1037,2025-03-03,26149
D02,LD-1037,2025-03-10,28483
D02,LD-1037,2025-03-17,30632
D02,LD-1037,2025-03-24,29217
D02,LD-1037,2025-03-31,26087
D02,LD-1037,2025-04-07,23776
D02,LD-1037,2025-04-14,26151
D02,LD-1037,2025-04-21,26499
D02,LD-1037,2025-04-28,23404
D02,LD-1037,2025-05-05,28882
D02,LD-1037,2025-05-12,27982
D02,LD-1037,2025-05-19,31361
D02,LD-1037,2025-05-26,38488
D02,LD-1037,2025-06-02,39628
D02,LD-1037,2025-06-09,38332
D02,LD-1037,2025-06-16,37547
D02,LD-1037,2025-06-23,42145
D02,LD-1037,2025-06-30,38990
D02,LD-1037,2025-07-07,37768
D02,LD-1037,2025-07-14,35877
D02,LD-1037,2025-07-21,33218
D02,LD-1037,2025-07-28,31426
D02,LD-1037,2025-08-04,31031
D02,LD-1037,2025-08-11,30208
D02,LD-1037,2025-08-18,26822
D02,LD-1037,2025-08-25,27688
D02,LD-1037,2025-09-01,30047
D02,LD-1037,2025-09-08,33940
D02,LD-1037,2025-09-15,33820
D02,LD-1037,2025-09-22,39009
D02,LD-1037,2025-09-29,38287
D02,LD-1037,2025-10-06,46238
D02,LD-1037,2025-10-13,50637
D02,LD-1037,2025-10-20,51049
D02,LD-1037,2025-10-27,55070
D02,LD-1037,2025-11-03,55307
D02,LD-1037,2025-11-10,56232
D02,LD-1037,2025-11-17,58813
D02,LD-1037,2025-11-24,58494
D02,LD-1037,2025-12-01,55249
D02,LD-1037,2025-12-08,57140
D02,LD-1037,2025-12-15,62165
D02,LD-1037,2025-12-22,58509
D02,LD-1037,2025-12-29,58080
D02,LD-1037,2026-01-05,58297
D02,LD-1037,2026-01-12,57008
D02,LD-1037,2026-01-19,55094
D02,LD-1037,2026-01-26,56118
D02,LD-1037,2026-02-02,54080
D02,LD-1037,2026-02-09,56453
D02,LD-1037,2026-02-16,59488
D02,LD-1037,2026-02-23,56877
D02,LD-1037,2026-03-02,53722
D02,LD-1037,2026-03-09,54554
D02,LD-1037,2026-03-16,56590
D02,LD-1037,2026-03-23,56180
D02,LD-1037,2026-03-30,55509
D02,LD-1037,2026-04-06,53376
D02,LD-1037,2026-04-13,50499
D02,LD-1037,2026-04-20,46845
D02,LD-1037,2026-04-27,52175
D02,LD-1037,2026-05-04,51299
D02,LD-1037,2026-05-11,54616
D02,LD-1037,2026-05-18,56056
D02,LD-1037,2026-05-25,54252
D02,LD-1037,2026-06-01,59202
D02,LD-1037,2026-06-08,56521
D02,LD-1037,2026-06-15,57493
D02,LD-1037,2026-06-22,56786
D02,IG-1014,2024-01-01,629
D02,IG-1014,2024-01-08,562
D02,IG-1014,2024-01-15,628
D02,IG-1014,2024-01-22,628
D02,IG-1014,2024-01-29,631
D02,IG-1014,2024-02-05,634
D02,IG-1014,2024-02-12,621
D02,IG-1014,2024-02-19,630
D02,IG-1014,2024-02-26,628
D02,IG-1014,2024-03-04,621
D02,IG-1014,2024-03-11,606
D02,IG-1014,2024-03-18,572
D02,IG-1014,2024-03-25,495
D02,IG-1014,2024-04-01,578
D02,IG-1014,2024-04-08,568
D02,IG-1014,2024-04-15,558
D02,IG-1014,2024-04-22,551
D02,IG-1014,2024-04-29,514
D02,IG-1014,2024-05-06,484
D02,IG-1014,2024-05-13,460
D02,IG-1014,2024-05-20,461
D02,IG-1014,2024-05-27,410
D02,IG-1014,2024-06-03,457
D02,IG-1014,2024-06-10,387
D02,IG-1014,2024-06-17,407
D02,IG-1014,2024-06-24,391
D02,IG-1014,2024-07-01,468
D02,IG-1014,2024-07-08,474
D02,IG-1014,2024-07-15,547
D02,IG-1014,2024-07-22,483
D02,IG-1014,2024-07-29,441
D02,IG-1014,2024-08-05,483
D02,IG-1014,2024-08-12,524
D02,IG-1014,2024-08-19,724
D02,IG-1014,2024-08-26,664
D02,IG-1014,2024-09-02,697
D02,IG-1014,2024-09-09,697
D02,IG-1014,2024-09-16,797
D02,IG-1014,2024-09-23,769
D02,IG-1014,2024-09-30,803
D02,IG-1014,2024-10-07,773
D02,IG-1014,2024-10-14,767
D02,IG-1014,2024-10-21,711
D02,IG-1014,2024-10-28,714
D02,IG-1014,2024-11-04,784
D02,IG-1014,2024-11-11,729
D02,IG-1014,2024-11-18,857
D02,IG-1014,2024-11-25,779
D02,IG-1014,2024-12-02,806
D02,IG-1014,2024-12-09,740
D02,IG-1014,2024-12-16,668
D02,IG-1014,2024-12-23,755
D02,IG-1014,2024-12-30,783
D02,IG-1014,2025-01-06,810
D02,IG-1014,2025-01-13,741
D02,IG-1014,2025-01-20,664
D02,IG-1014,2025-01-27,674
D02,IG-1014,2025-02-03,926
D02,IG-1014,2025-02-10,860
D02,IG-1014,2025-02-17,782
D02,IG-1014,2025-02-24,704
D02,IG-1014,2025-03-03,639
D02,IG-1014,2025-03-10,594
D02,IG-1014,2025-03-17,618
D02,IG-1014,2025-03-24,560
D02,IG-1014,2025-03-31,478
D02,IG-1014,2025-04-07,489
D02,IG-1014,2025-04-14,454
D02,IG-1014,2025-04-21,431
D02,IG-1014,2025-04-28,414
D02,IG-1014,2025-05-05,439
D02,IG-1014,2025-05-12,408
D02,IG-1014,2025-05-19,398
D02,IG-1014,2025-05-26,431
D02,IG-1014,2025-06-02,381
D02,IG-1014,2025-06-09,448
D02,IG-1014,2025-06-16,529
D02,IG-1014,2025-06-23,573
D02,IG-1014,2025-06-30,541
D02,IG-1014,2025-07-07,505
D02,IG-1014,2025-07-14,500
D02,IG-1014,2025-07-21,528
D02,IG-1014,2025-07-28,655
D02,IG-1014,2025-08-04,672
D02,IG-1014,2025-08-11,715
D02,IG-1014,2025-08-18,877
D02,IG-1014,2025-08-25,922
D02,IG-1014,2025-09-01,1072
D02,IG-1014,2025-09-08,1215
D02,IG-1014,2025-09-15,1259
D02,IG-1014,2025-09-22,1209
D02,IG-1014,2025-09-29,1319
D02,IG-1014,2025-10-06,1386
D02,IG-1014,2025-10-13,1523
D02,IG-1014,2025-10-20,1575
D02,IG-1014,2025-10-27,1511
D02,IG-1014,2025-11-03,1446
D02,IG-1014,2025-11-10,1399
D02,IG-1014,2025-11-17,1354
D02,IG-1014,2025-11-24,1316
D02,IG-1014,2025-12-01,1274
D02,IG-1014,2025-12-08,1228
D02,IG-1014,2025-12-15,1193
D02,IG-1014,2025-12-22,1152
D02,IG-1014,2025-12-29,1105
D02,IG-1014,2026-01-05,1131
D02,IG-1014,2026-01-12,1118
D02,IG-1014,2026-01-19,1110
D02,IG-1014,2026-01-26,1048
D02,IG-1014,2026-02-02,1112
D02,IG-1014,2026-02-09,1097
D02,IG-1014,2026-02-16,1117
D02,IG-1014,2026-02-23,1160
D02,IG-1014,2026-03-02,1105
D02,IG-1014,2026-03-09,1063
D02,IG-1014,2026-03-16,1055
D02,IG-1014,2026-03-23,1038
D02,IG-1014,2026-03-30,994
D02,IG-1014,2026-04-06,947
D02,IG-1014,2026-04-13,898
D02,IG-1014,2026-04-20,844
D02,IG-1014,2026-04-27,784
D02,IG-1014,2026-05-04,739
D02,IG-1014,2026-05-11,692
D02,IG-1014,2026-05-18,812
D02,IG-1014,2026-05-25,772
D02,IG-1014,2026-06-01,854
D02,IG-1014,2026-06-08,895
D02,IG-1014,2026-06-15,852
D02,IG-1014,2026-06-22,871
D02,PM-1005,2024-01-01,14702
D02,PM-1005,2024-01-08,14907
D02,PM-1005,2024-01-15,15323
D02,PM-1005,2024-01-22,15102
D02,PM-1005,2024-01-29,15229
D02,PM-1005,2024-02-05,14862
D02,PM-1005,2024-02-12,15073
D02,PM-1005,2024-02-19,15302
D02,PM-1005,2024-02-26,15270
D02,PM-1005,2024-03-04,15409
D02,PM-1005,2024-03-11,13755
D02,PM-1005,2024-03-18,12464
D02,PM-1005,2024-03-25,10747
D02,PM-1005,2024-04-01,11443
D02,PM-1005,2024-04-08,11267
D02,PM-1005,2024-04-15,12891
D02,PM-1005,2024-04-22,12106
D02,PM-1005,2024-04-29,10924
D02,PM-1005,2024-05-06,12535
D02,PM-1005,2024-05-13,12613
D02,PM-1005,2024-05-20,14098
D02,PM-1005,2024-05-27,14279
D02,PM-1005,2024-06-03,15209
D02,PM-1005,2024-06-10,15166
D02,PM-1005,2024-06-17,13660
D02,PM-1005,2024-06-24,14199
D02,PM-1005,2024-07-01,16909
D02,PM-1005,2024-07-08,17685
D02,PM-1005,2024-07-15,17877
D02,PM-1005,2024-07-22,16847
D02,PM-1005,2024-07-29,16431
D02,PM-1005,2024-08-05,16755
D02,PM-1005,2024-08-12,15347
D02,PM-1005,2024-08-19,16083
D02,PM-1005,2024-08-26,16394
D02,PM-1005,2024-09-02,16119
D02,PM-1005,2024-09-09,15656
D02,PM-1005,2024-09-16,16443
D02,PM-1005,2024-09-23,15686
D02,PM-1005,2024-09-30,14819
D02,PM-1005,2024-10-07,14529
D02,PM-1005,2024-10-14,15137
D02,PM-1005,2024-10-21,15298
D02,PM-1005,2024-10-28,14755
D02,PM-1005,2024-11-04,16039
D02,PM-1005,2024-11-11,14931
D02,PM-1005,2024-11-18,13249
D02,PM-1005,2024-11-25,15879
D02,PM-1005,2024-12-02,15211
D02,PM-1005,2024-12-09,14904
D02,PM-1005,2024-12-16,14112
D02,PM-1005,2024-12-23,13893
D02,PM-1005,2024-12-30,13091
D02,PM-1005,2025-01-06,13957
D02,PM-1005,2025-01-13,13599
D02,PM-1005,2025-01-20,13246
D02,PM-1005,2025-01-27,14963
D02,PM-1005,2025-02-03,14651
D02,PM-1005,2025-02-10,14078
D02,PM-1005,2025-02-17,13834
D02,PM-1005,2025-02-24,13715
D02,PM-1005,2025-03-03,13958
D02,PM-1005,2025-03-10,14150
D02,PM-1005,2025-03-17,13921
D02,PM-1005,2025-03-24,13216
D02,PM-1005,2025-03-31,12042
D02,PM-1005,2025-04-07,12194
D02,PM-1005,2025-04-14,12227
D02,PM-1005,2025-04-21,13748
D02,PM-1005,2025-04-28,11676
D02,PM-1005,2025-05-05,12155
D02,PM-1005,2025-05-12,13166
D02,PM-1005,2025-05-19,12373
D02,PM-1005,2025-05-26,13541
D02,PM-1005,2025-06-02,14149
D02,PM-1005,2025-06-09,16520
D02,PM-1005,2025-06-16,16274
D02,PM-1005,2025-06-23,16880
D02,PM-1005,2025-06-30,16718
D02,PM-1005,2025-07-07,17829
D02,PM-1005,2025-07-14,18281
D02,PM-1005,2025-07-21,17194
D02,PM-1005,2025-07-28,16416
D02,PM-1005,2025-08-04,15138
D02,PM-1005,2025-08-11,14781
D02,PM-1005,2025-08-18,14296
D02,PM-1005,2025-08-25,13440
D02,PM-1005,2025-09-01,11873
D02,PM-1005,2025-09-08,11277
D02,PM-1005,2025-09-15,12664
D02,PM-1005,2025-09-22,14116
D02,PM-1005,2025-09-29,16011
D02,PM-1005,2025-10-06,16771
D02,PM-1005,2025-10-13,18206
D02,PM-1005,2025-10-20,21442
D02,PM-1005,2025-10-27,23520
D02,PM-1005,2025-11-03,25274
D02,PM-1005,2025-11-10,25552
D02,PM-1005,2025-11-17,27181
D02,PM-1005,2025-11-24,28186
D02,PM-1005,2025-12-01,30332
D02,PM-1005,2025-12-08,29555
D02,PM-1005,2025-12-15,29339
D02,PM-1005,2025-12-22,29361
D02,PM-1005,2025-12-29,28982
D02,PM-1005,2026-01-05,27758
D02,PM-1005,2026-01-12,26624
D02,PM-1005,2026-01-19,25339
D02,PM-1005,2026-01-26,24135
D02,PM-1005,2026-02-02,23404
D02,PM-1005,2026-02-09,23175
D02,PM-1005,2026-02-16,21760
D02,PM-1005,2026-02-23,21913
D02,PM-1005,2026-03-02,21114
D02,PM-1005,2026-03-09,24247
D02,PM-1005,2026-03-16,24047
D02,PM-1005,2026-03-23,23354
D02,PM-1005,2026-03-30,22401
D02,PM-1005,2026-04-06,21743
D02,PM-1005,2026-04-13,20489
D02,PM-1005,2026-04-20,22068
D02,PM-1005,2026-04-27,23273
D02,PM-1005,2026-05-04,22424
D02,PM-1005,2026-05-11,24734
D02,PM-1005,2026-05-18,25199
D02,PM-1005,2026-05-25,24285
D02,PM-1005,2026-06-01,23650
D02,PM-1005,2026-06-08,24133
D02,PM-1005,2026-06-15,23058
D02,PM-1005,2026-06-22,21620
D02,PW-1033,2024-01-01,15485
D02,PW-1033,2024-01-08,15614
D02,PW-1033,2024-01-15,15163
D02,PW-1033,2024-01-22,15005
D02,PW-1033,2024-01-29,15103
D02,PW-1033,2024-02-05,14946
D02,PW-1033,2024-02-12,14661
D02,PW-1033,2024-02-19,14474
D02,PW-1033,2024-02-26,14364
D02,PW-1033,2024-03-04,14173
D02,PW-1033,2024-03-11,14291
D02,PW-1033,2024-03-18,14001
D02,PW-1033,2024-03-25,16091
D02,PW-1033,2024-04-01,15306
D02,PW-1033,2024-04-08,16398
D02,PW-1033,2024-04-15,16490
D02,PW-1033,2024-04-22,16184
D02,PW-1033,2024-04-29,15647
D02,PW-1033,2024-05-06,15981
D02,PW-1033,2024-05-13,15879
D02,PW-1033,2024-05-20,17099
D02,PW-1033,2024-05-27,15319
D02,PW-1033,2024-06-03,13903
D02,PW-1033,2024-06-10,13861
D02,PW-1033,2024-06-17,13631
D02,PW-1033,2024-06-24,13108
D02,PW-1033,2024-07-01,13725
D02,PW-1033,2024-07-08,13158
D02,PW-1033,2024-07-15,11609
D02,PW-1033,2024-07-22,13155
D02,PW-1033,2024-07-29,14627
D02,PW-1033,2024-08-05,15890
D02,PW-1033,2024-08-12,15346
D02,PW-1033,2024-08-19,15582
D02,PW-1033,2024-08-26,13981
D02,PW-1033,2024-09-02,14806
D02,PW-1033,2024-09-09,16251
D02,PW-1033,2024-09-16,14635
D02,PW-1033,2024-09-23,18944
D02,PW-1033,2024-09-30,19194
D02,PW-1033,2024-10-07,21615
D02,PW-1033,2024-10-14,21676
D02,PW-1033,2024-10-21,22966
D02,PW-1033,2024-10-28,22669
D02,PW-1033,2024-11-04,22191
D02,PW-1033,2024-11-11,20825
D02,PW-1033,2024-11-18,19598
D02,PW-1033,2024-11-25,18064
D02,PW-1033,2024-12-02,16192
D02,PW-1033,2024-12-09,15690
D02,PW-1033,2024-12-16,15608
D02,PW-1033,2024-12-23,15246
D02,PW-1033,2024-12-30,15409
D02,PW-1033,2025-01-06,14674
D02,PW-1033,2025-01-13,14732
D02,PW-1033,2025-01-20,15545
D02,PW-1033,2025-01-27,15069
D02,PW-1033,2025-02-03,14129
D02,PW-1033,2025-02-10,13199
D02,PW-1033,2025-02-17,12272
D02,PW-1033,2025-02-24,13498
D02,PW-1033,2025-03-03,14330
D02,PW-1033,2025-03-10,13326
D02,PW-1033,2025-03-17,13127
D02,PW-1033,2025-03-24,14057
D02,PW-1033,2025-03-31,16296
D02,PW-1033,2025-04-07,17828
D02,PW-1033,2025-04-14,18883
D02,PW-1033,2025-04-21,18527
D02,PW-1033,2025-04-28,18461
D02,PW-1033,2025-05-05,18086
D02,PW-1033,2025-05-12,17342
D02,PW-1033,2025-05-19,17004
D02,PW-1033,2025-05-26,15583
D02,PW-1033,2025-06-02,15961
D02,PW-1033,2025-06-09,14525
D02,PW-1033,2025-06-16,15654
D02,PW-1033,2025-06-23,15010
D02,PW-1033,2025-06-30,14004
D02,PW-1033,2025-07-07,13253
D02,PW-1033,2025-07-14,13646
D02,PW-1033,2025-07-21,14977
D02,PW-1033,2025-07-28,14311
D02,PW-1033,2025-08-04,15046
D02,PW-1033,2025-08-11,14875
D02,PW-1033,2025-08-18,16675
D02,PW-1033,2025-08-25,19779
D02,PW-1033,2025-09-01,21906
D02,PW-1033,2025-09-08,22048
D02,PW-1033,2025-09-15,21862
D02,PW-1033,2025-09-22,22011
D02,PW-1033,2025-09-29,24502
D02,PW-1033,2025-10-06,28061
D02,PW-1033,2025-10-13,28573
D02,PW-1033,2025-10-20,30398
D02,PW-1033,2025-10-27,32046
D02,PW-1033,2025-11-03,31924
D02,PW-1033,2025-11-10,35924
D02,PW-1033,2025-11-17,37504
D02,PW-1033,2025-11-24,35449
D02,PW-1033,2025-12-01,34007
D02,PW-1033,2025-12-08,35767
D02,PW-1033,2025-12-15,34340
D02,PW-1033,2025-12-22,33133
D02,PW-1033,2025-12-29,34956
D02,PW-1033,2026-01-05,34517
D02,PW-1033,2026-01-12,32735
D02,PW-1033,2026-01-19,32124
D02,PW-1033,2026-01-26,30487
D02,PW-1033,2026-02-02,28877
D02,PW-1033,2026-02-09,28028
D02,PW-1033,2026-02-16,29038
D02,PW-1033,2026-02-23,30423
D02,PW-1033,2026-03-02,28438
D02,PW-1033,2026-03-09,27086
D02,PW-1033,2026-03-16,27700
D02,PW-1033,2026-03-23,26240
D02,PW-1033,2026-03-30,26268
D02,PW-1033,2026-04-06,27762
D02,PW-1033,2026-04-13,26666
D02,PW-1033,2026-04-20,26266
D02,PW-1033,2026-04-27,26831
D02,PW-1033,2026-05-04,28222
D02,PW-1033,2026-05-11,30195
D02,PW-1033,2026-05-18,29757
D02,PW-1033,2026-05-25,29213
D02,PW-1033,2026-06-01,29328
D02,PW-1033,2026-06-08,30986
D02,PW-1033,2026-06-15,32504
D02,PW-1033,2026-06-22,34838
D03,LD-1041,2024-01-01,25521
D03,LD-1041,2024-01-08,23228
D03,LD-1041,2024-01-15,23425
D03,LD-1041,2024-01-22,26272
D03,LD-1041,2024-01-29,24693
D03,LD-1041,2024-02-05,27116
D03,LD-1041,2024-02-12,28091
D03,LD-1041,2024-02-19,26840
D03,LD-1041,2024-02-26,24566
D03,LD-1041,2024-03-04,28376
D03,LD-1041,2024-03-11,28453
D03,LD-1041,2024-03-18,27621
D03,LD-1041,2024-03-25,33425
D03,LD-1041,2024-04-01,32280
D03,LD-1041,2024-04-08,30658
D03,LD-1041,2024-04-15,28412
D03,LD-1041,2024-04-22,27993
D03,LD-1041,2024-04-29,25464
D03,LD-1041,2024-05-06,25332
D03,LD-1041,2024-05-13,23523
D03,LD-1041,2024-05-20,20874
D03,LD-1041,2024-05-27,22006
D03,LD-1041,2024-06-03,22446
D03,LD-1041,2024-06-10,24904
D03,LD-1041,2024-06-17,24789
D03,LD-1041,2024-06-24,25024
D03,LD-1041,2024-07-01,24878
D03,LD-1041,2024-07-08,27331
D03,LD-1041,2024-07-15,25894
D03,LD-1041,2024-07-22,24585
D03,LD-1041,2024-07-29,26777
D03,LD-1041,2024-08-05,24268
D03,LD-1041,2024-08-12,30825
D03,LD-1041,2024-08-19,30802
D03,LD-1041,2024-08-26,31154
D03,LD-1041,2024-09-02,29979
D03,LD-1041,2024-09-09,31681
D03,LD-1041,2024-09-16,33221
D03,LD-1041,2024-09-23,34542
D03,LD-1041,2024-09-30,31541
D03,LD-1041,2024-10-07,29130
D03,LD-1041,2024-10-14,30460
D03,LD-1041,2024-10-21,28918
D03,LD-1041,2024-10-28,32414
D03,LD-1041,2024-11-04,32089
D03,LD-1041,2024-11-11,34033
D03,LD-1041,2024-11-18,31531
D03,LD-1041,2024-11-25,33014
D03,LD-1041,2024-12-02,32270
D03,LD-1041,2024-12-09,32158
D03,LD-1041,2024-12-16,31775
D03,LD-1041,2024-12-23,30492
D03,LD-1041,2024-12-30,28706
D03,LD-1041,2025-01-06,25712
D03,LD-1041,2025-01-13,28684
D03,LD-1041,2025-01-20,26683
D03,LD-1041,2025-01-27,27728
D03,LD-1041,2025-02-03,25271
D03,LD-1041,2025-02-10,25780
D03,LD-1041,2025-02-17,25259
D03,LD-1041,2025-02-24,22140
D03,LD-1041,2025-03-03,23672
D03,LD-1041,2025-03-10,21713
D03,LD-1041,2025-03-17,20410
D03,LD-1041,2025-03-24,20511
D03,LD-1041,2025-03-31,20324
D03,LD-1041,2025-04-07,17858
D03,LD-1041,2025-04-14,20615
D03,LD-1041,2025-04-21,23889
D03,LD-1041,2025-04-28,21243
D03,LD-1041,2025-05-05,22930
D03,LD-1041,2025-05-12,23117
D03,LD-1041,2025-05-19,23206
D03,LD-1041,2025-05-26,25156
D03,LD-1041,2025-06-02,28394
D03,LD-1041,2025-06-09,26221
D03,LD-1041,2025-06-16,25076
D03,LD-1041,2025-06-23,28608
D03,LD-1041,2025-06-30,30905
D03,LD-1041,2025-07-07,32197
D03,LD-1041,2025-07-14,31421
D03,LD-1041,2025-07-21,31434
D03,LD-1041,2025-07-28,29505
D03,LD-1041,2025-08-04,32965
D03,LD-1041,2025-08-11,33533
D03,LD-1041,2025-08-18,30747
D03,LD-1041,2025-08-25,28311
D03,LD-1041,2025-09-01,26920
D03,LD-1041,2025-09-08,27611
D03,LD-1041,2025-09-15,28120
D03,LD-1041,2025-09-22,28626
D03,LD-1041,2025-09-29,26870
D03,LD-1041,2025-10-06,27964
D03,LD-1041,2025-10-13,29323
D03,LD-1041,2025-10-20,31963
D03,LD-1041,2025-10-27,33703
D03,LD-1041,2025-11-03,32335
D03,LD-1041,2025-11-10,30524
D03,LD-1041,2025-11-17,30034
D03,LD-1041,2025-11-24,30562
D03,LD-1041,2025-12-01,29805
D03,LD-1041,2025-12-08,28667
D03,LD-1041,2025-12-15,26058
D03,LD-1041,2025-12-22,26738
D03,LD-1041,2025-12-29,24612
D03,LD-1041,2026-01-05,24903
D03,LD-1041,2026-01-12,25309
D03,LD-1041,2026-01-19,23341
D03,LD-1041,2026-01-26,25651
D03,LD-1041,2026-02-02,25916
D03,LD-1041,2026-02-09,26309
D03,LD-1041,2026-02-16,23184
D03,LD-1041,2026-02-23,25347
D03,LD-1041,2026-03-02,25484
D03,LD-1041,2026-03-09,25921
D03,LD-1041,2026-03-16,27330
D03,LD-1041,2026-03-23,24358
D03,LD-1041,2026-03-30,23915
D03,LD-1041,2026-04-06,26340
D03,LD-1041,2026-04-13,31504
D03,LD-1041,2026-04-20,30070
D03,LD-1041,2026-04-27,30167
D03,LD-1041,2026-05-04,30254
D03,LD-1041,2026-05-11,28781
D03,LD-1041,2026-05-18,29029
D03,LD-1041,2026-05-25,25585
D03,LD-1041,2026-06-01,24077
D03,LD-1041,2026-06-08,23726
D03,LD-1041,2026-06-15,25647
D03,LD-1041,2026-06-22,26113
D03,IG-1012,2024-01-01,824
D03,IG-1012,2024-01-08,793
D03,IG-1012,2024-01-15,838
D03,IG-1012,2024-01-22,853
D03,IG-1012,2024-01-29,833
D03,IG-1012,2024-02-05,847
D03,IG-1012,2024-02-12,867
D03,IG-1012,2024-02-19,899
D03,IG-1012,2024-02-26,892
D03,IG-1012,2024-03-04,898
D03,IG-1012,2024-03-11,910
D03,IG-1012,2024-03-18,889
D03,IG-1012,2024-03-25,878
D03,IG-1012,2024-04-01,878
D03,IG-1012,2024-04-08,853
D03,IG-1012,2024-04-15,842
D03,IG-1012,2024-04-22,747
D03,IG-1012,2024-04-29,710
D03,IG-1012,2024-05-06,696
D03,IG-1012,2024-05-13,633
D03,IG-1012,2024-05-20,505
D03,IG-1012,2024-05-27,442
D03,IG-1012,2024-06-03,347
D03,IG-1012,2024-06-10,355
D03,IG-1012,2024-06-17,431
D03,IG-1012,2024-06-24,417
D03,IG-1012,2024-07-01,374
D03,IG-1012,2024-07-08,482
D03,IG-1012,2024-07-15,600
D03,IG-1012,2024-07-22,631
D03,IG-1012,2024-07-29,814
D03,IG-1012,2024-08-05,843
D03,IG-1012,2024-08-12,885
D03,IG-1012,2024-08-19,779
D03,IG-1012,2024-08-26,779
D03,IG-1012,2024-09-02,767
D03,IG-1012,2024-09-09,899
D03,IG-1012,2024-09-16,904
D03,IG-1012,2024-09-23,825
D03,IG-1012,2024-09-30,934
D03,IG-1012,2024-10-07,930
D03,IG-1012,2024-10-14,946
D03,IG-1012,2024-10-21,1022
D03,IG-1012,2024-10-28,1123
D03,IG-1012,2024-11-04,1036
D03,IG-1012,2024-11-11,997
D03,IG-1012,2024-11-18,896
D03,IG-1012,2024-11-25,779
D03,IG-1012,2024-12-02,687
D03,IG-1012,2024-12-09,727
D03,IG-1012,2024-12-16,632
D03,IG-1012,2024-12-23,639
D03,IG-1012,2024-12-30,744
D03,IG-1012,2025-01-06,752
D03,IG-1012,2025-01-13,793
D03,IG-1012,2025-01-20,841
D03,IG-1012,2025-01-27,876
D03,IG-1012,2025-02-03,958
D03,IG-1012,2025-02-10,916
D03,IG-1012,2025-02-17,894
D03,IG-1012,2025-02-24,839
D03,IG-1012,2025-03-03,774
D03,IG-1012,2025-03-10,671
D03,IG-1012,2025-03-17,771
D03,IG-1012,2025-03-24,753
D03,IG-1012,2025-03-31,817
D03,IG-1012,2025-04-07,777
D03,IG-1012,2025-04-14,753
D03,IG-1012,2025-04-21,895
D03,IG-1012,2025-04-28,982
D03,IG-1012,2025-05-05,864
D03,IG-1012,2025-05-12,848
D03,IG-1012,2025-05-19,886
D03,IG-1012,2025-05-26,974
D03,IG-1012,2025-06-02,989
D03,IG-1012,2025-06-09,1055
D03,IG-1012,2025-06-16,975
D03,IG-1012,2025-06-23,874
D03,IG-1012,2025-06-30,926
D03,IG-1012,2025-07-07,960
D03,IG-1012,2025-07-14,879
D03,IG-1012,2025-07-21,993
D03,IG-1012,2025-07-28,1005
D03,IG-1012,2025-08-04,981
D03,IG-1012,2025-08-11,1015
D03,IG-1012,2025-08-18,976
D03,IG-1012,2025-08-25,1081
D03,IG-1012,2025-09-01,1188
D03,IG-1012,2025-09-08,1160
D03,IG-1012,2025-09-15,1245
D03,IG-1012,2025-09-22,1257
D03,IG-1012,2025-09-29,1305
D03,IG-1012,2025-10-06,1391
D03,IG-1012,2025-10-13,1640
D03,IG-1012,2025-10-20,1652
D03,IG-1012,2025-10-27,1580
D03,IG-1012,2025-11-03,1510
D03,IG-1012,2025-11-10,1437
D03,IG-1012,2025-11-17,1373
D03,IG-1012,2025-11-24,1374
D03,IG-1012,2025-12-01,1306
D03,IG-1012,2025-12-08,1249
D03,IG-1012,2025-12-15,1188
D03,IG-1012,2025-12-22,1138
D03,IG-1012,2025-12-29,1256
D03,IG-1012,2026-01-05,1253
D03,IG-1012,2026-01-12,1192
D03,IG-1012,2026-01-19,1240
D03,IG-1012,2026-01-26,1250
D03,IG-1012,2026-02-02,1190
D03,IG-1012,2026-02-09,1135
D03,IG-1012,2026-02-16,1172
D03,IG-1012,2026-02-23,1104
D03,IG-1012,2026-03-02,1034
D03,IG-1012,2026-03-09,970
D03,IG-1012,2026-03-16,913
D03,IG-1012,2026-03-23,858
D03,IG-1012,2026-03-30,810
D03,IG-1012,2026-04-06,750
D03,IG-1012,2026-04-13,703
D03,IG-1012,2026-04-20,671
D03,IG-1012,2026-04-27,596
D03,IG-1012,2026-05-04,573
D03,IG-1012,2026-05-11,528
D03,IG-1012,2026-05-18,486
D03,IG-1012,2026-05-25,536
D03,IG-1012,2026-06-01,516
D03,IG-1012,2026-06-08,504
D03,IG-1012,2026-06-15,524
D03,IG-1012,2026-06-22,572
D03,IG-1014,2024-01-01,412
D03,IG-1014,2024-01-08,410
D03,IG-1014,2024-01-15,410
D03,IG-1014,2024-01-22,420
D03,IG-1014,2024-01-29,423
D03,IG-1014,2024-02-05,423
D03,IG-1014,2024-02-12,409
D03,IG-1014,2024-02-19,409
D03,IG-1014,2024-02-26,405
D03,IG-1014,2024-03-04,428
D03,IG-1014,2024-03-11,424
D03,IG-1014,2024-03-18,427
D03,IG-1014,2024-03-25,431
D03,IG-1014,2024-04-01,423
D03,IG-1014,2024-04-08,370
D03,IG-1014,2024-04-15,372
D03,IG-1014,2024-04-22,380
D03,IG-1014,2024-04-29,384
D03,IG-1014,2024-05-06,390
D03,IG-1014,2024-05-13,353
D03,IG-1014,2024-05-20,321
D03,IG-1014,2024-05-27,324
D03,IG-1014,2024-06-03,290
D03,IG-1014,2024-06-10,283
D03,IG-1014,2024-06-17,301
D03,IG-1014,2024-06-24,272
D03,IG-1014,2024-07-01,270
D03,IG-1014,2024-07-08,288
D03,IG-1014,2024-07-15,269
D03,IG-1014,2024-07-22,297
D03,IG-1014,2024-07-29,354
D03,IG-1014,2024-08-05,328
D03,IG-1014,2024-08-12,363
D03,IG-1014,2024-08-19,391
D03,IG-1014,2024-08-26,350
D03,IG-1014,2024-09-02,344
D03,IG-1014,2024-09-09,294
D03,IG-1014,2024-09-16,340
D03,IG-1014,2024-09-23,300
D03,IG-1014,2024-09-30,334
D03,IG-1014,2024-10-07,319
D03,IG-1014,2024-10-14,330
D03,IG-1014,2024-10-21,437
D03,IG-1014,2024-10-28,446
D03,IG-1014,2024-11-04,439
D03,IG-1014,2024-11-11,503
D03,IG-1014,2024-11-18,553
D03,IG-1014,2024-11-25,551
D03,IG-1014,2024-12-02,520
D03,IG-1014,2024-12-09,541
D03,IG-1014,2024-12-16,531
D03,IG-1014,2024-12-23,525
D03,IG-1014,2024-12-30,528
D03,IG-1014,2025-01-06,543
D03,IG-1014,2025-01-13,521
D03,IG-1014,2025-01-20,491
D03,IG-1014,2025-01-27,509
D03,IG-1014,2025-02-03,502
D03,IG-1014,2025-02-10,591
D03,IG-1014,2025-02-17,540
D03,IG-1014,2025-02-24,497
D03,IG-1014,2025-03-03,519
D03,IG-1014,2025-03-10,454
D03,IG-1014,2025-03-17,429
D03,IG-1014,2025-03-24,449
D03,IG-1014,2025-03-31,398
D03,IG-1014,2025-04-07,355
D03,IG-1014,2025-04-14,336
D03,IG-1014,2025-04-21,331
D03,IG-1014,2025-04-28,338
D03,IG-1014,2025-05-05,311
D03,IG-1014,2025-05-12,275
D03,IG-1014,2025-05-19,223
D03,IG-1014,2025-05-26,299
D03,IG-1014,2025-06-02,253
D03,IG-1014,2025-06-09,273
D03,IG-1014,2025-06-16,407
D03,IG-1014,2025-06-23,422
D03,IG-1014,2025-06-30,504
D03,IG-1014,2025-07-07,475
D03,IG-1014,2025-07-14,429
D03,IG-1014,2025-07-21,491
D03,IG-1014,2025-07-28,548
D03,IG-1014,2025-08-04,602
D03,IG-1014,2025-08-11,564
D03,IG-1014,2025-08-18,560
D03,IG-1014,2025-08-25,638
D03,IG-1014,2025-09-01,762
D03,IG-1014,2025-09-08,812
D03,IG-1014,2025-09-15,815
D03,IG-1014,2025-09-22,783
D03,IG-1014,2025-09-29,858
D03,IG-1014,2025-10-06,880
D03,IG-1014,2025-10-13,843
D03,IG-1014,2025-10-20,816
D03,IG-1014,2025-10-27,792
D03,IG-1014,2025-11-03,758
D03,IG-1014,2025-11-10,733
D03,IG-1014,2025-11-17,724
D03,IG-1014,2025-11-24,689
D03,IG-1014,2025-12-01,650
D03,IG-1014,2025-12-08,625
D03,IG-1014,2025-12-15,589
D03,IG-1014,2025-12-22,565
D03,IG-1014,2025-12-29,527
D03,IG-1014,2026-01-05,507
D03,IG-1014,2026-01-12,480
D03,IG-1014,2026-01-19,477
D03,IG-1014,2026-01-26,491
D03,IG-1014,2026-02-02,467
D03,IG-1014,2026-02-09,437
D03,IG-1014,2026-02-16,430
D03,IG-1014,2026-02-23,413
D03,IG-1014,2026-03-02,381
D03,IG-1014,2026-03-09,355
D03,IG-1014,2026-03-16,353
D03,IG-1014,2026-03-23,357
D03,IG-1014,2026-03-30,330
D03,IG-1014,2026-04-06,356
D03,IG-1014,2026-04-13,322
D03,IG-1014,2026-04-20,338
D03,IG-1014,2026-04-27,301
D03,IG-1014,2026-05-04,298
D03,IG-1014,2026-05-11,308
D03,IG-1014,2026-05-18,278
D03,IG-1014,2026-05-25,321
D03,IG-1014,2026-06-01,296
D03,IG-1014,2026-06-08,263
D03,IG-1014,2026-06-15,229
D03,IG-1014,2026-06-22,217
D03,SC-1018,2024-01-01,1762
D03,SC-1018,2024-01-08,1810
D03,SC-1018,2024-01-15,1814
D03,SC-1018,2024-01-22,1835
D03,SC-1018,2024-01-29,1870
D03,SC-1018,2024-02-05,1885
D03,SC-1018,2024-02-12,1914
D03,SC-1018,2024-02-19,1866
D03,SC-1018,2024-02-26,1934
D03,SC-1018,2024-03-04,1960
D03,SC-1018,2024-03-11,1982
D03,SC-1018,2024-03-18,1999
D03,SC-1018,2024-03-25,1977
D03,SC-1018,2024-04-01,1897
D03,SC-1018,2024-04-08,1888
D03,SC-1018,2024-04-15,1885
D03,SC-1018,2024-04-22,1760
D03,SC-1018,2024-04-29,1763
D03,SC-1018,2024-05-06,1950
D03,SC-1018,2024-05-13,1950
D03,SC-1018,2024-05-20,1772
D03,SC-1018,2024-05-27,1509
D03,SC-1018,2024-06-03,1523
D03,SC-1018,2024-06-10,1329
D03,SC-1018,2024-06-17,1244
D03,SC-1018,2024-06-24,1221
D03,SC-1018,2024-07-01,1375
D03,SC-1018,2024-07-08,1661
D03,SC-1018,2024-07-15,1434
D03,SC-1018,2024-07-22,1332
D03,SC-1018,2024-07-29,1250
D03,SC-1018,2024-08-05,1245
D03,SC-1018,2024-08-12,1421
D03,SC-1018,2024-08-19,1416
D03,SC-1018,2024-08-26,1565
D03,SC-1018,2024-09-02,1390
D03,SC-1018,2024-09-09,1706
D03,SC-1018,2024-09-16,1810
D03,SC-1018,2024-09-23,1947
D03,SC-1018,2024-09-30,2078
D03,SC-1018,2024-10-07,1890
D03,SC-1018,2024-10-14,2176
D03,SC-1018,2024-10-21,2085
D03,SC-1018,2024-10-28,2100
D03,SC-1018,2024-11-04,1879
D03,SC-1018,2024-11-11,2006
D03,SC-1018,2024-11-18,1892
D03,SC-1018,2024-11-25,2191
D03,SC-1018,2024-12-02,2277
D03,SC-1018,2024-12-09,2102
D03,SC-1018,2024-12-16,2298
D03,SC-1018,2024-12-23,2308
D03,SC-1018,2024-12-30,2122
D03,SC-1018,2025-01-06,2487
D03,SC-1018,2025-01-13,2277
D03,SC-1018,2025-01-20,2093
D03,SC-1018,2025-01-27,2348
D03,SC-1018,2025-02-03,2405
D03,SC-1018,2025-02-10,2295
D03,SC-1018,2025-02-17,2120
D03,SC-1018,2025-02-24,1994
D03,SC-1018,2025-03-03,2210
D03,SC-1018,2025-03-10,2180
D03,SC-1018,2025-03-17,2141
D03,SC-1018,2025-03-24,1910
D03,SC-1018,2025-03-31,1967
D03,SC-1018,2025-04-07,2149
D03,SC-1018,2025-04-14,2248
D03,SC-1018,2025-04-21,2016
D03,SC-1018,2025-04-28,1793
D03,SC-1018,2025-05-05,1568
D03,SC-1018,2025-05-12,1400
D03,SC-1018,2025-05-19,1224
D03,SC-1018,2025-05-26,1002
D03,SC-1018,2025-06-02,838
D03,SC-1018,2025-06-09,855
D03,SC-1018,2025-06-16,855
D03,SC-1018,2025-06-23,872
D03,SC-1018,2025-06-30,1101
D03,SC-1018,2025-07-07,1261
D03,SC-1018,2025-07-14,1161
D03,SC-1018,2025-07-21,1416
D03,SC-1018,2025-07-28,1518
D03,SC-1018,2025-08-04,1352
D03,SC-1018,2025-08-11,1142
D03,SC-1018,2025-08-18,1006
D03,SC-1018,2025-08-25,853
D03,SC-1018,2025-09-01,683
D03,SC-1018,2025-09-08,1183
D03,SC-1018,2025-09-15,1127
D03,SC-1018,2025-09-22,1189
D03,SC-1018,2025-09-29,1886
D03,SC-1018,2025-10-06,2070
D03,SC-1018,2025-10-13,1929
D03,SC-1018,2025-10-20,1797
D03,SC-1018,2025-10-27,2009
D03,SC-1018,2025-11-03,2637
D03,SC-1018,2025-11-10,3067
D03,SC-1018,2025-11-17,2935
D03,SC-1018,2025-11-24,2783
D03,SC-1018,2025-12-01,2644
D03,SC-1018,2025-12-08,2477
D03,SC-1018,2025-12-15,2436
D03,SC-1018,2025-12-22,2404
D03,SC-1018,2025-12-29,2232
D03,SC-1018,2026-01-05,2764
D03,SC-1018,2026-01-12,2773
D03,SC-1018,2026-01-19,2809
D03,SC-1018,2026-01-26,2661
D03,SC-1018,2026-02-02,2592
D03,SC-1018,2026-02-09,2474
D03,SC-1018,2026-02-16,2365
D03,SC-1018,2026-02-23,2198
D03,SC-1018,2026-03-02,2086
D03,SC-1018,2026-03-09,1937
D03,SC-1018,2026-03-16,1828
D03,SC-1018,2026-03-23,1632
D03,SC-1018,2026-03-30,1723
D03,SC-1018,2026-04-06,1588
D03,SC-1018,2026-04-13,1428
D03,SC-1018,2026-04-20,1307
D03,SC-1018,2026-04-27,1160
D03,SC-1018,2026-05-04,1029
D03,SC-1018,2026-05-11,985
D03,SC-1018,2026-05-18,1023
D03,SC-1018,2026-05-25,894
D03,SC-1018,2026-06-01,772
D03,SC-1018,2026-06-08,926
D03,SC-1018,2026-06-15,792
D03,SC-1018,2026-06-22,670
D03,PW-1032,2024-01-01,14753
D03,PW-1032,2024-01-08,14244
D03,PW-1032,2024-01-15,15006
D03,PW-1032,2024-01-22,15139
D03,PW-1032,2024-01-29,15461
D03,PW-1032,2024-02-05,15599
D03,PW-1032,2024-02-12,15588
D03,PW-1032,2024-02-19,15191
D03,PW-1032,2024-02-26,14624
D03,PW-1032,2024-03-04,14646
D03,PW-1032,2024-03-11,12912
D03,PW-1032,2024-03-18,13312
D03,PW-1032,2024-03-25,13657
D03,PW-1032,2024-04-01,14128
D03,PW-1032,2024-04-08,13759
D03,PW-1032,2024-04-15,13284
D03,PW-1032,2024-04-22,11652
D03,PW-1032,2024-04-29,10715
D03,PW-1032,2024-05-06,10435
D03,PW-1032,2024-05-13,11751
D03,PW-1032,2024-05-20,11002
D03,PW-1032,2024-05-27,11397
D03,PW-1032,2024-06-03,12270
D03,PW-1032,2024-06-10,13266
D03,PW-1032,2024-06-17,13544
D03,PW-1032,2024-06-24,13819
D03,PW-1032,2024-07-01,15375
D03,PW-1032,2024-07-08,14621
D03,PW-1032,2024-07-15,15135
D03,PW-1032,2024-07-22,16542
D03,PW-1032,2024-07-29,16029
D03,PW-1032,2024-08-05,17400
D03,PW-1032,2024-08-12,17711
D03,PW-1032,2024-08-19,18080
D03,PW-1032,2024-08-26,17516
D03,PW-1032,2024-09-02,18798
D03,PW-1032,2024-09-09,18774
D03,PW-1032,2024-09-16,18617
D03,PW-1032,2024-09-23,18082
D03,PW-1032,2024-09-30,17806
D03,PW-1032,2024-10-07,17559
D03,PW-1032,2024-10-14,17169
D03,PW-1032,2024-10-21,20067
D03,PW-1032,2024-10-28,20154
D03,PW-1032,2024-11-04,19149
D03,PW-1032,2024-11-11,18050
D03,PW-1032,2024-11-18,17824
D03,PW-1032,2024-11-25,17363
D03,PW-1032,2024-12-02,16525
D03,PW-1032,2024-12-09,15202
D03,PW-1032,2024-12-16,13921
D03,PW-1032,2024-12-23,12508
D03,PW-1032,2024-12-30,14151
D03,PW-1032,2025-01-06,15913
D03,PW-1032,2025-01-13,15389
D03,PW-1032,2025-01-20,15126
D03,PW-1032,2025-01-27,16383
D03,PW-1032,2025-02-03,16367
D03,PW-1032,2025-02-10,16382
D03,PW-1032,2025-02-17,15383
D03,PW-1032,2025-02-24,15010
D03,PW-1032,2025-03-03,12894
D03,PW-1032,2025-03-10,11572
D03,PW-1032,2025-03-17,11441
D03,PW-1032,2025-03-24,11261
D03,PW-1032,2025-03-31,11498
D03,PW-1032,2025-04-07,14731
D03,PW-1032,2025-04-14,14708
D03,PW-1032,2025-04-21,15500
D03,PW-1032,2025-04-28,14084
D03,PW-1032,2025-05-05,11847
D03,PW-1032,2025-05-12,11004
D03,PW-1032,2025-05-19,12057
D03,PW-1032,2025-05-26,16492
D03,PW-1032,2025-06-02,14321
D03,PW-1032,2025-06-09,13207
D03,PW-1032,2025-06-16,11008
D03,PW-1032,2025-06-23,12302
D03,PW-1032,2025-06-30,12213
D03,PW-1032,2025-07-07,12837
D03,PW-1032,2025-07-14,13390
D03,PW-1032,2025-07-21,15100
D03,PW-1032,2025-07-28,15386
D03,PW-1032,2025-08-04,18520
D03,PW-1032,2025-08-11,18566
D03,PW-1032,2025-08-18,20645
D03,PW-1032,2025-08-25,20952
D03,PW-1032,2025-09-01,21325
D03,PW-1032,2025-09-08,25488
D03,PW-1032,2025-09-15,23489
D03,PW-1032,2025-09-22,21820
D03,PW-1032,2025-09-29,20185
D03,PW-1032,2025-10-06,19349
D03,PW-1032,2025-10-13,19558
D03,PW-1032,2025-10-20,19422
D03,PW-1032,2025-10-27,18647
D03,PW-1032,2025-11-03,16945
D03,PW-1032,2025-11-10,16129
D03,PW-1032,2025-11-17,16304
D03,PW-1032,2025-11-24,14537
D03,PW-1032,2025-12-01,15661
D03,PW-1032,2025-12-08,15720
D03,PW-1032,2025-12-15,14748
D03,PW-1032,2025-12-22,15684
D03,PW-1032,2025-12-29,16184
D03,PW-1032,2026-01-05,14647
D03,PW-1032,2026-01-12,15123
D03,PW-1032,2026-01-19,15686
D03,PW-1032,2026-01-26,14389
D03,PW-1032,2026-02-02,14296
D03,PW-1032,2026-02-09,16980
D03,PW-1032,2026-02-16,19064
D03,PW-1032,2026-02-23,18272
D03,PW-1032,2026-03-02,18029
D03,PW-1032,2026-03-09,18628
D03,PW-1032,2026-03-16,19427
D03,PW-1032,2026-03-23,18778
D03,PW-1032,2026-03-30,18476
D03,PW-1032,2026-04-06,16805
D03,PW-1032,2026-04-13,14856
D03,PW-1032,2026-04-20,13614
D03,PW-1032,2026-04-27,14736
D03,PW-1032,2026-05-04,14091
D03,PW-1032,2026-05-11,15258
D03,PW-1032,2026-05-18,14962
D03,PW-1032,2026-05-25,14279
D03,PW-1032,2026-06-01,12982
D03,PW-1032,2026-06-08,10736
D03,PW-1032,2026-06-15,14055
D03,PW-1032,2026-06-22,14347
D03,IG-1008,2024-01-01,375
D03,IG-1008,2024-01-08,335
D03,IG-1008,2024-01-15,377
D03,IG-1008,2024-01-22,347
D03,IG-1008,2024-01-29,346
D03,IG-1008,2024-02-05,354
D03,IG-1008,2024-02-12,396
D03,IG-1008,2024-02-19,401
D03,IG-1008,2024-02-26,396
D03,IG-1008,2024-03-04,394
D03,IG-1008,2024-03-11,399
D03,IG-1008,2024-03-18,402
D03,IG-1008,2024-03-25,378
D03,IG-1008,2024-04-01,385
D03,IG-1008,2024-04-08,388
D03,IG-1008,2024-04-15,391
D03,IG-1008,2024-04-22,357
D03,IG-1008,2024-04-29,351
D03,IG-1008,2024-05-06,349
D03,IG-1008,2024-05-13,314
D03,IG-1008,2024-05-20,330
D03,IG-1008,2024-05-27,300
D03,IG-1008,2024-06-03,291
D03,IG-1008,2024-06-10,275
D03,IG-1008,2024-06-17,274
D03,IG-1008,2024-06-24,295
D03,IG-1008,2024-07-01,269
D03,IG-1008,2024-07-08,339
D03,IG-1008,2024-07-15,426
D03,IG-1008,2024-07-22,421
D03,IG-1008,2024-07-29,413
D03,IG-1008,2024-08-05,412
D03,IG-1008,2024-08-12,372
D03,IG-1008,2024-08-19,350
D03,IG-1008,2024-08-26,362
D03,IG-1008,2024-09-02,390
D03,IG-1008,2024-09-09,347
D03,IG-1008,2024-09-16,309
D03,IG-1008,2024-09-23,312
D03,IG-1008,2024-09-30,279
D03,IG-1008,2024-10-07,367
D03,IG-1008,2024-10-14,386
D03,IG-1008,2024-10-21,367
D03,IG-1008,2024-10-28,380
D03,IG-1008,2024-11-04,452
D03,IG-1008,2024-11-11,466
D03,IG-1008,2024-11-18,467
D03,IG-1008,2024-11-25,476
D03,IG-1008,2024-12-02,440
D03,IG-1008,2024-12-09,451
D03,IG-1008,2024-12-16,508
D03,IG-1008,2024-12-23,489
D03,IG-1008,2024-12-30,453
D03,IG-1008,2025-01-06,420
D03,IG-1008,2025-01-13,449
D03,IG-1008,2025-01-20,456
D03,IG-1008,2025-01-27,410
D03,IG-1008,2025-02-03,371
D03,IG-1008,2025-02-10,351
D03,IG-1008,2025-02-17,371
D03,IG-1008,2025-02-24,391
D03,IG-1008,2025-03-03,402
D03,IG-1008,2025-03-10,379
D03,IG-1008,2025-03-17,397
D03,IG-1008,2025-03-24,413
D03,IG-1008,2025-03-31,432
D03,IG-1008,2025-04-07,388
D03,IG-1008,2025-04-14,364
D03,IG-1008,2025-04-21,306
D03,IG-1008,2025-04-28,269
D03,IG-1008,2025-05-05,383
D03,IG-1008,2025-05-12,347
D03,IG-1008,2025-05-19,362
D03,IG-1008,2025-05-26,352
D03,IG-1008,2025-06-02,318
D03,IG-1008,2025-06-09,315
D03,IG-1008,2025-06-16,364
D03,IG-1008,2025-06-23,354
D03,IG-1008,2025-06-30,320
D03,IG-1008,2025-07-07,358
D03,IG-1008,2025-07-14,359
D03,IG-1008,2025-07-21,363
D03,IG-1008,2025-07-28,462
D03,IG-1008,2025-08-04,450
D03,IG-1008,2025-08-11,500
D03,IG-1008,2025-08-18,487
D03,IG-1008,2025-08-25,507
D03,IG-1008,2025-09-01,471
D03,IG-1008,2025-09-08,530
D03,IG-1008,2025-09-15,536
D03,IG-1008,2025-09-22,604
D03,IG-1008,2025-09-29,646
D03,IG-1008,2025-10-06,657
D03,IG-1008,2025-10-13,667
D03,IG-1008,2025-10-20,757
D03,IG-1008,2025-10-27,726
D03,IG-1008,2025-11-03,701
D03,IG-1008,2025-11-10,670
D03,IG-1008,2025-11-17,648
D03,IG-1008,2025-11-24,626
D03,IG-1008,2025-12-01,586
D03,IG-1008,2025-12-08,559
D03,IG-1008,2025-12-15,524
D03,IG-1008,2025-12-22,499
D03,IG-1008,2025-12-29,478
D03,IG-1008,2026-01-05,454
D03,IG-1008,2026-01-12,532
D03,IG-1008,2026-01-19,530
D03,IG-1008,2026-01-26,493
D03,IG-1008,2026-02-02,464
D03,IG-1008,2026-02-09,445
D03,IG-1008,2026-02-16,441
D03,IG-1008,2026-02-23,416
D03,IG-1008,2026-03-02,396
D03,IG-1008,2026-03-09,362
D03,IG-1008,2026-03-16,343
D03,IG-1008,2026-03-23,312
D03,IG-1008,2026-03-30,286
D03,IG-1008,2026-04-06,287
D03,IG-1008,2026-04-13,268
D03,IG-1008,2026-04-20,240
D03,IG-1008,2026-04-27,216
D03,IG-1008,2026-05-04,298
D03,IG-1008,2026-05-11,284
D03,IG-1008,2026-05-18,275
D03,IG-1008,2026-05-25,244
D03,IG-1008,2026-06-01,219
D03,IG-1008,2026-06-08,212
D03,IG-1008,2026-06-15,277
D03,IG-1008,2026-06-22,299
D03,LD-1039,2024-01-01,23271
D03,LD-1039,2024-01-08,22541
D03,LD-1039,2024-01-15,22463
D03,LD-1039,2024-01-22,21860
D03,LD-1039,2024-01-29,21307
D03,LD-1039,2024-02-05,20763
D03,LD-1039,2024-02-12,20527
D03,LD-1039,2024-02-19,20654
D03,LD-1039,2024-02-26,21453
D03,LD-1039,2024-03-04,23274
D03,LD-1039,2024-03-11,22003
D03,LD-1039,2024-03-18,24066
D03,LD-1039,2024-03-25,24814
D03,LD-1039,2024-04-01,26284
D03,LD-1039,2024-04-08,24997
D03,LD-1039,2024-04-15,23540
D03,LD-1039,2024-04-22,25380
D03,LD-1039,2024-04-29,24033
D03,LD-1039,2024-05-06,24514
D03,LD-1039,2024-05-13,21639
D03,LD-1039,2024-05-20,20736
D03,LD-1039,2024-05-27,18134
D03,LD-1039,2024-06-03,16655
D03,LD-1039,2024-06-10,18028
D03,LD-1039,2024-06-17,16767
D03,LD-1039,2024-06-24,17087
D03,LD-1039,2024-07-01,17509
D03,LD-1039,2024-07-08,19608
D03,LD-1039,2024-07-15,21132
D03,LD-1039,2024-07-22,23982
D03,LD-1039,2024-07-29,24380
D03,LD-1039,2024-08-05,24906
D03,LD-1039,2024-08-12,28591
D03,LD-1039,2024-08-19,29018
D03,LD-1039,2024-08-26,30227
D03,LD-1039,2024-09-02,31080
D03,LD-1039,2024-09-09,30058
D03,LD-1039,2024-09-16,30025
D03,LD-1039,2024-09-23,29814
D03,LD-1039,2024-09-30,30859
D03,LD-1039,2024-10-07,28004
D03,LD-1039,2024-10-14,27648
D03,LD-1039,2024-10-21,25709
D03,LD-1039,2024-10-28,25039
D03,LD-1039,2024-11-04,24065
D03,LD-1039,2024-11-11,23026
D03,LD-1039,2024-11-18,23086
D03,LD-1039,2024-11-25,19971
D03,LD-1039,2024-12-02,23314
D03,LD-1039,2024-12-09,22176
D03,LD-1039,2024-12-16,23094
D03,LD-1039,2024-12-23,21045
D03,LD-1039,2024-12-30,21450
D03,LD-1039,2025-01-06,20320
D03,LD-1039,2025-01-13,20107
D03,LD-1039,2025-01-20,23695
D03,LD-1039,2025-01-27,21347
D03,LD-1039,2025-02-03,19704
D03,LD-1039,2025-02-10,18070
D03,LD-1039,2025-02-17,18907
D03,LD-1039,2025-02-24,16613
D03,LD-1039,2025-03-03,17935
D03,LD-1039,2025-03-10,19081
D03,LD-1039,2025-03-17,17721
D03,LD-1039,2025-03-24,19712
D03,LD-1039,2025-03-31,21489
D03,LD-1039,2025-04-07,18261
D03,LD-1039,2025-04-14,18477
D03,LD-1039,2025-04-21,23543
D03,LD-1039,2025-04-28,25364
D03,LD-1039,2025-05-05,23905
D03,LD-1039,2025-05-12,23532
D03,LD-1039,2025-05-19,20933
D03,LD-1039,2025-05-26,20720
D03,LD-1039,2025-06-02,25364
D03,LD-1039,2025-06-09,27150
D03,LD-1039,2025-06-16,24794
D03,LD-1039,2025-06-23,22032
D03,LD-1039,2025-06-30,23440
D03,LD-1039,2025-07-07,24217
D03,LD-1039,2025-07-14,25304
D03,LD-1039,2025-07-21,24437
D03,LD-1039,2025-07-28,22008
D03,LD-1039,2025-08-04,20689
D03,LD-1039,2025-08-11,20573
D03,LD-1039,2025-08-18,21555
D03,LD-1039,2025-08-25,22682
D03,LD-1039,2025-09-01,21896
D03,LD-1039,2025-09-08,22910
D03,LD-1039,2025-09-15,24389
D03,LD-1039,2025-09-22,25280
D03,LD-1039,2025-09-29,25152
D03,LD-1039,2025-10-06,27282
D03,LD-1039,2025-10-13,28787
D03,LD-1039,2025-10-20,26416
D03,LD-1039,2025-10-27,27339
D03,LD-1039,2025-11-03,26487
D03,LD-1039,2025-11-10,26373
D03,LD-1039,2025-11-17,27177
D03,LD-1039,2025-11-24,27117
D03,LD-1039,2025-12-01,25506
D03,LD-1039,2025-12-08,25039
D03,LD-1039,2025-12-15,28142
D03,LD-1039,2025-12-22,30247
D03,LD-1039,2025-12-29,28225
D03,LD-1039,2026-01-05,26155
D03,LD-1039,2026-01-12,27039
D03,LD-1039,2026-01-19,26534
D03,LD-1039,2026-01-26,23931
D03,LD-1039,2026-02-02,22813
D03,LD-1039,2026-02-09,20783
D03,LD-1039,2026-02-16,19585
D03,LD-1039,2026-02-23,18607
D03,LD-1039,2026-03-02,18332
D03,LD-1039,2026-03-09,18331
D03,LD-1039,2026-03-16,17127
D03,LD-1039,2026-03-23,19731
D03,LD-1039,2026-03-30,18544
D03,LD-1039,2026-04-06,19884
D03,LD-1039,2026-04-13,18880
D03,LD-1039,2026-04-20,20697
D03,LD-1039,2026-04-27,18092
D03,LD-1039,2026-05-04,20584
D03,LD-1039,2026-05-11,19693
D03,LD-1039,2026-05-18,20047
D03,LD-1039,2026-05-25,22237
D03,LD-1039,2026-06-01,23943
D03,LD-1039,2026-06-08,22853
D03,LD-1039,2026-06-15,23930
D03,LD-1039,2026-06-22,24644
D03,PW-1034,2024-01-01,4078
D03,PW-1034,2024-01-08,4291
D03,PW-1034,2024-01-15,4460
D03,PW-1034,2024-01-22,4521
D03,PW-1034,2024-01-29,4629
D03,PW-1034,2024-02-05,4700
D03,PW-1034,2024-02-12,4882
D03,PW-1034,2024-02-19,4987
D03,PW-1034,2024-02-26,4963
D03,PW-1034,2024-03-04,5101
D03,PW-1034,2024-03-11,5225
D03,PW-1034,2024-03-18,5279
D03,PW-1034,2024-03-25,4918
D03,PW-1034,2024-04-01,4452
D03,PW-1034,2024-04-08,4129
D03,PW-1034,2024-04-15,3833
D03,PW-1034,2024-04-22,3631
D03,PW-1034,2024-04-29,3756
D03,PW-1034,2024-05-06,3354
D03,PW-1034,2024-05-13,3352
D03,PW-1034,2024-05-20,3616
D03,PW-1034,2024-05-27,3996
D03,PW-1034,2024-06-03,4013
D03,PW-1034,2024-06-10,4085
D03,PW-1034,2024-06-17,3859
D03,PW-1034,2024-06-24,3912
D03,PW-1034,2024-07-01,3804
D03,PW-1034,2024-07-08,3403
D03,PW-1034,2024-07-15,3343
D03,PW-1034,2024-07-22,3386
D03,PW-1034,2024-07-29,3417
D03,PW-1034,2024-08-05,3772
D03,PW-1034,2024-08-12,4092
D03,PW-1034,2024-08-19,3718
D03,PW-1034,2024-08-26,3697
D03,PW-1034,2024-09-02,4595
D03,PW-1034,2024-09-09,4690
D03,PW-1034,2024-09-16,4344
D03,PW-1034,2024-09-23,4161
D03,PW-1034,2024-09-30,3677
D03,PW-1034,2024-10-07,4126
D03,PW-1034,2024-10-14,4175
D03,PW-1034,2024-10-21,3656
D03,PW-1034,2024-10-28,3495
D03,PW-1034,2024-11-04,3631
D03,PW-1034,2024-11-11,3733
D03,PW-1034,2024-11-18,4365
D03,PW-1034,2024-11-25,4079
D03,PW-1034,2024-12-02,4377
D03,PW-1034,2024-12-09,3920
D03,PW-1034,2024-12-16,3617
D03,PW-1034,2024-12-23,3375
D03,PW-1034,2024-12-30,3479
D03,PW-1034,2025-01-06,3821
D03,PW-1034,2025-01-13,3738
D03,PW-1034,2025-01-20,3869
D03,PW-1034,2025-01-27,3463
D03,PW-1034,2025-02-03,3602
D03,PW-1034,2025-02-10,3779
D03,PW-1034,2025-02-17,4153
D03,PW-1034,2025-02-24,4521
D03,PW-1034,2025-03-03,4622
D03,PW-1034,2025-03-10,4635
D03,PW-1034,2025-03-17,4937
D03,PW-1034,2025-03-24,4908
D03,PW-1034,2025-03-31,4939
D03,PW-1034,2025-04-07,5712
D03,PW-1034,2025-04-14,5264
D03,PW-1034,2025-04-21,4632
D03,PW-1034,2025-04-28,4435
D03,PW-1034,2025-05-05,3884
D03,PW-1034,2025-05-12,3480
D03,PW-1034,2025-05-19,3012
D03,PW-1034,2025-05-26,2853
D03,PW-1034,2025-06-02,2561
D03,PW-1034,2025-06-09,2163
D03,PW-1034,2025-06-16,2743
D03,PW-1034,2025-06-23,3369
D03,PW-1034,2025-06-30,2872
D03,PW-1034,2025-07-07,3152
D03,PW-1034,2025-07-14,3968
D03,PW-1034,2025-07-21,4505
D03,PW-1034,2025-07-28,4657
D03,PW-1034,2025-08-04,4724
D03,PW-1034,2025-08-11,4787
D03,PW-1034,2025-08-18,5518
D03,PW-1034,2025-08-25,5614
D03,PW-1034,2025-09-01,5458
D03,PW-1034,2025-09-08,4994
D03,PW-1034,2025-09-15,5031
D03,PW-1034,2025-09-22,5627
D03,PW-1034,2025-09-29,5641
D03,PW-1034,2025-10-06,5426
D03,PW-1034,2025-10-13,5344
D03,PW-1034,2025-10-20,5345
D03,PW-1034,2025-10-27,5440
D03,PW-1034,2025-11-03,5445
D03,PW-1034,2025-11-10,5098
D03,PW-1034,2025-11-17,4916
D03,PW-1034,2025-11-24,4770
D03,PW-1034,2025-12-01,4735
D03,PW-1034,2025-12-08,4850
D03,PW-1034,2025-12-15,4270
D03,PW-1034,2025-12-22,4361
D03,PW-1034,2025-12-29,4460
D03,PW-1034,2026-01-05,3828
D03,PW-1034,2026-01-12,3857
D03,PW-1034,2026-01-19,3784
D03,PW-1034,2026-01-26,3832
D03,PW-1034,2026-02-02,3380
D03,PW-1034,2026-02-09,3582
D03,PW-1034,2026-02-16,3287
D03,PW-1034,2026-02-23,4536
D03,PW-1034,2026-03-02,4066
D03,PW-1034,2026-03-09,4787
D03,PW-1034,2026-03-16,4795
D03,PW-1034,2026-03-23,4366
D03,PW-1034,2026-03-30,4088
D03,PW-1034,2026-04-06,4098
D03,PW-1034,2026-04-13,5278
D03,PW-1034,2026-04-20,5035
D03,PW-1034,2026-04-27,5052
D03,PW-1034,2026-05-04,4571
D03,PW-1034,2026-05-11,4611
D03,PW-1034,2026-05-18,4122
D03,PW-1034,2026-05-25,3557
D03,PW-1034,2026-06-01,3831
D03,PW-1034,2026-06-08,4384
D03,PW-1034,2026-06-15,4034
D03,PW-1034,2026-06-22,4261
D03,SC-1015,2024-01-01,3938
D03,SC-1015,2024-01-08,3935
D03,SC-1015,2024-01-15,4051
D03,SC-1015,2024-01-22,4337
D03,SC-1015,2024-01-29,4142
D03,SC-1015,2024-02-05,4153
D03,SC-1015,2024-02-12,4648
D03,SC-1015,2024-02-19,4368
D03,SC-1015,2024-02-26,4380
D03,SC-1015,2024-03-04,4309
D03,SC-1015,2024-03-11,4565
D03,SC-1015,2024-03-18,4572
D03,SC-1015,2024-03-25,4596
D03,SC-1015,2024-04-01,4544
D03,SC-1015,2024-04-08,4593
D03,SC-1015,2024-04-15,4667
D03,SC-1015,2024-04-22,4671
D03,SC-1015,2024-04-29,4382
D03,SC-1015,2024-05-06,4389
D03,SC-1015,2024-05-13,4514
D03,SC-1015,2024-05-20,4253
D03,SC-1015,2024-05-27,4160
D03,SC-1015,2024-06-03,3776
D03,SC-1015,2024-06-10,3507
D03,SC-1015,2024-06-17,2992
D03,SC-1015,2024-06-24,3020
D03,SC-1015,2024-07-01,2517
D03,SC-1015,2024-07-08,2922
D03,SC-1015,2024-07-15,3141
D03,SC-1015,2024-07-22,3381
D03,SC-1015,2024-07-29,3486
D03,SC-1015,2024-08-05,3559
D03,SC-1015,2024-08-12,3312
D03,SC-1015,2024-08-19,3707
D03,SC-1015,2024-08-26,3537
D03,SC-1015,2024-09-02,3005
D03,SC-1015,2024-09-09,2734
D03,SC-1015,2024-09-16,2781
D03,SC-1015,2024-09-23,2802
D03,SC-1015,2024-09-30,3137
D03,SC-1015,2024-10-07,3224
D03,SC-1015,2024-10-14,2720
D03,SC-1015,2024-10-21,3419
D03,SC-1015,2024-10-28,4267
D03,SC-1015,2024-11-04,4496
D03,SC-1015,2024-11-11,4269
D03,SC-1015,2024-11-18,4513
D03,SC-1015,2024-11-25,4262
D03,SC-1015,2024-12-02,5052
D03,SC-1015,2024-12-09,5474
D03,SC-1015,2024-12-16,5436
D03,SC-1015,2024-12-23,5167
D03,SC-1015,2024-12-30,5419
D03,SC-1015,2025-01-06,5891
D03,SC-1015,2025-01-13,5808
D03,SC-1015,2025-01-20,5844
D03,SC-1015,2025-01-27,5966
D03,SC-1015,2025-02-03,6224
D03,SC-1015,2025-02-10,6434
D03,SC-1015,2025-02-17,6516
D03,SC-1015,2025-02-24,6493
D03,SC-1015,2025-03-03,5801
D03,SC-1015,2025-03-10,5909
D03,SC-1015,2025-03-17,5261
D03,SC-1015,2025-03-24,5122
D03,SC-1015,2025-03-31,5661
D03,SC-1015,2025-04-07,5401
D03,SC-1015,2025-04-14,4829
D03,SC-1015,2025-04-21,4514
D03,SC-1015,2025-04-28,4650
D03,SC-1015,2025-05-05,4090
D03,SC-1015,2025-05-12,3767
D03,SC-1015,2025-05-19,3176
D03,SC-1015,2025-05-26,2610
D03,SC-1015,2025-06-02,2682
D03,SC-1015,2025-06-09,2509
D03,SC-1015,2025-06-16,2995
D03,SC-1015,2025-06-23,2935
D03,SC-1015,2025-06-30,2965
D03,SC-1015,2025-07-07,3675
D03,SC-1015,2025-07-14,3845
D03,SC-1015,2025-07-21,4958
D03,SC-1015,2025-07-28,4909
D03,SC-1015,2025-08-04,5728
D03,SC-1015,2025-08-11,5584
D03,SC-1015,2025-08-18,6151
D03,SC-1015,2025-08-25,6886
D03,SC-1015,2025-09-01,7056
D03,SC-1015,2025-09-08,6572
D03,SC-1015,2025-09-15,6202
D03,SC-1015,2025-09-22,5888
D03,SC-1015,2025-09-29,6016
D03,SC-1015,2025-10-06,6090
D03,SC-1015,2025-10-13,5935
D03,SC-1015,2025-10-20,6314
D03,SC-1015,2025-10-27,6350
D03,SC-1015,2025-11-03,5934
D03,SC-1015,2025-11-10,7067
D03,SC-1015,2025-11-17,6708
D03,SC-1015,2025-11-24,6312
D03,SC-1015,2025-12-01,6014
D03,SC-1015,2025-12-08,5586
D03,SC-1015,2025-12-15,6035
D03,SC-1015,2025-12-22,5981
D03,SC-1015,2025-12-29,6097
D03,SC-1015,2026-01-05,5783
D03,SC-1015,2026-01-12,5409
D03,SC-1015,2026-01-19,5814
D03,SC-1015,2026-01-26,5514
D03,SC-1015,2026-02-02,5213
D03,SC-1015,2026-02-09,4765
D03,SC-1015,2026-02-16,4379
D03,SC-1015,2026-02-23,4001
D03,SC-1015,2026-03-02,4801
D03,SC-1015,2026-03-09,4433
D03,SC-1015,2026-03-16,4120
D03,SC-1015,2026-03-23,3694
D03,SC-1015,2026-03-30,3298
D03,SC-1015,2026-04-06,3269
D03,SC-1015,2026-04-13,3396
D03,SC-1015,2026-04-20,3569
D03,SC-1015,2026-04-27,3210
D03,SC-1015,2026-05-04,2786
D03,SC-1015,2026-05-11,3174
D03,SC-1015,2026-05-18,3576
D03,SC-1015,2026-05-25,3166
D03,SC-1015,2026-06-01,2859
D03,SC-1015,2026-06-08,2670
D03,SC-1015,2026-06-15,2653
D03,SC-1015,2026-06-22,2424
D03,PW-1031,2024-01-01,10572
D03,PW-1031,2024-01-08,10683
D03,PW-1031,2024-01-15,10956
D03,PW-1031,2024-01-22,10823
D03,PW-1031,2024-01-29,10868
D03,PW-1031,2024-02-05,9907
D03,PW-1031,2024-02-12,9512
D03,PW-1031,2024-02-19,10299
D03,PW-1031,2024-02-26,10268
D03,PW-1031,2024-03-04,10759
D03,PW-1031,2024-03-11,10700
D03,PW-1031,2024-03-18,10617
D03,PW-1031,2024-03-25,9826
D03,PW-1031,2024-04-01,9028
D03,PW-1031,2024-04-08,7718
D03,PW-1031,2024-04-15,7856
D03,PW-1031,2024-04-22,7622
D03,PW-1031,2024-04-29,7200
D03,PW-1031,2024-05-06,6172
D03,PW-1031,2024-05-13,6521
D03,PW-1031,2024-05-20,7081
D03,PW-1031,2024-05-27,7558
D03,PW-1031,2024-06-03,6595
D03,PW-1031,2024-06-10,6523
D03,PW-1031,2024-06-17,6656
D03,PW-1031,2024-06-24,9891
D03,PW-1031,2024-07-01,11292
D03,PW-1031,2024-07-08,10853
D03,PW-1031,2024-07-15,10364
D03,PW-1031,2024-07-22,10730
D03,PW-1031,2024-07-29,10598
D03,PW-1031,2024-08-05,11769
D03,PW-1031,2024-08-12,13344
D03,PW-1031,2024-08-19,13419
D03,PW-1031,2024-08-26,12385
D03,PW-1031,2024-09-02,12320
D03,PW-1031,2024-09-09,12069
D03,PW-1031,2024-09-16,12321
D03,PW-1031,2024-09-23,12376
D03,PW-1031,2024-09-30,11820
D03,PW-1031,2024-10-07,11233
D03,PW-1031,2024-10-14,12095
D03,PW-1031,2024-10-21,12337
D03,PW-1031,2024-10-28,12623
D03,PW-1031,2024-11-04,11598
D03,PW-1031,2024-11-11,12239
D03,PW-1031,2024-11-18,11292
D03,PW-1031,2024-11-25,11588
D03,PW-1031,2024-12-02,10639
D03,PW-1031,2024-12-09,9644
D03,PW-1031,2024-12-16,9793
D03,PW-1031,2024-12-23,9661
D03,PW-1031,2024-12-30,11493
D03,PW-1031,2025-01-06,10440
D03,PW-1031,2025-01-13,11193
D03,PW-1031,2025-01-20,10927
D03,PW-1031,2025-01-27,10996
D03,PW-1031,2025-02-03,11110
D03,PW-1031,2025-02-10,11370
D03,PW-1031,2025-02-17,11482
D03,PW-1031,2025-02-24,11558
D03,PW-1031,2025-03-03,11884
D03,PW-1031,2025-03-10,12410
D03,PW-1031,2025-03-17,12921
D03,PW-1031,2025-03-24,11683
D03,PW-1031,2025-03-31,11134
D03,PW-1031,2025-04-07,10540
D03,PW-1031,2025-04-14,9832
D03,PW-1031,2025-04-21,9793
D03,PW-1031,2025-04-28,9908
D03,PW-1031,2025-05-05,8342
D03,PW-1031,2025-05-12,8378
D03,PW-1031,2025-05-19,8559
D03,PW-1031,2025-05-26,8030
D03,PW-1031,2025-06-02,8230
D03,PW-1031,2025-06-09,6537
D03,PW-1031,2025-06-16,6586
D03,PW-1031,2025-06-23,6063
D03,PW-1031,2025-06-30,8124
D03,PW-1031,2025-07-07,7544
D03,PW-1031,2025-07-14,7695
D03,PW-1031,2025-07-21,9489
D03,PW-1031,2025-07-28,8348
D03,PW-1031,2025-08-04,8044
D03,PW-1031,2025-08-11,8381
D03,PW-1031,2025-08-18,12585
D03,PW-1031,2025-08-25,11471
D03,PW-1031,2025-09-01,12882
D03,PW-1031,2025-09-08,13622
D03,PW-1031,2025-09-15,16239
D03,PW-1031,2025-09-22,16148
D03,PW-1031,2025-09-29,16331
D03,PW-1031,2025-10-06,15900
D03,PW-1031,2025-10-13,14876
D03,PW-1031,2025-10-20,13720
D03,PW-1031,2025-10-27,12802
D03,PW-1031,2025-11-03,11961
D03,PW-1031,2025-11-10,11146
D03,PW-1031,2025-11-17,10883
D03,PW-1031,2025-11-24,9704
D03,PW-1031,2025-12-01,8609
D03,PW-1031,2025-12-08,9308
D03,PW-1031,2025-12-15,11745
D03,PW-1031,2025-12-22,12069
D03,PW-1031,2025-12-29,10875
D03,PW-1031,2026-01-05,10646
D03,PW-1031,2026-01-12,11573
D03,PW-1031,2026-01-19,10800
D03,PW-1031,2026-01-26,11863
D03,PW-1031,2026-02-02,12351
D03,PW-1031,2026-02-09,11308
D03,PW-1031,2026-02-16,10034
D03,PW-1031,2026-02-23,10194
D03,PW-1031,2026-03-02,10664
D03,PW-1031,2026-03-09,11059
D03,PW-1031,2026-03-16,10876
D03,PW-1031,2026-03-23,10711
D03,PW-1031,2026-03-30,9497
D03,PW-1031,2026-04-06,10279
D03,PW-1031,2026-04-13,10711
D03,PW-1031,2026-04-20,10145
D03,PW-1031,2026-04-27,8767
D03,PW-1031,2026-05-04,10794
D03,PW-1031,2026-05-11,11924
D03,PW-1031,2026-05-18,11638
D03,PW-1031,2026-05-25,10633
D03,PW-1031,2026-06-01,10667
D03,PW-1031,2026-06-08,12721
D03,PW-1031,2026-06-15,12549
D03,PW-1031,2026-06-22,12053
D03,LD-1037,2024-01-01,23378
D03,LD-1037,2024-01-08,27697
D03,LD-1037,2024-01-15,27971
D03,LD-1037,2024-01-22,28693
D03,LD-1037,2024-01-29,28808
D03,LD-1037,2024-02-05,29547
D03,LD-1037,2024-02-12,30097
D03,LD-1037,2024-02-19,30091
D03,LD-1037,2024-02-26,27017
D03,LD-1037,2024-03-04,24135
D03,LD-1037,2024-03-11,23197
D03,LD-1037,2024-03-18,23059
D03,LD-1037,2024-03-25,23154
D03,LD-1037,2024-04-01,22779
D03,LD-1037,2024-04-08,21089
D03,LD-1037,2024-04-15,22322
D03,LD-1037,2024-04-22,25515
D03,LD-1037,2024-04-29,28194
D03,LD-1037,2024-05-06,26007
D03,LD-1037,2024-05-13,24468
D03,LD-1037,2024-05-20,24456
D03,LD-1037,2024-05-27,24776
D03,LD-1037,2024-06-03,24082
D03,LD-1037,2024-06-10,22639
D03,LD-1037,2024-06-17,21827
D03,LD-1037,2024-06-24,19285
D03,LD-1037,2024-07-01,22583
D03,LD-1037,2024-07-08,23047
D03,LD-1037,2024-07-15,23741
D03,LD-1037,2024-07-22,20912
D03,LD-1037,2024-07-29,28200
D03,LD-1037,2024-08-05,30536
D03,LD-1037,2024-08-12,34186
D03,LD-1037,2024-08-19,37402
D03,LD-1037,2024-08-26,36933
D03,LD-1037,2024-09-02,36524
D03,LD-1037,2024-09-09,34895
D03,LD-1037,2024-09-16,35384
D03,LD-1037,2024-09-23,34352
D03,LD-1037,2024-09-30,32137
D03,LD-1037,2024-10-07,29462
D03,LD-1037,2024-10-14,28031
D03,LD-1037,2024-10-21,28216
D03,LD-1037,2024-10-28,25538
D03,LD-1037,2024-11-04,26159
D03,LD-1037,2024-11-11,24126
D03,LD-1037,2024-11-18,24980
D03,LD-1037,2024-11-25,22554
D03,LD-1037,2024-12-02,23859
D03,LD-1037,2024-12-09,26345
D03,LD-1037,2024-12-16,23607
D03,LD-1037,2024-12-23,23903
D03,LD-1037,2024-12-30,23081
D03,LD-1037,2025-01-06,21960
D03,LD-1037,2025-01-13,20162
D03,LD-1037,2025-01-20,20650
D03,LD-1037,2025-01-27,19507
D03,LD-1037,2025-02-03,18881
D03,LD-1037,2025-02-10,21244
D03,LD-1037,2025-02-17,21103
D03,LD-1037,2025-02-24,22092
D03,LD-1037,2025-03-03,19802
D03,LD-1037,2025-03-10,21102
D03,LD-1037,2025-03-17,21381
D03,LD-1037,2025-03-24,23666
D03,LD-1037,2025-03-31,24146
D03,LD-1037,2025-04-07,23684
D03,LD-1037,2025-04-14,25242
D03,LD-1037,2025-04-21,24773
D03,LD-1037,2025-04-28,25578
D03,LD-1037,2025-05-05,24995
D03,LD-1037,2025-05-12,24915
D03,LD-1037,2025-05-19,26560
D03,LD-1037,2025-05-26,27084
D03,LD-1037,2025-06-02,29084
D03,LD-1037,2025-06-09,27946
D03,LD-1037,2025-06-16,28678
D03,LD-1037,2025-06-23,27227
D03,LD-1037,2025-06-30,26764
D03,LD-1037,2025-07-07,27879
D03,LD-1037,2025-07-14,26315
D03,LD-1037,2025-07-21,26740
D03,LD-1037,2025-07-28,25920
D03,LD-1037,2025-08-04,24185
D03,LD-1037,2025-08-11,22672
D03,LD-1037,2025-08-18,25327
D03,LD-1037,2025-08-25,24807
D03,LD-1037,2025-09-01,23594
D03,LD-1037,2025-09-08,29990
D03,LD-1037,2025-09-15,30435
D03,LD-1037,2025-09-22,29716
D03,LD-1037,2025-09-29,31027
D03,LD-1037,2025-10-06,29610
D03,LD-1037,2025-10-13,29945
D03,LD-1037,2025-10-20,28252
D03,LD-1037,2025-10-27,25162
D03,LD-1037,2025-11-03,28740
D03,LD-1037,2025-11-10,29619
D03,LD-1037,2025-11-17,29476
D03,LD-1037,2025-11-24,26101
D03,LD-1037,2025-12-01,25319
D03,LD-1037,2025-12-08,24345
D03,LD-1037,2025-12-15,28974
D03,LD-1037,2025-12-22,29817
D03,LD-1037,2025-12-29,29133
D03,LD-1037,2026-01-05,27474
D03,LD-1037,2026-01-12,26262
D03,LD-1037,2026-01-19,26240
D03,LD-1037,2026-01-26,26181
D03,LD-1037,2026-02-02,24989
D03,LD-1037,2026-02-09,22862
D03,LD-1037,2026-02-16,20813
D03,LD-1037,2026-02-23,22163
D03,LD-1037,2026-03-02,22948
D03,LD-1037,2026-03-09,23211
D03,LD-1037,2026-03-16,22749
D03,LD-1037,2026-03-23,22736
D03,LD-1037,2026-03-30,20202
D03,LD-1037,2026-04-06,21518
D03,LD-1037,2026-04-13,20759
D03,LD-1037,2026-04-20,23928
D03,LD-1037,2026-04-27,23519
D03,LD-1037,2026-05-04,21452
D03,LD-1037,2026-05-11,21598
D03,LD-1037,2026-05-18,22276
D03,LD-1037,2026-05-25,23698
D03,LD-1037,2026-06-01,22458
D03,LD-1037,2026-06-08,24598
D03,LD-1037,2026-06-15,26617
D03,LD-1037,2026-06-22,23763
D03,LD-1040,2024-01-01,39306
D03,LD-1040,2024-01-08,39894
D03,LD-1040,2024-01-15,36132
D03,LD-1040,2024-01-22,34723
D03,LD-1040,2024-01-29,38611
D03,LD-1040,2024-02-05,39566
D03,LD-1040,2024-02-12,40093
D03,LD-1040,2024-02-19,40515
D03,LD-1040,2024-02-26,37187
D03,LD-1040,2024-03-04,36468
D03,LD-1040,2024-03-11,36604
D03,LD-1040,2024-03-18,35029
D03,LD-1040,2024-03-25,35822
D03,LD-1040,2024-04-01,40321
D03,LD-1040,2024-04-08,39284
D03,LD-1040,2024-04-15,37345
D03,LD-1040,2024-04-22,37785
D03,LD-1040,2024-04-29,35824
D03,LD-1040,2024-05-06,32544
D03,LD-1040,2024-05-13,35823
D03,LD-1040,2024-05-20,34767
D03,LD-1040,2024-05-27,31504
D03,LD-1040,2024-06-03,33672
D03,LD-1040,2024-06-10,28680
D03,LD-1040,2024-06-17,25992
D03,LD-1040,2024-06-24,34117
D03,LD-1040,2024-07-01,38569
D03,LD-1040,2024-07-08,37583
D03,LD-1040,2024-07-15,40295
D03,LD-1040,2024-07-22,39340
D03,LD-1040,2024-07-29,38535
D03,LD-1040,2024-08-05,40777
D03,LD-1040,2024-08-12,36875
D03,LD-1040,2024-08-19,33592
D03,LD-1040,2024-08-26,32240
D03,LD-1040,2024-09-02,39761
D03,LD-1040,2024-09-09,39212
D03,LD-1040,2024-09-16,38918
D03,LD-1040,2024-09-23,38977
D03,LD-1040,2024-09-30,35320
D03,LD-1040,2024-10-07,33036
D03,LD-1040,2024-10-14,32262
D03,LD-1040,2024-10-21,34230
D03,LD-1040,2024-10-28,36098
D03,LD-1040,2024-11-04,32377
D03,LD-1040,2024-11-11,35708
D03,LD-1040,2024-11-18,43735
D03,LD-1040,2024-11-25,39582
D03,LD-1040,2024-12-02,41339
D03,LD-1040,2024-12-09,40671
D03,LD-1040,2024-12-16,46020
D03,LD-1040,2024-12-23,44168
D03,LD-1040,2024-12-30,41900
D03,LD-1040,2025-01-06,42500
D03,LD-1040,2025-01-13,43097
D03,LD-1040,2025-01-20,40344
D03,LD-1040,2025-01-27,37987
D03,LD-1040,2025-02-03,38361
D03,LD-1040,2025-02-10,36427
D03,LD-1040,2025-02-17,38673
D03,LD-1040,2025-02-24,40963
D03,LD-1040,2025-03-03,40705
D03,LD-1040,2025-03-10,38931
D03,LD-1040,2025-03-17,36198
D03,LD-1040,2025-03-24,34639
D03,LD-1040,2025-03-31,33780
D03,LD-1040,2025-04-07,37848
D03,LD-1040,2025-04-14,32681
D03,LD-1040,2025-04-21,30726
D03,LD-1040,2025-04-28,26813
D03,LD-1040,2025-05-05,29659
D03,LD-1040,2025-05-12,28939
D03,LD-1040,2025-05-19,31768
D03,LD-1040,2025-05-26,32273
D03,LD-1040,2025-06-02,28449
D03,LD-1040,2025-06-09,35800
D03,LD-1040,2025-06-16,39333
D03,LD-1040,2025-06-23,43068
D03,LD-1040,2025-06-30,41323
D03,LD-1040,2025-07-07,42151
D03,LD-1040,2025-07-14,40494
D03,LD-1040,2025-07-21,43067
D03,LD-1040,2025-07-28,45028
D03,LD-1040,2025-08-04,40771
D03,LD-1040,2025-08-11,40271
D03,LD-1040,2025-08-18,38776
D03,LD-1040,2025-08-25,40893
D03,LD-1040,2025-09-01,45288
D03,LD-1040,2025-09-08,46818
D03,LD-1040,2025-09-15,43790
D03,LD-1040,2025-09-22,43858
D03,LD-1040,2025-09-29,46499
D03,LD-1040,2025-10-06,46429
D03,LD-1040,2025-10-13,42621
D03,LD-1040,2025-10-20,39029
D03,LD-1040,2025-10-27,35279
D03,LD-1040,2025-11-03,38759
D03,LD-1040,2025-11-10,44816
D03,LD-1040,2025-11-17,45098
D03,LD-1040,2025-11-24,43247
D03,LD-1040,2025-12-01,45654
D03,LD-1040,2025-12-08,42870
D03,LD-1040,2025-12-15,46309
D03,LD-1040,2025-12-22,42423
D03,LD-1040,2025-12-29,40410
D03,LD-1040,2026-01-05,37599
D03,LD-1040,2026-01-12,38917
D03,LD-1040,2026-01-19,39224
D03,LD-1040,2026-01-26,35911
D03,LD-1040,2026-02-02,32314
D03,LD-1040,2026-02-09,29961
D03,LD-1040,2026-02-16,29659
D03,LD-1040,2026-02-23,28153
D03,LD-1040,2026-03-02,29486
D03,LD-1040,2026-03-09,29189
D03,LD-1040,2026-03-16,31655
D03,LD-1040,2026-03-23,30661
D03,LD-1040,2026-03-30,33290
D03,LD-1040,2026-04-06,33621
D03,LD-1040,2026-04-13,34553
D03,LD-1040,2026-04-20,35325
D03,LD-1040,2026-04-27,34067
D03,LD-1040,2026-05-04,34711
D03,LD-1040,2026-05-11,34697
D03,LD-1040,2026-05-18,32645
D03,LD-1040,2026-05-25,31485
D03,LD-1040,2026-06-01,31349
D03,LD-1040,2026-06-08,33670
D03,LD-1040,2026-06-15,34975
D03,LD-1040,2026-06-22,36966
D03,IS-1026,2024-01-01,1334
D03,IS-1026,2024-01-08,1341
D03,IS-1026,2024-01-15,1370
D03,IS-1026,2024-01-22,1392
D03,IS-1026,2024-01-29,1421
D03,IS-1026,2024-02-05,1422
D03,IS-1026,2024-02-12,1441
D03,IS-1026,2024-02-19,1471
D03,IS-1026,2024-02-26,1500
D03,IS-1026,2024-03-04,1542
D03,IS-1026,2024-03-11,1572
D03,IS-1026,2024-03-18,1564
D03,IS-1026,2024-03-25,1407
D03,IS-1026,2024-04-01,1284
D03,IS-1026,2024-04-08,1219
D03,IS-1026,2024-04-15,1210
D03,IS-1026,2024-04-22,1162
D03,IS-1026,2024-04-29,1258
D03,IS-1026,2024-05-06,1192
D03,IS-1026,2024-05-13,1150
D03,IS-1026,2024-05-20,1117
D03,IS-1026,2024-05-27,971
D03,IS-1026,2024-06-03,948
D03,IS-1026,2024-06-10,1051
D03,IS-1026,2024-06-17,1186
D03,IS-1026,2024-06-24,1096
D03,IS-1026,2024-07-01,1075
D03,IS-1026,2024-07-08,1187
D03,IS-1026,2024-07-15,1291
D03,IS-1026,2024-07-22,1194
D03,IS-1026,2024-07-29,1581
D03,IS-1026,2024-08-05,1555
D03,IS-1026,2024-08-12,1703
D03,IS-1026,2024-08-19,1753
D03,IS-1026,2024-08-26,1664
D03,IS-1026,2024-09-02,1652
D03,IS-1026,2024-09-09,1538
D03,IS-1026,2024-09-16,1747
D03,IS-1026,2024-09-23,1619
D03,IS-1026,2024-09-30,1499
D03,IS-1026,2024-10-07,1383
D03,IS-1026,2024-10-14,1271
D03,IS-1026,2024-10-21,1372
D03,IS-1026,2024-10-28,1292
D03,IS-1026,2024-11-04,1287
D03,IS-1026,2024-11-11,1288
D03,IS-1026,2024-11-18,1268
D03,IS-1026,2024-11-25,1312
D03,IS-1026,2024-12-02,1349
D03,IS-1026,2024-12-09,1397
D03,IS-1026,2024-12-16,1440
D03,IS-1026,2024-12-23,1319
D03,IS-1026,2024-12-30,1192
D03,IS-1026,2025-01-06,1084
D03,IS-1026,2025-01-13,1296
D03,IS-1026,2025-01-20,1473
D03,IS-1026,2025-01-27,1368
D03,IS-1026,2025-02-03,1400
D03,IS-1026,2025-02-10,1389
D03,IS-1026,2025-02-17,1332
D03,IS-1026,2025-02-24,1360
D03,IS-1026,2025-03-03,1294
D03,IS-1026,2025-03-10,1180
D03,IS-1026,2025-03-17,1230
D03,IS-1026,2025-03-24,1317
D03,IS-1026,2025-03-31,1190
D03,IS-1026,2025-04-07,1108
D03,IS-1026,2025-04-14,1154
D03,IS-1026,2025-04-21,1040
D03,IS-1026,2025-04-28,1005
D03,IS-1026,2025-05-05,871
D03,IS-1026,2025-05-12,950
D03,IS-1026,2025-05-19,914
D03,IS-1026,2025-05-26,921
D03,IS-1026,2025-06-02,972
D03,IS-1026,2025-06-09,1021
D03,IS-1026,2025-06-16,1007
D03,IS-1026,2025-06-23,1018
D03,IS-1026,2025-06-30,1108
D03,IS-1026,2025-07-07,1079
D03,IS-1026,2025-07-14,1068
D03,IS-1026,2025-07-21,917
D03,IS-1026,2025-07-28,1104
D03,IS-1026,2025-08-04,1023
D03,IS-1026,2025-08-11,1068
D03,IS-1026,2025-08-18,916
D03,IS-1026,2025-08-25,982
D03,IS-1026,2025-09-01,1296
D03,IS-1026,2025-09-08,1451
D03,IS-1026,2025-09-15,1501
D03,IS-1026,2025-09-22,1423
D03,IS-1026,2025-09-29,1441
D03,IS-1026,2025-10-06,1394
D03,IS-1026,2025-10-13,1385
D03,IS-1026,2025-10-20,1346
D03,IS-1026,2025-10-27,1407
D03,IS-1026,2025-11-03,1433
D03,IS-1026,2025-11-10,1482
D03,IS-1026,2025-11-17,1487
D03,IS-1026,2025-11-24,1523
D03,IS-1026,2025-12-01,1545
D03,IS-1026,2025-12-08,1620
D03,IS-1026,2025-12-15,1471
D03,IS-1026,2025-12-22,1511
D03,IS-1026,2025-12-29,1401
D03,IS-1026,2026-01-05,1384
D03,IS-1026,2026-01-12,1435
D03,IS-1026,2026-01-19,1437
D03,IS-1026,2026-01-26,1372
D03,IS-1026,2026-02-02,1347
D03,IS-1026,2026-02-09,1260
D03,IS-1026,2026-02-16,1200
D03,IS-1026,2026-02-23,1271
D03,IS-1026,2026-03-02,1196
D03,IS-1026,2026-03-09,1199
D03,IS-1026,2026-03-16,1121
D03,IS-1026,2026-03-23,1087
D03,IS-1026,2026-03-30,1123
D03,IS-1026,2026-04-06,1167
D03,IS-1026,2026-04-13,1189
D03,IS-1026,2026-04-20,1123
D03,IS-1026,2026-04-27,1175
D03,IS-1026,2026-05-04,1157
D03,IS-1026,2026-05-11,1146
D03,IS-1026,2026-05-18,1153
D03,IS-1026,2026-05-25,1083
D03,IS-1026,2026-06-01,1249
D03,IS-1026,2026-06-08,1285
D03,IS-1026,2026-06-15,1137
D03,IS-1026,2026-06-22,1028
D03,IS-1023,2024-01-01,4553
D03,IS-1023,2024-01-08,4581
D03,IS-1023,2024-01-15,4607
D03,IS-1023,2024-01-22,4683
D03,IS-1023,2024-01-29,4706
D03,IS-1023,2024-02-05,4803
D03,IS-1023,2024-02-12,4847
D03,IS-1023,2024-02-19,4923
D03,IS-1023,2024-02-26,4782
D03,IS-1023,2024-03-04,4910
D03,IS-1023,2024-03-11,5132
D03,IS-1023,2024-03-18,5086
D03,IS-1023,2024-03-25,4857
D03,IS-1023,2024-04-01,4502
D03,IS-1023,2024-04-08,4590
D03,IS-1023,2024-04-15,4293
D03,IS-1023,2024-04-22,4138
D03,IS-1023,2024-04-29,3706
D03,IS-1023,2024-05-06,3502
D03,IS-1023,2024-05-13,2974
D03,IS-1023,2024-05-20,2897
D03,IS-1023,2024-05-27,2484
D03,IS-1023,2024-06-03,2454
D03,IS-1023,2024-06-10,2826
D03,IS-1023,2024-06-17,2894
D03,IS-1023,2024-06-24,3451
D03,IS-1023,2024-07-01,3234
D03,IS-1023,2024-07-08,3360
D03,IS-1023,2024-07-15,4007
D03,IS-1023,2024-07-22,4418
D03,IS-1023,2024-07-29,4622
D03,IS-1023,2024-08-05,5337
D03,IS-1023,2024-08-12,5210
D03,IS-1023,2024-08-19,4953
D03,IS-1023,2024-08-26,4938
D03,IS-1023,2024-09-02,5090
D03,IS-1023,2024-09-09,5371
D03,IS-1023,2024-09-16,5702
D03,IS-1023,2024-09-23,6169
D03,IS-1023,2024-09-30,5781
D03,IS-1023,2024-10-07,5403
D03,IS-1023,2024-10-14,5601
D03,IS-1023,2024-10-21,5922
D03,IS-1023,2024-10-28,5995
D03,IS-1023,2024-11-04,6113
D03,IS-1023,2024-11-11,5666
D03,IS-1023,2024-11-18,5660
D03,IS-1023,2024-11-25,5115
D03,IS-1023,2024-12-02,4729
D03,IS-1023,2024-12-09,4337
D03,IS-1023,2024-12-16,4171
D03,IS-1023,2024-12-23,3832
D03,IS-1023,2024-12-30,4179
D03,IS-1023,2025-01-06,4391
D03,IS-1023,2025-01-13,4051
D03,IS-1023,2025-01-20,4201
D03,IS-1023,2025-01-27,4429
D03,IS-1023,2025-02-03,4524
D03,IS-1023,2025-02-10,4689
D03,IS-1023,2025-02-17,4282
D03,IS-1023,2025-02-24,4315
D03,IS-1023,2025-03-03,4794
D03,IS-1023,2025-03-10,4963
D03,IS-1023,2025-03-17,5218
D03,IS-1023,2025-03-24,5257
D03,IS-1023,2025-03-31,5254
D03,IS-1023,2025-04-07,4880
D03,IS-1023,2025-04-14,4416
D03,IS-1023,2025-04-21,4297
D03,IS-1023,2025-04-28,3910
D03,IS-1023,2025-05-05,3697
D03,IS-1023,2025-05-12,3347
D03,IS-1023,2025-05-19,3106
D03,IS-1023,2025-05-26,2971
D03,IS-1023,2025-06-02,3272
D03,IS-1023,2025-06-09,3258
D03,IS-1023,2025-06-16,3638
D03,IS-1023,2025-06-23,3595
D03,IS-1023,2025-06-30,3719
D03,IS-1023,2025-07-07,3778
D03,IS-1023,2025-07-14,3431
D03,IS-1023,2025-07-21,4341
D03,IS-1023,2025-07-28,4752
D03,IS-1023,2025-08-04,5042
D03,IS-1023,2025-08-11,4852
D03,IS-1023,2025-08-18,5067
D03,IS-1023,2025-08-25,4940
D03,IS-1023,2025-09-01,5295
D03,IS-1023,2025-09-08,5388
D03,IS-1023,2025-09-15,4868
D03,IS-1023,2025-09-22,4446
D03,IS-1023,2025-09-29,4704
D03,IS-1023,2025-10-06,4592
D03,IS-1023,2025-10-13,4717
D03,IS-1023,2025-10-20,4618
D03,IS-1023,2025-10-27,4518
D03,IS-1023,2025-11-03,5310
D03,IS-1023,2025-11-10,5580
D03,IS-1023,2025-11-17,5210
D03,IS-1023,2025-11-24,4823
D03,IS-1023,2025-12-01,4952
D03,IS-1023,2025-12-08,5197
D03,IS-1023,2025-12-15,5446
D03,IS-1023,2025-12-22,5011
D03,IS-1023,2025-12-29,4606
D03,IS-1023,2026-01-05,4206
D03,IS-1023,2026-01-12,4011
D03,IS-1023,2026-01-19,3848
D03,IS-1023,2026-01-26,3544
D03,IS-1023,2026-02-02,3279
D03,IS-1023,2026-02-09,3672
D03,IS-1023,2026-02-16,3741
D03,IS-1023,2026-02-23,3450
D03,IS-1023,2026-03-02,3103
D03,IS-1023,2026-03-09,3462
D03,IS-1023,2026-03-16,3761
D03,IS-1023,2026-03-23,3521
D03,IS-1023,2026-03-30,3277
D03,IS-1023,2026-04-06,3487
D03,IS-1023,2026-04-13,3532
D03,IS-1023,2026-04-20,4253
D03,IS-1023,2026-04-27,4378
D03,IS-1023,2026-05-04,4247
D03,IS-1023,2026-05-11,3859
D03,IS-1023,2026-05-18,3700
D03,IS-1023,2026-05-25,3311
D03,IS-1023,2026-06-01,3326
D03,IS-1023,2026-06-08,3129
D03,IS-1023,2026-06-15,3098
D03,IS-1023,2026-06-22,3479
D03,PM-1001,2024-01-01,21500
D03,PM-1001,2024-01-08,21634
D03,PM-1001,2024-01-15,20475
D03,PM-1001,2024-01-22,21248
D03,PM-1001,2024-01-29,21156
D03,PM-1001,2024-02-05,20899
D03,PM-1001,2024-02-12,20464
D03,PM-1001,2024-02-19,20351
D03,PM-1001,2024-02-26,20504
D03,PM-1001,2024-03-04,20424
D03,PM-1001,2024-03-11,20693
D03,PM-1001,2024-03-18,19417
D03,PM-1001,2024-03-25,19906
D03,PM-1001,2024-04-01,20185
D03,PM-1001,2024-04-08,20010
D03,PM-1001,2024-04-15,20413
D03,PM-1001,2024-04-22,21600
D03,PM-1001,2024-04-29,21390
D03,PM-1001,2024-05-06,21330
D03,PM-1001,2024-05-13,21901
D03,PM-1001,2024-05-20,20493
D03,PM-1001,2024-05-27,19583
D03,PM-1001,2024-06-03,18582
D03,PM-1001,2024-06-10,17799
D03,PM-1001,2024-06-17,18493
D03,PM-1001,2024-06-24,17978
D03,PM-1001,2024-07-01,18770
D03,PM-1001,2024-07-08,19187
D03,PM-1001,2024-07-15,18300
D03,PM-1001,2024-07-22,17091
D03,PM-1001,2024-07-29,19613
D03,PM-1001,2024-08-05,18537
D03,PM-1001,2024-08-12,20972
D03,PM-1001,2024-08-19,18834
D03,PM-1001,2024-08-26,17770
D03,PM-1001,2024-09-02,20906
D03,PM-1001,2024-09-09,24975
D03,PM-1001,2024-09-16,25993
D03,PM-1001,2024-09-23,26645
D03,PM-1001,2024-09-30,25973
D03,PM-1001,2024-10-07,25621
D03,PM-1001,2024-10-14,25458
D03,PM-1001,2024-10-21,23556
D03,PM-1001,2024-10-28,21966
D03,PM-1001,2024-11-04,24841
D03,PM-1001,2024-11-11,26087
D03,PM-1001,2024-11-18,26834
D03,PM-1001,2024-11-25,25258
D03,PM-1001,2024-12-02,23474
D03,PM-1001,2024-12-09,22395
D03,PM-1001,2024-12-16,20850
D03,PM-1001,2024-12-23,19592
D03,PM-1001,2024-12-30,19424
D03,PM-1001,2025-01-06,17493
D03,PM-1001,2025-01-13,15458
D03,PM-1001,2025-01-20,17184
D03,PM-1001,2025-01-27,22973
D03,PM-1001,2025-02-03,21138
D03,PM-1001,2025-02-10,20639
D03,PM-1001,2025-02-17,20649
D03,PM-1001,2025-02-24,19039
D03,PM-1001,2025-03-03,16091
D03,PM-1001,2025-03-10,14197
D03,PM-1001,2025-03-17,13108
D03,PM-1001,2025-03-24,13788
D03,PM-1001,2025-03-31,13498
D03,PM-1001,2025-04-07,14847
D03,PM-1001,2025-04-14,14340
D03,PM-1001,2025-04-21,13311
D03,PM-1001,2025-04-28,13738
D03,PM-1001,2025-05-05,15014
D03,PM-1001,2025-05-12,18081
D03,PM-1001,2025-05-19,15866
D03,PM-1001,2025-05-26,16599
D03,PM-1001,2025-06-02,15448
D03,PM-1001,2025-06-09,19109
D03,PM-1001,2025-06-16,19301
D03,PM-1001,2025-06-23,22447
D03,PM-1001,2025-06-30,22025
D03,PM-1001,2025-07-07,22790
D03,PM-1001,2025-07-14,20392
D03,PM-1001,2025-07-21,23250
D03,PM-1001,2025-07-28,24688
D03,PM-1001,2025-08-04,23149
D03,PM-1001,2025-08-11,22237
D03,PM-1001,2025-08-18,25584
D03,PM-1001,2025-08-25,26393
D03,PM-1001,2025-09-01,24415
D03,PM-1001,2025-09-08,24063
D03,PM-1001,2025-09-15,24540
D03,PM-1001,2025-09-22,25341
D03,PM-1001,2025-09-29,23922
D03,PM-1001,2025-10-06,24036
D03,PM-1001,2025-10-13,23608
D03,PM-1001,2025-10-20,26725
D03,PM-1001,2025-10-27,26367
D03,PM-1001,2025-11-03,26243
D03,PM-1001,2025-11-10,26021
D03,PM-1001,2025-11-17,24072
D03,PM-1001,2025-11-24,21925
D03,PM-1001,2025-12-01,22053
D03,PM-1001,2025-12-08,20330
D03,PM-1001,2025-12-15,18266
D03,PM-1001,2025-12-22,19974
D03,PM-1001,2025-12-29,18830
D03,PM-1001,2026-01-05,17828
D03,PM-1001,2026-01-12,16721
D03,PM-1001,2026-01-19,14725
D03,PM-1001,2026-01-26,18812
D03,PM-1001,2026-02-02,19153
D03,PM-1001,2026-02-09,20416
D03,PM-1001,2026-02-16,17965
D03,PM-1001,2026-02-23,18615
D03,PM-1001,2026-03-02,20022
D03,PM-1001,2026-03-09,18349
D03,PM-1001,2026-03-16,24665
D03,PM-1001,2026-03-23,23328
D03,PM-1001,2026-03-30,22686
D03,PM-1001,2026-04-06,20008
D03,PM-1001,2026-04-13,19637
D03,PM-1001,2026-04-20,19096
D03,PM-1001,2026-04-27,19974
D03,PM-1001,2026-05-04,18383
D03,PM-1001,2026-05-11,17517
D03,PM-1001,2026-05-18,17092
D03,PM-1001,2026-05-25,15463
D03,PM-1001,2026-06-01,18211
D03,PM-1001,2026-06-08,19335
D03,PM-1001,2026-06-15,21105
D03,PM-1001,2026-06-22,20689
D03,IS-1024,2024-01-01,2593
D03,IS-1024,2024-01-08,2600
D03,IS-1024,2024-01-15,2618
D03,IS-1024,2024-01-22,2619
D03,IS-1024,2024-01-29,2581
D03,IS-1024,2024-02-05,2421
D03,IS-1024,2024-02-12,2455
D03,IS-1024,2024-02-19,2416
D03,IS-1024,2024-02-26,2503
D03,IS-1024,2024-03-04,2539
D03,IS-1024,2024-03-11,2509
D03,IS-1024,2024-03-18,2311
D03,IS-1024,2024-03-25,2273
D03,IS-1024,2024-04-01,2313
D03,IS-1024,2024-04-08,2300
D03,IS-1024,2024-04-15,2231
D03,IS-1024,2024-04-22,2348
D03,IS-1024,2024-04-29,2424
D03,IS-1024,2024-05-06,2281
D03,IS-1024,2024-05-13,2305
D03,IS-1024,2024-05-20,2410
D03,IS-1024,2024-05-27,2163
D03,IS-1024,2024-06-03,2271
D03,IS-1024,2024-06-10,2588
D03,IS-1024,2024-06-17,2365
D03,IS-1024,2024-06-24,2209
D03,IS-1024,2024-07-01,2082
D03,IS-1024,2024-07-08,1974
D03,IS-1024,2024-07-15,2098
D03,IS-1024,2024-07-22,2596
D03,IS-1024,2024-07-29,2446
D03,IS-1024,2024-08-05,2448
D03,IS-1024,2024-08-12,2612
D03,IS-1024,2024-08-19,3205
D03,IS-1024,2024-08-26,3425
D03,IS-1024,2024-09-02,3430
D03,IS-1024,2024-09-09,3575
D03,IS-1024,2024-09-16,3384
D03,IS-1024,2024-09-23,3758
D03,IS-1024,2024-09-30,3802
D03,IS-1024,2024-10-07,3509
D03,IS-1024,2024-10-14,3292
D03,IS-1024,2024-10-21,3224
D03,IS-1024,2024-10-28,3055
D03,IS-1024,2024-11-04,3162
D03,IS-1024,2024-11-11,2842
D03,IS-1024,2024-11-18,2719
D03,IS-1024,2024-11-25,2696
D03,IS-1024,2024-12-02,3005
D03,IS-1024,2024-12-09,2927
D03,IS-1024,2024-12-16,2835
D03,IS-1024,2024-12-23,2717
D03,IS-1024,2024-12-30,2758
D03,IS-1024,2025-01-06,2953
D03,IS-1024,2025-01-13,2923
D03,IS-1024,2025-01-20,3053
D03,IS-1024,2025-01-27,2779
D03,IS-1024,2025-02-03,2829
D03,IS-1024,2025-02-10,2755
D03,IS-1024,2025-02-17,2984
D03,IS-1024,2025-02-24,2799
D03,IS-1024,2025-03-03,2634
D03,IS-1024,2025-03-10,2359
D03,IS-1024,2025-03-17,2117
D03,IS-1024,2025-03-24,2140
D03,IS-1024,2025-03-31,2001
D03,IS-1024,2025-04-07,1778
D03,IS-1024,2025-04-14,1955
D03,IS-1024,2025-04-21,2084
D03,IS-1024,2025-04-28,2119
D03,IS-1024,2025-05-05,1883
D03,IS-1024,2025-05-12,2036
D03,IS-1024,2025-05-19,2317
D03,IS-1024,2025-05-26,2397
D03,IS-1024,2025-06-02,2512
D03,IS-1024,2025-06-09,2800
D03,IS-1024,2025-06-16,2999
D03,IS-1024,2025-06-23,2928
D03,IS-1024,2025-06-30,2707
D03,IS-1024,2025-07-07,2941
D03,IS-1024,2025-07-14,2824
D03,IS-1024,2025-07-21,3027
D03,IS-1024,2025-07-28,2873
D03,IS-1024,2025-08-04,2722
D03,IS-1024,2025-08-11,2713
D03,IS-1024,2025-08-18,2548
D03,IS-1024,2025-08-25,2534
D03,IS-1024,2025-09-01,2348
D03,IS-1024,2025-09-08,2536
D03,IS-1024,2025-09-15,2492
D03,IS-1024,2025-09-22,2545
D03,IS-1024,2025-09-29,2617
D03,IS-1024,2025-10-06,2538
D03,IS-1024,2025-10-13,2611
D03,IS-1024,2025-10-20,2915
D03,IS-1024,2025-10-27,2899
D03,IS-1024,2025-11-03,2684
D03,IS-1024,2025-11-10,2789
D03,IS-1024,2025-11-17,2863
D03,IS-1024,2025-11-24,2634
D03,IS-1024,2025-12-01,2587
D03,IS-1024,2025-12-08,2524
D03,IS-1024,2025-12-15,2491
D03,IS-1024,2025-12-22,2724
D03,IS-1024,2025-12-29,3116
D03,IS-1024,2026-01-05,2860
D03,IS-1024,2026-01-12,2636
D03,IS-1024,2026-01-19,2702
D03,IS-1024,2026-01-26,2614
D03,IS-1024,2026-02-02,2765
D03,IS-1024,2026-02-09,2519
D03,IS-1024,2026-02-16,2312
D03,IS-1024,2026-02-23,2038
D03,IS-1024,2026-03-02,1790
D03,IS-1024,2026-03-09,2049
D03,IS-1024,2026-03-16,2216
D03,IS-1024,2026-03-23,2290
D03,IS-1024,2026-03-30,2301
D03,IS-1024,2026-04-06,2421
D03,IS-1024,2026-04-13,2425
D03,IS-1024,2026-04-20,2314
D03,IS-1024,2026-04-27,2231
D03,IS-1024,2026-05-04,2096
D03,IS-1024,2026-05-11,1826
D03,IS-1024,2026-05-18,1870
D03,IS-1024,2026-05-25,1800
D03,IS-1024,2026-06-01,1875
D03,IS-1024,2026-06-08,1785
D03,IS-1024,2026-06-15,1963
D03,IS-1024,2026-06-22,2287
D03,PM-1002,2024-01-01,20076
D03,PM-1002,2024-01-08,21969
D03,PM-1002,2024-01-15,21756
D03,PM-1002,2024-01-22,22143
D03,PM-1002,2024-01-29,21730
D03,PM-1002,2024-02-05,21374
D03,PM-1002,2024-02-12,21739
D03,PM-1002,2024-02-19,20646
D03,PM-1002,2024-02-26,19468
D03,PM-1002,2024-03-04,20609
D03,PM-1002,2024-03-11,22283
D03,PM-1002,2024-03-18,22328
D03,PM-1002,2024-03-25,22552
D03,PM-1002,2024-04-01,20361
D03,PM-1002,2024-04-08,21137
D03,PM-1002,2024-04-15,20805
D03,PM-1002,2024-04-22,20226
D03,PM-1002,2024-04-29,23211
D03,PM-1002,2024-05-06,23469
D03,PM-1002,2024-05-13,22350
D03,PM-1002,2024-05-20,22414
D03,PM-1002,2024-05-27,22534
D03,PM-1002,2024-06-03,21212
D03,PM-1002,2024-06-10,20326
D03,PM-1002,2024-06-17,22291
D03,PM-1002,2024-06-24,20443
D03,PM-1002,2024-07-01,18222
D03,PM-1002,2024-07-08,18776
D03,PM-1002,2024-07-15,18377
D03,PM-1002,2024-07-22,20190
D03,PM-1002,2024-07-29,18165
D03,PM-1002,2024-08-05,22379
D03,PM-1002,2024-08-12,21275
D03,PM-1002,2024-08-19,22668
D03,PM-1002,2024-08-26,22643
D03,PM-1002,2024-09-02,21842
D03,PM-1002,2024-09-09,21676
D03,PM-1002,2024-09-16,19697
D03,PM-1002,2024-09-23,20302
D03,PM-1002,2024-09-30,21659
D03,PM-1002,2024-10-07,22221
D03,PM-1002,2024-10-14,23477
D03,PM-1002,2024-10-21,24035
D03,PM-1002,2024-10-28,24341
D03,PM-1002,2024-11-04,22796
D03,PM-1002,2024-11-11,23822
D03,PM-1002,2024-11-18,22972
D03,PM-1002,2024-11-25,22239
D03,PM-1002,2024-12-02,21517
D03,PM-1002,2024-12-09,19800
D03,PM-1002,2024-12-16,19696
D03,PM-1002,2024-12-23,17509
D03,PM-1002,2024-12-30,21531
D03,PM-1002,2025-01-06,20622
D03,PM-1002,2025-01-13,17138
D03,PM-1002,2025-01-20,16465
D03,PM-1002,2025-01-27,20892
D03,PM-1002,2025-02-03,21328
D03,PM-1002,2025-02-10,22717
D03,PM-1002,2025-02-17,21865
D03,PM-1002,2025-02-24,20613
D03,PM-1002,2025-03-03,20757
D03,PM-1002,2025-03-10,20441
D03,PM-1002,2025-03-17,19647
D03,PM-1002,2025-03-24,23967
D03,PM-1002,2025-03-31,21709
D03,PM-1002,2025-04-07,20790
D03,PM-1002,2025-04-14,19760
D03,PM-1002,2025-04-21,20862
D03,PM-1002,2025-04-28,19355
D03,PM-1002,2025-05-05,19975
D03,PM-1002,2025-05-12,18893
D03,PM-1002,2025-05-19,16715
D03,PM-1002,2025-05-26,16884
D03,PM-1002,2025-06-02,16920
D03,PM-1002,2025-06-09,15757
D03,PM-1002,2025-06-16,17417
D03,PM-1002,2025-06-23,19699
D03,PM-1002,2025-06-30,19727
D03,PM-1002,2025-07-07,21217
D03,PM-1002,2025-07-14,20996
D03,PM-1002,2025-07-21,22097
D03,PM-1002,2025-07-28,21296
D03,PM-1002,2025-08-04,23014
D03,PM-1002,2025-08-11,21414
D03,PM-1002,2025-08-18,29196
D03,PM-1002,2025-08-25,32649
D03,PM-1002,2025-09-01,32421
D03,PM-1002,2025-09-08,32888
D03,PM-1002,2025-09-15,33026
D03,PM-1002,2025-09-22,35559
D03,PM-1002,2025-09-29,33144
D03,PM-1002,2025-10-06,34076
D03,PM-1002,2025-10-13,32130
D03,PM-1002,2025-10-20,30332
D03,PM-1002,2025-10-27,28485
D03,PM-1002,2025-11-03,26034
D03,PM-1002,2025-11-10,23576
D03,PM-1002,2025-11-17,22417
D03,PM-1002,2025-11-24,20793
D03,PM-1002,2025-12-01,19116
D03,PM-1002,2025-12-08,16927
D03,PM-1002,2025-12-15,22629
D03,PM-1002,2025-12-22,21530
D03,PM-1002,2025-12-29,19914
D03,PM-1002,2026-01-05,20648
D03,PM-1002,2026-01-12,19177
D03,PM-1002,2026-01-19,22976
D03,PM-1002,2026-01-26,23380
D03,PM-1002,2026-02-02,22611
D03,PM-1002,2026-02-09,20075
D03,PM-1002,2026-02-16,19050
D03,PM-1002,2026-02-23,19967
D03,PM-1002,2026-03-02,20367
D03,PM-1002,2026-03-09,19722
D03,PM-1002,2026-03-16,17084
D03,PM-1002,2026-03-23,17939
D03,PM-1002,2026-03-30,16754
D03,PM-1002,2026-04-06,17174
D03,PM-1002,2026-04-13,17511
D03,PM-1002,2026-04-20,18582
D03,PM-1002,2026-04-27,19700
D03,PM-1002,2026-05-04,22018
D03,PM-1002,2026-05-11,22510
D03,PM-1002,2026-05-18,24386
D03,PM-1002,2026-05-25,27088
D03,PM-1002,2026-06-01,26741
D03,PM-1002,2026-06-08,26018
D03,PM-1002,2026-06-15,26462
D03,PM-1002,2026-06-22,25554
D03,SC-1020,2024-01-01,3301
D03,SC-1020,2024-01-08,3289
D03,SC-1020,2024-01-15,3359
D03,SC-1020,2024-01-22,3477
D03,SC-1020,2024-01-29,3495
D03,SC-1020,2024-02-05,3548
D03,SC-1020,2024-02-12,3588
D03,SC-1020,2024-02-19,3647
D03,SC-1020,2024-02-26,3679
D03,SC-1020,2024-03-04,3709
D03,SC-1020,2024-03-11,3713
D03,SC-1020,2024-03-18,3740
D03,SC-1020,2024-03-25,3616
D03,SC-1020,2024-04-01,3569
D03,SC-1020,2024-04-08,3699
D03,SC-1020,2024-04-15,3674
D03,SC-1020,2024-04-22,3647
D03,SC-1020,2024-04-29,3663
D03,SC-1020,2024-05-06,3533
D03,SC-1020,2024-05-13,3354
D03,SC-1020,2024-05-20,3431
D03,SC-1020,2024-05-27,3578
D03,SC-1020,2024-06-03,3268
D03,SC-1020,2024-06-10,2824
D03,SC-1020,2024-06-17,2617
D03,SC-1020,2024-06-24,2405
D03,SC-1020,2024-07-01,2279
D03,SC-1020,2024-07-08,1998
D03,SC-1020,2024-07-15,1644
D03,SC-1020,2024-07-22,1364
D03,SC-1020,2024-07-29,1540
D03,SC-1020,2024-08-05,1767
D03,SC-1020,2024-08-12,1743
D03,SC-1020,2024-08-19,2094
D03,SC-1020,2024-08-26,2295
D03,SC-1020,2024-09-02,2231
D03,SC-1020,2024-09-09,2649
D03,SC-1020,2024-09-16,2707
D03,SC-1020,2024-09-23,3284
D03,SC-1020,2024-09-30,3611
D03,SC-1020,2024-10-07,4169
D03,SC-1020,2024-10-14,3732
D03,SC-1020,2024-10-21,4071
D03,SC-1020,2024-10-28,4341
D03,SC-1020,2024-11-04,4310
D03,SC-1020,2024-11-11,4379
D03,SC-1020,2024-11-18,4063
D03,SC-1020,2024-11-25,3618
D03,SC-1020,2024-12-02,3292
D03,SC-1020,2024-12-09,2771
D03,SC-1020,2024-12-16,3013
D03,SC-1020,2024-12-23,2790
D03,SC-1020,2024-12-30,2787
D03,SC-1020,2025-01-06,3245
D03,SC-1020,2025-01-13,3240
D03,SC-1020,2025-01-20,3939
D03,SC-1020,2025-01-27,3545
D03,SC-1020,2025-02-03,3773
D03,SC-1020,2025-02-10,4003
D03,SC-1020,2025-02-17,4328
D03,SC-1020,2025-02-24,4417
D03,SC-1020,2025-03-03,4274
D03,SC-1020,2025-03-10,4786
D03,SC-1020,2025-03-17,5078
D03,SC-1020,2025-03-24,4714
D03,SC-1020,2025-03-31,4797
D03,SC-1020,2025-04-07,4328
D03,SC-1020,2025-04-14,4363
D03,SC-1020,2025-04-21,3981
D03,SC-1020,2025-04-28,4198
D03,SC-1020,2025-05-05,3703
D03,SC-1020,2025-05-12,3193
D03,SC-1020,2025-05-19,3204
D03,SC-1020,2025-05-26,2825
D03,SC-1020,2025-06-02,2885
D03,SC-1020,2025-06-09,2677
D03,SC-1020,2025-06-16,2471
D03,SC-1020,2025-06-23,1889
D03,SC-1020,2025-06-30,1933
D03,SC-1020,2025-07-07,2264
D03,SC-1020,2025-07-14,2531
D03,SC-1020,2025-07-21,3541
D03,SC-1020,2025-07-28,3530
D03,SC-1020,2025-08-04,3685
D03,SC-1020,2025-08-11,3578
D03,SC-1020,2025-08-18,3253
D03,SC-1020,2025-08-25,2967
D03,SC-1020,2025-09-01,2987
D03,SC-1020,2025-09-08,2611
D03,SC-1020,2025-09-15,2832
D03,SC-1020,2025-09-22,4006
D03,SC-1020,2025-09-29,4629
D03,SC-1020,2025-10-06,4367
D03,SC-1020,2025-10-13,4035
D03,SC-1020,2025-10-20,3705
D03,SC-1020,2025-10-27,3800
D03,SC-1020,2025-11-03,4960
D03,SC-1020,2025-11-10,6558
D03,SC-1020,2025-11-17,6346
D03,SC-1020,2025-11-24,6067
D03,SC-1020,2025-12-01,6955
D03,SC-1020,2025-12-08,6682
D03,SC-1020,2025-12-15,6919
D03,SC-1020,2025-12-22,6683
D03,SC-1020,2025-12-29,6446
D03,SC-1020,2026-01-05,6208
D03,SC-1020,2026-01-12,5943
D03,SC-1020,2026-01-19,6005
D03,SC-1020,2026-01-26,5811
D03,SC-1020,2026-02-02,5523
D03,SC-1020,2026-02-09,5247
D03,SC-1020,2026-02-16,4978
D03,SC-1020,2026-02-23,4756
D03,SC-1020,2026-03-02,4519
D03,SC-1020,2026-03-09,4243
D03,SC-1020,2026-03-16,3987
D03,SC-1020,2026-03-23,3757
D03,SC-1020,2026-03-30,3596
D03,SC-1020,2026-04-06,3371
D03,SC-1020,2026-04-13,3459
D03,SC-1020,2026-04-20,3199
D03,SC-1020,2026-04-27,2985
D03,SC-1020,2026-05-04,2724
D03,SC-1020,2026-05-11,2446
D03,SC-1020,2026-05-18,2206
D03,SC-1020,2026-05-25,1899
D03,SC-1020,2026-06-01,1685
D03,SC-1020,2026-06-08,2023
D03,SC-1020,2026-06-15,1983
D03,SC-1020,2026-06-22,1728
D03,PM-1004,2024-01-01,19465
D03,PM-1004,2024-01-08,20174
D03,PM-1004,2024-01-15,19975
D03,PM-1004,2024-01-22,20118
D03,PM-1004,2024-01-29,20824
D03,PM-1004,2024-02-05,19847
D03,PM-1004,2024-02-12,20996
D03,PM-1004,2024-02-19,21208
D03,PM-1004,2024-02-26,21354
D03,PM-1004,2024-03-04,21411
D03,PM-1004,2024-03-11,21949
D03,PM-1004,2024-03-18,20356
D03,PM-1004,2024-03-25,20725
D03,PM-1004,2024-04-01,20313
D03,PM-1004,2024-04-08,17723
D03,PM-1004,2024-04-15,16882
D03,PM-1004,2024-04-22,15984
D03,PM-1004,2024-04-29,14726
D03,PM-1004,2024-05-06,13383
D03,PM-1004,2024-05-13,14821
D03,PM-1004,2024-05-20,14880
D03,PM-1004,2024-05-27,13681
D03,PM-1004,2024-06-03,14927
D03,PM-1004,2024-06-10,12496
D03,PM-1004,2024-06-17,14527
D03,PM-1004,2024-06-24,16387
D03,PM-1004,2024-07-01,19940
D03,PM-1004,2024-07-08,22734
D03,PM-1004,2024-07-15,24290
D03,PM-1004,2024-07-22,24702
D03,PM-1004,2024-07-29,22591
D03,PM-1004,2024-08-05,22953
D03,PM-1004,2024-08-12,24650
D03,PM-1004,2024-08-19,25248
D03,PM-1004,2024-08-26,23562
D03,PM-1004,2024-09-02,21604
D03,PM-1004,2024-09-09,21781
D03,PM-1004,2024-09-16,22285
D03,PM-1004,2024-09-23,23755
D03,PM-1004,2024-09-30,24165
D03,PM-1004,2024-10-07,22840
D03,PM-1004,2024-10-14,22547
D03,PM-1004,2024-10-21,23613
D03,PM-1004,2024-10-28,22611
D03,PM-1004,2024-11-04,22253
D03,PM-1004,2024-11-11,20135
D03,PM-1004,2024-11-18,19672
D03,PM-1004,2024-11-25,18518
D03,PM-1004,2024-12-02,19820
D03,PM-1004,2024-12-09,18178
D03,PM-1004,2024-12-16,17883
D03,PM-1004,2024-12-23,17653
D03,PM-1004,2024-12-30,17597
D03,PM-1004,2025-01-06,19984
D03,PM-1004,2025-01-13,18452
D03,PM-1004,2025-01-20,18839
D03,PM-1004,2025-01-27,20182
D03,PM-1004,2025-02-03,20611
D03,PM-1004,2025-02-10,19166
D03,PM-1004,2025-02-17,20474
D03,PM-1004,2025-02-24,20039
D03,PM-1004,2025-03-03,18078
D03,PM-1004,2025-03-10,18048
D03,PM-1004,2025-03-17,16498
D03,PM-1004,2025-03-24,14812
D03,PM-1004,2025-03-31,15561
D03,PM-1004,2025-04-07,15010
D03,PM-1004,2025-04-14,13744
D03,PM-1004,2025-04-21,13718
D03,PM-1004,2025-04-28,13113
D03,PM-1004,2025-05-05,16471
D03,PM-1004,2025-05-12,17434
D03,PM-1004,2025-05-19,19170
D03,PM-1004,2025-05-26,19587
D03,PM-1004,2025-06-02,21112
D03,PM-1004,2025-06-09,23219
D03,PM-1004,2025-06-16,23066
D03,PM-1004,2025-06-23,22707
D03,PM-1004,2025-06-30,20498
D03,PM-1004,2025-07-07,18248
D03,PM-1004,2025-07-14,17831
D03,PM-1004,2025-07-21,17344
D03,PM-1004,2025-07-28,17442
D03,PM-1004,2025-08-04,15858
D03,PM-1004,2025-08-11,15658
D03,PM-1004,2025-08-18,14574
D03,PM-1004,2025-08-25,14847
D03,PM-1004,2025-09-01,14804
D03,PM-1004,2025-09-08,17270
D03,PM-1004,2025-09-15,19348
D03,PM-1004,2025-09-22,21815
D03,PM-1004,2025-09-29,23215
D03,PM-1004,2025-10-06,21093
D03,PM-1004,2025-10-13,19761
D03,PM-1004,2025-10-20,19862
D03,PM-1004,2025-10-27,19907
D03,PM-1004,2025-11-03,20067
D03,PM-1004,2025-11-10,18403
D03,PM-1004,2025-11-17,22351
D03,PM-1004,2025-11-24,22358
D03,PM-1004,2025-12-01,24130
D03,PM-1004,2025-12-08,22419
D03,PM-1004,2025-12-15,22746
D03,PM-1004,2025-12-22,24035
D03,PM-1004,2025-12-29,24071
D03,PM-1004,2026-01-05,22578
D03,PM-1004,2026-01-12,20943
D03,PM-1004,2026-01-19,19779
D03,PM-1004,2026-01-26,18036
D03,PM-1004,2026-02-02,18952
D03,PM-1004,2026-02-09,17437
D03,PM-1004,2026-02-16,18482
D03,PM-1004,2026-02-23,16790
D03,PM-1004,2026-03-02,15395
D03,PM-1004,2026-03-09,17541
D03,PM-1004,2026-03-16,19055
D03,PM-1004,2026-03-23,18996
D03,PM-1004,2026-03-30,17076
D03,PM-1004,2026-04-06,15527
D03,PM-1004,2026-04-13,15500
D03,PM-1004,2026-04-20,16627
D03,PM-1004,2026-04-27,17015
D03,PM-1004,2026-05-04,15283
D03,PM-1004,2026-05-11,15617
D03,PM-1004,2026-05-18,15327
D03,PM-1004,2026-05-25,16214
D03,PM-1004,2026-06-01,16935
D03,PM-1004,2026-06-08,17085
D03,PM-1004,2026-06-15,14605
D03,PM-1004,2026-06-22,15831
D03,IS-1022,2024-01-01,2094
D03,IS-1022,2024-01-08,2207
D03,IS-1022,2024-01-15,2219
D03,IS-1022,2024-01-22,2171
D03,IS-1022,2024-01-29,2197
D03,IS-1022,2024-02-05,2232
D03,IS-1022,2024-02-12,2234
D03,IS-1022,2024-02-19,2117
D03,IS-1022,2024-02-26,2084
D03,IS-1022,2024-03-04,2025
D03,IS-1022,2024-03-11,2165
D03,IS-1022,2024-03-18,1878
D03,IS-1022,2024-03-25,1979
D03,IS-1022,2024-04-01,1811
D03,IS-1022,2024-04-08,1880
D03,IS-1022,2024-04-15,2063
D03,IS-1022,2024-04-22,1893
D03,IS-1022,2024-04-29,1620
D03,IS-1022,2024-05-06,1509
D03,IS-1022,2024-05-13,1538
D03,IS-1022,2024-05-20,1691
D03,IS-1022,2024-05-27,1884
D03,IS-1022,2024-06-03,1752
D03,IS-1022,2024-06-10,1892
D03,IS-1022,2024-06-17,1928
D03,IS-1022,2024-06-24,2069
D03,IS-1022,2024-07-01,2189
D03,IS-1022,2024-07-08,2023
D03,IS-1022,2024-07-15,1958
D03,IS-1022,2024-07-22,2018
D03,IS-1022,2024-07-29,2340
D03,IS-1022,2024-08-05,2076
D03,IS-1022,2024-08-12,1830
D03,IS-1022,2024-08-19,2360
D03,IS-1022,2024-08-26,2271
D03,IS-1022,2024-09-02,2583
D03,IS-1022,2024-09-09,2583
D03,IS-1022,2024-09-16,2336
D03,IS-1022,2024-09-23,2289
D03,IS-1022,2024-09-30,2095
D03,IS-1022,2024-10-07,2240
D03,IS-1022,2024-10-14,2186
D03,IS-1022,2024-10-21,2150
D03,IS-1022,2024-10-28,2161
D03,IS-1022,2024-11-04,2299
D03,IS-1022,2024-11-11,2524
D03,IS-1022,2024-11-18,2749
D03,IS-1022,2024-11-25,2964
D03,IS-1022,2024-12-02,2791
D03,IS-1022,2024-12-09,2838
D03,IS-1022,2024-12-16,2796
D03,IS-1022,2024-12-23,2603
D03,IS-1022,2024-12-30,2415
D03,IS-1022,2025-01-06,2468
D03,IS-1022,2025-01-13,2363
D03,IS-1022,2025-01-20,2285
D03,IS-1022,2025-01-27,2024
D03,IS-1022,2025-02-03,2046
D03,IS-1022,2025-02-10,2132
D03,IS-1022,2025-02-17,2224
D03,IS-1022,2025-02-24,2167
D03,IS-1022,2025-03-03,2022
D03,IS-1022,2025-03-10,2026
D03,IS-1022,2025-03-17,1811
D03,IS-1022,2025-03-24,1773
D03,IS-1022,2025-03-31,1738
D03,IS-1022,2025-04-07,1678
D03,IS-1022,2025-04-14,1811
D03,IS-1022,2025-04-21,1932
D03,IS-1022,2025-04-28,2041
D03,IS-1022,2025-05-05,1816
D03,IS-1022,2025-05-12,1598
D03,IS-1022,2025-05-19,2020
D03,IS-1022,2025-05-26,2080
D03,IS-1022,2025-06-02,2046
D03,IS-1022,2025-06-09,2203
D03,IS-1022,2025-06-16,1990
D03,IS-1022,2025-06-23,2068
D03,IS-1022,2025-06-30,1999
D03,IS-1022,2025-07-07,2110
D03,IS-1022,2025-07-14,1853
D03,IS-1022,2025-07-21,1805
D03,IS-1022,2025-07-28,1909
D03,IS-1022,2025-08-04,1961
D03,IS-1022,2025-08-11,2108
D03,IS-1022,2025-08-18,2717
D03,IS-1022,2025-08-25,2831
D03,IS-1022,2025-09-01,2599
D03,IS-1022,2025-09-08,2552
D03,IS-1022,2025-09-15,2515
D03,IS-1022,2025-09-22,2690
D03,IS-1022,2025-09-29,2860
D03,IS-1022,2025-10-06,3006
D03,IS-1022,2025-10-13,2832
D03,IS-1022,2025-10-20,2584
D03,IS-1022,2025-10-27,2562
D03,IS-1022,2025-11-03,2553
D03,IS-1022,2025-11-10,2572
D03,IS-1022,2025-11-17,2402
D03,IS-1022,2025-11-24,2423
D03,IS-1022,2025-12-01,2243
D03,IS-1022,2025-12-08,2446
D03,IS-1022,2025-12-15,2538
D03,IS-1022,2025-12-22,2363
D03,IS-1022,2025-12-29,2412
D03,IS-1022,2026-01-05,2289
D03,IS-1022,2026-01-12,2480
D03,IS-1022,2026-01-19,2252
D03,IS-1022,2026-01-26,2237
D03,IS-1022,2026-02-02,1994
D03,IS-1022,2026-02-09,1848
D03,IS-1022,2026-02-16,1881
D03,IS-1022,2026-02-23,1836
D03,IS-1022,2026-03-02,1734
D03,IS-1022,2026-03-09,1794
D03,IS-1022,2026-03-16,1752
D03,IS-1022,2026-03-23,1722
D03,IS-1022,2026-03-30,1786
D03,IS-1022,2026-04-06,1892
D03,IS-1022,2026-04-13,1864
D03,IS-1022,2026-04-20,1805
D03,IS-1022,2026-04-27,2108
D03,IS-1022,2026-05-04,2060
D03,IS-1022,2026-05-11,1914
D03,IS-1022,2026-05-18,1680
D03,IS-1022,2026-05-25,1603
D03,IS-1022,2026-06-01,1541
D03,IS-1022,2026-06-08,1353
D03,IS-1022,2026-06-15,1589
D03,IS-1022,2026-06-22,1275
D03,IS-1028,2024-01-01,4777
D03,IS-1028,2024-01-08,4871
D03,IS-1028,2024-01-15,4655
D03,IS-1028,2024-01-22,4634
D03,IS-1028,2024-01-29,4668
D03,IS-1028,2024-02-05,4520
D03,IS-1028,2024-02-12,4446
D03,IS-1028,2024-02-19,4519
D03,IS-1028,2024-02-26,4769
D03,IS-1028,2024-03-04,4652
D03,IS-1028,2024-03-11,4689
D03,IS-1028,2024-03-18,4727
D03,IS-1028,2024-03-25,4823
D03,IS-1028,2024-04-01,4645
D03,IS-1028,2024-04-08,5400
D03,IS-1028,2024-04-15,5538
D03,IS-1028,2024-04-22,5327
D03,IS-1028,2024-04-29,5167
D03,IS-1028,2024-05-06,5472
D03,IS-1028,2024-05-13,5292
D03,IS-1028,2024-05-20,4852
D03,IS-1028,2024-05-27,5579
D03,IS-1028,2024-06-03,5011
D03,IS-1028,2024-06-10,4522
D03,IS-1028,2024-06-17,4513
D03,IS-1028,2024-06-24,4163
D03,IS-1028,2024-07-01,4328
D03,IS-1028,2024-07-08,4519
D03,IS-1028,2024-07-15,4865
D03,IS-1028,2024-07-22,4568
D03,IS-1028,2024-07-29,4609
D03,IS-1028,2024-08-05,4667
D03,IS-1028,2024-08-12,5118
D03,IS-1028,2024-08-19,5401
D03,IS-1028,2024-08-26,5452
D03,IS-1028,2024-09-02,5503
D03,IS-1028,2024-09-09,4926
D03,IS-1028,2024-09-16,4716
D03,IS-1028,2024-09-23,4846
D03,IS-1028,2024-09-30,5209
D03,IS-1028,2024-10-07,5774
D03,IS-1028,2024-10-14,6085
D03,IS-1028,2024-10-21,6022
D03,IS-1028,2024-10-28,5814
D03,IS-1028,2024-11-04,5962
D03,IS-1028,2024-11-11,6126
D03,IS-1028,2024-11-18,6050
D03,IS-1028,2024-11-25,6329
D03,IS-1028,2024-12-02,6287
D03,IS-1028,2024-12-09,6135
D03,IS-1028,2024-12-16,6270
D03,IS-1028,2024-12-23,6048
D03,IS-1028,2024-12-30,6097
D03,IS-1028,2025-01-06,5847
D03,IS-1028,2025-01-13,5517
D03,IS-1028,2025-01-20,5083
D03,IS-1028,2025-01-27,4635
D03,IS-1028,2025-02-03,4292
D03,IS-1028,2025-02-10,3878
D03,IS-1028,2025-02-17,3446
D03,IS-1028,2025-02-24,3326
D03,IS-1028,2025-03-03,2832
D03,IS-1028,2025-03-10,2861
D03,IS-1028,2025-03-17,3381
D03,IS-1028,2025-03-24,3011
D03,IS-1028,2025-03-31,3239
D03,IS-1028,2025-04-07,4210
D03,IS-1028,2025-04-14,4315
D03,IS-1028,2025-04-21,4282
D03,IS-1028,2025-04-28,4499
D03,IS-1028,2025-05-05,3873
D03,IS-1028,2025-05-12,3691
D03,IS-1028,2025-05-19,3749
D03,IS-1028,2025-05-26,4039
D03,IS-1028,2025-06-02,3697
D03,IS-1028,2025-06-09,3874
D03,IS-1028,2025-06-16,4459
D03,IS-1028,2025-06-23,4019
D03,IS-1028,2025-06-30,4302
D03,IS-1028,2025-07-07,3907
D03,IS-1028,2025-07-14,3982
D03,IS-1028,2025-07-21,4734
D03,IS-1028,2025-07-28,5322
D03,IS-1028,2025-08-04,5492
D03,IS-1028,2025-08-11,5544
D03,IS-1028,2025-08-18,6012
D03,IS-1028,2025-08-25,6064
D03,IS-1028,2025-09-01,6046
D03,IS-1028,2025-09-08,6126
D03,IS-1028,2025-09-15,6097
D03,IS-1028,2025-09-22,5812
D03,IS-1028,2025-09-29,5429
D03,IS-1028,2025-10-06,5024
D03,IS-1028,2025-10-13,5346
D03,IS-1028,2025-10-20,5719
D03,IS-1028,2025-10-27,5385
D03,IS-1028,2025-11-03,5149
D03,IS-1028,2025-11-10,4959
D03,IS-1028,2025-11-17,4828
D03,IS-1028,2025-11-24,5173
D03,IS-1028,2025-12-01,5542
D03,IS-1028,2025-12-08,5176
D03,IS-1028,2025-12-15,4800
D03,IS-1028,2025-12-22,4907
D03,IS-1028,2025-12-29,4707
D03,IS-1028,2026-01-05,4895
D03,IS-1028,2026-01-12,4725
D03,IS-1028,2026-01-19,4585
D03,IS-1028,2026-01-26,4811
D03,IS-1028,2026-02-02,4831
D03,IS-1028,2026-02-09,5306
D03,IS-1028,2026-02-16,4865
D03,IS-1028,2026-02-23,4695
D03,IS-1028,2026-03-02,4297
D03,IS-1028,2026-03-09,3791
D03,IS-1028,2026-03-16,3568
D03,IS-1028,2026-03-23,3632
D03,IS-1028,2026-03-30,3648
D03,IS-1028,2026-04-06,3118
D03,IS-1028,2026-04-13,3308
D03,IS-1028,2026-04-20,3131
D03,IS-1028,2026-04-27,3888
D03,IS-1028,2026-05-04,3766
D03,IS-1028,2026-05-11,3315
D03,IS-1028,2026-05-18,4295
D03,IS-1028,2026-05-25,4320
D03,IS-1028,2026-06-01,4691
D03,IS-1028,2026-06-08,4487
D03,IS-1028,2026-06-15,4837
D03,IS-1028,2026-06-22,4339
D03,SC-1017,2024-01-01,3307
D03,SC-1017,2024-01-08,3242
D03,SC-1017,2024-01-15,3284
D03,SC-1017,2024-01-22,3526
D03,SC-1017,2024-01-29,3516
D03,SC-1017,2024-02-05,3560
D03,SC-1017,2024-02-12,3523
D03,SC-1017,2024-02-19,3441
D03,SC-1017,2024-02-26,3467
D03,SC-1017,2024-03-04,3728
D03,SC-1017,2024-03-11,3422
D03,SC-1017,2024-03-18,3309
D03,SC-1017,2024-03-25,3320
D03,SC-1017,2024-04-01,3222
D03,SC-1017,2024-04-08,3241
D03,SC-1017,2024-04-15,3228
D03,SC-1017,2024-04-22,3192
D03,SC-1017,2024-04-29,3148
D03,SC-1017,2024-05-06,3028
D03,SC-1017,2024-05-13,3058
D03,SC-1017,2024-05-20,2895
D03,SC-1017,2024-05-27,2534
D03,SC-1017,2024-06-03,2165
D03,SC-1017,2024-06-10,1802
D03,SC-1017,2024-06-17,1897
D03,SC-1017,2024-06-24,1779
D03,SC-1017,2024-07-01,2235
D03,SC-1017,2024-07-08,1986
D03,SC-1017,2024-07-15,1694
D03,SC-1017,2024-07-22,1442
D03,SC-1017,2024-07-29,2383
D03,SC-1017,2024-08-05,3297
D03,SC-1017,2024-08-12,3859
D03,SC-1017,2024-08-19,4517
D03,SC-1017,2024-08-26,4275
D03,SC-1017,2024-09-02,4574
D03,SC-1017,2024-09-09,4832
D03,SC-1017,2024-09-16,5463
D03,SC-1017,2024-09-23,5105
D03,SC-1017,2024-09-30,4795
D03,SC-1017,2024-10-07,4457
D03,SC-1017,2024-10-14,4121
D03,SC-1017,2024-10-21,3776
D03,SC-1017,2024-10-28,3499
D03,SC-1017,2024-11-04,3624
D03,SC-1017,2024-11-11,3210
D03,SC-1017,2024-11-18,3274
D03,SC-1017,2024-11-25,3384
D03,SC-1017,2024-12-02,3081
D03,SC-1017,2024-12-09,4213
D03,SC-1017,2024-12-16,4342
D03,SC-1017,2024-12-23,4082
D03,SC-1017,2024-12-30,4092
D03,SC-1017,2025-01-06,4225
D03,SC-1017,2025-01-13,4122
D03,SC-1017,2025-01-20,4323
D03,SC-1017,2025-01-27,3941
D03,SC-1017,2025-02-03,3789
D03,SC-1017,2025-02-10,3668
D03,SC-1017,2025-02-17,3430
D03,SC-1017,2025-02-24,3121
D03,SC-1017,2025-03-03,3037
D03,SC-1017,2025-03-10,2855
D03,SC-1017,2025-03-17,2423
D03,SC-1017,2025-03-24,2112
D03,SC-1017,2025-03-31,2354
D03,SC-1017,2025-04-07,2469
D03,SC-1017,2025-04-14,2515
D03,SC-1017,2025-04-21,2248
D03,SC-1017,2025-04-28,2115
D03,SC-1017,2025-05-05,2061
D03,SC-1017,2025-05-12,2716
D03,SC-1017,2025-05-19,2712
D03,SC-1017,2025-05-26,2539
D03,SC-1017,2025-06-02,2472
D03,SC-1017,2025-06-09,2671
D03,SC-1017,2025-06-16,2803
D03,SC-1017,2025-06-23,2498
D03,SC-1017,2025-06-30,2099
D03,SC-1017,2025-07-07,1896
D03,SC-1017,2025-07-14,2614
D03,SC-1017,2025-07-21,2957
D03,SC-1017,2025-07-28,3635
D03,SC-1017,2025-08-04,3768
D03,SC-1017,2025-08-11,3979
D03,SC-1017,2025-08-18,3620
D03,SC-1017,2025-08-25,3315
D03,SC-1017,2025-09-01,2972
D03,SC-1017,2025-09-08,2954
D03,SC-1017,2025-09-15,4505
D03,SC-1017,2025-09-22,4399
D03,SC-1017,2025-09-29,4193
D03,SC-1017,2025-10-06,4991
D03,SC-1017,2025-10-13,5565
D03,SC-1017,2025-10-20,5273
D03,SC-1017,2025-10-27,6013
D03,SC-1017,2025-11-03,6719
D03,SC-1017,2025-11-10,6456
D03,SC-1017,2025-11-17,6855
D03,SC-1017,2025-11-24,6606
D03,SC-1017,2025-12-01,7252
D03,SC-1017,2025-12-08,7032
D03,SC-1017,2025-12-15,6925
D03,SC-1017,2025-12-22,6681
D03,SC-1017,2025-12-29,6308
D03,SC-1017,2026-01-05,6071
D03,SC-1017,2026-01-12,5805
D03,SC-1017,2026-01-19,5621
D03,SC-1017,2026-01-26,5412
D03,SC-1017,2026-02-02,5151
D03,SC-1017,2026-02-09,4913
D03,SC-1017,2026-02-16,4673
D03,SC-1017,2026-02-23,4436
D03,SC-1017,2026-03-02,4194
D03,SC-1017,2026-03-09,4002
D03,SC-1017,2026-03-16,3756
D03,SC-1017,2026-03-23,3515
D03,SC-1017,2026-03-30,3523
D03,SC-1017,2026-04-06,3241
D03,SC-1017,2026-04-13,3079
D03,SC-1017,2026-04-20,2855
D03,SC-1017,2026-04-27,2525
D03,SC-1017,2026-05-04,2236
D03,SC-1017,2026-05-11,2162
D03,SC-1017,2026-05-18,1925
D03,SC-1017,2026-05-25,1740
D03,SC-1017,2026-06-01,1885
D03,SC-1017,2026-06-08,1650
D03,SC-1017,2026-06-15,1380
D03,SC-1017,2026-06-22,1550
D03,PM-1003,2024-01-01,35689
D03,PM-1003,2024-01-08,35348
D03,PM-1003,2024-01-15,36502
D03,PM-1003,2024-01-22,36287
D03,PM-1003,2024-01-29,36420
D03,PM-1003,2024-02-05,37570
D03,PM-1003,2024-02-12,33545
D03,PM-1003,2024-02-19,37017
D03,PM-1003,2024-02-26,37747
D03,PM-1003,2024-03-04,37475
D03,PM-1003,2024-03-11,38788
D03,PM-1003,2024-03-18,39359
D03,PM-1003,2024-03-25,36623
D03,PM-1003,2024-04-01,36095
D03,PM-1003,2024-04-08,35883
D03,PM-1003,2024-04-15,32222
D03,PM-1003,2024-04-22,33793
D03,PM-1003,2024-04-29,32077
D03,PM-1003,2024-05-06,29259
D03,PM-1003,2024-05-13,28185
D03,PM-1003,2024-05-20,30723
D03,PM-1003,2024-05-27,30402
D03,PM-1003,2024-06-03,27476
D03,PM-1003,2024-06-10,30133
D03,PM-1003,2024-06-17,27116
D03,PM-1003,2024-06-24,28967
D03,PM-1003,2024-07-01,29550
D03,PM-1003,2024-07-08,26663
D03,PM-1003,2024-07-15,30467
D03,PM-1003,2024-07-22,33002
D03,PM-1003,2024-07-29,37712
D03,PM-1003,2024-08-05,41890
D03,PM-1003,2024-08-12,39797
D03,PM-1003,2024-08-19,41080
D03,PM-1003,2024-08-26,43790
D03,PM-1003,2024-09-02,45029
D03,PM-1003,2024-09-09,41563
D03,PM-1003,2024-09-16,41184
D03,PM-1003,2024-09-23,41073
D03,PM-1003,2024-09-30,37458
D03,PM-1003,2024-10-07,41960
D03,PM-1003,2024-10-14,42228
D03,PM-1003,2024-10-21,42703
D03,PM-1003,2024-10-28,40616
D03,PM-1003,2024-11-04,44449
D03,PM-1003,2024-11-11,43868
D03,PM-1003,2024-11-18,42791
D03,PM-1003,2024-11-25,39122
D03,PM-1003,2024-12-02,38318
D03,PM-1003,2024-12-09,36889
D03,PM-1003,2024-12-16,33143
D03,PM-1003,2024-12-23,35741
D03,PM-1003,2024-12-30,37632
D03,PM-1003,2025-01-06,36879
D03,PM-1003,2025-01-13,35984
D03,PM-1003,2025-01-20,36483
D03,PM-1003,2025-01-27,33301
D03,PM-1003,2025-02-03,33785
D03,PM-1003,2025-02-10,33356
D03,PM-1003,2025-02-17,31049
D03,PM-1003,2025-02-24,32817
D03,PM-1003,2025-03-03,28783
D03,PM-1003,2025-03-10,25087
D03,PM-1003,2025-03-17,28030
D03,PM-1003,2025-03-24,29130
D03,PM-1003,2025-03-31,24659
D03,PM-1003,2025-04-07,23694
D03,PM-1003,2025-04-14,24335
D03,PM-1003,2025-04-21,21492
D03,PM-1003,2025-04-28,21435
D03,PM-1003,2025-05-05,15080
D03,PM-1003,2025-05-12,19348
D03,PM-1003,2025-05-19,21664
D03,PM-1003,2025-05-26,26013
D03,PM-1003,2025-06-02,29598
D03,PM-1003,2025-06-09,32586
D03,PM-1003,2025-06-16,29832
D03,PM-1003,2025-06-23,33881
D03,PM-1003,2025-06-30,37265
D03,PM-1003,2025-07-07,40915
D03,PM-1003,2025-07-14,49036
D03,PM-1003,2025-07-21,47579
D03,PM-1003,2025-07-28,47384
D03,PM-1003,2025-08-04,43560
D03,PM-1003,2025-08-11,45808
D03,PM-1003,2025-08-18,45374
D03,PM-1003,2025-08-25,52019
D03,PM-1003,2025-09-01,48237
D03,PM-1003,2025-09-08,44540
D03,PM-1003,2025-09-15,41931
D03,PM-1003,2025-09-22,39875
D03,PM-1003,2025-09-29,38536
D03,PM-1003,2025-10-06,37858
D03,PM-1003,2025-10-13,42599
D03,PM-1003,2025-10-20,39650
D03,PM-1003,2025-10-27,39276
D03,PM-1003,2025-11-03,40178
D03,PM-1003,2025-11-10,45136
D03,PM-1003,2025-11-17,44143
D03,PM-1003,2025-11-24,46729
D03,PM-1003,2025-12-01,42275
D03,PM-1003,2025-12-08,41470
D03,PM-1003,2025-12-15,41119
D03,PM-1003,2025-12-22,45421
D03,PM-1003,2025-12-29,43871
D03,PM-1003,2026-01-05,39776
D03,PM-1003,2026-01-12,36086
D03,PM-1003,2026-01-19,35229
D03,PM-1003,2026-01-26,35934
D03,PM-1003,2026-02-02,33780
D03,PM-1003,2026-02-09,37013
D03,PM-1003,2026-02-16,33031
D03,PM-1003,2026-02-23,29496
D03,PM-1003,2026-03-02,31376
D03,PM-1003,2026-03-09,33777
D03,PM-1003,2026-03-16,34960
D03,PM-1003,2026-03-23,35197
D03,PM-1003,2026-03-30,38993
D03,PM-1003,2026-04-06,35849
D03,PM-1003,2026-04-13,32314
D03,PM-1003,2026-04-20,31652
D03,PM-1003,2026-04-27,34371
D03,PM-1003,2026-05-04,35053
D03,PM-1003,2026-05-11,33172
D03,PM-1003,2026-05-18,30821
D03,PM-1003,2026-05-25,31348
D03,PM-1003,2026-06-01,31216
D03,PM-1003,2026-06-08,32962
D03,PM-1003,2026-06-15,31889
D03,PM-1003,2026-06-22,32368
D03,PW-1033,2024-01-01,9791
D03,PW-1033,2024-01-08,9969
D03,PW-1033,2024-01-15,10196
D03,PW-1033,2024-01-22,10097
D03,PW-1033,2024-01-29,9267
D03,PW-1033,2024-02-05,9371
D03,PW-1033,2024-02-12,10503
D03,PW-1033,2024-02-19,10506
D03,PW-1033,2024-02-26,10110
D03,PW-1033,2024-03-04,9634
D03,PW-1033,2024-03-11,9682
D03,PW-1033,2024-03-18,9623
D03,PW-1033,2024-03-25,8461
D03,PW-1033,2024-04-01,7482
D03,PW-1033,2024-04-08,6352
D03,PW-1033,2024-04-15,6626
D03,PW-1033,2024-04-22,6261
D03,PW-1033,2024-04-29,6050
D03,PW-1033,2024-05-06,5295
D03,PW-1033,2024-05-13,5451
D03,PW-1033,2024-05-20,7318
D03,PW-1033,2024-05-27,9685
D03,PW-1033,2024-06-03,10217
D03,PW-1033,2024-06-10,10189
D03,PW-1033,2024-06-17,11009
D03,PW-1033,2024-06-24,11832
D03,PW-1033,2024-07-01,12357
D03,PW-1033,2024-07-08,13049
D03,PW-1033,2024-07-15,12614
D03,PW-1033,2024-07-22,11311
D03,PW-1033,2024-07-29,11684
D03,PW-1033,2024-08-05,12272
D03,PW-1033,2024-08-12,12029
D03,PW-1033,2024-08-19,10913
D03,PW-1033,2024-08-26,10653
D03,PW-1033,2024-09-02,10011
D03,PW-1033,2024-09-09,10216
D03,PW-1033,2024-09-16,12125
D03,PW-1033,2024-09-23,11996
D03,PW-1033,2024-09-30,11919
D03,PW-1033,2024-10-07,11238
D03,PW-1033,2024-10-14,12855
D03,PW-1033,2024-10-21,13395
D03,PW-1033,2024-10-28,12436
D03,PW-1033,2024-11-04,12620
D03,PW-1033,2024-11-11,11930
D03,PW-1033,2024-11-18,11016
D03,PW-1033,2024-11-25,10772
D03,PW-1033,2024-12-02,11364
D03,PW-1033,2024-12-09,10409
D03,PW-1033,2024-12-16,10711
D03,PW-1033,2024-12-23,12052
D03,PW-1033,2024-12-30,11096
D03,PW-1033,2025-01-06,10471
D03,PW-1033,2025-01-13,10055
D03,PW-1033,2025-01-20,9783
D03,PW-1033,2025-01-27,9645
D03,PW-1033,2025-02-03,10266
D03,PW-1033,2025-02-10,9764
D03,PW-1033,2025-02-17,9081
D03,PW-1033,2025-02-24,8813
D03,PW-1033,2025-03-03,9105
D03,PW-1033,2025-03-10,9802
D03,PW-1033,2025-03-17,9909
D03,PW-1033,2025-03-24,9440
D03,PW-1033,2025-03-31,8920
D03,PW-1033,2025-04-07,9593
D03,PW-1033,2025-04-14,8718
D03,PW-1033,2025-04-21,8305
D03,PW-1033,2025-04-28,9147
D03,PW-1033,2025-05-05,8730
D03,PW-1033,2025-05-12,9245
D03,PW-1033,2025-05-19,9393
D03,PW-1033,2025-05-26,9504
D03,PW-1033,2025-06-02,8959
D03,PW-1033,2025-06-09,9180
D03,PW-1033,2025-06-16,9092
D03,PW-1033,2025-06-23,9718
D03,PW-1033,2025-06-30,9723
D03,PW-1033,2025-07-07,9603
D03,PW-1033,2025-07-14,10032
D03,PW-1033,2025-07-21,9269
D03,PW-1033,2025-07-28,8344
D03,PW-1033,2025-08-04,9063
D03,PW-1033,2025-08-11,9684
D03,PW-1033,2025-08-18,9989
D03,PW-1033,2025-08-25,10747
D03,PW-1033,2025-09-01,10408
D03,PW-1033,2025-09-08,9601
D03,PW-1033,2025-09-15,10138
D03,PW-1033,2025-09-22,11112
D03,PW-1033,2025-09-29,11406
D03,PW-1033,2025-10-06,11331
D03,PW-1033,2025-10-13,12713
D03,PW-1033,2025-10-20,12690
D03,PW-1033,2025-10-27,13729
D03,PW-1033,2025-11-03,12998
D03,PW-1033,2025-11-10,12314
D03,PW-1033,2025-11-17,12321
D03,PW-1033,2025-11-24,12510
D03,PW-1033,2025-12-01,12525
D03,PW-1033,2025-12-08,11313
D03,PW-1033,2025-12-15,11356
D03,PW-1033,2025-12-22,11025
D03,PW-1033,2025-12-29,10050
D03,PW-1033,2026-01-05,10568
D03,PW-1033,2026-01-12,9613
D03,PW-1033,2026-01-19,10188
D03,PW-1033,2026-01-26,9849
D03,PW-1033,2026-02-02,11061
D03,PW-1033,2026-02-09,10425
D03,PW-1033,2026-02-16,9751
D03,PW-1033,2026-02-23,9595
D03,PW-1033,2026-03-02,9933
D03,PW-1033,2026-03-09,9099
D03,PW-1033,2026-03-16,10769
D03,PW-1033,2026-03-23,9588
D03,PW-1033,2026-03-30,8961
D03,PW-1033,2026-04-06,10663
D03,PW-1033,2026-04-13,10935
D03,PW-1033,2026-04-20,10971
D03,PW-1033,2026-04-27,11182
D03,PW-1033,2026-05-04,10978
D03,PW-1033,2026-05-11,10627
D03,PW-1033,2026-05-18,9953
D03,PW-1033,2026-05-25,10691
D03,PW-1033,2026-06-01,11390
D03,PW-1033,2026-06-08,10552
D03,PW-1033,2026-06-15,10717
D03,PW-1033,2026-06-22,9722
D03,IS-1027,2024-01-01,4732
D03,IS-1027,2024-01-08,4817
D03,IS-1027,2024-01-15,4810
D03,IS-1027,2024-01-22,4825
D03,IS-1027,2024-01-29,4904
D03,IS-1027,2024-02-05,4939
D03,IS-1027,2024-02-12,4886
D03,IS-1027,2024-02-19,4960
D03,IS-1027,2024-02-26,5020
D03,IS-1027,2024-03-04,5050
D03,IS-1027,2024-03-11,5075
D03,IS-1027,2024-03-18,4986
D03,IS-1027,2024-03-25,4891
D03,IS-1027,2024-04-01,4368
D03,IS-1027,2024-04-08,4346
D03,IS-1027,2024-04-15,4170
D03,IS-1027,2024-04-22,3772
D03,IS-1027,2024-04-29,3566
D03,IS-1027,2024-05-06,3214
D03,IS-1027,2024-05-13,3380
D03,IS-1027,2024-05-20,3279
D03,IS-1027,2024-05-27,3445
D03,IS-1027,2024-06-03,3612
D03,IS-1027,2024-06-10,3982
D03,IS-1027,2024-06-17,4087
D03,IS-1027,2024-06-24,3532
D03,IS-1027,2024-07-01,3303
D03,IS-1027,2024-07-08,3354
D03,IS-1027,2024-07-15,4808
D03,IS-1027,2024-07-22,4937
D03,IS-1027,2024-07-29,4874
D03,IS-1027,2024-08-05,4448
D03,IS-1027,2024-08-12,4639
D03,IS-1027,2024-08-19,4148
D03,IS-1027,2024-08-26,3653
D03,IS-1027,2024-09-02,3184
D03,IS-1027,2024-09-09,3444
D03,IS-1027,2024-09-16,3554
D03,IS-1027,2024-09-23,3702
D03,IS-1027,2024-09-30,3821
D03,IS-1027,2024-10-07,3962
D03,IS-1027,2024-10-14,3533
D03,IS-1027,2024-10-21,4571
D03,IS-1027,2024-10-28,5018
D03,IS-1027,2024-11-04,6074
D03,IS-1027,2024-11-11,5910
D03,IS-1027,2024-11-18,5951
D03,IS-1027,2024-11-25,5948
D03,IS-1027,2024-12-02,5530
D03,IS-1027,2024-12-09,5579
D03,IS-1027,2024-12-16,5323
D03,IS-1027,2024-12-23,5351
D03,IS-1027,2024-12-30,5189
D03,IS-1027,2025-01-06,5340
D03,IS-1027,2025-01-13,4936
D03,IS-1027,2025-01-20,5052
D03,IS-1027,2025-01-27,5436
D03,IS-1027,2025-02-03,5092
D03,IS-1027,2025-02-10,5599
D03,IS-1027,2025-02-17,5148
D03,IS-1027,2025-02-24,4780
D03,IS-1027,2025-03-03,4828
D03,IS-1027,2025-03-10,4917
D03,IS-1027,2025-03-17,4649
D03,IS-1027,2025-03-24,4746
D03,IS-1027,2025-03-31,4365
D03,IS-1027,2025-04-07,3846
D03,IS-1027,2025-04-14,3810
D03,IS-1027,2025-04-21,3633
D03,IS-1027,2025-04-28,3442
D03,IS-1027,2025-05-05,2941
D03,IS-1027,2025-05-12,3644
D03,IS-1027,2025-05-19,3823
D03,IS-1027,2025-05-26,3791
D03,IS-1027,2025-06-02,3611
D03,IS-1027,2025-06-09,3656
D03,IS-1027,2025-06-16,3773
D03,IS-1027,2025-06-23,4360
D03,IS-1027,2025-06-30,4143
D03,IS-1027,2025-07-07,4491
D03,IS-1027,2025-07-14,4406
D03,IS-1027,2025-07-21,4882
D03,IS-1027,2025-07-28,5010
D03,IS-1027,2025-08-04,4563
D03,IS-1027,2025-08-11,4189
D03,IS-1027,2025-08-18,4977
D03,IS-1027,2025-08-25,5063
D03,IS-1027,2025-09-01,5348
D03,IS-1027,2025-09-08,6321
D03,IS-1027,2025-09-15,5885
D03,IS-1027,2025-09-22,6056
D03,IS-1027,2025-09-29,6017
D03,IS-1027,2025-10-06,6690
D03,IS-1027,2025-10-13,6569
D03,IS-1027,2025-10-20,6520
D03,IS-1027,2025-10-27,5972
D03,IS-1027,2025-11-03,5795
D03,IS-1027,2025-11-10,5943
D03,IS-1027,2025-11-17,5571
D03,IS-1027,2025-11-24,5828
D03,IS-1027,2025-12-01,5353
D03,IS-1027,2025-12-08,5096
D03,IS-1027,2025-12-15,5289
D03,IS-1027,2025-12-22,5048
D03,IS-1027,2025-12-29,4720
D03,IS-1027,2026-01-05,4321
D03,IS-1027,2026-01-12,4016
D03,IS-1027,2026-01-19,3633
D03,IS-1027,2026-01-26,4057
D03,IS-1027,2026-02-02,3693
D03,IS-1027,2026-02-09,3222
D03,IS-1027,2026-02-16,3782
D03,IS-1027,2026-02-23,4270
D03,IS-1027,2026-03-02,4476
D03,IS-1027,2026-03-09,4698
D03,IS-1027,2026-03-16,4676
D03,IS-1027,2026-03-23,4433
D03,IS-1027,2026-03-30,4257
D03,IS-1027,2026-04-06,4020
D03,IS-1027,2026-04-13,3489
D03,IS-1027,2026-04-20,3315
D03,IS-1027,2026-04-27,3256
D03,IS-1027,2026-05-04,3856
D03,IS-1027,2026-05-11,3748
D03,IS-1027,2026-05-18,3808
D03,IS-1027,2026-05-25,3872
D03,IS-1027,2026-06-01,3778
D03,IS-1027,2026-06-08,3515
D03,IS-1027,2026-06-15,3294
D03,IS-1027,2026-06-22,3969
D03,PW-1029,2024-01-01,10729
D03,PW-1029,2024-01-08,10574
D03,PW-1029,2024-01-15,10493
D03,PW-1029,2024-01-22,10695
D03,PW-1029,2024-01-29,10568
D03,PW-1029,2024-02-05,10056
D03,PW-1029,2024-02-12,9857
D03,PW-1029,2024-02-19,9904
D03,PW-1029,2024-02-26,10051
D03,PW-1029,2024-03-04,10536
D03,PW-1029,2024-03-11,10354
D03,PW-1029,2024-03-18,10177
D03,PW-1029,2024-03-25,11051
D03,PW-1029,2024-04-01,10015
D03,PW-1029,2024-04-08,9889
D03,PW-1029,2024-04-15,8692
D03,PW-1029,2024-04-22,9476
D03,PW-1029,2024-04-29,8969
D03,PW-1029,2024-05-06,9083
D03,PW-1029,2024-05-13,8511
D03,PW-1029,2024-05-20,7537
D03,PW-1029,2024-05-27,6891
D03,PW-1029,2024-06-03,7388
D03,PW-1029,2024-06-10,5943
D03,PW-1029,2024-06-17,7960
D03,PW-1029,2024-06-24,7710
D03,PW-1029,2024-07-01,7333
D03,PW-1029,2024-07-08,9083
D03,PW-1029,2024-07-15,11839
D03,PW-1029,2024-07-22,12785
D03,PW-1029,2024-07-29,13334
D03,PW-1029,2024-08-05,12875
D03,PW-1029,2024-08-12,14300
D03,PW-1029,2024-08-19,14681
D03,PW-1029,2024-08-26,14037
D03,PW-1029,2024-09-02,14434
D03,PW-1029,2024-09-09,13326
D03,PW-1029,2024-09-16,14097
D03,PW-1029,2024-09-23,14354
D03,PW-1029,2024-09-30,14457
D03,PW-1029,2024-10-07,13807
D03,PW-1029,2024-10-14,13592
D03,PW-1029,2024-10-21,15252
D03,PW-1029,2024-10-28,14788
D03,PW-1029,2024-11-04,14648
D03,PW-1029,2024-11-11,13797
D03,PW-1029,2024-11-18,13196
D03,PW-1029,2024-11-25,13418
D03,PW-1029,2024-12-02,12913
D03,PW-1029,2024-12-09,13324
D03,PW-1029,2024-12-16,11978
D03,PW-1029,2024-12-23,10971
D03,PW-1029,2024-12-30,10981
D03,PW-1029,2025-01-06,11206
D03,PW-1029,2025-01-13,10459
D03,PW-1029,2025-01-20,9694
D03,PW-1029,2025-01-27,8738
D03,PW-1029,2025-02-03,7484
D03,PW-1029,2025-02-10,7311
D03,PW-1029,2025-02-17,8451
D03,PW-1029,2025-02-24,8646
D03,PW-1029,2025-03-03,9273
D03,PW-1029,2025-03-10,10207
D03,PW-1029,2025-03-17,9769
D03,PW-1029,2025-03-24,10915
D03,PW-1029,2025-03-31,11297
D03,PW-1029,2025-04-07,10841
D03,PW-1029,2025-04-14,11179
D03,PW-1029,2025-04-21,10831
D03,PW-1029,2025-04-28,11098
D03,PW-1029,2025-05-05,9678
D03,PW-1029,2025-05-12,8269
D03,PW-1029,2025-05-19,8232
D03,PW-1029,2025-05-26,8427
D03,PW-1029,2025-06-02,11377
D03,PW-1029,2025-06-09,12020
D03,PW-1029,2025-06-16,11149
D03,PW-1029,2025-06-23,10492
D03,PW-1029,2025-06-30,11232
D03,PW-1029,2025-07-07,9737
D03,PW-1029,2025-07-14,8332
D03,PW-1029,2025-07-21,9554
D03,PW-1029,2025-07-28,11217
D03,PW-1029,2025-08-04,11221
D03,PW-1029,2025-08-11,12547
D03,PW-1029,2025-08-18,13171
D03,PW-1029,2025-08-25,12576
D03,PW-1029,2025-09-01,13629
D03,PW-1029,2025-09-08,14573
D03,PW-1029,2025-09-15,14026
D03,PW-1029,2025-09-22,13523
D03,PW-1029,2025-09-29,14440
D03,PW-1029,2025-10-06,14533
D03,PW-1029,2025-10-13,13344
D03,PW-1029,2025-10-20,13541
D03,PW-1029,2025-10-27,14390
D03,PW-1029,2025-11-03,15258
D03,PW-1029,2025-11-10,14564
D03,PW-1029,2025-11-17,14765
D03,PW-1029,2025-11-24,14843
D03,PW-1029,2025-12-01,14485
D03,PW-1029,2025-12-08,14539
D03,PW-1029,2025-12-15,14355
D03,PW-1029,2025-12-22,14830
D03,PW-1029,2025-12-29,13920
D03,PW-1029,2026-01-05,13795
D03,PW-1029,2026-01-12,12749
D03,PW-1029,2026-01-19,12120
D03,PW-1029,2026-01-26,10815
D03,PW-1029,2026-02-02,10128
D03,PW-1029,2026-02-09,10502
D03,PW-1029,2026-02-16,9161
D03,PW-1029,2026-02-23,10551
D03,PW-1029,2026-03-02,11346
D03,PW-1029,2026-03-09,11475
D03,PW-1029,2026-03-16,10918
D03,PW-1029,2026-03-23,9584
D03,PW-1029,2026-03-30,8428
D03,PW-1029,2026-04-06,10500
D03,PW-1029,2026-04-13,12454
D03,PW-1029,2026-04-20,12339
D03,PW-1029,2026-04-27,11702
D03,PW-1029,2026-05-04,10824
D03,PW-1029,2026-05-11,9601
D03,PW-1029,2026-05-18,10537
D03,PW-1029,2026-05-25,10490
D03,PW-1029,2026-06-01,10591
D03,PW-1029,2026-06-08,10868
D03,PW-1029,2026-06-15,10500
D03,PW-1029,2026-06-22,9665
D03,SC-1019,2024-01-01,3413
D03,SC-1019,2024-01-08,3396
D03,SC-1019,2024-01-15,3400
D03,SC-1019,2024-01-22,3453
D03,SC-1019,2024-01-29,3268
D03,SC-1019,2024-02-05,3447
D03,SC-1019,2024-02-12,3458
D03,SC-1019,2024-02-19,3500
D03,SC-1019,2024-02-26,3518
D03,SC-1019,2024-03-04,3541
D03,SC-1019,2024-03-11,3603
D03,SC-1019,2024-03-18,3558
D03,SC-1019,2024-03-25,3536
D03,SC-1019,2024-04-01,3471
D03,SC-1019,2024-04-08,3485
D03,SC-1019,2024-04-15,3416
D03,SC-1019,2024-04-22,3465
D03,SC-1019,2024-04-29,3397
D03,SC-1019,2024-05-06,3317
D03,SC-1019,2024-05-13,3331
D03,SC-1019,2024-05-20,3014
D03,SC-1019,2024-05-27,2962
D03,SC-1019,2024-06-03,2996
D03,SC-1019,2024-06-10,2597
D03,SC-1019,2024-06-17,2835
D03,SC-1019,2024-06-24,2690
D03,SC-1019,2024-07-01,2767
D03,SC-1019,2024-07-08,2503
D03,SC-1019,2024-07-15,2482
D03,SC-1019,2024-07-22,2232
D03,SC-1019,2024-07-29,1914
D03,SC-1019,2024-08-05,2297
D03,SC-1019,2024-08-12,2223
D03,SC-1019,2024-08-19,2618
D03,SC-1019,2024-08-26,2105
D03,SC-1019,2024-09-02,2616
D03,SC-1019,2024-09-09,2780
D03,SC-1019,2024-09-16,3074
D03,SC-1019,2024-09-23,3627
D03,SC-1019,2024-09-30,3253
D03,SC-1019,2024-10-07,3791
D03,SC-1019,2024-10-14,4301
D03,SC-1019,2024-10-21,4498
D03,SC-1019,2024-10-28,4881
D03,SC-1019,2024-11-04,4784
D03,SC-1019,2024-11-11,4645
D03,SC-1019,2024-11-18,4240
D03,SC-1019,2024-11-25,4440
D03,SC-1019,2024-12-02,4100
D03,SC-1019,2024-12-09,3822
D03,SC-1019,2024-12-16,3527
D03,SC-1019,2024-12-23,3223
D03,SC-1019,2024-12-30,3688
D03,SC-1019,2025-01-06,3826
D03,SC-1019,2025-01-13,4939
D03,SC-1019,2025-01-20,4612
D03,SC-1019,2025-01-27,4350
D03,SC-1019,2025-02-03,4900
D03,SC-1019,2025-02-10,4964
D03,SC-1019,2025-02-17,5032
D03,SC-1019,2025-02-24,4628
D03,SC-1019,2025-03-03,4240
D03,SC-1019,2025-03-10,3843
D03,SC-1019,2025-03-17,3363
D03,SC-1019,2025-03-24,3850
D03,SC-1019,2025-03-31,3654
D03,SC-1019,2025-04-07,3747
D03,SC-1019,2025-04-14,3521
D03,SC-1019,2025-04-21,3421
D03,SC-1019,2025-04-28,3272
D03,SC-1019,2025-05-05,3079
D03,SC-1019,2025-05-12,2691
D03,SC-1019,2025-05-19,2253
D03,SC-1019,2025-05-26,1879
D03,SC-1019,2025-06-02,1514
D03,SC-1019,2025-06-09,1118
D03,SC-1019,2025-06-16,1059
D03,SC-1019,2025-06-23,1996
D03,SC-1019,2025-06-30,1906
D03,SC-1019,2025-07-07,1988
D03,SC-1019,2025-07-14,2900
D03,SC-1019,2025-07-21,3175
D03,SC-1019,2025-07-28,3476
D03,SC-1019,2025-08-04,3497
D03,SC-1019,2025-08-11,3479
D03,SC-1019,2025-08-18,2950
D03,SC-1019,2025-08-25,3083
D03,SC-1019,2025-09-01,2761
D03,SC-1019,2025-09-08,3183
D03,SC-1019,2025-09-15,2867
D03,SC-1019,2025-09-22,2550
D03,SC-1019,2025-09-29,2338
D03,SC-1019,2025-10-06,2011
D03,SC-1019,2025-10-13,2565
D03,SC-1019,2025-10-20,4262
D03,SC-1019,2025-10-27,3996
D03,SC-1019,2025-11-03,3978
D03,SC-1019,2025-11-10,3737
D03,SC-1019,2025-11-17,4532
D03,SC-1019,2025-11-24,4251
D03,SC-1019,2025-12-01,3871
D03,SC-1019,2025-12-08,3612
D03,SC-1019,2025-12-15,4169
D03,SC-1019,2025-12-22,4548
D03,SC-1019,2025-12-29,4284
D03,SC-1019,2026-01-05,3953
D03,SC-1019,2026-01-12,4727
D03,SC-1019,2026-01-19,4496
D03,SC-1019,2026-01-26,4497
D03,SC-1019,2026-02-02,4265
D03,SC-1019,2026-02-09,5090
D03,SC-1019,2026-02-16,5283
D03,SC-1019,2026-02-23,5502
D03,SC-1019,2026-03-02,5270
D03,SC-1019,2026-03-09,5030
D03,SC-1019,2026-03-16,4640
D03,SC-1019,2026-03-23,4407
D03,SC-1019,2026-03-30,4157
D03,SC-1019,2026-04-06,3890
D03,SC-1019,2026-04-13,3621
D03,SC-1019,2026-04-20,3385
D03,SC-1019,2026-04-27,3078
D03,SC-1019,2026-05-04,2811
D03,SC-1019,2026-05-11,2544
D03,SC-1019,2026-05-18,2306
D03,SC-1019,2026-05-25,3047
D03,SC-1019,2026-06-01,3141
D03,SC-1019,2026-06-08,2884
D03,SC-1019,2026-06-15,2636
D03,SC-1019,2026-06-22,2401
D03,PW-1030,2024-01-01,4770
D03,PW-1030,2024-01-08,4875
D03,PW-1030,2024-01-15,4989
D03,PW-1030,2024-01-22,5066
D03,PW-1030,2024-01-29,5096
D03,PW-1030,2024-02-05,5088
D03,PW-1030,2024-02-12,5132
D03,PW-1030,2024-02-19,5135
D03,PW-1030,2024-02-26,5313
D03,PW-1030,2024-03-04,5075
D03,PW-1030,2024-03-11,5385
D03,PW-1030,2024-03-18,5481
D03,PW-1030,2024-03-25,4953
D03,PW-1030,2024-04-01,4583
D03,PW-1030,2024-04-08,4331
D03,PW-1030,2024-04-15,4000
D03,PW-1030,2024-04-22,4018
D03,PW-1030,2024-04-29,3813
D03,PW-1030,2024-05-06,3901
D03,PW-1030,2024-05-13,3884
D03,PW-1030,2024-05-20,3293
D03,PW-1030,2024-05-27,3515
D03,PW-1030,2024-06-03,3111
D03,PW-1030,2024-06-10,2970
D03,PW-1030,2024-06-17,3195
D03,PW-1030,2024-06-24,3680
D03,PW-1030,2024-07-01,3905
D03,PW-1030,2024-07-08,4485
D03,PW-1030,2024-07-15,4726
D03,PW-1030,2024-07-22,5723
D03,PW-1030,2024-07-29,5426
D03,PW-1030,2024-08-05,5559
D03,PW-1030,2024-08-12,5779
D03,PW-1030,2024-08-19,5478
D03,PW-1030,2024-08-26,6108
D03,PW-1030,2024-09-02,5499
D03,PW-1030,2024-09-09,5645
D03,PW-1030,2024-09-16,5079
D03,PW-1030,2024-09-23,5269
D03,PW-1030,2024-09-30,5044
D03,PW-1030,2024-10-07,4836
D03,PW-1030,2024-10-14,4925
D03,PW-1030,2024-10-21,4813
D03,PW-1030,2024-10-28,5516
D03,PW-1030,2024-11-04,5478
D03,PW-1030,2024-11-11,5508
D03,PW-1030,2024-11-18,5978
D03,PW-1030,2024-11-25,6423
D03,PW-1030,2024-12-02,6060
D03,PW-1030,2024-12-09,5815
D03,PW-1030,2024-12-16,6355
D03,PW-1030,2024-12-23,6094
D03,PW-1030,2024-12-30,5849
D03,PW-1030,2025-01-06,5305
D03,PW-1030,2025-01-13,4920
D03,PW-1030,2025-01-20,4322
D03,PW-1030,2025-01-27,4863
D03,PW-1030,2025-02-03,4622
D03,PW-1030,2025-02-10,4733
D03,PW-1030,2025-02-17,4979
D03,PW-1030,2025-02-24,4463
D03,PW-1030,2025-03-03,4696
D03,PW-1030,2025-03-10,4222
D03,PW-1030,2025-03-17,5026
D03,PW-1030,2025-03-24,4680
D03,PW-1030,2025-03-31,4508
D03,PW-1030,2025-04-07,3884
D03,PW-1030,2025-04-14,3914
D03,PW-1030,2025-04-21,4379
D03,PW-1030,2025-04-28,3896
D03,PW-1030,2025-05-05,4021
D03,PW-1030,2025-05-12,3492
D03,PW-1030,2025-05-19,3296
D03,PW-1030,2025-05-26,3180
D03,PW-1030,2025-06-02,3871
D03,PW-1030,2025-06-09,3361
D03,PW-1030,2025-06-16,3808
D03,PW-1030,2025-06-23,3279
D03,PW-1030,2025-06-30,4196
D03,PW-1030,2025-07-07,4860
D03,PW-1030,2025-07-14,5825
D03,PW-1030,2025-07-21,5549
D03,PW-1030,2025-07-28,6165
D03,PW-1030,2025-08-04,6278
D03,PW-1030,2025-08-11,6774
D03,PW-1030,2025-08-18,7212
D03,PW-1030,2025-08-25,7219
D03,PW-1030,2025-09-01,6394
D03,PW-1030,2025-09-08,5914
D03,PW-1030,2025-09-15,5844
D03,PW-1030,2025-09-22,5762
D03,PW-1030,2025-09-29,6023
D03,PW-1030,2025-10-06,5552
D03,PW-1030,2025-10-13,5292
D03,PW-1030,2025-10-20,5577
D03,PW-1030,2025-10-27,6036
D03,PW-1030,2025-11-03,6075
D03,PW-1030,2025-11-10,6042
D03,PW-1030,2025-11-17,5911
D03,PW-1030,2025-11-24,6950
D03,PW-1030,2025-12-01,6963
D03,PW-1030,2025-12-08,6859
D03,PW-1030,2025-12-15,6964
D03,PW-1030,2025-12-22,6355
D03,PW-1030,2025-12-29,6276
D03,PW-1030,2026-01-05,6121
D03,PW-1030,2026-01-12,6045
D03,PW-1030,2026-01-19,5578
D03,PW-1030,2026-01-26,5239
D03,PW-1030,2026-02-02,4889
D03,PW-1030,2026-02-09,4267
D03,PW-1030,2026-02-16,4005
D03,PW-1030,2026-02-23,3380
D03,PW-1030,2026-03-02,4162
D03,PW-1030,2026-03-09,3860
D03,PW-1030,2026-03-16,4041
D03,PW-1030,2026-03-23,4135
D03,PW-1030,2026-03-30,3746
D03,PW-1030,2026-04-06,4476
D03,PW-1030,2026-04-13,4270
D03,PW-1030,2026-04-20,4142
D03,PW-1030,2026-04-27,4044
D03,PW-1030,2026-05-04,5253
D03,PW-1030,2026-05-11,4874
D03,PW-1030,2026-05-18,5043
D03,PW-1030,2026-05-25,6056
D03,PW-1030,2026-06-01,5785
D03,PW-1030,2026-06-08,5962
D03,PW-1030,2026-06-15,6352
D03,PW-1030,2026-06-22,5865
D03,PM-1007,2024-01-01,26080
D03,PM-1007,2024-01-08,25840
D03,PM-1007,2024-01-15,26204
D03,PM-1007,2024-01-22,26633
D03,PM-1007,2024-01-29,27118
D03,PM-1007,2024-02-05,27269
D03,PM-1007,2024-02-12,27450
D03,PM-1007,2024-02-19,27662
D03,PM-1007,2024-02-26,27595
D03,PM-1007,2024-03-04,27946
D03,PM-1007,2024-03-11,27557
D03,PM-1007,2024-03-18,28344
D03,PM-1007,2024-03-25,27135
D03,PM-1007,2024-04-01,25222
D03,PM-1007,2024-04-08,23596
D03,PM-1007,2024-04-15,22022
D03,PM-1007,2024-04-22,20831
D03,PM-1007,2024-04-29,20678
D03,PM-1007,2024-05-06,20714
D03,PM-1007,2024-05-13,18746
D03,PM-1007,2024-05-20,20700
D03,PM-1007,2024-05-27,20342
D03,PM-1007,2024-06-03,19883
D03,PM-1007,2024-06-10,19931
D03,PM-1007,2024-06-17,20209
D03,PM-1007,2024-06-24,19842
D03,PM-1007,2024-07-01,16990
D03,PM-1007,2024-07-08,21688
D03,PM-1007,2024-07-15,21337
D03,PM-1007,2024-07-22,23195
D03,PM-1007,2024-07-29,23740
D03,PM-1007,2024-08-05,25059
D03,PM-1007,2024-08-12,27371
D03,PM-1007,2024-08-19,26031
D03,PM-1007,2024-08-26,23036
D03,PM-1007,2024-09-02,26549
D03,PM-1007,2024-09-09,32040
D03,PM-1007,2024-09-16,30338
D03,PM-1007,2024-09-23,33145
D03,PM-1007,2024-09-30,34049
D03,PM-1007,2024-10-07,33389
D03,PM-1007,2024-10-14,34055
D03,PM-1007,2024-10-21,34529
D03,PM-1007,2024-10-28,31860
D03,PM-1007,2024-11-04,31920
D03,PM-1007,2024-11-11,32656
D03,PM-1007,2024-11-18,29868
D03,PM-1007,2024-11-25,27242
D03,PM-1007,2024-12-02,25318
D03,PM-1007,2024-12-09,25362
D03,PM-1007,2024-12-16,23932
D03,PM-1007,2024-12-23,22957
D03,PM-1007,2024-12-30,22769
D03,PM-1007,2025-01-06,24166
D03,PM-1007,2025-01-13,28656
D03,PM-1007,2025-01-20,26545
D03,PM-1007,2025-01-27,29798
D03,PM-1007,2025-02-03,30040
D03,PM-1007,2025-02-10,27535
D03,PM-1007,2025-02-17,25787
D03,PM-1007,2025-02-24,29370
D03,PM-1007,2025-03-03,26891
D03,PM-1007,2025-03-10,24264
D03,PM-1007,2025-03-17,22432
D03,PM-1007,2025-03-24,24020
D03,PM-1007,2025-03-31,22042
D03,PM-1007,2025-04-07,21244
D03,PM-1007,2025-04-14,20804
D03,PM-1007,2025-04-21,20047
D03,PM-1007,2025-04-28,20708
D03,PM-1007,2025-05-05,18046
D03,PM-1007,2025-05-12,18848
D03,PM-1007,2025-05-19,18767
D03,PM-1007,2025-05-26,21462
D03,PM-1007,2025-06-02,22523
D03,PM-1007,2025-06-09,23169
D03,PM-1007,2025-06-16,23384
D03,PM-1007,2025-06-23,23067
D03,PM-1007,2025-06-30,21450
D03,PM-1007,2025-07-07,20552
D03,PM-1007,2025-07-14,24091
D03,PM-1007,2025-07-21,25520
D03,PM-1007,2025-07-28,24297
D03,PM-1007,2025-08-04,21359
D03,PM-1007,2025-08-11,20368
D03,PM-1007,2025-08-18,23247
D03,PM-1007,2025-08-25,25578
D03,PM-1007,2025-09-01,26831
D03,PM-1007,2025-09-08,30148
D03,PM-1007,2025-09-15,30608
D03,PM-1007,2025-09-22,31780
D03,PM-1007,2025-09-29,29405
D03,PM-1007,2025-10-06,30495
D03,PM-1007,2025-10-13,32214
D03,PM-1007,2025-10-20,29976
D03,PM-1007,2025-10-27,28053
D03,PM-1007,2025-11-03,27853
D03,PM-1007,2025-11-10,29319
D03,PM-1007,2025-11-17,29565
D03,PM-1007,2025-11-24,30798
D03,PM-1007,2025-12-01,31748
D03,PM-1007,2025-12-08,30289
D03,PM-1007,2025-12-15,32157
D03,PM-1007,2025-12-22,30803
D03,PM-1007,2025-12-29,29641
D03,PM-1007,2026-01-05,27256
D03,PM-1007,2026-01-12,26348
D03,PM-1007,2026-01-19,25720
D03,PM-1007,2026-01-26,23477
D03,PM-1007,2026-02-02,25275
D03,PM-1007,2026-02-09,22412
D03,PM-1007,2026-02-16,23104
D03,PM-1007,2026-02-23,21010
D03,PM-1007,2026-03-02,23142
D03,PM-1007,2026-03-09,23721
D03,PM-1007,2026-03-16,23362
D03,PM-1007,2026-03-23,23808
D03,PM-1007,2026-03-30,23652
D03,PM-1007,2026-04-06,27398
D03,PM-1007,2026-04-13,26167
D03,PM-1007,2026-04-20,28420
D03,PM-1007,2026-04-27,26167
D03,PM-1007,2026-05-04,26520
D03,PM-1007,2026-05-11,23695
D03,PM-1007,2026-05-18,23697
D03,PM-1007,2026-05-25,23205
D03,PM-1007,2026-06-01,22967
D03,PM-1007,2026-06-08,22142
D03,PM-1007,2026-06-15,21699
D03,PM-1007,2026-06-22,22238
D04,IG-1010,2024-01-01,637
D04,IG-1010,2024-01-08,577
D04,IG-1010,2024-01-15,630
D04,IG-1010,2024-01-22,631
D04,IG-1010,2024-01-29,624
D04,IG-1010,2024-02-05,635
D04,IG-1010,2024-02-12,641
D04,IG-1010,2024-02-19,634
D04,IG-1010,2024-02-26,630
D04,IG-1010,2024-03-04,617
D04,IG-1010,2024-03-11,598
D04,IG-1010,2024-03-18,577
D04,IG-1010,2024-03-25,551
D04,IG-1010,2024-04-01,520
D04,IG-1010,2024-04-08,484
D04,IG-1010,2024-04-15,444
D04,IG-1010,2024-04-22,444
D04,IG-1010,2024-04-29,415
D04,IG-1010,2024-05-06,468
D04,IG-1010,2024-05-13,391
D04,IG-1010,2024-05-20,384
D04,IG-1010,2024-05-27,337
D04,IG-1010,2024-06-03,342
D04,IG-1010,2024-06-10,334
D04,IG-1010,2024-06-17,341
D04,IG-1010,2024-06-24,258
D04,IG-1010,2024-07-01,397
D04,IG-1010,2024-07-08,484
D04,IG-1010,2024-07-15,528
D04,IG-1010,2024-07-22,648
D04,IG-1010,2024-07-29,700
D04,IG-1010,2024-08-05,847
D04,IG-1010,2024-08-12,1027
D04,IG-1010,2024-08-19,983
D04,IG-1010,2024-08-26,922
D04,IG-1010,2024-09-02,882
D04,IG-1010,2024-09-09,857
D04,IG-1010,2024-09-16,781
D04,IG-1010,2024-09-23,750
D04,IG-1010,2024-09-30,674
D04,IG-1010,2024-10-07,579
D04,IG-1010,2024-10-14,650
D04,IG-1010,2024-10-21,579
D04,IG-1010,2024-10-28,514
D04,IG-1010,2024-11-04,865
D04,IG-1010,2024-11-11,1032
D04,IG-1010,2024-11-18,948
D04,IG-1010,2024-11-25,934
D04,IG-1010,2024-12-02,896
D04,IG-1010,2024-12-09,840
D04,IG-1010,2024-12-16,773
D04,IG-1010,2024-12-23,842
D04,IG-1010,2024-12-30,768
D04,IG-1010,2025-01-06,688
D04,IG-1010,2025-01-13,702
D04,IG-1010,2025-01-20,736
D04,IG-1010,2025-01-27,817
D04,IG-1010,2025-02-03,745
D04,IG-1010,2025-02-10,715
D04,IG-1010,2025-02-17,683
D04,IG-1010,2025-02-24,643
D04,IG-1010,2025-03-03,581
D04,IG-1010,2025-03-10,615
D04,IG-1010,2025-03-17,554
D04,IG-1010,2025-03-24,643
D04,IG-1010,2025-03-31,620
D04,IG-1010,2025-04-07,644
D04,IG-1010,2025-04-14,643
D04,IG-1010,2025-04-21,633
D04,IG-1010,2025-04-28,657
D04,IG-1010,2025-05-05,580
D04,IG-1010,2025-05-12,666
D04,IG-1010,2025-05-19,676
D04,IG-1010,2025-05-26,703
D04,IG-1010,2025-06-02,615
D04,IG-1010,2025-06-09,751
D04,IG-1010,2025-06-16,804
D04,IG-1010,2025-06-23,709
D04,IG-1010,2025-06-30,776
D04,IG-1010,2025-07-07,823
D04,IG-1010,2025-07-14,776
D04,IG-1010,2025-07-21,902
D04,IG-1010,2025-07-28,892
D04,IG-1010,2025-08-04,815
D04,IG-1010,2025-08-11,842
D04,IG-1010,2025-08-18,889
D04,IG-1010,2025-08-25,927
D04,IG-1010,2025-09-01,862
D04,IG-1010,2025-09-08,980
D04,IG-1010,2025-09-15,956
D04,IG-1010,2025-09-22,1064
D04,IG-1010,2025-09-29,1137
D04,IG-1010,2025-10-06,1127
D04,IG-1010,2025-10-13,1237
D04,IG-1010,2025-10-20,1180
D04,IG-1010,2025-10-27,1166
D04,IG-1010,2025-11-03,1160
D04,IG-1010,2025-11-10,1198
D04,IG-1010,2025-11-17,1140
D04,IG-1010,2025-11-24,1214
D04,IG-1010,2025-12-01,1258
D04,IG-1010,2025-12-08,1244
D04,IG-1010,2025-12-15,1186
D04,IG-1010,2025-12-22,1237
D04,IG-1010,2025-12-29,1288
D04,IG-1010,2026-01-05,1409
D04,IG-1010,2026-01-12,1390
D04,IG-1010,2026-01-19,1349
D04,IG-1010,2026-01-26,1297
D04,IG-1010,2026-02-02,1257
D04,IG-1010,2026-02-09,1211
D04,IG-1010,2026-02-16,1163
D04,IG-1010,2026-02-23,1111
D04,IG-1010,2026-03-02,1066
D04,IG-1010,2026-03-09,1009
D04,IG-1010,2026-03-16,1007
D04,IG-1010,2026-03-23,1036
D04,IG-1010,2026-03-30,1033
D04,IG-1010,2026-04-06,1017
D04,IG-1010,2026-04-13,984
D04,IG-1010,2026-04-20,971
D04,IG-1010,2026-04-27,926
D04,IG-1010,2026-05-04,880
D04,IG-1010,2026-05-11,843
D04,IG-1010,2026-05-18,792
D04,IG-1010,2026-05-25,747
D04,IG-1010,2026-06-01,702
D04,IG-1010,2026-06-08,706
D04,IG-1010,2026-06-15,764
D04,IG-1010,2026-06-22,748
D04,SC-1021,2024-01-01,2896
D04,SC-1021,2024-01-08,2801
D04,SC-1021,2024-01-15,2996
D04,SC-1021,2024-01-22,3049
D04,SC-1021,2024-01-29,2957
D04,SC-1021,2024-02-05,3072
D04,SC-1021,2024-02-12,2861
D04,SC-1021,2024-02-19,2612
D04,SC-1021,2024-02-26,3087
D04,SC-1021,2024-03-04,3037
D04,SC-1021,2024-03-11,3137
D04,SC-1021,2024-03-18,3097
D04,SC-1021,2024-03-25,3136
D04,SC-1021,2024-04-01,3069
D04,SC-1021,2024-04-08,3008
D04,SC-1021,2024-04-15,3015
D04,SC-1021,2024-04-22,3078
D04,SC-1021,2024-04-29,3063
D04,SC-1021,2024-05-06,2830
D04,SC-1021,2024-05-13,2691
D04,SC-1021,2024-05-20,2449
D04,SC-1021,2024-05-27,2204
D04,SC-1021,2024-06-03,2172
D04,SC-1021,2024-06-10,1968
D04,SC-1021,2024-06-17,2420
D04,SC-1021,2024-06-24,2035
D04,SC-1021,2024-07-01,2000
D04,SC-1021,2024-07-08,1798
D04,SC-1021,2024-07-15,1779
D04,SC-1021,2024-07-22,1456
D04,SC-1021,2024-07-29,1832
D04,SC-1021,2024-08-05,2210
D04,SC-1021,2024-08-12,1869
D04,SC-1021,2024-08-19,2305
D04,SC-1021,2024-08-26,2342
D04,SC-1021,2024-09-02,2432
D04,SC-1021,2024-09-09,2183
D04,SC-1021,2024-09-16,2576
D04,SC-1021,2024-09-23,2706
D04,SC-1021,2024-09-30,2574
D04,SC-1021,2024-10-07,3172
D04,SC-1021,2024-10-14,2860
D04,SC-1021,2024-10-21,2804
D04,SC-1021,2024-10-28,2876
D04,SC-1021,2024-11-04,3340
D04,SC-1021,2024-11-11,3649
D04,SC-1021,2024-11-18,3912
D04,SC-1021,2024-11-25,3596
D04,SC-1021,2024-12-02,3325
D04,SC-1021,2024-12-09,4066
D04,SC-1021,2024-12-16,4008
D04,SC-1021,2024-12-23,3982
D04,SC-1021,2024-12-30,4046
D04,SC-1021,2025-01-06,3739
D04,SC-1021,2025-01-13,3402
D04,SC-1021,2025-01-20,3258
D04,SC-1021,2025-01-27,3132
D04,SC-1021,2025-02-03,3355
D04,SC-1021,2025-02-10,3654
D04,SC-1021,2025-02-17,3292
D04,SC-1021,2025-02-24,2919
D04,SC-1021,2025-03-03,2651
D04,SC-1021,2025-03-10,2674
D04,SC-1021,2025-03-17,2312
D04,SC-1021,2025-03-24,1892
D04,SC-1021,2025-03-31,1822
D04,SC-1021,2025-04-07,1697
D04,SC-1021,2025-04-14,1969
D04,SC-1021,2025-04-21,1531
D04,SC-1021,2025-04-28,1610
D04,SC-1021,2025-05-05,1829
D04,SC-1021,2025-05-12,2398
D04,SC-1021,2025-05-19,2254
D04,SC-1021,2025-05-26,3293
D04,SC-1021,2025-06-02,3275
D04,SC-1021,2025-06-09,3087
D04,SC-1021,2025-06-16,3884
D04,SC-1021,2025-06-23,3927
D04,SC-1021,2025-06-30,3787
D04,SC-1021,2025-07-07,3812
D04,SC-1021,2025-07-14,4670
D04,SC-1021,2025-07-21,4367
D04,SC-1021,2025-07-28,4066
D04,SC-1021,2025-08-04,4027
D04,SC-1021,2025-08-11,4031
D04,SC-1021,2025-08-18,3743
D04,SC-1021,2025-08-25,3450
D04,SC-1021,2025-09-01,3233
D04,SC-1021,2025-09-08,3455
D04,SC-1021,2025-09-15,4030
D04,SC-1021,2025-09-22,4325
D04,SC-1021,2025-09-29,4114
D04,SC-1021,2025-10-06,3866
D04,SC-1021,2025-10-13,3682
D04,SC-1021,2025-10-20,3626
D04,SC-1021,2025-10-27,3558
D04,SC-1021,2025-11-03,3329
D04,SC-1021,2025-11-10,3047
D04,SC-1021,2025-11-17,3489
D04,SC-1021,2025-11-24,3335
D04,SC-1021,2025-12-01,3119
D04,SC-1021,2025-12-08,3755
D04,SC-1021,2025-12-15,4092
D04,SC-1021,2025-12-22,4188
D04,SC-1021,2025-12-29,4270
D04,SC-1021,2026-01-05,4627
D04,SC-1021,2026-01-12,4335
D04,SC-1021,2026-01-19,4662
D04,SC-1021,2026-01-26,5105
D04,SC-1021,2026-02-02,5158
D04,SC-1021,2026-02-09,5147
D04,SC-1021,2026-02-16,4949
D04,SC-1021,2026-02-23,4751
D04,SC-1021,2026-03-02,4791
D04,SC-1021,2026-03-09,4604
D04,SC-1021,2026-03-16,4409
D04,SC-1021,2026-03-23,4227
D04,SC-1021,2026-03-30,4007
D04,SC-1021,2026-04-06,3788
D04,SC-1021,2026-04-13,3831
D04,SC-1021,2026-04-20,3583
D04,SC-1021,2026-04-27,4327
D04,SC-1021,2026-05-04,4163
D04,SC-1021,2026-05-11,3962
D04,SC-1021,2026-05-18,3936
D04,SC-1021,2026-05-25,3720
D04,SC-1021,2026-06-01,3945
D04,SC-1021,2026-06-08,3667
D04,SC-1021,2026-06-15,3987
D04,SC-1021,2026-06-22,3784
D04,SC-1016,2024-01-01,6801
D04,SC-1016,2024-01-08,6550
D04,SC-1016,2024-01-15,6994
D04,SC-1016,2024-01-22,7379
D04,SC-1016,2024-01-29,7558
D04,SC-1016,2024-02-05,7514
D04,SC-1016,2024-02-12,7533
D04,SC-1016,2024-02-19,7645
D04,SC-1016,2024-02-26,7369
D04,SC-1016,2024-03-04,7578
D04,SC-1016,2024-03-11,7556
D04,SC-1016,2024-03-18,7605
D04,SC-1016,2024-03-25,7437
D04,SC-1016,2024-04-01,7347
D04,SC-1016,2024-04-08,7377
D04,SC-1016,2024-04-15,7307
D04,SC-1016,2024-04-22,7455
D04,SC-1016,2024-04-29,7038
D04,SC-1016,2024-05-06,6807
D04,SC-1016,2024-05-13,6556
D04,SC-1016,2024-05-20,7072
D04,SC-1016,2024-05-27,6178
D04,SC-1016,2024-06-03,5389
D04,SC-1016,2024-06-10,5437
D04,SC-1016,2024-06-17,4581
D04,SC-1016,2024-06-24,5001
D04,SC-1016,2024-07-01,4872
D04,SC-1016,2024-07-08,4223
D04,SC-1016,2024-07-15,3513
D04,SC-1016,2024-07-22,3984
D04,SC-1016,2024-07-29,4433
D04,SC-1016,2024-08-05,4110
D04,SC-1016,2024-08-12,4412
D04,SC-1016,2024-08-19,5514
D04,SC-1016,2024-08-26,4794
D04,SC-1016,2024-09-02,5317
D04,SC-1016,2024-09-09,4828
D04,SC-1016,2024-09-16,5009
D04,SC-1016,2024-09-23,6095
D04,SC-1016,2024-09-30,7343
D04,SC-1016,2024-10-07,6706
D04,SC-1016,2024-10-14,8091
D04,SC-1016,2024-10-21,8951
D04,SC-1016,2024-10-28,9570
D04,SC-1016,2024-11-04,10464
D04,SC-1016,2024-11-11,9589
D04,SC-1016,2024-11-18,8574
D04,SC-1016,2024-11-25,7889
D04,SC-1016,2024-12-02,7077
D04,SC-1016,2024-12-09,6419
D04,SC-1016,2024-12-16,6412
D04,SC-1016,2024-12-23,7316
D04,SC-1016,2024-12-30,8155
D04,SC-1016,2025-01-06,9110
D04,SC-1016,2025-01-13,10232
D04,SC-1016,2025-01-20,11180
D04,SC-1016,2025-01-27,11334
D04,SC-1016,2025-02-03,11154
D04,SC-1016,2025-02-10,10412
D04,SC-1016,2025-02-17,9551
D04,SC-1016,2025-02-24,10148
D04,SC-1016,2025-03-03,11058
D04,SC-1016,2025-03-10,10474
D04,SC-1016,2025-03-17,9977
D04,SC-1016,2025-03-24,10048
D04,SC-1016,2025-03-31,10184
D04,SC-1016,2025-04-07,10971
D04,SC-1016,2025-04-14,9826
D04,SC-1016,2025-04-21,8857
D04,SC-1016,2025-04-28,7677
D04,SC-1016,2025-05-05,7967
D04,SC-1016,2025-05-12,9073
D04,SC-1016,2025-05-19,8022
D04,SC-1016,2025-05-26,6941
D04,SC-1016,2025-06-02,5823
D04,SC-1016,2025-06-09,4793
D04,SC-1016,2025-06-16,5900
D04,SC-1016,2025-06-23,6567
D04,SC-1016,2025-06-30,6807
D04,SC-1016,2025-07-07,6101
D04,SC-1016,2025-07-14,7308
D04,SC-1016,2025-07-21,7316
D04,SC-1016,2025-07-28,7193
D04,SC-1016,2025-08-04,6463
D04,SC-1016,2025-08-11,5726
D04,SC-1016,2025-08-18,4899
D04,SC-1016,2025-08-25,4168
D04,SC-1016,2025-09-01,3491
D04,SC-1016,2025-09-08,2758
D04,SC-1016,2025-09-15,5894
D04,SC-1016,2025-09-22,5222
D04,SC-1016,2025-09-29,4681
D04,SC-1016,2025-10-06,4157
D04,SC-1016,2025-10-13,4504
D04,SC-1016,2025-10-20,7483
D04,SC-1016,2025-10-27,7057
D04,SC-1016,2025-11-03,8082
D04,SC-1016,2025-11-10,8505
D04,SC-1016,2025-11-17,13234
D04,SC-1016,2025-11-24,12657
D04,SC-1016,2025-12-01,12656
D04,SC-1016,2025-12-08,13343
D04,SC-1016,2025-12-15,13672
D04,SC-1016,2025-12-22,13165
D04,SC-1016,2025-12-29,14143
D04,SC-1016,2026-01-05,14115
D04,SC-1016,2026-01-12,13526
D04,SC-1016,2026-01-19,13036
D04,SC-1016,2026-01-26,12475
D04,SC-1016,2026-02-02,14040
D04,SC-1016,2026-02-09,13506
D04,SC-1016,2026-02-16,13197
D04,SC-1016,2026-02-23,12675
D04,SC-1016,2026-03-02,12023
D04,SC-1016,2026-03-09,11583
D04,SC-1016,2026-03-16,10879
D04,SC-1016,2026-03-23,10320
D04,SC-1016,2026-03-30,10406
D04,SC-1016,2026-04-06,9936
D04,SC-1016,2026-04-13,9849
D04,SC-1016,2026-04-20,10398
D04,SC-1016,2026-04-27,10266
D04,SC-1016,2026-05-04,9791
D04,SC-1016,2026-05-11,10028
D04,SC-1016,2026-05-18,10958
D04,SC-1016,2026-05-25,10334
D04,SC-1016,2026-06-01,10533
D04,SC-1016,2026-06-08,9934
D04,SC-1016,2026-06-15,9228
D04,SC-1016,2026-06-22,9572
D04,IS-1022,2024-01-01,3247
D04,IS-1022,2024-01-08,3591
D04,IS-1022,2024-01-15,3634
D04,IS-1022,2024-01-22,3611
D04,IS-1022,2024-01-29,3673
D04,IS-1022,2024-02-05,3702
D04,IS-1022,2024-02-12,3608
D04,IS-1022,2024-02-19,3592
D04,IS-1022,2024-02-26,3476
D04,IS-1022,2024-03-04,3597
D04,IS-1022,2024-03-11,3440
D04,IS-1022,2024-03-18,3284
D04,IS-1022,2024-03-25,3445
D04,IS-1022,2024-04-01,3203
D04,IS-1022,2024-04-08,3101
D04,IS-1022,2024-04-15,3354
D04,IS-1022,2024-04-22,3002
D04,IS-1022,2024-04-29,2912
D04,IS-1022,2024-05-06,2658
D04,IS-1022,2024-05-13,2642
D04,IS-1022,2024-05-20,3132
D04,IS-1022,2024-05-27,3028
D04,IS-1022,2024-06-03,3146
D04,IS-1022,2024-06-10,2860
D04,IS-1022,2024-06-17,2795
D04,IS-1022,2024-06-24,3234
D04,IS-1022,2024-07-01,3896
D04,IS-1022,2024-07-08,3439
D04,IS-1022,2024-07-15,3555
D04,IS-1022,2024-07-22,3338
D04,IS-1022,2024-07-29,3293
D04,IS-1022,2024-08-05,3539
D04,IS-1022,2024-08-12,3597
D04,IS-1022,2024-08-19,4120
D04,IS-1022,2024-08-26,4199
D04,IS-1022,2024-09-02,4610
D04,IS-1022,2024-09-09,4206
D04,IS-1022,2024-09-16,4211
D04,IS-1022,2024-09-23,4227
D04,IS-1022,2024-09-30,4448
D04,IS-1022,2024-10-07,4325
D04,IS-1022,2024-10-14,4414
D04,IS-1022,2024-10-21,4480
D04,IS-1022,2024-10-28,4510
D04,IS-1022,2024-11-04,4588
D04,IS-1022,2024-11-11,4503
D04,IS-1022,2024-11-18,4132
D04,IS-1022,2024-11-25,3974
D04,IS-1022,2024-12-02,4210
D04,IS-1022,2024-12-09,3920
D04,IS-1022,2024-12-16,3574
D04,IS-1022,2024-12-23,3303
D04,IS-1022,2024-12-30,3034
D04,IS-1022,2025-01-06,3000
D04,IS-1022,2025-01-13,3829
D04,IS-1022,2025-01-20,3510
D04,IS-1022,2025-01-27,3234
D04,IS-1022,2025-02-03,3134
D04,IS-1022,2025-02-10,3415
D04,IS-1022,2025-02-17,3367
D04,IS-1022,2025-02-24,3407
D04,IS-1022,2025-03-03,3129
D04,IS-1022,2025-03-10,2968
D04,IS-1022,2025-03-17,2978
D04,IS-1022,2025-03-24,2921
D04,IS-1022,2025-03-31,3486
D04,IS-1022,2025-04-07,3352
D04,IS-1022,2025-04-14,3329
D04,IS-1022,2025-04-21,2991
D04,IS-1022,2025-04-28,3284
D04,IS-1022,2025-05-05,2952
D04,IS-1022,2025-05-12,3216
D04,IS-1022,2025-05-19,3041
D04,IS-1022,2025-05-26,2718
D04,IS-1022,2025-06-02,3100
D04,IS-1022,2025-06-09,3484
D04,IS-1022,2025-06-16,3752
D04,IS-1022,2025-06-23,3504
D04,IS-1022,2025-06-30,3423
D04,IS-1022,2025-07-07,3540
D04,IS-1022,2025-07-14,3836
D04,IS-1022,2025-07-21,3508
D04,IS-1022,2025-07-28,3265
D04,IS-1022,2025-08-04,3057
D04,IS-1022,2025-08-11,3515
D04,IS-1022,2025-08-18,3687
D04,IS-1022,2025-08-25,4168
D04,IS-1022,2025-09-01,4203
D04,IS-1022,2025-09-08,4054
D04,IS-1022,2025-09-15,3875
D04,IS-1022,2025-09-22,4130
D04,IS-1022,2025-09-29,3938
D04,IS-1022,2025-10-06,4165
D04,IS-1022,2025-10-13,4289
D04,IS-1022,2025-10-20,4284
D04,IS-1022,2025-10-27,5048
D04,IS-1022,2025-11-03,5180
D04,IS-1022,2025-11-10,4774
D04,IS-1022,2025-11-17,4803
D04,IS-1022,2025-11-24,4910
D04,IS-1022,2025-12-01,5132
D04,IS-1022,2025-12-08,5567
D04,IS-1022,2025-12-15,5805
D04,IS-1022,2025-12-22,5839
D04,IS-1022,2025-12-29,6214
D04,IS-1022,2026-01-05,6128
D04,IS-1022,2026-01-12,5836
D04,IS-1022,2026-01-19,6049
D04,IS-1022,2026-01-26,5927
D04,IS-1022,2026-02-02,6764
D04,IS-1022,2026-02-09,6969
D04,IS-1022,2026-02-16,7035
D04,IS-1022,2026-02-23,6752
D04,IS-1022,2026-03-02,6562
D04,IS-1022,2026-03-09,6778
D04,IS-1022,2026-03-16,6784
D04,IS-1022,2026-03-23,6817
D04,IS-1022,2026-03-30,6503
D04,IS-1022,2026-04-06,6056
D04,IS-1022,2026-04-13,5697
D04,IS-1022,2026-04-20,5340
D04,IS-1022,2026-04-27,5324
D04,IS-1022,2026-05-04,5011
D04,IS-1022,2026-05-11,4755
D04,IS-1022,2026-05-18,4714
D04,IS-1022,2026-05-25,4893
D04,IS-1022,2026-06-01,5223
D04,IS-1022,2026-06-08,5618
D04,IS-1022,2026-06-15,5388
D04,IS-1022,2026-06-22,5299
D04,IS-1028,2024-01-01,3978
D04,IS-1028,2024-01-08,4010
D04,IS-1028,2024-01-15,4120
D04,IS-1028,2024-01-22,4043
D04,IS-1028,2024-01-29,4195
D04,IS-1028,2024-02-05,4258
D04,IS-1028,2024-02-12,4185
D04,IS-1028,2024-02-19,4217
D04,IS-1028,2024-02-26,4220
D04,IS-1028,2024-03-04,4174
D04,IS-1028,2024-03-11,4115
D04,IS-1028,2024-03-18,4142
D04,IS-1028,2024-03-25,3881
D04,IS-1028,2024-04-01,3771
D04,IS-1028,2024-04-08,3332
D04,IS-1028,2024-04-15,2901
D04,IS-1028,2024-04-22,3072
D04,IS-1028,2024-04-29,2837
D04,IS-1028,2024-05-06,3193
D04,IS-1028,2024-05-13,2762
D04,IS-1028,2024-05-20,2822
D04,IS-1028,2024-05-27,3447
D04,IS-1028,2024-06-03,3930
D04,IS-1028,2024-06-10,4177
D04,IS-1028,2024-06-17,3923
D04,IS-1028,2024-06-24,4035
D04,IS-1028,2024-07-01,3920
D04,IS-1028,2024-07-08,4170
D04,IS-1028,2024-07-15,3932
D04,IS-1028,2024-07-22,3427
D04,IS-1028,2024-07-29,3089
D04,IS-1028,2024-08-05,3706
D04,IS-1028,2024-08-12,3743
D04,IS-1028,2024-08-19,3601
D04,IS-1028,2024-08-26,3567
D04,IS-1028,2024-09-02,3488
D04,IS-1028,2024-09-09,3550
D04,IS-1028,2024-09-16,3684
D04,IS-1028,2024-09-23,3747
D04,IS-1028,2024-09-30,3884
D04,IS-1028,2024-10-07,4527
D04,IS-1028,2024-10-14,5379
D04,IS-1028,2024-10-21,5142
D04,IS-1028,2024-10-28,5156
D04,IS-1028,2024-11-04,5537
D04,IS-1028,2024-11-11,5382
D04,IS-1028,2024-11-18,5213
D04,IS-1028,2024-11-25,5063
D04,IS-1028,2024-12-02,4797
D04,IS-1028,2024-12-09,4852
D04,IS-1028,2024-12-16,5037
D04,IS-1028,2024-12-23,5695
D04,IS-1028,2024-12-30,5345
D04,IS-1028,2025-01-06,5100
D04,IS-1028,2025-01-13,4974
D04,IS-1028,2025-01-20,4605
D04,IS-1028,2025-01-27,4175
D04,IS-1028,2025-02-03,3840
D04,IS-1028,2025-02-10,3970
D04,IS-1028,2025-02-17,3684
D04,IS-1028,2025-02-24,3240
D04,IS-1028,2025-03-03,2918
D04,IS-1028,2025-03-10,2956
D04,IS-1028,2025-03-17,3126
D04,IS-1028,2025-03-24,2952
D04,IS-1028,2025-03-31,3247
D04,IS-1028,2025-04-07,3168
D04,IS-1028,2025-04-14,3440
D04,IS-1028,2025-04-21,3872
D04,IS-1028,2025-04-28,3861
D04,IS-1028,2025-05-05,3847
D04,IS-1028,2025-05-12,3459
D04,IS-1028,2025-05-19,3770
D04,IS-1028,2025-05-26,3527
D04,IS-1028,2025-06-02,3007
D04,IS-1028,2025-06-09,2728
D04,IS-1028,2025-06-16,2404
D04,IS-1028,2025-06-23,2878
D04,IS-1028,2025-06-30,3093
D04,IS-1028,2025-07-07,3304
D04,IS-1028,2025-07-14,3069
D04,IS-1028,2025-07-21,3662
D04,IS-1028,2025-07-28,3664
D04,IS-1028,2025-08-04,3712
D04,IS-1028,2025-08-11,3772
D04,IS-1028,2025-08-18,3896
D04,IS-1028,2025-08-25,4382
D04,IS-1028,2025-09-01,4525
D04,IS-1028,2025-09-08,4208
D04,IS-1028,2025-09-15,3892
D04,IS-1028,2025-09-22,3939
D04,IS-1028,2025-09-29,3936
D04,IS-1028,2025-10-06,4893
D04,IS-1028,2025-10-13,5666
D04,IS-1028,2025-10-20,5664
D04,IS-1028,2025-10-27,5742
D04,IS-1028,2025-11-03,6676
D04,IS-1028,2025-11-10,6980
D04,IS-1028,2025-11-17,6833
D04,IS-1028,2025-11-24,7161
D04,IS-1028,2025-12-01,6830
D04,IS-1028,2025-12-08,6785
D04,IS-1028,2025-12-15,6906
D04,IS-1028,2025-12-22,7154
D04,IS-1028,2025-12-29,6633
D04,IS-1028,2026-01-05,6274
D04,IS-1028,2026-01-12,6033
D04,IS-1028,2026-01-19,5636
D04,IS-1028,2026-01-26,5781
D04,IS-1028,2026-02-02,5525
D04,IS-1028,2026-02-09,6285
D04,IS-1028,2026-02-16,5845
D04,IS-1028,2026-02-23,6035
D04,IS-1028,2026-03-02,5771
D04,IS-1028,2026-03-09,5943
D04,IS-1028,2026-03-16,6089
D04,IS-1028,2026-03-23,6708
D04,IS-1028,2026-03-30,6690
D04,IS-1028,2026-04-06,6584
D04,IS-1028,2026-04-13,7081
D04,IS-1028,2026-04-20,7339
D04,IS-1028,2026-04-27,7160
D04,IS-1028,2026-05-04,6938
D04,IS-1028,2026-05-11,7220
D04,IS-1028,2026-05-18,6925
D04,IS-1028,2026-05-25,7170
D04,IS-1028,2026-06-01,7025
D04,IS-1028,2026-06-08,6790
D04,IS-1028,2026-06-15,7318
D04,IS-1028,2026-06-22,7612
D04,LD-1038,2024-01-01,24168
D04,LD-1038,2024-01-08,24158
D04,LD-1038,2024-01-15,24191
D04,LD-1038,2024-01-22,23769
D04,LD-1038,2024-01-29,23525
D04,LD-1038,2024-02-05,23087
D04,LD-1038,2024-02-12,22708
D04,LD-1038,2024-02-19,22462
D04,LD-1038,2024-02-26,27109
D04,LD-1038,2024-03-04,26328
D04,LD-1038,2024-03-11,24205
D04,LD-1038,2024-03-18,23914
D04,LD-1038,2024-03-25,23197
D04,LD-1038,2024-04-01,23317
D04,LD-1038,2024-04-08,24049
D04,LD-1038,2024-04-15,22339
D04,LD-1038,2024-04-22,20890
D04,LD-1038,2024-04-29,19061
D04,LD-1038,2024-05-06,22171
D04,LD-1038,2024-05-13,21689
D04,LD-1038,2024-05-20,22013
D04,LD-1038,2024-05-27,20404
D04,LD-1038,2024-06-03,17585
D04,LD-1038,2024-06-10,20341
D04,LD-1038,2024-06-17,23787
D04,LD-1038,2024-06-24,26089
D04,LD-1038,2024-07-01,25563
D04,LD-1038,2024-07-08,25994
D04,LD-1038,2024-07-15,25844
D04,LD-1038,2024-07-22,27017
D04,LD-1038,2024-07-29,28263
D04,LD-1038,2024-08-05,29704
D04,LD-1038,2024-08-12,28432
D04,LD-1038,2024-08-19,26585
D04,LD-1038,2024-08-26,25702
D04,LD-1038,2024-09-02,25828
D04,LD-1038,2024-09-09,25339
D04,LD-1038,2024-09-16,29141
D04,LD-1038,2024-09-23,27447
D04,LD-1038,2024-09-30,27597
D04,LD-1038,2024-10-07,25873
D04,LD-1038,2024-10-14,27755
D04,LD-1038,2024-10-21,28255
D04,LD-1038,2024-10-28,30503
D04,LD-1038,2024-11-04,28654
D04,LD-1038,2024-11-11,27276
D04,LD-1038,2024-11-18,26897
D04,LD-1038,2024-11-25,27994
D04,LD-1038,2024-12-02,29891
D04,LD-1038,2024-12-09,27553
D04,LD-1038,2024-12-16,27532
D04,LD-1038,2024-12-23,25692
D04,LD-1038,2024-12-30,26283
D04,LD-1038,2025-01-06,25879
D04,LD-1038,2025-01-13,26183
D04,LD-1038,2025-01-20,26563
D04,LD-1038,2025-01-27,24213
D04,LD-1038,2025-02-03,24544
D04,LD-1038,2025-02-10,24053
D04,LD-1038,2025-02-17,23214
D04,LD-1038,2025-02-24,21298
D04,LD-1038,2025-03-03,21750
D04,LD-1038,2025-03-10,18881
D04,LD-1038,2025-03-17,18003
D04,LD-1038,2025-03-24,18871
D04,LD-1038,2025-03-31,19621
D04,LD-1038,2025-04-07,21394
D04,LD-1038,2025-04-14,23510
D04,LD-1038,2025-04-21,25145
D04,LD-1038,2025-04-28,26193
D04,LD-1038,2025-05-05,28905
D04,LD-1038,2025-05-12,30379
D04,LD-1038,2025-05-19,28503
D04,LD-1038,2025-05-26,26236
D04,LD-1038,2025-06-02,25126
D04,LD-1038,2025-06-09,25355
D04,LD-1038,2025-06-16,23974
D04,LD-1038,2025-06-23,22981
D04,LD-1038,2025-06-30,21486
D04,LD-1038,2025-07-07,19923
D04,LD-1038,2025-07-14,17221
D04,LD-1038,2025-07-21,20194
D04,LD-1038,2025-07-28,23285
D04,LD-1038,2025-08-04,26637
D04,LD-1038,2025-08-11,25197
D04,LD-1038,2025-08-18,27153
D04,LD-1038,2025-08-25,25895
D04,LD-1038,2025-09-01,25713
D04,LD-1038,2025-09-08,26028
D04,LD-1038,2025-09-15,27692
D04,LD-1038,2025-09-22,29664
D04,LD-1038,2025-09-29,33090
D04,LD-1038,2025-10-06,35126
D04,LD-1038,2025-10-13,36660
D04,LD-1038,2025-10-20,37463
D04,LD-1038,2025-10-27,38164
D04,LD-1038,2025-11-03,44433
D04,LD-1038,2025-11-10,44979
D04,LD-1038,2025-11-17,43346
D04,LD-1038,2025-11-24,44862
D04,LD-1038,2025-12-01,45802
D04,LD-1038,2025-12-08,47914
D04,LD-1038,2025-12-15,46716
D04,LD-1038,2025-12-22,48514
D04,LD-1038,2025-12-29,46377
D04,LD-1038,2026-01-05,44289
D04,LD-1038,2026-01-12,42933
D04,LD-1038,2026-01-19,43070
D04,LD-1038,2026-01-26,45344
D04,LD-1038,2026-02-02,43365
D04,LD-1038,2026-02-09,42864
D04,LD-1038,2026-02-16,43028
D04,LD-1038,2026-02-23,41055
D04,LD-1038,2026-03-02,38657
D04,LD-1038,2026-03-09,37940
D04,LD-1038,2026-03-16,38176
D04,LD-1038,2026-03-23,36206
D04,LD-1038,2026-03-30,35695
D04,LD-1038,2026-04-06,36567
D04,LD-1038,2026-04-13,34580
D04,LD-1038,2026-04-20,33683
D04,LD-1038,2026-04-27,38918
D04,LD-1038,2026-05-04,40108
D04,LD-1038,2026-05-11,43607
D04,LD-1038,2026-05-18,44428
D04,LD-1038,2026-05-25,50848
D04,LD-1038,2026-06-01,48053
D04,LD-1038,2026-06-08,51783
D04,LD-1038,2026-06-15,52170
D04,LD-1038,2026-06-22,50504
D04,SC-1018,2024-01-01,1342
D04,SC-1018,2024-01-08,1359
D04,SC-1018,2024-01-15,1381
D04,SC-1018,2024-01-22,1433
D04,SC-1018,2024-01-29,1451
D04,SC-1018,2024-02-05,1496
D04,SC-1018,2024-02-12,1489
D04,SC-1018,2024-02-19,1386
D04,SC-1018,2024-02-26,1408
D04,SC-1018,2024-03-04,1342
D04,SC-1018,2024-03-11,1475
D04,SC-1018,2024-03-18,1367
D04,SC-1018,2024-03-25,1570
D04,SC-1018,2024-04-01,1587
D04,SC-1018,2024-04-08,1456
D04,SC-1018,2024-04-15,1495
D04,SC-1018,2024-04-22,1500
D04,SC-1018,2024-04-29,1620
D04,SC-1018,2024-05-06,1638
D04,SC-1018,2024-05-13,1649
D04,SC-1018,2024-05-20,1513
D04,SC-1018,2024-05-27,1342
D04,SC-1018,2024-06-03,1188
D04,SC-1018,2024-06-10,1023
D04,SC-1018,2024-06-17,879
D04,SC-1018,2024-06-24,709
D04,SC-1018,2024-07-01,821
D04,SC-1018,2024-07-08,686
D04,SC-1018,2024-07-15,794
D04,SC-1018,2024-07-22,654
D04,SC-1018,2024-07-29,813
D04,SC-1018,2024-08-05,822
D04,SC-1018,2024-08-12,665
D04,SC-1018,2024-08-19,617
D04,SC-1018,2024-08-26,539
D04,SC-1018,2024-09-02,1364
D04,SC-1018,2024-09-09,1398
D04,SC-1018,2024-09-16,1424
D04,SC-1018,2024-09-23,1306
D04,SC-1018,2024-09-30,1170
D04,SC-1018,2024-10-07,1068
D04,SC-1018,2024-10-14,1109
D04,SC-1018,2024-10-21,1447
D04,SC-1018,2024-10-28,1441
D04,SC-1018,2024-11-04,1458
D04,SC-1018,2024-11-11,1673
D04,SC-1018,2024-11-18,1690
D04,SC-1018,2024-11-25,1662
D04,SC-1018,2024-12-02,1714
D04,SC-1018,2024-12-09,1825
D04,SC-1018,2024-12-16,1791
D04,SC-1018,2024-12-23,1712
D04,SC-1018,2024-12-30,1563
D04,SC-1018,2025-01-06,1436
D04,SC-1018,2025-01-13,1586
D04,SC-1018,2025-01-20,1564
D04,SC-1018,2025-01-27,1665
D04,SC-1018,2025-02-03,1501
D04,SC-1018,2025-02-10,1329
D04,SC-1018,2025-02-17,1261
D04,SC-1018,2025-02-24,1100
D04,SC-1018,2025-03-03,1110
D04,SC-1018,2025-03-10,1274
D04,SC-1018,2025-03-17,1319
D04,SC-1018,2025-03-24,1138
D04,SC-1018,2025-03-31,1101
D04,SC-1018,2025-04-07,964
D04,SC-1018,2025-04-14,747
D04,SC-1018,2025-04-21,824
D04,SC-1018,2025-04-28,753
D04,SC-1018,2025-05-05,697
D04,SC-1018,2025-05-12,501
D04,SC-1018,2025-05-19,542
D04,SC-1018,2025-05-26,681
D04,SC-1018,2025-06-02,653
D04,SC-1018,2025-06-09,575
D04,SC-1018,2025-06-16,547
D04,SC-1018,2025-06-23,559
D04,SC-1018,2025-06-30,534
D04,SC-1018,2025-07-07,756
D04,SC-1018,2025-07-14,814
D04,SC-1018,2025-07-21,903
D04,SC-1018,2025-07-28,1027
D04,SC-1018,2025-08-04,1378
D04,SC-1018,2025-08-11,1801
D04,SC-1018,2025-08-18,1645
D04,SC-1018,2025-08-25,1490
D04,SC-1018,2025-09-01,1384
D04,SC-1018,2025-09-08,1720
D04,SC-1018,2025-09-15,1590
D04,SC-1018,2025-09-22,1444
D04,SC-1018,2025-09-29,1727
D04,SC-1018,2025-10-06,2209
D04,SC-1018,2025-10-13,2192
D04,SC-1018,2025-10-20,2095
D04,SC-1018,2025-10-27,1994
D04,SC-1018,2025-11-03,2040
D04,SC-1018,2025-11-10,2317
D04,SC-1018,2025-11-17,2431
D04,SC-1018,2025-11-24,2341
D04,SC-1018,2025-12-01,2827
D04,SC-1018,2025-12-08,2773
D04,SC-1018,2025-12-15,2680
D04,SC-1018,2025-12-22,2593
D04,SC-1018,2025-12-29,2491
D04,SC-1018,2026-01-05,2400
D04,SC-1018,2026-01-12,2296
D04,SC-1018,2026-01-19,2212
D04,SC-1018,2026-01-26,2329
D04,SC-1018,2026-02-02,2314
D04,SC-1018,2026-02-09,2513
D04,SC-1018,2026-02-16,2412
D04,SC-1018,2026-02-23,2772
D04,SC-1018,2026-03-02,2662
D04,SC-1018,2026-03-09,2566
D04,SC-1018,2026-03-16,2456
D04,SC-1018,2026-03-23,2365
D04,SC-1018,2026-03-30,2281
D04,SC-1018,2026-04-06,2243
D04,SC-1018,2026-04-13,2139
D04,SC-1018,2026-04-20,2104
D04,SC-1018,2026-04-27,2024
D04,SC-1018,2026-05-04,2043
D04,SC-1018,2026-05-11,1945
D04,SC-1018,2026-05-18,1825
D04,SC-1018,2026-05-25,1719
D04,SC-1018,2026-06-01,1774
D04,SC-1018,2026-06-08,1654
D04,SC-1018,2026-06-15,1566
D04,SC-1018,2026-06-22,1519
D04,SC-1017,2024-01-01,1859
D04,SC-1017,2024-01-08,1886
D04,SC-1017,2024-01-15,1875
D04,SC-1017,2024-01-22,1888
D04,SC-1017,2024-01-29,1842
D04,SC-1017,2024-02-05,1874
D04,SC-1017,2024-02-12,2012
D04,SC-1017,2024-02-19,2006
D04,SC-1017,2024-02-26,2050
D04,SC-1017,2024-03-04,2059
D04,SC-1017,2024-03-11,2080
D04,SC-1017,2024-03-18,2111
D04,SC-1017,2024-03-25,2111
D04,SC-1017,2024-04-01,2122
D04,SC-1017,2024-04-08,2101
D04,SC-1017,2024-04-15,2115
D04,SC-1017,2024-04-22,2145
D04,SC-1017,2024-04-29,2146
D04,SC-1017,2024-05-06,2132
D04,SC-1017,2024-05-13,2103
D04,SC-1017,2024-05-20,1899
D04,SC-1017,2024-05-27,1660
D04,SC-1017,2024-06-03,1586
D04,SC-1017,2024-06-10,1589
D04,SC-1017,2024-06-17,1356
D04,SC-1017,2024-06-24,1255
D04,SC-1017,2024-07-01,1104
D04,SC-1017,2024-07-08,879
D04,SC-1017,2024-07-15,1120
D04,SC-1017,2024-07-22,1179
D04,SC-1017,2024-07-29,1037
D04,SC-1017,2024-08-05,906
D04,SC-1017,2024-08-12,1092
D04,SC-1017,2024-08-19,1173
D04,SC-1017,2024-08-26,1345
D04,SC-1017,2024-09-02,1225
D04,SC-1017,2024-09-09,1212
D04,SC-1017,2024-09-16,1276
D04,SC-1017,2024-09-23,1391
D04,SC-1017,2024-09-30,1626
D04,SC-1017,2024-10-07,1625
D04,SC-1017,2024-10-14,1777
D04,SC-1017,2024-10-21,1585
D04,SC-1017,2024-10-28,1846
D04,SC-1017,2024-11-04,1903
D04,SC-1017,2024-11-11,1792
D04,SC-1017,2024-11-18,2118
D04,SC-1017,2024-11-25,2356
D04,SC-1017,2024-12-02,2664
D04,SC-1017,2024-12-09,2456
D04,SC-1017,2024-12-16,2447
D04,SC-1017,2024-12-23,2477
D04,SC-1017,2024-12-30,2337
D04,SC-1017,2025-01-06,2237
D04,SC-1017,2025-01-13,2389
D04,SC-1017,2025-01-20,2674
D04,SC-1017,2025-01-27,2502
D04,SC-1017,2025-02-03,2431
D04,SC-1017,2025-02-10,2180
D04,SC-1017,2025-02-17,2121
D04,SC-1017,2025-02-24,2343
D04,SC-1017,2025-03-03,2930
D04,SC-1017,2025-03-10,2716
D04,SC-1017,2025-03-17,2538
D04,SC-1017,2025-03-24,2263
D04,SC-1017,2025-03-31,2174
D04,SC-1017,2025-04-07,2087
D04,SC-1017,2025-04-14,1857
D04,SC-1017,2025-04-21,1606
D04,SC-1017,2025-04-28,1386
D04,SC-1017,2025-05-05,1422
D04,SC-1017,2025-05-12,1307
D04,SC-1017,2025-05-19,1461
D04,SC-1017,2025-05-26,1390
D04,SC-1017,2025-06-02,1328
D04,SC-1017,2025-06-09,1266
D04,SC-1017,2025-06-16,1306
D04,SC-1017,2025-06-23,1302
D04,SC-1017,2025-06-30,1530
D04,SC-1017,2025-07-07,1616
D04,SC-1017,2025-07-14,1878
D04,SC-1017,2025-07-21,1910
D04,SC-1017,2025-07-28,1990
D04,SC-1017,2025-08-04,1791
D04,SC-1017,2025-08-11,1600
D04,SC-1017,2025-08-18,1772
D04,SC-1017,2025-08-25,1535
D04,SC-1017,2025-09-01,1351
D04,SC-1017,2025-09-08,1341
D04,SC-1017,2025-09-15,1130
D04,SC-1017,2025-09-22,1455
D04,SC-1017,2025-09-29,1325
D04,SC-1017,2025-10-06,1145
D04,SC-1017,2025-10-13,1684
D04,SC-1017,2025-10-20,2243
D04,SC-1017,2025-10-27,2732
D04,SC-1017,2025-11-03,3058
D04,SC-1017,2025-11-10,3382
D04,SC-1017,2025-11-17,3289
D04,SC-1017,2025-11-24,3395
D04,SC-1017,2025-12-01,3296
D04,SC-1017,2025-12-08,3141
D04,SC-1017,2025-12-15,3387
D04,SC-1017,2025-12-22,3337
D04,SC-1017,2025-12-29,3633
D04,SC-1017,2026-01-05,3496
D04,SC-1017,2026-01-12,3529
D04,SC-1017,2026-01-19,3389
D04,SC-1017,2026-01-26,3238
D04,SC-1017,2026-02-02,3100
D04,SC-1017,2026-02-09,3027
D04,SC-1017,2026-02-16,2915
D04,SC-1017,2026-02-23,3229
D04,SC-1017,2026-03-02,3101
D04,SC-1017,2026-03-09,2957
D04,SC-1017,2026-03-16,3129
D04,SC-1017,2026-03-23,3160
D04,SC-1017,2026-03-30,3023
D04,SC-1017,2026-04-06,2866
D04,SC-1017,2026-04-13,2940
D04,SC-1017,2026-04-20,2837
D04,SC-1017,2026-04-27,2685
D04,SC-1017,2026-05-04,2660
D04,SC-1017,2026-05-11,2599
D04,SC-1017,2026-05-18,2429
D04,SC-1017,2026-05-25,2298
D04,SC-1017,2026-06-01,2170
D04,SC-1017,2026-06-08,2086
D04,SC-1017,2026-06-15,1964
D04,SC-1017,2026-06-22,1809
D04,IS-1027,2024-01-01,6160
D04,IS-1027,2024-01-08,6254
D04,IS-1027,2024-01-15,7205
D04,IS-1027,2024-01-22,7179
D04,IS-1027,2024-01-29,7150
D04,IS-1027,2024-02-05,7255
D04,IS-1027,2024-02-12,7326
D04,IS-1027,2024-02-19,7345
D04,IS-1027,2024-02-26,7329
D04,IS-1027,2024-03-04,7411
D04,IS-1027,2024-03-11,7506
D04,IS-1027,2024-03-18,7615
D04,IS-1027,2024-03-25,6936
D04,IS-1027,2024-04-01,6483
D04,IS-1027,2024-04-08,5875
D04,IS-1027,2024-04-15,5942
D04,IS-1027,2024-04-22,6170
D04,IS-1027,2024-04-29,5981
D04,IS-1027,2024-05-06,5440
D04,IS-1027,2024-05-13,5473
D04,IS-1027,2024-05-20,5635
D04,IS-1027,2024-05-27,5572
D04,IS-1027,2024-06-03,5845
D04,IS-1027,2024-06-10,5374
D04,IS-1027,2024-06-17,5879
D04,IS-1027,2024-06-24,6697
D04,IS-1027,2024-07-01,6408
D04,IS-1027,2024-07-08,5819
D04,IS-1027,2024-07-15,5491
D04,IS-1027,2024-07-22,5427
D04,IS-1027,2024-07-29,6902
D04,IS-1027,2024-08-05,7126
D04,IS-1027,2024-08-12,6399
D04,IS-1027,2024-08-19,6052
D04,IS-1027,2024-08-26,7102
D04,IS-1027,2024-09-02,6890
D04,IS-1027,2024-09-09,7411
D04,IS-1027,2024-09-16,8009
D04,IS-1027,2024-09-23,8156
D04,IS-1027,2024-09-30,7509
D04,IS-1027,2024-10-07,8585
D04,IS-1027,2024-10-14,7765
D04,IS-1027,2024-10-21,7459
D04,IS-1027,2024-10-28,8261
D04,IS-1027,2024-11-04,7955
D04,IS-1027,2024-11-11,7303
D04,IS-1027,2024-11-18,7697
D04,IS-1027,2024-11-25,7478
D04,IS-1027,2024-12-02,7697
D04,IS-1027,2024-12-09,6939
D04,IS-1027,2024-12-16,7200
D04,IS-1027,2024-12-23,6950
D04,IS-1027,2024-12-30,6598
D04,IS-1027,2025-01-06,7312
D04,IS-1027,2025-01-13,6680
D04,IS-1027,2025-01-20,6132
D04,IS-1027,2025-01-27,6398
D04,IS-1027,2025-02-03,5578
D04,IS-1027,2025-02-10,5197
D04,IS-1027,2025-02-17,5202
D04,IS-1027,2025-02-24,6410
D04,IS-1027,2025-03-03,6245
D04,IS-1027,2025-03-10,6368
D04,IS-1027,2025-03-17,7288
D04,IS-1027,2025-03-24,7057
D04,IS-1027,2025-03-31,6470
D04,IS-1027,2025-04-07,6427
D04,IS-1027,2025-04-14,7202
D04,IS-1027,2025-04-21,6548
D04,IS-1027,2025-04-28,6813
D04,IS-1027,2025-05-05,6132
D04,IS-1027,2025-05-12,5180
D04,IS-1027,2025-05-19,5815
D04,IS-1027,2025-05-26,6727
D04,IS-1027,2025-06-02,6817
D04,IS-1027,2025-06-09,6663
D04,IS-1027,2025-06-16,6589
D04,IS-1027,2025-06-23,5746
D04,IS-1027,2025-06-30,6248
D04,IS-1027,2025-07-07,6653
D04,IS-1027,2025-07-14,6697
D04,IS-1027,2025-07-21,6722
D04,IS-1027,2025-07-28,6805
D04,IS-1027,2025-08-04,6840
D04,IS-1027,2025-08-11,7363
D04,IS-1027,2025-08-18,7793
D04,IS-1027,2025-08-25,7846
D04,IS-1027,2025-09-01,8161
D04,IS-1027,2025-09-08,8102
D04,IS-1027,2025-09-15,8490
D04,IS-1027,2025-09-22,8923
D04,IS-1027,2025-09-29,8114
D04,IS-1027,2025-10-06,8177
D04,IS-1027,2025-10-13,8195
D04,IS-1027,2025-10-20,8292
D04,IS-1027,2025-10-27,8958
D04,IS-1027,2025-11-03,9412
D04,IS-1027,2025-11-10,9543
D04,IS-1027,2025-11-17,9255
D04,IS-1027,2025-11-24,9752
D04,IS-1027,2025-12-01,10590
D04,IS-1027,2025-12-08,11490
D04,IS-1027,2025-12-15,11446
D04,IS-1027,2025-12-22,12233
D04,IS-1027,2025-12-29,13009
D04,IS-1027,2026-01-05,13272
D04,IS-1027,2026-01-12,13562
D04,IS-1027,2026-01-19,13927
D04,IS-1027,2026-01-26,13420
D04,IS-1027,2026-02-02,12778
D04,IS-1027,2026-02-09,13166
D04,IS-1027,2026-02-16,12527
D04,IS-1027,2026-02-23,11932
D04,IS-1027,2026-03-02,12004
D04,IS-1027,2026-03-09,11755
D04,IS-1027,2026-03-16,11843
D04,IS-1027,2026-03-23,10971
D04,IS-1027,2026-03-30,10263
D04,IS-1027,2026-04-06,9778
D04,IS-1027,2026-04-13,10382
D04,IS-1027,2026-04-20,9711
D04,IS-1027,2026-04-27,9095
D04,IS-1027,2026-05-04,9243
D04,IS-1027,2026-05-11,9001
D04,IS-1027,2026-05-18,9617
D04,IS-1027,2026-05-25,9938
D04,IS-1027,2026-06-01,10190
D04,IS-1027,2026-06-08,9899
D04,IS-1027,2026-06-15,11344
D04,IS-1027,2026-06-22,11583
D04,IS-1026,2024-01-01,1492
D04,IS-1026,2024-01-08,1520
D04,IS-1026,2024-01-15,1531
D04,IS-1026,2024-01-22,1533
D04,IS-1026,2024-01-29,1527
D04,IS-1026,2024-02-05,1546
D04,IS-1026,2024-02-12,1555
D04,IS-1026,2024-02-19,1482
D04,IS-1026,2024-02-26,1508
D04,IS-1026,2024-03-04,1548
D04,IS-1026,2024-03-11,1663
D04,IS-1026,2024-03-18,1631
D04,IS-1026,2024-03-25,1444
D04,IS-1026,2024-04-01,1327
D04,IS-1026,2024-04-08,1297
D04,IS-1026,2024-04-15,1121
D04,IS-1026,2024-04-22,1259
D04,IS-1026,2024-04-29,1149
D04,IS-1026,2024-05-06,1175
D04,IS-1026,2024-05-13,1069
D04,IS-1026,2024-05-20,1013
D04,IS-1026,2024-05-27,862
D04,IS-1026,2024-06-03,846
D04,IS-1026,2024-06-10,909
D04,IS-1026,2024-06-17,1015
D04,IS-1026,2024-06-24,1126
D04,IS-1026,2024-07-01,1270
D04,IS-1026,2024-07-08,1406
D04,IS-1026,2024-07-15,1516
D04,IS-1026,2024-07-22,1470
D04,IS-1026,2024-07-29,1278
D04,IS-1026,2024-08-05,1657
D04,IS-1026,2024-08-12,1541
D04,IS-1026,2024-08-19,1720
D04,IS-1026,2024-08-26,1699
D04,IS-1026,2024-09-02,2016
D04,IS-1026,2024-09-09,1975
D04,IS-1026,2024-09-16,2278
D04,IS-1026,2024-09-23,2123
D04,IS-1026,2024-09-30,2103
D04,IS-1026,2024-10-07,2022
D04,IS-1026,2024-10-14,1874
D04,IS-1026,2024-10-21,1899
D04,IS-1026,2024-10-28,1742
D04,IS-1026,2024-11-04,1798
D04,IS-1026,2024-11-11,1749
D04,IS-1026,2024-11-18,1583
D04,IS-1026,2024-11-25,1453
D04,IS-1026,2024-12-02,1432
D04,IS-1026,2024-12-09,1471
D04,IS-1026,2024-12-16,1368
D04,IS-1026,2024-12-23,1394
D04,IS-1026,2024-12-30,1502
D04,IS-1026,2025-01-06,1557
D04,IS-1026,2025-01-13,1575
D04,IS-1026,2025-01-20,1699
D04,IS-1026,2025-01-27,1676
D04,IS-1026,2025-02-03,1729
D04,IS-1026,2025-02-10,1773
D04,IS-1026,2025-02-17,1585
D04,IS-1026,2025-02-24,1596
D04,IS-1026,2025-03-03,1481
D04,IS-1026,2025-03-10,1323
D04,IS-1026,2025-03-17,1210
D04,IS-1026,2025-03-24,1320
D04,IS-1026,2025-03-31,1302
D04,IS-1026,2025-04-07,1272
D04,IS-1026,2025-04-14,1303
D04,IS-1026,2025-04-21,1168
D04,IS-1026,2025-04-28,1002
D04,IS-1026,2025-05-05,1114
D04,IS-1026,2025-05-12,941
D04,IS-1026,2025-05-19,1063
D04,IS-1026,2025-05-26,1270
D04,IS-1026,2025-06-02,1342
D04,IS-1026,2025-06-09,1206
D04,IS-1026,2025-06-16,1438
D04,IS-1026,2025-06-23,1470
D04,IS-1026,2025-06-30,1428
D04,IS-1026,2025-07-07,1220
D04,IS-1026,2025-07-14,1139
D04,IS-1026,2025-07-21,1297
D04,IS-1026,2025-07-28,1174
D04,IS-1026,2025-08-04,1383
D04,IS-1026,2025-08-11,1392
D04,IS-1026,2025-08-18,1372
D04,IS-1026,2025-08-25,1237
D04,IS-1026,2025-09-01,1231
D04,IS-1026,2025-09-08,1646
D04,IS-1026,2025-09-15,1826
D04,IS-1026,2025-09-22,1847
D04,IS-1026,2025-09-29,2029
D04,IS-1026,2025-10-06,2007
D04,IS-1026,2025-10-13,2106
D04,IS-1026,2025-10-20,2309
D04,IS-1026,2025-10-27,2237
D04,IS-1026,2025-11-03,2245
D04,IS-1026,2025-11-10,2170
D04,IS-1026,2025-11-17,2303
D04,IS-1026,2025-11-24,2482
D04,IS-1026,2025-12-01,2577
D04,IS-1026,2025-12-08,2823
D04,IS-1026,2025-12-15,2744
D04,IS-1026,2025-12-22,2588
D04,IS-1026,2025-12-29,2541
D04,IS-1026,2026-01-05,2570
D04,IS-1026,2026-01-12,2614
D04,IS-1026,2026-01-19,2503
D04,IS-1026,2026-01-26,2664
D04,IS-1026,2026-02-02,2513
D04,IS-1026,2026-02-09,2383
D04,IS-1026,2026-02-16,2422
D04,IS-1026,2026-02-23,2598
D04,IS-1026,2026-03-02,2447
D04,IS-1026,2026-03-09,2354
D04,IS-1026,2026-03-16,2332
D04,IS-1026,2026-03-23,2196
D04,IS-1026,2026-03-30,2079
D04,IS-1026,2026-04-06,2074
D04,IS-1026,2026-04-13,1995
D04,IS-1026,2026-04-20,1886
D04,IS-1026,2026-04-27,2094
D04,IS-1026,2026-05-04,2103
D04,IS-1026,2026-05-11,1944
D04,IS-1026,2026-05-18,1961
D04,IS-1026,2026-05-25,2114
D04,IS-1026,2026-06-01,2179
D04,IS-1026,2026-06-08,2150
D04,IS-1026,2026-06-15,2127
D04,IS-1026,2026-06-22,2238
D04,PW-1034,2024-01-01,4820
D04,PW-1034,2024-01-08,4773
D04,PW-1034,2024-01-15,4867
D04,PW-1034,2024-01-22,4888
D04,PW-1034,2024-01-29,4889
D04,PW-1034,2024-02-05,4734
D04,PW-1034,2024-02-12,4733
D04,PW-1034,2024-02-19,4837
D04,PW-1034,2024-02-26,4753
D04,PW-1034,2024-03-04,4802
D04,PW-1034,2024-03-11,4875
D04,PW-1034,2024-03-18,4774
D04,PW-1034,2024-03-25,4266
D04,PW-1034,2024-04-01,4528
D04,PW-1034,2024-04-08,4123
D04,PW-1034,2024-04-15,4147
D04,PW-1034,2024-04-22,4168
D04,PW-1034,2024-04-29,4855
D04,PW-1034,2024-05-06,4979
D04,PW-1034,2024-05-13,4686
D04,PW-1034,2024-05-20,4147
D04,PW-1034,2024-05-27,3676
D04,PW-1034,2024-06-03,4640
D04,PW-1034,2024-06-10,5080
D04,PW-1034,2024-06-17,5044
D04,PW-1034,2024-06-24,4435
D04,PW-1034,2024-07-01,4624
D04,PW-1034,2024-07-08,4849
D04,PW-1034,2024-07-15,4753
D04,PW-1034,2024-07-22,5197
D04,PW-1034,2024-07-29,4613
D04,PW-1034,2024-08-05,4246
D04,PW-1034,2024-08-12,4511
D04,PW-1034,2024-08-19,4357
D04,PW-1034,2024-08-26,4139
D04,PW-1034,2024-09-02,4510
D04,PW-1034,2024-09-09,4696
D04,PW-1034,2024-09-16,4211
D04,PW-1034,2024-09-23,4763
D04,PW-1034,2024-09-30,5467
D04,PW-1034,2024-10-07,5749
D04,PW-1034,2024-10-14,5227
D04,PW-1034,2024-10-21,6508
D04,PW-1034,2024-10-28,6766
D04,PW-1034,2024-11-04,7429
D04,PW-1034,2024-11-11,6876
D04,PW-1034,2024-11-18,6280
D04,PW-1034,2024-11-25,5774
D04,PW-1034,2024-12-02,5908
D04,PW-1034,2024-12-09,5724
D04,PW-1034,2024-12-16,5346
D04,PW-1034,2024-12-23,4791
D04,PW-1034,2024-12-30,4304
D04,PW-1034,2025-01-06,4713
D04,PW-1034,2025-01-13,4638
D04,PW-1034,2025-01-20,4901
D04,PW-1034,2025-01-27,4750
D04,PW-1034,2025-02-03,4916
D04,PW-1034,2025-02-10,5399
D04,PW-1034,2025-02-17,5347
D04,PW-1034,2025-02-24,4702
D04,PW-1034,2025-03-03,4386
D04,PW-1034,2025-03-10,4153
D04,PW-1034,2025-03-17,4450
D04,PW-1034,2025-03-24,3925
D04,PW-1034,2025-03-31,4176
D04,PW-1034,2025-04-07,4100
D04,PW-1034,2025-04-14,4079
D04,PW-1034,2025-04-21,5042
D04,PW-1034,2025-04-28,5354
D04,PW-1034,2025-05-05,5364
D04,PW-1034,2025-05-12,5347
D04,PW-1034,2025-05-19,6043
D04,PW-1034,2025-05-26,5976
D04,PW-1034,2025-06-02,5609
D04,PW-1034,2025-06-09,5238
D04,PW-1034,2025-06-16,4940
D04,PW-1034,2025-06-23,4302
D04,PW-1034,2025-06-30,4752
D04,PW-1034,2025-07-07,4695
D04,PW-1034,2025-07-14,4432
D04,PW-1034,2025-07-21,4749
D04,PW-1034,2025-07-28,4082
D04,PW-1034,2025-08-04,4222
D04,PW-1034,2025-08-11,5587
D04,PW-1034,2025-08-18,5662
D04,PW-1034,2025-08-25,5777
D04,PW-1034,2025-09-01,5900
D04,PW-1034,2025-09-08,6126
D04,PW-1034,2025-09-15,6184
D04,PW-1034,2025-09-22,5696
D04,PW-1034,2025-09-29,5438
D04,PW-1034,2025-10-06,5916
D04,PW-1034,2025-10-13,6483
D04,PW-1034,2025-10-20,5904
D04,PW-1034,2025-10-27,6375
D04,PW-1034,2025-11-03,8414
D04,PW-1034,2025-11-10,7940
D04,PW-1034,2025-11-17,9925
D04,PW-1034,2025-11-24,9412
D04,PW-1034,2025-12-01,9843
D04,PW-1034,2025-12-08,10119
D04,PW-1034,2025-12-15,9891
D04,PW-1034,2025-12-22,11540
D04,PW-1034,2025-12-29,10835
D04,PW-1034,2026-01-05,11045
D04,PW-1034,2026-01-12,10471
D04,PW-1034,2026-01-19,9941
D04,PW-1034,2026-01-26,10151
D04,PW-1034,2026-02-02,10366
D04,PW-1034,2026-02-09,10088
D04,PW-1034,2026-02-16,9476
D04,PW-1034,2026-02-23,9102
D04,PW-1034,2026-03-02,8797
D04,PW-1034,2026-03-09,8262
D04,PW-1034,2026-03-16,8464
D04,PW-1034,2026-03-23,8808
D04,PW-1034,2026-03-30,9025
D04,PW-1034,2026-04-06,10003
D04,PW-1034,2026-04-13,9863
D04,PW-1034,2026-04-20,9750
D04,PW-1034,2026-04-27,9889
D04,PW-1034,2026-05-04,9927
D04,PW-1034,2026-05-11,10050
D04,PW-1034,2026-05-18,9724
D04,PW-1034,2026-05-25,9569
D04,PW-1034,2026-06-01,9488
D04,PW-1034,2026-06-08,9256
D04,PW-1034,2026-06-15,9861
D04,PW-1034,2026-06-22,9811
D04,IG-1011,2024-01-01,798
D04,IG-1011,2024-01-08,800
D04,IG-1011,2024-01-15,794
D04,IG-1011,2024-01-22,788
D04,IG-1011,2024-01-29,781
D04,IG-1011,2024-02-05,758
D04,IG-1011,2024-02-12,754
D04,IG-1011,2024-02-19,754
D04,IG-1011,2024-02-26,673
D04,IG-1011,2024-03-04,745
D04,IG-1011,2024-03-11,757
D04,IG-1011,2024-03-18,732
D04,IG-1011,2024-03-25,729
D04,IG-1011,2024-04-01,723
D04,IG-1011,2024-04-08,730
D04,IG-1011,2024-04-15,719
D04,IG-1011,2024-04-22,775
D04,IG-1011,2024-04-29,764
D04,IG-1011,2024-05-06,792
D04,IG-1011,2024-05-13,802
D04,IG-1011,2024-05-20,720
D04,IG-1011,2024-05-27,911
D04,IG-1011,2024-06-03,888
D04,IG-1011,2024-06-10,829
D04,IG-1011,2024-06-17,811
D04,IG-1011,2024-06-24,835
D04,IG-1011,2024-07-01,781
D04,IG-1011,2024-07-08,860
D04,IG-1011,2024-07-15,800
D04,IG-1011,2024-07-22,731
D04,IG-1011,2024-07-29,690
D04,IG-1011,2024-08-05,607
D04,IG-1011,2024-08-12,696
D04,IG-1011,2024-08-19,617
D04,IG-1011,2024-08-26,647
D04,IG-1011,2024-09-02,614
D04,IG-1011,2024-09-09,582
D04,IG-1011,2024-09-16,643
D04,IG-1011,2024-09-23,774
D04,IG-1011,2024-09-30,786
D04,IG-1011,2024-10-07,739
D04,IG-1011,2024-10-14,815
D04,IG-1011,2024-10-21,917
D04,IG-1011,2024-10-28,952
D04,IG-1011,2024-11-04,1051
D04,IG-1011,2024-11-11,1054
D04,IG-1011,2024-11-18,971
D04,IG-1011,2024-11-25,1012
D04,IG-1011,2024-12-02,1080
D04,IG-1011,2024-12-09,1076
D04,IG-1011,2024-12-16,1065
D04,IG-1011,2024-12-23,978
D04,IG-1011,2024-12-30,1045
D04,IG-1011,2025-01-06,949
D04,IG-1011,2025-01-13,1111
D04,IG-1011,2025-01-20,1119
D04,IG-1011,2025-01-27,1058
D04,IG-1011,2025-02-03,1079
D04,IG-1011,2025-02-10,1012
D04,IG-1011,2025-02-17,1027
D04,IG-1011,2025-02-24,901
D04,IG-1011,2025-03-03,834
D04,IG-1011,2025-03-10,708
D04,IG-1011,2025-03-17,631
D04,IG-1011,2025-03-24,534
D04,IG-1011,2025-03-31,432
D04,IG-1011,2025-04-07,516
D04,IG-1011,2025-04-14,710
D04,IG-1011,2025-04-21,684
D04,IG-1011,2025-04-28,710
D04,IG-1011,2025-05-05,763
D04,IG-1011,2025-05-12,661
D04,IG-1011,2025-05-19,639
D04,IG-1011,2025-05-26,685
D04,IG-1011,2025-06-02,564
D04,IG-1011,2025-06-09,470
D04,IG-1011,2025-06-16,589
D04,IG-1011,2025-06-23,631
D04,IG-1011,2025-06-30,756
D04,IG-1011,2025-07-07,888
D04,IG-1011,2025-07-14,935
D04,IG-1011,2025-07-21,807
D04,IG-1011,2025-07-28,890
D04,IG-1011,2025-08-04,1232
D04,IG-1011,2025-08-11,1238
D04,IG-1011,2025-08-18,1229
D04,IG-1011,2025-08-25,1240
D04,IG-1011,2025-09-01,1168
D04,IG-1011,2025-09-08,1432
D04,IG-1011,2025-09-15,1434
D04,IG-1011,2025-09-22,1480
D04,IG-1011,2025-09-29,1516
D04,IG-1011,2025-10-06,1483
D04,IG-1011,2025-10-13,1580
D04,IG-1011,2025-10-20,1513
D04,IG-1011,2025-10-27,1446
D04,IG-1011,2025-11-03,1533
D04,IG-1011,2025-11-10,1626
D04,IG-1011,2025-11-17,1545
D04,IG-1011,2025-11-24,1617
D04,IG-1011,2025-12-01,1702
D04,IG-1011,2025-12-08,1646
D04,IG-1011,2025-12-15,1603
D04,IG-1011,2025-12-22,1535
D04,IG-1011,2025-12-29,1583
D04,IG-1011,2026-01-05,1517
D04,IG-1011,2026-01-12,1430
D04,IG-1011,2026-01-19,1373
D04,IG-1011,2026-01-26,1449
D04,IG-1011,2026-02-02,1457
D04,IG-1011,2026-02-09,1393
D04,IG-1011,2026-02-16,1372
D04,IG-1011,2026-02-23,1320
D04,IG-1011,2026-03-02,1345
D04,IG-1011,2026-03-09,1398
D04,IG-1011,2026-03-16,1356
D04,IG-1011,2026-03-23,1303
D04,IG-1011,2026-03-30,1252
D04,IG-1011,2026-04-06,1192
D04,IG-1011,2026-04-13,1130
D04,IG-1011,2026-04-20,1163
D04,IG-1011,2026-04-27,1162
D04,IG-1011,2026-05-04,1216
D04,IG-1011,2026-05-11,1208
D04,IG-1011,2026-05-18,1161
D04,IG-1011,2026-05-25,1223
D04,IG-1011,2026-06-01,1361
D04,IG-1011,2026-06-08,1382
D04,IG-1011,2026-06-15,1321
D04,IG-1011,2026-06-22,1273
D04,LD-1039,2024-01-01,31747
D04,LD-1039,2024-01-08,31734
D04,LD-1039,2024-01-15,28835
D04,LD-1039,2024-01-22,26045
D04,LD-1039,2024-01-29,27741
D04,LD-1039,2024-02-05,27481
D04,LD-1039,2024-02-12,30324
D04,LD-1039,2024-02-19,31053
D04,LD-1039,2024-02-26,34025
D04,LD-1039,2024-03-04,33571
D04,LD-1039,2024-03-11,36585
D04,LD-1039,2024-03-18,34374
D04,LD-1039,2024-03-25,31743
D04,LD-1039,2024-04-01,33039
D04,LD-1039,2024-04-08,33180
D04,LD-1039,2024-04-15,29716
D04,LD-1039,2024-04-22,29108
D04,LD-1039,2024-04-29,25647
D04,LD-1039,2024-05-06,24210
D04,LD-1039,2024-05-13,25041
D04,LD-1039,2024-05-20,29393
D04,LD-1039,2024-05-27,29788
D04,LD-1039,2024-06-03,27945
D04,LD-1039,2024-06-10,31005
D04,LD-1039,2024-06-17,31088
D04,LD-1039,2024-06-24,33566
D04,LD-1039,2024-07-01,33192
D04,LD-1039,2024-07-08,32343
D04,LD-1039,2024-07-15,32313
D04,LD-1039,2024-07-22,33961
D04,LD-1039,2024-07-29,37352
D04,LD-1039,2024-08-05,39814
D04,LD-1039,2024-08-12,40185
D04,LD-1039,2024-08-19,40811
D04,LD-1039,2024-08-26,40123
D04,LD-1039,2024-09-02,41614
D04,LD-1039,2024-09-09,39856
D04,LD-1039,2024-09-16,36083
D04,LD-1039,2024-09-23,32448
D04,LD-1039,2024-09-30,28836
D04,LD-1039,2024-10-07,26877
D04,LD-1039,2024-10-14,25682
D04,LD-1039,2024-10-21,26602
D04,LD-1039,2024-10-28,25795
D04,LD-1039,2024-11-04,28043
D04,LD-1039,2024-11-11,32282
D04,LD-1039,2024-11-18,34467
D04,LD-1039,2024-11-25,37455
D04,LD-1039,2024-12-02,40149
D04,LD-1039,2024-12-09,43677
D04,LD-1039,2024-12-16,43041
D04,LD-1039,2024-12-23,44554
D04,LD-1039,2024-12-30,42329
D04,LD-1039,2025-01-06,39704
D04,LD-1039,2025-01-13,40824
D04,LD-1039,2025-01-20,40063
D04,LD-1039,2025-01-27,37582
D04,LD-1039,2025-02-03,35063
D04,LD-1039,2025-02-10,31513
D04,LD-1039,2025-02-17,28231
D04,LD-1039,2025-02-24,29278
D04,LD-1039,2025-03-03,28383
D04,LD-1039,2025-03-10,24706
D04,LD-1039,2025-03-17,23172
D04,LD-1039,2025-03-24,22664
D04,LD-1039,2025-03-31,20483
D04,LD-1039,2025-04-07,18954
D04,LD-1039,2025-04-14,21009
D04,LD-1039,2025-04-21,23324
D04,LD-1039,2025-04-28,22723
D04,LD-1039,2025-05-05,19492
D04,LD-1039,2025-05-12,20356
D04,LD-1039,2025-05-19,27191
D04,LD-1039,2025-05-26,27938
D04,LD-1039,2025-06-02,32424
D04,LD-1039,2025-06-09,30424
D04,LD-1039,2025-06-16,30478
D04,LD-1039,2025-06-23,33776
D04,LD-1039,2025-06-30,31571
D04,LD-1039,2025-07-07,36211
D04,LD-1039,2025-07-14,34917
D04,LD-1039,2025-07-21,31507
D04,LD-1039,2025-07-28,32601
D04,LD-1039,2025-08-04,34586
D04,LD-1039,2025-08-11,41073
D04,LD-1039,2025-08-18,37187
D04,LD-1039,2025-08-25,40266
D04,LD-1039,2025-09-01,37235
D04,LD-1039,2025-09-08,35896
D04,LD-1039,2025-09-15,38119
D04,LD-1039,2025-09-22,34858
D04,LD-1039,2025-09-29,39096
D04,LD-1039,2025-10-06,39251
D04,LD-1039,2025-10-13,49169
D04,LD-1039,2025-10-20,51463
D04,LD-1039,2025-10-27,51433
D04,LD-1039,2025-11-03,58176
D04,LD-1039,2025-11-10,55472
D04,LD-1039,2025-11-17,59742
D04,LD-1039,2025-11-24,64359
D04,LD-1039,2025-12-01,66550
D04,LD-1039,2025-12-08,64880
D04,LD-1039,2025-12-15,61418
D04,LD-1039,2025-12-22,64083
D04,LD-1039,2025-12-29,61233
D04,LD-1039,2026-01-05,58139
D04,LD-1039,2026-01-12,55602
D04,LD-1039,2026-01-19,56681
D04,LD-1039,2026-01-26,53667
D04,LD-1039,2026-02-02,52140
D04,LD-1039,2026-02-09,55723
D04,LD-1039,2026-02-16,53780
D04,LD-1039,2026-02-23,55085
D04,LD-1039,2026-03-02,55610
D04,LD-1039,2026-03-09,54671
D04,LD-1039,2026-03-16,50880
D04,LD-1039,2026-03-23,52089
D04,LD-1039,2026-03-30,50497
D04,LD-1039,2026-04-06,47416
D04,LD-1039,2026-04-13,44383
D04,LD-1039,2026-04-20,47054
D04,LD-1039,2026-04-27,48765
D04,LD-1039,2026-05-04,48805
D04,LD-1039,2026-05-11,56445
D04,LD-1039,2026-05-18,52584
D04,LD-1039,2026-05-25,56175
D04,LD-1039,2026-06-01,58834
D04,LD-1039,2026-06-08,63034
D04,LD-1039,2026-06-15,61282
D04,LD-1039,2026-06-22,61974
D04,PW-1031,2024-01-01,6989
D04,PW-1031,2024-01-08,6994
D04,PW-1031,2024-01-15,6966
D04,PW-1031,2024-01-22,6996
D04,PW-1031,2024-01-29,7057
D04,PW-1031,2024-02-05,7199
D04,PW-1031,2024-02-12,7291
D04,PW-1031,2024-02-19,7247
D04,PW-1031,2024-02-26,7388
D04,PW-1031,2024-03-04,7025
D04,PW-1031,2024-03-11,6987
D04,PW-1031,2024-03-18,7480
D04,PW-1031,2024-03-25,6578
D04,PW-1031,2024-04-01,6489
D04,PW-1031,2024-04-08,6809
D04,PW-1031,2024-04-15,6867
D04,PW-1031,2024-04-22,6578
D04,PW-1031,2024-04-29,6233
D04,PW-1031,2024-05-06,6007
D04,PW-1031,2024-05-13,6174
D04,PW-1031,2024-05-20,5707
D04,PW-1031,2024-05-27,5640
D04,PW-1031,2024-06-03,5363
D04,PW-1031,2024-06-10,4675
D04,PW-1031,2024-06-17,5953
D04,PW-1031,2024-06-24,7238
D04,PW-1031,2024-07-01,6957
D04,PW-1031,2024-07-08,7365
D04,PW-1031,2024-07-15,7755
D04,PW-1031,2024-07-22,8355
D04,PW-1031,2024-07-29,7987
D04,PW-1031,2024-08-05,7690
D04,PW-1031,2024-08-12,7152
D04,PW-1031,2024-08-19,6199
D04,PW-1031,2024-08-26,7069
D04,PW-1031,2024-09-02,7162
D04,PW-1031,2024-09-09,7092
D04,PW-1031,2024-09-16,6567
D04,PW-1031,2024-09-23,7621
D04,PW-1031,2024-09-30,7583
D04,PW-1031,2024-10-07,8230
D04,PW-1031,2024-10-14,7508
D04,PW-1031,2024-10-21,7266
D04,PW-1031,2024-10-28,7600
D04,PW-1031,2024-11-04,9712
D04,PW-1031,2024-11-11,10792
D04,PW-1031,2024-11-18,9904
D04,PW-1031,2024-11-25,9244
D04,PW-1031,2024-12-02,8753
D04,PW-1031,2024-12-09,8615
D04,PW-1031,2024-12-16,8085
D04,PW-1031,2024-12-23,9008
D04,PW-1031,2024-12-30,8321
D04,PW-1031,2025-01-06,7533
D04,PW-1031,2025-01-13,7581
D04,PW-1031,2025-01-20,7356
D04,PW-1031,2025-01-27,6828
D04,PW-1031,2025-02-03,6809
D04,PW-1031,2025-02-10,7541
D04,PW-1031,2025-02-17,6941
D04,PW-1031,2025-02-24,7062
D04,PW-1031,2025-03-03,6971
D04,PW-1031,2025-03-10,6593
D04,PW-1031,2025-03-17,7003
D04,PW-1031,2025-03-24,7252
D04,PW-1031,2025-03-31,8023
D04,PW-1031,2025-04-07,7213
D04,PW-1031,2025-04-14,6984
D04,PW-1031,2025-04-21,7335
D04,PW-1031,2025-04-28,7605
D04,PW-1031,2025-05-05,7629
D04,PW-1031,2025-05-12,6779
D04,PW-1031,2025-05-19,6581
D04,PW-1031,2025-05-26,5812
D04,PW-1031,2025-06-02,4904
D04,PW-1031,2025-06-09,5815
D04,PW-1031,2025-06-16,5612
D04,PW-1031,2025-06-23,5492
D04,PW-1031,2025-06-30,6369
D04,PW-1031,2025-07-07,7488
D04,PW-1031,2025-07-14,7048
D04,PW-1031,2025-07-21,7816
D04,PW-1031,2025-07-28,8032
D04,PW-1031,2025-08-04,8076
D04,PW-1031,2025-08-11,7733
D04,PW-1031,2025-08-18,7819
D04,PW-1031,2025-08-25,7420
D04,PW-1031,2025-09-01,6680
D04,PW-1031,2025-09-08,6944
D04,PW-1031,2025-09-15,7564
D04,PW-1031,2025-09-22,7556
D04,PW-1031,2025-09-29,7039
D04,PW-1031,2025-10-06,7596
D04,PW-1031,2025-10-13,9356
D04,PW-1031,2025-10-20,10637
D04,PW-1031,2025-10-27,10806
D04,PW-1031,2025-11-03,11792
D04,PW-1031,2025-11-10,12476
D04,PW-1031,2025-11-17,13432
D04,PW-1031,2025-11-24,14574
D04,PW-1031,2025-12-01,15242
D04,PW-1031,2025-12-08,14541
D04,PW-1031,2025-12-15,15003
D04,PW-1031,2025-12-22,14433
D04,PW-1031,2025-12-29,14001
D04,PW-1031,2026-01-05,13304
D04,PW-1031,2026-01-12,12522
D04,PW-1031,2026-01-19,12042
D04,PW-1031,2026-01-26,12017
D04,PW-1031,2026-02-02,12716
D04,PW-1031,2026-02-09,12788
D04,PW-1031,2026-02-16,11672
D04,PW-1031,2026-02-23,12302
D04,PW-1031,2026-03-02,12972
D04,PW-1031,2026-03-09,12913
D04,PW-1031,2026-03-16,12769
D04,PW-1031,2026-03-23,12416
D04,PW-1031,2026-03-30,11980
D04,PW-1031,2026-04-06,11605
D04,PW-1031,2026-04-13,11537
D04,PW-1031,2026-04-20,12349
D04,PW-1031,2026-04-27,13221
D04,PW-1031,2026-05-04,12579
D04,PW-1031,2026-05-11,13870
D04,PW-1031,2026-05-18,14356
D04,PW-1031,2026-05-25,15033
D04,PW-1031,2026-06-01,16077
D04,PW-1031,2026-06-08,15070
D04,PW-1031,2026-06-15,15957
D04,PW-1031,2026-06-22,15540
D04,PM-1005,2024-01-01,21460
D04,PM-1005,2024-01-08,21628
D04,PM-1005,2024-01-15,21129
D04,PM-1005,2024-01-22,20592
D04,PM-1005,2024-01-29,20304
D04,PM-1005,2024-02-05,20559
D04,PM-1005,2024-02-12,19966
D04,PM-1005,2024-02-19,19989
D04,PM-1005,2024-02-26,19964
D04,PM-1005,2024-03-04,19641
D04,PM-1005,2024-03-11,21732
D04,PM-1005,2024-03-18,19090
D04,PM-1005,2024-03-25,21096
D04,PM-1005,2024-04-01,17610
D04,PM-1005,2024-04-08,17754
D04,PM-1005,2024-04-15,19529
D04,PM-1005,2024-04-22,20440
D04,PM-1005,2024-04-29,20200
D04,PM-1005,2024-05-06,19305
D04,PM-1005,2024-05-13,20527
D04,PM-1005,2024-05-20,18219
D04,PM-1005,2024-05-27,16990
D04,PM-1005,2024-06-03,17871
D04,PM-1005,2024-06-10,23082
D04,PM-1005,2024-06-17,22193
D04,PM-1005,2024-06-24,21843
D04,PM-1005,2024-07-01,19422
D04,PM-1005,2024-07-08,16833
D04,PM-1005,2024-07-15,24826
D04,PM-1005,2024-07-22,22823
D04,PM-1005,2024-07-29,24378
D04,PM-1005,2024-08-05,26915
D04,PM-1005,2024-08-12,26256
D04,PM-1005,2024-08-19,28706
D04,PM-1005,2024-08-26,28344
D04,PM-1005,2024-09-02,32253
D04,PM-1005,2024-09-09,32847
D04,PM-1005,2024-09-16,34029
D04,PM-1005,2024-09-23,31483
D04,PM-1005,2024-09-30,29700
D04,PM-1005,2024-10-07,30479
D04,PM-1005,2024-10-14,28198
D04,PM-1005,2024-10-21,26238
D04,PM-1005,2024-10-28,24627
D04,PM-1005,2024-11-04,25443
D04,PM-1005,2024-11-11,23593
D04,PM-1005,2024-11-18,23132
D04,PM-1005,2024-11-25,20907
D04,PM-1005,2024-12-02,22116
D04,PM-1005,2024-12-09,22957
D04,PM-1005,2024-12-16,21305
D04,PM-1005,2024-12-23,21429
D04,PM-1005,2024-12-30,20236
D04,PM-1005,2025-01-06,18159
D04,PM-1005,2025-01-13,18275
D04,PM-1005,2025-01-20,19024
D04,PM-1005,2025-01-27,18992
D04,PM-1005,2025-02-03,18276
D04,PM-1005,2025-02-10,19146
D04,PM-1005,2025-02-17,18679
D04,PM-1005,2025-02-24,19943
D04,PM-1005,2025-03-03,18497
D04,PM-1005,2025-03-10,19969
D04,PM-1005,2025-03-17,18846
D04,PM-1005,2025-03-24,20561
D04,PM-1005,2025-03-31,22509
D04,PM-1005,2025-04-07,22992
D04,PM-1005,2025-04-14,23067
D04,PM-1005,2025-04-21,22885
D04,PM-1005,2025-04-28,22920
D04,PM-1005,2025-05-05,20907
D04,PM-1005,2025-05-12,21377
D04,PM-1005,2025-05-19,19087
D04,PM-1005,2025-05-26,18827
D04,PM-1005,2025-06-02,20028
D04,PM-1005,2025-06-09,18728
D04,PM-1005,2025-06-16,17593
D04,PM-1005,2025-06-23,18418
D04,PM-1005,2025-06-30,20082
D04,PM-1005,2025-07-07,19745
D04,PM-1005,2025-07-14,17698
D04,PM-1005,2025-07-21,19767
D04,PM-1005,2025-07-28,20543
D04,PM-1005,2025-08-04,24111
D04,PM-1005,2025-08-11,24215
D04,PM-1005,2025-08-18,25703
D04,PM-1005,2025-08-25,27182
D04,PM-1005,2025-09-01,29540
D04,PM-1005,2025-09-08,28440
D04,PM-1005,2025-09-15,26766
D04,PM-1005,2025-09-22,27853
D04,PM-1005,2025-09-29,25678
D04,PM-1005,2025-10-06,26819
D04,PM-1005,2025-10-13,27726
D04,PM-1005,2025-10-20,26551
D04,PM-1005,2025-10-27,27801
D04,PM-1005,2025-11-03,29831
D04,PM-1005,2025-11-10,30852
D04,PM-1005,2025-11-17,34467
D04,PM-1005,2025-11-24,36440
D04,PM-1005,2025-12-01,34349
D04,PM-1005,2025-12-08,36889
D04,PM-1005,2025-12-15,39078
D04,PM-1005,2025-12-22,37730
D04,PM-1005,2025-12-29,36583
D04,PM-1005,2026-01-05,37250
D04,PM-1005,2026-01-12,35045
D04,PM-1005,2026-01-19,33988
D04,PM-1005,2026-01-26,31602
D04,PM-1005,2026-02-02,33800
D04,PM-1005,2026-02-09,36488
D04,PM-1005,2026-02-16,37215
D04,PM-1005,2026-02-23,38291
D04,PM-1005,2026-03-02,35858
D04,PM-1005,2026-03-09,36604
D04,PM-1005,2026-03-16,39613
D04,PM-1005,2026-03-23,40704
D04,PM-1005,2026-03-30,38636
D04,PM-1005,2026-04-06,40045
D04,PM-1005,2026-04-13,39173
D04,PM-1005,2026-04-20,36622
D04,PM-1005,2026-04-27,36180
D04,PM-1005,2026-05-04,34682
D04,PM-1005,2026-05-11,35205
D04,PM-1005,2026-05-18,34953
D04,PM-1005,2026-05-25,38792
D04,PM-1005,2026-06-01,36105
D04,PM-1005,2026-06-08,39373
D04,PM-1005,2026-06-15,40289
D04,PM-1005,2026-06-22,40349
D04,PM-1007,2024-01-01,27284
D04,PM-1007,2024-01-08,28004
D04,PM-1007,2024-01-15,27930
D04,PM-1007,2024-01-22,28049
D04,PM-1007,2024-01-29,27790
D04,PM-1007,2024-02-05,27496
D04,PM-1007,2024-02-12,27147
D04,PM-1007,2024-02-19,26818
D04,PM-1007,2024-02-26,26469
D04,PM-1007,2024-03-04,25886
D04,PM-1007,2024-03-11,26039
D04,PM-1007,2024-03-18,23226
D04,PM-1007,2024-03-25,22044
D04,PM-1007,2024-04-01,21160
D04,PM-1007,2024-04-08,20635
D04,PM-1007,2024-04-15,20599
D04,PM-1007,2024-04-22,21334
D04,PM-1007,2024-04-29,20402
D04,PM-1007,2024-05-06,16784
D04,PM-1007,2024-05-13,25230
D04,PM-1007,2024-05-20,25834
D04,PM-1007,2024-05-27,26132
D04,PM-1007,2024-06-03,26082
D04,PM-1007,2024-06-10,26662
D04,PM-1007,2024-06-17,25811
D04,PM-1007,2024-06-24,26608
D04,PM-1007,2024-07-01,26967
D04,PM-1007,2024-07-08,30413
D04,PM-1007,2024-07-15,33217
D04,PM-1007,2024-07-22,31988
D04,PM-1007,2024-07-29,32633
D04,PM-1007,2024-08-05,35851
D04,PM-1007,2024-08-12,35550
D04,PM-1007,2024-08-19,32565
D04,PM-1007,2024-08-26,37791
D04,PM-1007,2024-09-02,34528
D04,PM-1007,2024-09-09,33076
D04,PM-1007,2024-09-16,31512
D04,PM-1007,2024-09-23,31073
D04,PM-1007,2024-09-30,30684
D04,PM-1007,2024-10-07,31434
D04,PM-1007,2024-10-14,31032
D04,PM-1007,2024-10-21,29049
D04,PM-1007,2024-10-28,25963
D04,PM-1007,2024-11-04,26861
D04,PM-1007,2024-11-11,29096
D04,PM-1007,2024-11-18,28061
D04,PM-1007,2024-11-25,26651
D04,PM-1007,2024-12-02,25744
D04,PM-1007,2024-12-09,26135
D04,PM-1007,2024-12-16,28313
D04,PM-1007,2024-12-23,27343
D04,PM-1007,2024-12-30,24773
D04,PM-1007,2025-01-06,24564
D04,PM-1007,2025-01-13,25498
D04,PM-1007,2025-01-20,25948
D04,PM-1007,2025-01-27,28552
D04,PM-1007,2025-02-03,28942
D04,PM-1007,2025-02-10,26858
D04,PM-1007,2025-02-17,25440
D04,PM-1007,2025-02-24,28285
D04,PM-1007,2025-03-03,26307
D04,PM-1007,2025-03-10,24757
D04,PM-1007,2025-03-17,24690
D04,PM-1007,2025-03-24,21886
D04,PM-1007,2025-03-31,23080
D04,PM-1007,2025-04-07,20062
D04,PM-1007,2025-04-14,19452
D04,PM-1007,2025-04-21,18944
D04,PM-1007,2025-04-28,21653
D04,PM-1007,2025-05-05,20208
D04,PM-1007,2025-05-12,18722
D04,PM-1007,2025-05-19,15602
D04,PM-1007,2025-05-26,19696
D04,PM-1007,2025-06-02,22752
D04,PM-1007,2025-06-09,25980
D04,PM-1007,2025-06-16,28110
D04,PM-1007,2025-06-23,26950
D04,PM-1007,2025-06-30,26864
D04,PM-1007,2025-07-07,26512
D04,PM-1007,2025-07-14,24402
D04,PM-1007,2025-07-21,26783
D04,PM-1007,2025-07-28,28074
D04,PM-1007,2025-08-04,27485
D04,PM-1007,2025-08-11,27837
D04,PM-1007,2025-08-18,30062
D04,PM-1007,2025-08-25,32329
D04,PM-1007,2025-09-01,33602
D04,PM-1007,2025-09-08,36905
D04,PM-1007,2025-09-15,34032
D04,PM-1007,2025-09-22,35486
D04,PM-1007,2025-09-29,32846
D04,PM-1007,2025-10-06,32841
D04,PM-1007,2025-10-13,33731
D04,PM-1007,2025-10-20,42457
D04,PM-1007,2025-10-27,43566
D04,PM-1007,2025-11-03,45841
D04,PM-1007,2025-11-10,49369
D04,PM-1007,2025-11-17,52113
D04,PM-1007,2025-11-24,52115
D04,PM-1007,2025-12-01,56490
D04,PM-1007,2025-12-08,58661
D04,PM-1007,2025-12-15,57975
D04,PM-1007,2025-12-22,54974
D04,PM-1007,2025-12-29,52283
D04,PM-1007,2026-01-05,49786
D04,PM-1007,2026-01-12,47090
D04,PM-1007,2026-01-19,43757
D04,PM-1007,2026-01-26,41200
D04,PM-1007,2026-02-02,39147
D04,PM-1007,2026-02-09,36733
D04,PM-1007,2026-02-16,35398
D04,PM-1007,2026-02-23,38683
D04,PM-1007,2026-03-02,36289
D04,PM-1007,2026-03-09,38222
D04,PM-1007,2026-03-16,43894
D04,PM-1007,2026-03-23,43854
D04,PM-1007,2026-03-30,45653
D04,PM-1007,2026-04-06,46117
D04,PM-1007,2026-04-13,46662
D04,PM-1007,2026-04-20,45098
D04,PM-1007,2026-04-27,42172
D04,PM-1007,2026-05-04,40005
D04,PM-1007,2026-05-11,37990
D04,PM-1007,2026-05-18,44859
D04,PM-1007,2026-05-25,42616
D04,PM-1007,2026-06-01,41412
D04,PM-1007,2026-06-08,50667
D04,PM-1007,2026-06-15,53638
D04,PM-1007,2026-06-22,50513
D04,PW-1032,2024-01-01,9478
D04,PW-1032,2024-01-08,9604
D04,PW-1032,2024-01-15,9802
D04,PW-1032,2024-01-22,9608
D04,PW-1032,2024-01-29,9639
D04,PW-1032,2024-02-05,9953
D04,PW-1032,2024-02-12,10162
D04,PW-1032,2024-02-19,9239
D04,PW-1032,2024-02-26,9482
D04,PW-1032,2024-03-04,9516
D04,PW-1032,2024-03-11,10657
D04,PW-1032,2024-03-18,10722
D04,PW-1032,2024-03-25,9600
D04,PW-1032,2024-04-01,9078
D04,PW-1032,2024-04-08,8358
D04,PW-1032,2024-04-15,7490
D04,PW-1032,2024-04-22,7622
D04,PW-1032,2024-04-29,8513
D04,PW-1032,2024-05-06,7764
D04,PW-1032,2024-05-13,7216
D04,PW-1032,2024-05-20,6828
D04,PW-1032,2024-05-27,7248
D04,PW-1032,2024-06-03,7253
D04,PW-1032,2024-06-10,7010
D04,PW-1032,2024-06-17,6387
D04,PW-1032,2024-06-24,6737
D04,PW-1032,2024-07-01,7057
D04,PW-1032,2024-07-08,8841
D04,PW-1032,2024-07-15,9784
D04,PW-1032,2024-07-22,9352
D04,PW-1032,2024-07-29,10802
D04,PW-1032,2024-08-05,10819
D04,PW-1032,2024-08-12,9897
D04,PW-1032,2024-08-19,9078
D04,PW-1032,2024-08-26,8847
D04,PW-1032,2024-09-02,9117
D04,PW-1032,2024-09-09,8866
D04,PW-1032,2024-09-16,8466
D04,PW-1032,2024-09-23,8372
D04,PW-1032,2024-09-30,7283
D04,PW-1032,2024-10-07,8318
D04,PW-1032,2024-10-14,8201
D04,PW-1032,2024-10-21,8495
D04,PW-1032,2024-10-28,9738
D04,PW-1032,2024-11-04,9849
D04,PW-1032,2024-11-11,8993
D04,PW-1032,2024-11-18,11274
D04,PW-1032,2024-11-25,12266
D04,PW-1032,2024-12-02,13221
D04,PW-1032,2024-12-09,13192
D04,PW-1032,2024-12-16,13391
D04,PW-1032,2024-12-23,13258
D04,PW-1032,2024-12-30,12907
D04,PW-1032,2025-01-06,13337
D04,PW-1032,2025-01-13,12496
D04,PW-1032,2025-01-20,11137
D04,PW-1032,2025-01-27,10412
D04,PW-1032,2025-02-03,10408
D04,PW-1032,2025-02-10,9557
D04,PW-1032,2025-02-17,9920
D04,PW-1032,2025-02-24,9138
D04,PW-1032,2025-03-03,9172
D04,PW-1032,2025-03-10,8993
D04,PW-1032,2025-03-17,7957
D04,PW-1032,2025-03-24,8006
D04,PW-1032,2025-03-31,7708
D04,PW-1032,2025-04-07,8879
D04,PW-1032,2025-04-14,7839
D04,PW-1032,2025-04-21,8234
D04,PW-1032,2025-04-28,7948
D04,PW-1032,2025-05-05,6818
D04,PW-1032,2025-05-12,6777
D04,PW-1032,2025-05-19,6679
D04,PW-1032,2025-05-26,7718
D04,PW-1032,2025-06-02,8968
D04,PW-1032,2025-06-09,7848
D04,PW-1032,2025-06-16,7927
D04,PW-1032,2025-06-23,8738
D04,PW-1032,2025-06-30,9368
D04,PW-1032,2025-07-07,10757
D04,PW-1032,2025-07-14,9545
D04,PW-1032,2025-07-21,9625
D04,PW-1032,2025-07-28,10069
D04,PW-1032,2025-08-04,9392
D04,PW-1032,2025-08-11,9713
D04,PW-1032,2025-08-18,11672
D04,PW-1032,2025-08-25,12379
D04,PW-1032,2025-09-01,12408
D04,PW-1032,2025-09-08,11358
D04,PW-1032,2025-09-15,10114
D04,PW-1032,2025-09-22,10309
D04,PW-1032,2025-09-29,11057
D04,PW-1032,2025-10-06,11708
D04,PW-1032,2025-10-13,12236
D04,PW-1032,2025-10-20,12603
D04,PW-1032,2025-10-27,15447
D04,PW-1032,2025-11-03,17257
D04,PW-1032,2025-11-10,18341
D04,PW-1032,2025-11-17,17102
D04,PW-1032,2025-11-24,18691
D04,PW-1032,2025-12-01,20542
D04,PW-1032,2025-12-08,21368
D04,PW-1032,2025-12-15,22021
D04,PW-1032,2025-12-22,20877
D04,PW-1032,2025-12-29,20034
D04,PW-1032,2026-01-05,19894
D04,PW-1032,2026-01-12,19065
D04,PW-1032,2026-01-19,19070
D04,PW-1032,2026-01-26,18655
D04,PW-1032,2026-02-02,18537
D04,PW-1032,2026-02-09,19448
D04,PW-1032,2026-02-16,19051
D04,PW-1032,2026-02-23,19083
D04,PW-1032,2026-03-02,20087
D04,PW-1032,2026-03-09,20686
D04,PW-1032,2026-03-16,20696
D04,PW-1032,2026-03-23,19780
D04,PW-1032,2026-03-30,18721
D04,PW-1032,2026-04-06,17950
D04,PW-1032,2026-04-13,17770
D04,PW-1032,2026-04-20,17217
D04,PW-1032,2026-04-27,15746
D04,PW-1032,2026-05-04,14884
D04,PW-1032,2026-05-11,14537
D04,PW-1032,2026-05-18,14962
D04,PW-1032,2026-05-25,16041
D04,PW-1032,2026-06-01,16341
D04,PW-1032,2026-06-08,16403
D04,PW-1032,2026-06-15,18475
D04,PW-1032,2026-06-22,19082
D04,PW-1029,2024-01-01,6669
D04,PW-1029,2024-01-08,6833
D04,PW-1029,2024-01-15,7104
D04,PW-1029,2024-01-22,7265
D04,PW-1029,2024-01-29,6926
D04,PW-1029,2024-02-05,7090
D04,PW-1029,2024-02-12,7672
D04,PW-1029,2024-02-19,7916
D04,PW-1029,2024-02-26,8002
D04,PW-1029,2024-03-04,8129
D04,PW-1029,2024-03-11,8211
D04,PW-1029,2024-03-18,8180
D04,PW-1029,2024-03-25,7377
D04,PW-1029,2024-04-01,6742
D04,PW-1029,2024-04-08,6212
D04,PW-1029,2024-04-15,5711
D04,PW-1029,2024-04-22,5405
D04,PW-1029,2024-04-29,4992
D04,PW-1029,2024-05-06,5015
D04,PW-1029,2024-05-13,4119
D04,PW-1029,2024-05-20,3904
D04,PW-1029,2024-05-27,3753
D04,PW-1029,2024-06-03,3015
D04,PW-1029,2024-06-10,3467
D04,PW-1029,2024-06-17,4109
D04,PW-1029,2024-06-24,6475
D04,PW-1029,2024-07-01,5680
D04,PW-1029,2024-07-08,6487
D04,PW-1029,2024-07-15,6846
D04,PW-1029,2024-07-22,6889
D04,PW-1029,2024-07-29,6437
D04,PW-1029,2024-08-05,7540
D04,PW-1029,2024-08-12,7316
D04,PW-1029,2024-08-19,7529
D04,PW-1029,2024-08-26,8051
D04,PW-1029,2024-09-02,8054
D04,PW-1029,2024-09-09,7391
D04,PW-1029,2024-09-16,8273
D04,PW-1029,2024-09-23,8587
D04,PW-1029,2024-09-30,8106
D04,PW-1029,2024-10-07,8787
D04,PW-1029,2024-10-14,8204
D04,PW-1029,2024-10-21,8050
D04,PW-1029,2024-10-28,7428
D04,PW-1029,2024-11-04,6855
D04,PW-1029,2024-11-11,7364
D04,PW-1029,2024-11-18,7197
D04,PW-1029,2024-11-25,8623
D04,PW-1029,2024-12-02,8015
D04,PW-1029,2024-12-09,7696
D04,PW-1029,2024-12-16,7879
D04,PW-1029,2024-12-23,8176
D04,PW-1029,2024-12-30,7466
D04,PW-1029,2025-01-06,7927
D04,PW-1029,2025-01-13,7790
D04,PW-1029,2025-01-20,7679
D04,PW-1029,2025-01-27,6811
D04,PW-1029,2025-02-03,7547
D04,PW-1029,2025-02-10,8349
D04,PW-1029,2025-02-17,7815
D04,PW-1029,2025-02-24,7820
D04,PW-1029,2025-03-03,7152
D04,PW-1029,2025-03-10,6606
D04,PW-1029,2025-03-17,6177
D04,PW-1029,2025-03-24,5947
D04,PW-1029,2025-03-31,4865
D04,PW-1029,2025-04-07,4636
D04,PW-1029,2025-04-14,4720
D04,PW-1029,2025-04-21,3812
D04,PW-1029,2025-04-28,4915
D04,PW-1029,2025-05-05,6022
D04,PW-1029,2025-05-12,6140
D04,PW-1029,2025-05-19,5070
D04,PW-1029,2025-05-26,4201
D04,PW-1029,2025-06-02,3410
D04,PW-1029,2025-06-09,3592
D04,PW-1029,2025-06-16,3709
D04,PW-1029,2025-06-23,6879
D04,PW-1029,2025-06-30,6084
D04,PW-1029,2025-07-07,5522
D04,PW-1029,2025-07-14,6894
D04,PW-1029,2025-07-21,6125
D04,PW-1029,2025-07-28,7181
D04,PW-1029,2025-08-04,7703
D04,PW-1029,2025-08-11,9002
D04,PW-1029,2025-08-18,8725
D04,PW-1029,2025-08-25,8755
D04,PW-1029,2025-09-01,9242
D04,PW-1029,2025-09-08,10233
D04,PW-1029,2025-09-15,10931
D04,PW-1029,2025-09-22,10769
D04,PW-1029,2025-09-29,10290
D04,PW-1029,2025-10-06,10382
D04,PW-1029,2025-10-13,10571
D04,PW-1029,2025-10-20,10741
D04,PW-1029,2025-10-27,11118
D04,PW-1029,2025-11-03,10445
D04,PW-1029,2025-11-10,10762
D04,PW-1029,2025-11-17,11172
D04,PW-1029,2025-11-24,11482
D04,PW-1029,2025-12-01,11457
D04,PW-1029,2025-12-08,11465
D04,PW-1029,2025-12-15,11794
D04,PW-1029,2025-12-22,13129
D04,PW-1029,2025-12-29,14739
D04,PW-1029,2026-01-05,14493
D04,PW-1029,2026-01-12,15039
D04,PW-1029,2026-01-19,14672
D04,PW-1029,2026-01-26,14357
D04,PW-1029,2026-02-02,13372
D04,PW-1029,2026-02-09,12822
D04,PW-1029,2026-02-16,11935
D04,PW-1029,2026-02-23,12466
D04,PW-1029,2026-03-02,12323
D04,PW-1029,2026-03-09,12177
D04,PW-1029,2026-03-16,13839
D04,PW-1029,2026-03-23,13439
D04,PW-1029,2026-03-30,13404
D04,PW-1029,2026-04-06,13764
D04,PW-1029,2026-04-13,14297
D04,PW-1029,2026-04-20,13293
D04,PW-1029,2026-04-27,13444
D04,PW-1029,2026-05-04,13895
D04,PW-1029,2026-05-11,13461
D04,PW-1029,2026-05-18,13524
D04,PW-1029,2026-05-25,12846
D04,PW-1029,2026-06-01,13577
D04,PW-1029,2026-06-08,13401
D04,PW-1029,2026-06-15,13712
D04,PW-1029,2026-06-22,14186
D04,PW-1035,2024-01-01,9603
D04,PW-1035,2024-01-08,9770
D04,PW-1035,2024-01-15,9880
D04,PW-1035,2024-01-22,9889
D04,PW-1035,2024-01-29,10045
D04,PW-1035,2024-02-05,10215
D04,PW-1035,2024-02-12,9964
D04,PW-1035,2024-02-19,9926
D04,PW-1035,2024-02-26,9767
D04,PW-1035,2024-03-04,9678
D04,PW-1035,2024-03-11,9706
D04,PW-1035,2024-03-18,9793
D04,PW-1035,2024-03-25,9864
D04,PW-1035,2024-04-01,9449
D04,PW-1035,2024-04-08,9273
D04,PW-1035,2024-04-15,9345
D04,PW-1035,2024-04-22,8662
D04,PW-1035,2024-04-29,8242
D04,PW-1035,2024-05-06,8925
D04,PW-1035,2024-05-13,8969
D04,PW-1035,2024-05-20,9022
D04,PW-1035,2024-05-27,9645
D04,PW-1035,2024-06-03,9733
D04,PW-1035,2024-06-10,9457
D04,PW-1035,2024-06-17,9742
D04,PW-1035,2024-06-24,9717
D04,PW-1035,2024-07-01,8818
D04,PW-1035,2024-07-08,8398
D04,PW-1035,2024-07-15,8710
D04,PW-1035,2024-07-22,8014
D04,PW-1035,2024-07-29,9068
D04,PW-1035,2024-08-05,9951
D04,PW-1035,2024-08-12,10711
D04,PW-1035,2024-08-19,11527
D04,PW-1035,2024-08-26,12332
D04,PW-1035,2024-09-02,12923
D04,PW-1035,2024-09-09,12137
D04,PW-1035,2024-09-16,12375
D04,PW-1035,2024-09-23,11017
D04,PW-1035,2024-09-30,10678
D04,PW-1035,2024-10-07,9664
D04,PW-1035,2024-10-14,8694
D04,PW-1035,2024-10-21,10392
D04,PW-1035,2024-10-28,10877
D04,PW-1035,2024-11-04,10930
D04,PW-1035,2024-11-11,10695
D04,PW-1035,2024-11-18,10653
D04,PW-1035,2024-11-25,9820
D04,PW-1035,2024-12-02,10323
D04,PW-1035,2024-12-09,9637
D04,PW-1035,2024-12-16,10257
D04,PW-1035,2024-12-23,11356
D04,PW-1035,2024-12-30,12228
D04,PW-1035,2025-01-06,12272
D04,PW-1035,2025-01-13,11767
D04,PW-1035,2025-01-20,12030
D04,PW-1035,2025-01-27,11868
D04,PW-1035,2025-02-03,12017
D04,PW-1035,2025-02-10,10453
D04,PW-1035,2025-02-17,9800
D04,PW-1035,2025-02-24,8717
D04,PW-1035,2025-03-03,7308
D04,PW-1035,2025-03-10,8965
D04,PW-1035,2025-03-17,8657
D04,PW-1035,2025-03-24,9145
D04,PW-1035,2025-03-31,8603
D04,PW-1035,2025-04-07,8214
D04,PW-1035,2025-04-14,8392
D04,PW-1035,2025-04-21,8758
D04,PW-1035,2025-04-28,7758
D04,PW-1035,2025-05-05,9487
D04,PW-1035,2025-05-12,10883
D04,PW-1035,2025-05-19,10854
D04,PW-1035,2025-05-26,11194
D04,PW-1035,2025-06-02,10524
D04,PW-1035,2025-06-09,11906
D04,PW-1035,2025-06-16,12135
D04,PW-1035,2025-06-23,12395
D04,PW-1035,2025-06-30,11216
D04,PW-1035,2025-07-07,11297
D04,PW-1035,2025-07-14,10202
D04,PW-1035,2025-07-21,8900
D04,PW-1035,2025-07-28,8724
D04,PW-1035,2025-08-04,8192
D04,PW-1035,2025-08-11,8414
D04,PW-1035,2025-08-18,8026
D04,PW-1035,2025-08-25,8118
D04,PW-1035,2025-09-01,6984
D04,PW-1035,2025-09-08,8148
D04,PW-1035,2025-09-15,8521
D04,PW-1035,2025-09-22,9107
D04,PW-1035,2025-09-29,8375
D04,PW-1035,2025-10-06,7454
D04,PW-1035,2025-10-13,8683
D04,PW-1035,2025-10-20,7429
D04,PW-1035,2025-10-27,13409
D04,PW-1035,2025-11-03,18680
D04,PW-1035,2025-11-10,17631
D04,PW-1035,2025-11-17,18344
D04,PW-1035,2025-11-24,21235
D04,PW-1035,2025-12-01,22826
D04,PW-1035,2025-12-08,24345
D04,PW-1035,2025-12-15,23418
D04,PW-1035,2025-12-22,22457
D04,PW-1035,2025-12-29,21343
D04,PW-1035,2026-01-05,21854
D04,PW-1035,2026-01-12,22532
D04,PW-1035,2026-01-19,21753
D04,PW-1035,2026-01-26,20905
D04,PW-1035,2026-02-02,19888
D04,PW-1035,2026-02-09,19450
D04,PW-1035,2026-02-16,18837
D04,PW-1035,2026-02-23,19716
D04,PW-1035,2026-03-02,18568
D04,PW-1035,2026-03-09,17464
D04,PW-1035,2026-03-16,16090
D04,PW-1035,2026-03-23,18021
D04,PW-1035,2026-03-30,18193
D04,PW-1035,2026-04-06,17445
D04,PW-1035,2026-04-13,19839
D04,PW-1035,2026-04-20,18416
D04,PW-1035,2026-04-27,18272
D04,PW-1035,2026-05-04,20196
D04,PW-1035,2026-05-11,20489
D04,PW-1035,2026-05-18,19321
D04,PW-1035,2026-05-25,19096
D04,PW-1035,2026-06-01,18968
D04,PW-1035,2026-06-08,18660
D04,PW-1035,2026-06-15,19133
D04,PW-1035,2026-06-22,22351
D04,SC-1020,2024-01-01,3803
D04,SC-1020,2024-01-08,3858
D04,SC-1020,2024-01-15,3935
D04,SC-1020,2024-01-22,4090
D04,SC-1020,2024-01-29,4074
D04,SC-1020,2024-02-05,4050
D04,SC-1020,2024-02-12,4034
D04,SC-1020,2024-02-19,3986
D04,SC-1020,2024-02-26,4053
D04,SC-1020,2024-03-04,4086
D04,SC-1020,2024-03-11,4120
D04,SC-1020,2024-03-18,3823
D04,SC-1020,2024-03-25,4254
D04,SC-1020,2024-04-01,4235
D04,SC-1020,2024-04-08,4151
D04,SC-1020,2024-04-15,4099
D04,SC-1020,2024-04-22,4114
D04,SC-1020,2024-04-29,4021
D04,SC-1020,2024-05-06,3969
D04,SC-1020,2024-05-13,4028
D04,SC-1020,2024-05-20,3576
D04,SC-1020,2024-05-27,3227
D04,SC-1020,2024-06-03,2845
D04,SC-1020,2024-06-10,2470
D04,SC-1020,2024-06-17,2380
D04,SC-1020,2024-06-24,2366
D04,SC-1020,2024-07-01,2523
D04,SC-1020,2024-07-08,2819
D04,SC-1020,2024-07-15,2661
D04,SC-1020,2024-07-22,2564
D04,SC-1020,2024-07-29,2610
D04,SC-1020,2024-08-05,2531
D04,SC-1020,2024-08-12,2302
D04,SC-1020,2024-08-19,2171
D04,SC-1020,2024-08-26,2545
D04,SC-1020,2024-09-02,2494
D04,SC-1020,2024-09-09,2741
D04,SC-1020,2024-09-16,3186
D04,SC-1020,2024-09-23,3555
D04,SC-1020,2024-09-30,3082
D04,SC-1020,2024-10-07,3371
D04,SC-1020,2024-10-14,3719
D04,SC-1020,2024-10-21,4114
D04,SC-1020,2024-10-28,3662
D04,SC-1020,2024-11-04,3207
D04,SC-1020,2024-11-11,2777
D04,SC-1020,2024-11-18,3456
D04,SC-1020,2024-11-25,4229
D04,SC-1020,2024-12-02,3805
D04,SC-1020,2024-12-09,3882
D04,SC-1020,2024-12-16,4117
D04,SC-1020,2024-12-23,4974
D04,SC-1020,2024-12-30,4884
D04,SC-1020,2025-01-06,4637
D04,SC-1020,2025-01-13,4369
D04,SC-1020,2025-01-20,4743
D04,SC-1020,2025-01-27,4526
D04,SC-1020,2025-02-03,4444
D04,SC-1020,2025-02-10,4169
D04,SC-1020,2025-02-17,3757
D04,SC-1020,2025-02-24,4001
D04,SC-1020,2025-03-03,3530
D04,SC-1020,2025-03-10,4670
D04,SC-1020,2025-03-17,4805
D04,SC-1020,2025-03-24,5404
D04,SC-1020,2025-03-31,4855
D04,SC-1020,2025-04-07,5356
D04,SC-1020,2025-04-14,5172
D04,SC-1020,2025-04-21,5284
D04,SC-1020,2025-04-28,5042
D04,SC-1020,2025-05-05,4691
D04,SC-1020,2025-05-12,4211
D04,SC-1020,2025-05-19,3746
D04,SC-1020,2025-05-26,3812
D04,SC-1020,2025-06-02,4023
D04,SC-1020,2025-06-09,4133
D04,SC-1020,2025-06-16,4496
D04,SC-1020,2025-06-23,4352
D04,SC-1020,2025-06-30,4190
D04,SC-1020,2025-07-07,4932
D04,SC-1020,2025-07-14,5303
D04,SC-1020,2025-07-21,5574
D04,SC-1020,2025-07-28,5065
D04,SC-1020,2025-08-04,4627
D04,SC-1020,2025-08-11,4080
D04,SC-1020,2025-08-18,3703
D04,SC-1020,2025-08-25,4155
D04,SC-1020,2025-09-01,4889
D04,SC-1020,2025-09-08,4710
D04,SC-1020,2025-09-15,4535
D04,SC-1020,2025-09-22,4239
D04,SC-1020,2025-09-29,3829
D04,SC-1020,2025-10-06,3496
D04,SC-1020,2025-10-13,4608
D04,SC-1020,2025-10-20,4277
D04,SC-1020,2025-10-27,3942
D04,SC-1020,2025-11-03,3703
D04,SC-1020,2025-11-10,3445
D04,SC-1020,2025-11-17,3046
D04,SC-1020,2025-11-24,2748
D04,SC-1020,2025-12-01,2983
D04,SC-1020,2025-12-08,2652
D04,SC-1020,2025-12-15,3726
D04,SC-1020,2025-12-22,3479
D04,SC-1020,2025-12-29,4344
D04,SC-1020,2026-01-05,4098
D04,SC-1020,2026-01-12,4140
D04,SC-1020,2026-01-19,4185
D04,SC-1020,2026-01-26,5850
D04,SC-1020,2026-02-02,7023
D04,SC-1020,2026-02-09,6668
D04,SC-1020,2026-02-16,6421
D04,SC-1020,2026-02-23,6200
D04,SC-1020,2026-03-02,6563
D04,SC-1020,2026-03-09,6205
D04,SC-1020,2026-03-16,5971
D04,SC-1020,2026-03-23,6337
D04,SC-1020,2026-03-30,6137
D04,SC-1020,2026-04-06,6341
D04,SC-1020,2026-04-13,6097
D04,SC-1020,2026-04-20,5770
D04,SC-1020,2026-04-27,5449
D04,SC-1020,2026-05-04,6036
D04,SC-1020,2026-05-11,5793
D04,SC-1020,2026-05-18,5562
D04,SC-1020,2026-05-25,5481
D04,SC-1020,2026-06-01,5133
D04,SC-1020,2026-06-08,4944
D04,SC-1020,2026-06-15,4667
D04,SC-1020,2026-06-22,4371
D04,PM-1003,2024-01-01,28422
D04,PM-1003,2024-01-08,28909
D04,PM-1003,2024-01-15,29589
D04,PM-1003,2024-01-22,29901
D04,PM-1003,2024-01-29,30145
D04,PM-1003,2024-02-05,30502
D04,PM-1003,2024-02-12,30990
D04,PM-1003,2024-02-19,31602
D04,PM-1003,2024-02-26,31481
D04,PM-1003,2024-03-04,30435
D04,PM-1003,2024-03-11,29708
D04,PM-1003,2024-03-18,28448
D04,PM-1003,2024-03-25,28076
D04,PM-1003,2024-04-01,28112
D04,PM-1003,2024-04-08,27463
D04,PM-1003,2024-04-15,26595
D04,PM-1003,2024-04-22,25533
D04,PM-1003,2024-04-29,24105
D04,PM-1003,2024-05-06,24427
D04,PM-1003,2024-05-13,22010
D04,PM-1003,2024-05-20,24069
D04,PM-1003,2024-05-27,26975
D04,PM-1003,2024-06-03,26671
D04,PM-1003,2024-06-10,23320
D04,PM-1003,2024-06-17,25640
D04,PM-1003,2024-06-24,26335
D04,PM-1003,2024-07-01,25444
D04,PM-1003,2024-07-08,26265
D04,PM-1003,2024-07-15,25429
D04,PM-1003,2024-07-22,23707
D04,PM-1003,2024-07-29,25148
D04,PM-1003,2024-08-05,23857
D04,PM-1003,2024-08-12,21674
D04,PM-1003,2024-08-19,26939
D04,PM-1003,2024-08-26,28818
D04,PM-1003,2024-09-02,25524
D04,PM-1003,2024-09-09,32217
D04,PM-1003,2024-09-16,33794
D04,PM-1003,2024-09-23,30963
D04,PM-1003,2024-09-30,32627
D04,PM-1003,2024-10-07,33004
D04,PM-1003,2024-10-14,34025
D04,PM-1003,2024-10-21,31625
D04,PM-1003,2024-10-28,29808
D04,PM-1003,2024-11-04,31809
D04,PM-1003,2024-11-11,33160
D04,PM-1003,2024-11-18,34324
D04,PM-1003,2024-11-25,35751
D04,PM-1003,2024-12-02,35278
D04,PM-1003,2024-12-09,32678
D04,PM-1003,2024-12-16,31083
D04,PM-1003,2024-12-23,31970
D04,PM-1003,2024-12-30,33257
D04,PM-1003,2025-01-06,30591
D04,PM-1003,2025-01-13,29244
D04,PM-1003,2025-01-20,25914
D04,PM-1003,2025-01-27,24780
D04,PM-1003,2025-02-03,23229
D04,PM-1003,2025-02-10,25918
D04,PM-1003,2025-02-17,24938
D04,PM-1003,2025-02-24,22626
D04,PM-1003,2025-03-03,23193
D04,PM-1003,2025-03-10,23047
D04,PM-1003,2025-03-17,24373
D04,PM-1003,2025-03-24,24022
D04,PM-1003,2025-03-31,26741
D04,PM-1003,2025-04-07,27270
D04,PM-1003,2025-04-14,29437
D04,PM-1003,2025-04-21,27267
D04,PM-1003,2025-04-28,24203
D04,PM-1003,2025-05-05,22911
D04,PM-1003,2025-05-12,22053
D04,PM-1003,2025-05-19,22412
D04,PM-1003,2025-05-26,25754
D04,PM-1003,2025-06-02,24513
D04,PM-1003,2025-06-09,22038
D04,PM-1003,2025-06-16,23061
D04,PM-1003,2025-06-23,28925
D04,PM-1003,2025-06-30,30534
D04,PM-1003,2025-07-07,35111
D04,PM-1003,2025-07-14,37839
D04,PM-1003,2025-07-21,37774
D04,PM-1003,2025-07-28,37152
D04,PM-1003,2025-08-04,37853
D04,PM-1003,2025-08-11,39144
D04,PM-1003,2025-08-18,36055
D04,PM-1003,2025-08-25,35143
D04,PM-1003,2025-09-01,32196
D04,PM-1003,2025-09-08,28794
D04,PM-1003,2025-09-15,28838
D04,PM-1003,2025-09-22,32365
D04,PM-1003,2025-09-29,34786
D04,PM-1003,2025-10-06,35071
D04,PM-1003,2025-10-13,40398
D04,PM-1003,2025-10-20,42555
D04,PM-1003,2025-10-27,46513
D04,PM-1003,2025-11-03,48645
D04,PM-1003,2025-11-10,49681
D04,PM-1003,2025-11-17,53434
D04,PM-1003,2025-11-24,53157
D04,PM-1003,2025-12-01,58107
D04,PM-1003,2025-12-08,58047
D04,PM-1003,2025-12-15,60219
D04,PM-1003,2025-12-22,57421
D04,PM-1003,2025-12-29,55100
D04,PM-1003,2026-01-05,52904
D04,PM-1003,2026-01-12,50915
D04,PM-1003,2026-01-19,49030
D04,PM-1003,2026-01-26,45521
D04,PM-1003,2026-02-02,44224
D04,PM-1003,2026-02-09,40815
D04,PM-1003,2026-02-16,38764
D04,PM-1003,2026-02-23,38620
D04,PM-1003,2026-03-02,39668
D04,PM-1003,2026-03-09,37238
D04,PM-1003,2026-03-16,38362
D04,PM-1003,2026-03-23,41041
D04,PM-1003,2026-03-30,41665
D04,PM-1003,2026-04-06,46625
D04,PM-1003,2026-04-13,49438
D04,PM-1003,2026-04-20,53220
D04,PM-1003,2026-04-27,54601
D04,PM-1003,2026-05-04,55130
D04,PM-1003,2026-05-11,52787
D04,PM-1003,2026-05-18,52574
D04,PM-1003,2026-05-25,49925
D04,PM-1003,2026-06-01,45873
D04,PM-1003,2026-06-08,46609
D04,PM-1003,2026-06-15,48128
D04,PM-1003,2026-06-22,45940
D04,IG-1014,2024-01-01,372
D04,IG-1014,2024-01-08,343
D04,IG-1014,2024-01-15,344
D04,IG-1014,2024-01-22,353
D04,IG-1014,2024-01-29,397
D04,IG-1014,2024-02-05,403
D04,IG-1014,2024-02-12,405
D04,IG-1014,2024-02-19,410
D04,IG-1014,2024-02-26,408
D04,IG-1014,2024-03-04,385
D04,IG-1014,2024-03-11,371
D04,IG-1014,2024-03-18,402
D04,IG-1014,2024-03-25,424
D04,IG-1014,2024-04-01,428
D04,IG-1014,2024-04-08,432
D04,IG-1014,2024-04-15,442
D04,IG-1014,2024-04-22,404
D04,IG-1014,2024-04-29,362
D04,IG-1014,2024-05-06,325
D04,IG-1014,2024-05-13,293
D04,IG-1014,2024-05-20,287
D04,IG-1014,2024-05-27,265
D04,IG-1014,2024-06-03,252
D04,IG-1014,2024-06-10,243
D04,IG-1014,2024-06-17,285
D04,IG-1014,2024-06-24,340
D04,IG-1014,2024-07-01,312
D04,IG-1014,2024-07-08,298
D04,IG-1014,2024-07-15,285
D04,IG-1014,2024-07-22,281
D04,IG-1014,2024-07-29,272
D04,IG-1014,2024-08-05,240
D04,IG-1014,2024-08-12,229
D04,IG-1014,2024-08-19,231
D04,IG-1014,2024-08-26,239
D04,IG-1014,2024-09-02,282
D04,IG-1014,2024-09-09,301
D04,IG-1014,2024-09-16,370
D04,IG-1014,2024-09-23,441
D04,IG-1014,2024-09-30,463
D04,IG-1014,2024-10-07,477
D04,IG-1014,2024-10-14,457
D04,IG-1014,2024-10-21,507
D04,IG-1014,2024-10-28,520
D04,IG-1014,2024-11-04,548
D04,IG-1014,2024-11-11,530
D04,IG-1014,2024-11-18,487
D04,IG-1014,2024-11-25,498
D04,IG-1014,2024-12-02,504
D04,IG-1014,2024-12-09,499
D04,IG-1014,2024-12-16,456
D04,IG-1014,2024-12-23,427
D04,IG-1014,2024-12-30,417
D04,IG-1014,2025-01-06,407
D04,IG-1014,2025-01-13,440
D04,IG-1014,2025-01-20,432
D04,IG-1014,2025-01-27,387
D04,IG-1014,2025-02-03,338
D04,IG-1014,2025-02-10,301
D04,IG-1014,2025-02-17,293
D04,IG-1014,2025-02-24,271
D04,IG-1014,2025-03-03,269
D04,IG-1014,2025-03-10,224
D04,IG-1014,2025-03-17,222
D04,IG-1014,2025-03-24,217
D04,IG-1014,2025-03-31,366
D04,IG-1014,2025-04-07,373
D04,IG-1014,2025-04-14,372
D04,IG-1014,2025-04-21,412
D04,IG-1014,2025-04-28,406
D04,IG-1014,2025-05-05,366
D04,IG-1014,2025-05-12,352
D04,IG-1014,2025-05-19,354
D04,IG-1014,2025-05-26,363
D04,IG-1014,2025-06-02,373
D04,IG-1014,2025-06-09,410
D04,IG-1014,2025-06-16,363
D04,IG-1014,2025-06-23,418
D04,IG-1014,2025-06-30,441
D04,IG-1014,2025-07-07,451
D04,IG-1014,2025-07-14,406
D04,IG-1014,2025-07-21,432
D04,IG-1014,2025-07-28,420
D04,IG-1014,2025-08-04,401
D04,IG-1014,2025-08-11,376
D04,IG-1014,2025-08-18,411
D04,IG-1014,2025-08-25,467
D04,IG-1014,2025-09-01,521
D04,IG-1014,2025-09-08,531
D04,IG-1014,2025-09-15,546
D04,IG-1014,2025-09-22,585
D04,IG-1014,2025-09-29,645
D04,IG-1014,2025-10-06,733
D04,IG-1014,2025-10-13,704
D04,IG-1014,2025-10-20,720
D04,IG-1014,2025-10-27,684
D04,IG-1014,2025-11-03,715
D04,IG-1014,2025-11-10,697
D04,IG-1014,2025-11-17,711
D04,IG-1014,2025-11-24,735
D04,IG-1014,2025-12-01,705
D04,IG-1014,2025-12-08,686
D04,IG-1014,2025-12-15,667
D04,IG-1014,2025-12-22,682
D04,IG-1014,2025-12-29,700
D04,IG-1014,2026-01-05,664
D04,IG-1014,2026-01-12,651
D04,IG-1014,2026-01-19,690
D04,IG-1014,2026-01-26,682
D04,IG-1014,2026-02-02,664
D04,IG-1014,2026-02-09,634
D04,IG-1014,2026-02-16,632
D04,IG-1014,2026-02-23,608
D04,IG-1014,2026-03-02,581
D04,IG-1014,2026-03-09,579
D04,IG-1014,2026-03-16,573
D04,IG-1014,2026-03-23,563
D04,IG-1014,2026-03-30,556
D04,IG-1014,2026-04-06,588
D04,IG-1014,2026-04-13,561
D04,IG-1014,2026-04-20,556
D04,IG-1014,2026-04-27,600
D04,IG-1014,2026-05-04,573
D04,IG-1014,2026-05-11,566
D04,IG-1014,2026-05-18,551
D04,IG-1014,2026-05-25,554
D04,IG-1014,2026-06-01,552
D04,IG-1014,2026-06-08,550
D04,IG-1014,2026-06-15,520
D04,IG-1014,2026-06-22,489
D04,SC-1015,2024-01-01,4546
D04,SC-1015,2024-01-08,4402
D04,SC-1015,2024-01-15,4457
D04,SC-1015,2024-01-22,4385
D04,SC-1015,2024-01-29,4373
D04,SC-1015,2024-02-05,4481
D04,SC-1015,2024-02-12,4433
D04,SC-1015,2024-02-19,4464
D04,SC-1015,2024-02-26,4441
D04,SC-1015,2024-03-04,4487
D04,SC-1015,2024-03-11,4346
D04,SC-1015,2024-03-18,4366
D04,SC-1015,2024-03-25,4369
D04,SC-1015,2024-04-01,4219
D04,SC-1015,2024-04-08,4136
D04,SC-1015,2024-04-15,3909
D04,SC-1015,2024-04-22,3761
D04,SC-1015,2024-04-29,3587
D04,SC-1015,2024-05-06,3580
D04,SC-1015,2024-05-13,3463
D04,SC-1015,2024-05-20,4100
D04,SC-1015,2024-05-27,4686
D04,SC-1015,2024-06-03,4237
D04,SC-1015,2024-06-10,3694
D04,SC-1015,2024-06-17,3568
D04,SC-1015,2024-06-24,2947
D04,SC-1015,2024-07-01,3331
D04,SC-1015,2024-07-08,3080
D04,SC-1015,2024-07-15,2791
D04,SC-1015,2024-07-22,2422
D04,SC-1015,2024-07-29,2891
D04,SC-1015,2024-08-05,2326
D04,SC-1015,2024-08-12,2192
D04,SC-1015,2024-08-19,3232
D04,SC-1015,2024-08-26,3525
D04,SC-1015,2024-09-02,4611
D04,SC-1015,2024-09-09,5218
D04,SC-1015,2024-09-16,6150
D04,SC-1015,2024-09-23,5633
D04,SC-1015,2024-09-30,6051
D04,SC-1015,2024-10-07,7312
D04,SC-1015,2024-10-14,6855
D04,SC-1015,2024-10-21,6887
D04,SC-1015,2024-10-28,6424
D04,SC-1015,2024-11-04,6497
D04,SC-1015,2024-11-11,6555
D04,SC-1015,2024-11-18,7082
D04,SC-1015,2024-11-25,7967
D04,SC-1015,2024-12-02,7493
D04,SC-1015,2024-12-09,7060
D04,SC-1015,2024-12-16,6278
D04,SC-1015,2024-12-23,6551
D04,SC-1015,2024-12-30,6289
D04,SC-1015,2025-01-06,5868
D04,SC-1015,2025-01-13,5222
D04,SC-1015,2025-01-20,4624
D04,SC-1015,2025-01-27,4404
D04,SC-1015,2025-02-03,4870
D04,SC-1015,2025-02-10,4658
D04,SC-1015,2025-02-17,4431
D04,SC-1015,2025-02-24,4164
D04,SC-1015,2025-03-03,3627
D04,SC-1015,2025-03-10,3976
D04,SC-1015,2025-03-17,3778
D04,SC-1015,2025-03-24,3301
D04,SC-1015,2025-03-31,3188
D04,SC-1015,2025-04-07,2577
D04,SC-1015,2025-04-14,2665
D04,SC-1015,2025-04-21,2487
D04,SC-1015,2025-04-28,2233
D04,SC-1015,2025-05-05,3317
D04,SC-1015,2025-05-12,3354
D04,SC-1015,2025-05-19,4018
D04,SC-1015,2025-05-26,3729
D04,SC-1015,2025-06-02,4946
D04,SC-1015,2025-06-09,4665
D04,SC-1015,2025-06-16,4448
D04,SC-1015,2025-06-23,5051
D04,SC-1015,2025-06-30,4797
D04,SC-1015,2025-07-07,4327
D04,SC-1015,2025-07-14,4105
D04,SC-1015,2025-07-21,5978
D04,SC-1015,2025-07-28,5952
D04,SC-1015,2025-08-04,6482
D04,SC-1015,2025-08-11,6012
D04,SC-1015,2025-08-18,5562
D04,SC-1015,2025-08-25,5225
D04,SC-1015,2025-09-01,4725
D04,SC-1015,2025-09-08,4823
D04,SC-1015,2025-09-15,4422
D04,SC-1015,2025-09-22,4736
D04,SC-1015,2025-09-29,4304
D04,SC-1015,2025-10-06,4321
D04,SC-1015,2025-10-13,3869
D04,SC-1015,2025-10-20,3990
D04,SC-1015,2025-10-27,3856
D04,SC-1015,2025-11-03,5820
D04,SC-1015,2025-11-10,5579
D04,SC-1015,2025-11-17,6426
D04,SC-1015,2025-11-24,6029
D04,SC-1015,2025-12-01,6768
D04,SC-1015,2025-12-08,6438
D04,SC-1015,2025-12-15,8361
D04,SC-1015,2025-12-22,8115
D04,SC-1015,2025-12-29,7821
D04,SC-1015,2026-01-05,7520
D04,SC-1015,2026-01-12,7289
D04,SC-1015,2026-01-19,6922
D04,SC-1015,2026-01-26,6580
D04,SC-1015,2026-02-02,8793
D04,SC-1015,2026-02-09,8644
D04,SC-1015,2026-02-16,9116
D04,SC-1015,2026-02-23,8744
D04,SC-1015,2026-03-02,8318
D04,SC-1015,2026-03-09,8334
D04,SC-1015,2026-03-16,7948
D04,SC-1015,2026-03-23,8099
D04,SC-1015,2026-03-30,7779
D04,SC-1015,2026-04-06,7891
D04,SC-1015,2026-04-13,8063
D04,SC-1015,2026-04-20,7696
D04,SC-1015,2026-04-27,7305
D04,SC-1015,2026-05-04,6860
D04,SC-1015,2026-05-11,7206
D04,SC-1015,2026-05-18,7267
D04,SC-1015,2026-05-25,6949
D04,SC-1015,2026-06-01,6575
D04,SC-1015,2026-06-08,6231
D04,SC-1015,2026-06-15,5929
D04,SC-1015,2026-06-22,5769
D04,LD-1040,2024-01-01,43729
D04,LD-1040,2024-01-08,43465
D04,LD-1040,2024-01-15,40148
D04,LD-1040,2024-01-22,44495
D04,LD-1040,2024-01-29,43759
D04,LD-1040,2024-02-05,43731
D04,LD-1040,2024-02-12,44039
D04,LD-1040,2024-02-19,44186
D04,LD-1040,2024-02-26,45642
D04,LD-1040,2024-03-04,45131
D04,LD-1040,2024-03-11,42061
D04,LD-1040,2024-03-18,39839
D04,LD-1040,2024-03-25,41135
D04,LD-1040,2024-04-01,39441
D04,LD-1040,2024-04-08,37676
D04,LD-1040,2024-04-15,36862
D04,LD-1040,2024-04-22,35344
D04,LD-1040,2024-04-29,30277
D04,LD-1040,2024-05-06,37097
D04,LD-1040,2024-05-13,38808
D04,LD-1040,2024-05-20,38049
D04,LD-1040,2024-05-27,39289
D04,LD-1040,2024-06-03,38645
D04,LD-1040,2024-06-10,37685
D04,LD-1040,2024-06-17,40600
D04,LD-1040,2024-06-24,40736
D04,LD-1040,2024-07-01,41281
D04,LD-1040,2024-07-08,39307
D04,LD-1040,2024-07-15,40973
D04,LD-1040,2024-07-22,42409
D04,LD-1040,2024-07-29,43900
D04,LD-1040,2024-08-05,46633
D04,LD-1040,2024-08-12,44976
D04,LD-1040,2024-08-19,48589
D04,LD-1040,2024-08-26,48977
D04,LD-1040,2024-09-02,54614
D04,LD-1040,2024-09-09,48794
D04,LD-1040,2024-09-16,45820
D04,LD-1040,2024-09-23,44671
D04,LD-1040,2024-09-30,46901
D04,LD-1040,2024-10-07,48907
D04,LD-1040,2024-10-14,46329
D04,LD-1040,2024-10-21,46664
D04,LD-1040,2024-10-28,41774
D04,LD-1040,2024-11-04,37829
D04,LD-1040,2024-11-11,50457
D04,LD-1040,2024-11-18,52368
D04,LD-1040,2024-11-25,48996
D04,LD-1040,2024-12-02,46230
D04,LD-1040,2024-12-09,44870
D04,LD-1040,2024-12-16,46463
D04,LD-1040,2024-12-23,48782
D04,LD-1040,2024-12-30,45027
D04,LD-1040,2025-01-06,45869
D04,LD-1040,2025-01-13,43812
D04,LD-1040,2025-01-20,44857
D04,LD-1040,2025-01-27,47797
D04,LD-1040,2025-02-03,46518
D04,LD-1040,2025-02-10,42797
D04,LD-1040,2025-02-17,40731
D04,LD-1040,2025-02-24,41018
D04,LD-1040,2025-03-03,38948
D04,LD-1040,2025-03-10,40008
D04,LD-1040,2025-03-17,37819
D04,LD-1040,2025-03-24,36761
D04,LD-1040,2025-03-31,37695
D04,LD-1040,2025-04-07,37837
D04,LD-1040,2025-04-14,36725
D04,LD-1040,2025-04-21,36711
D04,LD-1040,2025-04-28,39206
D04,LD-1040,2025-05-05,34308
D04,LD-1040,2025-05-12,38553
D04,LD-1040,2025-05-19,37622
D04,LD-1040,2025-05-26,36930
D04,LD-1040,2025-06-02,32664
D04,LD-1040,2025-06-09,31899
D04,LD-1040,2025-06-16,34156
D04,LD-1040,2025-06-23,36099
D04,LD-1040,2025-06-30,41297
D04,LD-1040,2025-07-07,36580
D04,LD-1040,2025-07-14,37363
D04,LD-1040,2025-07-21,37931
D04,LD-1040,2025-07-28,39176
D04,LD-1040,2025-08-04,42838
D04,LD-1040,2025-08-11,45229
D04,LD-1040,2025-08-18,46129
D04,LD-1040,2025-08-25,46493
D04,LD-1040,2025-09-01,49895
D04,LD-1040,2025-09-08,56865
D04,LD-1040,2025-09-15,55734
D04,LD-1040,2025-09-22,57461
D04,LD-1040,2025-09-29,62311
D04,LD-1040,2025-10-06,61239
D04,LD-1040,2025-10-13,63032
D04,LD-1040,2025-10-20,65475
D04,LD-1040,2025-10-27,69192
D04,LD-1040,2025-11-03,69773
D04,LD-1040,2025-11-10,65822
D04,LD-1040,2025-11-17,70831
D04,LD-1040,2025-11-24,68712
D04,LD-1040,2025-12-01,88556
D04,LD-1040,2025-12-08,84114
D04,LD-1040,2025-12-15,81165
D04,LD-1040,2025-12-22,80105
D04,LD-1040,2025-12-29,77543
D04,LD-1040,2026-01-05,72996
D04,LD-1040,2026-01-12,71549
D04,LD-1040,2026-01-19,75972
D04,LD-1040,2026-01-26,71468
D04,LD-1040,2026-02-02,72829
D04,LD-1040,2026-02-09,70327
D04,LD-1040,2026-02-16,71696
D04,LD-1040,2026-02-23,72381
D04,LD-1040,2026-03-02,75774
D04,LD-1040,2026-03-09,77694
D04,LD-1040,2026-03-16,73612
D04,LD-1040,2026-03-23,76174
D04,LD-1040,2026-03-30,77974
D04,LD-1040,2026-04-06,72078
D04,LD-1040,2026-04-13,70225
D04,LD-1040,2026-04-20,69698
D04,LD-1040,2026-04-27,70904
D04,LD-1040,2026-05-04,71978
D04,LD-1040,2026-05-11,71549
D04,LD-1040,2026-05-18,70562
D04,LD-1040,2026-05-25,69162
D04,LD-1040,2026-06-01,75148
D04,LD-1040,2026-06-08,76301
D04,LD-1040,2026-06-15,74934
D04,LD-1040,2026-06-22,79369
D04,LD-1042,2024-01-01,17577
D04,LD-1042,2024-01-08,16204
D04,LD-1042,2024-01-15,16278
D04,LD-1042,2024-01-22,18655
D04,LD-1042,2024-01-29,19204
D04,LD-1042,2024-02-05,19667
D04,LD-1042,2024-02-12,19524
D04,LD-1042,2024-02-19,19708
D04,LD-1042,2024-02-26,19986
D04,LD-1042,2024-03-04,18587
D04,LD-1042,2024-03-11,18644
D04,LD-1042,2024-03-18,18520
D04,LD-1042,2024-03-25,16612
D04,LD-1042,2024-04-01,16062
D04,LD-1042,2024-04-08,17054
D04,LD-1042,2024-04-15,16581
D04,LD-1042,2024-04-22,15742
D04,LD-1042,2024-04-29,14527
D04,LD-1042,2024-05-06,13683
D04,LD-1042,2024-05-13,14817
D04,LD-1042,2024-05-20,15834
D04,LD-1042,2024-05-27,17008
D04,LD-1042,2024-06-03,17205
D04,LD-1042,2024-06-10,15267
D04,LD-1042,2024-06-17,16035
D04,LD-1042,2024-06-24,19082
D04,LD-1042,2024-07-01,20170
D04,LD-1042,2024-07-08,20196
D04,LD-1042,2024-07-15,19777
D04,LD-1042,2024-07-22,20141
D04,LD-1042,2024-07-29,19058
D04,LD-1042,2024-08-05,17935
D04,LD-1042,2024-08-12,16125
D04,LD-1042,2024-08-19,15912
D04,LD-1042,2024-08-26,18813
D04,LD-1042,2024-09-02,18765
D04,LD-1042,2024-09-09,20287
D04,LD-1042,2024-09-16,20652
D04,LD-1042,2024-09-23,19064
D04,LD-1042,2024-09-30,18126
D04,LD-1042,2024-10-07,17154
D04,LD-1042,2024-10-14,20510
D04,LD-1042,2024-10-21,21878
D04,LD-1042,2024-10-28,21531
D04,LD-1042,2024-11-04,20808
D04,LD-1042,2024-11-11,20027
D04,LD-1042,2024-11-18,19429
D04,LD-1042,2024-11-25,18413
D04,LD-1042,2024-12-02,16661
D04,LD-1042,2024-12-09,17969
D04,LD-1042,2024-12-16,16265
D04,LD-1042,2024-12-23,17714
D04,LD-1042,2024-12-30,16277
D04,LD-1042,2025-01-06,16612
D04,LD-1042,2025-01-13,19502
D04,LD-1042,2025-01-20,19891
D04,LD-1042,2025-01-27,18906
D04,LD-1042,2025-02-03,19295
D04,LD-1042,2025-02-10,19995
D04,LD-1042,2025-02-17,18387
D04,LD-1042,2025-02-24,17011
D04,LD-1042,2025-03-03,17029
D04,LD-1042,2025-03-10,16670
D04,LD-1042,2025-03-17,14841
D04,LD-1042,2025-03-24,15211
D04,LD-1042,2025-03-31,16535
D04,LD-1042,2025-04-07,16421
D04,LD-1042,2025-04-14,16584
D04,LD-1042,2025-04-21,15708
D04,LD-1042,2025-04-28,16838
D04,LD-1042,2025-05-05,15040
D04,LD-1042,2025-05-12,15340
D04,LD-1042,2025-05-19,13842
D04,LD-1042,2025-05-26,11800
D04,LD-1042,2025-06-02,15779
D04,LD-1042,2025-06-09,15485
D04,LD-1042,2025-06-16,16433
D04,LD-1042,2025-06-23,16630
D04,LD-1042,2025-06-30,17753
D04,LD-1042,2025-07-07,16665
D04,LD-1042,2025-07-14,15415
D04,LD-1042,2025-07-21,16629
D04,LD-1042,2025-07-28,16404
D04,LD-1042,2025-08-04,17554
D04,LD-1042,2025-08-11,18874
D04,LD-1042,2025-08-18,19202
D04,LD-1042,2025-08-25,19454
D04,LD-1042,2025-09-01,17651
D04,LD-1042,2025-09-08,23524
D04,LD-1042,2025-09-15,23172
D04,LD-1042,2025-09-22,26472
D04,LD-1042,2025-09-29,27059
D04,LD-1042,2025-10-06,27482
D04,LD-1042,2025-10-13,27849
D04,LD-1042,2025-10-20,29082
D04,LD-1042,2025-10-27,29797
D04,LD-1042,2025-11-03,30838
D04,LD-1042,2025-11-10,34385
D04,LD-1042,2025-11-17,34651
D04,LD-1042,2025-11-24,34030
D04,LD-1042,2025-12-01,33540
D04,LD-1042,2025-12-08,33527
D04,LD-1042,2025-12-15,33987
D04,LD-1042,2025-12-22,32556
D04,LD-1042,2025-12-29,31763
D04,LD-1042,2026-01-05,29865
D04,LD-1042,2026-01-12,28243
D04,LD-1042,2026-01-19,26513
D04,LD-1042,2026-01-26,24555
D04,LD-1042,2026-02-02,25900
D04,LD-1042,2026-02-09,29240
D04,LD-1042,2026-02-16,28283
D04,LD-1042,2026-02-23,28566
D04,LD-1042,2026-03-02,29988
D04,LD-1042,2026-03-09,29199
D04,LD-1042,2026-03-16,29635
D04,LD-1042,2026-03-23,31829
D04,LD-1042,2026-03-30,29702
D04,LD-1042,2026-04-06,30155
D04,LD-1042,2026-04-13,32297
D04,LD-1042,2026-04-20,32236
D04,LD-1042,2026-04-27,30356
D04,LD-1042,2026-05-04,30005
D04,LD-1042,2026-05-11,29073
D04,LD-1042,2026-05-18,29033
D04,LD-1042,2026-05-25,29659
D04,LD-1042,2026-06-01,29571
D04,LD-1042,2026-06-08,28643
D04,LD-1042,2026-06-15,29832
D04,LD-1042,2026-06-22,30947
D04,IG-1008,2024-01-01,393
D04,IG-1008,2024-01-08,401
D04,IG-1008,2024-01-15,397
D04,IG-1008,2024-01-22,401
D04,IG-1008,2024-01-29,412
D04,IG-1008,2024-02-05,417
D04,IG-1008,2024-02-12,425
D04,IG-1008,2024-02-19,422
D04,IG-1008,2024-02-26,429
D04,IG-1008,2024-03-04,431
D04,IG-1008,2024-03-11,428
D04,IG-1008,2024-03-18,413
D04,IG-1008,2024-03-25,402
D04,IG-1008,2024-04-01,398
D04,IG-1008,2024-04-08,394
D04,IG-1008,2024-04-15,399
D04,IG-1008,2024-04-22,438
D04,IG-1008,2024-04-29,396
D04,IG-1008,2024-05-06,418
D04,IG-1008,2024-05-13,397
D04,IG-1008,2024-05-20,351
D04,IG-1008,2024-05-27,321
D04,IG-1008,2024-06-03,287
D04,IG-1008,2024-06-10,290
D04,IG-1008,2024-06-17,228
D04,IG-1008,2024-06-24,228
D04,IG-1008,2024-07-01,227
D04,IG-1008,2024-07-08,215
D04,IG-1008,2024-07-15,301
D04,IG-1008,2024-07-22,321
D04,IG-1008,2024-07-29,312
D04,IG-1008,2024-08-05,272
D04,IG-1008,2024-08-12,337
D04,IG-1008,2024-08-19,351
D04,IG-1008,2024-08-26,322
D04,IG-1008,2024-09-02,392
D04,IG-1008,2024-09-09,373
D04,IG-1008,2024-09-16,356
D04,IG-1008,2024-09-23,362
D04,IG-1008,2024-09-30,393
D04,IG-1008,2024-10-07,474
D04,IG-1008,2024-10-14,504
D04,IG-1008,2024-10-21,500
D04,IG-1008,2024-10-28,459
D04,IG-1008,2024-11-04,459
D04,IG-1008,2024-11-11,495
D04,IG-1008,2024-11-18,526
D04,IG-1008,2024-11-25,487
D04,IG-1008,2024-12-02,453
D04,IG-1008,2024-12-09,475
D04,IG-1008,2024-12-16,506
D04,IG-1008,2024-12-23,471
D04,IG-1008,2024-12-30,476
D04,IG-1008,2025-01-06,450
D04,IG-1008,2025-01-13,425
D04,IG-1008,2025-01-20,434
D04,IG-1008,2025-01-27,483
D04,IG-1008,2025-02-03,429
D04,IG-1008,2025-02-10,510
D04,IG-1008,2025-02-17,525
D04,IG-1008,2025-02-24,475
D04,IG-1008,2025-03-03,493
D04,IG-1008,2025-03-10,468
D04,IG-1008,2025-03-17,429
D04,IG-1008,2025-03-24,391
D04,IG-1008,2025-03-31,347
D04,IG-1008,2025-04-07,288
D04,IG-1008,2025-04-14,231
D04,IG-1008,2025-04-21,211
D04,IG-1008,2025-04-28,216
D04,IG-1008,2025-05-05,174
D04,IG-1008,2025-05-12,177
D04,IG-1008,2025-05-19,336
D04,IG-1008,2025-05-26,394
D04,IG-1008,2025-06-02,401
D04,IG-1008,2025-06-09,473
D04,IG-1008,2025-06-16,483
D04,IG-1008,2025-06-23,454
D04,IG-1008,2025-06-30,503
D04,IG-1008,2025-07-07,528
D04,IG-1008,2025-07-14,496
D04,IG-1008,2025-07-21,459
D04,IG-1008,2025-07-28,506
D04,IG-1008,2025-08-04,477
D04,IG-1008,2025-08-11,574
D04,IG-1008,2025-08-18,632
D04,IG-1008,2025-08-25,622
D04,IG-1008,2025-09-01,601
D04,IG-1008,2025-09-08,664
D04,IG-1008,2025-09-15,730
D04,IG-1008,2025-09-22,729
D04,IG-1008,2025-09-29,725
D04,IG-1008,2025-10-06,746
D04,IG-1008,2025-10-13,748
D04,IG-1008,2025-10-20,786
D04,IG-1008,2025-10-27,791
D04,IG-1008,2025-11-03,761
D04,IG-1008,2025-11-10,745
D04,IG-1008,2025-11-17,809
D04,IG-1008,2025-11-24,774
D04,IG-1008,2025-12-01,749
D04,IG-1008,2025-12-08,720
D04,IG-1008,2025-12-15,714
D04,IG-1008,2025-12-22,675
D04,IG-1008,2025-12-29,763
D04,IG-1008,2026-01-05,778
D04,IG-1008,2026-01-12,748
D04,IG-1008,2026-01-19,765
D04,IG-1008,2026-01-26,738
D04,IG-1008,2026-02-02,729
D04,IG-1008,2026-02-09,709
D04,IG-1008,2026-02-16,729
D04,IG-1008,2026-02-23,720
D04,IG-1008,2026-03-02,740
D04,IG-1008,2026-03-09,702
D04,IG-1008,2026-03-16,713
D04,IG-1008,2026-03-23,676
D04,IG-1008,2026-03-30,647
D04,IG-1008,2026-04-06,620
D04,IG-1008,2026-04-13,601
D04,IG-1008,2026-04-20,598
D04,IG-1008,2026-04-27,572
D04,IG-1008,2026-05-04,555
D04,IG-1008,2026-05-11,534
D04,IG-1008,2026-05-18,544
D04,IG-1008,2026-05-25,545
D04,IG-1008,2026-06-01,519
D04,IG-1008,2026-06-08,483
D04,IG-1008,2026-06-15,502
D04,IG-1008,2026-06-22,515
D04,PW-1030,2024-01-01,5238
D04,PW-1030,2024-01-08,5376
D04,PW-1030,2024-01-15,5405
D04,PW-1030,2024-01-22,5203
D04,PW-1030,2024-01-29,5329
D04,PW-1030,2024-02-05,5262
D04,PW-1030,2024-02-12,5278
D04,PW-1030,2024-02-19,4820
D04,PW-1030,2024-02-26,5366
D04,PW-1030,2024-03-04,5338
D04,PW-1030,2024-03-11,5083
D04,PW-1030,2024-03-18,5250
D04,PW-1030,2024-03-25,4999
D04,PW-1030,2024-04-01,4435
D04,PW-1030,2024-04-08,4183
D04,PW-1030,2024-04-15,4843
D04,PW-1030,2024-04-22,4334
D04,PW-1030,2024-04-29,4306
D04,PW-1030,2024-05-06,4292
D04,PW-1030,2024-05-13,3880
D04,PW-1030,2024-05-20,3723
D04,PW-1030,2024-05-27,4158
D04,PW-1030,2024-06-03,3941
D04,PW-1030,2024-06-10,3932
D04,PW-1030,2024-06-17,3352
D04,PW-1030,2024-06-24,3156
D04,PW-1030,2024-07-01,3286
D04,PW-1030,2024-07-08,5182
D04,PW-1030,2024-07-15,5790
D04,PW-1030,2024-07-22,5647
D04,PW-1030,2024-07-29,5506
D04,PW-1030,2024-08-05,5585
D04,PW-1030,2024-08-12,5535
D04,PW-1030,2024-08-19,5403
D04,PW-1030,2024-08-26,5478
D04,PW-1030,2024-09-02,5207
D04,PW-1030,2024-09-09,5375
D04,PW-1030,2024-09-16,6116
D04,PW-1030,2024-09-23,5649
D04,PW-1030,2024-09-30,5409
D04,PW-1030,2024-10-07,5567
D04,PW-1030,2024-10-14,5794
D04,PW-1030,2024-10-21,6518
D04,PW-1030,2024-10-28,6961
D04,PW-1030,2024-11-04,6415
D04,PW-1030,2024-11-11,6765
D04,PW-1030,2024-11-18,6144
D04,PW-1030,2024-11-25,5840
D04,PW-1030,2024-12-02,6342
D04,PW-1030,2024-12-09,5704
D04,PW-1030,2024-12-16,5032
D04,PW-1030,2024-12-23,4616
D04,PW-1030,2024-12-30,4346
D04,PW-1030,2025-01-06,4080
D04,PW-1030,2025-01-13,4868
D04,PW-1030,2025-01-20,5118
D04,PW-1030,2025-01-27,5105
D04,PW-1030,2025-02-03,5461
D04,PW-1030,2025-02-10,6012
D04,PW-1030,2025-02-17,6180
D04,PW-1030,2025-02-24,5926
D04,PW-1030,2025-03-03,6237
D04,PW-1030,2025-03-10,6648
D04,PW-1030,2025-03-17,5973
D04,PW-1030,2025-03-24,5872
D04,PW-1030,2025-03-31,5402
D04,PW-1030,2025-04-07,5093
D04,PW-1030,2025-04-14,4552
D04,PW-1030,2025-04-21,4380
D04,PW-1030,2025-04-28,4290
D04,PW-1030,2025-05-05,3501
D04,PW-1030,2025-05-12,3677
D04,PW-1030,2025-05-19,3157
D04,PW-1030,2025-05-26,3155
D04,PW-1030,2025-06-02,4409
D04,PW-1030,2025-06-09,4766
D04,PW-1030,2025-06-16,5252
D04,PW-1030,2025-06-23,4662
D04,PW-1030,2025-06-30,4756
D04,PW-1030,2025-07-07,5290
D04,PW-1030,2025-07-14,5992
D04,PW-1030,2025-07-21,6503
D04,PW-1030,2025-07-28,7042
D04,PW-1030,2025-08-04,6834
D04,PW-1030,2025-08-11,6410
D04,PW-1030,2025-08-18,7463
D04,PW-1030,2025-08-25,8070
D04,PW-1030,2025-09-01,7745
D04,PW-1030,2025-09-08,7085
D04,PW-1030,2025-09-15,6613
D04,PW-1030,2025-09-22,6424
D04,PW-1030,2025-09-29,6779
D04,PW-1030,2025-10-06,7517
D04,PW-1030,2025-10-13,8095
D04,PW-1030,2025-10-20,7602
D04,PW-1030,2025-10-27,8541
D04,PW-1030,2025-11-03,10364
D04,PW-1030,2025-11-10,10292
D04,PW-1030,2025-11-17,10771
D04,PW-1030,2025-11-24,10725
D04,PW-1030,2025-12-01,11590
D04,PW-1030,2025-12-08,10974
D04,PW-1030,2025-12-15,10340
D04,PW-1030,2025-12-22,10099
D04,PW-1030,2025-12-29,9521
D04,PW-1030,2026-01-05,9130
D04,PW-1030,2026-01-12,8708
D04,PW-1030,2026-01-19,8607
D04,PW-1030,2026-01-26,8124
D04,PW-1030,2026-02-02,9332
D04,PW-1030,2026-02-09,9519
D04,PW-1030,2026-02-16,9160
D04,PW-1030,2026-02-23,9596
D04,PW-1030,2026-03-02,10258
D04,PW-1030,2026-03-09,10814
D04,PW-1030,2026-03-16,10919
D04,PW-1030,2026-03-23,10531
D04,PW-1030,2026-03-30,10631
D04,PW-1030,2026-04-06,10746
D04,PW-1030,2026-04-13,10976
D04,PW-1030,2026-04-20,10315
D04,PW-1030,2026-04-27,9368
D04,PW-1030,2026-05-04,8890
D04,PW-1030,2026-05-11,8375
D04,PW-1030,2026-05-18,8220
D04,PW-1030,2026-05-25,7969
D04,PW-1030,2026-06-01,8662
D04,PW-1030,2026-06-08,8946
D04,PW-1030,2026-06-15,9540
D04,PW-1030,2026-06-22,9721
D04,IG-1012,2024-01-01,1524
D04,IG-1012,2024-01-08,1498
D04,IG-1012,2024-01-15,1524
D04,IG-1012,2024-01-22,1511
D04,IG-1012,2024-01-29,1537
D04,IG-1012,2024-02-05,1563
D04,IG-1012,2024-02-12,1594
D04,IG-1012,2024-02-19,1631
D04,IG-1012,2024-02-26,1622
D04,IG-1012,2024-03-04,1639
D04,IG-1012,2024-03-11,1624
D04,IG-1012,2024-03-18,1570
D04,IG-1012,2024-03-25,1569
D04,IG-1012,2024-04-01,1547
D04,IG-1012,2024-04-08,1443
D04,IG-1012,2024-04-15,1418
D04,IG-1012,2024-04-22,1425
D04,IG-1012,2024-04-29,1442
D04,IG-1012,2024-05-06,1306
D04,IG-1012,2024-05-13,1415
D04,IG-1012,2024-05-20,1225
D04,IG-1012,2024-05-27,1088
D04,IG-1012,2024-06-03,894
D04,IG-1012,2024-06-10,732
D04,IG-1012,2024-06-17,736
D04,IG-1012,2024-06-24,578
D04,IG-1012,2024-07-01,685
D04,IG-1012,2024-07-08,862
D04,IG-1012,2024-07-15,923
D04,IG-1012,2024-07-22,934
D04,IG-1012,2024-07-29,1183
D04,IG-1012,2024-08-05,1405
D04,IG-1012,2024-08-12,1589
D04,IG-1012,2024-08-19,1474
D04,IG-1012,2024-08-26,1517
D04,IG-1012,2024-09-02,1514
D04,IG-1012,2024-09-09,1710
D04,IG-1012,2024-09-16,1660
D04,IG-1012,2024-09-23,1769
D04,IG-1012,2024-09-30,1880
D04,IG-1012,2024-10-07,2027
D04,IG-1012,2024-10-14,2002
D04,IG-1012,2024-10-21,2131
D04,IG-1012,2024-10-28,2020
D04,IG-1012,2024-11-04,1827
D04,IG-1012,2024-11-11,1927
D04,IG-1012,2024-11-18,1829
D04,IG-1012,2024-11-25,1828
D04,IG-1012,2024-12-02,1705
D04,IG-1012,2024-12-09,1834
D04,IG-1012,2024-12-16,1771
D04,IG-1012,2024-12-23,1788
D04,IG-1012,2024-12-30,1741
D04,IG-1012,2025-01-06,1858
D04,IG-1012,2025-01-13,1794
D04,IG-1012,2025-01-20,1823
D04,IG-1012,2025-01-27,1731
D04,IG-1012,2025-02-03,1859
D04,IG-1012,2025-02-10,1854
D04,IG-1012,2025-02-17,1865
D04,IG-1012,2025-02-24,1918
D04,IG-1012,2025-03-03,1720
D04,IG-1012,2025-03-10,1549
D04,IG-1012,2025-03-17,1484
D04,IG-1012,2025-03-24,1336
D04,IG-1012,2025-03-31,1167
D04,IG-1012,2025-04-07,1144
D04,IG-1012,2025-04-14,1011
D04,IG-1012,2025-04-21,732
D04,IG-1012,2025-04-28,600
D04,IG-1012,2025-05-05,668
D04,IG-1012,2025-05-12,775
D04,IG-1012,2025-05-19,905
D04,IG-1012,2025-05-26,784
D04,IG-1012,2025-06-02,824
D04,IG-1012,2025-06-09,1269
D04,IG-1012,2025-06-16,1229
D04,IG-1012,2025-06-23,1346
D04,IG-1012,2025-06-30,1425
D04,IG-1012,2025-07-07,1566
D04,IG-1012,2025-07-14,1769
D04,IG-1012,2025-07-21,1926
D04,IG-1012,2025-07-28,1743
D04,IG-1012,2025-08-04,1577
D04,IG-1012,2025-08-11,2312
D04,IG-1012,2025-08-18,2522
D04,IG-1012,2025-08-25,2775
D04,IG-1012,2025-09-01,2969
D04,IG-1012,2025-09-08,3042
D04,IG-1012,2025-09-15,3308
D04,IG-1012,2025-09-22,3567
D04,IG-1012,2025-09-29,3629
D04,IG-1012,2025-10-06,3471
D04,IG-1012,2025-10-13,3441
D04,IG-1012,2025-10-20,3627
D04,IG-1012,2025-10-27,3510
D04,IG-1012,2025-11-03,3368
D04,IG-1012,2025-11-10,3238
D04,IG-1012,2025-11-17,3151
D04,IG-1012,2025-11-24,3221
D04,IG-1012,2025-12-01,3087
D04,IG-1012,2025-12-08,2958
D04,IG-1012,2025-12-15,2831
D04,IG-1012,2025-12-22,2703
D04,IG-1012,2025-12-29,2784
D04,IG-1012,2026-01-05,2880
D04,IG-1012,2026-01-12,2777
D04,IG-1012,2026-01-19,2666
D04,IG-1012,2026-01-26,2784
D04,IG-1012,2026-02-02,2870
D04,IG-1012,2026-02-09,3013
D04,IG-1012,2026-02-16,2886
D04,IG-1012,2026-02-23,2792
D04,IG-1012,2026-03-02,2860
D04,IG-1012,2026-03-09,2896
D04,IG-1012,2026-03-16,2821
D04,IG-1012,2026-03-23,2711
D04,IG-1012,2026-03-30,2637
D04,IG-1012,2026-04-06,2557
D04,IG-1012,2026-04-13,2609
D04,IG-1012,2026-04-20,2452
D04,IG-1012,2026-04-27,2328
D04,IG-1012,2026-05-04,2202
D04,IG-1012,2026-05-11,2176
D04,IG-1012,2026-05-18,2041
D04,IG-1012,2026-05-25,1921
D04,IG-1012,2026-06-01,1861
D04,IG-1012,2026-06-08,1863
D04,IG-1012,2026-06-15,1772
D04,IG-1012,2026-06-22,1671
D04,SC-1019,2024-01-01,3163
D04,SC-1019,2024-01-08,3186
D04,SC-1019,2024-01-15,3243
D04,SC-1019,2024-01-22,3261
D04,SC-1019,2024-01-29,2892
D04,SC-1019,2024-02-05,3115
D04,SC-1019,2024-02-12,3150
D04,SC-1019,2024-02-19,3033
D04,SC-1019,2024-02-26,3049
D04,SC-1019,2024-03-04,2953
D04,SC-1019,2024-03-11,2949
D04,SC-1019,2024-03-18,3186
D04,SC-1019,2024-03-25,2968
D04,SC-1019,2024-04-01,2925
D04,SC-1019,2024-04-08,2791
D04,SC-1019,2024-04-15,2984
D04,SC-1019,2024-04-22,2903
D04,SC-1019,2024-04-29,2834
D04,SC-1019,2024-05-06,2700
D04,SC-1019,2024-05-13,2602
D04,SC-1019,2024-05-20,3095
D04,SC-1019,2024-05-27,2764
D04,SC-1019,2024-06-03,2457
D04,SC-1019,2024-06-10,2132
D04,SC-1019,2024-06-17,2270
D04,SC-1019,2024-06-24,2429
D04,SC-1019,2024-07-01,2143
D04,SC-1019,2024-07-08,1704
D04,SC-1019,2024-07-15,1257
D04,SC-1019,2024-07-22,791
D04,SC-1019,2024-07-29,934
D04,SC-1019,2024-08-05,1187
D04,SC-1019,2024-08-12,936
D04,SC-1019,2024-08-19,571
D04,SC-1019,2024-08-26,1103
D04,SC-1019,2024-09-02,1249
D04,SC-1019,2024-09-09,1561
D04,SC-1019,2024-09-16,1657
D04,SC-1019,2024-09-23,3058
D04,SC-1019,2024-09-30,3283
D04,SC-1019,2024-10-07,3624
D04,SC-1019,2024-10-14,4101
D04,SC-1019,2024-10-21,3750
D04,SC-1019,2024-10-28,3790
D04,SC-1019,2024-11-04,3885
D04,SC-1019,2024-11-11,4023
D04,SC-1019,2024-11-18,3783
D04,SC-1019,2024-11-25,4333
D04,SC-1019,2024-12-02,4778
D04,SC-1019,2024-12-09,4979
D04,SC-1019,2024-12-16,5498
D04,SC-1019,2024-12-23,5668
D04,SC-1019,2024-12-30,5698
D04,SC-1019,2025-01-06,5349
D04,SC-1019,2025-01-13,5521
D04,SC-1019,2025-01-20,5076
D04,SC-1019,2025-01-27,4799
D04,SC-1019,2025-02-03,4456
D04,SC-1019,2025-02-10,4028
D04,SC-1019,2025-02-17,3694
D04,SC-1019,2025-02-24,3849
D04,SC-1019,2025-03-03,3583
D04,SC-1019,2025-03-10,3300
D04,SC-1019,2025-03-17,2898
D04,SC-1019,2025-03-24,2981
D04,SC-1019,2025-03-31,2912
D04,SC-1019,2025-04-07,3111
D04,SC-1019,2025-04-14,2999
D04,SC-1019,2025-04-21,2611
D04,SC-1019,2025-04-28,2333
D04,SC-1019,2025-05-05,1849
D04,SC-1019,2025-05-12,2401
D04,SC-1019,2025-05-19,1894
D04,SC-1019,2025-05-26,2451
D04,SC-1019,2025-06-02,2699
D04,SC-1019,2025-06-09,3273
D04,SC-1019,2025-06-16,4182
D04,SC-1019,2025-06-23,3883
D04,SC-1019,2025-06-30,4531
D04,SC-1019,2025-07-07,4180
D04,SC-1019,2025-07-14,4859
D04,SC-1019,2025-07-21,4666
D04,SC-1019,2025-07-28,4467
D04,SC-1019,2025-08-04,4144
D04,SC-1019,2025-08-11,3834
D04,SC-1019,2025-08-18,3417
D04,SC-1019,2025-08-25,3117
D04,SC-1019,2025-09-01,2924
D04,SC-1019,2025-09-08,2634
D04,SC-1019,2025-09-15,2338
D04,SC-1019,2025-09-22,1985
D04,SC-1019,2025-09-29,1702
D04,SC-1019,2025-10-06,2739
D04,SC-1019,2025-10-13,2770
D04,SC-1019,2025-10-20,2347
D04,SC-1019,2025-10-27,2258
D04,SC-1019,2025-11-03,2656
D04,SC-1019,2025-11-10,2351
D04,SC-1019,2025-11-17,4386
D04,SC-1019,2025-11-24,4160
D04,SC-1019,2025-12-01,4629
D04,SC-1019,2025-12-08,4441
D04,SC-1019,2025-12-15,4152
D04,SC-1019,2025-12-22,3935
D04,SC-1019,2025-12-29,3985
D04,SC-1019,2026-01-05,4613
D04,SC-1019,2026-01-12,4357
D04,SC-1019,2026-01-19,4029
D04,SC-1019,2026-01-26,3801
D04,SC-1019,2026-02-02,3577
D04,SC-1019,2026-02-09,3379
D04,SC-1019,2026-02-16,3149
D04,SC-1019,2026-02-23,4271
D04,SC-1019,2026-03-02,3966
D04,SC-1019,2026-03-09,4298
D04,SC-1019,2026-03-16,5190
D04,SC-1019,2026-03-23,4955
D04,SC-1019,2026-03-30,4687
D04,SC-1019,2026-04-06,4455
D04,SC-1019,2026-04-13,5567
D04,SC-1019,2026-04-20,5341
D04,SC-1019,2026-04-27,5126
D04,SC-1019,2026-05-04,4883
D04,SC-1019,2026-05-11,4642
D04,SC-1019,2026-05-18,4655
D04,SC-1019,2026-05-25,4372
D04,SC-1019,2026-06-01,4141
D04,SC-1019,2026-06-08,4348
D04,SC-1019,2026-06-15,4074
D04,SC-1019,2026-06-22,3870
D05,SC-1021,2024-01-01,3285
D05,SC-1021,2024-01-08,3267
D05,SC-1021,2024-01-15,3237
D05,SC-1021,2024-01-22,3249
D05,SC-1021,2024-01-29,3262
D05,SC-1021,2024-02-05,3298
D05,SC-1021,2024-02-12,3282
D05,SC-1021,2024-02-19,3222
D05,SC-1021,2024-02-26,3225
D05,SC-1021,2024-03-04,3136
D05,SC-1021,2024-03-11,3148
D05,SC-1021,2024-03-18,3144
D05,SC-1021,2024-03-25,3105
D05,SC-1021,2024-04-01,3046
D05,SC-1021,2024-04-08,3004
D05,SC-1021,2024-04-15,2930
D05,SC-1021,2024-04-22,2854
D05,SC-1021,2024-04-29,2715
D05,SC-1021,2024-05-06,2640
D05,SC-1021,2024-05-13,2584
D05,SC-1021,2024-05-20,2684
D05,SC-1021,2024-05-27,2694
D05,SC-1021,2024-06-03,2734
D05,SC-1021,2024-06-10,2446
D05,SC-1021,2024-06-17,2142
D05,SC-1021,2024-06-24,1951
D05,SC-1021,2024-07-01,1790
D05,SC-1021,2024-07-08,1912
D05,SC-1021,2024-07-15,1919
D05,SC-1021,2024-07-22,2208
D05,SC-1021,2024-07-29,1895
D05,SC-1021,2024-08-05,1883
D05,SC-1021,2024-08-12,1997
D05,SC-1021,2024-08-19,2314
D05,SC-1021,2024-08-26,2432
D05,SC-1021,2024-09-02,2063
D05,SC-1021,2024-09-09,2385
D05,SC-1021,2024-09-16,3022
D05,SC-1021,2024-09-23,3396
D05,SC-1021,2024-09-30,3494
D05,SC-1021,2024-10-07,3768
D05,SC-1021,2024-10-14,3559
D05,SC-1021,2024-10-21,3339
D05,SC-1021,2024-10-28,2953
D05,SC-1021,2024-11-04,2939
D05,SC-1021,2024-11-11,3319
D05,SC-1021,2024-11-18,3461
D05,SC-1021,2024-11-25,3547
D05,SC-1021,2024-12-02,3782
D05,SC-1021,2024-12-09,4133
D05,SC-1021,2024-12-16,4818
D05,SC-1021,2024-12-23,4624
D05,SC-1021,2024-12-30,5101
D05,SC-1021,2025-01-06,5352
D05,SC-1021,2025-01-13,4898
D05,SC-1021,2025-01-20,4914
D05,SC-1021,2025-01-27,4672
D05,SC-1021,2025-02-03,4572
D05,SC-1021,2025-02-10,4178
D05,SC-1021,2025-02-17,4394
D05,SC-1021,2025-02-24,4127
D05,SC-1021,2025-03-03,3584
D05,SC-1021,2025-03-10,3476
D05,SC-1021,2025-03-17,3596
D05,SC-1021,2025-03-24,3244
D05,SC-1021,2025-03-31,2879
D05,SC-1021,2025-04-07,3166
D05,SC-1021,2025-04-14,2857
D05,SC-1021,2025-04-21,2810
D05,SC-1021,2025-04-28,2782
D05,SC-1021,2025-05-05,2419
D05,SC-1021,2025-05-12,2030
D05,SC-1021,2025-05-19,1789
D05,SC-1021,2025-05-26,1322
D05,SC-1021,2025-06-02,1669
D05,SC-1021,2025-06-09,1551
D05,SC-1021,2025-06-16,1702
D05,SC-1021,2025-06-23,2339
D05,SC-1021,2025-06-30,2180
D05,SC-1021,2025-07-07,2621
D05,SC-1021,2025-07-14,3583
D05,SC-1021,2025-07-21,4901
D05,SC-1021,2025-07-28,4496
D05,SC-1021,2025-08-04,4198
D05,SC-1021,2025-08-11,4105
D05,SC-1021,2025-08-18,3786
D05,SC-1021,2025-08-25,3461
D05,SC-1021,2025-09-01,3152
D05,SC-1021,2025-09-08,2869
D05,SC-1021,2025-09-15,2557
D05,SC-1021,2025-09-22,3762
D05,SC-1021,2025-09-29,4111
D05,SC-1021,2025-10-06,4177
D05,SC-1021,2025-10-13,4679
D05,SC-1021,2025-10-20,4358
D05,SC-1021,2025-10-27,4055
D05,SC-1021,2025-11-03,3696
D05,SC-1021,2025-11-10,3705
D05,SC-1021,2025-11-17,3745
D05,SC-1021,2025-11-24,5337
D05,SC-1021,2025-12-01,5054
D05,SC-1021,2025-12-08,4777
D05,SC-1021,2025-12-15,4602
D05,SC-1021,2025-12-22,4364
D05,SC-1021,2025-12-29,4898
D05,SC-1021,2026-01-05,4937
D05,SC-1021,2026-01-12,4675
D05,SC-1021,2026-01-19,4430
D05,SC-1021,2026-01-26,4360
D05,SC-1021,2026-02-02,4135
D05,SC-1021,2026-02-09,3964
D05,SC-1021,2026-02-16,3794
D05,SC-1021,2026-02-23,3409
D05,SC-1021,2026-03-02,3086
D05,SC-1021,2026-03-09,2848
D05,SC-1021,2026-03-16,2878
D05,SC-1021,2026-03-23,2988
D05,SC-1021,2026-03-30,3450
D05,SC-1021,2026-04-06,3722
D05,SC-1021,2026-04-13,3501
D05,SC-1021,2026-04-20,3228
D05,SC-1021,2026-04-27,3112
D05,SC-1021,2026-05-04,2861
D05,SC-1021,2026-05-11,2626
D05,SC-1021,2026-05-18,2290
D05,SC-1021,2026-05-25,1994
D05,SC-1021,2026-06-01,1769
D05,SC-1021,2026-06-08,2113
D05,SC-1021,2026-06-15,1846
D05,SC-1021,2026-06-22,1549
D05,PM-1005,2024-01-01,14239
D05,PM-1005,2024-01-08,13866
D05,PM-1005,2024-01-15,14006
D05,PM-1005,2024-01-22,14433
D05,PM-1005,2024-01-29,14329
D05,PM-1005,2024-02-05,14574
D05,PM-1005,2024-02-12,15061
D05,PM-1005,2024-02-19,14764
D05,PM-1005,2024-02-26,14204
D05,PM-1005,2024-03-04,14211
D05,PM-1005,2024-03-11,12677
D05,PM-1005,2024-03-18,13669
D05,PM-1005,2024-03-25,13611
D05,PM-1005,2024-04-01,12242
D05,PM-1005,2024-04-08,13299
D05,PM-1005,2024-04-15,12884
D05,PM-1005,2024-04-22,11416
D05,PM-1005,2024-04-29,12684
D05,PM-1005,2024-05-06,15467
D05,PM-1005,2024-05-13,14451
D05,PM-1005,2024-05-20,14784
D05,PM-1005,2024-05-27,15666
D05,PM-1005,2024-06-03,16096
D05,PM-1005,2024-06-10,15985
D05,PM-1005,2024-06-17,16782
D05,PM-1005,2024-06-24,15961
D05,PM-1005,2024-07-01,14462
D05,PM-1005,2024-07-08,13544
D05,PM-1005,2024-07-15,11968
D05,PM-1005,2024-07-22,14523
D05,PM-1005,2024-07-29,15392
D05,PM-1005,2024-08-05,16135
D05,PM-1005,2024-08-12,14548
D05,PM-1005,2024-08-19,15517
D05,PM-1005,2024-08-26,15485
D05,PM-1005,2024-09-02,15572
D05,PM-1005,2024-09-09,15494
D05,PM-1005,2024-09-16,14778
D05,PM-1005,2024-09-23,14679
D05,PM-1005,2024-09-30,13972
D05,PM-1005,2024-10-07,14449
D05,PM-1005,2024-10-14,13054
D05,PM-1005,2024-10-21,13393
D05,PM-1005,2024-10-28,14019
D05,PM-1005,2024-11-04,16323
D05,PM-1005,2024-11-11,16779
D05,PM-1005,2024-11-18,15519
D05,PM-1005,2024-11-25,16096
D05,PM-1005,2024-12-02,17818
D05,PM-1005,2024-12-09,17150
D05,PM-1005,2024-12-16,17254
D05,PM-1005,2024-12-23,17506
D05,PM-1005,2024-12-30,16376
D05,PM-1005,2025-01-06,15031
D05,PM-1005,2025-01-13,15269
D05,PM-1005,2025-01-20,13537
D05,PM-1005,2025-01-27,12024
D05,PM-1005,2025-02-03,12518
D05,PM-1005,2025-02-10,11985
D05,PM-1005,2025-02-17,10968
D05,PM-1005,2025-02-24,11400
D05,PM-1005,2025-03-03,10318
D05,PM-1005,2025-03-10,10089
D05,PM-1005,2025-03-17,11832
D05,PM-1005,2025-03-24,10163
D05,PM-1005,2025-03-31,8442
D05,PM-1005,2025-04-07,9149
D05,PM-1005,2025-04-14,14425
D05,PM-1005,2025-04-21,13361
D05,PM-1005,2025-04-28,14205
D05,PM-1005,2025-05-05,15872
D05,PM-1005,2025-05-12,14516
D05,PM-1005,2025-05-19,14521
D05,PM-1005,2025-05-26,12880
D05,PM-1005,2025-06-02,13324
D05,PM-1005,2025-06-09,13963
D05,PM-1005,2025-06-16,14483
D05,PM-1005,2025-06-23,13657
D05,PM-1005,2025-06-30,12257
D05,PM-1005,2025-07-07,12322
D05,PM-1005,2025-07-14,11159
D05,PM-1005,2025-07-21,9967
D05,PM-1005,2025-07-28,11173
D05,PM-1005,2025-08-04,11713
D05,PM-1005,2025-08-11,12107
D05,PM-1005,2025-08-18,12704
D05,PM-1005,2025-08-25,11359
D05,PM-1005,2025-09-01,13725
D05,PM-1005,2025-09-08,14191
D05,PM-1005,2025-09-15,14320
D05,PM-1005,2025-09-22,15131
D05,PM-1005,2025-09-29,16065
D05,PM-1005,2025-10-06,15186
D05,PM-1005,2025-10-13,15229
D05,PM-1005,2025-10-20,16103
D05,PM-1005,2025-10-27,16085
D05,PM-1005,2025-11-03,16349
D05,PM-1005,2025-11-10,17352
D05,PM-1005,2025-11-17,16966
D05,PM-1005,2025-11-24,16700
D05,PM-1005,2025-12-01,15946
D05,PM-1005,2025-12-08,14993
D05,PM-1005,2025-12-15,13386
D05,PM-1005,2025-12-22,13984
D05,PM-1005,2025-12-29,13773
D05,PM-1005,2026-01-05,13775
D05,PM-1005,2026-01-12,12847
D05,PM-1005,2026-01-19,11528
D05,PM-1005,2026-01-26,12355
D05,PM-1005,2026-02-02,12625
D05,PM-1005,2026-02-09,11947
D05,PM-1005,2026-02-16,11887
D05,PM-1005,2026-02-23,13268
D05,PM-1005,2026-03-02,12652
D05,PM-1005,2026-03-09,12204
D05,PM-1005,2026-03-16,12001
D05,PM-1005,2026-03-23,12059
D05,PM-1005,2026-03-30,11979
D05,PM-1005,2026-04-06,11559
D05,PM-1005,2026-04-13,11044
D05,PM-1005,2026-04-20,10949
D05,PM-1005,2026-04-27,10243
D05,PM-1005,2026-05-04,12033
D05,PM-1005,2026-05-11,14121
D05,PM-1005,2026-05-18,14393
D05,PM-1005,2026-05-25,13504
D05,PM-1005,2026-06-01,13926
D05,PM-1005,2026-06-08,13987
D05,PM-1005,2026-06-15,13350
D05,PM-1005,2026-06-22,13179
D05,LD-1040,2024-01-01,48604
D05,LD-1040,2024-01-08,49067
D05,LD-1040,2024-01-15,49749
D05,LD-1040,2024-01-22,48318
D05,LD-1040,2024-01-29,47480
D05,LD-1040,2024-02-05,48680
D05,LD-1040,2024-02-12,50884
D05,LD-1040,2024-02-19,49606
D05,LD-1040,2024-02-26,45460
D05,LD-1040,2024-03-04,45008
D05,LD-1040,2024-03-11,45331
D05,LD-1040,2024-03-18,42302
D05,LD-1040,2024-03-25,39889
D05,LD-1040,2024-04-01,43303
D05,LD-1040,2024-04-08,44459
D05,LD-1040,2024-04-15,43549
D05,LD-1040,2024-04-22,43432
D05,LD-1040,2024-04-29,40617
D05,LD-1040,2024-05-06,44808
D05,LD-1040,2024-05-13,51073
D05,LD-1040,2024-05-20,51702
D05,LD-1040,2024-05-27,48469
D05,LD-1040,2024-06-03,44460
D05,LD-1040,2024-06-10,39862
D05,LD-1040,2024-06-17,42484
D05,LD-1040,2024-06-24,44220
D05,LD-1040,2024-07-01,40697
D05,LD-1040,2024-07-08,36641
D05,LD-1040,2024-07-15,38912
D05,LD-1040,2024-07-22,34647
D05,LD-1040,2024-07-29,41369
D05,LD-1040,2024-08-05,50698
D05,LD-1040,2024-08-12,56604
D05,LD-1040,2024-08-19,53529
D05,LD-1040,2024-08-26,59020
D05,LD-1040,2024-09-02,59682
D05,LD-1040,2024-09-09,60666
D05,LD-1040,2024-09-16,57548
D05,LD-1040,2024-09-23,53015
D05,LD-1040,2024-09-30,50321
D05,LD-1040,2024-10-07,49890
D05,LD-1040,2024-10-14,52168
D05,LD-1040,2024-10-21,51102
D05,LD-1040,2024-10-28,48474
D05,LD-1040,2024-11-04,53931
D05,LD-1040,2024-11-11,56234
D05,LD-1040,2024-11-18,57551
D05,LD-1040,2024-11-25,56789
D05,LD-1040,2024-12-02,53910
D05,LD-1040,2024-12-09,49895
D05,LD-1040,2024-12-16,48408
D05,LD-1040,2024-12-23,48157
D05,LD-1040,2024-12-30,48316
D05,LD-1040,2025-01-06,45968
D05,LD-1040,2025-01-13,43240
D05,LD-1040,2025-01-20,40036
D05,LD-1040,2025-01-27,41373
D05,LD-1040,2025-02-03,40375
D05,LD-1040,2025-02-10,40855
D05,LD-1040,2025-02-17,41643
D05,LD-1040,2025-02-24,41376
D05,LD-1040,2025-03-03,41350
D05,LD-1040,2025-03-10,42261
D05,LD-1040,2025-03-17,38043
D05,LD-1040,2025-03-24,38944
D05,LD-1040,2025-03-31,45074
D05,LD-1040,2025-04-07,43706
D05,LD-1040,2025-04-14,44339
D05,LD-1040,2025-04-21,42758
D05,LD-1040,2025-04-28,46913
D05,LD-1040,2025-05-05,51396
D05,LD-1040,2025-05-12,51177
D05,LD-1040,2025-05-19,55108
D05,LD-1040,2025-05-26,50152
D05,LD-1040,2025-06-02,49769
D05,LD-1040,2025-06-09,47745
D05,LD-1040,2025-06-16,47922
D05,LD-1040,2025-06-23,43934
D05,LD-1040,2025-06-30,40061
D05,LD-1040,2025-07-07,41714
D05,LD-1040,2025-07-14,38358
D05,LD-1040,2025-07-21,43972
D05,LD-1040,2025-07-28,44114
D05,LD-1040,2025-08-04,45169
D05,LD-1040,2025-08-11,44654
D05,LD-1040,2025-08-18,48631
D05,LD-1040,2025-08-25,49936
D05,LD-1040,2025-09-01,54649
D05,LD-1040,2025-09-08,57533
D05,LD-1040,2025-09-15,54060
D05,LD-1040,2025-09-22,55868
D05,LD-1040,2025-09-29,55902
D05,LD-1040,2025-10-06,57554
D05,LD-1040,2025-10-13,56917
D05,LD-1040,2025-10-20,52070
D05,LD-1040,2025-10-27,47579
D05,LD-1040,2025-11-03,52480
D05,LD-1040,2025-11-10,52506
D05,LD-1040,2025-11-17,51088
D05,LD-1040,2025-11-24,49036
D05,LD-1040,2025-12-01,50015
D05,LD-1040,2025-12-08,44930
D05,LD-1040,2025-12-15,46646
D05,LD-1040,2025-12-22,47248
D05,LD-1040,2025-12-29,44342
D05,LD-1040,2026-01-05,42205
D05,LD-1040,2026-01-12,39861
D05,LD-1040,2026-01-19,41235
D05,LD-1040,2026-01-26,36649
D05,LD-1040,2026-02-02,41459
D05,LD-1040,2026-02-09,39196
D05,LD-1040,2026-02-16,38824
D05,LD-1040,2026-02-23,37479
D05,LD-1040,2026-03-02,39662
D05,LD-1040,2026-03-09,43152
D05,LD-1040,2026-03-16,44986
D05,LD-1040,2026-03-23,50289
D05,LD-1040,2026-03-30,47386
D05,LD-1040,2026-04-06,50151
D05,LD-1040,2026-04-13,48456
D05,LD-1040,2026-04-20,46945
D05,LD-1040,2026-04-27,50726
D05,LD-1040,2026-05-04,47239
D05,LD-1040,2026-05-11,45704
D05,LD-1040,2026-05-18,39528
D05,LD-1040,2026-05-25,39512
D05,LD-1040,2026-06-01,35226
D05,LD-1040,2026-06-08,40489
D05,LD-1040,2026-06-15,47168
D05,LD-1040,2026-06-22,42781
D05,LD-1036,2024-01-01,30558
D05,LD-1036,2024-01-08,30401
D05,LD-1036,2024-01-15,30892
D05,LD-1036,2024-01-22,30748
D05,LD-1036,2024-01-29,29721
D05,LD-1036,2024-02-05,29249
D05,LD-1036,2024-02-12,26970
D05,LD-1036,2024-02-19,29728
D05,LD-1036,2024-02-26,29330
D05,LD-1036,2024-03-04,29097
D05,LD-1036,2024-03-11,28400
D05,LD-1036,2024-03-18,28469
D05,LD-1036,2024-03-25,31403
D05,LD-1036,2024-04-01,33007
D05,LD-1036,2024-04-08,34461
D05,LD-1036,2024-04-15,31250
D05,LD-1036,2024-04-22,31201
D05,LD-1036,2024-04-29,31702
D05,LD-1036,2024-05-06,31938
D05,LD-1036,2024-05-13,30539
D05,LD-1036,2024-05-20,28017
D05,LD-1036,2024-05-27,29608
D05,LD-1036,2024-06-03,26164
D05,LD-1036,2024-06-10,28866
D05,LD-1036,2024-06-17,31266
D05,LD-1036,2024-06-24,30890
D05,LD-1036,2024-07-01,30458
D05,LD-1036,2024-07-08,32294
D05,LD-1036,2024-07-15,33439
D05,LD-1036,2024-07-22,31155
D05,LD-1036,2024-07-29,32738
D05,LD-1036,2024-08-05,31849
D05,LD-1036,2024-08-12,28742
D05,LD-1036,2024-08-19,32183
D05,LD-1036,2024-08-26,34114
D05,LD-1036,2024-09-02,34077
D05,LD-1036,2024-09-09,31179
D05,LD-1036,2024-09-16,33027
D05,LD-1036,2024-09-23,33861
D05,LD-1036,2024-09-30,36134
D05,LD-1036,2024-10-07,35040
D05,LD-1036,2024-10-14,32475
D05,LD-1036,2024-10-21,30518
D05,LD-1036,2024-10-28,32291
D05,LD-1036,2024-11-04,35449
D05,LD-1036,2024-11-11,35108
D05,LD-1036,2024-11-18,31634
D05,LD-1036,2024-11-25,30301
D05,LD-1036,2024-12-02,31469
D05,LD-1036,2024-12-09,31032
D05,LD-1036,2024-12-16,31615
D05,LD-1036,2024-12-23,31566
D05,LD-1036,2024-12-30,29630
D05,LD-1036,2025-01-06,30823
D05,LD-1036,2025-01-13,32194
D05,LD-1036,2025-01-20,34324
D05,LD-1036,2025-01-27,33977
D05,LD-1036,2025-02-03,33335
D05,LD-1036,2025-02-10,31489
D05,LD-1036,2025-02-17,31199
D05,LD-1036,2025-02-24,30740
D05,LD-1036,2025-03-03,30485
D05,LD-1036,2025-03-10,28084
D05,LD-1036,2025-03-17,26658
D05,LD-1036,2025-03-24,24504
D05,LD-1036,2025-03-31,24060
D05,LD-1036,2025-04-07,25181
D05,LD-1036,2025-04-14,26254
D05,LD-1036,2025-04-21,28381
D05,LD-1036,2025-04-28,27219
D05,LD-1036,2025-05-05,26473
D05,LD-1036,2025-05-12,27693
D05,LD-1036,2025-05-19,29842
D05,LD-1036,2025-05-26,33004
D05,LD-1036,2025-06-02,33138
D05,LD-1036,2025-06-09,31961
D05,LD-1036,2025-06-16,29388
D05,LD-1036,2025-06-23,29254
D05,LD-1036,2025-06-30,30410
D05,LD-1036,2025-07-07,28560
D05,LD-1036,2025-07-14,26979
D05,LD-1036,2025-07-21,25165
D05,LD-1036,2025-07-28,24449
D05,LD-1036,2025-08-04,26059
D05,LD-1036,2025-08-11,26252
D05,LD-1036,2025-08-18,24464
D05,LD-1036,2025-08-25,26729
D05,LD-1036,2025-09-01,27049
D05,LD-1036,2025-09-08,26086
D05,LD-1036,2025-09-15,28308
D05,LD-1036,2025-09-22,28091
D05,LD-1036,2025-09-29,29413
D05,LD-1036,2025-10-06,27401
D05,LD-1036,2025-10-13,31734
D05,LD-1036,2025-10-20,28131
D05,LD-1036,2025-10-27,29913
D05,LD-1036,2025-11-03,31084
D05,LD-1036,2025-11-10,32172
D05,LD-1036,2025-11-17,33610
D05,LD-1036,2025-11-24,31800
D05,LD-1036,2025-12-01,32742
D05,LD-1036,2025-12-08,29541
D05,LD-1036,2025-12-15,31911
D05,LD-1036,2025-12-22,32875
D05,LD-1036,2025-12-29,31747
D05,LD-1036,2026-01-05,30171
D05,LD-1036,2026-01-12,29941
D05,LD-1036,2026-01-19,30663
D05,LD-1036,2026-01-26,27634
D05,LD-1036,2026-02-02,29814
D05,LD-1036,2026-02-09,30071
D05,LD-1036,2026-02-16,26390
D05,LD-1036,2026-02-23,27710
D05,LD-1036,2026-03-02,25010
D05,LD-1036,2026-03-09,25789
D05,LD-1036,2026-03-16,24243
D05,LD-1036,2026-03-23,24534
D05,LD-1036,2026-03-30,21475
D05,LD-1036,2026-04-06,23420
D05,LD-1036,2026-04-13,26660
D05,LD-1036,2026-04-20,24874
D05,LD-1036,2026-04-27,27873
D05,LD-1036,2026-05-04,31986
D05,LD-1036,2026-05-11,31880
D05,LD-1036,2026-05-18,30496
D05,LD-1036,2026-05-25,31731
D05,LD-1036,2026-06-01,32008
D05,LD-1036,2026-06-08,33068
D05,LD-1036,2026-06-15,36997
D05,LD-1036,2026-06-22,34891
D05,PW-1029,2024-01-01,8457
D05,PW-1029,2024-01-08,9191
D05,PW-1029,2024-01-15,9299
D05,PW-1029,2024-01-22,9073
D05,PW-1029,2024-01-29,9070
D05,PW-1029,2024-02-05,9087
D05,PW-1029,2024-02-12,9642
D05,PW-1029,2024-02-19,8645
D05,PW-1029,2024-02-26,8721
D05,PW-1029,2024-03-04,8806
D05,PW-1029,2024-03-11,9539
D05,PW-1029,2024-03-18,9707
D05,PW-1029,2024-03-25,9150
D05,PW-1029,2024-04-01,8338
D05,PW-1029,2024-04-08,8251
D05,PW-1029,2024-04-15,7601
D05,PW-1029,2024-04-22,7604
D05,PW-1029,2024-04-29,7901
D05,PW-1029,2024-05-06,7846
D05,PW-1029,2024-05-13,7843
D05,PW-1029,2024-05-20,7670
D05,PW-1029,2024-05-27,7804
D05,PW-1029,2024-06-03,7503
D05,PW-1029,2024-06-10,7551
D05,PW-1029,2024-06-17,7698
D05,PW-1029,2024-06-24,6779
D05,PW-1029,2024-07-01,5765
D05,PW-1029,2024-07-08,5474
D05,PW-1029,2024-07-15,7197
D05,PW-1029,2024-07-22,7479
D05,PW-1029,2024-07-29,8086
D05,PW-1029,2024-08-05,12499
D05,PW-1029,2024-08-12,12127
D05,PW-1029,2024-08-19,12612
D05,PW-1029,2024-08-26,11781
D05,PW-1029,2024-09-02,11578
D05,PW-1029,2024-09-09,11722
D05,PW-1029,2024-09-16,11111
D05,PW-1029,2024-09-23,11657
D05,PW-1029,2024-09-30,10684
D05,PW-1029,2024-10-07,10906
D05,PW-1029,2024-10-14,10214
D05,PW-1029,2024-10-21,11928
D05,PW-1029,2024-10-28,11576
D05,PW-1029,2024-11-04,10780
D05,PW-1029,2024-11-11,10229
D05,PW-1029,2024-11-18,9791
D05,PW-1029,2024-11-25,9563
D05,PW-1029,2024-12-02,10064
D05,PW-1029,2024-12-09,10321
D05,PW-1029,2024-12-16,9361
D05,PW-1029,2024-12-23,9791
D05,PW-1029,2024-12-30,9613
D05,PW-1029,2025-01-06,9094
D05,PW-1029,2025-01-13,8635
D05,PW-1029,2025-01-20,9193
D05,PW-1029,2025-01-27,8441
D05,PW-1029,2025-02-03,7878
D05,PW-1029,2025-02-10,7817
D05,PW-1029,2025-02-17,7939
D05,PW-1029,2025-02-24,7573
D05,PW-1029,2025-03-03,8333
D05,PW-1029,2025-03-10,8816
D05,PW-1029,2025-03-17,7982
D05,PW-1029,2025-03-24,7648
D05,PW-1029,2025-03-31,8066
D05,PW-1029,2025-04-07,8095
D05,PW-1029,2025-04-14,7708
D05,PW-1029,2025-04-21,7576
D05,PW-1029,2025-04-28,8576
D05,PW-1029,2025-05-05,7725
D05,PW-1029,2025-05-12,7717
D05,PW-1029,2025-05-19,9255
D05,PW-1029,2025-05-26,9155
D05,PW-1029,2025-06-02,8925
D05,PW-1029,2025-06-09,8431
D05,PW-1029,2025-06-16,8571
D05,PW-1029,2025-06-23,7879
D05,PW-1029,2025-06-30,8341
D05,PW-1029,2025-07-07,10154
D05,PW-1029,2025-07-14,9206
D05,PW-1029,2025-07-21,8039
D05,PW-1029,2025-07-28,9313
D05,PW-1029,2025-08-04,9974
D05,PW-1029,2025-08-11,9997
D05,PW-1029,2025-08-18,9788
D05,PW-1029,2025-08-25,11440
D05,PW-1029,2025-09-01,10914
D05,PW-1029,2025-09-08,10542
D05,PW-1029,2025-09-15,9474
D05,PW-1029,2025-09-22,10978
D05,PW-1029,2025-09-29,10607
D05,PW-1029,2025-10-06,11606
D05,PW-1029,2025-10-13,11907
D05,PW-1029,2025-10-20,10889
D05,PW-1029,2025-10-27,9956
D05,PW-1029,2025-11-03,11028
D05,PW-1029,2025-11-10,10226
D05,PW-1029,2025-11-17,10488
D05,PW-1029,2025-11-24,10811
D05,PW-1029,2025-12-01,11078
D05,PW-1029,2025-12-08,11209
D05,PW-1029,2025-12-15,12120
D05,PW-1029,2025-12-22,12799
D05,PW-1029,2025-12-29,11748
D05,PW-1029,2026-01-05,11136
D05,PW-1029,2026-01-12,10159
D05,PW-1029,2026-01-19,9513
D05,PW-1029,2026-01-26,9861
D05,PW-1029,2026-02-02,10333
D05,PW-1029,2026-02-09,9378
D05,PW-1029,2026-02-16,7946
D05,PW-1029,2026-02-23,8064
D05,PW-1029,2026-03-02,7882
D05,PW-1029,2026-03-09,8056
D05,PW-1029,2026-03-16,8511
D05,PW-1029,2026-03-23,8001
D05,PW-1029,2026-03-30,8177
D05,PW-1029,2026-04-06,8775
D05,PW-1029,2026-04-13,10273
D05,PW-1029,2026-04-20,9954
D05,PW-1029,2026-04-27,11379
D05,PW-1029,2026-05-04,10782
D05,PW-1029,2026-05-11,12061
D05,PW-1029,2026-05-18,12536
D05,PW-1029,2026-05-25,11828
D05,PW-1029,2026-06-01,11105
D05,PW-1029,2026-06-08,10749
D05,PW-1029,2026-06-15,10980
D05,PW-1029,2026-06-22,10867
D05,IS-1026,2024-01-01,1009
D05,IS-1026,2024-01-08,1012
D05,IS-1026,2024-01-15,1031
D05,IS-1026,2024-01-22,1048
D05,IS-1026,2024-01-29,1038
D05,IS-1026,2024-02-05,981
D05,IS-1026,2024-02-12,1000
D05,IS-1026,2024-02-19,1024
D05,IS-1026,2024-02-26,1090
D05,IS-1026,2024-03-04,1071
D05,IS-1026,2024-03-11,1105
D05,IS-1026,2024-03-18,1112
D05,IS-1026,2024-03-25,1043
D05,IS-1026,2024-04-01,1035
D05,IS-1026,2024-04-08,982
D05,IS-1026,2024-04-15,859
D05,IS-1026,2024-04-22,905
D05,IS-1026,2024-04-29,955
D05,IS-1026,2024-05-06,833
D05,IS-1026,2024-05-13,687
D05,IS-1026,2024-05-20,659
D05,IS-1026,2024-05-27,711
D05,IS-1026,2024-06-03,655
D05,IS-1026,2024-06-10,703
D05,IS-1026,2024-06-17,741
D05,IS-1026,2024-06-24,731
D05,IS-1026,2024-07-01,839
D05,IS-1026,2024-07-08,968
D05,IS-1026,2024-07-15,1011
D05,IS-1026,2024-07-22,929
D05,IS-1026,2024-07-29,1052
D05,IS-1026,2024-08-05,1248
D05,IS-1026,2024-08-12,1132
D05,IS-1026,2024-08-19,1107
D05,IS-1026,2024-08-26,1131
D05,IS-1026,2024-09-02,1058
D05,IS-1026,2024-09-09,1108
D05,IS-1026,2024-09-16,984
D05,IS-1026,2024-09-23,866
D05,IS-1026,2024-09-30,836
D05,IS-1026,2024-10-07,1027
D05,IS-1026,2024-10-14,1190
D05,IS-1026,2024-10-21,1297
D05,IS-1026,2024-10-28,1318
D05,IS-1026,2024-11-04,1307
D05,IS-1026,2024-11-11,1205
D05,IS-1026,2024-11-18,1168
D05,IS-1026,2024-11-25,1134
D05,IS-1026,2024-12-02,1179
D05,IS-1026,2024-12-09,1196
D05,IS-1026,2024-12-16,1210
D05,IS-1026,2024-12-23,1126
D05,IS-1026,2024-12-30,1042
D05,IS-1026,2025-01-06,988
D05,IS-1026,2025-01-13,1140
D05,IS-1026,2025-01-20,1053
D05,IS-1026,2025-01-27,1121
D05,IS-1026,2025-02-03,1075
D05,IS-1026,2025-02-10,982
D05,IS-1026,2025-02-17,972
D05,IS-1026,2025-02-24,934
D05,IS-1026,2025-03-03,878
D05,IS-1026,2025-03-10,832
D05,IS-1026,2025-03-17,876
D05,IS-1026,2025-03-24,747
D05,IS-1026,2025-03-31,798
D05,IS-1026,2025-04-07,755
D05,IS-1026,2025-04-14,755
D05,IS-1026,2025-04-21,665
D05,IS-1026,2025-04-28,633
D05,IS-1026,2025-05-05,594
D05,IS-1026,2025-05-12,752
D05,IS-1026,2025-05-19,658
D05,IS-1026,2025-05-26,638
D05,IS-1026,2025-06-02,622
D05,IS-1026,2025-06-09,778
D05,IS-1026,2025-06-16,936
D05,IS-1026,2025-06-23,976
D05,IS-1026,2025-06-30,1122
D05,IS-1026,2025-07-07,1108
D05,IS-1026,2025-07-14,1045
D05,IS-1026,2025-07-21,1176
D05,IS-1026,2025-07-28,1351
D05,IS-1026,2025-08-04,1266
D05,IS-1026,2025-08-11,1157
D05,IS-1026,2025-08-18,1213
D05,IS-1026,2025-08-25,1166
D05,IS-1026,2025-09-01,1157
D05,IS-1026,2025-09-08,1057
D05,IS-1026,2025-09-15,1107
D05,IS-1026,2025-09-22,1013
D05,IS-1026,2025-09-29,1042
D05,IS-1026,2025-10-06,1044
D05,IS-1026,2025-10-13,984
D05,IS-1026,2025-10-20,957
D05,IS-1026,2025-10-27,1101
D05,IS-1026,2025-11-03,1157
D05,IS-1026,2025-11-10,1138
D05,IS-1026,2025-11-17,1054
D05,IS-1026,2025-11-24,1131
D05,IS-1026,2025-12-01,1087
D05,IS-1026,2025-12-08,1064
D05,IS-1026,2025-12-15,1027
D05,IS-1026,2025-12-22,1002
D05,IS-1026,2025-12-29,1118
D05,IS-1026,2026-01-05,1033
D05,IS-1026,2026-01-12,1149
D05,IS-1026,2026-01-19,1157
D05,IS-1026,2026-01-26,1239
D05,IS-1026,2026-02-02,1235
D05,IS-1026,2026-02-09,1119
D05,IS-1026,2026-02-16,1196
D05,IS-1026,2026-02-23,1184
D05,IS-1026,2026-03-02,1076
D05,IS-1026,2026-03-09,973
D05,IS-1026,2026-03-16,872
D05,IS-1026,2026-03-23,769
D05,IS-1026,2026-03-30,753
D05,IS-1026,2026-04-06,747
D05,IS-1026,2026-04-13,592
D05,IS-1026,2026-04-20,497
D05,IS-1026,2026-04-27,563
D05,IS-1026,2026-05-04,659
D05,IS-1026,2026-05-11,608
D05,IS-1026,2026-05-18,683
D05,IS-1026,2026-05-25,731
D05,IS-1026,2026-06-01,741
D05,IS-1026,2026-06-08,794
D05,IS-1026,2026-06-15,863
D05,IS-1026,2026-06-22,894
D05,LD-1037,2024-01-01,12873
D05,LD-1037,2024-01-08,12621
D05,LD-1037,2024-01-15,12428
D05,LD-1037,2024-01-22,12124
D05,LD-1037,2024-01-29,11829
D05,LD-1037,2024-02-05,11739
D05,LD-1037,2024-02-12,11731
D05,LD-1037,2024-02-19,11701
D05,LD-1037,2024-02-26,13592
D05,LD-1037,2024-03-04,13142
D05,LD-1037,2024-03-11,12696
D05,LD-1037,2024-03-18,12476
D05,LD-1037,2024-03-25,13211
D05,LD-1037,2024-04-01,12120
D05,LD-1037,2024-04-08,12008
D05,LD-1037,2024-04-15,10565
D05,LD-1037,2024-04-22,10284
D05,LD-1037,2024-04-29,10977
D05,LD-1037,2024-05-06,11449
D05,LD-1037,2024-05-13,10964
D05,LD-1037,2024-05-20,10617
D05,LD-1037,2024-05-27,10946
D05,LD-1037,2024-06-03,10654
D05,LD-1037,2024-06-10,11441
D05,LD-1037,2024-06-17,12282
D05,LD-1037,2024-06-24,11608
D05,LD-1037,2024-07-01,12340
D05,LD-1037,2024-07-08,12947
D05,LD-1037,2024-07-15,12116
D05,LD-1037,2024-07-22,13895
D05,LD-1037,2024-07-29,14505
D05,LD-1037,2024-08-05,14126
D05,LD-1037,2024-08-12,12771
D05,LD-1037,2024-08-19,12239
D05,LD-1037,2024-08-26,13839
D05,LD-1037,2024-09-02,13492
D05,LD-1037,2024-09-09,14823
D05,LD-1037,2024-09-16,13794
D05,LD-1037,2024-09-23,14728
D05,LD-1037,2024-09-30,14480
D05,LD-1037,2024-10-07,15129
D05,LD-1037,2024-10-14,13898
D05,LD-1037,2024-10-21,14785
D05,LD-1037,2024-10-28,14310
D05,LD-1037,2024-11-04,13941
D05,LD-1037,2024-11-11,12839
D05,LD-1037,2024-11-18,12304
D05,LD-1037,2024-11-25,13180
D05,LD-1037,2024-12-02,14033
D05,LD-1037,2024-12-09,13084
D05,LD-1037,2024-12-16,12841
D05,LD-1037,2024-12-23,13244
D05,LD-1037,2024-12-30,11651
D05,LD-1037,2025-01-06,12508
D05,LD-1037,2025-01-13,13390
D05,LD-1037,2025-01-20,13166
D05,LD-1037,2025-01-27,12645
D05,LD-1037,2025-02-03,11367
D05,LD-1037,2025-02-10,11959
D05,LD-1037,2025-02-17,11560
D05,LD-1037,2025-02-24,13051
D05,LD-1037,2025-03-03,12589
D05,LD-1037,2025-03-10,11410
D05,LD-1037,2025-03-17,11069
D05,LD-1037,2025-03-24,12832
D05,LD-1037,2025-03-31,13297
D05,LD-1037,2025-04-07,12842
D05,LD-1037,2025-04-14,11367
D05,LD-1037,2025-04-21,11923
D05,LD-1037,2025-04-28,13829
D05,LD-1037,2025-05-05,13325
D05,LD-1037,2025-05-12,13175
D05,LD-1037,2025-05-19,11976
D05,LD-1037,2025-05-26,14321
D05,LD-1037,2025-06-02,13999
D05,LD-1037,2025-06-09,14858
D05,LD-1037,2025-06-16,13582
D05,LD-1037,2025-06-23,12018
D05,LD-1037,2025-06-30,13719
D05,LD-1037,2025-07-07,13077
D05,LD-1037,2025-07-14,12492
D05,LD-1037,2025-07-21,10893
D05,LD-1037,2025-07-28,10386
D05,LD-1037,2025-08-04,10265
D05,LD-1037,2025-08-11,11971
D05,LD-1037,2025-08-18,12546
D05,LD-1037,2025-08-25,12374
D05,LD-1037,2025-09-01,13959
D05,LD-1037,2025-09-08,14436
D05,LD-1037,2025-09-15,15351
D05,LD-1037,2025-09-22,15381
D05,LD-1037,2025-09-29,15102
D05,LD-1037,2025-10-06,14300
D05,LD-1037,2025-10-13,15071
D05,LD-1037,2025-10-20,15055
D05,LD-1037,2025-10-27,14729
D05,LD-1037,2025-11-03,14456
D05,LD-1037,2025-11-10,13141
D05,LD-1037,2025-11-17,11474
D05,LD-1037,2025-11-24,12477
D05,LD-1037,2025-12-01,14139
D05,LD-1037,2025-12-08,12949
D05,LD-1037,2025-12-15,12676
D05,LD-1037,2025-12-22,12594
D05,LD-1037,2025-12-29,12620
D05,LD-1037,2026-01-05,13075
D05,LD-1037,2026-01-12,14487
D05,LD-1037,2026-01-19,12853
D05,LD-1037,2026-01-26,12752
D05,LD-1037,2026-02-02,12540
D05,LD-1037,2026-02-09,13039
D05,LD-1037,2026-02-16,11807
D05,LD-1037,2026-02-23,11657
D05,LD-1037,2026-03-02,12289
D05,LD-1037,2026-03-09,12210
D05,LD-1037,2026-03-16,14212
D05,LD-1037,2026-03-23,13330
D05,LD-1037,2026-03-30,13054
D05,LD-1037,2026-04-06,13532
D05,LD-1037,2026-04-13,13230
D05,LD-1037,2026-04-20,13813
D05,LD-1037,2026-04-27,12426
D05,LD-1037,2026-05-04,12321
D05,LD-1037,2026-05-11,11051
D05,LD-1037,2026-05-18,12497
D05,LD-1037,2026-05-25,11027
D05,LD-1037,2026-06-01,10630
D05,LD-1037,2026-06-08,11597
D05,LD-1037,2026-06-15,13085
D05,LD-1037,2026-06-22,12779
D05,IS-1024,2024-01-01,3089
D05,IS-1024,2024-01-08,2798
D05,IS-1024,2024-01-15,2504
D05,IS-1024,2024-01-22,2819
D05,IS-1024,2024-01-29,3087
D05,IS-1024,2024-02-05,3143
D05,IS-1024,2024-02-12,3132
D05,IS-1024,2024-02-19,3082
D05,IS-1024,2024-02-26,3092
D05,IS-1024,2024-03-04,3046
D05,IS-1024,2024-03-11,3048
D05,IS-1024,2024-03-18,3082
D05,IS-1024,2024-03-25,3045
D05,IS-1024,2024-04-01,3001
D05,IS-1024,2024-04-08,2944
D05,IS-1024,2024-04-15,2742
D05,IS-1024,2024-04-22,2812
D05,IS-1024,2024-04-29,2559
D05,IS-1024,2024-05-06,2549
D05,IS-1024,2024-05-13,2683
D05,IS-1024,2024-05-20,2491
D05,IS-1024,2024-05-27,2566
D05,IS-1024,2024-06-03,2720
D05,IS-1024,2024-06-10,2662
D05,IS-1024,2024-06-17,2328
D05,IS-1024,2024-06-24,2449
D05,IS-1024,2024-07-01,2168
D05,IS-1024,2024-07-08,2559
D05,IS-1024,2024-07-15,2693
D05,IS-1024,2024-07-22,2583
D05,IS-1024,2024-07-29,2258
D05,IS-1024,2024-08-05,2886
D05,IS-1024,2024-08-12,3434
D05,IS-1024,2024-08-19,3500
D05,IS-1024,2024-08-26,3655
D05,IS-1024,2024-09-02,3306
D05,IS-1024,2024-09-09,3373
D05,IS-1024,2024-09-16,3459
D05,IS-1024,2024-09-23,3707
D05,IS-1024,2024-09-30,3623
D05,IS-1024,2024-10-07,3673
D05,IS-1024,2024-10-14,3581
D05,IS-1024,2024-10-21,3596
D05,IS-1024,2024-10-28,3947
D05,IS-1024,2024-11-04,3880
D05,IS-1024,2024-11-11,3632
D05,IS-1024,2024-11-18,3348
D05,IS-1024,2024-11-25,3813
D05,IS-1024,2024-12-02,3886
D05,IS-1024,2024-12-09,3632
D05,IS-1024,2024-12-16,3722
D05,IS-1024,2024-12-23,3979
D05,IS-1024,2024-12-30,3697
D05,IS-1024,2025-01-06,3409
D05,IS-1024,2025-01-13,3312
D05,IS-1024,2025-01-20,2966
D05,IS-1024,2025-01-27,2780
D05,IS-1024,2025-02-03,2643
D05,IS-1024,2025-02-10,2438
D05,IS-1024,2025-02-17,2317
D05,IS-1024,2025-02-24,2348
D05,IS-1024,2025-03-03,2336
D05,IS-1024,2025-03-10,2603
D05,IS-1024,2025-03-17,2577
D05,IS-1024,2025-03-24,2821
D05,IS-1024,2025-03-31,2893
D05,IS-1024,2025-04-07,3355
D05,IS-1024,2025-04-14,3559
D05,IS-1024,2025-04-21,3220
D05,IS-1024,2025-04-28,3275
D05,IS-1024,2025-05-05,3052
D05,IS-1024,2025-05-12,3430
D05,IS-1024,2025-05-19,3223
D05,IS-1024,2025-05-26,3090
D05,IS-1024,2025-06-02,2927
D05,IS-1024,2025-06-09,2710
D05,IS-1024,2025-06-16,2551
D05,IS-1024,2025-06-23,2396
D05,IS-1024,2025-06-30,2417
D05,IS-1024,2025-07-07,2513
D05,IS-1024,2025-07-14,2090
D05,IS-1024,2025-07-21,2926
D05,IS-1024,2025-07-28,3162
D05,IS-1024,2025-08-04,3168
D05,IS-1024,2025-08-11,4079
D05,IS-1024,2025-08-18,4196
D05,IS-1024,2025-08-25,4116
D05,IS-1024,2025-09-01,3905
D05,IS-1024,2025-09-08,3829
D05,IS-1024,2025-09-15,3577
D05,IS-1024,2025-09-22,3647
D05,IS-1024,2025-09-29,3641
D05,IS-1024,2025-10-06,3568
D05,IS-1024,2025-10-13,3420
D05,IS-1024,2025-10-20,3825
D05,IS-1024,2025-10-27,3886
D05,IS-1024,2025-11-03,3659
D05,IS-1024,2025-11-10,4208
D05,IS-1024,2025-11-17,4160
D05,IS-1024,2025-11-24,4073
D05,IS-1024,2025-12-01,3809
D05,IS-1024,2025-12-08,3603
D05,IS-1024,2025-12-15,3328
D05,IS-1024,2025-12-22,3154
D05,IS-1024,2025-12-29,2839
D05,IS-1024,2026-01-05,2487
D05,IS-1024,2026-01-12,2299
D05,IS-1024,2026-01-19,2343
D05,IS-1024,2026-01-26,2176
D05,IS-1024,2026-02-02,2147
D05,IS-1024,2026-02-09,1964
D05,IS-1024,2026-02-16,1707
D05,IS-1024,2026-02-23,1969
D05,IS-1024,2026-03-02,2096
D05,IS-1024,2026-03-09,2052
D05,IS-1024,2026-03-16,1805
D05,IS-1024,2026-03-23,2315
D05,IS-1024,2026-03-30,2018
D05,IS-1024,2026-04-06,2369
D05,IS-1024,2026-04-13,2478
D05,IS-1024,2026-04-20,2463
D05,IS-1024,2026-04-27,2572
D05,IS-1024,2026-05-04,2581
D05,IS-1024,2026-05-11,2573
D05,IS-1024,2026-05-18,2390
D05,IS-1024,2026-05-25,2475
D05,IS-1024,2026-06-01,3107
D05,IS-1024,2026-06-08,3096
D05,IS-1024,2026-06-15,2772
D05,IS-1024,2026-06-22,2781
D05,SC-1018,2024-01-01,1093
D05,SC-1018,2024-01-08,1109
D05,SC-1018,2024-01-15,1101
D05,SC-1018,2024-01-22,1044
D05,SC-1018,2024-01-29,1064
D05,SC-1018,2024-02-05,1018
D05,SC-1018,2024-02-12,1056
D05,SC-1018,2024-02-19,1112
D05,SC-1018,2024-02-26,1106
D05,SC-1018,2024-03-04,1105
D05,SC-1018,2024-03-11,1115
D05,SC-1018,2024-03-18,1131
D05,SC-1018,2024-03-25,1033
D05,SC-1018,2024-04-01,1073
D05,SC-1018,2024-04-08,1073
D05,SC-1018,2024-04-15,1055
D05,SC-1018,2024-04-22,1034
D05,SC-1018,2024-04-29,968
D05,SC-1018,2024-05-06,976
D05,SC-1018,2024-05-13,962
D05,SC-1018,2024-05-20,1080
D05,SC-1018,2024-05-27,954
D05,SC-1018,2024-06-03,934
D05,SC-1018,2024-06-10,893
D05,SC-1018,2024-06-17,799
D05,SC-1018,2024-06-24,675
D05,SC-1018,2024-07-01,706
D05,SC-1018,2024-07-08,608
D05,SC-1018,2024-07-15,614
D05,SC-1018,2024-07-22,489
D05,SC-1018,2024-07-29,414
D05,SC-1018,2024-08-05,294
D05,SC-1018,2024-08-12,477
D05,SC-1018,2024-08-19,753
D05,SC-1018,2024-08-26,655
D05,SC-1018,2024-09-02,717
D05,SC-1018,2024-09-09,805
D05,SC-1018,2024-09-16,1094
D05,SC-1018,2024-09-23,1040
D05,SC-1018,2024-09-30,1098
D05,SC-1018,2024-10-07,1337
D05,SC-1018,2024-10-14,1237
D05,SC-1018,2024-10-21,1315
D05,SC-1018,2024-10-28,1391
D05,SC-1018,2024-11-04,1277
D05,SC-1018,2024-11-11,1156
D05,SC-1018,2024-11-18,1240
D05,SC-1018,2024-11-25,1363
D05,SC-1018,2024-12-02,1239
D05,SC-1018,2024-12-09,1231
D05,SC-1018,2024-12-16,1199
D05,SC-1018,2024-12-23,1143
D05,SC-1018,2024-12-30,1240
D05,SC-1018,2025-01-06,1165
D05,SC-1018,2025-01-13,1285
D05,SC-1018,2025-01-20,1344
D05,SC-1018,2025-01-27,1379
D05,SC-1018,2025-02-03,1332
D05,SC-1018,2025-02-10,1215
D05,SC-1018,2025-02-17,1332
D05,SC-1018,2025-02-24,1263
D05,SC-1018,2025-03-03,1137
D05,SC-1018,2025-03-10,1031
D05,SC-1018,2025-03-17,1015
D05,SC-1018,2025-03-24,981
D05,SC-1018,2025-03-31,982
D05,SC-1018,2025-04-07,785
D05,SC-1018,2025-04-14,755
D05,SC-1018,2025-04-21,748
D05,SC-1018,2025-04-28,877
D05,SC-1018,2025-05-05,891
D05,SC-1018,2025-05-12,750
D05,SC-1018,2025-05-19,663
D05,SC-1018,2025-05-26,685
D05,SC-1018,2025-06-02,694
D05,SC-1018,2025-06-09,643
D05,SC-1018,2025-06-16,815
D05,SC-1018,2025-06-23,822
D05,SC-1018,2025-06-30,785
D05,SC-1018,2025-07-07,879
D05,SC-1018,2025-07-14,1212
D05,SC-1018,2025-07-21,1205
D05,SC-1018,2025-07-28,1053
D05,SC-1018,2025-08-04,949
D05,SC-1018,2025-08-11,843
D05,SC-1018,2025-08-18,711
D05,SC-1018,2025-08-25,1084
D05,SC-1018,2025-09-01,1069
D05,SC-1018,2025-09-08,1124
D05,SC-1018,2025-09-15,1000
D05,SC-1018,2025-09-22,908
D05,SC-1018,2025-09-29,826
D05,SC-1018,2025-10-06,740
D05,SC-1018,2025-10-13,635
D05,SC-1018,2025-10-20,697
D05,SC-1018,2025-10-27,604
D05,SC-1018,2025-11-03,578
D05,SC-1018,2025-11-10,478
D05,SC-1018,2025-11-17,551
D05,SC-1018,2025-11-24,476
D05,SC-1018,2025-12-01,744
D05,SC-1018,2025-12-08,725
D05,SC-1018,2025-12-15,1152
D05,SC-1018,2025-12-22,1779
D05,SC-1018,2025-12-29,1694
D05,SC-1018,2026-01-05,1620
D05,SC-1018,2026-01-12,1535
D05,SC-1018,2026-01-19,1905
D05,SC-1018,2026-01-26,1829
D05,SC-1018,2026-02-02,1731
D05,SC-1018,2026-02-09,1668
D05,SC-1018,2026-02-16,1578
D05,SC-1018,2026-02-23,1510
D05,SC-1018,2026-03-02,1438
D05,SC-1018,2026-03-09,1361
D05,SC-1018,2026-03-16,1282
D05,SC-1018,2026-03-23,1201
D05,SC-1018,2026-03-30,1119
D05,SC-1018,2026-04-06,1043
D05,SC-1018,2026-04-13,987
D05,SC-1018,2026-04-20,1113
D05,SC-1018,2026-04-27,1020
D05,SC-1018,2026-05-04,930
D05,SC-1018,2026-05-11,839
D05,SC-1018,2026-05-18,759
D05,SC-1018,2026-05-25,669
D05,SC-1018,2026-06-01,691
D05,SC-1018,2026-06-08,662
D05,SC-1018,2026-06-15,685
D05,SC-1018,2026-06-22,589
D05,PM-1003,2024-01-01,33125
D05,PM-1003,2024-01-08,30413
D05,PM-1003,2024-01-15,34623
D05,PM-1003,2024-01-22,35645
D05,PM-1003,2024-01-29,35734
D05,PM-1003,2024-02-05,36300
D05,PM-1003,2024-02-12,35973
D05,PM-1003,2024-02-19,34185
D05,PM-1003,2024-02-26,35661
D05,PM-1003,2024-03-04,32568
D05,PM-1003,2024-03-11,31637
D05,PM-1003,2024-03-18,33269
D05,PM-1003,2024-03-25,30743
D05,PM-1003,2024-04-01,28676
D05,PM-1003,2024-04-08,27013
D05,PM-1003,2024-04-15,25501
D05,PM-1003,2024-04-22,28548
D05,PM-1003,2024-04-29,30309
D05,PM-1003,2024-05-06,30488
D05,PM-1003,2024-05-13,28947
D05,PM-1003,2024-05-20,32356
D05,PM-1003,2024-05-27,34384
D05,PM-1003,2024-06-03,37576
D05,PM-1003,2024-06-10,35190
D05,PM-1003,2024-06-17,33422
D05,PM-1003,2024-06-24,33561
D05,PM-1003,2024-07-01,29528
D05,PM-1003,2024-07-08,33296
D05,PM-1003,2024-07-15,29986
D05,PM-1003,2024-07-22,30703
D05,PM-1003,2024-07-29,26435
D05,PM-1003,2024-08-05,29008
D05,PM-1003,2024-08-12,27823
D05,PM-1003,2024-08-19,31654
D05,PM-1003,2024-08-26,36792
D05,PM-1003,2024-09-02,35693
D05,PM-1003,2024-09-09,39357
D05,PM-1003,2024-09-16,38204
D05,PM-1003,2024-09-23,40208
D05,PM-1003,2024-09-30,37709
D05,PM-1003,2024-10-07,41627
D05,PM-1003,2024-10-14,39757
D05,PM-1003,2024-10-21,37663
D05,PM-1003,2024-10-28,34676
D05,PM-1003,2024-11-04,34297
D05,PM-1003,2024-11-11,33365
D05,PM-1003,2024-11-18,33522
D05,PM-1003,2024-11-25,35545
D05,PM-1003,2024-12-02,32855
D05,PM-1003,2024-12-09,34980
D05,PM-1003,2024-12-16,34108
D05,PM-1003,2024-12-23,30895
D05,PM-1003,2024-12-30,31092
D05,PM-1003,2025-01-06,38637
D05,PM-1003,2025-01-13,35030
D05,PM-1003,2025-01-20,36179
D05,PM-1003,2025-01-27,35528
D05,PM-1003,2025-02-03,31759
D05,PM-1003,2025-02-10,30571
D05,PM-1003,2025-02-17,30304
D05,PM-1003,2025-02-24,26354
D05,PM-1003,2025-03-03,24210
D05,PM-1003,2025-03-10,25044
D05,PM-1003,2025-03-17,22534
D05,PM-1003,2025-03-24,21510
D05,PM-1003,2025-03-31,22818
D05,PM-1003,2025-04-07,26336
D05,PM-1003,2025-04-14,30599
D05,PM-1003,2025-04-21,30600
D05,PM-1003,2025-04-28,30500
D05,PM-1003,2025-05-05,27149
D05,PM-1003,2025-05-12,37614
D05,PM-1003,2025-05-19,35766
D05,PM-1003,2025-05-26,34612
D05,PM-1003,2025-06-02,37662
D05,PM-1003,2025-06-09,34409
D05,PM-1003,2025-06-16,35296
D05,PM-1003,2025-06-23,33931
D05,PM-1003,2025-06-30,32446
D05,PM-1003,2025-07-07,28729
D05,PM-1003,2025-07-14,27533
D05,PM-1003,2025-07-21,29250
D05,PM-1003,2025-07-28,26750
D05,PM-1003,2025-08-04,23336
D05,PM-1003,2025-08-11,23084
D05,PM-1003,2025-08-18,27444
D05,PM-1003,2025-08-25,31648
D05,PM-1003,2025-09-01,38551
D05,PM-1003,2025-09-08,40303
D05,PM-1003,2025-09-15,40470
D05,PM-1003,2025-09-22,40771
D05,PM-1003,2025-09-29,40620
D05,PM-1003,2025-10-06,37759
D05,PM-1003,2025-10-13,43300
D05,PM-1003,2025-10-20,44927
D05,PM-1003,2025-10-27,42470
D05,PM-1003,2025-11-03,39213
D05,PM-1003,2025-11-10,36038
D05,PM-1003,2025-11-17,38477
D05,PM-1003,2025-11-24,40115
D05,PM-1003,2025-12-01,38437
D05,PM-1003,2025-12-08,35330
D05,PM-1003,2025-12-15,31670
D05,PM-1003,2025-12-22,31799
D05,PM-1003,2025-12-29,32396
D05,PM-1003,2026-01-05,29825
D05,PM-1003,2026-01-12,28877
D05,PM-1003,2026-01-19,27328
D05,PM-1003,2026-01-26,27820
D05,PM-1003,2026-02-02,29572
D05,PM-1003,2026-02-09,29963
D05,PM-1003,2026-02-16,28377
D05,PM-1003,2026-02-23,29645
D05,PM-1003,2026-03-02,33364
D05,PM-1003,2026-03-09,31651
D05,PM-1003,2026-03-16,29381
D05,PM-1003,2026-03-23,31299
D05,PM-1003,2026-03-30,30006
D05,PM-1003,2026-04-06,29959
D05,PM-1003,2026-04-13,29087
D05,PM-1003,2026-04-20,29334
D05,PM-1003,2026-04-27,28238
D05,PM-1003,2026-05-04,28919
D05,PM-1003,2026-05-11,30253
D05,PM-1003,2026-05-18,31058
D05,PM-1003,2026-05-25,36717
D05,PM-1003,2026-06-01,33821
D05,PM-1003,2026-06-08,36451
D05,PM-1003,2026-06-15,38345
D05,PM-1003,2026-06-22,43304
D05,IS-1027,2024-01-01,4941
D05,IS-1027,2024-01-08,4990
D05,IS-1027,2024-01-15,5220
D05,IS-1027,2024-01-22,5201
D05,IS-1027,2024-01-29,5254
D05,IS-1027,2024-02-05,4789
D05,IS-1027,2024-02-12,5245
D05,IS-1027,2024-02-19,5361
D05,IS-1027,2024-02-26,5276
D05,IS-1027,2024-03-04,4835
D05,IS-1027,2024-03-11,4243
D05,IS-1027,2024-03-18,4426
D05,IS-1027,2024-03-25,4185
D05,IS-1027,2024-04-01,4429
D05,IS-1027,2024-04-08,4279
D05,IS-1027,2024-04-15,4402
D05,IS-1027,2024-04-22,4083
D05,IS-1027,2024-04-29,3867
D05,IS-1027,2024-05-06,4045
D05,IS-1027,2024-05-13,3674
D05,IS-1027,2024-05-20,4257
D05,IS-1027,2024-05-27,3950
D05,IS-1027,2024-06-03,4349
D05,IS-1027,2024-06-10,4576
D05,IS-1027,2024-06-17,4522
D05,IS-1027,2024-06-24,4489
D05,IS-1027,2024-07-01,4349
D05,IS-1027,2024-07-08,4299
D05,IS-1027,2024-07-15,4589
D05,IS-1027,2024-07-22,5530
D05,IS-1027,2024-07-29,5065
D05,IS-1027,2024-08-05,4557
D05,IS-1027,2024-08-12,4685
D05,IS-1027,2024-08-19,5170
D05,IS-1027,2024-08-26,5402
D05,IS-1027,2024-09-02,6123
D05,IS-1027,2024-09-09,6478
D05,IS-1027,2024-09-16,6748
D05,IS-1027,2024-09-23,7020
D05,IS-1027,2024-09-30,6581
D05,IS-1027,2024-10-07,6631
D05,IS-1027,2024-10-14,6946
D05,IS-1027,2024-10-21,7110
D05,IS-1027,2024-10-28,6819
D05,IS-1027,2024-11-04,6593
D05,IS-1027,2024-11-11,6346
D05,IS-1027,2024-11-18,6100
D05,IS-1027,2024-11-25,6072
D05,IS-1027,2024-12-02,6104
D05,IS-1027,2024-12-09,6023
D05,IS-1027,2024-12-16,5462
D05,IS-1027,2024-12-23,5175
D05,IS-1027,2024-12-30,5247
D05,IS-1027,2025-01-06,4666
D05,IS-1027,2025-01-13,4601
D05,IS-1027,2025-01-20,4145
D05,IS-1027,2025-01-27,3590
D05,IS-1027,2025-02-03,3503
D05,IS-1027,2025-02-10,3629
D05,IS-1027,2025-02-17,3730
D05,IS-1027,2025-02-24,3548
D05,IS-1027,2025-03-03,3632
D05,IS-1027,2025-03-10,4049
D05,IS-1027,2025-03-17,3809
D05,IS-1027,2025-03-24,3588
D05,IS-1027,2025-03-31,4142
D05,IS-1027,2025-04-07,4159
D05,IS-1027,2025-04-14,3973
D05,IS-1027,2025-04-21,4406
D05,IS-1027,2025-04-28,4391
D05,IS-1027,2025-05-05,4370
D05,IS-1027,2025-05-12,4513
D05,IS-1027,2025-05-19,4972
D05,IS-1027,2025-05-26,4379
D05,IS-1027,2025-06-02,4341
D05,IS-1027,2025-06-09,5328
D05,IS-1027,2025-06-16,5485
D05,IS-1027,2025-06-23,4799
D05,IS-1027,2025-06-30,4684
D05,IS-1027,2025-07-07,5030
D05,IS-1027,2025-07-14,4503
D05,IS-1027,2025-07-21,3913
D05,IS-1027,2025-07-28,4577
D05,IS-1027,2025-08-04,4290
D05,IS-1027,2025-08-11,3841
D05,IS-1027,2025-08-18,4458
D05,IS-1027,2025-08-25,5542
D05,IS-1027,2025-09-01,5149
D05,IS-1027,2025-09-08,5172
D05,IS-1027,2025-09-15,5974
D05,IS-1027,2025-09-22,6131
D05,IS-1027,2025-09-29,6071
D05,IS-1027,2025-10-06,5980
D05,IS-1027,2025-10-13,6271
D05,IS-1027,2025-10-20,5953
D05,IS-1027,2025-10-27,6134
D05,IS-1027,2025-11-03,5741
D05,IS-1027,2025-11-10,5948
D05,IS-1027,2025-11-17,6301
D05,IS-1027,2025-11-24,6483
D05,IS-1027,2025-12-01,6470
D05,IS-1027,2025-12-08,6291
D05,IS-1027,2025-12-15,6026
D05,IS-1027,2025-12-22,6052
D05,IS-1027,2025-12-29,6009
D05,IS-1027,2026-01-05,6392
D05,IS-1027,2026-01-12,5826
D05,IS-1027,2026-01-19,5306
D05,IS-1027,2026-01-26,4747
D05,IS-1027,2026-02-02,4937
D05,IS-1027,2026-02-09,4731
D05,IS-1027,2026-02-16,4823
D05,IS-1027,2026-02-23,5152
D05,IS-1027,2026-03-02,4608
D05,IS-1027,2026-03-09,4021
D05,IS-1027,2026-03-16,3740
D05,IS-1027,2026-03-23,3680
D05,IS-1027,2026-03-30,3262
D05,IS-1027,2026-04-06,3343
D05,IS-1027,2026-04-13,3039
D05,IS-1027,2026-04-20,3185
D05,IS-1027,2026-04-27,2953
D05,IS-1027,2026-05-04,3514
D05,IS-1027,2026-05-11,2964
D05,IS-1027,2026-05-18,2684
D05,IS-1027,2026-05-25,4453
D05,IS-1027,2026-06-01,3862
D05,IS-1027,2026-06-08,3907
D05,IS-1027,2026-06-15,3575
D05,IS-1027,2026-06-22,4059
D05,PW-1033,2024-01-01,5081
D05,PW-1033,2024-01-08,5040
D05,PW-1033,2024-01-15,5032
D05,PW-1033,2024-01-22,5041
D05,PW-1033,2024-01-29,5016
D05,PW-1033,2024-02-05,4724
D05,PW-1033,2024-02-12,4786
D05,PW-1033,2024-02-19,4599
D05,PW-1033,2024-02-26,4876
D05,PW-1033,2024-03-04,4866
D05,PW-1033,2024-03-11,5061
D05,PW-1033,2024-03-18,5048
D05,PW-1033,2024-03-25,6247
D05,PW-1033,2024-04-01,6294
D05,PW-1033,2024-04-08,6116
D05,PW-1033,2024-04-15,5902
D05,PW-1033,2024-04-22,5798
D05,PW-1033,2024-04-29,6049
D05,PW-1033,2024-05-06,5427
D05,PW-1033,2024-05-13,4932
D05,PW-1033,2024-05-20,4262
D05,PW-1033,2024-05-27,3991
D05,PW-1033,2024-06-03,3872
D05,PW-1033,2024-06-10,4054
D05,PW-1033,2024-06-17,4062
D05,PW-1033,2024-06-24,3615
D05,PW-1033,2024-07-01,4015
D05,PW-1033,2024-07-08,4039
D05,PW-1033,2024-07-15,4291
D05,PW-1033,2024-07-22,3980
D05,PW-1033,2024-07-29,4441
D05,PW-1033,2024-08-05,4637
D05,PW-1033,2024-08-12,5114
D05,PW-1033,2024-08-19,5269
D05,PW-1033,2024-08-26,5845
D05,PW-1033,2024-09-02,6101
D05,PW-1033,2024-09-09,5674
D05,PW-1033,2024-09-16,6092
D05,PW-1033,2024-09-23,6441
D05,PW-1033,2024-09-30,6291
D05,PW-1033,2024-10-07,6832
D05,PW-1033,2024-10-14,7821
D05,PW-1033,2024-10-21,7622
D05,PW-1033,2024-10-28,7493
D05,PW-1033,2024-11-04,7657
D05,PW-1033,2024-11-11,7361
D05,PW-1033,2024-11-18,6760
D05,PW-1033,2024-11-25,6173
D05,PW-1033,2024-12-02,5972
D05,PW-1033,2024-12-09,6410
D05,PW-1033,2024-12-16,5923
D05,PW-1033,2024-12-23,6193
D05,PW-1033,2024-12-30,6109
D05,PW-1033,2025-01-06,5695
D05,PW-1033,2025-01-13,5653
D05,PW-1033,2025-01-20,5945
D05,PW-1033,2025-01-27,5415
D05,PW-1033,2025-02-03,4978
D05,PW-1033,2025-02-10,5514
D05,PW-1033,2025-02-17,5560
D05,PW-1033,2025-02-24,5442
D05,PW-1033,2025-03-03,5407
D05,PW-1033,2025-03-10,5198
D05,PW-1033,2025-03-17,4758
D05,PW-1033,2025-03-24,3980
D05,PW-1033,2025-03-31,4299
D05,PW-1033,2025-04-07,3812
D05,PW-1033,2025-04-14,4674
D05,PW-1033,2025-04-21,4870
D05,PW-1033,2025-04-28,4590
D05,PW-1033,2025-05-05,4235
D05,PW-1033,2025-05-12,4236
D05,PW-1033,2025-05-19,4369
D05,PW-1033,2025-05-26,4747
D05,PW-1033,2025-06-02,5249
D05,PW-1033,2025-06-09,5357
D05,PW-1033,2025-06-16,5811
D05,PW-1033,2025-06-23,6697
D05,PW-1033,2025-06-30,6133
D05,PW-1033,2025-07-07,7774
D05,PW-1033,2025-07-14,7245
D05,PW-1033,2025-07-21,6830
D05,PW-1033,2025-07-28,6237
D05,PW-1033,2025-08-04,5329
D05,PW-1033,2025-08-11,4935
D05,PW-1033,2025-08-18,4709
D05,PW-1033,2025-08-25,4167
D05,PW-1033,2025-09-01,4246
D05,PW-1033,2025-09-08,4973
D05,PW-1033,2025-09-15,5872
D05,PW-1033,2025-09-22,5805
D05,PW-1033,2025-09-29,5200
D05,PW-1033,2025-10-06,5816
D05,PW-1033,2025-10-13,7002
D05,PW-1033,2025-10-20,7438
D05,PW-1033,2025-10-27,8333
D05,PW-1033,2025-11-03,8114
D05,PW-1033,2025-11-10,8556
D05,PW-1033,2025-11-17,9446
D05,PW-1033,2025-11-24,9097
D05,PW-1033,2025-12-01,8576
D05,PW-1033,2025-12-08,8284
D05,PW-1033,2025-12-15,8317
D05,PW-1033,2025-12-22,7795
D05,PW-1033,2025-12-29,7600
D05,PW-1033,2026-01-05,7277
D05,PW-1033,2026-01-12,6638
D05,PW-1033,2026-01-19,6348
D05,PW-1033,2026-01-26,6166
D05,PW-1033,2026-02-02,5968
D05,PW-1033,2026-02-09,6079
D05,PW-1033,2026-02-16,6029
D05,PW-1033,2026-02-23,5728
D05,PW-1033,2026-03-02,4995
D05,PW-1033,2026-03-09,4804
D05,PW-1033,2026-03-16,4326
D05,PW-1033,2026-03-23,4298
D05,PW-1033,2026-03-30,4322
D05,PW-1033,2026-04-06,4495
D05,PW-1033,2026-04-13,4193
D05,PW-1033,2026-04-20,3758
D05,PW-1033,2026-04-27,4262
D05,PW-1033,2026-05-04,4560
D05,PW-1033,2026-05-11,4598
D05,PW-1033,2026-05-18,4754
D05,PW-1033,2026-05-25,5476
D05,PW-1033,2026-06-01,5464
D05,PW-1033,2026-06-08,5974
D05,PW-1033,2026-06-15,6061
D05,PW-1033,2026-06-22,6143
D05,SC-1015,2024-01-01,2749
D05,SC-1015,2024-01-08,2701
D05,SC-1015,2024-01-15,2687
D05,SC-1015,2024-01-22,2636
D05,SC-1015,2024-01-29,2664
D05,SC-1015,2024-02-05,2640
D05,SC-1015,2024-02-12,2596
D05,SC-1015,2024-02-19,2580
D05,SC-1015,2024-02-26,2601
D05,SC-1015,2024-03-04,2638
D05,SC-1015,2024-03-11,2576
D05,SC-1015,2024-03-18,2517
D05,SC-1015,2024-03-25,2507
D05,SC-1015,2024-04-01,2428
D05,SC-1015,2024-04-08,2407
D05,SC-1015,2024-04-15,2399
D05,SC-1015,2024-04-22,2328
D05,SC-1015,2024-04-29,2343
D05,SC-1015,2024-05-06,2276
D05,SC-1015,2024-05-13,2285
D05,SC-1015,2024-05-20,2323
D05,SC-1015,2024-05-27,2426
D05,SC-1015,2024-06-03,2324
D05,SC-1015,2024-06-10,2541
D05,SC-1015,2024-06-17,2185
D05,SC-1015,2024-06-24,1804
D05,SC-1015,2024-07-01,1873
D05,SC-1015,2024-07-08,1812
D05,SC-1015,2024-07-15,2144
D05,SC-1015,2024-07-22,1887
D05,SC-1015,2024-07-29,1972
D05,SC-1015,2024-08-05,1990
D05,SC-1015,2024-08-12,1844
D05,SC-1015,2024-08-19,1964
D05,SC-1015,2024-08-26,1860
D05,SC-1015,2024-09-02,1843
D05,SC-1015,2024-09-09,2169
D05,SC-1015,2024-09-16,2165
D05,SC-1015,2024-09-23,2194
D05,SC-1015,2024-09-30,1935
D05,SC-1015,2024-10-07,1951
D05,SC-1015,2024-10-14,1834
D05,SC-1015,2024-10-21,2207
D05,SC-1015,2024-10-28,2061
D05,SC-1015,2024-11-04,1810
D05,SC-1015,2024-11-11,2462
D05,SC-1015,2024-11-18,2618
D05,SC-1015,2024-11-25,3234
D05,SC-1015,2024-12-02,3491
D05,SC-1015,2024-12-09,3305
D05,SC-1015,2024-12-16,3150
D05,SC-1015,2024-12-23,3561
D05,SC-1015,2024-12-30,4524
D05,SC-1015,2025-01-06,4622
D05,SC-1015,2025-01-13,4538
D05,SC-1015,2025-01-20,4315
D05,SC-1015,2025-01-27,4136
D05,SC-1015,2025-02-03,4175
D05,SC-1015,2025-02-10,4254
D05,SC-1015,2025-02-17,3896
D05,SC-1015,2025-02-24,3656
D05,SC-1015,2025-03-03,3331
D05,SC-1015,2025-03-10,3028
D05,SC-1015,2025-03-17,2757
D05,SC-1015,2025-03-24,2355
D05,SC-1015,2025-03-31,2332
D05,SC-1015,2025-04-07,2020
D05,SC-1015,2025-04-14,2296
D05,SC-1015,2025-04-21,2442
D05,SC-1015,2025-04-28,2210
D05,SC-1015,2025-05-05,2304
D05,SC-1015,2025-05-12,2212
D05,SC-1015,2025-05-19,2191
D05,SC-1015,2025-05-26,1738
D05,SC-1015,2025-06-02,1810
D05,SC-1015,2025-06-09,1896
D05,SC-1015,2025-06-16,2235
D05,SC-1015,2025-06-23,3029
D05,SC-1015,2025-06-30,3282
D05,SC-1015,2025-07-07,3395
D05,SC-1015,2025-07-14,3177
D05,SC-1015,2025-07-21,3560
D05,SC-1015,2025-07-28,3699
D05,SC-1015,2025-08-04,3500
D05,SC-1015,2025-08-11,3654
D05,SC-1015,2025-08-18,3377
D05,SC-1015,2025-08-25,3153
D05,SC-1015,2025-09-01,2801
D05,SC-1015,2025-09-08,2549
D05,SC-1015,2025-09-15,3071
D05,SC-1015,2025-09-22,2841
D05,SC-1015,2025-09-29,3223
D05,SC-1015,2025-10-06,3460
D05,SC-1015,2025-10-13,4360
D05,SC-1015,2025-10-20,4496
D05,SC-1015,2025-10-27,4725
D05,SC-1015,2025-11-03,5257
D05,SC-1015,2025-11-10,5129
D05,SC-1015,2025-11-17,5376
D05,SC-1015,2025-11-24,5136
D05,SC-1015,2025-12-01,4905
D05,SC-1015,2025-12-08,4672
D05,SC-1015,2025-12-15,4497
D05,SC-1015,2025-12-22,4329
D05,SC-1015,2025-12-29,4172
D05,SC-1015,2026-01-05,4629
D05,SC-1015,2026-01-12,4416
D05,SC-1015,2026-01-19,4240
D05,SC-1015,2026-01-26,4019
D05,SC-1015,2026-02-02,3821
D05,SC-1015,2026-02-09,3918
D05,SC-1015,2026-02-16,3696
D05,SC-1015,2026-02-23,3492
D05,SC-1015,2026-03-02,3323
D05,SC-1015,2026-03-09,3066
D05,SC-1015,2026-03-16,2845
D05,SC-1015,2026-03-23,2674
D05,SC-1015,2026-03-30,2827
D05,SC-1015,2026-04-06,2769
D05,SC-1015,2026-04-13,2900
D05,SC-1015,2026-04-20,2770
D05,SC-1015,2026-04-27,2947
D05,SC-1015,2026-05-04,2680
D05,SC-1015,2026-05-11,2442
D05,SC-1015,2026-05-18,2254
D05,SC-1015,2026-05-25,2076
D05,SC-1015,2026-06-01,1862
D05,SC-1015,2026-06-08,1693
D05,SC-1015,2026-06-15,1489
D05,SC-1015,2026-06-22,1331
D05,IG-1011,2024-01-01,428
D05,IG-1011,2024-01-08,414
D05,IG-1011,2024-01-15,413
D05,IG-1011,2024-01-22,416
D05,IG-1011,2024-01-29,407
D05,IG-1011,2024-02-05,404
D05,IG-1011,2024-02-12,365
D05,IG-1011,2024-02-19,328
D05,IG-1011,2024-02-26,366
D05,IG-1011,2024-03-04,395
D05,IG-1011,2024-03-11,394
D05,IG-1011,2024-03-18,388
D05,IG-1011,2024-03-25,388
D05,IG-1011,2024-04-01,370
D05,IG-1011,2024-04-08,372
D05,IG-1011,2024-04-15,371
D05,IG-1011,2024-04-22,408
D05,IG-1011,2024-04-29,458
D05,IG-1011,2024-05-06,445
D05,IG-1011,2024-05-13,400
D05,IG-1011,2024-05-20,385
D05,IG-1011,2024-05-27,370
D05,IG-1011,2024-06-03,360
D05,IG-1011,2024-06-10,357
D05,IG-1011,2024-06-17,295
D05,IG-1011,2024-06-24,286
D05,IG-1011,2024-07-01,267
D05,IG-1011,2024-07-08,337
D05,IG-1011,2024-07-15,297
D05,IG-1011,2024-07-22,365
D05,IG-1011,2024-07-29,358
D05,IG-1011,2024-08-05,347
D05,IG-1011,2024-08-12,351
D05,IG-1011,2024-08-19,285
D05,IG-1011,2024-08-26,236
D05,IG-1011,2024-09-02,266
D05,IG-1011,2024-09-09,317
D05,IG-1011,2024-09-16,422
D05,IG-1011,2024-09-23,419
D05,IG-1011,2024-09-30,466
D05,IG-1011,2024-10-07,422
D05,IG-1011,2024-10-14,513
D05,IG-1011,2024-10-21,632
D05,IG-1011,2024-10-28,610
D05,IG-1011,2024-11-04,570
D05,IG-1011,2024-11-11,522
D05,IG-1011,2024-11-18,517
D05,IG-1011,2024-11-25,575
D05,IG-1011,2024-12-02,512
D05,IG-1011,2024-12-09,606
D05,IG-1011,2024-12-16,572
D05,IG-1011,2024-12-23,612
D05,IG-1011,2024-12-30,568
D05,IG-1011,2025-01-06,537
D05,IG-1011,2025-01-13,521
D05,IG-1011,2025-01-20,515
D05,IG-1011,2025-01-27,483
D05,IG-1011,2025-02-03,434
D05,IG-1011,2025-02-10,378
D05,IG-1011,2025-02-17,329
D05,IG-1011,2025-02-24,396
D05,IG-1011,2025-03-03,441
D05,IG-1011,2025-03-10,440
D05,IG-1011,2025-03-17,379
D05,IG-1011,2025-03-24,448
D05,IG-1011,2025-03-31,508
D05,IG-1011,2025-04-07,509
D05,IG-1011,2025-04-14,487
D05,IG-1011,2025-04-21,416
D05,IG-1011,2025-04-28,350
D05,IG-1011,2025-05-05,331
D05,IG-1011,2025-05-12,407
D05,IG-1011,2025-05-19,377
D05,IG-1011,2025-05-26,333
D05,IG-1011,2025-06-02,364
D05,IG-1011,2025-06-09,356
D05,IG-1011,2025-06-16,413
D05,IG-1011,2025-06-23,408
D05,IG-1011,2025-06-30,421
D05,IG-1011,2025-07-07,453
D05,IG-1011,2025-07-14,487
D05,IG-1011,2025-07-21,490
D05,IG-1011,2025-07-28,476
D05,IG-1011,2025-08-04,529
D05,IG-1011,2025-08-11,590
D05,IG-1011,2025-08-18,682
D05,IG-1011,2025-08-25,687
D05,IG-1011,2025-09-01,652
D05,IG-1011,2025-09-08,629
D05,IG-1011,2025-09-15,701
D05,IG-1011,2025-09-22,749
D05,IG-1011,2025-09-29,770
D05,IG-1011,2025-10-06,814
D05,IG-1011,2025-10-13,845
D05,IG-1011,2025-10-20,887
D05,IG-1011,2025-10-27,851
D05,IG-1011,2025-11-03,843
D05,IG-1011,2025-11-10,818
D05,IG-1011,2025-11-17,804
D05,IG-1011,2025-11-24,784
D05,IG-1011,2025-12-01,747
D05,IG-1011,2025-12-08,712
D05,IG-1011,2025-12-15,676
D05,IG-1011,2025-12-22,635
D05,IG-1011,2025-12-29,609
D05,IG-1011,2026-01-05,576
D05,IG-1011,2026-01-12,550
D05,IG-1011,2026-01-19,511
D05,IG-1011,2026-01-26,475
D05,IG-1011,2026-02-02,444
D05,IG-1011,2026-02-09,457
D05,IG-1011,2026-02-16,462
D05,IG-1011,2026-02-23,456
D05,IG-1011,2026-03-02,450
D05,IG-1011,2026-03-09,432
D05,IG-1011,2026-03-16,429
D05,IG-1011,2026-03-23,391
D05,IG-1011,2026-03-30,419
D05,IG-1011,2026-04-06,387
D05,IG-1011,2026-04-13,397
D05,IG-1011,2026-04-20,363
D05,IG-1011,2026-04-27,342
D05,IG-1011,2026-05-04,326
D05,IG-1011,2026-05-11,363
D05,IG-1011,2026-05-18,356
D05,IG-1011,2026-05-25,334
D05,IG-1011,2026-06-01,348
D05,IG-1011,2026-06-08,322
D05,IG-1011,2026-06-15,315
D05,IG-1011,2026-06-22,324
D05,IS-1023,2024-01-01,4164
D05,IS-1023,2024-01-08,4064
D05,IS-1023,2024-01-15,3867
D05,IS-1023,2024-01-22,3735
D05,IS-1023,2024-01-29,3925
D05,IS-1023,2024-02-05,4142
D05,IS-1023,2024-02-12,4044
D05,IS-1023,2024-02-19,4065
D05,IS-1023,2024-02-26,4073
D05,IS-1023,2024-03-04,3983
D05,IS-1023,2024-03-11,4013
D05,IS-1023,2024-03-18,4059
D05,IS-1023,2024-03-25,4013
D05,IS-1023,2024-04-01,4319
D05,IS-1023,2024-04-08,4161
D05,IS-1023,2024-04-15,3933
D05,IS-1023,2024-04-22,4017
D05,IS-1023,2024-04-29,3847
D05,IS-1023,2024-05-06,3358
D05,IS-1023,2024-05-13,3880
D05,IS-1023,2024-05-20,3868
D05,IS-1023,2024-05-27,3421
D05,IS-1023,2024-06-03,3661
D05,IS-1023,2024-06-10,3596
D05,IS-1023,2024-06-17,3229
D05,IS-1023,2024-06-24,3905
D05,IS-1023,2024-07-01,3400
D05,IS-1023,2024-07-08,3053
D05,IS-1023,2024-07-15,2867
D05,IS-1023,2024-07-22,3236
D05,IS-1023,2024-07-29,3510
D05,IS-1023,2024-08-05,4126
D05,IS-1023,2024-08-12,4176
D05,IS-1023,2024-08-19,4088
D05,IS-1023,2024-08-26,4603
D05,IS-1023,2024-09-02,5004
D05,IS-1023,2024-09-09,4693
D05,IS-1023,2024-09-16,4832
D05,IS-1023,2024-09-23,4958
D05,IS-1023,2024-09-30,4565
D05,IS-1023,2024-10-07,4722
D05,IS-1023,2024-10-14,4782
D05,IS-1023,2024-10-21,4875
D05,IS-1023,2024-10-28,5051
D05,IS-1023,2024-11-04,5573
D05,IS-1023,2024-11-11,5937
D05,IS-1023,2024-11-18,5527
D05,IS-1023,2024-11-25,5807
D05,IS-1023,2024-12-02,5502
D05,IS-1023,2024-12-09,5206
D05,IS-1023,2024-12-16,4997
D05,IS-1023,2024-12-23,4971
D05,IS-1023,2024-12-30,4531
D05,IS-1023,2025-01-06,4108
D05,IS-1023,2025-01-13,4107
D05,IS-1023,2025-01-20,3914
D05,IS-1023,2025-01-27,3751
D05,IS-1023,2025-02-03,3680
D05,IS-1023,2025-02-10,3892
D05,IS-1023,2025-02-17,3554
D05,IS-1023,2025-02-24,3222
D05,IS-1023,2025-03-03,3371
D05,IS-1023,2025-03-10,2963
D05,IS-1023,2025-03-17,3144
D05,IS-1023,2025-03-24,3492
D05,IS-1023,2025-03-31,3560
D05,IS-1023,2025-04-07,3870
D05,IS-1023,2025-04-14,3885
D05,IS-1023,2025-04-21,4444
D05,IS-1023,2025-04-28,4341
D05,IS-1023,2025-05-05,4226
D05,IS-1023,2025-05-12,4247
D05,IS-1023,2025-05-19,3731
D05,IS-1023,2025-05-26,3538
D05,IS-1023,2025-06-02,3559
D05,IS-1023,2025-06-09,4024
D05,IS-1023,2025-06-16,3770
D05,IS-1023,2025-06-23,3297
D05,IS-1023,2025-06-30,4361
D05,IS-1023,2025-07-07,4111
D05,IS-1023,2025-07-14,3824
D05,IS-1023,2025-07-21,4027
D05,IS-1023,2025-07-28,3854
D05,IS-1023,2025-08-04,3636
D05,IS-1023,2025-08-11,4465
D05,IS-1023,2025-08-18,4402
D05,IS-1023,2025-08-25,4054
D05,IS-1023,2025-09-01,4009
D05,IS-1023,2025-09-08,4670
D05,IS-1023,2025-09-15,4980
D05,IS-1023,2025-09-22,5315
D05,IS-1023,2025-09-29,5400
D05,IS-1023,2025-10-06,5038
D05,IS-1023,2025-10-13,4643
D05,IS-1023,2025-10-20,4909
D05,IS-1023,2025-10-27,4570
D05,IS-1023,2025-11-03,4327
D05,IS-1023,2025-11-10,4999
D05,IS-1023,2025-11-17,4674
D05,IS-1023,2025-11-24,4769
D05,IS-1023,2025-12-01,4422
D05,IS-1023,2025-12-08,4685
D05,IS-1023,2025-12-15,4338
D05,IS-1023,2025-12-22,3923
D05,IS-1023,2025-12-29,3808
D05,IS-1023,2026-01-05,3772
D05,IS-1023,2026-01-12,3683
D05,IS-1023,2026-01-19,3492
D05,IS-1023,2026-01-26,3544
D05,IS-1023,2026-02-02,3377
D05,IS-1023,2026-02-09,3164
D05,IS-1023,2026-02-16,2750
D05,IS-1023,2026-02-23,2850
D05,IS-1023,2026-03-02,2628
D05,IS-1023,2026-03-09,2593
D05,IS-1023,2026-03-16,2795
D05,IS-1023,2026-03-23,3177
D05,IS-1023,2026-03-30,3103
D05,IS-1023,2026-04-06,3204
D05,IS-1023,2026-04-13,2758
D05,IS-1023,2026-04-20,3216
D05,IS-1023,2026-04-27,3032
D05,IS-1023,2026-05-04,3671
D05,IS-1023,2026-05-11,3613
D05,IS-1023,2026-05-18,3442
D05,IS-1023,2026-05-25,3696
D05,IS-1023,2026-06-01,4216
D05,IS-1023,2026-06-08,4203
D05,IS-1023,2026-06-15,4319
D05,IS-1023,2026-06-22,4513
D05,PM-1002,2024-01-01,16769
D05,PM-1002,2024-01-08,15751
D05,PM-1002,2024-01-15,15725
D05,PM-1002,2024-01-22,14761
D05,PM-1002,2024-01-29,15120
D05,PM-1002,2024-02-05,16257
D05,PM-1002,2024-02-12,16025
D05,PM-1002,2024-02-19,15764
D05,PM-1002,2024-02-26,15851
D05,PM-1002,2024-03-04,15712
D05,PM-1002,2024-03-11,14082
D05,PM-1002,2024-03-18,18492
D05,PM-1002,2024-03-25,17707
D05,PM-1002,2024-04-01,16350
D05,PM-1002,2024-04-08,18138
D05,PM-1002,2024-04-15,16202
D05,PM-1002,2024-04-22,15058
D05,PM-1002,2024-04-29,15158
D05,PM-1002,2024-05-06,14288
D05,PM-1002,2024-05-13,14265
D05,PM-1002,2024-05-20,14353
D05,PM-1002,2024-05-27,13214
D05,PM-1002,2024-06-03,13162
D05,PM-1002,2024-06-10,14295
D05,PM-1002,2024-06-17,14139
D05,PM-1002,2024-06-24,16049
D05,PM-1002,2024-07-01,16021
D05,PM-1002,2024-07-08,16398
D05,PM-1002,2024-07-15,14710
D05,PM-1002,2024-07-22,18857
D05,PM-1002,2024-07-29,18711
D05,PM-1002,2024-08-05,17844
D05,PM-1002,2024-08-12,19251
D05,PM-1002,2024-08-19,18233
D05,PM-1002,2024-08-26,19760
D05,PM-1002,2024-09-02,20658
D05,PM-1002,2024-09-09,21448
D05,PM-1002,2024-09-16,21838
D05,PM-1002,2024-09-23,21348
D05,PM-1002,2024-09-30,21848
D05,PM-1002,2024-10-07,22419
D05,PM-1002,2024-10-14,22450
D05,PM-1002,2024-10-21,20775
D05,PM-1002,2024-10-28,20021
D05,PM-1002,2024-11-04,20180
D05,PM-1002,2024-11-11,19272
D05,PM-1002,2024-11-18,19145
D05,PM-1002,2024-11-25,20263
D05,PM-1002,2024-12-02,18581
D05,PM-1002,2024-12-09,19188
D05,PM-1002,2024-12-16,18217
D05,PM-1002,2024-12-23,20142
D05,PM-1002,2024-12-30,19252
D05,PM-1002,2025-01-06,18178
D05,PM-1002,2025-01-13,17065
D05,PM-1002,2025-01-20,15640
D05,PM-1002,2025-01-27,15257
D05,PM-1002,2025-02-03,15199
D05,PM-1002,2025-02-10,16234
D05,PM-1002,2025-02-17,14399
D05,PM-1002,2025-02-24,15105
D05,PM-1002,2025-03-03,15684
D05,PM-1002,2025-03-10,15251
D05,PM-1002,2025-03-17,15675
D05,PM-1002,2025-03-24,15449
D05,PM-1002,2025-03-31,14684
D05,PM-1002,2025-04-07,15360
D05,PM-1002,2025-04-14,15492
D05,PM-1002,2025-04-21,13731
D05,PM-1002,2025-04-28,14649
D05,PM-1002,2025-05-05,15497
D05,PM-1002,2025-05-12,16458
D05,PM-1002,2025-05-19,17137
D05,PM-1002,2025-05-26,17158
D05,PM-1002,2025-06-02,16871
D05,PM-1002,2025-06-09,16048
D05,PM-1002,2025-06-16,17388
D05,PM-1002,2025-06-23,17462
D05,PM-1002,2025-06-30,17020
D05,PM-1002,2025-07-07,15740
D05,PM-1002,2025-07-14,17037
D05,PM-1002,2025-07-21,15934
D05,PM-1002,2025-07-28,17642
D05,PM-1002,2025-08-04,16886
D05,PM-1002,2025-08-11,16636
D05,PM-1002,2025-08-18,15033
D05,PM-1002,2025-08-25,14400
D05,PM-1002,2025-09-01,12182
D05,PM-1002,2025-09-08,10783
D05,PM-1002,2025-09-15,12677
D05,PM-1002,2025-09-22,12515
D05,PM-1002,2025-09-29,18361
D05,PM-1002,2025-10-06,18461
D05,PM-1002,2025-10-13,23374
D05,PM-1002,2025-10-20,25363
D05,PM-1002,2025-10-27,24909
D05,PM-1002,2025-11-03,24620
D05,PM-1002,2025-11-10,23027
D05,PM-1002,2025-11-17,21522
D05,PM-1002,2025-11-24,23030
D05,PM-1002,2025-12-01,22629
D05,PM-1002,2025-12-08,21585
D05,PM-1002,2025-12-15,19681
D05,PM-1002,2025-12-22,18426
D05,PM-1002,2025-12-29,16678
D05,PM-1002,2026-01-05,14644
D05,PM-1002,2026-01-12,12845
D05,PM-1002,2026-01-19,11574
D05,PM-1002,2026-01-26,13147
D05,PM-1002,2026-02-02,15655
D05,PM-1002,2026-02-09,17244
D05,PM-1002,2026-02-16,17150
D05,PM-1002,2026-02-23,18485
D05,PM-1002,2026-03-02,17837
D05,PM-1002,2026-03-09,18831
D05,PM-1002,2026-03-16,18777
D05,PM-1002,2026-03-23,18068
D05,PM-1002,2026-03-30,18137
D05,PM-1002,2026-04-06,16466
D05,PM-1002,2026-04-13,15810
D05,PM-1002,2026-04-20,14929
D05,PM-1002,2026-04-27,15705
D05,PM-1002,2026-05-04,14478
D05,PM-1002,2026-05-11,13702
D05,PM-1002,2026-05-18,12401
D05,PM-1002,2026-05-25,14384
D05,PM-1002,2026-06-01,14183
D05,PM-1002,2026-06-08,14103
D05,PM-1002,2026-06-15,14037
D05,PM-1002,2026-06-22,15185
D05,PW-1035,2024-01-01,5589
D05,PW-1035,2024-01-08,5557
D05,PW-1035,2024-01-15,5561
D05,PW-1035,2024-01-22,5533
D05,PW-1035,2024-01-29,5527
D05,PW-1035,2024-02-05,5476
D05,PW-1035,2024-02-12,4982
D05,PW-1035,2024-02-19,4973
D05,PW-1035,2024-02-26,5005
D05,PW-1035,2024-03-04,5432
D05,PW-1035,2024-03-11,4938
D05,PW-1035,2024-03-18,4838
D05,PW-1035,2024-03-25,5663
D05,PW-1035,2024-04-01,5173
D05,PW-1035,2024-04-08,5091
D05,PW-1035,2024-04-15,4686
D05,PW-1035,2024-04-22,4275
D05,PW-1035,2024-04-29,4155
D05,PW-1035,2024-05-06,3586
D05,PW-1035,2024-05-13,3546
D05,PW-1035,2024-05-20,3428
D05,PW-1035,2024-05-27,3582
D05,PW-1035,2024-06-03,3567
D05,PW-1035,2024-06-10,3591
D05,PW-1035,2024-06-17,3936
D05,PW-1035,2024-06-24,4492
D05,PW-1035,2024-07-01,4801
D05,PW-1035,2024-07-08,6316
D05,PW-1035,2024-07-15,6570
D05,PW-1035,2024-07-22,6765
D05,PW-1035,2024-07-29,7799
D05,PW-1035,2024-08-05,7789
D05,PW-1035,2024-08-12,7643
D05,PW-1035,2024-08-19,7090
D05,PW-1035,2024-08-26,6966
D05,PW-1035,2024-09-02,6631
D05,PW-1035,2024-09-09,6511
D05,PW-1035,2024-09-16,6942
D05,PW-1035,2024-09-23,6648
D05,PW-1035,2024-09-30,6198
D05,PW-1035,2024-10-07,6503
D05,PW-1035,2024-10-14,6242
D05,PW-1035,2024-10-21,7169
D05,PW-1035,2024-10-28,6611
D05,PW-1035,2024-11-04,6539
D05,PW-1035,2024-11-11,6280
D05,PW-1035,2024-11-18,6063
D05,PW-1035,2024-11-25,6545
D05,PW-1035,2024-12-02,6291
D05,PW-1035,2024-12-09,6179
D05,PW-1035,2024-12-16,5795
D05,PW-1035,2024-12-23,6373
D05,PW-1035,2024-12-30,6868
D05,PW-1035,2025-01-06,7511
D05,PW-1035,2025-01-13,7422
D05,PW-1035,2025-01-20,7359
D05,PW-1035,2025-01-27,7293
D05,PW-1035,2025-02-03,6920
D05,PW-1035,2025-02-10,6534
D05,PW-1035,2025-02-17,6037
D05,PW-1035,2025-02-24,5569
D05,PW-1035,2025-03-03,4959
D05,PW-1035,2025-03-10,5011
D05,PW-1035,2025-03-17,4669
D05,PW-1035,2025-03-24,4032
D05,PW-1035,2025-03-31,4301
D05,PW-1035,2025-04-07,4692
D05,PW-1035,2025-04-14,4683
D05,PW-1035,2025-04-21,4691
D05,PW-1035,2025-04-28,4849
D05,PW-1035,2025-05-05,4730
D05,PW-1035,2025-05-12,4874
D05,PW-1035,2025-05-19,4809
D05,PW-1035,2025-05-26,4676
D05,PW-1035,2025-06-02,5041
D05,PW-1035,2025-06-09,5184
D05,PW-1035,2025-06-16,6307
D05,PW-1035,2025-06-23,6405
D05,PW-1035,2025-06-30,6139
D05,PW-1035,2025-07-07,5967
D05,PW-1035,2025-07-14,6188
D05,PW-1035,2025-07-21,6450
D05,PW-1035,2025-07-28,5809
D05,PW-1035,2025-08-04,5686
D05,PW-1035,2025-08-11,5530
D05,PW-1035,2025-08-18,4831
D05,PW-1035,2025-08-25,5022
D05,PW-1035,2025-09-01,5091
D05,PW-1035,2025-09-08,4622
D05,PW-1035,2025-09-15,3927
D05,PW-1035,2025-09-22,4165
D05,PW-1035,2025-09-29,4465
D05,PW-1035,2025-10-06,6222
D05,PW-1035,2025-10-13,6632
D05,PW-1035,2025-10-20,7661
D05,PW-1035,2025-10-27,8678
D05,PW-1035,2025-11-03,8807
D05,PW-1035,2025-11-10,8483
D05,PW-1035,2025-11-17,7976
D05,PW-1035,2025-11-24,8024
D05,PW-1035,2025-12-01,8482
D05,PW-1035,2025-12-08,8394
D05,PW-1035,2025-12-15,8052
D05,PW-1035,2025-12-22,7581
D05,PW-1035,2025-12-29,7038
D05,PW-1035,2026-01-05,6637
D05,PW-1035,2026-01-12,7004
D05,PW-1035,2026-01-19,6298
D05,PW-1035,2026-01-26,5734
D05,PW-1035,2026-02-02,5311
D05,PW-1035,2026-02-09,4727
D05,PW-1035,2026-02-16,4950
D05,PW-1035,2026-02-23,4753
D05,PW-1035,2026-03-02,5677
D05,PW-1035,2026-03-09,5150
D05,PW-1035,2026-03-16,4322
D05,PW-1035,2026-03-23,6317
D05,PW-1035,2026-03-30,6374
D05,PW-1035,2026-04-06,6598
D05,PW-1035,2026-04-13,6632
D05,PW-1035,2026-04-20,7440
D05,PW-1035,2026-04-27,7011
D05,PW-1035,2026-05-04,6767
D05,PW-1035,2026-05-11,6030
D05,PW-1035,2026-05-18,5389
D05,PW-1035,2026-05-25,5080
D05,PW-1035,2026-06-01,5719
D05,PW-1035,2026-06-08,6165
D05,PW-1035,2026-06-15,5907
D05,PW-1035,2026-06-22,5877
D05,SC-1017,2024-01-01,3588
D05,SC-1017,2024-01-08,3631
D05,SC-1017,2024-01-15,3626
D05,SC-1017,2024-01-22,3746
D05,SC-1017,2024-01-29,3794
D05,SC-1017,2024-02-05,3844
D05,SC-1017,2024-02-12,3836
D05,SC-1017,2024-02-19,3824
D05,SC-1017,2024-02-26,3693
D05,SC-1017,2024-03-04,3728
D05,SC-1017,2024-03-11,3786
D05,SC-1017,2024-03-18,3691
D05,SC-1017,2024-03-25,3699
D05,SC-1017,2024-04-01,3661
D05,SC-1017,2024-04-08,3503
D05,SC-1017,2024-04-15,3425
D05,SC-1017,2024-04-22,3360
D05,SC-1017,2024-04-29,3483
D05,SC-1017,2024-05-06,3429
D05,SC-1017,2024-05-13,3402
D05,SC-1017,2024-05-20,3089
D05,SC-1017,2024-05-27,2805
D05,SC-1017,2024-06-03,2690
D05,SC-1017,2024-06-10,2291
D05,SC-1017,2024-06-17,1902
D05,SC-1017,2024-06-24,1583
D05,SC-1017,2024-07-01,1578
D05,SC-1017,2024-07-08,1521
D05,SC-1017,2024-07-15,2314
D05,SC-1017,2024-07-22,2267
D05,SC-1017,2024-07-29,1853
D05,SC-1017,2024-08-05,2099
D05,SC-1017,2024-08-12,2236
D05,SC-1017,2024-08-19,3090
D05,SC-1017,2024-08-26,3142
D05,SC-1017,2024-09-02,3324
D05,SC-1017,2024-09-09,2907
D05,SC-1017,2024-09-16,3127
D05,SC-1017,2024-09-23,3551
D05,SC-1017,2024-09-30,3310
D05,SC-1017,2024-10-07,3252
D05,SC-1017,2024-10-14,2843
D05,SC-1017,2024-10-21,4237
D05,SC-1017,2024-10-28,4172
D05,SC-1017,2024-11-04,4088
D05,SC-1017,2024-11-11,3763
D05,SC-1017,2024-11-18,3640
D05,SC-1017,2024-11-25,3325
D05,SC-1017,2024-12-02,3370
D05,SC-1017,2024-12-09,3372
D05,SC-1017,2024-12-16,3995
D05,SC-1017,2024-12-23,3555
D05,SC-1017,2024-12-30,3359
D05,SC-1017,2025-01-06,3860
D05,SC-1017,2025-01-13,3953
D05,SC-1017,2025-01-20,3967
D05,SC-1017,2025-01-27,5385
D05,SC-1017,2025-02-03,5222
D05,SC-1017,2025-02-10,4836
D05,SC-1017,2025-02-17,4424
D05,SC-1017,2025-02-24,4412
D05,SC-1017,2025-03-03,4469
D05,SC-1017,2025-03-10,4913
D05,SC-1017,2025-03-17,4457
D05,SC-1017,2025-03-24,4044
D05,SC-1017,2025-03-31,3575
D05,SC-1017,2025-04-07,3133
D05,SC-1017,2025-04-14,2713
D05,SC-1017,2025-04-21,2456
D05,SC-1017,2025-04-28,2077
D05,SC-1017,2025-05-05,2195
D05,SC-1017,2025-05-12,2979
D05,SC-1017,2025-05-19,2662
D05,SC-1017,2025-05-26,2280
D05,SC-1017,2025-06-02,2753
D05,SC-1017,2025-06-09,3443
D05,SC-1017,2025-06-16,3417
D05,SC-1017,2025-06-23,3602
D05,SC-1017,2025-06-30,3477
D05,SC-1017,2025-07-07,3408
D05,SC-1017,2025-07-14,4517
D05,SC-1017,2025-07-21,4467
D05,SC-1017,2025-07-28,4098
D05,SC-1017,2025-08-04,4032
D05,SC-1017,2025-08-11,3686
D05,SC-1017,2025-08-18,3258
D05,SC-1017,2025-08-25,2974
D05,SC-1017,2025-09-01,2701
D05,SC-1017,2025-09-08,2453
D05,SC-1017,2025-09-15,2459
D05,SC-1017,2025-09-22,2623
D05,SC-1017,2025-09-29,2993
D05,SC-1017,2025-10-06,2733
D05,SC-1017,2025-10-13,2888
D05,SC-1017,2025-10-20,3073
D05,SC-1017,2025-10-27,3291
D05,SC-1017,2025-11-03,3924
D05,SC-1017,2025-11-10,5691
D05,SC-1017,2025-11-17,5374
D05,SC-1017,2025-11-24,5127
D05,SC-1017,2025-12-01,4805
D05,SC-1017,2025-12-08,5113
D05,SC-1017,2025-12-15,4832
D05,SC-1017,2025-12-22,4521
D05,SC-1017,2025-12-29,4311
D05,SC-1017,2026-01-05,4065
D05,SC-1017,2026-01-12,3877
D05,SC-1017,2026-01-19,3878
D05,SC-1017,2026-01-26,4649
D05,SC-1017,2026-02-02,4325
D05,SC-1017,2026-02-09,4260
D05,SC-1017,2026-02-16,5276
D05,SC-1017,2026-02-23,5030
D05,SC-1017,2026-03-02,4777
D05,SC-1017,2026-03-09,4483
D05,SC-1017,2026-03-16,4224
D05,SC-1017,2026-03-23,3966
D05,SC-1017,2026-03-30,3679
D05,SC-1017,2026-04-06,3703
D05,SC-1017,2026-04-13,3580
D05,SC-1017,2026-04-20,3304
D05,SC-1017,2026-04-27,3198
D05,SC-1017,2026-05-04,2969
D05,SC-1017,2026-05-11,2923
D05,SC-1017,2026-05-18,2670
D05,SC-1017,2026-05-25,2476
D05,SC-1017,2026-06-01,2238
D05,SC-1017,2026-06-08,2400
D05,SC-1017,2026-06-15,2099
D05,SC-1017,2026-06-22,2384
D05,PM-1007,2024-01-01,24792
D05,PM-1007,2024-01-08,25218
D05,PM-1007,2024-01-15,23977
D05,PM-1007,2024-01-22,24488
D05,PM-1007,2024-01-29,24798
D05,PM-1007,2024-02-05,26146
D05,PM-1007,2024-02-12,26116
D05,PM-1007,2024-02-19,25912
D05,PM-1007,2024-02-26,25776
D05,PM-1007,2024-03-04,25007
D05,PM-1007,2024-03-11,24417
D05,PM-1007,2024-03-18,23432
D05,PM-1007,2024-03-25,24300
D05,PM-1007,2024-04-01,22471
D05,PM-1007,2024-04-08,21869
D05,PM-1007,2024-04-15,20488
D05,PM-1007,2024-04-22,20494
D05,PM-1007,2024-04-29,20958
D05,PM-1007,2024-05-06,20871
D05,PM-1007,2024-05-13,18384
D05,PM-1007,2024-05-20,22211
D05,PM-1007,2024-05-27,25048
D05,PM-1007,2024-06-03,25219
D05,PM-1007,2024-06-10,24182
D05,PM-1007,2024-06-17,22229
D05,PM-1007,2024-06-24,23025
D05,PM-1007,2024-07-01,23161
D05,PM-1007,2024-07-08,25755
D05,PM-1007,2024-07-15,26492
D05,PM-1007,2024-07-22,25508
D05,PM-1007,2024-07-29,22828
D05,PM-1007,2024-08-05,23639
D05,PM-1007,2024-08-12,27647
D05,PM-1007,2024-08-19,29222
D05,PM-1007,2024-08-26,30044
D05,PM-1007,2024-09-02,29813
D05,PM-1007,2024-09-09,31414
D05,PM-1007,2024-09-16,32007
D05,PM-1007,2024-09-23,30550
D05,PM-1007,2024-09-30,28858
D05,PM-1007,2024-10-07,27618
D05,PM-1007,2024-10-14,28302
D05,PM-1007,2024-10-21,27276
D05,PM-1007,2024-10-28,28536
D05,PM-1007,2024-11-04,27923
D05,PM-1007,2024-11-11,27657
D05,PM-1007,2024-11-18,28307
D05,PM-1007,2024-11-25,27767
D05,PM-1007,2024-12-02,25274
D05,PM-1007,2024-12-09,25766
D05,PM-1007,2024-12-16,24999
D05,PM-1007,2024-12-23,23227
D05,PM-1007,2024-12-30,21381
D05,PM-1007,2025-01-06,21351
D05,PM-1007,2025-01-13,24561
D05,PM-1007,2025-01-20,25643
D05,PM-1007,2025-01-27,24046
D05,PM-1007,2025-02-03,23394
D05,PM-1007,2025-02-10,24907
D05,PM-1007,2025-02-17,25916
D05,PM-1007,2025-02-24,24882
D05,PM-1007,2025-03-03,24966
D05,PM-1007,2025-03-10,22243
D05,PM-1007,2025-03-17,22523
D05,PM-1007,2025-03-24,23216
D05,PM-1007,2025-03-31,21923
D05,PM-1007,2025-04-07,20883
D05,PM-1007,2025-04-14,19584
D05,PM-1007,2025-04-21,18012
D05,PM-1007,2025-04-28,16409
D05,PM-1007,2025-05-05,17239
D05,PM-1007,2025-05-12,16240
D05,PM-1007,2025-05-19,15821
D05,PM-1007,2025-05-26,20043
D05,PM-1007,2025-06-02,22946
D05,PM-1007,2025-06-09,24762
D05,PM-1007,2025-06-16,24152
D05,PM-1007,2025-06-23,26207
D05,PM-1007,2025-06-30,25187
D05,PM-1007,2025-07-07,25208
D05,PM-1007,2025-07-14,25683
D05,PM-1007,2025-07-21,26134
D05,PM-1007,2025-07-28,26142
D05,PM-1007,2025-08-04,24955
D05,PM-1007,2025-08-11,29900
D05,PM-1007,2025-08-18,29769
D05,PM-1007,2025-08-25,29456
D05,PM-1007,2025-09-01,27536
D05,PM-1007,2025-09-08,28196
D05,PM-1007,2025-09-15,27134
D05,PM-1007,2025-09-22,26940
D05,PM-1007,2025-09-29,28244
D05,PM-1007,2025-10-06,25800
D05,PM-1007,2025-10-13,23835
D05,PM-1007,2025-10-20,24558
D05,PM-1007,2025-10-27,25250
D05,PM-1007,2025-11-03,26406
D05,PM-1007,2025-11-10,28346
D05,PM-1007,2025-11-17,27730
D05,PM-1007,2025-11-24,27286
D05,PM-1007,2025-12-01,24898
D05,PM-1007,2025-12-08,28496
D05,PM-1007,2025-12-15,28299
D05,PM-1007,2025-12-22,28814
D05,PM-1007,2025-12-29,25727
D05,PM-1007,2026-01-05,23612
D05,PM-1007,2026-01-12,23248
D05,PM-1007,2026-01-19,21515
D05,PM-1007,2026-01-26,21956
D05,PM-1007,2026-02-02,19843
D05,PM-1007,2026-02-09,19489
D05,PM-1007,2026-02-16,21622
D05,PM-1007,2026-02-23,22527
D05,PM-1007,2026-03-02,21925
D05,PM-1007,2026-03-09,23734
D05,PM-1007,2026-03-16,21021
D05,PM-1007,2026-03-23,22709
D05,PM-1007,2026-03-30,22561
D05,PM-1007,2026-04-06,21391
D05,PM-1007,2026-04-13,21602
D05,PM-1007,2026-04-20,23403
D05,PM-1007,2026-04-27,24359
D05,PM-1007,2026-05-04,21866
D05,PM-1007,2026-05-11,22844
D05,PM-1007,2026-05-18,23426
D05,PM-1007,2026-05-25,23645
D05,PM-1007,2026-06-01,23496
D05,PM-1007,2026-06-08,24806
D05,PM-1007,2026-06-15,22185
D05,PM-1007,2026-06-22,22517
D05,PM-1006,2024-01-01,29076
D05,PM-1006,2024-01-08,29628
D05,PM-1006,2024-01-15,30003
D05,PM-1006,2024-01-22,30822
D05,PM-1006,2024-01-29,30670
D05,PM-1006,2024-02-05,31458
D05,PM-1006,2024-02-12,31469
D05,PM-1006,2024-02-19,31668
D05,PM-1006,2024-02-26,30623
D05,PM-1006,2024-03-04,30807
D05,PM-1006,2024-03-11,28524
D05,PM-1006,2024-03-18,26172
D05,PM-1006,2024-03-25,25434
D05,PM-1006,2024-04-01,24441
D05,PM-1006,2024-04-08,26055
D05,PM-1006,2024-04-15,23320
D05,PM-1006,2024-04-22,22714
D05,PM-1006,2024-04-29,22273
D05,PM-1006,2024-05-06,19711
D05,PM-1006,2024-05-13,28689
D05,PM-1006,2024-05-20,26505
D05,PM-1006,2024-05-27,26667
D05,PM-1006,2024-06-03,24827
D05,PM-1006,2024-06-10,22624
D05,PM-1006,2024-06-17,20427
D05,PM-1006,2024-06-24,22189
D05,PM-1006,2024-07-01,23388
D05,PM-1006,2024-07-08,24380
D05,PM-1006,2024-07-15,23209
D05,PM-1006,2024-07-22,23429
D05,PM-1006,2024-07-29,22058
D05,PM-1006,2024-08-05,33713
D05,PM-1006,2024-08-12,36136
D05,PM-1006,2024-08-19,37717
D05,PM-1006,2024-08-26,35920
D05,PM-1006,2024-09-02,35610
D05,PM-1006,2024-09-09,33596
D05,PM-1006,2024-09-16,31766
D05,PM-1006,2024-09-23,29266
D05,PM-1006,2024-09-30,29875
D05,PM-1006,2024-10-07,28638
D05,PM-1006,2024-10-14,25995
D05,PM-1006,2024-10-21,23166
D05,PM-1006,2024-10-28,25467
D05,PM-1006,2024-11-04,24924
D05,PM-1006,2024-11-11,25630
D05,PM-1006,2024-11-18,28380
D05,PM-1006,2024-11-25,28438
D05,PM-1006,2024-12-02,30774
D05,PM-1006,2024-12-09,34308
D05,PM-1006,2024-12-16,35931
D05,PM-1006,2024-12-23,34494
D05,PM-1006,2024-12-30,34310
D05,PM-1006,2025-01-06,33774
D05,PM-1006,2025-01-13,31144
D05,PM-1006,2025-01-20,29816
D05,PM-1006,2025-01-27,29483
D05,PM-1006,2025-02-03,32918
D05,PM-1006,2025-02-10,31621
D05,PM-1006,2025-02-17,30226
D05,PM-1006,2025-02-24,28100
D05,PM-1006,2025-03-03,27641
D05,PM-1006,2025-03-10,25169
D05,PM-1006,2025-03-17,24962
D05,PM-1006,2025-03-24,25112
D05,PM-1006,2025-03-31,22039
D05,PM-1006,2025-04-07,21502
D05,PM-1006,2025-04-14,20667
D05,PM-1006,2025-04-21,24347
D05,PM-1006,2025-04-28,27681
D05,PM-1006,2025-05-05,25069
D05,PM-1006,2025-05-12,23345
D05,PM-1006,2025-05-19,24300
D05,PM-1006,2025-05-26,28287
D05,PM-1006,2025-06-02,25230
D05,PM-1006,2025-06-09,30157
D05,PM-1006,2025-06-16,29434
D05,PM-1006,2025-06-23,26505
D05,PM-1006,2025-06-30,27741
D05,PM-1006,2025-07-07,27959
D05,PM-1006,2025-07-14,28902
D05,PM-1006,2025-07-21,25393
D05,PM-1006,2025-07-28,24704
D05,PM-1006,2025-08-04,25172
D05,PM-1006,2025-08-11,26000
D05,PM-1006,2025-08-18,29693
D05,PM-1006,2025-08-25,30899
D05,PM-1006,2025-09-01,31146
D05,PM-1006,2025-09-08,32517
D05,PM-1006,2025-09-15,32516
D05,PM-1006,2025-09-22,30729
D05,PM-1006,2025-09-29,33135
D05,PM-1006,2025-10-06,31814
D05,PM-1006,2025-10-13,29540
D05,PM-1006,2025-10-20,30090
D05,PM-1006,2025-10-27,32142
D05,PM-1006,2025-11-03,31134
D05,PM-1006,2025-11-10,34914
D05,PM-1006,2025-11-17,35814
D05,PM-1006,2025-11-24,33061
D05,PM-1006,2025-12-01,35695
D05,PM-1006,2025-12-08,36321
D05,PM-1006,2025-12-15,34265
D05,PM-1006,2025-12-22,31674
D05,PM-1006,2025-12-29,30474
D05,PM-1006,2026-01-05,28431
D05,PM-1006,2026-01-12,26732
D05,PM-1006,2026-01-19,25798
D05,PM-1006,2026-01-26,23302
D05,PM-1006,2026-02-02,24207
D05,PM-1006,2026-02-09,22021
D05,PM-1006,2026-02-16,20905
D05,PM-1006,2026-02-23,21620
D05,PM-1006,2026-03-02,22338
D05,PM-1006,2026-03-09,21421
D05,PM-1006,2026-03-16,19281
D05,PM-1006,2026-03-23,16723
D05,PM-1006,2026-03-30,13905
D05,PM-1006,2026-04-06,18511
D05,PM-1006,2026-04-13,19442
D05,PM-1006,2026-04-20,21792
D05,PM-1006,2026-04-27,22755
D05,PM-1006,2026-05-04,21242
D05,PM-1006,2026-05-11,24327
D05,PM-1006,2026-05-18,28275
D05,PM-1006,2026-05-25,27591
D05,PM-1006,2026-06-01,27138
D05,PM-1006,2026-06-08,27475
D05,PM-1006,2026-06-15,30705
D05,PM-1006,2026-06-22,28656
D05,IG-1008,2024-01-01,720
D05,IG-1008,2024-01-08,728
D05,IG-1008,2024-01-15,724
D05,IG-1008,2024-01-22,720
D05,IG-1008,2024-01-29,736
D05,IG-1008,2024-02-05,731
D05,IG-1008,2024-02-12,746
D05,IG-1008,2024-02-19,744
D05,IG-1008,2024-02-26,747
D05,IG-1008,2024-03-04,735
D05,IG-1008,2024-03-11,720
D05,IG-1008,2024-03-18,695
D05,IG-1008,2024-03-25,686
D05,IG-1008,2024-04-01,673
D05,IG-1008,2024-04-08,672
D05,IG-1008,2024-04-15,668
D05,IG-1008,2024-04-22,752
D05,IG-1008,2024-04-29,701
D05,IG-1008,2024-05-06,657
D05,IG-1008,2024-05-13,571
D05,IG-1008,2024-05-20,467
D05,IG-1008,2024-05-27,524
D05,IG-1008,2024-06-03,426
D05,IG-1008,2024-06-10,408
D05,IG-1008,2024-06-17,342
D05,IG-1008,2024-06-24,393
D05,IG-1008,2024-07-01,436
D05,IG-1008,2024-07-08,526
D05,IG-1008,2024-07-15,600
D05,IG-1008,2024-07-22,622
D05,IG-1008,2024-07-29,678
D05,IG-1008,2024-08-05,684
D05,IG-1008,2024-08-12,690
D05,IG-1008,2024-08-19,675
D05,IG-1008,2024-08-26,818
D05,IG-1008,2024-09-02,792
D05,IG-1008,2024-09-09,832
D05,IG-1008,2024-09-16,863
D05,IG-1008,2024-09-23,974
D05,IG-1008,2024-09-30,1029
D05,IG-1008,2024-10-07,1055
D05,IG-1008,2024-10-14,1096
D05,IG-1008,2024-10-21,1002
D05,IG-1008,2024-10-28,926
D05,IG-1008,2024-11-04,882
D05,IG-1008,2024-11-11,863
D05,IG-1008,2024-11-18,791
D05,IG-1008,2024-11-25,713
D05,IG-1008,2024-12-02,710
D05,IG-1008,2024-12-09,760
D05,IG-1008,2024-12-16,698
D05,IG-1008,2024-12-23,691
D05,IG-1008,2024-12-30,617
D05,IG-1008,2025-01-06,982
D05,IG-1008,2025-01-13,1049
D05,IG-1008,2025-01-20,1101
D05,IG-1008,2025-01-27,1081
D05,IG-1008,2025-02-03,1046
D05,IG-1008,2025-02-10,1149
D05,IG-1008,2025-02-17,1202
D05,IG-1008,2025-02-24,1114
D05,IG-1008,2025-03-03,1004
D05,IG-1008,2025-03-10,905
D05,IG-1008,2025-03-17,858
D05,IG-1008,2025-03-24,934
D05,IG-1008,2025-03-31,883
D05,IG-1008,2025-04-07,858
D05,IG-1008,2025-04-14,769
D05,IG-1008,2025-04-21,704
D05,IG-1008,2025-04-28,641
D05,IG-1008,2025-05-05,626
D05,IG-1008,2025-05-12,549
D05,IG-1008,2025-05-19,466
D05,IG-1008,2025-05-26,382
D05,IG-1008,2025-06-02,312
D05,IG-1008,2025-06-09,329
D05,IG-1008,2025-06-16,348
D05,IG-1008,2025-06-23,487
D05,IG-1008,2025-06-30,393
D05,IG-1008,2025-07-07,493
D05,IG-1008,2025-07-14,726
D05,IG-1008,2025-07-21,861
D05,IG-1008,2025-07-28,980
D05,IG-1008,2025-08-04,1003
D05,IG-1008,2025-08-11,1135
D05,IG-1008,2025-08-18,1116
D05,IG-1008,2025-08-25,1150
D05,IG-1008,2025-09-01,1217
D05,IG-1008,2025-09-08,1227
D05,IG-1008,2025-09-15,1213
D05,IG-1008,2025-09-22,1238
D05,IG-1008,2025-09-29,1258
D05,IG-1008,2025-10-06,1296
D05,IG-1008,2025-10-13,1313
D05,IG-1008,2025-10-20,1346
D05,IG-1008,2025-10-27,1266
D05,IG-1008,2025-11-03,1270
D05,IG-1008,2025-11-10,1260
D05,IG-1008,2025-11-17,1253
D05,IG-1008,2025-11-24,1168
D05,IG-1008,2025-12-01,1109
D05,IG-1008,2025-12-08,1052
D05,IG-1008,2025-12-15,1052
D05,IG-1008,2025-12-22,1040
D05,IG-1008,2025-12-29,969
D05,IG-1008,2026-01-05,899
D05,IG-1008,2026-01-12,858
D05,IG-1008,2026-01-19,805
D05,IG-1008,2026-01-26,755
D05,IG-1008,2026-02-02,803
D05,IG-1008,2026-02-09,822
D05,IG-1008,2026-02-16,878
D05,IG-1008,2026-02-23,829
D05,IG-1008,2026-03-02,815
D05,IG-1008,2026-03-09,798
D05,IG-1008,2026-03-16,796
D05,IG-1008,2026-03-23,839
D05,IG-1008,2026-03-30,772
D05,IG-1008,2026-04-06,761
D05,IG-1008,2026-04-13,709
D05,IG-1008,2026-04-20,773
D05,IG-1008,2026-04-27,821
D05,IG-1008,2026-05-04,746
D05,IG-1008,2026-05-11,700
D05,IG-1008,2026-05-18,654
D05,IG-1008,2026-05-25,603
D05,IG-1008,2026-06-01,575
D05,IG-1008,2026-06-08,691
D05,IG-1008,2026-06-15,632
D05,IG-1008,2026-06-22,584
D05,IG-1014,2024-01-01,355
D05,IG-1014,2024-01-08,356
D05,IG-1014,2024-01-15,365
D05,IG-1014,2024-01-22,373
D05,IG-1014,2024-01-29,376
D05,IG-1014,2024-02-05,384
D05,IG-1014,2024-02-12,390
D05,IG-1014,2024-02-19,388
D05,IG-1014,2024-02-26,391
D05,IG-1014,2024-03-04,402
D05,IG-1014,2024-03-11,361
D05,IG-1014,2024-03-18,367
D05,IG-1014,2024-03-25,412
D05,IG-1014,2024-04-01,397
D05,IG-1014,2024-04-08,397
D05,IG-1014,2024-04-15,344
D05,IG-1014,2024-04-22,308
D05,IG-1014,2024-04-29,332
D05,IG-1014,2024-05-06,315
D05,IG-1014,2024-05-13,294
D05,IG-1014,2024-05-20,295
D05,IG-1014,2024-05-27,280
D05,IG-1014,2024-06-03,272
D05,IG-1014,2024-06-10,290
D05,IG-1014,2024-06-17,272
D05,IG-1014,2024-06-24,228
D05,IG-1014,2024-07-01,167
D05,IG-1014,2024-07-08,164
D05,IG-1014,2024-07-15,216
D05,IG-1014,2024-07-22,295
D05,IG-1014,2024-07-29,320
D05,IG-1014,2024-08-05,284
D05,IG-1014,2024-08-12,279
D05,IG-1014,2024-08-19,390
D05,IG-1014,2024-08-26,381
D05,IG-1014,2024-09-02,389
D05,IG-1014,2024-09-09,397
D05,IG-1014,2024-09-16,366
D05,IG-1014,2024-09-23,374
D05,IG-1014,2024-09-30,348
D05,IG-1014,2024-10-07,404
D05,IG-1014,2024-10-14,442
D05,IG-1014,2024-10-21,545
D05,IG-1014,2024-10-28,555
D05,IG-1014,2024-11-04,596
D05,IG-1014,2024-11-11,661
D05,IG-1014,2024-11-18,622
D05,IG-1014,2024-11-25,592
D05,IG-1014,2024-12-02,549
D05,IG-1014,2024-12-09,530
D05,IG-1014,2024-12-16,489
D05,IG-1014,2024-12-23,459
D05,IG-1014,2024-12-30,488
D05,IG-1014,2025-01-06,451
D05,IG-1014,2025-01-13,402
D05,IG-1014,2025-01-20,387
D05,IG-1014,2025-01-27,358
D05,IG-1014,2025-02-03,321
D05,IG-1014,2025-02-10,322
D05,IG-1014,2025-02-17,300
D05,IG-1014,2025-02-24,251
D05,IG-1014,2025-03-03,247
D05,IG-1014,2025-03-10,262
D05,IG-1014,2025-03-17,221
D05,IG-1014,2025-03-24,252
D05,IG-1014,2025-03-31,260
D05,IG-1014,2025-04-07,273
D05,IG-1014,2025-04-14,251
D05,IG-1014,2025-04-21,204
D05,IG-1014,2025-04-28,202
D05,IG-1014,2025-05-05,232
D05,IG-1014,2025-05-12,228
D05,IG-1014,2025-05-19,207
D05,IG-1014,2025-05-26,236
D05,IG-1014,2025-06-02,301
D05,IG-1014,2025-06-09,344
D05,IG-1014,2025-06-16,294
D05,IG-1014,2025-06-23,295
D05,IG-1014,2025-06-30,338
D05,IG-1014,2025-07-07,464
D05,IG-1014,2025-07-14,457
D05,IG-1014,2025-07-21,491
D05,IG-1014,2025-07-28,489
D05,IG-1014,2025-08-04,503
D05,IG-1014,2025-08-11,557
D05,IG-1014,2025-08-18,520
D05,IG-1014,2025-08-25,597
D05,IG-1014,2025-09-01,619
D05,IG-1014,2025-09-08,675
D05,IG-1014,2025-09-15,646
D05,IG-1014,2025-09-22,640
D05,IG-1014,2025-09-29,687
D05,IG-1014,2025-10-06,678
D05,IG-1014,2025-10-13,760
D05,IG-1014,2025-10-20,780
D05,IG-1014,2025-10-27,749
D05,IG-1014,2025-11-03,718
D05,IG-1014,2025-11-10,692
D05,IG-1014,2025-11-17,673
D05,IG-1014,2025-11-24,647
D05,IG-1014,2025-12-01,625
D05,IG-1014,2025-12-08,598
D05,IG-1014,2025-12-15,569
D05,IG-1014,2025-12-22,546
D05,IG-1014,2025-12-29,520
D05,IG-1014,2026-01-05,491
D05,IG-1014,2026-01-12,461
D05,IG-1014,2026-01-19,451
D05,IG-1014,2026-01-26,478
D05,IG-1014,2026-02-02,461
D05,IG-1014,2026-02-09,460
D05,IG-1014,2026-02-16,444
D05,IG-1014,2026-02-23,445
D05,IG-1014,2026-03-02,422
D05,IG-1014,2026-03-09,398
D05,IG-1014,2026-03-16,366
D05,IG-1014,2026-03-23,332
D05,IG-1014,2026-03-30,304
D05,IG-1014,2026-04-06,289
D05,IG-1014,2026-04-13,271
D05,IG-1014,2026-04-20,258
D05,IG-1014,2026-04-27,267
D05,IG-1014,2026-05-04,283
D05,IG-1014,2026-05-11,297
D05,IG-1014,2026-05-18,289
D05,IG-1014,2026-05-25,342
D05,IG-1014,2026-06-01,316
D05,IG-1014,2026-06-08,291
D05,IG-1014,2026-06-15,264
D05,IG-1014,2026-06-22,242
D05,PW-1032,2024-01-01,15679
D05,PW-1032,2024-01-08,16056
D05,PW-1032,2024-01-15,16320
D05,PW-1032,2024-01-22,16622
D05,PW-1032,2024-01-29,15341
D05,PW-1032,2024-02-05,15590
D05,PW-1032,2024-02-12,15511
D05,PW-1032,2024-02-19,15716
D05,PW-1032,2024-02-26,17446
D05,PW-1032,2024-03-04,17808
D05,PW-1032,2024-03-11,16765
D05,PW-1032,2024-03-18,17104
D05,PW-1032,2024-03-25,15463
D05,PW-1032,2024-04-01,13835
D05,PW-1032,2024-04-08,12303
D05,PW-1032,2024-04-15,10711
D05,PW-1032,2024-04-22,10078
D05,PW-1032,2024-04-29,8980
D05,PW-1032,2024-05-06,7045
D05,PW-1032,2024-05-13,7744
D05,PW-1032,2024-05-20,8262
D05,PW-1032,2024-05-27,7224
D05,PW-1032,2024-06-03,8283
D05,PW-1032,2024-06-10,10052
D05,PW-1032,2024-06-17,11387
D05,PW-1032,2024-06-24,12345
D05,PW-1032,2024-07-01,10294
D05,PW-1032,2024-07-08,12017
D05,PW-1032,2024-07-15,14328
D05,PW-1032,2024-07-22,14882
D05,PW-1032,2024-07-29,15401
D05,PW-1032,2024-08-05,13704
D05,PW-1032,2024-08-12,14298
D05,PW-1032,2024-08-19,16309
D05,PW-1032,2024-08-26,19096
D05,PW-1032,2024-09-02,19712
D05,PW-1032,2024-09-09,19799
D05,PW-1032,2024-09-16,19869
D05,PW-1032,2024-09-23,20558
D05,PW-1032,2024-09-30,20581
D05,PW-1032,2024-10-07,21301
D05,PW-1032,2024-10-14,22237
D05,PW-1032,2024-10-21,21068
D05,PW-1032,2024-10-28,22288
D05,PW-1032,2024-11-04,21181
D05,PW-1032,2024-11-11,20542
D05,PW-1032,2024-11-18,19134
D05,PW-1032,2024-11-25,19696
D05,PW-1032,2024-12-02,18234
D05,PW-1032,2024-12-09,16959
D05,PW-1032,2024-12-16,15311
D05,PW-1032,2024-12-23,13338
D05,PW-1032,2024-12-30,13984
D05,PW-1032,2025-01-06,15063
D05,PW-1032,2025-01-13,14575
D05,PW-1032,2025-01-20,14414
D05,PW-1032,2025-01-27,17943
D05,PW-1032,2025-02-03,18276
D05,PW-1032,2025-02-10,18963
D05,PW-1032,2025-02-17,17598
D05,PW-1032,2025-02-24,16727
D05,PW-1032,2025-03-03,15659
D05,PW-1032,2025-03-10,16056
D05,PW-1032,2025-03-17,17195
D05,PW-1032,2025-03-24,15371
D05,PW-1032,2025-03-31,13833
D05,PW-1032,2025-04-07,14054
D05,PW-1032,2025-04-14,14479
D05,PW-1032,2025-04-21,13399
D05,PW-1032,2025-04-28,14845
D05,PW-1032,2025-05-05,13563
D05,PW-1032,2025-05-12,12561
D05,PW-1032,2025-05-19,13172
D05,PW-1032,2025-05-26,13288
D05,PW-1032,2025-06-02,13126
D05,PW-1032,2025-06-09,12532
D05,PW-1032,2025-06-16,13728
D05,PW-1032,2025-06-23,12430
D05,PW-1032,2025-06-30,13191
D05,PW-1032,2025-07-07,13052
D05,PW-1032,2025-07-14,13840
D05,PW-1032,2025-07-21,15704
D05,PW-1032,2025-07-28,15389
D05,PW-1032,2025-08-04,16136
D05,PW-1032,2025-08-11,14705
D05,PW-1032,2025-08-18,14366
D05,PW-1032,2025-08-25,16822
D05,PW-1032,2025-09-01,17742
D05,PW-1032,2025-09-08,19801
D05,PW-1032,2025-09-15,18855
D05,PW-1032,2025-09-22,21966
D05,PW-1032,2025-09-29,20759
D05,PW-1032,2025-10-06,21021
D05,PW-1032,2025-10-13,19357
D05,PW-1032,2025-10-20,18357
D05,PW-1032,2025-10-27,20548
D05,PW-1032,2025-11-03,22705
D05,PW-1032,2025-11-10,23097
D05,PW-1032,2025-11-17,22132
D05,PW-1032,2025-11-24,22242
D05,PW-1032,2025-12-01,22318
D05,PW-1032,2025-12-08,23655
D05,PW-1032,2025-12-15,21904
D05,PW-1032,2025-12-22,20616
D05,PW-1032,2025-12-29,19159
D05,PW-1032,2026-01-05,17589
D05,PW-1032,2026-01-12,16901
D05,PW-1032,2026-01-19,15506
D05,PW-1032,2026-01-26,15335
D05,PW-1032,2026-02-02,13627
D05,PW-1032,2026-02-09,14838
D05,PW-1032,2026-02-16,16629
D05,PW-1032,2026-02-23,16638
D05,PW-1032,2026-03-02,14552
D05,PW-1032,2026-03-09,14126
D05,PW-1032,2026-03-16,13831
D05,PW-1032,2026-03-23,13578
D05,PW-1032,2026-03-30,13515
D05,PW-1032,2026-04-06,13714
D05,PW-1032,2026-04-13,11377
D05,PW-1032,2026-04-20,10030
D05,PW-1032,2026-04-27,13332
D05,PW-1032,2026-05-04,14029
D05,PW-1032,2026-05-11,12719
D05,PW-1032,2026-05-18,11512
D05,PW-1032,2026-05-25,15471
D05,PW-1032,2026-06-01,16773
D05,PW-1032,2026-06-08,14969
D05,PW-1032,2026-06-15,17283
D05,PW-1032,2026-06-22,16264
D05,IS-1025,2024-01-01,2437
D05,IS-1025,2024-01-08,2471
D05,IS-1025,2024-01-15,2537
D05,IS-1025,2024-01-22,2563
D05,IS-1025,2024-01-29,2537
D05,IS-1025,2024-02-05,2507
D05,IS-1025,2024-02-12,2250
D05,IS-1025,2024-02-19,2291
D05,IS-1025,2024-02-26,2284
D05,IS-1025,2024-03-04,2450
D05,IS-1025,2024-03-11,2468
D05,IS-1025,2024-03-18,2425
D05,IS-1025,2024-03-25,2288
D05,IS-1025,2024-04-01,2200
D05,IS-1025,2024-04-08,1928
D05,IS-1025,2024-04-15,1920
D05,IS-1025,2024-04-22,2019
D05,IS-1025,2024-04-29,2105
D05,IS-1025,2024-05-06,2078
D05,IS-1025,2024-05-13,1998
D05,IS-1025,2024-05-20,1770
D05,IS-1025,2024-05-27,1527
D05,IS-1025,2024-06-03,1714
D05,IS-1025,2024-06-10,2271
D05,IS-1025,2024-06-17,2375
D05,IS-1025,2024-06-24,2300
D05,IS-1025,2024-07-01,2234
D05,IS-1025,2024-07-08,2319
D05,IS-1025,2024-07-15,2292
D05,IS-1025,2024-07-22,2236
D05,IS-1025,2024-07-29,2594
D05,IS-1025,2024-08-05,2577
D05,IS-1025,2024-08-12,2539
D05,IS-1025,2024-08-19,2542
D05,IS-1025,2024-08-26,2208
D05,IS-1025,2024-09-02,2432
D05,IS-1025,2024-09-09,2359
D05,IS-1025,2024-09-16,2158
D05,IS-1025,2024-09-23,1880
D05,IS-1025,2024-09-30,2090
D05,IS-1025,2024-10-07,2093
D05,IS-1025,2024-10-14,2513
D05,IS-1025,2024-10-21,2949
D05,IS-1025,2024-10-28,2749
D05,IS-1025,2024-11-04,2639
D05,IS-1025,2024-11-11,2720
D05,IS-1025,2024-11-18,3142
D05,IS-1025,2024-11-25,3606
D05,IS-1025,2024-12-02,3675
D05,IS-1025,2024-12-09,3438
D05,IS-1025,2024-12-16,3378
D05,IS-1025,2024-12-23,3334
D05,IS-1025,2024-12-30,3271
D05,IS-1025,2025-01-06,3272
D05,IS-1025,2025-01-13,3048
D05,IS-1025,2025-01-20,2832
D05,IS-1025,2025-01-27,2621
D05,IS-1025,2025-02-03,2477
D05,IS-1025,2025-02-10,2340
D05,IS-1025,2025-02-17,2386
D05,IS-1025,2025-02-24,2084
D05,IS-1025,2025-03-03,2084
D05,IS-1025,2025-03-10,2086
D05,IS-1025,2025-03-17,2030
D05,IS-1025,2025-03-24,2383
D05,IS-1025,2025-03-31,2326
D05,IS-1025,2025-04-07,2280
D05,IS-1025,2025-04-14,2223
D05,IS-1025,2025-04-21,1877
D05,IS-1025,2025-04-28,2014
D05,IS-1025,2025-05-05,2048
D05,IS-1025,2025-05-12,1935
D05,IS-1025,2025-05-19,1994
D05,IS-1025,2025-05-26,2125
D05,IS-1025,2025-06-02,1959
D05,IS-1025,2025-06-09,2001
D05,IS-1025,2025-06-16,2051
D05,IS-1025,2025-06-23,2070
D05,IS-1025,2025-06-30,2098
D05,IS-1025,2025-07-07,2297
D05,IS-1025,2025-07-14,2417
D05,IS-1025,2025-07-21,2229
D05,IS-1025,2025-07-28,2323
D05,IS-1025,2025-08-04,2190
D05,IS-1025,2025-08-11,2199
D05,IS-1025,2025-08-18,1932
D05,IS-1025,2025-08-25,2197
D05,IS-1025,2025-09-01,2214
D05,IS-1025,2025-09-08,2515
D05,IS-1025,2025-09-15,2613
D05,IS-1025,2025-09-22,2290
D05,IS-1025,2025-09-29,2382
D05,IS-1025,2025-10-06,2768
D05,IS-1025,2025-10-13,3246
D05,IS-1025,2025-10-20,3474
D05,IS-1025,2025-10-27,3337
D05,IS-1025,2025-11-03,3177
D05,IS-1025,2025-11-10,3330
D05,IS-1025,2025-11-17,3374
D05,IS-1025,2025-11-24,3288
D05,IS-1025,2025-12-01,3063
D05,IS-1025,2025-12-08,2843
D05,IS-1025,2025-12-15,2640
D05,IS-1025,2025-12-22,2602
D05,IS-1025,2025-12-29,2758
D05,IS-1025,2026-01-05,2525
D05,IS-1025,2026-01-12,2431
D05,IS-1025,2026-01-19,2270
D05,IS-1025,2026-01-26,2309
D05,IS-1025,2026-02-02,2372
D05,IS-1025,2026-02-09,2141
D05,IS-1025,2026-02-16,2303
D05,IS-1025,2026-02-23,2201
D05,IS-1025,2026-03-02,2346
D05,IS-1025,2026-03-09,2295
D05,IS-1025,2026-03-16,2261
D05,IS-1025,2026-03-23,2073
D05,IS-1025,2026-03-30,2002
D05,IS-1025,2026-04-06,1939
D05,IS-1025,2026-04-13,1833
D05,IS-1025,2026-04-20,1692
D05,IS-1025,2026-04-27,1842
D05,IS-1025,2026-05-04,1890
D05,IS-1025,2026-05-11,2179
D05,IS-1025,2026-05-18,2071
D05,IS-1025,2026-05-25,1922
D05,IS-1025,2026-06-01,1812
D05,IS-1025,2026-06-08,1888
D05,IS-1025,2026-06-15,1625
D05,IS-1025,2026-06-22,1452
D05,SC-1020,2024-01-01,3692
D05,SC-1020,2024-01-08,3708
D05,SC-1020,2024-01-15,3403
D05,SC-1020,2024-01-22,3382
D05,SC-1020,2024-01-29,3260
D05,SC-1020,2024-02-05,3712
D05,SC-1020,2024-02-12,3662
D05,SC-1020,2024-02-19,3524
D05,SC-1020,2024-02-26,3411
D05,SC-1020,2024-03-04,3336
D05,SC-1020,2024-03-11,3318
D05,SC-1020,2024-03-18,3319
D05,SC-1020,2024-03-25,3050
D05,SC-1020,2024-04-01,2969
D05,SC-1020,2024-04-08,2805
D05,SC-1020,2024-04-15,2881
D05,SC-1020,2024-04-22,2972
D05,SC-1020,2024-04-29,2918
D05,SC-1020,2024-05-06,2831
D05,SC-1020,2024-05-13,2789
D05,SC-1020,2024-05-20,3276
D05,SC-1020,2024-05-27,2898
D05,SC-1020,2024-06-03,2522
D05,SC-1020,2024-06-10,2389
D05,SC-1020,2024-06-17,2189
D05,SC-1020,2024-06-24,2327
D05,SC-1020,2024-07-01,2441
D05,SC-1020,2024-07-08,2956
D05,SC-1020,2024-07-15,3375
D05,SC-1020,2024-07-22,3741
D05,SC-1020,2024-07-29,3846
D05,SC-1020,2024-08-05,3754
D05,SC-1020,2024-08-12,4438
D05,SC-1020,2024-08-19,4546
D05,SC-1020,2024-08-26,4395
D05,SC-1020,2024-09-02,4006
D05,SC-1020,2024-09-09,3834
D05,SC-1020,2024-09-16,3322
D05,SC-1020,2024-09-23,3917
D05,SC-1020,2024-09-30,4085
D05,SC-1020,2024-10-07,3630
D05,SC-1020,2024-10-14,4387
D05,SC-1020,2024-10-21,4550
D05,SC-1020,2024-10-28,4862
D05,SC-1020,2024-11-04,4689
D05,SC-1020,2024-11-11,4448
D05,SC-1020,2024-11-18,4253
D05,SC-1020,2024-11-25,4262
D05,SC-1020,2024-12-02,4278
D05,SC-1020,2024-12-09,3898
D05,SC-1020,2024-12-16,3841
D05,SC-1020,2024-12-23,3436
D05,SC-1020,2024-12-30,3091
D05,SC-1020,2025-01-06,3539
D05,SC-1020,2025-01-13,3703
D05,SC-1020,2025-01-20,4317
D05,SC-1020,2025-01-27,4531
D05,SC-1020,2025-02-03,5159
D05,SC-1020,2025-02-10,4843
D05,SC-1020,2025-02-17,4790
D05,SC-1020,2025-02-24,4272
D05,SC-1020,2025-03-03,3857
D05,SC-1020,2025-03-10,5150
D05,SC-1020,2025-03-17,4640
D05,SC-1020,2025-03-24,4160
D05,SC-1020,2025-03-31,3598
D05,SC-1020,2025-04-07,3327
D05,SC-1020,2025-04-14,3098
D05,SC-1020,2025-04-21,2922
D05,SC-1020,2025-04-28,2780
D05,SC-1020,2025-05-05,2533
D05,SC-1020,2025-05-12,2402
D05,SC-1020,2025-05-19,2881
D05,SC-1020,2025-05-26,2418
D05,SC-1020,2025-06-02,2017
D05,SC-1020,2025-06-09,2821
D05,SC-1020,2025-06-16,2564
D05,SC-1020,2025-06-23,2180
D05,SC-1020,2025-06-30,1779
D05,SC-1020,2025-07-07,1850
D05,SC-1020,2025-07-14,2276
D05,SC-1020,2025-07-21,2352
D05,SC-1020,2025-07-28,2991
D05,SC-1020,2025-08-04,2639
D05,SC-1020,2025-08-11,2277
D05,SC-1020,2025-08-18,3405
D05,SC-1020,2025-08-25,3003
D05,SC-1020,2025-09-01,2603
D05,SC-1020,2025-09-08,2797
D05,SC-1020,2025-09-15,4009
D05,SC-1020,2025-09-22,5915
D05,SC-1020,2025-09-29,5876
D05,SC-1020,2025-10-06,5414
D05,SC-1020,2025-10-13,5046
D05,SC-1020,2025-10-20,4708
D05,SC-1020,2025-10-27,5190
D05,SC-1020,2025-11-03,5479
D05,SC-1020,2025-11-10,5230
D05,SC-1020,2025-11-17,6056
D05,SC-1020,2025-11-24,5777
D05,SC-1020,2025-12-01,5532
D05,SC-1020,2025-12-08,5811
D05,SC-1020,2025-12-15,5507
D05,SC-1020,2025-12-22,5212
D05,SC-1020,2025-12-29,6326
D05,SC-1020,2026-01-05,6029
D05,SC-1020,2026-01-12,5790
D05,SC-1020,2026-01-19,6448
D05,SC-1020,2026-01-26,6203
D05,SC-1020,2026-02-02,5973
D05,SC-1020,2026-02-09,5893
D05,SC-1020,2026-02-16,5669
D05,SC-1020,2026-02-23,5379
D05,SC-1020,2026-03-02,5157
D05,SC-1020,2026-03-09,4844
D05,SC-1020,2026-03-16,4553
D05,SC-1020,2026-03-23,4329
D05,SC-1020,2026-03-30,4028
D05,SC-1020,2026-04-06,3752
D05,SC-1020,2026-04-13,3421
D05,SC-1020,2026-04-20,3144
D05,SC-1020,2026-04-27,2923
D05,SC-1020,2026-05-04,2656
D05,SC-1020,2026-05-11,2378
D05,SC-1020,2026-05-18,2612
D05,SC-1020,2026-05-25,2300
D05,SC-1020,2026-06-01,1963
D05,SC-1020,2026-06-08,1652
D05,SC-1020,2026-06-15,1655
D05,SC-1020,2026-06-22,1550
D05,PM-1004,2024-01-01,24663
D05,PM-1004,2024-01-08,24778
D05,PM-1004,2024-01-15,24554
D05,PM-1004,2024-01-22,24360
D05,PM-1004,2024-01-29,24408
D05,PM-1004,2024-02-05,22364
D05,PM-1004,2024-02-12,23276
D05,PM-1004,2024-02-19,22881
D05,PM-1004,2024-02-26,24806
D05,PM-1004,2024-03-04,25097
D05,PM-1004,2024-03-11,23703
D05,PM-1004,2024-03-18,23922
D05,PM-1004,2024-03-25,24656
D05,PM-1004,2024-04-01,21991
D05,PM-1004,2024-04-08,22195
D05,PM-1004,2024-04-15,23267
D05,PM-1004,2024-04-22,20795
D05,PM-1004,2024-04-29,21318
D05,PM-1004,2024-05-06,22873
D05,PM-1004,2024-05-13,21803
D05,PM-1004,2024-05-20,22305
D05,PM-1004,2024-05-27,19690
D05,PM-1004,2024-06-03,19921
D05,PM-1004,2024-06-10,21640
D05,PM-1004,2024-06-17,23450
D05,PM-1004,2024-06-24,25247
D05,PM-1004,2024-07-01,23575
D05,PM-1004,2024-07-08,25462
D05,PM-1004,2024-07-15,25246
D05,PM-1004,2024-07-22,29526
D05,PM-1004,2024-07-29,30737
D05,PM-1004,2024-08-05,30899
D05,PM-1004,2024-08-12,32293
D05,PM-1004,2024-08-19,29730
D05,PM-1004,2024-08-26,26960
D05,PM-1004,2024-09-02,25418
D05,PM-1004,2024-09-09,25743
D05,PM-1004,2024-09-16,28769
D05,PM-1004,2024-09-23,27384
D05,PM-1004,2024-09-30,26626
D05,PM-1004,2024-10-07,26954
D05,PM-1004,2024-10-14,26893
D05,PM-1004,2024-10-21,27222
D05,PM-1004,2024-10-28,27131
D05,PM-1004,2024-11-04,28227
D05,PM-1004,2024-11-11,26897
D05,PM-1004,2024-11-18,25969
D05,PM-1004,2024-11-25,28056
D05,PM-1004,2024-12-02,30665
D05,PM-1004,2024-12-09,30985
D05,PM-1004,2024-12-16,29718
D05,PM-1004,2024-12-23,29518
D05,PM-1004,2024-12-30,28525
D05,PM-1004,2025-01-06,28772
D05,PM-1004,2025-01-13,26755
D05,PM-1004,2025-01-20,26200
D05,PM-1004,2025-01-27,23581
D05,PM-1004,2025-02-03,22046
D05,PM-1004,2025-02-10,22407
D05,PM-1004,2025-02-17,20256
D05,PM-1004,2025-02-24,19889
D05,PM-1004,2025-03-03,20851
D05,PM-1004,2025-03-10,20715
D05,PM-1004,2025-03-17,19812
D05,PM-1004,2025-03-24,17830
D05,PM-1004,2025-03-31,20617
D05,PM-1004,2025-04-07,20954
D05,PM-1004,2025-04-14,23708
D05,PM-1004,2025-04-21,25053
D05,PM-1004,2025-04-28,22362
D05,PM-1004,2025-05-05,22766
D05,PM-1004,2025-05-12,21935
D05,PM-1004,2025-05-19,21932
D05,PM-1004,2025-05-26,20225
D05,PM-1004,2025-06-02,22952
D05,PM-1004,2025-06-09,21099
D05,PM-1004,2025-06-16,22021
D05,PM-1004,2025-06-23,22084
D05,PM-1004,2025-06-30,21090
D05,PM-1004,2025-07-07,24287
D05,PM-1004,2025-07-14,26640
D05,PM-1004,2025-07-21,26927
D05,PM-1004,2025-07-28,25410
D05,PM-1004,2025-08-04,22629
D05,PM-1004,2025-08-11,21631
D05,PM-1004,2025-08-18,27196
D05,PM-1004,2025-08-25,26392
D05,PM-1004,2025-09-01,25032
D05,PM-1004,2025-09-08,23676
D05,PM-1004,2025-09-15,25243
D05,PM-1004,2025-09-22,27864
D05,PM-1004,2025-09-29,26261
D05,PM-1004,2025-10-06,27083
D05,PM-1004,2025-10-13,27154
D05,PM-1004,2025-10-20,27754
D05,PM-1004,2025-10-27,25244
D05,PM-1004,2025-11-03,29019
D05,PM-1004,2025-11-10,27935
D05,PM-1004,2025-11-17,25179
D05,PM-1004,2025-11-24,25903
D05,PM-1004,2025-12-01,25900
D05,PM-1004,2025-12-08,23827
D05,PM-1004,2025-12-15,22521
D05,PM-1004,2025-12-22,22654
D05,PM-1004,2025-12-29,21911
D05,PM-1004,2026-01-05,20295
D05,PM-1004,2026-01-12,21287
D05,PM-1004,2026-01-19,21955
D05,PM-1004,2026-01-26,23289
D05,PM-1004,2026-02-02,23247
D05,PM-1004,2026-02-09,21465
D05,PM-1004,2026-02-16,20651
D05,PM-1004,2026-02-23,24540
D05,PM-1004,2026-03-02,22561
D05,PM-1004,2026-03-09,23369
D05,PM-1004,2026-03-16,24578
D05,PM-1004,2026-03-23,21662
D05,PM-1004,2026-03-30,21761
D05,PM-1004,2026-04-06,21645
D05,PM-1004,2026-04-13,21630
D05,PM-1004,2026-04-20,20052
D05,PM-1004,2026-04-27,19597
D05,PM-1004,2026-05-04,20553
D05,PM-1004,2026-05-11,22042
D05,PM-1004,2026-05-18,24187
D05,PM-1004,2026-05-25,26365
D05,PM-1004,2026-06-01,28212
D05,PM-1004,2026-06-08,26878
D05,PM-1004,2026-06-15,27524
D05,PM-1004,2026-06-22,27948
D05,IS-1022,2024-01-01,3687
D05,IS-1022,2024-01-08,3664
D05,IS-1022,2024-01-15,3706
D05,IS-1022,2024-01-22,3552
D05,IS-1022,2024-01-29,3347
D05,IS-1022,2024-02-05,3664
D05,IS-1022,2024-02-12,3615
D05,IS-1022,2024-02-19,3586
D05,IS-1022,2024-02-26,3544
D05,IS-1022,2024-03-04,3481
D05,IS-1022,2024-03-11,3145
D05,IS-1022,2024-03-18,3510
D05,IS-1022,2024-03-25,3103
D05,IS-1022,2024-04-01,3211
D05,IS-1022,2024-04-08,2997
D05,IS-1022,2024-04-15,3049
D05,IS-1022,2024-04-22,3093
D05,IS-1022,2024-04-29,3085
D05,IS-1022,2024-05-06,2941
D05,IS-1022,2024-05-13,2995
D05,IS-1022,2024-05-20,3375
D05,IS-1022,2024-05-27,3691
D05,IS-1022,2024-06-03,3519
D05,IS-1022,2024-06-10,3327
D05,IS-1022,2024-06-17,3540
D05,IS-1022,2024-06-24,3347
D05,IS-1022,2024-07-01,2980
D05,IS-1022,2024-07-08,2582
D05,IS-1022,2024-07-15,2617
D05,IS-1022,2024-07-22,2779
D05,IS-1022,2024-07-29,3094
D05,IS-1022,2024-08-05,3505
D05,IS-1022,2024-08-12,3378
D05,IS-1022,2024-08-19,3579
D05,IS-1022,2024-08-26,3110
D05,IS-1022,2024-09-02,2688
D05,IS-1022,2024-09-09,3047
D05,IS-1022,2024-09-16,3054
D05,IS-1022,2024-09-23,3583
D05,IS-1022,2024-09-30,4403
D05,IS-1022,2024-10-07,4130
D05,IS-1022,2024-10-14,4375
D05,IS-1022,2024-10-21,4284
D05,IS-1022,2024-10-28,4490
D05,IS-1022,2024-11-04,4516
D05,IS-1022,2024-11-11,4725
D05,IS-1022,2024-11-18,4830
D05,IS-1022,2024-11-25,4860
D05,IS-1022,2024-12-02,4935
D05,IS-1022,2024-12-09,4541
D05,IS-1022,2024-12-16,4318
D05,IS-1022,2024-12-23,4352
D05,IS-1022,2024-12-30,4402
D05,IS-1022,2025-01-06,4136
D05,IS-1022,2025-01-13,3773
D05,IS-1022,2025-01-20,3894
D05,IS-1022,2025-01-27,4159
D05,IS-1022,2025-02-03,3891
D05,IS-1022,2025-02-10,3919
D05,IS-1022,2025-02-17,3820
D05,IS-1022,2025-02-24,3522
D05,IS-1022,2025-03-03,3689
D05,IS-1022,2025-03-10,3830
D05,IS-1022,2025-03-17,3354
D05,IS-1022,2025-03-24,3148
D05,IS-1022,2025-03-31,3228
D05,IS-1022,2025-04-07,3243
D05,IS-1022,2025-04-14,3472
D05,IS-1022,2025-04-21,3530
D05,IS-1022,2025-04-28,3315
D05,IS-1022,2025-05-05,3325
D05,IS-1022,2025-05-12,3638
D05,IS-1022,2025-05-19,3520
D05,IS-1022,2025-05-26,3581
D05,IS-1022,2025-06-02,3342
D05,IS-1022,2025-06-09,3746
D05,IS-1022,2025-06-16,3391
D05,IS-1022,2025-06-23,3373
D05,IS-1022,2025-06-30,3389
D05,IS-1022,2025-07-07,3072
D05,IS-1022,2025-07-14,3643
D05,IS-1022,2025-07-21,3571
D05,IS-1022,2025-07-28,3814
D05,IS-1022,2025-08-04,3795
D05,IS-1022,2025-08-11,3735
D05,IS-1022,2025-08-18,3854
D05,IS-1022,2025-08-25,3964
D05,IS-1022,2025-09-01,3973
D05,IS-1022,2025-09-08,3890
D05,IS-1022,2025-09-15,3944
D05,IS-1022,2025-09-22,4019
D05,IS-1022,2025-09-29,3994
D05,IS-1022,2025-10-06,3609
D05,IS-1022,2025-10-13,3797
D05,IS-1022,2025-10-20,3765
D05,IS-1022,2025-10-27,3850
D05,IS-1022,2025-11-03,4213
D05,IS-1022,2025-11-10,3961
D05,IS-1022,2025-11-17,3724
D05,IS-1022,2025-11-24,3436
D05,IS-1022,2025-12-01,3276
D05,IS-1022,2025-12-08,3966
D05,IS-1022,2025-12-15,3756
D05,IS-1022,2025-12-22,4157
D05,IS-1022,2025-12-29,4125
D05,IS-1022,2026-01-05,4012
D05,IS-1022,2026-01-12,3986
D05,IS-1022,2026-01-19,3597
D05,IS-1022,2026-01-26,3508
D05,IS-1022,2026-02-02,3198
D05,IS-1022,2026-02-09,2891
D05,IS-1022,2026-02-16,2477
D05,IS-1022,2026-02-23,2028
D05,IS-1022,2026-03-02,2209
D05,IS-1022,2026-03-09,1849
D05,IS-1022,2026-03-16,1954
D05,IS-1022,2026-03-23,2058
D05,IS-1022,2026-03-30,1936
D05,IS-1022,2026-04-06,2961
D05,IS-1022,2026-04-13,3315
D05,IS-1022,2026-04-20,3015
D05,IS-1022,2026-04-27,2883
D05,IS-1022,2026-05-04,3075
D05,IS-1022,2026-05-11,2785
D05,IS-1022,2026-05-18,3234
D05,IS-1022,2026-05-25,3590
D05,IS-1022,2026-06-01,3424
D05,IS-1022,2026-06-08,3020
D05,IS-1022,2026-06-15,3236
D05,IS-1022,2026-06-22,3551
D05,LD-1041,2024-01-01,34027
D05,LD-1041,2024-01-08,31442
D05,LD-1041,2024-01-15,30639
D05,LD-1041,2024-01-22,31129
D05,LD-1041,2024-01-29,34350
D05,LD-1041,2024-02-05,33656
D05,LD-1041,2024-02-12,32775
D05,LD-1041,2024-02-19,32675
D05,LD-1041,2024-02-26,35826
D05,LD-1041,2024-03-04,33567
D05,LD-1041,2024-03-11,35865
D05,LD-1041,2024-03-18,32692
D05,LD-1041,2024-03-25,30834
D05,LD-1041,2024-04-01,31284
D05,LD-1041,2024-04-08,30548
D05,LD-1041,2024-04-15,29695
D05,LD-1041,2024-04-22,32718
D05,LD-1041,2024-04-29,33808
D05,LD-1041,2024-05-06,29799
D05,LD-1041,2024-05-13,30275
D05,LD-1041,2024-05-20,27861
D05,LD-1041,2024-05-27,29688
D05,LD-1041,2024-06-03,29382
D05,LD-1041,2024-06-10,31540
D05,LD-1041,2024-06-17,28828
D05,LD-1041,2024-06-24,30204
D05,LD-1041,2024-07-01,33795
D05,LD-1041,2024-07-08,37747
D05,LD-1041,2024-07-15,38753
D05,LD-1041,2024-07-22,37238
D05,LD-1041,2024-07-29,32073
D05,LD-1041,2024-08-05,33116
D05,LD-1041,2024-08-12,36806
D05,LD-1041,2024-08-19,33753
D05,LD-1041,2024-08-26,35613
D05,LD-1041,2024-09-02,35251
D05,LD-1041,2024-09-09,34626
D05,LD-1041,2024-09-16,36190
D05,LD-1041,2024-09-23,40024
D05,LD-1041,2024-09-30,40393
D05,LD-1041,2024-10-07,40241
D05,LD-1041,2024-10-14,38612
D05,LD-1041,2024-10-21,38462
D05,LD-1041,2024-10-28,35841
D05,LD-1041,2024-11-04,35856
D05,LD-1041,2024-11-11,35803
D05,LD-1041,2024-11-18,37920
D05,LD-1041,2024-11-25,36964
D05,LD-1041,2024-12-02,36618
D05,LD-1041,2024-12-09,33369
D05,LD-1041,2024-12-16,29887
D05,LD-1041,2024-12-23,29077
D05,LD-1041,2024-12-30,37410
D05,LD-1041,2025-01-06,35258
D05,LD-1041,2025-01-13,30531
D05,LD-1041,2025-01-20,28737
D05,LD-1041,2025-01-27,29691
D05,LD-1041,2025-02-03,28726
D05,LD-1041,2025-02-10,32973
D05,LD-1041,2025-02-17,30625
D05,LD-1041,2025-02-24,30785
D05,LD-1041,2025-03-03,30172
D05,LD-1041,2025-03-10,35163
D05,LD-1041,2025-03-17,34915
D05,LD-1041,2025-03-24,36805
D05,LD-1041,2025-03-31,34689
D05,LD-1041,2025-04-07,33615
D05,LD-1041,2025-04-14,34753
D05,LD-1041,2025-04-21,31591
D05,LD-1041,2025-04-28,27821
D05,LD-1041,2025-05-05,29164
D05,LD-1041,2025-05-12,29945
D05,LD-1041,2025-05-19,28843
D05,LD-1041,2025-05-26,31670
D05,LD-1041,2025-06-02,32887
D05,LD-1041,2025-06-09,29120
D05,LD-1041,2025-06-16,33092
D05,LD-1041,2025-06-23,33721
D05,LD-1041,2025-06-30,33263
D05,LD-1041,2025-07-07,33524
D05,LD-1041,2025-07-14,36339
D05,LD-1041,2025-07-21,37995
D05,LD-1041,2025-07-28,36560
D05,LD-1041,2025-08-04,45356
D05,LD-1041,2025-08-11,42095
D05,LD-1041,2025-08-18,40365
D05,LD-1041,2025-08-25,39318
D05,LD-1041,2025-09-01,37998
D05,LD-1041,2025-09-08,35174
D05,LD-1041,2025-09-15,32649
D05,LD-1041,2025-09-22,33850
D05,LD-1041,2025-09-29,30981
D05,LD-1041,2025-10-06,32008
D05,LD-1041,2025-10-13,32615
D05,LD-1041,2025-10-20,29323
D05,LD-1041,2025-10-27,29323
D05,LD-1041,2025-11-03,29227
D05,LD-1041,2025-11-10,34186
D05,LD-1041,2025-11-17,39287
D05,LD-1041,2025-11-24,37280
D05,LD-1041,2025-12-01,36193
D05,LD-1041,2025-12-08,33657
D05,LD-1041,2025-12-15,37884
D05,LD-1041,2025-12-22,39175
D05,LD-1041,2025-12-29,37857
D05,LD-1041,2026-01-05,36129
D05,LD-1041,2026-01-12,37174
D05,LD-1041,2026-01-19,37350
D05,LD-1041,2026-01-26,35895
D05,LD-1041,2026-02-02,33357
D05,LD-1041,2026-02-09,31319
D05,LD-1041,2026-02-16,31454
D05,LD-1041,2026-02-23,32817
D05,LD-1041,2026-03-02,30564
D05,LD-1041,2026-03-09,28248
D05,LD-1041,2026-03-16,26455
D05,LD-1041,2026-03-23,28451
D05,LD-1041,2026-03-30,31086
D05,LD-1041,2026-04-06,31071
D05,LD-1041,2026-04-13,28094
D05,LD-1041,2026-04-20,25007
D05,LD-1041,2026-04-27,28872
D05,LD-1041,2026-05-04,29606
D05,LD-1041,2026-05-11,31848
D05,LD-1041,2026-05-18,30753
D05,LD-1041,2026-05-25,29958
D05,LD-1041,2026-06-01,28768
D05,LD-1041,2026-06-08,31249
D05,LD-1041,2026-06-15,35603
D05,LD-1041,2026-06-22,32376
D05,SC-1019,2024-01-01,2942
D05,SC-1019,2024-01-08,2916
D05,SC-1019,2024-01-15,2973
D05,SC-1019,2024-01-22,3016
D05,SC-1019,2024-01-29,2943
D05,SC-1019,2024-02-05,2826
D05,SC-1019,2024-02-12,2810
D05,SC-1019,2024-02-19,2603
D05,SC-1019,2024-02-26,2610
D05,SC-1019,2024-03-04,2540
D05,SC-1019,2024-03-11,2569
D05,SC-1019,2024-03-18,2530
D05,SC-1019,2024-03-25,2565
D05,SC-1019,2024-04-01,2509
D05,SC-1019,2024-04-08,2511
D05,SC-1019,2024-04-15,2523
D05,SC-1019,2024-04-22,2404
D05,SC-1019,2024-04-29,2336
D05,SC-1019,2024-05-06,2333
D05,SC-1019,2024-05-13,2321
D05,SC-1019,2024-05-20,2495
D05,SC-1019,2024-05-27,2628
D05,SC-1019,2024-06-03,2361
D05,SC-1019,2024-06-10,2088
D05,SC-1019,2024-06-17,2374
D05,SC-1019,2024-06-24,2917
D05,SC-1019,2024-07-01,3012
D05,SC-1019,2024-07-08,2548
D05,SC-1019,2024-07-15,2195
D05,SC-1019,2024-07-22,3539
D05,SC-1019,2024-07-29,3589
D05,SC-1019,2024-08-05,4045
D05,SC-1019,2024-08-12,3675
D05,SC-1019,2024-08-19,3358
D05,SC-1019,2024-08-26,2938
D05,SC-1019,2024-09-02,2632
D05,SC-1019,2024-09-09,2660
D05,SC-1019,2024-09-16,2734
D05,SC-1019,2024-09-23,2397
D05,SC-1019,2024-09-30,2581
D05,SC-1019,2024-10-07,2649
D05,SC-1019,2024-10-14,2399
D05,SC-1019,2024-10-21,2491
D05,SC-1019,2024-10-28,2827
D05,SC-1019,2024-11-04,2598
D05,SC-1019,2024-11-11,2279
D05,SC-1019,2024-11-18,2358
D05,SC-1019,2024-11-25,3053
D05,SC-1019,2024-12-02,3617
D05,SC-1019,2024-12-09,4084
D05,SC-1019,2024-12-16,4185
D05,SC-1019,2024-12-23,3797
D05,SC-1019,2024-12-30,3887
D05,SC-1019,2025-01-06,3851
D05,SC-1019,2025-01-13,4862
D05,SC-1019,2025-01-20,4506
D05,SC-1019,2025-01-27,4323
D05,SC-1019,2025-02-03,3905
D05,SC-1019,2025-02-10,3899
D05,SC-1019,2025-02-17,4337
D05,SC-1019,2025-02-24,3922
D05,SC-1019,2025-03-03,4245
D05,SC-1019,2025-03-10,3927
D05,SC-1019,2025-03-17,3618
D05,SC-1019,2025-03-24,3410
D05,SC-1019,2025-03-31,3585
D05,SC-1019,2025-04-07,3145
D05,SC-1019,2025-04-14,2787
D05,SC-1019,2025-04-21,2797
D05,SC-1019,2025-04-28,2390
D05,SC-1019,2025-05-05,2281
D05,SC-1019,2025-05-12,2394
D05,SC-1019,2025-05-19,2171
D05,SC-1019,2025-05-26,2278
D05,SC-1019,2025-06-02,1856
D05,SC-1019,2025-06-09,1840
D05,SC-1019,2025-06-16,2546
D05,SC-1019,2025-06-23,2971
D05,SC-1019,2025-06-30,2597
D05,SC-1019,2025-07-07,2861
D05,SC-1019,2025-07-14,3391
D05,SC-1019,2025-07-21,3457
D05,SC-1019,2025-07-28,3388
D05,SC-1019,2025-08-04,3682
D05,SC-1019,2025-08-11,3366
D05,SC-1019,2025-08-18,3140
D05,SC-1019,2025-08-25,2885
D05,SC-1019,2025-09-01,2625
D05,SC-1019,2025-09-08,2851
D05,SC-1019,2025-09-15,2544
D05,SC-1019,2025-09-22,2801
D05,SC-1019,2025-09-29,2566
D05,SC-1019,2025-10-06,2211
D05,SC-1019,2025-10-13,1953
D05,SC-1019,2025-10-20,3186
D05,SC-1019,2025-10-27,2946
D05,SC-1019,2025-11-03,3176
D05,SC-1019,2025-11-10,3203
D05,SC-1019,2025-11-17,3134
D05,SC-1019,2025-11-24,3234
D05,SC-1019,2025-12-01,3372
D05,SC-1019,2025-12-08,3160
D05,SC-1019,2025-12-15,4263
D05,SC-1019,2025-12-22,4044
D05,SC-1019,2025-12-29,4428
D05,SC-1019,2026-01-05,4212
D05,SC-1019,2026-01-12,5329
D05,SC-1019,2026-01-19,5055
D05,SC-1019,2026-01-26,4777
D05,SC-1019,2026-02-02,4589
D05,SC-1019,2026-02-09,4410
D05,SC-1019,2026-02-16,4156
D05,SC-1019,2026-02-23,4409
D05,SC-1019,2026-03-02,4218
D05,SC-1019,2026-03-09,3987
D05,SC-1019,2026-03-16,3726
D05,SC-1019,2026-03-23,3520
D05,SC-1019,2026-03-30,3312
D05,SC-1019,2026-04-06,3101
D05,SC-1019,2026-04-13,2864
D05,SC-1019,2026-04-20,2647
D05,SC-1019,2026-04-27,2403
D05,SC-1019,2026-05-04,2193
D05,SC-1019,2026-05-11,1918
D05,SC-1019,2026-05-18,1669
D05,SC-1019,2026-05-25,1692
D05,SC-1019,2026-06-01,1788
D05,SC-1019,2026-06-08,1603
D05,SC-1019,2026-06-15,1940
D05,SC-1019,2026-06-22,1811
D06,IS-1026,2024-01-01,643
D06,IS-1026,2024-01-08,639
D06,IS-1026,2024-01-15,628
D06,IS-1026,2024-01-22,626
D06,IS-1026,2024-01-29,622
D06,IS-1026,2024-02-05,595
D06,IS-1026,2024-02-12,535
D06,IS-1026,2024-02-19,572
D06,IS-1026,2024-02-26,569
D06,IS-1026,2024-03-04,563
D06,IS-1026,2024-03-11,556
D06,IS-1026,2024-03-18,542
D06,IS-1026,2024-03-25,730
D06,IS-1026,2024-04-01,665
D06,IS-1026,2024-04-08,639
D06,IS-1026,2024-04-15,603
D06,IS-1026,2024-04-22,527
D06,IS-1026,2024-04-29,566
D06,IS-1026,2024-05-06,557
D06,IS-1026,2024-05-13,545
D06,IS-1026,2024-05-20,521
D06,IS-1026,2024-05-27,486
D06,IS-1026,2024-06-03,452
D06,IS-1026,2024-06-10,453
D06,IS-1026,2024-06-17,431
D06,IS-1026,2024-06-24,414
D06,IS-1026,2024-07-01,442
D06,IS-1026,2024-07-08,587
D06,IS-1026,2024-07-15,615
D06,IS-1026,2024-07-22,647
D06,IS-1026,2024-07-29,637
D06,IS-1026,2024-08-05,601
D06,IS-1026,2024-08-12,639
D06,IS-1026,2024-08-19,724
D06,IS-1026,2024-08-26,769
D06,IS-1026,2024-09-02,849
D06,IS-1026,2024-09-09,809
D06,IS-1026,2024-09-16,790
D06,IS-1026,2024-09-23,811
D06,IS-1026,2024-09-30,852
D06,IS-1026,2024-10-07,830
D06,IS-1026,2024-10-14,823
D06,IS-1026,2024-10-21,768
D06,IS-1026,2024-10-28,701
D06,IS-1026,2024-11-04,623
D06,IS-1026,2024-11-11,618
D06,IS-1026,2024-11-18,553
D06,IS-1026,2024-11-25,707
D06,IS-1026,2024-12-02,754
D06,IS-1026,2024-12-09,663
D06,IS-1026,2024-12-16,706
D06,IS-1026,2024-12-23,750
D06,IS-1026,2024-12-30,682
D06,IS-1026,2025-01-06,679
D06,IS-1026,2025-01-13,761
D06,IS-1026,2025-01-20,742
D06,IS-1026,2025-01-27,732
D06,IS-1026,2025-02-03,654
D06,IS-1026,2025-02-10,654
D06,IS-1026,2025-02-17,593
D06,IS-1026,2025-02-24,514
D06,IS-1026,2025-03-03,439
D06,IS-1026,2025-03-10,427
D06,IS-1026,2025-03-17,417
D06,IS-1026,2025-03-24,548
D06,IS-1026,2025-03-31,548
D06,IS-1026,2025-04-07,580
D06,IS-1026,2025-04-14,509
D06,IS-1026,2025-04-21,497
D06,IS-1026,2025-04-28,478
D06,IS-1026,2025-05-05,609
D06,IS-1026,2025-05-12,603
D06,IS-1026,2025-05-19,634
D06,IS-1026,2025-05-26,728
D06,IS-1026,2025-06-02,715
D06,IS-1026,2025-06-09,700
D06,IS-1026,2025-06-16,662
D06,IS-1026,2025-06-23,583
D06,IS-1026,2025-06-30,546
D06,IS-1026,2025-07-07,583
D06,IS-1026,2025-07-14,568
D06,IS-1026,2025-07-21,547
D06,IS-1026,2025-07-28,578
D06,IS-1026,2025-08-04,549
D06,IS-1026,2025-08-11,576
D06,IS-1026,2025-08-18,550
D06,IS-1026,2025-08-25,538
D06,IS-1026,2025-09-01,515
D06,IS-1026,2025-09-08,606
D06,IS-1026,2025-09-15,615
D06,IS-1026,2025-09-22,605
D06,IS-1026,2025-09-29,642
D06,IS-1026,2025-10-06,623
D06,IS-1026,2025-10-13,736
D06,IS-1026,2025-10-20,715
D06,IS-1026,2025-10-27,762
D06,IS-1026,2025-11-03,792
D06,IS-1026,2025-11-10,795
D06,IS-1026,2025-11-17,741
D06,IS-1026,2025-11-24,688
D06,IS-1026,2025-12-01,683
D06,IS-1026,2025-12-08,867
D06,IS-1026,2025-12-15,797
D06,IS-1026,2025-12-22,776
D06,IS-1026,2025-12-29,771
D06,IS-1026,2026-01-05,823
D06,IS-1026,2026-01-12,859
D06,IS-1026,2026-01-19,797
D06,IS-1026,2026-01-26,800
D06,IS-1026,2026-02-02,792
D06,IS-1026,2026-02-09,739
D06,IS-1026,2026-02-16,693
D06,IS-1026,2026-02-23,629
D06,IS-1026,2026-03-02,571
D06,IS-1026,2026-03-09,612
D06,IS-1026,2026-03-16,646
D06,IS-1026,2026-03-23,596
D06,IS-1026,2026-03-30,590
D06,IS-1026,2026-04-06,620
D06,IS-1026,2026-04-13,646
D06,IS-1026,2026-04-20,612
D06,IS-1026,2026-04-27,540
D06,IS-1026,2026-05-04,464
D06,IS-1026,2026-05-11,393
D06,IS-1026,2026-05-18,413
D06,IS-1026,2026-05-25,403
D06,IS-1026,2026-06-01,389
D06,IS-1026,2026-06-08,419
D06,IS-1026,2026-06-15,398
D06,IS-1026,2026-06-22,389
D06,IG-1014,2024-01-01,302
D06,IG-1014,2024-01-08,298
D06,IG-1014,2024-01-15,320
D06,IG-1014,2024-01-22,325
D06,IG-1014,2024-01-29,322
D06,IG-1014,2024-02-05,324
D06,IG-1014,2024-02-12,300
D06,IG-1014,2024-02-19,288
D06,IG-1014,2024-02-26,306
D06,IG-1014,2024-03-04,306
D06,IG-1014,2024-03-11,307
D06,IG-1014,2024-03-18,308
D06,IG-1014,2024-03-25,306
D06,IG-1014,2024-04-01,308
D06,IG-1014,2024-04-08,298
D06,IG-1014,2024-04-15,295
D06,IG-1014,2024-04-22,286
D06,IG-1014,2024-04-29,288
D06,IG-1014,2024-05-06,269
D06,IG-1014,2024-05-13,233
D06,IG-1014,2024-05-20,231
D06,IG-1014,2024-05-27,208
D06,IG-1014,2024-06-03,210
D06,IG-1014,2024-06-10,179
D06,IG-1014,2024-06-17,203
D06,IG-1014,2024-06-24,189
D06,IG-1014,2024-07-01,225
D06,IG-1014,2024-07-08,235
D06,IG-1014,2024-07-15,232
D06,IG-1014,2024-07-22,212
D06,IG-1014,2024-07-29,237
D06,IG-1014,2024-08-05,213
D06,IG-1014,2024-08-12,227
D06,IG-1014,2024-08-19,256
D06,IG-1014,2024-08-26,299
D06,IG-1014,2024-09-02,307
D06,IG-1014,2024-09-09,350
D06,IG-1014,2024-09-16,408
D06,IG-1014,2024-09-23,399
D06,IG-1014,2024-09-30,396
D06,IG-1014,2024-10-07,422
D06,IG-1014,2024-10-14,396
D06,IG-1014,2024-10-21,446
D06,IG-1014,2024-10-28,407
D06,IG-1014,2024-11-04,429
D06,IG-1014,2024-11-11,418
D06,IG-1014,2024-11-18,419
D06,IG-1014,2024-11-25,421
D06,IG-1014,2024-12-02,436
D06,IG-1014,2024-12-09,409
D06,IG-1014,2024-12-16,380
D06,IG-1014,2024-12-23,400
D06,IG-1014,2024-12-30,369
D06,IG-1014,2025-01-06,392
D06,IG-1014,2025-01-13,402
D06,IG-1014,2025-01-20,388
D06,IG-1014,2025-01-27,350
D06,IG-1014,2025-02-03,316
D06,IG-1014,2025-02-10,340
D06,IG-1014,2025-02-17,329
D06,IG-1014,2025-02-24,332
D06,IG-1014,2025-03-03,313
D06,IG-1014,2025-03-10,288
D06,IG-1014,2025-03-17,274
D06,IG-1014,2025-03-24,274
D06,IG-1014,2025-03-31,376
D06,IG-1014,2025-04-07,363
D06,IG-1014,2025-04-14,329
D06,IG-1014,2025-04-21,282
D06,IG-1014,2025-04-28,296
D06,IG-1014,2025-05-05,321
D06,IG-1014,2025-05-12,350
D06,IG-1014,2025-05-19,349
D06,IG-1014,2025-05-26,316
D06,IG-1014,2025-06-02,280
D06,IG-1014,2025-06-09,283
D06,IG-1014,2025-06-16,329
D06,IG-1014,2025-06-23,331
D06,IG-1014,2025-06-30,288
D06,IG-1014,2025-07-07,275
D06,IG-1014,2025-07-14,288
D06,IG-1014,2025-07-21,310
D06,IG-1014,2025-07-28,343
D06,IG-1014,2025-08-04,392
D06,IG-1014,2025-08-11,403
D06,IG-1014,2025-08-18,446
D06,IG-1014,2025-08-25,522
D06,IG-1014,2025-09-01,520
D06,IG-1014,2025-09-08,577
D06,IG-1014,2025-09-15,567
D06,IG-1014,2025-09-22,595
D06,IG-1014,2025-09-29,579
D06,IG-1014,2025-10-06,555
D06,IG-1014,2025-10-13,592
D06,IG-1014,2025-10-20,600
D06,IG-1014,2025-10-27,606
D06,IG-1014,2025-11-03,583
D06,IG-1014,2025-11-10,566
D06,IG-1014,2025-11-17,537
D06,IG-1014,2025-11-24,526
D06,IG-1014,2025-12-01,533
D06,IG-1014,2025-12-08,510
D06,IG-1014,2025-12-15,484
D06,IG-1014,2025-12-22,463
D06,IG-1014,2025-12-29,444
D06,IG-1014,2026-01-05,430
D06,IG-1014,2026-01-12,415
D06,IG-1014,2026-01-19,397
D06,IG-1014,2026-01-26,383
D06,IG-1014,2026-02-02,371
D06,IG-1014,2026-02-09,350
D06,IG-1014,2026-02-16,324
D06,IG-1014,2026-02-23,300
D06,IG-1014,2026-03-02,292
D06,IG-1014,2026-03-09,289
D06,IG-1014,2026-03-16,268
D06,IG-1014,2026-03-23,241
D06,IG-1014,2026-03-30,237
D06,IG-1014,2026-04-06,239
D06,IG-1014,2026-04-13,225
D06,IG-1014,2026-04-20,210
D06,IG-1014,2026-04-27,211
D06,IG-1014,2026-05-04,200
D06,IG-1014,2026-05-11,222
D06,IG-1014,2026-05-18,228
D06,IG-1014,2026-05-25,237
D06,IG-1014,2026-06-01,215
D06,IG-1014,2026-06-08,231
D06,IG-1014,2026-06-15,245
D06,IG-1014,2026-06-22,259
D06,IG-1009,2024-01-01,319
D06,IG-1009,2024-01-08,310
D06,IG-1009,2024-01-15,307
D06,IG-1009,2024-01-22,312
D06,IG-1009,2024-01-29,312
D06,IG-1009,2024-02-05,314
D06,IG-1009,2024-02-12,310
D06,IG-1009,2024-02-19,304
D06,IG-1009,2024-02-26,297
D06,IG-1009,2024-03-04,290
D06,IG-1009,2024-03-11,243
D06,IG-1009,2024-03-18,233
D06,IG-1009,2024-03-25,236
D06,IG-1009,2024-04-01,264
D06,IG-1009,2024-04-08,248
D06,IG-1009,2024-04-15,215
D06,IG-1009,2024-04-22,177
D06,IG-1009,2024-04-29,304
D06,IG-1009,2024-05-06,293
D06,IG-1009,2024-05-13,274
D06,IG-1009,2024-05-20,250
D06,IG-1009,2024-05-27,233
D06,IG-1009,2024-06-03,246
D06,IG-1009,2024-06-10,239
D06,IG-1009,2024-06-17,242
D06,IG-1009,2024-06-24,264
D06,IG-1009,2024-07-01,319
D06,IG-1009,2024-07-08,368
D06,IG-1009,2024-07-15,365
D06,IG-1009,2024-07-22,372
D06,IG-1009,2024-07-29,409
D06,IG-1009,2024-08-05,401
D06,IG-1009,2024-08-12,398
D06,IG-1009,2024-08-19,373
D06,IG-1009,2024-08-26,339
D06,IG-1009,2024-09-02,303
D06,IG-1009,2024-09-09,381
D06,IG-1009,2024-09-16,371
D06,IG-1009,2024-09-23,383
D06,IG-1009,2024-09-30,359
D06,IG-1009,2024-10-07,365
D06,IG-1009,2024-10-14,380
D06,IG-1009,2024-10-21,392
D06,IG-1009,2024-10-28,365
D06,IG-1009,2024-11-04,327
D06,IG-1009,2024-11-11,301
D06,IG-1009,2024-11-18,353
D06,IG-1009,2024-11-25,365
D06,IG-1009,2024-12-02,341
D06,IG-1009,2024-12-09,325
D06,IG-1009,2024-12-16,371
D06,IG-1009,2024-12-23,404
D06,IG-1009,2024-12-30,379
D06,IG-1009,2025-01-06,398
D06,IG-1009,2025-01-13,357
D06,IG-1009,2025-01-20,321
D06,IG-1009,2025-01-27,293
D06,IG-1009,2025-02-03,279
D06,IG-1009,2025-02-10,266
D06,IG-1009,2025-02-17,245
D06,IG-1009,2025-02-24,262
D06,IG-1009,2025-03-03,222
D06,IG-1009,2025-03-10,248
D06,IG-1009,2025-03-17,264
D06,IG-1009,2025-03-24,255
D06,IG-1009,2025-03-31,254
D06,IG-1009,2025-04-07,269
D06,IG-1009,2025-04-14,260
D06,IG-1009,2025-04-21,258
D06,IG-1009,2025-04-28,310
D06,IG-1009,2025-05-05,316
D06,IG-1009,2025-05-12,330
D06,IG-1009,2025-05-19,337
D06,IG-1009,2025-05-26,372
D06,IG-1009,2025-06-02,358
D06,IG-1009,2025-06-09,408
D06,IG-1009,2025-06-16,356
D06,IG-1009,2025-06-23,350
D06,IG-1009,2025-06-30,351
D06,IG-1009,2025-07-07,388
D06,IG-1009,2025-07-14,406
D06,IG-1009,2025-07-21,407
D06,IG-1009,2025-07-28,366
D06,IG-1009,2025-08-04,379
D06,IG-1009,2025-08-11,465
D06,IG-1009,2025-08-18,489
D06,IG-1009,2025-08-25,506
D06,IG-1009,2025-09-01,530
D06,IG-1009,2025-09-08,527
D06,IG-1009,2025-09-15,509
D06,IG-1009,2025-09-22,567
D06,IG-1009,2025-09-29,581
D06,IG-1009,2025-10-06,560
D06,IG-1009,2025-10-13,614
D06,IG-1009,2025-10-20,649
D06,IG-1009,2025-10-27,655
D06,IG-1009,2025-11-03,626
D06,IG-1009,2025-11-10,595
D06,IG-1009,2025-11-17,568
D06,IG-1009,2025-11-24,563
D06,IG-1009,2025-12-01,538
D06,IG-1009,2025-12-08,513
D06,IG-1009,2025-12-15,488
D06,IG-1009,2025-12-22,465
D06,IG-1009,2025-12-29,441
D06,IG-1009,2026-01-05,439
D06,IG-1009,2026-01-12,414
D06,IG-1009,2026-01-19,382
D06,IG-1009,2026-01-26,353
D06,IG-1009,2026-02-02,314
D06,IG-1009,2026-02-09,289
D06,IG-1009,2026-02-16,280
D06,IG-1009,2026-02-23,256
D06,IG-1009,2026-03-02,340
D06,IG-1009,2026-03-09,316
D06,IG-1009,2026-03-16,312
D06,IG-1009,2026-03-23,327
D06,IG-1009,2026-03-30,325
D06,IG-1009,2026-04-06,319
D06,IG-1009,2026-04-13,297
D06,IG-1009,2026-04-20,263
D06,IG-1009,2026-04-27,237
D06,IG-1009,2026-05-04,203
D06,IG-1009,2026-05-11,187
D06,IG-1009,2026-05-18,200
D06,IG-1009,2026-05-25,284
D06,IG-1009,2026-06-01,278
D06,IG-1009,2026-06-08,300
D06,IG-1009,2026-06-15,302
D06,IG-1009,2026-06-22,320
D06,IS-1027,2024-01-01,3437
D06,IS-1027,2024-01-08,3145
D06,IS-1027,2024-01-15,3137
D06,IS-1027,2024-01-22,3184
D06,IS-1027,2024-01-29,3163
D06,IS-1027,2024-02-05,3502
D06,IS-1027,2024-02-12,3503
D06,IS-1027,2024-02-19,3517
D06,IS-1027,2024-02-26,3548
D06,IS-1027,2024-03-04,3567
D06,IS-1027,2024-03-11,3569
D06,IS-1027,2024-03-18,3523
D06,IS-1027,2024-03-25,3311
D06,IS-1027,2024-04-01,3136
D06,IS-1027,2024-04-08,2933
D06,IS-1027,2024-04-15,2994
D06,IS-1027,2024-04-22,3038
D06,IS-1027,2024-04-29,3038
D06,IS-1027,2024-05-06,2930
D06,IS-1027,2024-05-13,2907
D06,IS-1027,2024-05-20,2793
D06,IS-1027,2024-05-27,2868
D06,IS-1027,2024-06-03,2822
D06,IS-1027,2024-06-10,3052
D06,IS-1027,2024-06-17,3055
D06,IS-1027,2024-06-24,2909
D06,IS-1027,2024-07-01,3167
D06,IS-1027,2024-07-08,3058
D06,IS-1027,2024-07-15,3554
D06,IS-1027,2024-07-22,3804
D06,IS-1027,2024-07-29,4214
D06,IS-1027,2024-08-05,4168
D06,IS-1027,2024-08-12,4390
D06,IS-1027,2024-08-19,4385
D06,IS-1027,2024-08-26,4143
D06,IS-1027,2024-09-02,4471
D06,IS-1027,2024-09-09,4364
D06,IS-1027,2024-09-16,4011
D06,IS-1027,2024-09-23,3959
D06,IS-1027,2024-09-30,3586
D06,IS-1027,2024-10-07,3898
D06,IS-1027,2024-10-14,3810
D06,IS-1027,2024-10-21,3893
D06,IS-1027,2024-10-28,3703
D06,IS-1027,2024-11-04,3608
D06,IS-1027,2024-11-11,3502
D06,IS-1027,2024-11-18,3738
D06,IS-1027,2024-11-25,3469
D06,IS-1027,2024-12-02,3695
D06,IS-1027,2024-12-09,3716
D06,IS-1027,2024-12-16,3429
D06,IS-1027,2024-12-23,3563
D06,IS-1027,2024-12-30,3585
D06,IS-1027,2025-01-06,3616
D06,IS-1027,2025-01-13,3607
D06,IS-1027,2025-01-20,3531
D06,IS-1027,2025-01-27,3529
D06,IS-1027,2025-02-03,3289
D06,IS-1027,2025-02-10,3404
D06,IS-1027,2025-02-17,3476
D06,IS-1027,2025-02-24,3181
D06,IS-1027,2025-03-03,3215
D06,IS-1027,2025-03-10,3019
D06,IS-1027,2025-03-17,2589
D06,IS-1027,2025-03-24,2401
D06,IS-1027,2025-03-31,3042
D06,IS-1027,2025-04-07,2742
D06,IS-1027,2025-04-14,2703
D06,IS-1027,2025-04-21,2915
D06,IS-1027,2025-04-28,3158
D06,IS-1027,2025-05-05,2798
D06,IS-1027,2025-05-12,2628
D06,IS-1027,2025-05-19,2251
D06,IS-1027,2025-05-26,2876
D06,IS-1027,2025-06-02,3622
D06,IS-1027,2025-06-09,3310
D06,IS-1027,2025-06-16,3159
D06,IS-1027,2025-06-23,2843
D06,IS-1027,2025-06-30,3334
D06,IS-1027,2025-07-07,3395
D06,IS-1027,2025-07-14,4402
D06,IS-1027,2025-07-21,4239
D06,IS-1027,2025-07-28,4013
D06,IS-1027,2025-08-04,3610
D06,IS-1027,2025-08-11,3822
D06,IS-1027,2025-08-18,3571
D06,IS-1027,2025-08-25,3718
D06,IS-1027,2025-09-01,3599
D06,IS-1027,2025-09-08,3278
D06,IS-1027,2025-09-15,2944
D06,IS-1027,2025-09-22,2987
D06,IS-1027,2025-09-29,3438
D06,IS-1027,2025-10-06,3385
D06,IS-1027,2025-10-13,3536
D06,IS-1027,2025-10-20,3197
D06,IS-1027,2025-10-27,3624
D06,IS-1027,2025-11-03,4136
D06,IS-1027,2025-11-10,3792
D06,IS-1027,2025-11-17,3718
D06,IS-1027,2025-11-24,3437
D06,IS-1027,2025-12-01,3475
D06,IS-1027,2025-12-08,3317
D06,IS-1027,2025-12-15,3367
D06,IS-1027,2025-12-22,3369
D06,IS-1027,2025-12-29,3414
D06,IS-1027,2026-01-05,3215
D06,IS-1027,2026-01-12,3312
D06,IS-1027,2026-01-19,3076
D06,IS-1027,2026-01-26,2878
D06,IS-1027,2026-02-02,2798
D06,IS-1027,2026-02-09,2875
D06,IS-1027,2026-02-16,2571
D06,IS-1027,2026-02-23,2315
D06,IS-1027,2026-03-02,2741
D06,IS-1027,2026-03-09,3015
D06,IS-1027,2026-03-16,2672
D06,IS-1027,2026-03-23,2658
D06,IS-1027,2026-03-30,2383
D06,IS-1027,2026-04-06,2589
D06,IS-1027,2026-04-13,2627
D06,IS-1027,2026-04-20,2873
D06,IS-1027,2026-04-27,2919
D06,IS-1027,2026-05-04,2901
D06,IS-1027,2026-05-11,3597
D06,IS-1027,2026-05-18,3642
D06,IS-1027,2026-05-25,3342
D06,IS-1027,2026-06-01,2914
D06,IS-1027,2026-06-08,2791
D06,IS-1027,2026-06-15,2686
D06,IS-1027,2026-06-22,2266
D06,PM-1005,2024-01-01,8670
D06,PM-1005,2024-01-08,8955
D06,PM-1005,2024-01-15,8931
D06,PM-1005,2024-01-22,9262
D06,PM-1005,2024-01-29,9447
D06,PM-1005,2024-02-05,9270
D06,PM-1005,2024-02-12,9662
D06,PM-1005,2024-02-19,9896
D06,PM-1005,2024-02-26,10563
D06,PM-1005,2024-03-04,10837
D06,PM-1005,2024-03-11,10114
D06,PM-1005,2024-03-18,9408
D06,PM-1005,2024-03-25,9086
D06,PM-1005,2024-04-01,8747
D06,PM-1005,2024-04-08,8166
D06,PM-1005,2024-04-15,7665
D06,PM-1005,2024-04-22,6788
D06,PM-1005,2024-04-29,6556
D06,PM-1005,2024-05-06,6808
D06,PM-1005,2024-05-13,6340
D06,PM-1005,2024-05-20,5072
D06,PM-1005,2024-05-27,5199
D06,PM-1005,2024-06-03,5500
D06,PM-1005,2024-06-10,5997
D06,PM-1005,2024-06-17,6918
D06,PM-1005,2024-06-24,7468
D06,PM-1005,2024-07-01,7575
D06,PM-1005,2024-07-08,7774
D06,PM-1005,2024-07-15,7494
D06,PM-1005,2024-07-22,8544
D06,PM-1005,2024-07-29,8773
D06,PM-1005,2024-08-05,8850
D06,PM-1005,2024-08-12,9079
D06,PM-1005,2024-08-19,9086
D06,PM-1005,2024-08-26,9782
D06,PM-1005,2024-09-02,10449
D06,PM-1005,2024-09-09,11051
D06,PM-1005,2024-09-16,10058
D06,PM-1005,2024-09-23,9134
D06,PM-1005,2024-09-30,9307
D06,PM-1005,2024-10-07,9493
D06,PM-1005,2024-10-14,9315
D06,PM-1005,2024-10-21,8550
D06,PM-1005,2024-10-28,8571
D06,PM-1005,2024-11-04,8272
D06,PM-1005,2024-11-11,8576
D06,PM-1005,2024-11-18,9205
D06,PM-1005,2024-11-25,9410
D06,PM-1005,2024-12-02,9829
D06,PM-1005,2024-12-09,10151
D06,PM-1005,2024-12-16,10005
D06,PM-1005,2024-12-23,9343
D06,PM-1005,2024-12-30,9639
D06,PM-1005,2025-01-06,9782
D06,PM-1005,2025-01-13,9604
D06,PM-1005,2025-01-20,8958
D06,PM-1005,2025-01-27,9071
D06,PM-1005,2025-02-03,8785
D06,PM-1005,2025-02-10,7867
D06,PM-1005,2025-02-17,8036
D06,PM-1005,2025-02-24,6598
D06,PM-1005,2025-03-03,5787
D06,PM-1005,2025-03-10,5547
D06,PM-1005,2025-03-17,5168
D06,PM-1005,2025-03-24,5354
D06,PM-1005,2025-03-31,4447
D06,PM-1005,2025-04-07,5617
D06,PM-1005,2025-04-14,5566
D06,PM-1005,2025-04-21,6000
D06,PM-1005,2025-04-28,6187
D06,PM-1005,2025-05-05,8692
D06,PM-1005,2025-05-12,8165
D06,PM-1005,2025-05-19,8110
D06,PM-1005,2025-05-26,8875
D06,PM-1005,2025-06-02,8411
D06,PM-1005,2025-06-09,8136
D06,PM-1005,2025-06-16,7797
D06,PM-1005,2025-06-23,9380
D06,PM-1005,2025-06-30,8558
D06,PM-1005,2025-07-07,8658
D06,PM-1005,2025-07-14,9142
D06,PM-1005,2025-07-21,8211
D06,PM-1005,2025-07-28,8887
D06,PM-1005,2025-08-04,8486
D06,PM-1005,2025-08-11,10588
D06,PM-1005,2025-08-18,9647
D06,PM-1005,2025-08-25,8906
D06,PM-1005,2025-09-01,9594
D06,PM-1005,2025-09-08,9252
D06,PM-1005,2025-09-15,8699
D06,PM-1005,2025-09-22,8967
D06,PM-1005,2025-09-29,9118
D06,PM-1005,2025-10-06,8868
D06,PM-1005,2025-10-13,9681
D06,PM-1005,2025-10-20,9836
D06,PM-1005,2025-10-27,10113
D06,PM-1005,2025-11-03,9703
D06,PM-1005,2025-11-10,9512
D06,PM-1005,2025-11-17,9247
D06,PM-1005,2025-11-24,9942
D06,PM-1005,2025-12-01,9170
D06,PM-1005,2025-12-08,9046
D06,PM-1005,2025-12-15,8912
D06,PM-1005,2025-12-22,8580
D06,PM-1005,2025-12-29,7643
D06,PM-1005,2026-01-05,7497
D06,PM-1005,2026-01-12,8947
D06,PM-1005,2026-01-19,8107
D06,PM-1005,2026-01-26,8242
D06,PM-1005,2026-02-02,7835
D06,PM-1005,2026-02-09,7978
D06,PM-1005,2026-02-16,7574
D06,PM-1005,2026-02-23,6472
D06,PM-1005,2026-03-02,6716
D06,PM-1005,2026-03-09,6717
D06,PM-1005,2026-03-16,6102
D06,PM-1005,2026-03-23,5233
D06,PM-1005,2026-03-30,5397
D06,PM-1005,2026-04-06,5600
D06,PM-1005,2026-04-13,4881
D06,PM-1005,2026-04-20,5823
D06,PM-1005,2026-04-27,7267
D06,PM-1005,2026-05-04,7932
D06,PM-1005,2026-05-11,8056
D06,PM-1005,2026-05-18,9778
D06,PM-1005,2026-05-25,10395
D06,PM-1005,2026-06-01,10329
D06,PM-1005,2026-06-08,10006
D06,PM-1005,2026-06-15,9804
D06,PM-1005,2026-06-22,8929
D06,LD-1040,2024-01-01,24671
D06,LD-1040,2024-01-08,24407
D06,LD-1040,2024-01-15,23922
D06,LD-1040,2024-01-22,23676
D06,LD-1040,2024-01-29,23405
D06,LD-1040,2024-02-05,23038
D06,LD-1040,2024-02-12,23195
D06,LD-1040,2024-02-19,23007
D06,LD-1040,2024-02-26,26518
D06,LD-1040,2024-03-04,26515
D06,LD-1040,2024-03-11,26079
D06,LD-1040,2024-03-18,25827
D06,LD-1040,2024-03-25,24596
D06,LD-1040,2024-04-01,24813
D06,LD-1040,2024-04-08,22690
D06,LD-1040,2024-04-15,21289
D06,LD-1040,2024-04-22,22253
D06,LD-1040,2024-04-29,21805
D06,LD-1040,2024-05-06,21843
D06,LD-1040,2024-05-13,21139
D06,LD-1040,2024-05-20,18011
D06,LD-1040,2024-05-27,19439
D06,LD-1040,2024-06-03,16699
D06,LD-1040,2024-06-10,22329
D06,LD-1040,2024-06-17,20890
D06,LD-1040,2024-06-24,21012
D06,LD-1040,2024-07-01,19671
D06,LD-1040,2024-07-08,21360
D06,LD-1040,2024-07-15,24422
D06,LD-1040,2024-07-22,24183
D06,LD-1040,2024-07-29,25794
D06,LD-1040,2024-08-05,26761
D06,LD-1040,2024-08-12,27241
D06,LD-1040,2024-08-19,28590
D06,LD-1040,2024-08-26,29354
D06,LD-1040,2024-09-02,27860
D06,LD-1040,2024-09-09,25568
D06,LD-1040,2024-09-16,23521
D06,LD-1040,2024-09-23,23634
D06,LD-1040,2024-09-30,21916
D06,LD-1040,2024-10-07,19412
D06,LD-1040,2024-10-14,22400
D06,LD-1040,2024-10-21,22082
D06,LD-1040,2024-10-28,22681
D06,LD-1040,2024-11-04,22947
D06,LD-1040,2024-11-11,20561
D06,LD-1040,2024-11-18,18786
D06,LD-1040,2024-11-25,21476
D06,LD-1040,2024-12-02,25932
D06,LD-1040,2024-12-09,23858
D06,LD-1040,2024-12-16,23840
D06,LD-1040,2024-12-23,21891
D06,LD-1040,2024-12-30,23549
D06,LD-1040,2025-01-06,23783
D06,LD-1040,2025-01-13,22841
D06,LD-1040,2025-01-20,21772
D06,LD-1040,2025-01-27,22113
D06,LD-1040,2025-02-03,25081
D06,LD-1040,2025-02-10,23247
D06,LD-1040,2025-02-17,23736
D06,LD-1040,2025-02-24,22517
D06,LD-1040,2025-03-03,22358
D06,LD-1040,2025-03-10,26116
D06,LD-1040,2025-03-17,25875
D06,LD-1040,2025-03-24,25889
D06,LD-1040,2025-03-31,23757
D06,LD-1040,2025-04-07,25271
D06,LD-1040,2025-04-14,23833
D06,LD-1040,2025-04-21,21117
D06,LD-1040,2025-04-28,23710
D06,LD-1040,2025-05-05,21572
D06,LD-1040,2025-05-12,21559
D06,LD-1040,2025-05-19,19097
D06,LD-1040,2025-05-26,18738
D06,LD-1040,2025-06-02,19486
D06,LD-1040,2025-06-09,20112
D06,LD-1040,2025-06-16,21201
D06,LD-1040,2025-06-23,22682
D06,LD-1040,2025-06-30,26329
D06,LD-1040,2025-07-07,27931
D06,LD-1040,2025-07-14,28735
D06,LD-1040,2025-07-21,29292
D06,LD-1040,2025-07-28,26461
D06,LD-1040,2025-08-04,24736
D06,LD-1040,2025-08-11,25113
D06,LD-1040,2025-08-18,25756
D06,LD-1040,2025-08-25,23679
D06,LD-1040,2025-09-01,21983
D06,LD-1040,2025-09-08,24560
D06,LD-1040,2025-09-15,23353
D06,LD-1040,2025-09-22,25191
D06,LD-1040,2025-09-29,27297
D06,LD-1040,2025-10-06,25604
D06,LD-1040,2025-10-13,25470
D06,LD-1040,2025-10-20,28019
D06,LD-1040,2025-10-27,28476
D06,LD-1040,2025-11-03,27822
D06,LD-1040,2025-11-10,27299
D06,LD-1040,2025-11-17,24647
D06,LD-1040,2025-11-24,25795
D06,LD-1040,2025-12-01,27210
D06,LD-1040,2025-12-08,29428
D06,LD-1040,2025-12-15,27931
D06,LD-1040,2025-12-22,28563
D06,LD-1040,2025-12-29,26718
D06,LD-1040,2026-01-05,27247
D06,LD-1040,2026-01-12,27018
D06,LD-1040,2026-01-19,28964
D06,LD-1040,2026-01-26,26935
D06,LD-1040,2026-02-02,24831
D06,LD-1040,2026-02-09,23708
D06,LD-1040,2026-02-16,23819
D06,LD-1040,2026-02-23,22646
D06,LD-1040,2026-03-02,21545
D06,LD-1040,2026-03-09,20607
D06,LD-1040,2026-03-16,18148
D06,LD-1040,2026-03-23,18919
D06,LD-1040,2026-03-30,19956
D06,LD-1040,2026-04-06,18092
D06,LD-1040,2026-04-13,16630
D06,LD-1040,2026-04-20,19228
D06,LD-1040,2026-04-27,21564
D06,LD-1040,2026-05-04,22902
D06,LD-1040,2026-05-11,23588
D06,LD-1040,2026-05-18,23078
D06,LD-1040,2026-05-25,23141
D06,LD-1040,2026-06-01,24456
D06,LD-1040,2026-06-08,26062
D06,LD-1040,2026-06-15,24993
D06,LD-1040,2026-06-22,24308
D06,SC-1020,2024-01-01,3334
D06,SC-1020,2024-01-08,3331
D06,SC-1020,2024-01-15,3288
D06,SC-1020,2024-01-22,3327
D06,SC-1020,2024-01-29,3293
D06,SC-1020,2024-02-05,3372
D06,SC-1020,2024-02-12,3389
D06,SC-1020,2024-02-19,3390
D06,SC-1020,2024-02-26,3084
D06,SC-1020,2024-03-04,3118
D06,SC-1020,2024-03-11,2749
D06,SC-1020,2024-03-18,3095
D06,SC-1020,2024-03-25,3419
D06,SC-1020,2024-04-01,3228
D06,SC-1020,2024-04-08,3229
D06,SC-1020,2024-04-15,3280
D06,SC-1020,2024-04-22,3303
D06,SC-1020,2024-04-29,3286
D06,SC-1020,2024-05-06,3334
D06,SC-1020,2024-05-13,3293
D06,SC-1020,2024-05-20,2820
D06,SC-1020,2024-05-27,2381
D06,SC-1020,2024-06-03,2645
D06,SC-1020,2024-06-10,2574
D06,SC-1020,2024-06-17,2726
D06,SC-1020,2024-06-24,2188
D06,SC-1020,2024-07-01,2145
D06,SC-1020,2024-07-08,2204
D06,SC-1020,2024-07-15,2234
D06,SC-1020,2024-07-22,2040
D06,SC-1020,2024-07-29,1931
D06,SC-1020,2024-08-05,2000
D06,SC-1020,2024-08-12,1964
D06,SC-1020,2024-08-19,3174
D06,SC-1020,2024-08-26,3228
D06,SC-1020,2024-09-02,2945
D06,SC-1020,2024-09-09,2998
D06,SC-1020,2024-09-16,2451
D06,SC-1020,2024-09-23,2181
D06,SC-1020,2024-09-30,2366
D06,SC-1020,2024-10-07,2598
D06,SC-1020,2024-10-14,2461
D06,SC-1020,2024-10-21,2663
D06,SC-1020,2024-10-28,4022
D06,SC-1020,2024-11-04,4449
D06,SC-1020,2024-11-11,5655
D06,SC-1020,2024-11-18,5979
D06,SC-1020,2024-11-25,5785
D06,SC-1020,2024-12-02,5262
D06,SC-1020,2024-12-09,4927
D06,SC-1020,2024-12-16,4905
D06,SC-1020,2024-12-23,4953
D06,SC-1020,2024-12-30,4718
D06,SC-1020,2025-01-06,4316
D06,SC-1020,2025-01-13,3965
D06,SC-1020,2025-01-20,3622
D06,SC-1020,2025-01-27,3542
D06,SC-1020,2025-02-03,4842
D06,SC-1020,2025-02-10,4443
D06,SC-1020,2025-02-17,4028
D06,SC-1020,2025-02-24,3453
D06,SC-1020,2025-03-03,3694
D06,SC-1020,2025-03-10,3488
D06,SC-1020,2025-03-17,3251
D06,SC-1020,2025-03-24,3246
D06,SC-1020,2025-03-31,3171
D06,SC-1020,2025-04-07,2720
D06,SC-1020,2025-04-14,2389
D06,SC-1020,2025-04-21,2760
D06,SC-1020,2025-04-28,2809
D06,SC-1020,2025-05-05,2397
D06,SC-1020,2025-05-12,2655
D06,SC-1020,2025-05-19,2298
D06,SC-1020,2025-05-26,2774
D06,SC-1020,2025-06-02,2739
D06,SC-1020,2025-06-09,2454
D06,SC-1020,2025-06-16,1921
D06,SC-1020,2025-06-23,1763
D06,SC-1020,2025-06-30,2027
D06,SC-1020,2025-07-07,2114
D06,SC-1020,2025-07-14,2535
D06,SC-1020,2025-07-21,3153
D06,SC-1020,2025-07-28,3506
D06,SC-1020,2025-08-04,3687
D06,SC-1020,2025-08-11,4557
D06,SC-1020,2025-08-18,4236
D06,SC-1020,2025-08-25,3895
D06,SC-1020,2025-09-01,3570
D06,SC-1020,2025-09-08,3278
D06,SC-1020,2025-09-15,3002
D06,SC-1020,2025-09-22,2750
D06,SC-1020,2025-09-29,3092
D06,SC-1020,2025-10-06,2841
D06,SC-1020,2025-10-13,3156
D06,SC-1020,2025-10-20,3438
D06,SC-1020,2025-10-27,3154
D06,SC-1020,2025-11-03,3459
D06,SC-1020,2025-11-10,3266
D06,SC-1020,2025-11-17,4068
D06,SC-1020,2025-11-24,4741
D06,SC-1020,2025-12-01,5243
D06,SC-1020,2025-12-08,4858
D06,SC-1020,2025-12-15,5457
D06,SC-1020,2025-12-22,5233
D06,SC-1020,2025-12-29,5095
D06,SC-1020,2026-01-05,5239
D06,SC-1020,2026-01-12,5038
D06,SC-1020,2026-01-19,4719
D06,SC-1020,2026-01-26,4514
D06,SC-1020,2026-02-02,5382
D06,SC-1020,2026-02-09,5123
D06,SC-1020,2026-02-16,4871
D06,SC-1020,2026-02-23,4590
D06,SC-1020,2026-03-02,4387
D06,SC-1020,2026-03-09,4147
D06,SC-1020,2026-03-16,3928
D06,SC-1020,2026-03-23,3656
D06,SC-1020,2026-03-30,3471
D06,SC-1020,2026-04-06,3235
D06,SC-1020,2026-04-13,2993
D06,SC-1020,2026-04-20,2763
D06,SC-1020,2026-04-27,2950
D06,SC-1020,2026-05-04,2674
D06,SC-1020,2026-05-11,2456
D06,SC-1020,2026-05-18,2203
D06,SC-1020,2026-05-25,1924
D06,SC-1020,2026-06-01,1921
D06,SC-1020,2026-06-08,2160
D06,SC-1020,2026-06-15,1943
D06,SC-1020,2026-06-22,2274
D06,PW-1030,2024-01-01,3143
D06,PW-1030,2024-01-08,3082
D06,PW-1030,2024-01-15,3057
D06,PW-1030,2024-01-22,2939
D06,PW-1030,2024-01-29,2903
D06,PW-1030,2024-02-05,2864
D06,PW-1030,2024-02-12,2763
D06,PW-1030,2024-02-19,2755
D06,PW-1030,2024-02-26,2702
D06,PW-1030,2024-03-04,2600
D06,PW-1030,2024-03-11,2280
D06,PW-1030,2024-03-18,2406
D06,PW-1030,2024-03-25,2115
D06,PW-1030,2024-04-01,2070
D06,PW-1030,2024-04-08,2455
D06,PW-1030,2024-04-15,2663
D06,PW-1030,2024-04-22,2614
D06,PW-1030,2024-04-29,2529
D06,PW-1030,2024-05-06,2666
D06,PW-1030,2024-05-13,2274
D06,PW-1030,2024-05-20,2684
D06,PW-1030,2024-05-27,2810
D06,PW-1030,2024-06-03,2876
D06,PW-1030,2024-06-10,2727
D06,PW-1030,2024-06-17,2641
D06,PW-1030,2024-06-24,2769
D06,PW-1030,2024-07-01,2563
D06,PW-1030,2024-07-08,2429
D06,PW-1030,2024-07-15,2593
D06,PW-1030,2024-07-22,2375
D06,PW-1030,2024-07-29,1955
D06,PW-1030,2024-08-05,2546
D06,PW-1030,2024-08-12,2726
D06,PW-1030,2024-08-19,2928
D06,PW-1030,2024-08-26,3276
D06,PW-1030,2024-09-02,3482
D06,PW-1030,2024-09-09,3722
D06,PW-1030,2024-09-16,3863
D06,PW-1030,2024-09-23,4200
D06,PW-1030,2024-09-30,4190
D06,PW-1030,2024-10-07,4284
D06,PW-1030,2024-10-14,4751
D06,PW-1030,2024-10-21,4665
D06,PW-1030,2024-10-28,4791
D06,PW-1030,2024-11-04,4732
D06,PW-1030,2024-11-11,4388
D06,PW-1030,2024-11-18,4342
D06,PW-1030,2024-11-25,3983
D06,PW-1030,2024-12-02,3847
D06,PW-1030,2024-12-09,3547
D06,PW-1030,2024-12-16,3514
D06,PW-1030,2024-12-23,3224
D06,PW-1030,2024-12-30,3138
D06,PW-1030,2025-01-06,3372
D06,PW-1030,2025-01-13,3276
D06,PW-1030,2025-01-20,3449
D06,PW-1030,2025-01-27,3606
D06,PW-1030,2025-02-03,3530
D06,PW-1030,2025-02-10,3164
D06,PW-1030,2025-02-17,3623
D06,PW-1030,2025-02-24,3646
D06,PW-1030,2025-03-03,3769
D06,PW-1030,2025-03-10,3486
D06,PW-1030,2025-03-17,3127
D06,PW-1030,2025-03-24,3329
D06,PW-1030,2025-03-31,2921
D06,PW-1030,2025-04-07,3099
D06,PW-1030,2025-04-14,3024
D06,PW-1030,2025-04-21,2861
D06,PW-1030,2025-04-28,2958
D06,PW-1030,2025-05-05,3045
D06,PW-1030,2025-05-12,2974
D06,PW-1030,2025-05-19,2653
D06,PW-1030,2025-05-26,2987
D06,PW-1030,2025-06-02,2625
D06,PW-1030,2025-06-09,2808
D06,PW-1030,2025-06-16,2420
D06,PW-1030,2025-06-23,2620
D06,PW-1030,2025-06-30,2513
D06,PW-1030,2025-07-07,2429
D06,PW-1030,2025-07-14,3080
D06,PW-1030,2025-07-21,3246
D06,PW-1030,2025-07-28,3558
D06,PW-1030,2025-08-04,3325
D06,PW-1030,2025-08-11,3426
D06,PW-1030,2025-08-18,3290
D06,PW-1030,2025-08-25,3176
D06,PW-1030,2025-09-01,2948
D06,PW-1030,2025-09-08,3280
D06,PW-1030,2025-09-15,2823
D06,PW-1030,2025-09-22,3290
D06,PW-1030,2025-09-29,3104
D06,PW-1030,2025-10-06,3467
D06,PW-1030,2025-10-13,3299
D06,PW-1030,2025-10-20,2855
D06,PW-1030,2025-10-27,4053
D06,PW-1030,2025-11-03,3945
D06,PW-1030,2025-11-10,3656
D06,PW-1030,2025-11-17,3480
D06,PW-1030,2025-11-24,4435
D06,PW-1030,2025-12-01,4675
D06,PW-1030,2025-12-08,5135
D06,PW-1030,2025-12-15,4828
D06,PW-1030,2025-12-22,4780
D06,PW-1030,2025-12-29,4681
D06,PW-1030,2026-01-05,4791
D06,PW-1030,2026-01-12,5257
D06,PW-1030,2026-01-19,4838
D06,PW-1030,2026-01-26,4468
D06,PW-1030,2026-02-02,4044
D06,PW-1030,2026-02-09,4423
D06,PW-1030,2026-02-16,3995
D06,PW-1030,2026-02-23,3686
D06,PW-1030,2026-03-02,3311
D06,PW-1030,2026-03-09,2975
D06,PW-1030,2026-03-16,2557
D06,PW-1030,2026-03-23,2391
D06,PW-1030,2026-03-30,2702
D06,PW-1030,2026-04-06,2268
D06,PW-1030,2026-04-13,2321
D06,PW-1030,2026-04-20,2657
D06,PW-1030,2026-04-27,3030
D06,PW-1030,2026-05-04,2554
D06,PW-1030,2026-05-11,2941
D06,PW-1030,2026-05-18,3308
D06,PW-1030,2026-05-25,3350
D06,PW-1030,2026-06-01,3196
D06,PW-1030,2026-06-08,3304
D06,PW-1030,2026-06-15,2798
D06,PW-1030,2026-06-22,3020
D06,PW-1031,2024-01-01,4012
D06,PW-1031,2024-01-08,4172
D06,PW-1031,2024-01-15,4169
D06,PW-1031,2024-01-22,4347
D06,PW-1031,2024-01-29,4423
D06,PW-1031,2024-02-05,4594
D06,PW-1031,2024-02-12,4676
D06,PW-1031,2024-02-19,4741
D06,PW-1031,2024-02-26,4893
D06,PW-1031,2024-03-04,5046
D06,PW-1031,2024-03-11,5122
D06,PW-1031,2024-03-18,5187
D06,PW-1031,2024-03-25,4737
D06,PW-1031,2024-04-01,4336
D06,PW-1031,2024-04-08,3992
D06,PW-1031,2024-04-15,3591
D06,PW-1031,2024-04-22,3242
D06,PW-1031,2024-04-29,3041
D06,PW-1031,2024-05-06,3186
D06,PW-1031,2024-05-13,3813
D06,PW-1031,2024-05-20,3901
D06,PW-1031,2024-05-27,3630
D06,PW-1031,2024-06-03,3525
D06,PW-1031,2024-06-10,3890
D06,PW-1031,2024-06-17,3993
D06,PW-1031,2024-06-24,4037
D06,PW-1031,2024-07-01,3914
D06,PW-1031,2024-07-08,3810
D06,PW-1031,2024-07-15,3933
D06,PW-1031,2024-07-22,4236
D06,PW-1031,2024-07-29,3905
D06,PW-1031,2024-08-05,3665
D06,PW-1031,2024-08-12,3450
D06,PW-1031,2024-08-19,3992
D06,PW-1031,2024-08-26,3805
D06,PW-1031,2024-09-02,3891
D06,PW-1031,2024-09-09,4033
D06,PW-1031,2024-09-16,4158
D06,PW-1031,2024-09-23,4037
D06,PW-1031,2024-09-30,4220
D06,PW-1031,2024-10-07,3983
D06,PW-1031,2024-10-14,3909
D06,PW-1031,2024-10-21,3799
D06,PW-1031,2024-10-28,4182
D06,PW-1031,2024-11-04,4280
D06,PW-1031,2024-11-11,4422
D06,PW-1031,2024-11-18,4330
D06,PW-1031,2024-11-25,4390
D06,PW-1031,2024-12-02,4518
D06,PW-1031,2024-12-09,4244
D06,PW-1031,2024-12-16,4357
D06,PW-1031,2024-12-23,4059
D06,PW-1031,2024-12-30,4013
D06,PW-1031,2025-01-06,3565
D06,PW-1031,2025-01-13,3421
D06,PW-1031,2025-01-20,3268
D06,PW-1031,2025-01-27,3353
D06,PW-1031,2025-02-03,3242
D06,PW-1031,2025-02-10,3087
D06,PW-1031,2025-02-17,3393
D06,PW-1031,2025-02-24,3865
D06,PW-1031,2025-03-03,4578
D06,PW-1031,2025-03-10,4355
D06,PW-1031,2025-03-17,4206
D06,PW-1031,2025-03-24,3759
D06,PW-1031,2025-03-31,3982
D06,PW-1031,2025-04-07,3895
D06,PW-1031,2025-04-14,3602
D06,PW-1031,2025-04-21,3185
D06,PW-1031,2025-04-28,2642
D06,PW-1031,2025-05-05,2473
D06,PW-1031,2025-05-12,2680
D06,PW-1031,2025-05-19,3368
D06,PW-1031,2025-05-26,3591
D06,PW-1031,2025-06-02,3911
D06,PW-1031,2025-06-09,3762
D06,PW-1031,2025-06-16,4065
D06,PW-1031,2025-06-23,4302
D06,PW-1031,2025-06-30,5137
D06,PW-1031,2025-07-07,5529
D06,PW-1031,2025-07-14,4951
D06,PW-1031,2025-07-21,5317
D06,PW-1031,2025-07-28,5091
D06,PW-1031,2025-08-04,4605
D06,PW-1031,2025-08-11,4950
D06,PW-1031,2025-08-18,5758
D06,PW-1031,2025-08-25,5189
D06,PW-1031,2025-09-01,5095
D06,PW-1031,2025-09-08,4823
D06,PW-1031,2025-09-15,4881
D06,PW-1031,2025-09-22,4995
D06,PW-1031,2025-09-29,4787
D06,PW-1031,2025-10-06,4885
D06,PW-1031,2025-10-13,4450
D06,PW-1031,2025-10-20,4474
D06,PW-1031,2025-10-27,4744
D06,PW-1031,2025-11-03,4601
D06,PW-1031,2025-11-10,4381
D06,PW-1031,2025-11-17,4818
D06,PW-1031,2025-11-24,4720
D06,PW-1031,2025-12-01,4853
D06,PW-1031,2025-12-08,5019
D06,PW-1031,2025-12-15,4726
D06,PW-1031,2025-12-22,4556
D06,PW-1031,2025-12-29,4648
D06,PW-1031,2026-01-05,4436
D06,PW-1031,2026-01-12,4198
D06,PW-1031,2026-01-19,4755
D06,PW-1031,2026-01-26,4222
D06,PW-1031,2026-02-02,4293
D06,PW-1031,2026-02-09,4923
D06,PW-1031,2026-02-16,4365
D06,PW-1031,2026-02-23,4176
D06,PW-1031,2026-03-02,4071
D06,PW-1031,2026-03-09,4526
D06,PW-1031,2026-03-16,4404
D06,PW-1031,2026-03-23,4226
D06,PW-1031,2026-03-30,4249
D06,PW-1031,2026-04-06,3996
D06,PW-1031,2026-04-13,4359
D06,PW-1031,2026-04-20,3893
D06,PW-1031,2026-04-27,3446
D06,PW-1031,2026-05-04,3667
D06,PW-1031,2026-05-11,4850
D06,PW-1031,2026-05-18,4712
D06,PW-1031,2026-05-25,4091
D06,PW-1031,2026-06-01,3678
D06,PW-1031,2026-06-08,3157
D06,PW-1031,2026-06-15,2918
D06,PW-1031,2026-06-22,2422
D06,PM-1007,2024-01-01,16500
D06,PM-1007,2024-01-08,16217
D06,PM-1007,2024-01-15,16369
D06,PM-1007,2024-01-22,16395
D06,PM-1007,2024-01-29,16304
D06,PM-1007,2024-02-05,16142
D06,PM-1007,2024-02-12,15191
D06,PM-1007,2024-02-19,15671
D06,PM-1007,2024-02-26,15631
D06,PM-1007,2024-03-04,15390
D06,PM-1007,2024-03-11,19157
D06,PM-1007,2024-03-18,19460
D06,PM-1007,2024-03-25,17531
D06,PM-1007,2024-04-01,16136
D06,PM-1007,2024-04-08,15979
D06,PM-1007,2024-04-15,15745
D06,PM-1007,2024-04-22,14583
D06,PM-1007,2024-04-29,16128
D06,PM-1007,2024-05-06,15067
D06,PM-1007,2024-05-13,14453
D06,PM-1007,2024-05-20,17606
D06,PM-1007,2024-05-27,18509
D06,PM-1007,2024-06-03,20785
D06,PM-1007,2024-06-10,21541
D06,PM-1007,2024-06-17,21156
D06,PM-1007,2024-06-24,19444
D06,PM-1007,2024-07-01,20322
D06,PM-1007,2024-07-08,19509
D06,PM-1007,2024-07-15,17783
D06,PM-1007,2024-07-22,15504
D06,PM-1007,2024-07-29,12967
D06,PM-1007,2024-08-05,11270
D06,PM-1007,2024-08-12,12252
D06,PM-1007,2024-08-19,11984
D06,PM-1007,2024-08-26,14631
D06,PM-1007,2024-09-02,15220
D06,PM-1007,2024-09-09,17959
D06,PM-1007,2024-09-16,18958
D06,PM-1007,2024-09-23,19153
D06,PM-1007,2024-09-30,21681
D06,PM-1007,2024-10-07,23559
D06,PM-1007,2024-10-14,23095
D06,PM-1007,2024-10-21,21693
D06,PM-1007,2024-10-28,21070
D06,PM-1007,2024-11-04,20802
D06,PM-1007,2024-11-11,21144
D06,PM-1007,2024-11-18,21426
D06,PM-1007,2024-11-25,19891
D06,PM-1007,2024-12-02,19227
D06,PM-1007,2024-12-09,18801
D06,PM-1007,2024-12-16,19565
D06,PM-1007,2024-12-23,20625
D06,PM-1007,2024-12-30,19018
D06,PM-1007,2025-01-06,18269
D06,PM-1007,2025-01-13,18319
D06,PM-1007,2025-01-20,18259
D06,PM-1007,2025-01-27,16951
D06,PM-1007,2025-02-03,17534
D06,PM-1007,2025-02-10,17480
D06,PM-1007,2025-02-17,15716
D06,PM-1007,2025-02-24,15039
D06,PM-1007,2025-03-03,13634
D06,PM-1007,2025-03-10,12808
D06,PM-1007,2025-03-17,13365
D06,PM-1007,2025-03-24,14448
D06,PM-1007,2025-03-31,16140
D06,PM-1007,2025-04-07,14794
D06,PM-1007,2025-04-14,14427
D06,PM-1007,2025-04-21,14613
D06,PM-1007,2025-04-28,15272
D06,PM-1007,2025-05-05,14922
D06,PM-1007,2025-05-12,14860
D06,PM-1007,2025-05-19,13293
D06,PM-1007,2025-05-26,13075
D06,PM-1007,2025-06-02,13501
D06,PM-1007,2025-06-09,15074
D06,PM-1007,2025-06-16,14238
D06,PM-1007,2025-06-23,16022
D06,PM-1007,2025-06-30,16039
D06,PM-1007,2025-07-07,18774
D06,PM-1007,2025-07-14,18991
D06,PM-1007,2025-07-21,17832
D06,PM-1007,2025-07-28,17845
D06,PM-1007,2025-08-04,17583
D06,PM-1007,2025-08-11,16389
D06,PM-1007,2025-08-18,18716
D06,PM-1007,2025-08-25,20145
D06,PM-1007,2025-09-01,19110
D06,PM-1007,2025-09-08,19528
D06,PM-1007,2025-09-15,20478
D06,PM-1007,2025-09-22,21083
D06,PM-1007,2025-09-29,19434
D06,PM-1007,2025-10-06,21931
D06,PM-1007,2025-10-13,19878
D06,PM-1007,2025-10-20,17927
D06,PM-1007,2025-10-27,18027
D06,PM-1007,2025-11-03,18855
D06,PM-1007,2025-11-10,18494
D06,PM-1007,2025-11-17,17973
D06,PM-1007,2025-11-24,17686
D06,PM-1007,2025-12-01,18193
D06,PM-1007,2025-12-08,19664
D06,PM-1007,2025-12-15,19286
D06,PM-1007,2025-12-22,20589
D06,PM-1007,2025-12-29,20190
D06,PM-1007,2026-01-05,19452
D06,PM-1007,2026-01-12,20119
D06,PM-1007,2026-01-19,19162
D06,PM-1007,2026-01-26,17977
D06,PM-1007,2026-02-02,16518
D06,PM-1007,2026-02-09,15398
D06,PM-1007,2026-02-16,13864
D06,PM-1007,2026-02-23,12172
D06,PM-1007,2026-03-02,13098
D06,PM-1007,2026-03-09,13400
D06,PM-1007,2026-03-16,14981
D06,PM-1007,2026-03-23,14423
D06,PM-1007,2026-03-30,15972
D06,PM-1007,2026-04-06,14222
D06,PM-1007,2026-04-13,14012
D06,PM-1007,2026-04-20,16199
D06,PM-1007,2026-04-27,17150
D06,PM-1007,2026-05-04,15411
D06,PM-1007,2026-05-11,14218
D06,PM-1007,2026-05-18,14878
D06,PM-1007,2026-05-25,13608
D06,PM-1007,2026-06-01,13353
D06,PM-1007,2026-06-08,15026
D06,PM-1007,2026-06-15,15293
D06,PM-1007,2026-06-22,14510
D06,IS-1028,2024-01-01,3475
D06,IS-1028,2024-01-08,3528
D06,IS-1028,2024-01-15,3549
D06,IS-1028,2024-01-22,3555
D06,IS-1028,2024-01-29,3555
D06,IS-1028,2024-02-05,3619
D06,IS-1028,2024-02-12,3631
D06,IS-1028,2024-02-19,3694
D06,IS-1028,2024-02-26,3712
D06,IS-1028,2024-03-04,3685
D06,IS-1028,2024-03-11,3658
D06,IS-1028,2024-03-18,3386
D06,IS-1028,2024-03-25,3307
D06,IS-1028,2024-04-01,2986
D06,IS-1028,2024-04-08,2645
D06,IS-1028,2024-04-15,2627
D06,IS-1028,2024-04-22,2645
D06,IS-1028,2024-04-29,2493
D06,IS-1028,2024-05-06,2471
D06,IS-1028,2024-05-13,2290
D06,IS-1028,2024-05-20,2304
D06,IS-1028,2024-05-27,2398
D06,IS-1028,2024-06-03,2526
D06,IS-1028,2024-06-10,2986
D06,IS-1028,2024-06-17,2828
D06,IS-1028,2024-06-24,3274
D06,IS-1028,2024-07-01,3732
D06,IS-1028,2024-07-08,4523
D06,IS-1028,2024-07-15,4791
D06,IS-1028,2024-07-22,4501
D06,IS-1028,2024-07-29,4295
D06,IS-1028,2024-08-05,3997
D06,IS-1028,2024-08-12,4127
D06,IS-1028,2024-08-19,4577
D06,IS-1028,2024-08-26,4246
D06,IS-1028,2024-09-02,3836
D06,IS-1028,2024-09-09,3801
D06,IS-1028,2024-09-16,3954
D06,IS-1028,2024-09-23,4410
D06,IS-1028,2024-09-30,4428
D06,IS-1028,2024-10-07,4718
D06,IS-1028,2024-10-14,4422
D06,IS-1028,2024-10-21,4451
D06,IS-1028,2024-10-28,4355
D06,IS-1028,2024-11-04,4114
D06,IS-1028,2024-11-11,4047
D06,IS-1028,2024-11-18,3913
D06,IS-1028,2024-11-25,4106
D06,IS-1028,2024-12-02,3816
D06,IS-1028,2024-12-09,3978
D06,IS-1028,2024-12-16,4015
D06,IS-1028,2024-12-23,4271
D06,IS-1028,2024-12-30,4120
D06,IS-1028,2025-01-06,4290
D06,IS-1028,2025-01-13,3983
D06,IS-1028,2025-01-20,3710
D06,IS-1028,2025-01-27,3541
D06,IS-1028,2025-02-03,3255
D06,IS-1028,2025-02-10,3166
D06,IS-1028,2025-02-17,3210
D06,IS-1028,2025-02-24,3024
D06,IS-1028,2025-03-03,3107
D06,IS-1028,2025-03-10,2966
D06,IS-1028,2025-03-17,2970
D06,IS-1028,2025-03-24,2895
D06,IS-1028,2025-03-31,2844
D06,IS-1028,2025-04-07,2792
D06,IS-1028,2025-04-14,2515
D06,IS-1028,2025-04-21,2757
D06,IS-1028,2025-04-28,2865
D06,IS-1028,2025-05-05,3224
D06,IS-1028,2025-05-12,2860
D06,IS-1028,2025-05-19,3144
D06,IS-1028,2025-05-26,2955
D06,IS-1028,2025-06-02,3010
D06,IS-1028,2025-06-09,3745
D06,IS-1028,2025-06-16,3351
D06,IS-1028,2025-06-23,3358
D06,IS-1028,2025-06-30,3049
D06,IS-1028,2025-07-07,3215
D06,IS-1028,2025-07-14,2944
D06,IS-1028,2025-07-21,2759
D06,IS-1028,2025-07-28,2992
D06,IS-1028,2025-08-04,2676
D06,IS-1028,2025-08-11,2774
D06,IS-1028,2025-08-18,3139
D06,IS-1028,2025-08-25,3422
D06,IS-1028,2025-09-01,3486
D06,IS-1028,2025-09-08,3142
D06,IS-1028,2025-09-15,3553
D06,IS-1028,2025-09-22,3528
D06,IS-1028,2025-09-29,4049
D06,IS-1028,2025-10-06,4428
D06,IS-1028,2025-10-13,4171
D06,IS-1028,2025-10-20,4006
D06,IS-1028,2025-10-27,3874
D06,IS-1028,2025-11-03,3639
D06,IS-1028,2025-11-10,3619
D06,IS-1028,2025-11-17,3699
D06,IS-1028,2025-11-24,3715
D06,IS-1028,2025-12-01,3611
D06,IS-1028,2025-12-08,3728
D06,IS-1028,2025-12-15,3640
D06,IS-1028,2025-12-22,3909
D06,IS-1028,2025-12-29,4093
D06,IS-1028,2026-01-05,3768
D06,IS-1028,2026-01-12,3429
D06,IS-1028,2026-01-19,3167
D06,IS-1028,2026-01-26,3151
D06,IS-1028,2026-02-02,2857
D06,IS-1028,2026-02-09,2788
D06,IS-1028,2026-02-16,2647
D06,IS-1028,2026-02-23,2859
D06,IS-1028,2026-03-02,3089
D06,IS-1028,2026-03-09,3150
D06,IS-1028,2026-03-16,3212
D06,IS-1028,2026-03-23,3307
D06,IS-1028,2026-03-30,3669
D06,IS-1028,2026-04-06,3708
D06,IS-1028,2026-04-13,3430
D06,IS-1028,2026-04-20,3225
D06,IS-1028,2026-04-27,2984
D06,IS-1028,2026-05-04,2852
D06,IS-1028,2026-05-11,2538
D06,IS-1028,2026-05-18,2210
D06,IS-1028,2026-05-25,3099
D06,IS-1028,2026-06-01,2874
D06,IS-1028,2026-06-08,2750
D06,IS-1028,2026-06-15,2838
D06,IS-1028,2026-06-22,3209
D06,IG-1013,2024-01-01,217
D06,IG-1013,2024-01-08,220
D06,IG-1013,2024-01-15,227
D06,IG-1013,2024-01-22,219
D06,IG-1013,2024-01-29,216
D06,IG-1013,2024-02-05,211
D06,IG-1013,2024-02-12,197
D06,IG-1013,2024-02-19,193
D06,IG-1013,2024-02-26,188
D06,IG-1013,2024-03-04,180
D06,IG-1013,2024-03-11,178
D06,IG-1013,2024-03-18,176
D06,IG-1013,2024-03-25,171
D06,IG-1013,2024-04-01,167
D06,IG-1013,2024-04-08,166
D06,IG-1013,2024-04-15,165
D06,IG-1013,2024-04-22,214
D06,IG-1013,2024-04-29,190
D06,IG-1013,2024-05-06,197
D06,IG-1013,2024-05-13,208
D06,IG-1013,2024-05-20,195
D06,IG-1013,2024-05-27,206
D06,IG-1013,2024-06-03,242
D06,IG-1013,2024-06-10,234
D06,IG-1013,2024-06-17,239
D06,IG-1013,2024-06-24,213
D06,IG-1013,2024-07-01,267
D06,IG-1013,2024-07-08,235
D06,IG-1013,2024-07-15,211
D06,IG-1013,2024-07-22,196
D06,IG-1013,2024-07-29,175
D06,IG-1013,2024-08-05,161
D06,IG-1013,2024-08-12,130
D06,IG-1013,2024-08-19,131
D06,IG-1013,2024-08-26,117
D06,IG-1013,2024-09-02,138
D06,IG-1013,2024-09-09,175
D06,IG-1013,2024-09-16,201
D06,IG-1013,2024-09-23,201
D06,IG-1013,2024-09-30,262
D06,IG-1013,2024-10-07,278
D06,IG-1013,2024-10-14,284
D06,IG-1013,2024-10-21,293
D06,IG-1013,2024-10-28,305
D06,IG-1013,2024-11-04,278
D06,IG-1013,2024-11-11,305
D06,IG-1013,2024-11-18,288
D06,IG-1013,2024-11-25,264
D06,IG-1013,2024-12-02,269
D06,IG-1013,2024-12-09,282
D06,IG-1013,2024-12-16,354
D06,IG-1013,2024-12-23,355
D06,IG-1013,2024-12-30,345
D06,IG-1013,2025-01-06,315
D06,IG-1013,2025-01-13,336
D06,IG-1013,2025-01-20,327
D06,IG-1013,2025-01-27,315
D06,IG-1013,2025-02-03,304
D06,IG-1013,2025-02-10,279
D06,IG-1013,2025-02-17,274
D06,IG-1013,2025-02-24,276
D06,IG-1013,2025-03-03,266
D06,IG-1013,2025-03-10,258
D06,IG-1013,2025-03-17,231
D06,IG-1013,2025-03-24,211
D06,IG-1013,2025-03-31,194
D06,IG-1013,2025-04-07,203
D06,IG-1013,2025-04-14,197
D06,IG-1013,2025-04-21,206
D06,IG-1013,2025-04-28,231
D06,IG-1013,2025-05-05,226
D06,IG-1013,2025-05-12,221
D06,IG-1013,2025-05-19,193
D06,IG-1013,2025-05-26,240
D06,IG-1013,2025-06-02,214
D06,IG-1013,2025-06-09,228
D06,IG-1013,2025-06-16,258
D06,IG-1013,2025-06-23,252
D06,IG-1013,2025-06-30,239
D06,IG-1013,2025-07-07,236
D06,IG-1013,2025-07-14,275
D06,IG-1013,2025-07-21,261
D06,IG-1013,2025-07-28,250
D06,IG-1013,2025-08-04,260
D06,IG-1013,2025-08-11,248
D06,IG-1013,2025-08-18,276
D06,IG-1013,2025-08-25,245
D06,IG-1013,2025-09-01,280
D06,IG-1013,2025-09-08,280
D06,IG-1013,2025-09-15,365
D06,IG-1013,2025-09-22,433
D06,IG-1013,2025-09-29,486
D06,IG-1013,2025-10-06,486
D06,IG-1013,2025-10-13,505
D06,IG-1013,2025-10-20,516
D06,IG-1013,2025-10-27,501
D06,IG-1013,2025-11-03,488
D06,IG-1013,2025-11-10,467
D06,IG-1013,2025-11-17,448
D06,IG-1013,2025-11-24,431
D06,IG-1013,2025-12-01,410
D06,IG-1013,2025-12-08,392
D06,IG-1013,2025-12-15,377
D06,IG-1013,2025-12-22,359
D06,IG-1013,2025-12-29,339
D06,IG-1013,2026-01-05,326
D06,IG-1013,2026-01-12,316
D06,IG-1013,2026-01-19,305
D06,IG-1013,2026-01-26,286
D06,IG-1013,2026-02-02,269
D06,IG-1013,2026-02-09,251
D06,IG-1013,2026-02-16,266
D06,IG-1013,2026-02-23,250
D06,IG-1013,2026-03-02,229
D06,IG-1013,2026-03-09,213
D06,IG-1013,2026-03-16,196
D06,IG-1013,2026-03-23,187
D06,IG-1013,2026-03-30,184
D06,IG-1013,2026-04-06,168
D06,IG-1013,2026-04-13,162
D06,IG-1013,2026-04-20,204
D06,IG-1013,2026-04-27,185
D06,IG-1013,2026-05-04,187
D06,IG-1013,2026-05-11,200
D06,IG-1013,2026-05-18,195
D06,IG-1013,2026-05-25,203
D06,IG-1013,2026-06-01,216
D06,IG-1013,2026-06-08,200
D06,IG-1013,2026-06-15,183
D06,IG-1013,2026-06-22,214
D06,SC-1018,2024-01-01,1300
D06,SC-1018,2024-01-08,1274
D06,SC-1018,2024-01-15,1278
D06,SC-1018,2024-01-22,1306
D06,SC-1018,2024-01-29,1465
D06,SC-1018,2024-02-05,1477
D06,SC-1018,2024-02-12,1458
D06,SC-1018,2024-02-19,1436
D06,SC-1018,2024-02-26,1376
D06,SC-1018,2024-03-04,1381
D06,SC-1018,2024-03-11,1251
D06,SC-1018,2024-03-18,1111
D06,SC-1018,2024-03-25,1037
D06,SC-1018,2024-04-01,1042
D06,SC-1018,2024-04-08,1292
D06,SC-1018,2024-04-15,1262
D06,SC-1018,2024-04-22,1235
D06,SC-1018,2024-04-29,1249
D06,SC-1018,2024-05-06,1258
D06,SC-1018,2024-05-13,1228
D06,SC-1018,2024-05-20,1159
D06,SC-1018,2024-05-27,1285
D06,SC-1018,2024-06-03,1280
D06,SC-1018,2024-06-10,1181
D06,SC-1018,2024-06-17,1122
D06,SC-1018,2024-06-24,996
D06,SC-1018,2024-07-01,1125
D06,SC-1018,2024-07-08,1283
D06,SC-1018,2024-07-15,1402
D06,SC-1018,2024-07-22,1227
D06,SC-1018,2024-07-29,1344
D06,SC-1018,2024-08-05,1855
D06,SC-1018,2024-08-12,2024
D06,SC-1018,2024-08-19,1999
D06,SC-1018,2024-08-26,1867
D06,SC-1018,2024-09-02,1914
D06,SC-1018,2024-09-09,1808
D06,SC-1018,2024-09-16,1806
D06,SC-1018,2024-09-23,1657
D06,SC-1018,2024-09-30,1612
D06,SC-1018,2024-10-07,1465
D06,SC-1018,2024-10-14,1522
D06,SC-1018,2024-10-21,1409
D06,SC-1018,2024-10-28,1284
D06,SC-1018,2024-11-04,1345
D06,SC-1018,2024-11-11,1556
D06,SC-1018,2024-11-18,1658
D06,SC-1018,2024-11-25,1526
D06,SC-1018,2024-12-02,1551
D06,SC-1018,2024-12-09,1624
D06,SC-1018,2024-12-16,1748
D06,SC-1018,2024-12-23,1955
D06,SC-1018,2024-12-30,1797
D06,SC-1018,2025-01-06,1794
D06,SC-1018,2025-01-13,1909
D06,SC-1018,2025-01-20,1934
D06,SC-1018,2025-01-27,2012
D06,SC-1018,2025-02-03,1886
D06,SC-1018,2025-02-10,1700
D06,SC-1018,2025-02-17,1782
D06,SC-1018,2025-02-24,1761
D06,SC-1018,2025-03-03,1601
D06,SC-1018,2025-03-10,1437
D06,SC-1018,2025-03-17,1429
D06,SC-1018,2025-03-24,1317
D06,SC-1018,2025-03-31,1262
D06,SC-1018,2025-04-07,1505
D06,SC-1018,2025-04-14,1321
D06,SC-1018,2025-04-21,1135
D06,SC-1018,2025-04-28,956
D06,SC-1018,2025-05-05,784
D06,SC-1018,2025-05-12,595
D06,SC-1018,2025-05-19,546
D06,SC-1018,2025-05-26,675
D06,SC-1018,2025-06-02,465
D06,SC-1018,2025-06-09,612
D06,SC-1018,2025-06-16,751
D06,SC-1018,2025-06-23,936
D06,SC-1018,2025-06-30,1262
D06,SC-1018,2025-07-07,1356
D06,SC-1018,2025-07-14,1689
D06,SC-1018,2025-07-21,1656
D06,SC-1018,2025-07-28,1576
D06,SC-1018,2025-08-04,1409
D06,SC-1018,2025-08-11,1241
D06,SC-1018,2025-08-18,1106
D06,SC-1018,2025-08-25,974
D06,SC-1018,2025-09-01,1095
D06,SC-1018,2025-09-08,959
D06,SC-1018,2025-09-15,860
D06,SC-1018,2025-09-22,648
D06,SC-1018,2025-09-29,1128
D06,SC-1018,2025-10-06,1563
D06,SC-1018,2025-10-13,1425
D06,SC-1018,2025-10-20,1710
D06,SC-1018,2025-10-27,1563
D06,SC-1018,2025-11-03,1816
D06,SC-1018,2025-11-10,2059
D06,SC-1018,2025-11-17,2435
D06,SC-1018,2025-11-24,2289
D06,SC-1018,2025-12-01,2195
D06,SC-1018,2025-12-08,2257
D06,SC-1018,2025-12-15,2131
D06,SC-1018,2025-12-22,2265
D06,SC-1018,2025-12-29,2157
D06,SC-1018,2026-01-05,2086
D06,SC-1018,2026-01-12,2463
D06,SC-1018,2026-01-19,2462
D06,SC-1018,2026-01-26,2358
D06,SC-1018,2026-02-02,2245
D06,SC-1018,2026-02-09,2129
D06,SC-1018,2026-02-16,2032
D06,SC-1018,2026-02-23,1935
D06,SC-1018,2026-03-02,1840
D06,SC-1018,2026-03-09,1729
D06,SC-1018,2026-03-16,1848
D06,SC-1018,2026-03-23,1736
D06,SC-1018,2026-03-30,1621
D06,SC-1018,2026-04-06,1515
D06,SC-1018,2026-04-13,1463
D06,SC-1018,2026-04-20,1364
D06,SC-1018,2026-04-27,1459
D06,SC-1018,2026-05-04,1369
D06,SC-1018,2026-05-11,1233
D06,SC-1018,2026-05-18,1116
D06,SC-1018,2026-05-25,1000
D06,SC-1018,2026-06-01,881
D06,SC-1018,2026-06-08,825
D06,SC-1018,2026-06-15,707
D06,SC-1018,2026-06-22,905
D06,IG-1010,2024-01-01,601
D06,IG-1010,2024-01-08,597
D06,IG-1010,2024-01-15,611
D06,IG-1010,2024-01-22,623
D06,IG-1010,2024-01-29,604
D06,IG-1010,2024-02-05,554
D06,IG-1010,2024-02-12,554
D06,IG-1010,2024-02-19,564
D06,IG-1010,2024-02-26,624
D06,IG-1010,2024-03-04,603
D06,IG-1010,2024-03-11,569
D06,IG-1010,2024-03-18,511
D06,IG-1010,2024-03-25,512
D06,IG-1010,2024-04-01,540
D06,IG-1010,2024-04-08,595
D06,IG-1010,2024-04-15,586
D06,IG-1010,2024-04-22,511
D06,IG-1010,2024-04-29,521
D06,IG-1010,2024-05-06,457
D06,IG-1010,2024-05-13,414
D06,IG-1010,2024-05-20,484
D06,IG-1010,2024-05-27,453
D06,IG-1010,2024-06-03,445
D06,IG-1010,2024-06-10,390
D06,IG-1010,2024-06-17,365
D06,IG-1010,2024-06-24,478
D06,IG-1010,2024-07-01,524
D06,IG-1010,2024-07-08,542
D06,IG-1010,2024-07-15,489
D06,IG-1010,2024-07-22,517
D06,IG-1010,2024-07-29,502
D06,IG-1010,2024-08-05,553
D06,IG-1010,2024-08-12,558
D06,IG-1010,2024-08-19,493
D06,IG-1010,2024-08-26,541
D06,IG-1010,2024-09-02,546
D06,IG-1010,2024-09-09,578
D06,IG-1010,2024-09-16,584
D06,IG-1010,2024-09-23,591
D06,IG-1010,2024-09-30,519
D06,IG-1010,2024-10-07,663
D06,IG-1010,2024-10-14,646
D06,IG-1010,2024-10-21,588
D06,IG-1010,2024-10-28,717
D06,IG-1010,2024-11-04,705
D06,IG-1010,2024-11-11,741
D06,IG-1010,2024-11-18,866
D06,IG-1010,2024-11-25,895
D06,IG-1010,2024-12-02,830
D06,IG-1010,2024-12-09,824
D06,IG-1010,2024-12-16,765
D06,IG-1010,2024-12-23,748
D06,IG-1010,2024-12-30,874
D06,IG-1010,2025-01-06,792
D06,IG-1010,2025-01-13,720
D06,IG-1010,2025-01-20,714
D06,IG-1010,2025-01-27,708
D06,IG-1010,2025-02-03,680
D06,IG-1010,2025-02-10,697
D06,IG-1010,2025-02-17,741
D06,IG-1010,2025-02-24,654
D06,IG-1010,2025-03-03,687
D06,IG-1010,2025-03-10,649
D06,IG-1010,2025-03-17,613
D06,IG-1010,2025-03-24,604
D06,IG-1010,2025-03-31,547
D06,IG-1010,2025-04-07,532
D06,IG-1010,2025-04-14,427
D06,IG-1010,2025-04-21,429
D06,IG-1010,2025-04-28,332
D06,IG-1010,2025-05-05,383
D06,IG-1010,2025-05-12,336
D06,IG-1010,2025-05-19,427
D06,IG-1010,2025-05-26,450
D06,IG-1010,2025-06-02,432
D06,IG-1010,2025-06-09,461
D06,IG-1010,2025-06-16,549
D06,IG-1010,2025-06-23,473
D06,IG-1010,2025-06-30,470
D06,IG-1010,2025-07-07,468
D06,IG-1010,2025-07-14,400
D06,IG-1010,2025-07-21,521
D06,IG-1010,2025-07-28,458
D06,IG-1010,2025-08-04,639
D06,IG-1010,2025-08-11,730
D06,IG-1010,2025-08-18,894
D06,IG-1010,2025-08-25,986
D06,IG-1010,2025-09-01,1118
D06,IG-1010,2025-09-08,1111
D06,IG-1010,2025-09-15,1187
D06,IG-1010,2025-09-22,1223
D06,IG-1010,2025-09-29,1260
D06,IG-1010,2025-10-06,1222
D06,IG-1010,2025-10-13,1192
D06,IG-1010,2025-10-20,1162
D06,IG-1010,2025-10-27,1111
D06,IG-1010,2025-11-03,1079
D06,IG-1010,2025-11-10,1032
D06,IG-1010,2025-11-17,992
D06,IG-1010,2025-11-24,962
D06,IG-1010,2025-12-01,915
D06,IG-1010,2025-12-08,869
D06,IG-1010,2025-12-15,919
D06,IG-1010,2025-12-22,871
D06,IG-1010,2025-12-29,821
D06,IG-1010,2026-01-05,781
D06,IG-1010,2026-01-12,785
D06,IG-1010,2026-01-19,755
D06,IG-1010,2026-01-26,721
D06,IG-1010,2026-02-02,683
D06,IG-1010,2026-02-09,643
D06,IG-1010,2026-02-16,604
D06,IG-1010,2026-02-23,585
D06,IG-1010,2026-03-02,582
D06,IG-1010,2026-03-09,530
D06,IG-1010,2026-03-16,532
D06,IG-1010,2026-03-23,516
D06,IG-1010,2026-03-30,550
D06,IG-1010,2026-04-06,504
D06,IG-1010,2026-04-13,498
D06,IG-1010,2026-04-20,492
D06,IG-1010,2026-04-27,454
D06,IG-1010,2026-05-04,425
D06,IG-1010,2026-05-11,416
D06,IG-1010,2026-05-18,364
D06,IG-1010,2026-05-25,310
D06,IG-1010,2026-06-01,320
D06,IG-1010,2026-06-08,290
D06,IG-1010,2026-06-15,286
D06,IG-1010,2026-06-22,336
D06,SC-1016,2024-01-01,4129
D06,SC-1016,2024-01-08,4257
D06,SC-1016,2024-01-15,4295
D06,SC-1016,2024-01-22,4328
D06,SC-1016,2024-01-29,4337
D06,SC-1016,2024-02-05,4355
D06,SC-1016,2024-02-12,4344
D06,SC-1016,2024-02-19,4387
D06,SC-1016,2024-02-26,4256
D06,SC-1016,2024-03-04,4241
D06,SC-1016,2024-03-11,4046
D06,SC-1016,2024-03-18,4090
D06,SC-1016,2024-03-25,4077
D06,SC-1016,2024-04-01,3978
D06,SC-1016,2024-04-08,4016
D06,SC-1016,2024-04-15,3868
D06,SC-1016,2024-04-22,3795
D06,SC-1016,2024-04-29,3719
D06,SC-1016,2024-05-06,3545
D06,SC-1016,2024-05-13,3501
D06,SC-1016,2024-05-20,3661
D06,SC-1016,2024-05-27,3207
D06,SC-1016,2024-06-03,2745
D06,SC-1016,2024-06-10,2441
D06,SC-1016,2024-06-17,2224
D06,SC-1016,2024-06-24,2060
D06,SC-1016,2024-07-01,1985
D06,SC-1016,2024-07-08,1658
D06,SC-1016,2024-07-15,2106
D06,SC-1016,2024-07-22,2544
D06,SC-1016,2024-07-29,3522
D06,SC-1016,2024-08-05,3349
D06,SC-1016,2024-08-12,3330
D06,SC-1016,2024-08-19,3634
D06,SC-1016,2024-08-26,3214
D06,SC-1016,2024-09-02,4102
D06,SC-1016,2024-09-09,3791
D06,SC-1016,2024-09-16,3988
D06,SC-1016,2024-09-23,4020
D06,SC-1016,2024-09-30,4247
D06,SC-1016,2024-10-07,4287
D06,SC-1016,2024-10-14,3964
D06,SC-1016,2024-10-21,4482
D06,SC-1016,2024-10-28,4075
D06,SC-1016,2024-11-04,3562
D06,SC-1016,2024-11-11,4085
D06,SC-1016,2024-11-18,3750
D06,SC-1016,2024-11-25,3899
D06,SC-1016,2024-12-02,4421
D06,SC-1016,2024-12-09,4781
D06,SC-1016,2024-12-16,4982
D06,SC-1016,2024-12-23,5215
D06,SC-1016,2024-12-30,5417
D06,SC-1016,2025-01-06,6246
D06,SC-1016,2025-01-13,6656
D06,SC-1016,2025-01-20,6191
D06,SC-1016,2025-01-27,6329
D06,SC-1016,2025-02-03,6356
D06,SC-1016,2025-02-10,6105
D06,SC-1016,2025-02-17,6099
D06,SC-1016,2025-02-24,6135
D06,SC-1016,2025-03-03,5849
D06,SC-1016,2025-03-10,5337
D06,SC-1016,2025-03-17,4944
D06,SC-1016,2025-03-24,4594
D06,SC-1016,2025-03-31,4526
D06,SC-1016,2025-04-07,4328
D06,SC-1016,2025-04-14,4012
D06,SC-1016,2025-04-21,3735
D06,SC-1016,2025-04-28,3268
D06,SC-1016,2025-05-05,3696
D06,SC-1016,2025-05-12,3793
D06,SC-1016,2025-05-19,3290
D06,SC-1016,2025-05-26,3071
D06,SC-1016,2025-06-02,3190
D06,SC-1016,2025-06-09,2491
D06,SC-1016,2025-06-16,3701
D06,SC-1016,2025-06-23,3890
D06,SC-1016,2025-06-30,3553
D06,SC-1016,2025-07-07,3259
D06,SC-1016,2025-07-14,3693
D06,SC-1016,2025-07-21,4147
D06,SC-1016,2025-07-28,4377
D06,SC-1016,2025-08-04,4442
D06,SC-1016,2025-08-11,4062
D06,SC-1016,2025-08-18,4105
D06,SC-1016,2025-08-25,3739
D06,SC-1016,2025-09-01,3330
D06,SC-1016,2025-09-08,3454
D06,SC-1016,2025-09-15,3324
D06,SC-1016,2025-09-22,3677
D06,SC-1016,2025-09-29,3219
D06,SC-1016,2025-10-06,2930
D06,SC-1016,2025-10-13,2629
D06,SC-1016,2025-10-20,3671
D06,SC-1016,2025-10-27,3345
D06,SC-1016,2025-11-03,3073
D06,SC-1016,2025-11-10,2718
D06,SC-1016,2025-11-17,3638
D06,SC-1016,2025-11-24,4576
D06,SC-1016,2025-12-01,4702
D06,SC-1016,2025-12-08,5721
D06,SC-1016,2025-12-15,6334
D06,SC-1016,2025-12-22,6016
D06,SC-1016,2025-12-29,5645
D06,SC-1016,2026-01-05,6266
D06,SC-1016,2026-01-12,7001
D06,SC-1016,2026-01-19,7263
D06,SC-1016,2026-01-26,6872
D06,SC-1016,2026-02-02,6657
D06,SC-1016,2026-02-09,6395
D06,SC-1016,2026-02-16,6100
D06,SC-1016,2026-02-23,6533
D06,SC-1016,2026-03-02,6119
D06,SC-1016,2026-03-09,5808
D06,SC-1016,2026-03-16,5574
D06,SC-1016,2026-03-23,5322
D06,SC-1016,2026-03-30,5010
D06,SC-1016,2026-04-06,4658
D06,SC-1016,2026-04-13,4396
D06,SC-1016,2026-04-20,4101
D06,SC-1016,2026-04-27,3793
D06,SC-1016,2026-05-04,3507
D06,SC-1016,2026-05-11,3153
D06,SC-1016,2026-05-18,2789
D06,SC-1016,2026-05-25,2506
D06,SC-1016,2026-06-01,2233
D06,SC-1016,2026-06-08,1915
D06,SC-1016,2026-06-15,2027
D06,SC-1016,2026-06-22,1602
D06,PW-1034,2024-01-01,5292
D06,PW-1034,2024-01-08,5351
D06,PW-1034,2024-01-15,5416
D06,PW-1034,2024-01-22,5442
D06,PW-1034,2024-01-29,5454
D06,PW-1034,2024-02-05,4924
D06,PW-1034,2024-02-12,4892
D06,PW-1034,2024-02-19,4959
D06,PW-1034,2024-02-26,5360
D06,PW-1034,2024-03-04,5426
D06,PW-1034,2024-03-11,5367
D06,PW-1034,2024-03-18,5333
D06,PW-1034,2024-03-25,5374
D06,PW-1034,2024-04-01,5103
D06,PW-1034,2024-04-08,4786
D06,PW-1034,2024-04-15,4461
D06,PW-1034,2024-04-22,4084
D06,PW-1034,2024-04-29,3393
D06,PW-1034,2024-05-06,3036
D06,PW-1034,2024-05-13,2206
D06,PW-1034,2024-05-20,3138
D06,PW-1034,2024-05-27,3178
D06,PW-1034,2024-06-03,3562
D06,PW-1034,2024-06-10,3703
D06,PW-1034,2024-06-17,4455
D06,PW-1034,2024-06-24,4302
D06,PW-1034,2024-07-01,4475
D06,PW-1034,2024-07-08,3882
D06,PW-1034,2024-07-15,4289
D06,PW-1034,2024-07-22,5147
D06,PW-1034,2024-07-29,5195
D06,PW-1034,2024-08-05,6876
D06,PW-1034,2024-08-12,6321
D06,PW-1034,2024-08-19,6971
D06,PW-1034,2024-08-26,7231
D06,PW-1034,2024-09-02,7480
D06,PW-1034,2024-09-09,7119
D06,PW-1034,2024-09-16,7103
D06,PW-1034,2024-09-23,6976
D06,PW-1034,2024-09-30,6433
D06,PW-1034,2024-10-07,6162
D06,PW-1034,2024-10-14,6016
D06,PW-1034,2024-10-21,6776
D06,PW-1034,2024-10-28,6738
D06,PW-1034,2024-11-04,6750
D06,PW-1034,2024-11-11,6468
D06,PW-1034,2024-11-18,6132
D06,PW-1034,2024-11-25,5838
D06,PW-1034,2024-12-02,5559
D06,PW-1034,2024-12-09,6037
D06,PW-1034,2024-12-16,5732
D06,PW-1034,2024-12-23,5159
D06,PW-1034,2024-12-30,5585
D06,PW-1034,2025-01-06,5029
D06,PW-1034,2025-01-13,5030
D06,PW-1034,2025-01-20,4991
D06,PW-1034,2025-01-27,5472
D06,PW-1034,2025-02-03,5379
D06,PW-1034,2025-02-10,5335
D06,PW-1034,2025-02-17,5033
D06,PW-1034,2025-02-24,5315
D06,PW-1034,2025-03-03,4738
D06,PW-1034,2025-03-10,5036
D06,PW-1034,2025-03-17,5019
D06,PW-1034,2025-03-24,5164
D06,PW-1034,2025-03-31,5330
D06,PW-1034,2025-04-07,4991
D06,PW-1034,2025-04-14,4897
D06,PW-1034,2025-04-21,4640
D06,PW-1034,2025-04-28,4807
D06,PW-1034,2025-05-05,4720
D06,PW-1034,2025-05-12,4592
D06,PW-1034,2025-05-19,5080
D06,PW-1034,2025-05-26,5219
D06,PW-1034,2025-06-02,4715
D06,PW-1034,2025-06-09,5531
D06,PW-1034,2025-06-16,5571
D06,PW-1034,2025-06-23,5473
D06,PW-1034,2025-06-30,5708
D06,PW-1034,2025-07-07,5740
D06,PW-1034,2025-07-14,6177
D06,PW-1034,2025-07-21,6162
D06,PW-1034,2025-07-28,6586
D06,PW-1034,2025-08-04,6254
D06,PW-1034,2025-08-11,5964
D06,PW-1034,2025-08-18,6079
D06,PW-1034,2025-08-25,6214
D06,PW-1034,2025-09-01,6595
D06,PW-1034,2025-09-08,6532
D06,PW-1034,2025-09-15,6663
D06,PW-1034,2025-09-22,6214
D06,PW-1034,2025-09-29,6777
D06,PW-1034,2025-10-06,6963
D06,PW-1034,2025-10-13,6595
D06,PW-1034,2025-10-20,5973
D06,PW-1034,2025-10-27,5925
D06,PW-1034,2025-11-03,5444
D06,PW-1034,2025-11-10,5594
D06,PW-1034,2025-11-17,6826
D06,PW-1034,2025-11-24,6686
D06,PW-1034,2025-12-01,6845
D06,PW-1034,2025-12-08,6993
D06,PW-1034,2025-12-15,7430
D06,PW-1034,2025-12-22,6928
D06,PW-1034,2025-12-29,6799
D06,PW-1034,2026-01-05,6697
D06,PW-1034,2026-01-12,5956
D06,PW-1034,2026-01-19,5416
D06,PW-1034,2026-01-26,4976
D06,PW-1034,2026-02-02,4906
D06,PW-1034,2026-02-09,4498
D06,PW-1034,2026-02-16,4045
D06,PW-1034,2026-02-23,4354
D06,PW-1034,2026-03-02,4320
D06,PW-1034,2026-03-09,4119
D06,PW-1034,2026-03-16,4728
D06,PW-1034,2026-03-23,5015
D06,PW-1034,2026-03-30,4779
D06,PW-1034,2026-04-06,5690
D06,PW-1034,2026-04-13,5031
D06,PW-1034,2026-04-20,5332
D06,PW-1034,2026-04-27,5048
D06,PW-1034,2026-05-04,6008
D06,PW-1034,2026-05-11,6959
D06,PW-1034,2026-05-18,6448
D06,PW-1034,2026-05-25,6049
D06,PW-1034,2026-06-01,5708
D06,PW-1034,2026-06-08,5304
D06,PW-1034,2026-06-15,5321
D06,PW-1034,2026-06-22,5736
D06,SC-1017,2024-01-01,2053
D06,SC-1017,2024-01-08,1962
D06,SC-1017,2024-01-15,1968
D06,SC-1017,2024-01-22,2012
D06,SC-1017,2024-01-29,2157
D06,SC-1017,2024-02-05,2145
D06,SC-1017,2024-02-12,2072
D06,SC-1017,2024-02-19,1972
D06,SC-1017,2024-02-26,1972
D06,SC-1017,2024-03-04,1986
D06,SC-1017,2024-03-11,2004
D06,SC-1017,2024-03-18,1904
D06,SC-1017,2024-03-25,1920
D06,SC-1017,2024-04-01,1899
D06,SC-1017,2024-04-08,1837
D06,SC-1017,2024-04-15,1811
D06,SC-1017,2024-04-22,1724
D06,SC-1017,2024-04-29,1736
D06,SC-1017,2024-05-06,1727
D06,SC-1017,2024-05-13,1509
D06,SC-1017,2024-05-20,1477
D06,SC-1017,2024-05-27,1348
D06,SC-1017,2024-06-03,1424
D06,SC-1017,2024-06-10,1190
D06,SC-1017,2024-06-17,933
D06,SC-1017,2024-06-24,757
D06,SC-1017,2024-07-01,1035
D06,SC-1017,2024-07-08,1696
D06,SC-1017,2024-07-15,1697
D06,SC-1017,2024-07-22,1582
D06,SC-1017,2024-07-29,1423
D06,SC-1017,2024-08-05,1985
D06,SC-1017,2024-08-12,2023
D06,SC-1017,2024-08-19,2096
D06,SC-1017,2024-08-26,2118
D06,SC-1017,2024-09-02,1857
D06,SC-1017,2024-09-09,2130
D06,SC-1017,2024-09-16,2150
D06,SC-1017,2024-09-23,2222
D06,SC-1017,2024-09-30,2009
D06,SC-1017,2024-10-07,1736
D06,SC-1017,2024-10-14,2056
D06,SC-1017,2024-10-21,1808
D06,SC-1017,2024-10-28,1970
D06,SC-1017,2024-11-04,1868
D06,SC-1017,2024-11-11,2240
D06,SC-1017,2024-11-18,2296
D06,SC-1017,2024-11-25,2395
D06,SC-1017,2024-12-02,2491
D06,SC-1017,2024-12-09,2471
D06,SC-1017,2024-12-16,3014
D06,SC-1017,2024-12-23,3029
D06,SC-1017,2024-12-30,3160
D06,SC-1017,2025-01-06,2977
D06,SC-1017,2025-01-13,2739
D06,SC-1017,2025-01-20,2870
D06,SC-1017,2025-01-27,3100
D06,SC-1017,2025-02-03,2879
D06,SC-1017,2025-02-10,2605
D06,SC-1017,2025-02-17,2379
D06,SC-1017,2025-02-24,2273
D06,SC-1017,2025-03-03,2258
D06,SC-1017,2025-03-10,1984
D06,SC-1017,2025-03-17,2141
D06,SC-1017,2025-03-24,2068
D06,SC-1017,2025-03-31,2175
D06,SC-1017,2025-04-07,2126
D06,SC-1017,2025-04-14,2230
D06,SC-1017,2025-04-21,2023
D06,SC-1017,2025-04-28,2048
D06,SC-1017,2025-05-05,2048
D06,SC-1017,2025-05-12,1910
D06,SC-1017,2025-05-19,1610
D06,SC-1017,2025-05-26,1313
D06,SC-1017,2025-06-02,1345
D06,SC-1017,2025-06-09,1143
D06,SC-1017,2025-06-16,942
D06,SC-1017,2025-06-23,799
D06,SC-1017,2025-06-30,891
D06,SC-1017,2025-07-07,920
D06,SC-1017,2025-07-14,1493
D06,SC-1017,2025-07-21,1652
D06,SC-1017,2025-07-28,1636
D06,SC-1017,2025-08-04,1469
D06,SC-1017,2025-08-11,1911
D06,SC-1017,2025-08-18,2270
D06,SC-1017,2025-08-25,2077
D06,SC-1017,2025-09-01,1878
D06,SC-1017,2025-09-08,2243
D06,SC-1017,2025-09-15,2425
D06,SC-1017,2025-09-22,2271
D06,SC-1017,2025-09-29,2577
D06,SC-1017,2025-10-06,2816
D06,SC-1017,2025-10-13,2677
D06,SC-1017,2025-10-20,2616
D06,SC-1017,2025-10-27,2562
D06,SC-1017,2025-11-03,3458
D06,SC-1017,2025-11-10,3267
D06,SC-1017,2025-11-17,3875
D06,SC-1017,2025-11-24,3965
D06,SC-1017,2025-12-01,4105
D06,SC-1017,2025-12-08,3956
D06,SC-1017,2025-12-15,3766
D06,SC-1017,2025-12-22,3613
D06,SC-1017,2025-12-29,3468
D06,SC-1017,2026-01-05,3318
D06,SC-1017,2026-01-12,3048
D06,SC-1017,2026-01-19,3345
D06,SC-1017,2026-01-26,3191
D06,SC-1017,2026-02-02,3009
D06,SC-1017,2026-02-09,2845
D06,SC-1017,2026-02-16,2681
D06,SC-1017,2026-02-23,3107
D06,SC-1017,2026-03-02,2934
D06,SC-1017,2026-03-09,2785
D06,SC-1017,2026-03-16,2611
D06,SC-1017,2026-03-23,2455
D06,SC-1017,2026-03-30,2294
D06,SC-1017,2026-04-06,2160
D06,SC-1017,2026-04-13,2021
D06,SC-1017,2026-04-20,1879
D06,SC-1017,2026-04-27,1742
D06,SC-1017,2026-05-04,1609
D06,SC-1017,2026-05-11,1429
D06,SC-1017,2026-05-18,1288
D06,SC-1017,2026-05-25,1154
D06,SC-1017,2026-06-01,991
D06,SC-1017,2026-06-08,852
D06,SC-1017,2026-06-15,779
D06,SC-1017,2026-06-22,763
D06,LD-1037,2024-01-01,9735
D06,LD-1037,2024-01-08,9611
D06,LD-1037,2024-01-15,9731
D06,LD-1037,2024-01-22,9928
D06,LD-1037,2024-01-29,10167
D06,LD-1037,2024-02-05,9927
D06,LD-1037,2024-02-12,9252
D06,LD-1037,2024-02-19,10376
D06,LD-1037,2024-02-26,9584
D06,LD-1037,2024-03-04,10658
D06,LD-1037,2024-03-11,10715
D06,LD-1037,2024-03-18,9614
D06,LD-1037,2024-03-25,8833
D06,LD-1037,2024-04-01,9850
D06,LD-1037,2024-04-08,9080
D06,LD-1037,2024-04-15,9307
D06,LD-1037,2024-04-22,9346
D06,LD-1037,2024-04-29,8259
D06,LD-1037,2024-05-06,8120
D06,LD-1037,2024-05-13,9012
D06,LD-1037,2024-05-20,8988
D06,LD-1037,2024-05-27,7905
D06,LD-1037,2024-06-03,7935
D06,LD-1037,2024-06-10,8033
D06,LD-1037,2024-06-17,8126
D06,LD-1037,2024-06-24,8129
D06,LD-1037,2024-07-01,9213
D06,LD-1037,2024-07-08,8895
D06,LD-1037,2024-07-15,9967
D06,LD-1037,2024-07-22,10208
D06,LD-1037,2024-07-29,10086
D06,LD-1037,2024-08-05,10967
D06,LD-1037,2024-08-12,9959
D06,LD-1037,2024-08-19,8970
D06,LD-1037,2024-08-26,9029
D06,LD-1037,2024-09-02,10103
D06,LD-1037,2024-09-09,10171
D06,LD-1037,2024-09-16,9217
D06,LD-1037,2024-09-23,10311
D06,LD-1037,2024-09-30,10608
D06,LD-1037,2024-10-07,10824
D06,LD-1037,2024-10-14,10886
D06,LD-1037,2024-10-21,11118
D06,LD-1037,2024-10-28,10331
D06,LD-1037,2024-11-04,10339
D06,LD-1037,2024-11-11,11650
D06,LD-1037,2024-11-18,10897
D06,LD-1037,2024-11-25,9935
D06,LD-1037,2024-12-02,9153
D06,LD-1037,2024-12-09,9289
D06,LD-1037,2024-12-16,8700
D06,LD-1037,2024-12-23,8684
D06,LD-1037,2024-12-30,8667
D06,LD-1037,2025-01-06,7783
D06,LD-1037,2025-01-13,8031
D06,LD-1037,2025-01-20,7900
D06,LD-1037,2025-01-27,7630
D06,LD-1037,2025-02-03,7459
D06,LD-1037,2025-02-10,6413
D06,LD-1037,2025-02-17,6464
D06,LD-1037,2025-02-24,6579
D06,LD-1037,2025-03-03,7424
D06,LD-1037,2025-03-10,6488
D06,LD-1037,2025-03-17,7870
D06,LD-1037,2025-03-24,8895
D06,LD-1037,2025-03-31,9939
D06,LD-1037,2025-04-07,11041
D06,LD-1037,2025-04-14,10908
D06,LD-1037,2025-04-21,10997
D06,LD-1037,2025-04-28,10951
D06,LD-1037,2025-05-05,12245
D06,LD-1037,2025-05-12,11368
D06,LD-1037,2025-05-19,10386
D06,LD-1037,2025-05-26,9626
D06,LD-1037,2025-06-02,9731
D06,LD-1037,2025-06-09,9578
D06,LD-1037,2025-06-16,9610
D06,LD-1037,2025-06-23,9335
D06,LD-1037,2025-06-30,8257
D06,LD-1037,2025-07-07,9410
D06,LD-1037,2025-07-14,9163
D06,LD-1037,2025-07-21,8043
D06,LD-1037,2025-07-28,7993
D06,LD-1037,2025-08-04,7831
D06,LD-1037,2025-08-11,7971
D06,LD-1037,2025-08-18,8950
D06,LD-1037,2025-08-25,10081
D06,LD-1037,2025-09-01,9000
D06,LD-1037,2025-09-08,10200
D06,LD-1037,2025-09-15,11232
D06,LD-1037,2025-09-22,12125
D06,LD-1037,2025-09-29,12235
D06,LD-1037,2025-10-06,11114
D06,LD-1037,2025-10-13,11280
D06,LD-1037,2025-10-20,10521
D06,LD-1037,2025-10-27,11584
D06,LD-1037,2025-11-03,10705
D06,LD-1037,2025-11-10,9643
D06,LD-1037,2025-11-17,10862
D06,LD-1037,2025-11-24,9841
D06,LD-1037,2025-12-01,10950
D06,LD-1037,2025-12-08,9930
D06,LD-1037,2025-12-15,9147
D06,LD-1037,2025-12-22,9309
D06,LD-1037,2025-12-29,9414
D06,LD-1037,2026-01-05,9351
D06,LD-1037,2026-01-12,8386
D06,LD-1037,2026-01-19,9661
D06,LD-1037,2026-01-26,8860
D06,LD-1037,2026-02-02,7961
D06,LD-1037,2026-02-09,7133
D06,LD-1037,2026-02-16,6932
D06,LD-1037,2026-02-23,8085
D06,LD-1037,2026-03-02,8290
D06,LD-1037,2026-03-09,8404
D06,LD-1037,2026-03-16,8345
D06,LD-1037,2026-03-23,8413
D06,LD-1037,2026-03-30,8163
D06,LD-1037,2026-04-06,8357
D06,LD-1037,2026-04-13,9392
D06,LD-1037,2026-04-20,7901
D06,LD-1037,2026-04-27,7793
D06,LD-1037,2026-05-04,6877
D06,LD-1037,2026-05-11,8077
D06,LD-1037,2026-05-18,8180
D06,LD-1037,2026-05-25,9146
D06,LD-1037,2026-06-01,8920
D06,LD-1037,2026-06-08,9043
D06,LD-1037,2026-06-15,11169
D06,LD-1037,2026-06-22,11157
D06,LD-1036,2024-01-01,20847
D06,LD-1036,2024-01-08,20994
D06,LD-1036,2024-01-15,21018
D06,LD-1036,2024-01-22,21183
D06,LD-1036,2024-01-29,19507
D06,LD-1036,2024-02-05,19480
D06,LD-1036,2024-02-12,20990
D06,LD-1036,2024-02-19,20816
D06,LD-1036,2024-02-26,21150
D06,LD-1036,2024-03-04,20069
D06,LD-1036,2024-03-11,19690
D06,LD-1036,2024-03-18,18649
D06,LD-1036,2024-03-25,17479
D06,LD-1036,2024-04-01,15845
D06,LD-1036,2024-04-08,16998
D06,LD-1036,2024-04-15,16826
D06,LD-1036,2024-04-22,15386
D06,LD-1036,2024-04-29,16256
D06,LD-1036,2024-05-06,17136
D06,LD-1036,2024-05-13,17561
D06,LD-1036,2024-05-20,17985
D06,LD-1036,2024-05-27,22504
D06,LD-1036,2024-06-03,24326
D06,LD-1036,2024-06-10,23358
D06,LD-1036,2024-06-17,25449
D06,LD-1036,2024-06-24,25167
D06,LD-1036,2024-07-01,25280
D06,LD-1036,2024-07-08,27008
D06,LD-1036,2024-07-15,27879
D06,LD-1036,2024-07-22,25165
D06,LD-1036,2024-07-29,23968
D06,LD-1036,2024-08-05,25277
D06,LD-1036,2024-08-12,24171
D06,LD-1036,2024-08-19,22175
D06,LD-1036,2024-08-26,20906
D06,LD-1036,2024-09-02,21368
D06,LD-1036,2024-09-09,23384
D06,LD-1036,2024-09-16,24247
D06,LD-1036,2024-09-23,23367
D06,LD-1036,2024-09-30,23132
D06,LD-1036,2024-10-07,24598
D06,LD-1036,2024-10-14,23797
D06,LD-1036,2024-10-21,25126
D06,LD-1036,2024-10-28,23022
D06,LD-1036,2024-11-04,22778
D06,LD-1036,2024-11-11,22227
D06,LD-1036,2024-11-18,23928
D06,LD-1036,2024-11-25,23245
D06,LD-1036,2024-12-02,22559
D06,LD-1036,2024-12-09,21957
D06,LD-1036,2024-12-16,20193
D06,LD-1036,2024-12-23,22261
D06,LD-1036,2024-12-30,22951
D06,LD-1036,2025-01-06,21351
D06,LD-1036,2025-01-13,20732
D06,LD-1036,2025-01-20,18486
D06,LD-1036,2025-01-27,18604
D06,LD-1036,2025-02-03,17805
D06,LD-1036,2025-02-10,17726
D06,LD-1036,2025-02-17,17859
D06,LD-1036,2025-02-24,18080
D06,LD-1036,2025-03-03,18106
D06,LD-1036,2025-03-10,15946
D06,LD-1036,2025-03-17,18166
D06,LD-1036,2025-03-24,17696
D06,LD-1036,2025-03-31,17604
D06,LD-1036,2025-04-07,18503
D06,LD-1036,2025-04-14,18510
D06,LD-1036,2025-04-21,16450
D06,LD-1036,2025-04-28,17483
D06,LD-1036,2025-05-05,18856
D06,LD-1036,2025-05-12,16578
D06,LD-1036,2025-05-19,18502
D06,LD-1036,2025-05-26,17531
D06,LD-1036,2025-06-02,19441
D06,LD-1036,2025-06-09,19029
D06,LD-1036,2025-06-16,19905
D06,LD-1036,2025-06-23,19743
D06,LD-1036,2025-06-30,21473
D06,LD-1036,2025-07-07,22430
D06,LD-1036,2025-07-14,21253
D06,LD-1036,2025-07-21,20261
D06,LD-1036,2025-07-28,20015
D06,LD-1036,2025-08-04,20774
D06,LD-1036,2025-08-11,21847
D06,LD-1036,2025-08-18,21419
D06,LD-1036,2025-08-25,21500
D06,LD-1036,2025-09-01,20300
D06,LD-1036,2025-09-08,18781
D06,LD-1036,2025-09-15,21958
D06,LD-1036,2025-09-22,21087
D06,LD-1036,2025-09-29,24163
D06,LD-1036,2025-10-06,25286
D06,LD-1036,2025-10-13,25912
D06,LD-1036,2025-10-20,24968
D06,LD-1036,2025-10-27,24626
D06,LD-1036,2025-11-03,23943
D06,LD-1036,2025-11-10,22338
D06,LD-1036,2025-11-17,19937
D06,LD-1036,2025-11-24,19267
D06,LD-1036,2025-12-01,19275
D06,LD-1036,2025-12-08,19440
D06,LD-1036,2025-12-15,19830
D06,LD-1036,2025-12-22,21272
D06,LD-1036,2025-12-29,21577
D06,LD-1036,2026-01-05,20772
D06,LD-1036,2026-01-12,21712
D06,LD-1036,2026-01-19,20742
D06,LD-1036,2026-01-26,21876
D06,LD-1036,2026-02-02,19565
D06,LD-1036,2026-02-09,18130
D06,LD-1036,2026-02-16,16067
D06,LD-1036,2026-02-23,16174
D06,LD-1036,2026-03-02,16126
D06,LD-1036,2026-03-09,14971
D06,LD-1036,2026-03-16,13288
D06,LD-1036,2026-03-23,13196
D06,LD-1036,2026-03-30,14053
D06,LD-1036,2026-04-06,19202
D06,LD-1036,2026-04-13,20208
D06,LD-1036,2026-04-20,21257
D06,LD-1036,2026-04-27,20622
D06,LD-1036,2026-05-04,21784
D06,LD-1036,2026-05-11,19433
D06,LD-1036,2026-05-18,19589
D06,LD-1036,2026-05-25,19385
D06,LD-1036,2026-06-01,17629
D06,LD-1036,2026-06-08,16355
D06,LD-1036,2026-06-15,16948
D06,LD-1036,2026-06-22,19131
D06,PM-1001,2024-01-01,14170
D06,PM-1001,2024-01-08,14071
D06,PM-1001,2024-01-15,14280
D06,PM-1001,2024-01-22,13605
D06,PM-1001,2024-01-29,14903
D06,PM-1001,2024-02-05,15215
D06,PM-1001,2024-02-12,15196
D06,PM-1001,2024-02-19,15104
D06,PM-1001,2024-02-26,15546
D06,PM-1001,2024-03-04,15769
D06,PM-1001,2024-03-11,14254
D06,PM-1001,2024-03-18,14794
D06,PM-1001,2024-03-25,14438
D06,PM-1001,2024-04-01,13315
D06,PM-1001,2024-04-08,12534
D06,PM-1001,2024-04-15,11727
D06,PM-1001,2024-04-22,12573
D06,PM-1001,2024-04-29,13118
D06,PM-1001,2024-05-06,12358
D06,PM-1001,2024-05-13,11199
D06,PM-1001,2024-05-20,11918
D06,PM-1001,2024-05-27,11903
D06,PM-1001,2024-06-03,10640
D06,PM-1001,2024-06-10,11664
D06,PM-1001,2024-06-17,14615
D06,PM-1001,2024-06-24,13755
D06,PM-1001,2024-07-01,13799
D06,PM-1001,2024-07-08,14264
D06,PM-1001,2024-07-15,12782
D06,PM-1001,2024-07-22,13727
D06,PM-1001,2024-07-29,13246
D06,PM-1001,2024-08-05,14490
D06,PM-1001,2024-08-12,12891
D06,PM-1001,2024-08-19,12667
D06,PM-1001,2024-08-26,14416
D06,PM-1001,2024-09-02,14284
D06,PM-1001,2024-09-09,14482
D06,PM-1001,2024-09-16,13995
D06,PM-1001,2024-09-23,16736
D06,PM-1001,2024-09-30,15588
D06,PM-1001,2024-10-07,16330
D06,PM-1001,2024-10-14,17066
D06,PM-1001,2024-10-21,17970
D06,PM-1001,2024-10-28,18742
D06,PM-1001,2024-11-04,18552
D06,PM-1001,2024-11-11,17261
D06,PM-1001,2024-11-18,17469
D06,PM-1001,2024-11-25,17157
D06,PM-1001,2024-12-02,17136
D06,PM-1001,2024-12-09,15275
D06,PM-1001,2024-12-16,13845
D06,PM-1001,2024-12-23,13891
D06,PM-1001,2024-12-30,13583
D06,PM-1001,2025-01-06,15237
D06,PM-1001,2025-01-13,13841
D06,PM-1001,2025-01-20,12961
D06,PM-1001,2025-01-27,11806
D06,PM-1001,2025-02-03,12101
D06,PM-1001,2025-02-10,12547
D06,PM-1001,2025-02-17,12875
D06,PM-1001,2025-02-24,14162
D06,PM-1001,2025-03-03,13330
D06,PM-1001,2025-03-10,11992
D06,PM-1001,2025-03-17,11885
D06,PM-1001,2025-03-24,12494
D06,PM-1001,2025-03-31,12630
D06,PM-1001,2025-04-07,14347
D06,PM-1001,2025-04-14,12668
D06,PM-1001,2025-04-21,12716
D06,PM-1001,2025-04-28,13308
D06,PM-1001,2025-05-05,12841
D06,PM-1001,2025-05-12,12442
D06,PM-1001,2025-05-19,11879
D06,PM-1001,2025-05-26,12495
D06,PM-1001,2025-06-02,12190
D06,PM-1001,2025-06-09,13151
D06,PM-1001,2025-06-16,12170
D06,PM-1001,2025-06-23,11927
D06,PM-1001,2025-06-30,12424
D06,PM-1001,2025-07-07,12611
D06,PM-1001,2025-07-14,13043
D06,PM-1001,2025-07-21,13937
D06,PM-1001,2025-07-28,14082
D06,PM-1001,2025-08-04,15705
D06,PM-1001,2025-08-11,15436
D06,PM-1001,2025-08-18,14963
D06,PM-1001,2025-08-25,14924
D06,PM-1001,2025-09-01,17861
D06,PM-1001,2025-09-08,17977
D06,PM-1001,2025-09-15,16860
D06,PM-1001,2025-09-22,16943
D06,PM-1001,2025-09-29,16681
D06,PM-1001,2025-10-06,18547
D06,PM-1001,2025-10-13,18175
D06,PM-1001,2025-10-20,19525
D06,PM-1001,2025-10-27,18176
D06,PM-1001,2025-11-03,18359
D06,PM-1001,2025-11-10,19094
D06,PM-1001,2025-11-17,18972
D06,PM-1001,2025-11-24,17926
D06,PM-1001,2025-12-01,16602
D06,PM-1001,2025-12-08,16051
D06,PM-1001,2025-12-15,14604
D06,PM-1001,2025-12-22,14539
D06,PM-1001,2025-12-29,13321
D06,PM-1001,2026-01-05,13073
D06,PM-1001,2026-01-12,12492
D06,PM-1001,2026-01-19,12790
D06,PM-1001,2026-01-26,12645
D06,PM-1001,2026-02-02,11458
D06,PM-1001,2026-02-09,12074
D06,PM-1001,2026-02-16,12382
D06,PM-1001,2026-02-23,12956
D06,PM-1001,2026-03-02,11243
D06,PM-1001,2026-03-09,10610
D06,PM-1001,2026-03-16,10404
D06,PM-1001,2026-03-23,10503
D06,PM-1001,2026-03-30,10594
D06,PM-1001,2026-04-06,9408
D06,PM-1001,2026-04-13,10464
D06,PM-1001,2026-04-20,9881
D06,PM-1001,2026-04-27,10591
D06,PM-1001,2026-05-04,10110
D06,PM-1001,2026-05-11,13285
D06,PM-1001,2026-05-18,13509
D06,PM-1001,2026-05-25,15193
D06,PM-1001,2026-06-01,15944
D06,PM-1001,2026-06-08,15298
D06,PM-1001,2026-06-15,16274
D06,PM-1001,2026-06-22,16023
D06,IS-1025,2024-01-01,1433
D06,IS-1025,2024-01-08,1471
D06,IS-1025,2024-01-15,1490
D06,IS-1025,2024-01-22,1465
D06,IS-1025,2024-01-29,1491
D06,IS-1025,2024-02-05,1354
D06,IS-1025,2024-02-12,1403
D06,IS-1025,2024-02-19,1526
D06,IS-1025,2024-02-26,1469
D06,IS-1025,2024-03-04,1380
D06,IS-1025,2024-03-11,1258
D06,IS-1025,2024-03-18,1445
D06,IS-1025,2024-03-25,1279
D06,IS-1025,2024-04-01,1164
D06,IS-1025,2024-04-08,1146
D06,IS-1025,2024-04-15,1273
D06,IS-1025,2024-04-22,1179
D06,IS-1025,2024-04-29,1146
D06,IS-1025,2024-05-06,1142
D06,IS-1025,2024-05-13,1115
D06,IS-1025,2024-05-20,1367
D06,IS-1025,2024-05-27,1406
D06,IS-1025,2024-06-03,1557
D06,IS-1025,2024-06-10,1480
D06,IS-1025,2024-06-17,1568
D06,IS-1025,2024-06-24,1677
D06,IS-1025,2024-07-01,1542
D06,IS-1025,2024-07-08,1525
D06,IS-1025,2024-07-15,1508
D06,IS-1025,2024-07-22,1424
D06,IS-1025,2024-07-29,1575
D06,IS-1025,2024-08-05,1439
D06,IS-1025,2024-08-12,1370
D06,IS-1025,2024-08-19,1369
D06,IS-1025,2024-08-26,1445
D06,IS-1025,2024-09-02,1617
D06,IS-1025,2024-09-09,1457
D06,IS-1025,2024-09-16,1800
D06,IS-1025,2024-09-23,1659
D06,IS-1025,2024-09-30,1730
D06,IS-1025,2024-10-07,1831
D06,IS-1025,2024-10-14,1697
D06,IS-1025,2024-10-21,1924
D06,IS-1025,2024-10-28,1782
D06,IS-1025,2024-11-04,1705
D06,IS-1025,2024-11-11,1739
D06,IS-1025,2024-11-18,1846
D06,IS-1025,2024-11-25,1770
D06,IS-1025,2024-12-02,1770
D06,IS-1025,2024-12-09,1656
D06,IS-1025,2024-12-16,1518
D06,IS-1025,2024-12-23,1489
D06,IS-1025,2024-12-30,1440
D06,IS-1025,2025-01-06,1640
D06,IS-1025,2025-01-13,1521
D06,IS-1025,2025-01-20,1541
D06,IS-1025,2025-01-27,1434
D06,IS-1025,2025-02-03,1679
D06,IS-1025,2025-02-10,1666
D06,IS-1025,2025-02-17,1630
D06,IS-1025,2025-02-24,1609
D06,IS-1025,2025-03-03,1468
D06,IS-1025,2025-03-10,1448
D06,IS-1025,2025-03-17,1377
D06,IS-1025,2025-03-24,1467
D06,IS-1025,2025-03-31,1350
D06,IS-1025,2025-04-07,1194
D06,IS-1025,2025-04-14,1086
D06,IS-1025,2025-04-21,946
D06,IS-1025,2025-04-28,839
D06,IS-1025,2025-05-05,945
D06,IS-1025,2025-05-12,936
D06,IS-1025,2025-05-19,1037
D06,IS-1025,2025-05-26,971
D06,IS-1025,2025-06-02,1212
D06,IS-1025,2025-06-09,1180
D06,IS-1025,2025-06-16,1343
D06,IS-1025,2025-06-23,1308
D06,IS-1025,2025-06-30,1315
D06,IS-1025,2025-07-07,1136
D06,IS-1025,2025-07-14,1014
D06,IS-1025,2025-07-21,1075
D06,IS-1025,2025-07-28,1392
D06,IS-1025,2025-08-04,1535
D06,IS-1025,2025-08-11,1513
D06,IS-1025,2025-08-18,1843
D06,IS-1025,2025-08-25,1865
D06,IS-1025,2025-09-01,1728
D06,IS-1025,2025-09-08,1633
D06,IS-1025,2025-09-15,1738
D06,IS-1025,2025-09-22,1771
D06,IS-1025,2025-09-29,1821
D06,IS-1025,2025-10-06,2000
D06,IS-1025,2025-10-13,1863
D06,IS-1025,2025-10-20,1712
D06,IS-1025,2025-10-27,1857
D06,IS-1025,2025-11-03,1780
D06,IS-1025,2025-11-10,1830
D06,IS-1025,2025-11-17,1841
D06,IS-1025,2025-11-24,1665
D06,IS-1025,2025-12-01,1647
D06,IS-1025,2025-12-08,1667
D06,IS-1025,2025-12-15,1574
D06,IS-1025,2025-12-22,1408
D06,IS-1025,2025-12-29,1334
D06,IS-1025,2026-01-05,1269
D06,IS-1025,2026-01-12,1400
D06,IS-1025,2026-01-19,1275
D06,IS-1025,2026-01-26,1244
D06,IS-1025,2026-02-02,1112
D06,IS-1025,2026-02-09,990
D06,IS-1025,2026-02-16,1225
D06,IS-1025,2026-02-23,1150
D06,IS-1025,2026-03-02,1113
D06,IS-1025,2026-03-09,1141
D06,IS-1025,2026-03-16,1385
D06,IS-1025,2026-03-23,1238
D06,IS-1025,2026-03-30,1250
D06,IS-1025,2026-04-06,1422
D06,IS-1025,2026-04-13,1257
D06,IS-1025,2026-04-20,1184
D06,IS-1025,2026-04-27,1183
D06,IS-1025,2026-05-04,1071
D06,IS-1025,2026-05-11,1042
D06,IS-1025,2026-05-18,1037
D06,IS-1025,2026-05-25,1241
D06,IS-1025,2026-06-01,1174
D06,IS-1025,2026-06-08,1052
D06,IS-1025,2026-06-15,1146
D06,IS-1025,2026-06-22,1132
D06,PM-1006,2024-01-01,15786
D06,PM-1006,2024-01-08,15546
D06,PM-1006,2024-01-15,15655
D06,PM-1006,2024-01-22,15264
D06,PM-1006,2024-01-29,15498
D06,PM-1006,2024-02-05,13764
D06,PM-1006,2024-02-12,13824
D06,PM-1006,2024-02-19,13945
D06,PM-1006,2024-02-26,15317
D06,PM-1006,2024-03-04,15246
D06,PM-1006,2024-03-11,14557
D06,PM-1006,2024-03-18,15146
D06,PM-1006,2024-03-25,14892
D06,PM-1006,2024-04-01,16132
D06,PM-1006,2024-04-08,15175
D06,PM-1006,2024-04-15,13539
D06,PM-1006,2024-04-22,14246
D06,PM-1006,2024-04-29,13561
D06,PM-1006,2024-05-06,14455
D06,PM-1006,2024-05-13,14925
D06,PM-1006,2024-05-20,12959
D06,PM-1006,2024-05-27,11081
D06,PM-1006,2024-06-03,13089
D06,PM-1006,2024-06-10,13169
D06,PM-1006,2024-06-17,13149
D06,PM-1006,2024-06-24,14070
D06,PM-1006,2024-07-01,14312
D06,PM-1006,2024-07-08,12173
D06,PM-1006,2024-07-15,14004
D06,PM-1006,2024-07-22,14461
D06,PM-1006,2024-07-29,16263
D06,PM-1006,2024-08-05,17441
D06,PM-1006,2024-08-12,19267
D06,PM-1006,2024-08-19,18931
D06,PM-1006,2024-08-26,18444
D06,PM-1006,2024-09-02,17772
D06,PM-1006,2024-09-09,18437
D06,PM-1006,2024-09-16,18560
D06,PM-1006,2024-09-23,16817
D06,PM-1006,2024-09-30,16077
D06,PM-1006,2024-10-07,18130
D06,PM-1006,2024-10-14,16797
D06,PM-1006,2024-10-21,16105
D06,PM-1006,2024-10-28,14644
D06,PM-1006,2024-11-04,14688
D06,PM-1006,2024-11-11,14062
D06,PM-1006,2024-11-18,15120
D06,PM-1006,2024-11-25,16552
D06,PM-1006,2024-12-02,17361
D06,PM-1006,2024-12-09,16734
D06,PM-1006,2024-12-16,17551
D06,PM-1006,2024-12-23,19095
D06,PM-1006,2024-12-30,18525
D06,PM-1006,2025-01-06,18289
D06,PM-1006,2025-01-13,17232
D06,PM-1006,2025-01-20,16913
D06,PM-1006,2025-01-27,15305
D06,PM-1006,2025-02-03,15254
D06,PM-1006,2025-02-10,14295
D06,PM-1006,2025-02-17,14205
D06,PM-1006,2025-02-24,13646
D06,PM-1006,2025-03-03,13438
D06,PM-1006,2025-03-10,11763
D06,PM-1006,2025-03-17,10884
D06,PM-1006,2025-03-24,12247
D06,PM-1006,2025-03-31,11199
D06,PM-1006,2025-04-07,12556
D06,PM-1006,2025-04-14,11111
D06,PM-1006,2025-04-21,12408
D06,PM-1006,2025-04-28,10889
D06,PM-1006,2025-05-05,12099
D06,PM-1006,2025-05-12,12916
D06,PM-1006,2025-05-19,12980
D06,PM-1006,2025-05-26,13066
D06,PM-1006,2025-06-02,13662
D06,PM-1006,2025-06-09,13547
D06,PM-1006,2025-06-16,13257
D06,PM-1006,2025-06-23,13689
D06,PM-1006,2025-06-30,13974
D06,PM-1006,2025-07-07,14018
D06,PM-1006,2025-07-14,16955
D06,PM-1006,2025-07-21,17585
D06,PM-1006,2025-07-28,18399
D06,PM-1006,2025-08-04,17812
D06,PM-1006,2025-08-11,17425
D06,PM-1006,2025-08-18,16466
D06,PM-1006,2025-08-25,15510
D06,PM-1006,2025-09-01,15518
D06,PM-1006,2025-09-08,15588
D06,PM-1006,2025-09-15,16346
D06,PM-1006,2025-09-22,15859
D06,PM-1006,2025-09-29,16937
D06,PM-1006,2025-10-06,18134
D06,PM-1006,2025-10-13,17968
D06,PM-1006,2025-10-20,18232
D06,PM-1006,2025-10-27,17830
D06,PM-1006,2025-11-03,17435
D06,PM-1006,2025-11-10,16041
D06,PM-1006,2025-11-17,15859
D06,PM-1006,2025-11-24,15910
D06,PM-1006,2025-12-01,14579
D06,PM-1006,2025-12-08,15860
D06,PM-1006,2025-12-15,15452
D06,PM-1006,2025-12-22,16297
D06,PM-1006,2025-12-29,15600
D06,PM-1006,2026-01-05,15177
D06,PM-1006,2026-01-12,15266
D06,PM-1006,2026-01-19,14215
D06,PM-1006,2026-01-26,14612
D06,PM-1006,2026-02-02,13810
D06,PM-1006,2026-02-09,15230
D06,PM-1006,2026-02-16,15421
D06,PM-1006,2026-02-23,15237
D06,PM-1006,2026-03-02,16117
D06,PM-1006,2026-03-09,14859
D06,PM-1006,2026-03-16,15240
D06,PM-1006,2026-03-23,15033
D06,PM-1006,2026-03-30,15018
D06,PM-1006,2026-04-06,14264
D06,PM-1006,2026-04-13,12578
D06,PM-1006,2026-04-20,12918
D06,PM-1006,2026-04-27,13788
D06,PM-1006,2026-05-04,14534
D06,PM-1006,2026-05-11,15310
D06,PM-1006,2026-05-18,16237
D06,PM-1006,2026-05-25,14512
D06,PM-1006,2026-06-01,12789
D06,PM-1006,2026-06-08,15255
D06,PM-1006,2026-06-15,13300
D06,PM-1006,2026-06-22,13270
D06,IG-1012,2024-01-01,792
D06,IG-1012,2024-01-08,807
D06,IG-1012,2024-01-15,815
D06,IG-1012,2024-01-22,835
D06,IG-1012,2024-01-29,845
D06,IG-1012,2024-02-05,849
D06,IG-1012,2024-02-12,867
D06,IG-1012,2024-02-19,878
D06,IG-1012,2024-02-26,881
D06,IG-1012,2024-03-04,834
D06,IG-1012,2024-03-11,827
D06,IG-1012,2024-03-18,826
D06,IG-1012,2024-03-25,827
D06,IG-1012,2024-04-01,765
D06,IG-1012,2024-04-08,776
D06,IG-1012,2024-04-15,746
D06,IG-1012,2024-04-22,698
D06,IG-1012,2024-04-29,614
D06,IG-1012,2024-05-06,526
D06,IG-1012,2024-05-13,451
D06,IG-1012,2024-05-20,400
D06,IG-1012,2024-05-27,405
D06,IG-1012,2024-06-03,320
D06,IG-1012,2024-06-10,279
D06,IG-1012,2024-06-17,327
D06,IG-1012,2024-06-24,371
D06,IG-1012,2024-07-01,415
D06,IG-1012,2024-07-08,472
D06,IG-1012,2024-07-15,422
D06,IG-1012,2024-07-22,519
D06,IG-1012,2024-07-29,703
D06,IG-1012,2024-08-05,888
D06,IG-1012,2024-08-12,936
D06,IG-1012,2024-08-19,933
D06,IG-1012,2024-08-26,945
D06,IG-1012,2024-09-02,910
D06,IG-1012,2024-09-09,820
D06,IG-1012,2024-09-16,779
D06,IG-1012,2024-09-23,694
D06,IG-1012,2024-09-30,782
D06,IG-1012,2024-10-07,894
D06,IG-1012,2024-10-14,942
D06,IG-1012,2024-10-21,1043
D06,IG-1012,2024-10-28,1114
D06,IG-1012,2024-11-04,1247
D06,IG-1012,2024-11-11,1275
D06,IG-1012,2024-11-18,1209
D06,IG-1012,2024-11-25,1232
D06,IG-1012,2024-12-02,1131
D06,IG-1012,2024-12-09,1047
D06,IG-1012,2024-12-16,981
D06,IG-1012,2024-12-23,971
D06,IG-1012,2024-12-30,905
D06,IG-1012,2025-01-06,869
D06,IG-1012,2025-01-13,1060
D06,IG-1012,2025-01-20,982
D06,IG-1012,2025-01-27,944
D06,IG-1012,2025-02-03,853
D06,IG-1012,2025-02-10,777
D06,IG-1012,2025-02-17,733
D06,IG-1012,2025-02-24,730
D06,IG-1012,2025-03-03,748
D06,IG-1012,2025-03-10,659
D06,IG-1012,2025-03-17,675
D06,IG-1012,2025-03-24,746
D06,IG-1012,2025-03-31,746
D06,IG-1012,2025-04-07,702
D06,IG-1012,2025-04-14,695
D06,IG-1012,2025-04-21,821
D06,IG-1012,2025-04-28,743
D06,IG-1012,2025-05-05,739
D06,IG-1012,2025-05-12,658
D06,IG-1012,2025-05-19,552
D06,IG-1012,2025-05-26,537
D06,IG-1012,2025-06-02,680
D06,IG-1012,2025-06-09,677
D06,IG-1012,2025-06-16,610
D06,IG-1012,2025-06-23,757
D06,IG-1012,2025-06-30,721
D06,IG-1012,2025-07-07,832
D06,IG-1012,2025-07-14,852
D06,IG-1012,2025-07-21,893
D06,IG-1012,2025-07-28,948
D06,IG-1012,2025-08-04,964
D06,IG-1012,2025-08-11,895
D06,IG-1012,2025-08-18,869
D06,IG-1012,2025-08-25,957
D06,IG-1012,2025-09-01,1153
D06,IG-1012,2025-09-08,1171
D06,IG-1012,2025-09-15,1291
D06,IG-1012,2025-09-22,1334
D06,IG-1012,2025-09-29,1432
D06,IG-1012,2025-10-06,1379
D06,IG-1012,2025-10-13,1438
D06,IG-1012,2025-10-20,1605
D06,IG-1012,2025-10-27,1542
D06,IG-1012,2025-11-03,1486
D06,IG-1012,2025-11-10,1409
D06,IG-1012,2025-11-17,1347
D06,IG-1012,2025-11-24,1279
D06,IG-1012,2025-12-01,1231
D06,IG-1012,2025-12-08,1174
D06,IG-1012,2025-12-15,1122
D06,IG-1012,2025-12-22,1068
D06,IG-1012,2025-12-29,985
D06,IG-1012,2026-01-05,920
D06,IG-1012,2026-01-12,933
D06,IG-1012,2026-01-19,908
D06,IG-1012,2026-01-26,861
D06,IG-1012,2026-02-02,813
D06,IG-1012,2026-02-09,809
D06,IG-1012,2026-02-16,753
D06,IG-1012,2026-02-23,760
D06,IG-1012,2026-03-02,790
D06,IG-1012,2026-03-09,774
D06,IG-1012,2026-03-16,748
D06,IG-1012,2026-03-23,715
D06,IG-1012,2026-03-30,701
D06,IG-1012,2026-04-06,642
D06,IG-1012,2026-04-13,610
D06,IG-1012,2026-04-20,693
D06,IG-1012,2026-04-27,656
D06,IG-1012,2026-05-04,635
D06,IG-1012,2026-05-11,592
D06,IG-1012,2026-05-18,566
D06,IG-1012,2026-05-25,503
D06,IG-1012,2026-06-01,568
D06,IG-1012,2026-06-08,564
D06,IG-1012,2026-06-15,505
D06,IG-1012,2026-06-22,459
D06,LD-1041,2024-01-01,22765
D06,LD-1041,2024-01-08,22677
D06,LD-1041,2024-01-15,21651
D06,LD-1041,2024-01-22,21665
D06,LD-1041,2024-01-29,21255
D06,LD-1041,2024-02-05,21470
D06,LD-1041,2024-02-12,21732
D06,LD-1041,2024-02-19,21285
D06,LD-1041,2024-02-26,25029
D06,LD-1041,2024-03-04,24692
D06,LD-1041,2024-03-11,22842
D06,LD-1041,2024-03-18,21118
D06,LD-1041,2024-03-25,21324
D06,LD-1041,2024-04-01,21763
D06,LD-1041,2024-04-08,20237
D06,LD-1041,2024-04-15,20535
D06,LD-1041,2024-04-22,17947
D06,LD-1041,2024-04-29,18424
D06,LD-1041,2024-05-06,19822
D06,LD-1041,2024-05-13,22553
D06,LD-1041,2024-05-20,24606
D06,LD-1041,2024-05-27,22569
D06,LD-1041,2024-06-03,24119
D06,LD-1041,2024-06-10,25333
D06,LD-1041,2024-06-17,29685
D06,LD-1041,2024-06-24,29542
D06,LD-1041,2024-07-01,29138
D06,LD-1041,2024-07-08,28094
D06,LD-1041,2024-07-15,25036
D06,LD-1041,2024-07-22,26444
D06,LD-1041,2024-07-29,23931
D06,LD-1041,2024-08-05,27153
D06,LD-1041,2024-08-12,25502
D06,LD-1041,2024-08-19,25654
D06,LD-1041,2024-08-26,24925
D06,LD-1041,2024-09-02,24669
D06,LD-1041,2024-09-09,29137
D06,LD-1041,2024-09-16,28811
D06,LD-1041,2024-09-23,29627
D06,LD-1041,2024-09-30,27604
D06,LD-1041,2024-10-07,27948
D06,LD-1041,2024-10-14,25780
D06,LD-1041,2024-10-21,25472
D06,LD-1041,2024-10-28,26135
D06,LD-1041,2024-11-04,24675
D06,LD-1041,2024-11-11,23366
D06,LD-1041,2024-11-18,22453
D06,LD-1041,2024-11-25,22453
D06,LD-1041,2024-12-02,20645
D06,LD-1041,2024-12-09,20430
D06,LD-1041,2024-12-16,20059
D06,LD-1041,2024-12-23,19563
D06,LD-1041,2024-12-30,21260
D06,LD-1041,2025-01-06,20465
D06,LD-1041,2025-01-13,22097
D06,LD-1041,2025-01-20,22118
D06,LD-1041,2025-01-27,26050
D06,LD-1041,2025-02-03,25519
D06,LD-1041,2025-02-10,26376
D06,LD-1041,2025-02-17,26316
D06,LD-1041,2025-02-24,24085
D06,LD-1041,2025-03-03,25059
D06,LD-1041,2025-03-10,23118
D06,LD-1041,2025-03-17,22776
D06,LD-1041,2025-03-24,23171
D06,LD-1041,2025-03-31,23600
D06,LD-1041,2025-04-07,22531
D06,LD-1041,2025-04-14,19219
D06,LD-1041,2025-04-21,21547
D06,LD-1041,2025-04-28,19722
D06,LD-1041,2025-05-05,18731
D06,LD-1041,2025-05-12,18827
D06,LD-1041,2025-05-19,17882
D06,LD-1041,2025-05-26,17481
D06,LD-1041,2025-06-02,16516
D06,LD-1041,2025-06-09,20081
D06,LD-1041,2025-06-16,21430
D06,LD-1041,2025-06-23,20012
D06,LD-1041,2025-06-30,18770
D06,LD-1041,2025-07-07,19995
D06,LD-1041,2025-07-14,25503
D06,LD-1041,2025-07-21,24074
D06,LD-1041,2025-07-28,23491
D06,LD-1041,2025-08-04,21423
D06,LD-1041,2025-08-11,23665
D06,LD-1041,2025-08-18,21926
D06,LD-1041,2025-08-25,22678
D06,LD-1041,2025-09-01,22208
D06,LD-1041,2025-09-08,23805
D06,LD-1041,2025-09-15,22084
D06,LD-1041,2025-09-22,22720
D06,LD-1041,2025-09-29,22921
D06,LD-1041,2025-10-06,21036
D06,LD-1041,2025-10-13,21487
D06,LD-1041,2025-10-20,21130
D06,LD-1041,2025-10-27,23234
D06,LD-1041,2025-11-03,23518
D06,LD-1041,2025-11-10,24109
D06,LD-1041,2025-11-17,26868
D06,LD-1041,2025-11-24,28614
D06,LD-1041,2025-12-01,26565
D06,LD-1041,2025-12-08,27839
D06,LD-1041,2025-12-15,30328
D06,LD-1041,2025-12-22,29657
D06,LD-1041,2025-12-29,30555
D06,LD-1041,2026-01-05,30369
D06,LD-1041,2026-01-12,28287
D06,LD-1041,2026-01-19,27015
D06,LD-1041,2026-01-26,26047
D06,LD-1041,2026-02-02,23733
D06,LD-1041,2026-02-09,22379
D06,LD-1041,2026-02-16,20732
D06,LD-1041,2026-02-23,19249
D06,LD-1041,2026-03-02,16882
D06,LD-1041,2026-03-09,16652
D06,LD-1041,2026-03-16,16247
D06,LD-1041,2026-03-23,19651
D06,LD-1041,2026-03-30,21035
D06,LD-1041,2026-04-06,20933
D06,LD-1041,2026-04-13,23949
D06,LD-1041,2026-04-20,24278
D06,LD-1041,2026-04-27,22072
D06,LD-1041,2026-05-04,22534
D06,LD-1041,2026-05-11,22113
D06,LD-1041,2026-05-18,22768
D06,LD-1041,2026-05-25,23027
D06,LD-1041,2026-06-01,24462
D06,LD-1041,2026-06-08,21418
D06,LD-1041,2026-06-15,21570
D06,LD-1041,2026-06-22,19357
D06,PM-1002,2024-01-01,9943
D06,PM-1002,2024-01-08,9077
D06,PM-1002,2024-01-15,9114
D06,PM-1002,2024-01-22,8303
D06,PM-1002,2024-01-29,9075
D06,PM-1002,2024-02-05,8578
D06,PM-1002,2024-02-12,10129
D06,PM-1002,2024-02-19,9572
D06,PM-1002,2024-02-26,9491
D06,PM-1002,2024-03-04,9596
D06,PM-1002,2024-03-11,10266
D06,PM-1002,2024-03-18,9832
D06,PM-1002,2024-03-25,9680
D06,PM-1002,2024-04-01,8697
D06,PM-1002,2024-04-08,9831
D06,PM-1002,2024-04-15,9767
D06,PM-1002,2024-04-22,9421
D06,PM-1002,2024-04-29,9379
D06,PM-1002,2024-05-06,8555
D06,PM-1002,2024-05-13,10121
D06,PM-1002,2024-05-20,9637
D06,PM-1002,2024-05-27,9567
D06,PM-1002,2024-06-03,9408
D06,PM-1002,2024-06-10,9204
D06,PM-1002,2024-06-17,8652
D06,PM-1002,2024-06-24,8721
D06,PM-1002,2024-07-01,10393
D06,PM-1002,2024-07-08,10295
D06,PM-1002,2024-07-15,10477
D06,PM-1002,2024-07-22,10118
D06,PM-1002,2024-07-29,9384
D06,PM-1002,2024-08-05,9597
D06,PM-1002,2024-08-12,10104
D06,PM-1002,2024-08-19,10575
D06,PM-1002,2024-08-26,10234
D06,PM-1002,2024-09-02,9599
D06,PM-1002,2024-09-09,9819
D06,PM-1002,2024-09-16,10372
D06,PM-1002,2024-09-23,10030
D06,PM-1002,2024-09-30,10830
D06,PM-1002,2024-10-07,11317
D06,PM-1002,2024-10-14,11832
D06,PM-1002,2024-10-21,11938
D06,PM-1002,2024-10-28,11901
D06,PM-1002,2024-11-04,11737
D06,PM-1002,2024-11-11,11074
D06,PM-1002,2024-11-18,9722
D06,PM-1002,2024-11-25,8937
D06,PM-1002,2024-12-02,8603
D06,PM-1002,2024-12-09,9079
D06,PM-1002,2024-12-16,9163
D06,PM-1002,2024-12-23,9204
D06,PM-1002,2024-12-30,9471
D06,PM-1002,2025-01-06,9429
D06,PM-1002,2025-01-13,10567
D06,PM-1002,2025-01-20,11073
D06,PM-1002,2025-01-27,13159
D06,PM-1002,2025-02-03,12356
D06,PM-1002,2025-02-10,11122
D06,PM-1002,2025-02-17,11066
D06,PM-1002,2025-02-24,11094
D06,PM-1002,2025-03-03,11248
D06,PM-1002,2025-03-10,10137
D06,PM-1002,2025-03-17,9061
D06,PM-1002,2025-03-24,8179
D06,PM-1002,2025-03-31,8584
D06,PM-1002,2025-04-07,8571
D06,PM-1002,2025-04-14,7465
D06,PM-1002,2025-04-21,8334
D06,PM-1002,2025-04-28,8881
D06,PM-1002,2025-05-05,9248
D06,PM-1002,2025-05-12,8425
D06,PM-1002,2025-05-19,8741
D06,PM-1002,2025-05-26,9169
D06,PM-1002,2025-06-02,9087
D06,PM-1002,2025-06-09,9235
D06,PM-1002,2025-06-16,8395
D06,PM-1002,2025-06-23,8983
D06,PM-1002,2025-06-30,9331
D06,PM-1002,2025-07-07,9308
D06,PM-1002,2025-07-14,9429
D06,PM-1002,2025-07-21,10237
D06,PM-1002,2025-07-28,11100
D06,PM-1002,2025-08-04,11149
D06,PM-1002,2025-08-11,11658
D06,PM-1002,2025-08-18,12440
D06,PM-1002,2025-08-25,12987
D06,PM-1002,2025-09-01,13070
D06,PM-1002,2025-09-08,13232
D06,PM-1002,2025-09-15,12660
D06,PM-1002,2025-09-22,11876
D06,PM-1002,2025-09-29,12600
D06,PM-1002,2025-10-06,13177
D06,PM-1002,2025-10-13,12314
D06,PM-1002,2025-10-20,11547
D06,PM-1002,2025-10-27,10756
D06,PM-1002,2025-11-03,12533
D06,PM-1002,2025-11-10,12089
D06,PM-1002,2025-11-17,12334
D06,PM-1002,2025-11-24,12074
D06,PM-1002,2025-12-01,11181
D06,PM-1002,2025-12-08,10798
D06,PM-1002,2025-12-15,10370
D06,PM-1002,2025-12-22,9146
D06,PM-1002,2025-12-29,8812
D06,PM-1002,2026-01-05,8722
D06,PM-1002,2026-01-12,7665
D06,PM-1002,2026-01-19,7896
D06,PM-1002,2026-01-26,7350
D06,PM-1002,2026-02-02,7026
D06,PM-1002,2026-02-09,7067
D06,PM-1002,2026-02-16,7154
D06,PM-1002,2026-02-23,6749
D06,PM-1002,2026-03-02,8998
D06,PM-1002,2026-03-09,9087
D06,PM-1002,2026-03-16,8246
D06,PM-1002,2026-03-23,9185
D06,PM-1002,2026-03-30,7799
D06,PM-1002,2026-04-06,8283
D06,PM-1002,2026-04-13,7445
D06,PM-1002,2026-04-20,7647
D06,PM-1002,2026-04-27,7566
D06,PM-1002,2026-05-04,7571
D06,PM-1002,2026-05-11,7121
D06,PM-1002,2026-05-18,7337
D06,PM-1002,2026-05-25,7196
D06,PM-1002,2026-06-01,6983
D06,PM-1002,2026-06-08,7398
D06,PM-1002,2026-06-15,7554
D06,PM-1002,2026-06-22,10630
D06,PW-1032,2024-01-01,5288
D06,PW-1032,2024-01-08,5228
D06,PW-1032,2024-01-15,5266
D06,PW-1032,2024-01-22,5422
D06,PW-1032,2024-01-29,5380
D06,PW-1032,2024-02-05,5398
D06,PW-1032,2024-02-12,5345
D06,PW-1032,2024-02-19,5286
D06,PW-1032,2024-02-26,5259
D06,PW-1032,2024-03-04,5215
D06,PW-1032,2024-03-11,5132
D06,PW-1032,2024-03-18,5115
D06,PW-1032,2024-03-25,5251
D06,PW-1032,2024-04-01,5218
D06,PW-1032,2024-04-08,4888
D06,PW-1032,2024-04-15,4288
D06,PW-1032,2024-04-22,3840
D06,PW-1032,2024-04-29,3656
D06,PW-1032,2024-05-06,3584
D06,PW-1032,2024-05-13,3882
D06,PW-1032,2024-05-20,3870
D06,PW-1032,2024-05-27,3758
D06,PW-1032,2024-06-03,4199
D06,PW-1032,2024-06-10,4671
D06,PW-1032,2024-06-17,4793
D06,PW-1032,2024-06-24,6004
D06,PW-1032,2024-07-01,5277
D06,PW-1032,2024-07-08,5494
D06,PW-1032,2024-07-15,6650
D06,PW-1032,2024-07-22,7089
D06,PW-1032,2024-07-29,7035
D06,PW-1032,2024-08-05,6674
D06,PW-1032,2024-08-12,6522
D06,PW-1032,2024-08-19,6195
D06,PW-1032,2024-08-26,6048
D06,PW-1032,2024-09-02,5650
D06,PW-1032,2024-09-09,5544
D06,PW-1032,2024-09-16,4938
D06,PW-1032,2024-09-23,5587
D06,PW-1032,2024-09-30,5662
D06,PW-1032,2024-10-07,5843
D06,PW-1032,2024-10-14,5811
D06,PW-1032,2024-10-21,5828
D06,PW-1032,2024-10-28,6310
D06,PW-1032,2024-11-04,5724
D06,PW-1032,2024-11-11,5374
D06,PW-1032,2024-11-18,5379
D06,PW-1032,2024-11-25,5885
D06,PW-1032,2024-12-02,5810
D06,PW-1032,2024-12-09,5922
D06,PW-1032,2024-12-16,5927
D06,PW-1032,2024-12-23,6346
D06,PW-1032,2024-12-30,6850
D06,PW-1032,2025-01-06,6630
D06,PW-1032,2025-01-13,6182
D06,PW-1032,2025-01-20,5602
D06,PW-1032,2025-01-27,5572
D06,PW-1032,2025-02-03,5055
D06,PW-1032,2025-02-10,5345
D06,PW-1032,2025-02-17,4797
D06,PW-1032,2025-02-24,4601
D06,PW-1032,2025-03-03,4944
D06,PW-1032,2025-03-10,5627
D06,PW-1032,2025-03-17,5598
D06,PW-1032,2025-03-24,5244
D06,PW-1032,2025-03-31,4922
D06,PW-1032,2025-04-07,5406
D06,PW-1032,2025-04-14,5450
D06,PW-1032,2025-04-21,5359
D06,PW-1032,2025-04-28,4887
D06,PW-1032,2025-05-05,4131
D06,PW-1032,2025-05-12,3669
D06,PW-1032,2025-05-19,4820
D06,PW-1032,2025-05-26,5388
D06,PW-1032,2025-06-02,5081
D06,PW-1032,2025-06-09,5962
D06,PW-1032,2025-06-16,6088
D06,PW-1032,2025-06-23,6098
D06,PW-1032,2025-06-30,5595
D06,PW-1032,2025-07-07,6313
D06,PW-1032,2025-07-14,5867
D06,PW-1032,2025-07-21,6724
D06,PW-1032,2025-07-28,7292
D06,PW-1032,2025-08-04,6482
D06,PW-1032,2025-08-11,6382
D06,PW-1032,2025-08-18,6774
D06,PW-1032,2025-08-25,6324
D06,PW-1032,2025-09-01,6192
D06,PW-1032,2025-09-08,6449
D06,PW-1032,2025-09-15,6652
D06,PW-1032,2025-09-22,6767
D06,PW-1032,2025-09-29,6067
D06,PW-1032,2025-10-06,6504
D06,PW-1032,2025-10-13,6518
D06,PW-1032,2025-10-20,6933
D06,PW-1032,2025-10-27,7572
D06,PW-1032,2025-11-03,7120
D06,PW-1032,2025-11-10,6823
D06,PW-1032,2025-11-17,6895
D06,PW-1032,2025-11-24,7417
D06,PW-1032,2025-12-01,6865
D06,PW-1032,2025-12-08,7511
D06,PW-1032,2025-12-15,7515
D06,PW-1032,2025-12-22,7272
D06,PW-1032,2025-12-29,6952
D06,PW-1032,2026-01-05,6671
D06,PW-1032,2026-01-12,6409
D06,PW-1032,2026-01-19,6407
D06,PW-1032,2026-01-26,6980
D06,PW-1032,2026-02-02,6436
D06,PW-1032,2026-02-09,6533
D06,PW-1032,2026-02-16,5945
D06,PW-1032,2026-02-23,5718
D06,PW-1032,2026-03-02,5792
D06,PW-1032,2026-03-09,5323
D06,PW-1032,2026-03-16,5617
D06,PW-1032,2026-03-23,5247
D06,PW-1032,2026-03-30,4813
D06,PW-1032,2026-04-06,4368
D06,PW-1032,2026-04-13,4144
D06,PW-1032,2026-04-20,4498
D06,PW-1032,2026-04-27,3980
D06,PW-1032,2026-05-04,4268
D06,PW-1032,2026-05-11,3823
D06,PW-1032,2026-05-18,4116
D06,PW-1032,2026-05-25,4502
D06,PW-1032,2026-06-01,5444
D06,PW-1032,2026-06-08,6827
D06,PW-1032,2026-06-15,6740
D06,PW-1032,2026-06-22,7395
D06,IS-1022,2024-01-01,1828
D06,IS-1022,2024-01-08,1750
D06,IS-1022,2024-01-15,1804
D06,IS-1022,2024-01-22,1938
D06,IS-1022,2024-01-29,1935
D06,IS-1022,2024-02-05,1833
D06,IS-1022,2024-02-12,1852
D06,IS-1022,2024-02-19,1791
D06,IS-1022,2024-02-26,1902
D06,IS-1022,2024-03-04,1911
D06,IS-1022,2024-03-11,1834
D06,IS-1022,2024-03-18,1853
D06,IS-1022,2024-03-25,1751
D06,IS-1022,2024-04-01,1727
D06,IS-1022,2024-04-08,1563
D06,IS-1022,2024-04-15,1397
D06,IS-1022,2024-04-22,1539
D06,IS-1022,2024-04-29,1632
D06,IS-1022,2024-05-06,1643
D06,IS-1022,2024-05-13,1883
D06,IS-1022,2024-05-20,1819
D06,IS-1022,2024-05-27,1907
D06,IS-1022,2024-06-03,1999
D06,IS-1022,2024-06-10,1996
D06,IS-1022,2024-06-17,2022
D06,IS-1022,2024-06-24,1925
D06,IS-1022,2024-07-01,2044
D06,IS-1022,2024-07-08,1951
D06,IS-1022,2024-07-15,1807
D06,IS-1022,2024-07-22,1739
D06,IS-1022,2024-07-29,1749
D06,IS-1022,2024-08-05,2061
D06,IS-1022,2024-08-12,2246
D06,IS-1022,2024-08-19,2049
D06,IS-1022,2024-08-26,1985
D06,IS-1022,2024-09-02,1933
D06,IS-1022,2024-09-09,1952
D06,IS-1022,2024-09-16,2076
D06,IS-1022,2024-09-23,2016
D06,IS-1022,2024-09-30,1832
D06,IS-1022,2024-10-07,1607
D06,IS-1022,2024-10-14,1769
D06,IS-1022,2024-10-21,1716
D06,IS-1022,2024-10-28,1693
D06,IS-1022,2024-11-04,1874
D06,IS-1022,2024-11-11,1922
D06,IS-1022,2024-11-18,1762
D06,IS-1022,2024-11-25,2187
D06,IS-1022,2024-12-02,2031
D06,IS-1022,2024-12-09,2043
D06,IS-1022,2024-12-16,2158
D06,IS-1022,2024-12-23,2450
D06,IS-1022,2024-12-30,2520
D06,IS-1022,2025-01-06,2463
D06,IS-1022,2025-01-13,2310
D06,IS-1022,2025-01-20,2271
D06,IS-1022,2025-01-27,2097
D06,IS-1022,2025-02-03,1983
D06,IS-1022,2025-02-10,1770
D06,IS-1022,2025-02-17,1598
D06,IS-1022,2025-02-24,1398
D06,IS-1022,2025-03-03,1319
D06,IS-1022,2025-03-10,1374
D06,IS-1022,2025-03-17,1175
D06,IS-1022,2025-03-24,1229
D06,IS-1022,2025-03-31,1503
D06,IS-1022,2025-04-07,1464
D06,IS-1022,2025-04-14,1501
D06,IS-1022,2025-04-21,1504
D06,IS-1022,2025-04-28,1628
D06,IS-1022,2025-05-05,1417
D06,IS-1022,2025-05-12,1452
D06,IS-1022,2025-05-19,1517
D06,IS-1022,2025-05-26,1686
D06,IS-1022,2025-06-02,1490
D06,IS-1022,2025-06-09,1641
D06,IS-1022,2025-06-16,2074
D06,IS-1022,2025-06-23,1941
D06,IS-1022,2025-06-30,1915
D06,IS-1022,2025-07-07,1829
D06,IS-1022,2025-07-14,1760
D06,IS-1022,2025-07-21,1701
D06,IS-1022,2025-07-28,1656
D06,IS-1022,2025-08-04,1533
D06,IS-1022,2025-08-11,1514
D06,IS-1022,2025-08-18,1728
D06,IS-1022,2025-08-25,1732
D06,IS-1022,2025-09-01,2001
D06,IS-1022,2025-09-08,1941
D06,IS-1022,2025-09-15,1963
D06,IS-1022,2025-09-22,1820
D06,IS-1022,2025-09-29,1865
D06,IS-1022,2025-10-06,2165
D06,IS-1022,2025-10-13,2156
D06,IS-1022,2025-10-20,2244
D06,IS-1022,2025-10-27,2206
D06,IS-1022,2025-11-03,2269
D06,IS-1022,2025-11-10,2101
D06,IS-1022,2025-11-17,2212
D06,IS-1022,2025-11-24,2416
D06,IS-1022,2025-12-01,2262
D06,IS-1022,2025-12-08,2002
D06,IS-1022,2025-12-15,1947
D06,IS-1022,2025-12-22,2043
D06,IS-1022,2025-12-29,2127
D06,IS-1022,2026-01-05,2060
D06,IS-1022,2026-01-12,1912
D06,IS-1022,2026-01-19,1734
D06,IS-1022,2026-01-26,1589
D06,IS-1022,2026-02-02,1562
D06,IS-1022,2026-02-09,1437
D06,IS-1022,2026-02-16,1233
D06,IS-1022,2026-02-23,1062
D06,IS-1022,2026-03-02,1462
D06,IS-1022,2026-03-09,1274
D06,IS-1022,2026-03-16,1780
D06,IS-1022,2026-03-23,2075
D06,IS-1022,2026-03-30,2028
D06,IS-1022,2026-04-06,1932
D06,IS-1022,2026-04-13,2078
D06,IS-1022,2026-04-20,2018
D06,IS-1022,2026-04-27,1832
D06,IS-1022,2026-05-04,1621
D06,IS-1022,2026-05-11,1418
D06,IS-1022,2026-05-18,1287
D06,IS-1022,2026-05-25,1196
D06,IS-1022,2026-06-01,1293
D06,IS-1022,2026-06-08,1089
D06,IS-1022,2026-06-15,1064
D06,IS-1022,2026-06-22,1291
D06,PM-1003,2024-01-01,11822
D06,PM-1003,2024-01-08,11869
D06,PM-1003,2024-01-15,11617
D06,PM-1003,2024-01-22,10648
D06,PM-1003,2024-01-29,9452
D06,PM-1003,2024-02-05,8986
D06,PM-1003,2024-02-12,10290
D06,PM-1003,2024-02-19,9991
D06,PM-1003,2024-02-26,10553
D06,PM-1003,2024-03-04,10099
D06,PM-1003,2024-03-11,12298
D06,PM-1003,2024-03-18,11226
D06,PM-1003,2024-03-25,11056
D06,PM-1003,2024-04-01,9875
D06,PM-1003,2024-04-08,10213
D06,PM-1003,2024-04-15,10986
D06,PM-1003,2024-04-22,10480
D06,PM-1003,2024-04-29,10976
D06,PM-1003,2024-05-06,10238
D06,PM-1003,2024-05-13,10386
D06,PM-1003,2024-05-20,8749
D06,PM-1003,2024-05-27,10134
D06,PM-1003,2024-06-03,13220
D06,PM-1003,2024-06-10,12371
D06,PM-1003,2024-06-17,11364
D06,PM-1003,2024-06-24,10876
D06,PM-1003,2024-07-01,11204
D06,PM-1003,2024-07-08,9668
D06,PM-1003,2024-07-15,11564
D06,PM-1003,2024-07-22,11485
D06,PM-1003,2024-07-29,11850
D06,PM-1003,2024-08-05,11448
D06,PM-1003,2024-08-12,12290
D06,PM-1003,2024-08-19,12583
D06,PM-1003,2024-08-26,12500
D06,PM-1003,2024-09-02,14062
D06,PM-1003,2024-09-09,13924
D06,PM-1003,2024-09-16,16275
D06,PM-1003,2024-09-23,16911
D06,PM-1003,2024-09-30,16663
D06,PM-1003,2024-10-07,16326
D06,PM-1003,2024-10-14,16846
D06,PM-1003,2024-10-21,16399
D06,PM-1003,2024-10-28,15083
D06,PM-1003,2024-11-04,16405
D06,PM-1003,2024-11-11,15685
D06,PM-1003,2024-11-18,14785
D06,PM-1003,2024-11-25,14442
D06,PM-1003,2024-12-02,13832
D06,PM-1003,2024-12-09,13920
D06,PM-1003,2024-12-16,12883
D06,PM-1003,2024-12-23,11443
D06,PM-1003,2024-12-30,10450
D06,PM-1003,2025-01-06,9276
D06,PM-1003,2025-01-13,10145
D06,PM-1003,2025-01-20,10628
D06,PM-1003,2025-01-27,10391
D06,PM-1003,2025-02-03,9662
D06,PM-1003,2025-02-10,10029
D06,PM-1003,2025-02-17,9893
D06,PM-1003,2025-02-24,10878
D06,PM-1003,2025-03-03,11944
D06,PM-1003,2025-03-10,11082
D06,PM-1003,2025-03-17,10987
D06,PM-1003,2025-03-24,11176
D06,PM-1003,2025-03-31,10381
D06,PM-1003,2025-04-07,10617
D06,PM-1003,2025-04-14,10924
D06,PM-1003,2025-04-21,10389
D06,PM-1003,2025-04-28,10167
D06,PM-1003,2025-05-05,10397
D06,PM-1003,2025-05-12,9005
D06,PM-1003,2025-05-19,9740
D06,PM-1003,2025-05-26,10087
D06,PM-1003,2025-06-02,10542
D06,PM-1003,2025-06-09,10808
D06,PM-1003,2025-06-16,11230
D06,PM-1003,2025-06-23,12778
D06,PM-1003,2025-06-30,12733
D06,PM-1003,2025-07-07,13408
D06,PM-1003,2025-07-14,12799
D06,PM-1003,2025-07-21,13274
D06,PM-1003,2025-07-28,13458
D06,PM-1003,2025-08-04,12734
D06,PM-1003,2025-08-11,11821
D06,PM-1003,2025-08-18,10231
D06,PM-1003,2025-08-25,10676
D06,PM-1003,2025-09-01,11695
D06,PM-1003,2025-09-08,11172
D06,PM-1003,2025-09-15,11071
D06,PM-1003,2025-09-22,11438
D06,PM-1003,2025-09-29,12424
D06,PM-1003,2025-10-06,14237
D06,PM-1003,2025-10-13,14168
D06,PM-1003,2025-10-20,15208
D06,PM-1003,2025-10-27,16106
D06,PM-1003,2025-11-03,15826
D06,PM-1003,2025-11-10,14857
D06,PM-1003,2025-11-17,13519
D06,PM-1003,2025-11-24,12448
D06,PM-1003,2025-12-01,11891
D06,PM-1003,2025-12-08,13053
D06,PM-1003,2025-12-15,12544
D06,PM-1003,2025-12-22,11639
D06,PM-1003,2025-12-29,12999
D06,PM-1003,2026-01-05,13540
D06,PM-1003,2026-01-12,14670
D06,PM-1003,2026-01-19,13940
D06,PM-1003,2026-01-26,14927
D06,PM-1003,2026-02-02,13912
D06,PM-1003,2026-02-09,12722
D06,PM-1003,2026-02-16,11665
D06,PM-1003,2026-02-23,10302
D06,PM-1003,2026-03-02,9812
D06,PM-1003,2026-03-09,8560
D06,PM-1003,2026-03-16,8237
D06,PM-1003,2026-03-23,8307
D06,PM-1003,2026-03-30,8298
D06,PM-1003,2026-04-06,7813
D06,PM-1003,2026-04-13,8138
D06,PM-1003,2026-04-20,10362
D06,PM-1003,2026-04-27,10371
D06,PM-1003,2026-05-04,10319
D06,PM-1003,2026-05-11,10652
D06,PM-1003,2026-05-18,11370
D06,PM-1003,2026-05-25,11677
D06,PM-1003,2026-06-01,10923
D06,PM-1003,2026-06-08,10747
D06,PM-1003,2026-06-15,10534
D06,PM-1003,2026-06-22,10297
D06,PW-1033,2024-01-01,4944
D06,PW-1033,2024-01-08,4954
D06,PW-1033,2024-01-15,5000
D06,PW-1033,2024-01-22,4827
D06,PW-1033,2024-01-29,5152
D06,PW-1033,2024-02-05,5238
D06,PW-1033,2024-02-12,5289
D06,PW-1033,2024-02-19,5276
D06,PW-1033,2024-02-26,5264
D06,PW-1033,2024-03-04,5313
D06,PW-1033,2024-03-11,5399
D06,PW-1033,2024-03-18,5259
D06,PW-1033,2024-03-25,5276
D06,PW-1033,2024-04-01,5072
D06,PW-1033,2024-04-08,4781
D06,PW-1033,2024-04-15,4528
D06,PW-1033,2024-04-22,4383
D06,PW-1033,2024-04-29,4148
D06,PW-1033,2024-05-06,3936
D06,PW-1033,2024-05-13,3889
D06,PW-1033,2024-05-20,3848
D06,PW-1033,2024-05-27,3842
D06,PW-1033,2024-06-03,3570
D06,PW-1033,2024-06-10,3715
D06,PW-1033,2024-06-17,3797
D06,PW-1033,2024-06-24,4333
D06,PW-1033,2024-07-01,4545
D06,PW-1033,2024-07-08,4430
D06,PW-1033,2024-07-15,4787
D06,PW-1033,2024-07-22,4620
D06,PW-1033,2024-07-29,4919
D06,PW-1033,2024-08-05,4639
D06,PW-1033,2024-08-12,4812
D06,PW-1033,2024-08-19,4853
D06,PW-1033,2024-08-26,4812
D06,PW-1033,2024-09-02,5398
D06,PW-1033,2024-09-09,5693
D06,PW-1033,2024-09-16,5536
D06,PW-1033,2024-09-23,5820
D06,PW-1033,2024-09-30,6227
D06,PW-1033,2024-10-07,6650
D06,PW-1033,2024-10-14,7123
D06,PW-1033,2024-10-21,6878
D06,PW-1033,2024-10-28,6949
D06,PW-1033,2024-11-04,6834
D06,PW-1033,2024-11-11,6808
D06,PW-1033,2024-11-18,6881
D06,PW-1033,2024-11-25,6399
D06,PW-1033,2024-12-02,5844
D06,PW-1033,2024-12-09,5463
D06,PW-1033,2024-12-16,4957
D06,PW-1033,2024-12-23,4457
D06,PW-1033,2024-12-30,4103
D06,PW-1033,2025-01-06,4386
D06,PW-1033,2025-01-13,4265
D06,PW-1033,2025-01-20,4299
D06,PW-1033,2025-01-27,3899
D06,PW-1033,2025-02-03,4255
D06,PW-1033,2025-02-10,3833
D06,PW-1033,2025-02-17,4318
D06,PW-1033,2025-02-24,3982
D06,PW-1033,2025-03-03,3418
D06,PW-1033,2025-03-10,3629
D06,PW-1033,2025-03-17,3667
D06,PW-1033,2025-03-24,5294
D06,PW-1033,2025-03-31,4956
D06,PW-1033,2025-04-07,4370
D06,PW-1033,2025-04-14,4291
D06,PW-1033,2025-04-21,3659
D06,PW-1033,2025-04-28,3797
D06,PW-1033,2025-05-05,4492
D06,PW-1033,2025-05-12,4873
D06,PW-1033,2025-05-19,4284
D06,PW-1033,2025-05-26,4529
D06,PW-1033,2025-06-02,4813
D06,PW-1033,2025-06-09,4752
D06,PW-1033,2025-06-16,5058
D06,PW-1033,2025-06-23,4944
D06,PW-1033,2025-06-30,5548
D06,PW-1033,2025-07-07,5671
D06,PW-1033,2025-07-14,5668
D06,PW-1033,2025-07-21,5681
D06,PW-1033,2025-07-28,5821
D06,PW-1033,2025-08-04,6130
D06,PW-1033,2025-08-11,6024
D06,PW-1033,2025-08-18,5650
D06,PW-1033,2025-08-25,5359
D06,PW-1033,2025-09-01,5292
D06,PW-1033,2025-09-08,5365
D06,PW-1033,2025-09-15,5495
D06,PW-1033,2025-09-22,5680
D06,PW-1033,2025-09-29,5343
D06,PW-1033,2025-10-06,6510
D06,PW-1033,2025-10-13,7180
D06,PW-1033,2025-10-20,6843
D06,PW-1033,2025-10-27,7527
D06,PW-1033,2025-11-03,7199
D06,PW-1033,2025-11-10,7314
D06,PW-1033,2025-11-17,7677
D06,PW-1033,2025-11-24,7578
D06,PW-1033,2025-12-01,6872
D06,PW-1033,2025-12-08,6602
D06,PW-1033,2025-12-15,6638
D06,PW-1033,2025-12-22,6832
D06,PW-1033,2025-12-29,6834
D06,PW-1033,2026-01-05,6410
D06,PW-1033,2026-01-12,6037
D06,PW-1033,2026-01-19,6267
D06,PW-1033,2026-01-26,6336
D06,PW-1033,2026-02-02,6247
D06,PW-1033,2026-02-09,6759
D06,PW-1033,2026-02-16,6420
D06,PW-1033,2026-02-23,6924
D06,PW-1033,2026-03-02,6585
D06,PW-1033,2026-03-09,6127
D06,PW-1033,2026-03-16,5907
D06,PW-1033,2026-03-23,5450
D06,PW-1033,2026-03-30,5967
D06,PW-1033,2026-04-06,5184
D06,PW-1033,2026-04-13,4574
D06,PW-1033,2026-04-20,3870
D06,PW-1033,2026-04-27,3454
D06,PW-1033,2026-05-04,3375
D06,PW-1033,2026-05-11,3554
D06,PW-1033,2026-05-18,4122
D06,PW-1033,2026-05-25,3806
D06,PW-1033,2026-06-01,4888
D06,PW-1033,2026-06-08,5254
D06,PW-1033,2026-06-15,4638
D06,PW-1033,2026-06-22,5303
