shipment_id,order_id,line_id,ship_date,qty_shipped
SH700001,SO500001,1,2024-05-14,300
SH700002,SO500002,1,2024-05-07,300
SH700003,SO500003,1,2024-05-24,300
SH700004,SO500004,1,2024-04-22,300
SH700005,SO500005,1,2024-04-18,300
SH700006,SO500006,1,2024-04-25,300
SH700007,SO500007,1,2024-04-05,300
SH700008,SO500008,1,2024-03-27,300
SH700009,SO500009,1,2024-03-19,300
SH700010,SO500010,1,2024-03-11,300
SH700011,SO500011,1,2024-03-08,300
SH700012,SO500012,1,2024-02-26,300
SH700013,SO500013,1,2024-02-19,300
SH700014,SO500014,1,2024-02-14,150
SH700015,SO500014,1,2024-02-29,150
SH700016,SO500015,1,2024-02-09,300
SH700017,SO500016,1,2024-02-20,300
SH700018,SO500017,1,2024-01-22,150
SH700019,SO500017,1,2024-02-09,150
SH700020,SO500018,1,2024-01-17,150
SH700021,SO500018,1,2024-02-08,150
SH700022,SO500019,1,2024-01-09,300
SH700023,SO500020,1,2024-01-04,300
SH700024,SO500021,1,2024-05-23,400
SH700025,SO500022,1,2024-06-06,300
SH700026,SO500023,1,2024-06-10,150
SH700027,SO500024,1,2024-06-20,250
SH700028,SO500025,1,2024-06-26,400
SH700029,SO500026,1,2024-07-03,400
SH700030,SO500027,1,2024-07-11,450
SH700031,SO500028,1,2024-07-15,450
SH700032,SO500029,1,2024-07-22,550
SH700033,SO500030,1,2024-07-29,300
SH700034,SO500031,1,2024-08-09,200
SH700035,SO500032,1,2024-08-15,150
SH700036,SO500033,1,2024-08-20,100
SH700037,SO500034,1,2024-08-29,150
SH700038,SO500035,1,2024-09-04,450
SH700039,SO500036,1,2024-09-10,300
SH700040,SO500037,1,2024-09-20,450
SH700041,SO500038,1,2024-09-25,850
SH700042,SO500039,1,2024-10-08,650
SH700043,SO500040,1,2024-10-10,950
SH700044,SO500041,1,2024-10-18,450
SH700045,SO500042,1,2024-10-21,600
SH700046,SO500043,1,2024-10-31,150
SH700047,SO500044,1,2024-11-04,300
SH700048,SO500044,1,2024-11-11,200
SH700049,SO500045,1,2024-11-11,750
SH700050,SO500046,1,2024-11-25,350
SH700051,SO500047,1,2024-12-05,300
SH700052,SO500048,1,2024-12-10,400
SH700053,SO500049,1,2024-12-19,50
SH700054,SO500049,1,2024-12-23,50
SH700055,SO500050,1,2024-12-23,550
SH700056,SO500051,1,2025-01-01,300
SH700057,SO500052,1,2025-01-09,200
SH700058,SO500053,1,2025-01-15,650
SH700059,SO500054,1,2025-01-21,700
SH700060,SO500055,1,2025-01-29,200
SH700061,SO500056,1,2025-02-05,50
SH700062,SO500056,1,2025-02-19,100
SH700063,SO500057,1,2025-02-13,650
SH700064,SO500058,1,2025-02-19,300
SH700065,SO500059,1,2025-02-28,800
SH700066,SO500060,1,2025-03-04,450
SH700067,SO500061,1,2025-03-14,200
SH700068,SO500061,1,2025-03-31,150
SH700069,SO500062,1,2025-03-20,350
SH700070,SO500063,1,2025-03-24,50
SH700071,SO500064,1,2025-04-04,350
SH700072,SO500065,1,2025-04-08,50
SH700073,SO500066,1,2025-04-14,150
SH700074,SO500067,1,2025-05-02,50
SH700075,SO500068,1,2025-05-08,250
SH700076,SO500069,1,2025-05-19,50
SH700077,SO500070,1,2025-05-28,600
SH700078,SO500071,1,2025-06-05,800
SH700079,SO500072,1,2025-07-04,1050
SH700080,SO500073,1,2025-06-17,1650
SH700081,SO500074,1,2025-06-25,400
SH700082,SO500075,1,2025-07-03,300
SH700083,SO500076,1,2025-07-10,150
SH700084,SO500076,1,2025-07-31,100
SH700085,SO500077,1,2025-07-14,750
SH700086,SO500078,1,2025-07-25,250
SH700087,SO500079,1,2025-07-30,200
SH700088,SO500080,1,2025-08-18,450
SH700089,SO500081,1,2025-08-27,450
SH700090,SO500081,1,2025-09-19,350
SH700091,SO500082,1,2025-10-23,900
SH700092,SO500083,1,2025-09-08,250
SH700093,SO500084,1,2025-10-16,250
SH700094,SO500085,1,2025-09-22,550
SH700095,SO500086,1,2026-01-12,650
SH700096,SO500087,1,2025-10-07,1200
SH700097,SO500088,1,2025-10-17,350
SH700098,SO500089,1,2025-11-26,850
SH700099,SO500090,1,2026-01-09,400
SH700100,SO500091,1,2026-01-20,400
SH700101,SO500092,1,2026-01-07,350
SH700102,SO500092,1,2026-01-29,250
SH700103,SO500093,1,2025-11-18,350
SH700104,SO500094,1,2026-01-09,600
SH700105,SO500095,1,2026-05-14,300
SH700106,SO500096,1,2026-06-18,350
SH700107,SO500097,1,2026-06-24,250
SH700108,SO500098,1,2026-05-22,150
SH700109,SO500098,1,2026-06-10,150
SH700110,SO500099,1,2026-06-12,400
SH700111,SO500001,2,2024-03-21,1500
SH700112,SO500002,2,2024-03-12,750
SH700113,SO500002,2,2024-03-28,750
SH700114,SO500003,2,2024-03-04,1500
SH700115,SO500004,2,2024-02-27,1500
SH700116,SO500005,2,2024-02-21,1500
SH700117,SO500006,2,2024-02-14,1500
SH700118,SO500007,2,2024-02-06,1500
SH700119,SO500008,2,2024-01-30,1500
SH700120,SO500009,2,2024-01-26,1500
SH700121,SO500010,2,2024-01-16,1500
SH700122,SO500011,2,2024-01-10,1500
SH700123,SO500012,2,2024-01-01,1500
SH700124,SO500021,2,2024-04-18,2750
SH700125,SO500119,1,2024-04-02,250
SH700126,SO500022,2,2024-04-09,750
SH700127,SO500023,2,2024-04-16,750
SH700128,SO500024,2,2024-04-25,500
SH700129,SO500025,2,2024-05-01,1000
SH700130,SO500026,2,2024-05-08,2750
SH700131,SO500027,2,2024-05-17,3250
SH700132,SO500028,2,2024-05-23,500
SH700133,SO500029,2,2024-05-28,4250
SH700134,SO500030,2,2024-06-07,2250
SH700135,SO500031,2,2024-06-17,4000
SH700136,SO500032,2,2024-06-19,2500
SH700137,SO500033,2,2024-06-28,2250
SH700138,SO500034,2,2024-07-02,1250
SH700139,SO500035,2,2024-07-10,4500
SH700140,SO500036,2,2024-07-18,3000
SH700141,SO500038,2,2024-07-29,3000
SH700142,SO500039,2,2024-08-06,250
SH700143,SO500039,2,2024-08-29,250
SH700144,SO500040,2,2024-08-13,1500
SH700145,SO500041,2,2024-08-20,3000
SH700146,SO500042,2,2024-08-27,1750
SH700147,SO500044,2,2024-09-10,250
SH700148,SO500044,2,2024-09-26,500
SH700149,SO500045,2,2024-09-18,2500
SH700150,SO500120,1,2024-09-25,1500
SH700151,SO500046,2,2024-10-01,500
SH700152,SO500047,2,2024-10-10,2750
SH700153,SO500049,2,2024-10-25,500
SH700154,SO500050,2,2024-11-01,1250
SH700155,SO500051,2,2024-11-08,1750
SH700156,SO500052,2,2024-11-12,500
SH700157,SO500053,2,2024-12-10,2000
SH700158,SO500054,2,2024-11-26,1500
SH700159,SO500055,2,2024-12-05,500
SH700160,SO500056,2,2024-12-12,1500
SH700161,SO500057,2,2024-12-20,2250
SH700162,SO500058,2,2024-12-26,1750
SH700163,SO500059,2,2024-12-30,250
SH700164,SO500060,2,2025-01-06,2500
SH700165,SO500061,2,2025-01-17,750
SH700166,SO500062,2,2025-01-23,750
SH700167,SO500064,2,2025-02-07,1750
SH700168,SO500065,2,2025-02-12,1250
SH700169,SO500066,2,2025-02-19,1000
SH700170,SO500121,1,2025-02-24,2000
SH700171,SO500067,2,2025-03-05,1000
SH700172,SO500068,2,2025-03-14,2500
SH700173,SO500122,1,2025-03-19,1500
SH700174,SO500069,2,2025-03-25,1750
SH700175,SO500070,2,2025-04-01,750
SH700176,SO500071,2,2025-04-11,2000
SH700177,SO500072,2,2025-04-18,1750
SH700178,SO500072,2,2025-05-06,1250
SH700179,SO500073,2,2025-05-09,1500
SH700180,SO500076,2,2025-05-14,750
SH700181,SO500076,2,2025-06-06,750
SH700182,SO500077,2,2025-05-22,2250
SH700183,SO500078,2,2025-05-26,2250
SH700184,SO500079,2,2025-06-04,1750
SH700185,SO500123,1,2025-06-12,1000
SH700186,SO500124,1,2025-06-16,3500
SH700187,SO500080,2,2025-06-26,3000
SH700188,SO500081,2,2025-07-02,2250
SH700189,SO500082,2,2025-07-09,1750
SH700190,SO500082,2,2025-07-25,1500
SH700191,SO500083,2,2025-07-14,1250
SH700192,SO500084,2,2025-07-22,3000
SH700193,SO500085,2,2025-07-28,2250
SH700194,SO500086,2,2025-08-07,2250
SH700195,SO500087,2,2025-08-12,1750
SH700196,SO500087,2,2025-09-04,1500
SH700197,SO500088,2,2025-08-27,2000
SH700198,SO500089,2,2025-08-25,5250
SH700199,SO500090,2,2025-09-05,1500
SH700200,SO500091,2,2025-09-12,1750
SH700201,SO500092,2,2025-09-17,2000
SH700202,SO500093,2,2025-09-24,750
SH700203,SO500094,2,2025-09-29,1250
SH700204,SO500125,1,2025-10-09,1000
SH700205,SO500126,1,2025-10-14,3000
SH700206,SO500127,1,2025-10-27,1250
SH700207,SO500127,1,2025-11-17,1000
SH700208,SO500128,1,2025-11-06,3750
SH700209,SO500129,1,2025-11-14,3250
SH700210,SO500130,1,2025-11-21,3000
SH700211,SO500131,1,2025-11-25,3750
SH700212,SO500132,1,2025-12-08,250
SH700213,SO500133,1,2025-12-17,1000
SH700214,SO500134,1,2025-12-24,750
SH700215,SO500135,1,2026-01-16,1750
SH700216,SO500135,1,2026-01-21,1250
SH700217,SO500136,1,2026-01-22,250
SH700218,SO500137,1,2026-01-29,3000
SH700219,SO500095,2,2026-02-03,1500
SH700220,SO500096,2,2026-02-11,2000
SH700221,SO500097,2,2026-02-19,1500
SH700222,SO500098,2,2026-02-27,2250
SH700223,SO500138,1,2026-03-06,3000
SH700224,SO500099,2,2026-03-11,1750
SH700225,SO500100,2,2026-03-18,2000
SH700226,SO500139,1,2026-03-26,2000
SH700227,SO500140,1,2026-03-31,1000
SH700228,SO500101,2,2026-04-09,1500
SH700229,SO500102,2,2026-04-14,3000
SH700230,SO500141,1,2026-04-22,2500
SH700231,SO500103,2,2026-05-01,1250
SH700232,SO500104,2,2026-05-04,1750
SH700233,SO500142,1,2026-05-13,2250
SH700234,SO500105,2,2026-05-22,3250
SH700235,SO500106,2,2026-05-27,3250
SH700236,SO500143,1,2026-06-03,1750
SH700237,SO500144,1,2026-06-12,1000
SH700238,SO500108,2,2026-06-23,1750
SH700239,SO500001,3,2024-05-17,350
SH700240,SO500001,3,2024-06-04,250
SH700241,SO500002,3,2024-05-06,600
SH700242,SO500003,3,2024-04-30,600
SH700243,SO500004,3,2024-04-23,600
SH700244,SO500005,3,2024-04-18,350
SH700245,SO500005,3,2024-04-29,250
SH700246,SO500006,3,2024-04-12,600
SH700247,SO500007,3,2024-04-01,600
SH700248,SO500008,3,2024-03-28,600
SH700249,SO500009,3,2024-03-22,600
SH700250,SO500010,3,2024-03-13,600
SH700251,SO500011,3,2024-03-06,600
SH700252,SO500012,3,2024-02-28,600
SH700253,SO500013,2,2024-02-22,600
SH700254,SO500014,2,2024-02-16,600
SH700255,SO500015,2,2024-02-06,600
SH700256,SO500016,2,2024-02-02,600
SH700257,SO500017,2,2024-01-26,600
SH700258,SO500018,2,2024-01-18,600
SH700259,SO500019,2,2024-01-09,600
SH700260,SO500020,2,2024-01-02,600
SH700261,SO500021,3,2024-05-22,550
SH700262,SO500119,2,2024-05-30,650
SH700263,SO500022,3,2024-06-06,1950
SH700264,SO500024,3,2024-06-21,500
SH700265,SO500025,3,2024-06-28,100
SH700266,SO500025,3,2024-07-01,100
SH700267,SO500026,3,2024-07-05,500
SH700268,SO500026,3,2024-07-19,350
SH700269,SO500027,3,2024-07-11,650
SH700270,SO500028,3,2024-07-17,800
SH700271,SO500028,3,2024-07-24,600
SH700272,SO500029,3,2024-07-22,1250
SH700273,SO500031,3,2024-08-08,1750
SH700274,SO500033,3,2024-08-20,1100
SH700275,SO500033,3,2024-09-04,800
SH700276,SO500034,3,2024-08-26,900
SH700277,SO500035,3,2024-09-06,900
SH700278,SO500035,3,2024-09-11,600
SH700279,SO500036,3,2024-09-11,100
SH700280,SO500037,2,2024-09-23,100
SH700281,SO500038,3,2024-09-25,950
SH700282,SO500039,3,2024-10-02,500
SH700283,SO500040,3,2024-10-10,1050
SH700284,SO500040,3,2024-10-18,750
SH700285,SO500041,3,2024-10-17,850
SH700286,SO500043,2,2024-10-31,950
SH700287,SO500044,3,2024-11-05,1300
SH700288,SO500045,3,2024-11-15,1100
SH700289,SO500120,2,2024-11-18,50
SH700290,SO500046,3,2024-11-29,1100
SH700291,SO500048,2,2024-12-09,250
SH700292,SO500049,3,2024-12-19,700
SH700293,SO500050,3,2024-12-25,300
SH700294,SO500051,3,2025-01-07,650
SH700295,SO500052,3,2025-01-21,1400
SH700296,SO500053,3,2025-01-13,1100
SH700297,SO500054,3,2025-01-23,100
SH700298,SO500055,3,2025-01-28,1200
SH700299,SO500056,3,2025-02-03,1050
SH700300,SO500057,3,2025-02-14,1400
SH700301,SO500058,3,2025-02-19,350
SH700302,SO500059,3,2025-02-28,300
SH700303,SO500059,3,2025-03-18,200
SH700304,SO500061,3,2025-03-14,200
SH700305,SO500062,3,2025-03-18,100
SH700306,SO500063,2,2025-03-24,1150
SH700307,SO500064,3,2025-04-03,100
SH700308,SO500065,3,2025-04-08,1750
SH700309,SO500066,3,2025-04-16,250
SH700310,SO500121,2,2025-04-23,400
SH700311,SO500121,2,2025-05-05,300
SH700312,SO500067,3,2025-05-02,2200
SH700313,SO500068,3,2025-05-06,1150
SH700314,SO500122,2,2025-05-15,1000
SH700315,SO500069,3,2025-05-19,300
SH700316,SO500069,3,2025-06-10,250
SH700317,SO500070,3,2025-05-27,700
SH700318,SO500072,3,2025-06-10,450
SH700319,SO500072,3,2025-06-19,300
SH700320,SO500073,3,2025-06-17,850
SH700321,SO500076,3,2025-07-11,1300
SH700322,SO500077,3,2025-07-17,800
SH700323,SO500078,3,2025-08-08,200
SH700324,SO500079,3,2025-08-01,1500
SH700325,SO500123,2,2025-11-21,1550
SH700326,SO500124,2,2025-11-17,700
SH700327,SO500080,3,2025-09-17,1550
SH700328,SO500081,3,2025-11-26,250
SH700329,SO500082,3,2025-12-19,350
SH700330,SO500083,3,2025-09-11,900
SH700331,SO500084,3,2025-09-16,2550
SH700332,SO500085,3,2025-09-23,300
SH700333,SO500086,3,2025-12-25,1350
SH700334,SO500087,3,2025-10-10,1100
SH700335,SO500088,3,2025-10-16,1350
SH700336,SO500089,3,2025-10-22,950
SH700337,SO500089,3,2025-10-27,650
SH700338,SO500090,3,2025-10-29,2100
SH700339,SO500091,3,2026-02-17,950
SH700340,SO500147,1,2026-05-27,150
SH700341,SO500148,1,2026-05-07,300
SH700342,SO500135,2,2026-03-12,1000
SH700343,SO500136,2,2026-06-22,350
SH700344,SO500096,3,2026-04-10,450
SH700345,SO500139,2,2026-06-16,550
SH700346,SO500101,3,2026-06-02,300
SH700347,SO500101,3,2026-06-08,250
SH700348,SO500141,2,2026-06-15,450
SH700349,SO500001,4,2024-03-22,750
SH700350,SO500001,4,2024-04-04,500
SH700351,SO500002,4,2024-03-12,1250
SH700352,SO500003,4,2024-03-29,1250
SH700353,SO500004,4,2024-03-01,1250
SH700354,SO500005,4,2024-02-23,1250
SH700355,SO500006,4,2024-02-16,750
SH700356,SO500006,4,2024-02-26,500
SH700357,SO500007,4,2024-02-13,1250
SH700358,SO500008,4,2024-02-01,1250
SH700359,SO500009,4,2024-01-25,1250
SH700360,SO500010,4,2024-01-17,1250
SH700361,SO500011,4,2024-01-11,1250
SH700362,SO500012,4,2024-01-09,1250
SH700363,SO500021,4,2024-03-27,1000
SH700364,SO500119,3,2024-04-05,1000
SH700365,SO500022,4,2024-04-09,2250
SH700366,SO500023,3,2024-04-16,750
SH700367,SO500025,4,2024-05-02,1000
SH700368,SO500026,4,2024-05-10,750
SH700369,SO500027,4,2024-05-17,1250
SH700370,SO500028,4,2024-05-23,1500
SH700371,SO500029,4,2024-05-30,1500
SH700372,SO500030,3,2024-06-03,1250
SH700373,SO500031,4,2024-06-11,750
SH700374,SO500032,3,2024-06-19,1250
SH700375,SO500032,3,2024-07-03,1000
SH700376,SO500033,4,2024-06-26,2000
SH700377,SO500034,4,2024-07-02,1500
SH700378,SO500035,4,2024-07-09,750
SH700379,SO500036,4,2024-07-17,2250
SH700380,SO500037,3,2024-07-26,2750
SH700381,SO500038,4,2024-08-23,1250
SH700382,SO500039,4,2024-08-05,1000
SH700383,SO500040,4,2024-08-16,2750
SH700384,SO500042,3,2024-08-27,2250
SH700385,SO500043,3,2024-09-20,1750
SH700386,SO500044,4,2024-09-12,250
SH700387,SO500045,4,2024-09-17,250
SH700388,SO500045,4,2024-09-25,250
SH700389,SO500120,3,2024-09-25,1500
SH700390,SO500046,4,2024-09-30,2000
SH700391,SO500047,3,2024-10-07,1500
SH700392,SO500048,3,2024-10-18,2000
SH700393,SO500049,4,2024-10-24,2000
SH700394,SO500050,4,2024-10-28,2000
SH700395,SO500051,4,2024-11-07,1500
SH700396,SO500052,4,2024-11-15,750
SH700397,SO500053,4,2024-11-20,250
SH700398,SO500054,4,2024-11-28,1750
SH700399,SO500055,4,2024-12-04,750
SH700400,SO500058,4,2024-12-27,250
SH700401,SO500059,4,2025-01-02,2750
SH700402,SO500060,3,2025-01-06,500
SH700403,SO500061,4,2025-01-13,1000
SH700404,SO500062,4,2025-01-20,1000
SH700405,SO500062,4,2025-02-05,750
SH700406,SO500063,3,2025-01-28,2250
SH700407,SO500064,4,2025-02-06,1750
SH700408,SO500065,4,2025-02-11,1000
SH700409,SO500066,4,2025-02-20,2250
SH700410,SO500068,4,2025-03-12,1250
SH700411,SO500122,3,2025-03-17,2000
SH700412,SO500070,4,2025-04-01,2000
SH700413,SO500071,3,2025-04-10,2500
SH700414,SO500072,4,2025-04-14,3000
SH700415,SO500073,4,2025-04-25,2250
SH700416,SO500074,2,2025-04-29,1250
SH700417,SO500074,2,2025-05-19,1000
SH700418,SO500075,2,2025-05-05,3250
SH700419,SO500077,4,2025-05-20,2500
SH700420,SO500078,4,2025-05-26,1000
SH700421,SO500079,4,2025-06-02,1000
SH700422,SO500123,3,2025-06-10,250
SH700423,SO500124,3,2025-06-19,1500
SH700424,SO500080,4,2025-06-26,1000
SH700425,SO500081,4,2025-06-30,750
SH700426,SO500082,4,2025-07-30,3750
SH700427,SO500083,4,2025-07-15,1000
SH700428,SO500084,4,2025-07-23,2500
SH700429,SO500085,4,2025-07-31,2250
SH700430,SO500086,4,2025-08-08,1250
SH700431,SO500087,4,2025-08-11,3000
SH700432,SO500088,4,2025-08-18,3250
SH700433,SO500089,4,2025-08-28,4500
SH700434,SO500090,4,2025-09-04,750
SH700435,SO500091,4,2025-09-09,1500
SH700436,SO500092,3,2025-09-15,2250
SH700437,SO500093,3,2025-09-22,2000
SH700438,SO500094,3,2025-10-03,1750
SH700439,SO500125,2,2025-10-08,750
SH700440,SO500126,2,2025-10-17,1500
SH700441,SO500127,2,2025-10-27,250
SH700442,SO500128,2,2025-11-05,1750
SH700443,SO500129,2,2025-11-12,1750
SH700444,SO500130,2,2025-11-19,250
SH700445,SO500131,2,2025-11-25,250
SH700446,SO500149,1,2025-12-03,250
SH700447,SO500133,2,2025-12-15,750
SH700448,SO500134,2,2025-12-23,1250
SH700449,SO500147,2,2025-12-30,250
SH700450,SO500135,3,2026-01-13,1000
SH700451,SO500136,3,2026-01-20,1750
SH700452,SO500137,2,2026-01-30,3250
SH700453,SO500095,4,2026-02-03,2500
SH700454,SO500096,4,2026-02-09,2000
SH700455,SO500097,3,2026-02-17,1000
SH700456,SO500098,3,2026-02-23,1750
SH700457,SO500138,2,2026-03-03,1750
SH700458,SO500099,3,2026-03-11,2250
SH700459,SO500100,3,2026-03-17,1000
SH700460,SO500139,3,2026-03-27,750
SH700461,SO500101,4,2026-04-07,1250
SH700462,SO500102,3,2026-04-15,2500
SH700463,SO500141,3,2026-04-23,1750
SH700464,SO500103,4,2026-04-27,3000
SH700465,SO500104,4,2026-05-08,750
SH700466,SO500142,3,2026-05-12,2500
SH700467,SO500105,3,2026-05-19,1750
SH700468,SO500106,4,2026-06-05,2750
SH700469,SO500143,3,2026-06-01,1750
SH700470,SO500144,3,2026-06-11,1500
SH700471,SO500107,3,2026-06-17,1750
SH700472,SO500107,3,2026-06-23,1250
SH700473,SO500108,3,2026-06-22,1000
SH700474,SO500001,5,2024-05-17,250
SH700475,SO500002,5,2024-05-08,250
SH700476,SO500003,5,2024-05-03,250
SH700477,SO500004,5,2024-04-22,250
SH700478,SO500005,5,2024-04-16,250
SH700479,SO500006,5,2024-04-12,150
SH700480,SO500006,5,2024-04-29,100
SH700481,SO500007,5,2024-04-04,150
SH700482,SO500007,5,2024-04-24,100
SH700483,SO500008,5,2024-03-27,250
SH700484,SO500009,5,2024-03-22,250
SH700485,SO500010,5,2024-03-15,250
SH700486,SO500011,5,2024-03-05,150
SH700487,SO500011,5,2024-03-29,100
SH700488,SO500012,5,2024-02-28,250
SH700489,SO500013,3,2024-02-21,250
SH700490,SO500014,3,2024-02-13,250
SH700491,SO500015,3,2024-02-09,250
SH700492,SO500016,3,2024-02-01,250
SH700493,SO500017,3,2024-01-22,150
SH700494,SO500017,3,2024-02-13,100
SH700495,SO500018,3,2024-01-16,250
SH700496,SO500019,3,2024-01-11,250
SH700497,SO500020,3,2024-01-05,250
SH700498,SO500021,5,2024-05-22,300
SH700499,SO500119,4,2024-05-27,200
SH700500,SO500022,5,2024-06-06,150
SH700501,SO500023,4,2024-06-13,250
SH700502,SO500024,4,2024-06-17,350
SH700503,SO500025,5,2024-06-25,200
SH700504,SO500026,5,2024-07-02,650
SH700505,SO500027,5,2024-07-11,300
SH700506,SO500028,5,2024-07-17,400
SH700507,SO500029,5,2024-07-22,150
SH700508,SO500030,4,2024-07-30,500
SH700509,SO500031,5,2024-08-09,150
SH700510,SO500031,5,2024-08-28,150
SH700511,SO500032,4,2024-08-13,150
SH700512,SO500033,5,2024-08-22,150
SH700513,SO500033,5,2024-09-06,100
SH700514,SO500034,5,2024-08-28,750
SH700515,SO500035,5,2024-09-04,300
SH700516,SO500036,5,2024-09-13,100
SH700517,SO500037,4,2024-09-19,400
SH700518,SO500038,5,2024-09-27,300
SH700519,SO500039,5,2024-10-10,550
SH700520,SO500040,5,2024-10-08,600
SH700521,SO500041,4,2024-10-15,650
SH700522,SO500043,4,2024-11-01,200
SH700523,SO500044,5,2024-11-07,400
SH700524,SO500045,5,2024-11-14,350
SH700525,SO500120,4,2024-11-22,150
SH700526,SO500046,5,2024-11-28,50
SH700527,SO500047,4,2024-12-03,450
SH700528,SO500048,4,2024-12-12,200
SH700529,SO500048,4,2024-12-26,150
SH700530,SO500049,5,2024-12-17,650
SH700531,SO500050,5,2024-12-24,250
SH700532,SO500051,5,2025-01-09,600
SH700533,SO500052,5,2025-01-06,50
SH700534,SO500053,5,2025-01-14,650
SH700535,SO500054,5,2025-01-22,450
SH700536,SO500055,5,2025-01-28,200
SH700537,SO500056,4,2025-02-06,200
SH700538,SO500060,4,2025-03-04,400
SH700539,SO500061,5,2025-03-11,250
SH700540,SO500065,5,2025-04-10,300
SH700541,SO500066,5,2025-04-15,200
SH700542,SO500121,3,2025-04-23,100
SH700543,SO500067,4,2025-05-01,50
SH700544,SO500068,5,2025-05-06,150
SH700545,SO500122,4,2025-05-16,300
SH700546,SO500069,4,2025-05-19,450
SH700547,SO500070,5,2025-05-27,650
SH700548,SO500071,4,2025-06-05,150
SH700549,SO500072,5,2025-06-12,500
SH700550,SO500073,5,2025-06-25,800
SH700551,SO500074,3,2025-06-23,200
SH700552,SO500074,3,2025-07-02,200
SH700553,SO500075,3,2025-06-30,250
SH700554,SO500076,4,2025-07-10,850
SH700555,SO500077,5,2025-07-18,350
SH700556,SO500078,5,2025-07-23,500
SH700557,SO500079,5,2025-08-01,750
SH700558,SO500123,4,2025-11-19,400
SH700559,SO500124,4,2025-08-12,350
SH700560,SO500080,5,2025-08-18,600
SH700561,SO500081,5,2025-10-03,850
SH700562,SO500082,5,2025-10-13,100
SH700563,SO500083,5,2025-11-14,500
SH700564,SO500084,5,2026-01-02,250
SH700565,SO500085,5,2025-11-06,600
SH700566,SO500086,5,2025-10-01,250
SH700567,SO500087,5,2025-10-10,650
SH700568,SO500088,5,2025-11-26,500
SH700569,SO500090,5,2026-01-19,500
SH700570,SO500090,5,2026-01-28,350
SH700571,SO500091,5,2025-11-03,1100
SH700572,SO500092,4,2025-12-31,700
SH700573,SO500093,4,2025-11-21,700
SH700574,SO500094,4,2026-01-13,150
SH700575,SO500102,4,2026-06-10,300
SH700576,SO500103,5,2026-06-26,50
SH700577,SO500001,6,2024-02-21,7000
SH700578,SO500002,6,2024-02-13,7000
SH700579,SO500003,6,2024-02-07,7000
SH700580,SO500004,6,2024-01-30,7000
SH700581,SO500005,6,2024-01-24,7000
SH700582,SO500006,6,2024-01-19,7000
SH700583,SO500007,6,2024-01-12,7000
SH700584,SO500008,6,2024-01-04,7000
SH700585,SO500021,6,2024-02-29,1000
SH700586,SO500119,5,2024-03-07,6000
SH700587,SO500022,6,2024-03-12,12000
SH700588,SO500023,5,2024-03-21,6000
SH700589,SO500024,5,2024-04-02,8000
SH700590,SO500025,6,2024-04-02,6000
SH700591,SO500026,6,2024-04-08,3000
SH700592,SO500027,6,2024-04-17,4000
SH700593,SO500028,6,2024-04-23,6000
SH700594,SO500029,6,2024-05-03,3000
SH700595,SO500030,5,2024-05-08,5000
SH700596,SO500031,6,2024-05-16,4000
SH700597,SO500032,5,2024-05-24,8000
SH700598,SO500033,6,2024-05-27,4000
SH700599,SO500034,6,2024-06-05,12000
SH700600,SO500035,6,2024-06-11,7000
SH700601,SO500036,6,2024-06-20,17000
SH700602,SO500037,5,2024-06-27,12000
SH700603,SO500038,6,2024-07-01,12000
SH700604,SO500039,6,2024-07-08,8000
SH700605,SO500040,6,2024-07-19,8000
SH700606,SO500041,5,2024-07-26,7000
SH700607,SO500042,4,2024-07-29,3000
SH700608,SO500042,4,2024-08-13,3000
SH700609,SO500043,5,2024-08-09,8000
SH700610,SO500044,6,2024-08-16,2000
SH700611,SO500045,6,2024-08-19,3000
SH700612,SO500046,6,2024-09-04,1000
SH700613,SO500047,5,2024-09-13,4000
SH700614,SO500048,5,2024-09-19,11000
SH700615,SO500049,6,2024-09-27,3000
SH700616,SO500050,6,2024-10-01,3000
SH700617,SO500051,6,2024-10-07,16000
SH700618,SO500052,6,2024-10-18,6000
SH700619,SO500053,6,2024-10-23,6000
SH700620,SO500053,6,2024-11-08,5000
SH700621,SO500054,6,2024-10-31,13000
SH700622,SO500055,6,2024-11-04,11000
SH700623,SO500057,4,2024-11-20,7000
SH700624,SO500058,5,2024-11-28,2000
SH700625,SO500058,5,2024-12-13,2000
SH700626,SO500059,5,2024-12-04,10000
SH700627,SO500060,5,2024-12-09,3000
SH700628,SO500061,6,2024-12-20,1000
SH700629,SO500062,5,2024-12-23,1000
SH700630,SO500064,5,2025-01-07,13000
SH700631,SO500065,6,2025-01-15,15000
SH700632,SO500066,6,2025-01-20,7000
SH700633,SO500068,6,2025-02-11,6000
SH700634,SO500122,5,2025-02-17,7000
SH700635,SO500069,5,2025-02-25,7000
SH700636,SO500070,6,2025-03-03,4000
SH700637,SO500071,5,2025-03-12,1000
SH700638,SO500071,5,2025-04-01,1000
SH700639,SO500072,6,2025-03-18,8000
SH700640,SO500073,6,2025-03-27,9000
SH700641,SO500074,4,2025-03-31,8000
SH700642,SO500075,4,2025-04-10,10000
SH700643,SO500076,5,2025-04-18,8000
SH700644,SO500077,6,2025-04-21,12000
SH700645,SO500078,6,2025-04-30,10000
SH700646,SO500079,6,2025-05-05,2000
SH700647,SO500123,5,2025-05-12,3000
SH700648,SO500124,5,2025-05-30,7000
SH700649,SO500080,6,2025-05-27,7000
SH700650,SO500081,6,2025-06-02,9000
SH700651,SO500082,6,2025-06-11,10000
SH700652,SO500083,6,2025-06-26,10000
SH700653,SO500084,6,2025-06-25,8000
SH700654,SO500085,6,2025-07-01,12000
SH700655,SO500086,6,2025-07-10,16000
SH700656,SO500087,6,2025-07-17,11000
SH700657,SO500088,6,2025-07-22,11000
SH700658,SO500089,5,2025-07-31,12000
SH700659,SO500090,6,2025-08-04,8000
SH700660,SO500091,6,2025-08-15,4000
SH700661,SO500092,5,2025-08-20,3000
SH700662,SO500093,5,2025-09-18,10000
SH700663,SO500094,5,2025-09-02,9000
SH700664,SO500125,3,2025-09-12,6000
SH700665,SO500126,3,2025-09-18,12000
SH700666,SO500127,3,2025-10-01,2000
SH700667,SO500128,3,2025-10-10,7000
SH700668,SO500129,3,2025-10-15,6000
SH700669,SO500130,3,2025-10-20,14000
SH700670,SO500131,3,2025-11-11,3000
SH700671,SO500149,2,2025-11-04,4000
SH700672,SO500132,2,2025-12-01,3000
SH700673,SO500133,3,2025-11-20,4000
SH700674,SO500134,3,2025-11-26,3000
SH700675,SO500147,3,2025-12-16,9000
SH700676,SO500148,2,2025-12-08,5000
SH700677,SO500136,4,2025-12-25,6000
SH700678,SO500137,3,2025-12-31,11000
SH700679,SO500095,5,2026-01-07,7000
SH700680,SO500096,5,2026-01-14,8000
SH700681,SO500097,4,2026-01-23,7000
SH700682,SO500098,4,2026-01-30,1000
SH700683,SO500138,3,2026-02-03,4000
SH700684,SO500099,4,2026-02-09,5000
SH700685,SO500100,4,2026-02-20,1000
SH700686,SO500140,3,2026-03-03,1000
SH700687,SO500101,5,2026-03-10,8000
SH700688,SO500102,5,2026-03-30,8000
SH700689,SO500141,5,2026-03-25,14000
SH700690,SO500103,6,2026-04-02,7000
SH700691,SO500104,5,2026-04-09,10000
SH700692,SO500142,5,2026-04-17,10000
SH700693,SO500105,5,2026-04-20,9000
SH700694,SO500106,6,2026-04-28,13000
SH700695,SO500143,5,2026-05-08,6000
SH700696,SO500143,5,2026-05-11,4000
SH700697,SO500144,5,2026-05-14,5000
SH700698,SO500144,5,2026-06-04,4000
SH700699,SO500107,4,2026-05-19,3000
SH700700,SO500108,5,2026-05-25,8000
SH700701,SO500109,4,2026-06-02,4000
SH700702,SO500110,3,2026-06-10,5000
SH700703,SO500111,6,2026-06-19,6000
SH700704,SO500145,5,2026-06-24,3000
SH700705,SO500001,7,2024-03-08,3500
SH700706,SO500002,7,2024-02-28,3500
SH700707,SO500003,7,2024-02-19,3500
SH700708,SO500004,7,2024-02-15,3500
SH700709,SO500005,7,2024-02-05,3500
SH700710,SO500006,7,2024-01-30,3500
SH700711,SO500007,7,2024-01-22,3500
SH700712,SO500008,7,2024-01-16,3500
SH700713,SO500009,6,2024-01-12,3500
SH700714,SO500010,6,2024-01-04,3500
SH700715,SO500021,7,2024-03-12,500
SH700716,SO500119,6,2024-03-20,2000
SH700717,SO500022,7,2024-03-27,1500
SH700718,SO500023,6,2024-04-10,5500
SH700719,SO500024,6,2024-04-11,2000
SH700720,SO500025,7,2024-04-16,4500
SH700721,SO500026,7,2024-04-25,3000
SH700722,SO500027,7,2024-04-30,3000
SH700723,SO500028,7,2024-05-09,2000
SH700724,SO500028,7,2024-05-23,1500
SH700725,SO500029,7,2024-05-15,4500
SH700726,SO500030,6,2024-05-24,3500
SH700727,SO500031,7,2024-05-28,2000
SH700728,SO500032,6,2024-06-03,4500
SH700729,SO500033,7,2024-06-11,1500
SH700730,SO500034,7,2024-06-18,6500
SH700731,SO500035,7,2024-06-26,3000
SH700732,SO500035,7,2024-07-11,2000
SH700733,SO500036,7,2024-07-03,4500
SH700734,SO500037,6,2024-07-10,4500
SH700735,SO500038,7,2024-07-19,5000
SH700736,SO500039,7,2024-07-24,2500
SH700737,SO500040,7,2024-08-12,4500
SH700738,SO500041,6,2024-08-08,4000
SH700739,SO500042,5,2024-08-12,1000
SH700740,SO500043,6,2024-08-23,500
SH700741,SO500044,7,2024-08-28,4000
SH700742,SO500045,7,2024-09-05,5000
SH700743,SO500120,5,2024-09-24,2500
SH700744,SO500046,7,2024-09-17,11000
SH700745,SO500047,6,2024-09-25,5000
SH700746,SO500048,6,2024-09-30,7000
SH700747,SO500049,7,2024-10-09,6500
SH700748,SO500050,7,2024-10-16,9500
SH700749,SO500051,7,2024-10-22,2000
SH700750,SO500053,7,2024-11-08,1500
SH700751,SO500055,7,2024-11-26,2000
SH700752,SO500056,5,2024-11-26,1000
SH700753,SO500057,5,2024-12-02,4500
SH700754,SO500058,6,2024-12-12,500
SH700755,SO500059,6,2024-12-18,5000
SH700756,SO500060,6,2024-12-23,4000
SH700757,SO500061,7,2025-01-03,1500
SH700758,SO500062,6,2025-01-30,5000
SH700759,SO500063,4,2025-01-17,2500
SH700760,SO500064,6,2025-01-23,1500
SH700761,SO500066,7,2025-02-04,500
SH700762,SO500066,7,2025-02-19,500
SH700763,SO500121,4,2025-02-10,500
SH700764,SO500067,5,2025-02-20,2000
SH700765,SO500068,7,2025-02-28,2000
SH700766,SO500122,6,2025-03-10,500
SH700767,SO500069,6,2025-03-11,2000
SH700768,SO500070,7,2025-04-09,6000
SH700769,SO500071,6,2025-03-28,4500
SH700770,SO500072,7,2025-04-02,4500
SH700771,SO500073,7,2025-04-07,3500
SH700772,SO500074,5,2025-04-14,2500
SH700773,SO500074,5,2025-05-07,2000
SH700774,SO500075,5,2025-04-23,6000
SH700775,SO500076,6,2025-04-28,5500
SH700776,SO500077,7,2025-05-07,4000
SH700777,SO500078,7,2025-05-16,5000
SH700778,SO500079,7,2025-05-22,3500
SH700779,SO500123,6,2025-05-26,5500
SH700780,SO500124,6,2025-06-05,4000
SH700781,SO500080,7,2025-06-11,1500
SH700782,SO500081,7,2025-06-20,4000
SH700783,SO500082,7,2025-06-26,5000
SH700784,SO500083,7,2025-06-30,5500
SH700785,SO500084,7,2025-07-11,3500
SH700786,SO500085,7,2025-07-17,3500
SH700787,SO500086,7,2025-07-25,1500
SH700788,SO500087,7,2025-07-28,6000
SH700789,SO500088,7,2025-08-05,7000
SH700790,SO500089,6,2025-08-13,3000
SH700791,SO500090,7,2025-08-20,5500
SH700792,SO500091,7,2025-08-28,500
SH700793,SO500091,7,2025-09-05,1000
SH700794,SO500092,6,2025-09-02,2000
SH700795,SO500093,6,2025-09-08,8000
SH700796,SO500094,6,2025-09-18,6500
SH700797,SO500125,4,2025-09-25,2000
SH700798,SO500126,4,2025-10-02,3500
SH700799,SO500150,1,2025-10-09,4500
SH700800,SO500129,4,2025-11-14,4000
SH700801,SO500131,4,2025-11-12,2000
SH700802,SO500149,3,2025-11-18,5500
SH700803,SO500132,3,2025-11-26,2000
SH700804,SO500133,4,2025-12-03,500
SH700805,SO500134,4,2025-12-10,6500
SH700806,SO500147,4,2026-01-01,3000
SH700807,SO500148,3,2025-12-23,2500
SH700808,SO500135,4,2026-01-01,3000
SH700809,SO500136,5,2026-01-07,6500
SH700810,SO500095,6,2026-01-20,500
SH700811,SO500096,6,2026-02-19,4000
SH700812,SO500097,5,2026-02-02,1000
SH700813,SO500098,5,2026-02-12,5000
SH700814,SO500138,4,2026-02-16,2500
SH700815,SO500138,4,2026-03-11,2000
SH700816,SO500099,5,2026-02-23,3000
SH700817,SO500139,4,2026-03-09,4500
SH700818,SO500140,4,2026-03-17,3500
SH700819,SO500101,6,2026-03-26,3500
SH700820,SO500102,6,2026-03-31,3500
SH700821,SO500141,6,2026-04-09,3000
SH700822,SO500103,7,2026-04-17,4000
SH700823,SO500104,6,2026-04-20,2000
SH700824,SO500142,6,2026-04-28,2000
SH700825,SO500105,6,2026-05-07,1500
SH700826,SO500106,7,2026-05-15,5500
SH700827,SO500143,6,2026-05-21,4500
SH700828,SO500144,6,2026-06-12,5500
SH700829,SO500107,5,2026-06-04,1500
SH700830,SO500108,6,2026-06-12,7000
SH700831,SO500109,5,2026-06-16,2500
SH700832,SO500110,4,2026-06-23,6000
SH700833,SO500001,8,2024-03-22,1000
SH700834,SO500002,8,2024-03-15,1000
SH700835,SO500003,8,2024-03-29,1000
SH700836,SO500004,8,2024-03-01,1000
SH700837,SO500005,8,2024-02-21,1000
SH700838,SO500006,8,2024-02-15,1000
SH700839,SO500007,8,2024-02-05,1000
SH700840,SO500008,8,2024-01-30,500
SH700841,SO500008,8,2024-02-08,500
SH700842,SO500009,7,2024-01-26,1000
SH700843,SO500010,7,2024-01-17,1000
SH700844,SO500011,6,2024-01-10,1000
SH700845,SO500012,6,2024-01-01,1000
SH700846,SO500021,8,2024-03-26,2000
SH700847,SO500119,7,2024-04-01,750
SH700848,SO500022,8,2024-04-08,1500
SH700849,SO500023,7,2024-04-15,2500
SH700850,SO500024,7,2024-04-26,250
SH700851,SO500025,8,2024-05-03,1250
SH700852,SO500026,8,2024-05-07,250
SH700853,SO500027,8,2024-05-17,1750
SH700854,SO500028,8,2024-05-22,1000
SH700855,SO500029,8,2024-05-31,1000
SH700856,SO500030,7,2024-06-07,500
SH700857,SO500031,8,2024-06-12,250
SH700858,SO500032,7,2024-06-20,2250
SH700859,SO500033,8,2024-06-25,1000
SH700860,SO500033,8,2024-07-19,750
SH700861,SO500034,8,2024-07-04,1750
SH700862,SO500035,8,2024-07-10,250
SH700863,SO500036,8,2024-07-17,2500
SH700864,SO500037,7,2024-07-23,1750
SH700865,SO500038,8,2024-07-30,2500
SH700866,SO500039,8,2024-08-06,1250
SH700867,SO500040,8,2024-08-12,250
SH700868,SO500041,7,2024-08-22,1250
SH700869,SO500042,6,2024-09-20,1500
SH700870,SO500042,6,2024-10-09,1000
SH700871,SO500043,7,2024-09-02,2000
SH700872,SO500044,8,2024-09-13,1000
SH700873,SO500045,8,2024-09-17,750
SH700874,SO500120,6,2024-09-26,2250
SH700875,SO500046,8,2024-10-01,750
SH700876,SO500047,7,2024-10-08,1000
SH700877,SO500047,7,2024-10-21,750
SH700878,SO500048,7,2024-10-16,1500
SH700879,SO500050,8,2024-10-30,1500
SH700880,SO500051,8,2024-11-29,1750
SH700881,SO500052,7,2024-11-14,2250
SH700882,SO500053,8,2024-11-21,250
SH700883,SO500054,7,2024-11-26,1500
SH700884,SO500055,8,2024-12-11,750
SH700885,SO500056,6,2024-12-09,750
SH700886,SO500057,6,2024-12-17,1000
SH700887,SO500058,7,2024-12-27,750
SH700888,SO500059,7,2024-12-30,1250
SH700889,SO500060,7,2025-01-09,1500
SH700890,SO500061,8,2025-01-15,250
SH700891,SO500061,8,2025-01-23,500
SH700892,SO500062,7,2025-01-20,1750
SH700893,SO500063,5,2025-01-28,1250
SH700894,SO500064,7,2025-02-04,750
SH700895,SO500065,7,2025-02-11,1750
SH700896,SO500066,8,2025-02-19,500
SH700897,SO500121,5,2025-02-25,1000
SH700898,SO500122,7,2025-03-21,1000
SH700899,SO500069,7,2025-03-28,2000
SH700900,SO500070,8,2025-04-02,750
SH700901,SO500071,7,2025-04-11,1500
SH700902,SO500072,8,2025-04-14,1000
SH700903,SO500073,8,2025-04-30,1250
SH700904,SO500074,6,2025-05-01,2750
SH700905,SO500075,6,2025-05-07,2500
SH700906,SO500076,7,2025-05-13,1750
SH700907,SO500077,8,2025-05-22,2500
SH700908,SO500078,8,2025-05-30,1500
SH700909,SO500079,8,2025-06-03,500
SH700910,SO500123,7,2025-06-12,1250
SH700911,SO500124,7,2025-07-11,1500
SH700912,SO500081,8,2025-07-01,250
SH700913,SO500082,8,2025-07-07,1000
SH700914,SO500083,8,2025-07-21,1000
SH700915,SO500084,8,2025-07-21,2250
SH700916,SO500085,8,2025-07-31,1750
SH700917,SO500086,8,2025-08-07,2500
SH700918,SO500087,8,2025-08-14,2250
SH700919,SO500088,8,2025-08-20,2250
SH700920,SO500089,7,2025-08-29,1250
SH700921,SO500090,8,2025-09-04,250
SH700922,SO500091,8,2025-09-08,500
SH700923,SO500092,7,2025-09-16,250
SH700924,SO500092,7,2025-09-24,500
SH700925,SO500093,7,2025-09-24,1750
SH700926,SO500094,7,2025-09-30,500
SH700927,SO500125,5,2025-10-07,500
SH700928,SO500126,5,2025-10-16,1000
SH700929,SO500150,2,2025-10-21,1750
SH700930,SO500127,4,2025-10-28,2500
SH700931,SO500128,4,2025-11-05,2250
SH700932,SO500129,5,2025-11-19,1500
SH700933,SO500130,4,2025-11-20,250
SH700934,SO500131,5,2025-11-26,1250
SH700935,SO500149,4,2025-12-04,1000
SH700936,SO500132,4,2025-12-10,750
SH700937,SO500132,4,2025-12-26,750
SH700938,SO500133,5,2025-12-16,1000
SH700939,SO500134,5,2025-12-22,2000
SH700940,SO500147,5,2025-12-29,1500
SH700941,SO500148,4,2026-01-07,250
SH700942,SO500135,5,2026-01-13,2500
SH700943,SO500136,6,2026-02-12,1750
SH700944,SO500137,4,2026-01-27,750
SH700945,SO500095,7,2026-02-02,2000
SH700946,SO500096,7,2026-02-10,750
SH700947,SO500098,6,2026-02-25,500
SH700948,SO500138,5,2026-03-04,1750
SH700949,SO500099,6,2026-03-09,750
SH700950,SO500100,5,2026-03-17,750
SH700951,SO500139,5,2026-03-24,1250
SH700952,SO500140,5,2026-04-02,1250
SH700953,SO500101,7,2026-04-09,1250
SH700954,SO500102,7,2026-04-13,1250
SH700955,SO500102,7,2026-04-24,1000
SH700956,SO500141,7,2026-04-21,750
SH700957,SO500141,7,2026-05-14,750
SH700958,SO500103,8,2026-04-30,500
SH700959,SO500104,7,2026-05-07,1000
SH700960,SO500142,7,2026-05-15,250
SH700961,SO500105,7,2026-05-19,2250
SH700962,SO500106,8,2026-05-29,500
SH700963,SO500143,7,2026-06-01,1750
SH700964,SO500144,7,2026-06-09,2000
SH700965,SO500107,6,2026-06-15,2000
SH700966,SO500108,7,2026-06-23,1500
SH700967,SO500001,9,2024-03-19,1750
SH700968,SO500002,9,2024-03-15,1000
SH700969,SO500002,9,2024-03-18,750
SH700970,SO500003,9,2024-03-04,1000
SH700971,SO500003,9,2024-03-19,750
SH700972,SO500004,9,2024-02-29,1750
SH700973,SO500005,9,2024-02-23,1750
SH700974,SO500006,9,2024-02-12,1750
SH700975,SO500007,9,2024-02-05,1750
SH700976,SO500008,9,2024-02-06,1750
SH700977,SO500009,8,2024-01-22,1750
SH700978,SO500010,8,2024-01-15,1750
SH700979,SO500011,7,2024-01-09,1750
SH700980,SO500012,7,2024-01-04,1750
SH700981,SO500119,8,2024-04-03,1750
SH700982,SO500022,9,2024-04-10,1250
SH700983,SO500023,8,2024-04-18,1000
SH700984,SO500024,8,2024-04-22,1250
SH700985,SO500025,9,2024-05-02,2250
SH700986,SO500026,9,2024-05-07,1000
SH700987,SO500027,9,2024-05-13,750
SH700988,SO500027,9,2024-06-04,500
SH700989,SO500028,9,2024-05-21,2000
SH700990,SO500029,9,2024-05-29,2500
SH700991,SO500030,8,2024-06-07,1750
SH700992,SO500031,9,2024-06-10,4250
SH700993,SO500032,8,2024-06-19,2000
SH700994,SO500033,9,2024-06-28,750
SH700995,SO500033,9,2024-07-10,500
SH700996,SO500034,9,2024-07-04,2500
SH700997,SO500035,9,2024-07-09,1000
SH700998,SO500036,9,2024-07-19,750
SH700999,SO500036,9,2024-07-23,500
SH701000,SO500037,8,2024-07-24,1000
SH701001,SO500038,9,2024-07-31,3500
SH701002,SO500039,9,2024-08-06,750
SH701003,SO500040,9,2024-08-16,1750
SH701004,SO500041,8,2024-08-22,3500
SH701005,SO500042,7,2024-08-28,2500
SH701006,SO500042,7,2024-09-12,1750
SH701007,SO500043,8,2024-09-03,4250
SH701008,SO500044,9,2024-09-11,2000
SH701009,SO500045,9,2024-09-17,1750
SH701010,SO500120,7,2024-09-24,3250
SH701011,SO500046,9,2024-10-02,2250
SH701012,SO500047,8,2024-10-07,1750
SH701013,SO500048,8,2024-10-18,1750
SH701014,SO500049,8,2024-10-22,1500
SH701015,SO500051,9,2024-11-04,2500
SH701016,SO500052,8,2024-11-13,3000
SH701017,SO500054,8,2024-11-27,250
SH701018,SO500054,8,2024-12-05,250
SH701019,SO500055,9,2024-12-02,250
SH701020,SO500055,9,2024-12-23,250
SH701021,SO500057,7,2024-12-16,250
SH701022,SO500058,8,2024-12-23,2250
SH701023,SO500059,8,2024-12-30,1000
SH701024,SO500061,9,2025-01-17,2250
SH701025,SO500062,8,2025-01-22,250
SH701026,SO500063,6,2025-01-28,2750
SH701027,SO500064,8,2025-02-04,3250
SH701028,SO500065,8,2025-02-12,1750
SH701029,SO500066,9,2025-02-18,750
SH701030,SO500121,6,2025-02-27,2250
SH701031,SO500067,6,2025-03-06,250
SH701032,SO500068,8,2025-03-12,2000
SH701033,SO500122,8,2025-03-18,6000
SH701034,SO500069,8,2025-03-27,1250
SH701035,SO500070,9,2025-04-04,750
SH701036,SO500071,8,2025-04-07,2750
SH701037,SO500072,9,2025-04-17,3750
SH701038,SO500073,9,2025-04-21,2500
SH701039,SO500074,7,2025-05-02,1500
SH701040,SO500075,7,2025-05-06,1250
SH701041,SO500075,7,2025-05-14,1000
SH701042,SO500076,8,2025-05-15,2500
SH701043,SO500077,9,2025-05-20,2750
SH701044,SO500078,9,2025-05-26,1250
SH701045,SO500079,9,2025-06-02,2000
SH701046,SO500124,8,2025-06-17,2750
SH701047,SO500080,8,2025-07-11,2500
SH701048,SO500081,9,2025-07-03,2000
SH701049,SO500083,9,2025-07-15,750
SH701050,SO500084,9,2025-07-21,5000
SH701051,SO500085,9,2025-08-19,2250
SH701052,SO500086,9,2025-08-08,2500
SH701053,SO500087,9,2025-08-14,250
SH701054,SO500088,9,2025-08-22,1000
SH701055,SO500089,8,2025-08-28,1000
SH701056,SO500090,9,2025-09-01,3000
SH701057,SO500091,9,2025-09-09,4000
SH701058,SO500092,8,2025-09-18,250
SH701059,SO500093,8,2025-09-25,4000
SH701060,SO500094,8,2025-10-02,1750
SH701061,SO500125,6,2025-10-08,2500
SH701062,SO500126,6,2025-10-15,2250
SH701063,SO500150,3,2025-10-21,4250
SH701064,SO500127,5,2025-10-29,4500
SH701065,SO500129,6,2025-11-11,1000
SH701066,SO500130,5,2025-11-21,1000
SH701067,SO500130,5,2025-12-08,750
SH701068,SO500131,6,2025-11-25,750
SH701069,SO500149,5,2025-12-01,2500
SH701070,SO500132,5,2025-12-12,4000
SH701071,SO500133,6,2025-12-16,750
SH701072,SO500147,6,2025-12-31,5000
SH701073,SO500148,5,2026-01-05,2250
SH701074,SO500148,5,2026-01-21,1750
SH701075,SO500135,6,2026-02-06,250
SH701076,SO500136,7,2026-02-06,2250
SH701077,SO500095,8,2026-02-04,1750
SH701078,SO500096,8,2026-02-10,250
SH701079,SO500097,6,2026-02-19,750
SH701080,SO500098,7,2026-02-23,250
SH701081,SO500099,7,2026-03-11,1500
SH701082,SO500100,6,2026-03-18,5250
SH701083,SO500139,6,2026-03-25,2500
SH701084,SO500140,6,2026-04-07,250
SH701085,SO500140,6,2026-04-20,250
SH701086,SO500101,8,2026-04-06,4000
SH701087,SO500102,8,2026-04-14,2500
SH701088,SO500141,8,2026-04-23,3750
SH701089,SO500103,9,2026-04-30,2750
SH701090,SO500104,8,2026-05-05,1500
SH701091,SO500143,8,2026-06-01,2000
SH701092,SO500144,8,2026-06-12,1000
SH701093,SO500108,8,2026-06-24,2500
SH701094,SO500001,10,2024-02-20,3000
SH701095,SO500002,10,2024-02-13,3000
SH701096,SO500003,10,2024-02-05,3000
SH701097,SO500004,10,2024-01-31,1000
SH701098,SO500004,10,2024-02-16,2000
SH701099,SO500005,10,2024-01-23,3000
SH701100,SO500006,10,2024-01-15,3000
SH701101,SO500007,10,2024-01-12,3000
SH701102,SO500008,10,2024-01-04,3000
SH701103,SO500021,9,2024-02-27,4000
SH701104,SO500021,9,2024-03-07,3000
SH701105,SO500119,9,2024-03-04,1000
SH701106,SO500022,10,2024-03-15,1000
SH701107,SO500023,9,2024-03-20,2000
SH701108,SO500024,9,2024-03-25,2000
SH701109,SO500025,10,2024-04-03,2000
SH701110,SO500026,10,2024-04-11,4000
SH701111,SO500027,10,2024-04-17,1000
SH701112,SO500028,10,2024-04-23,1000
SH701113,SO500029,10,2024-05-03,5000
SH701114,SO500030,9,2024-05-10,5000
SH701115,SO500031,10,2024-05-17,2000
SH701116,SO500032,9,2024-05-24,3000
SH701117,SO500033,10,2024-05-31,5000
SH701118,SO500034,10,2024-06-04,2000
SH701119,SO500035,10,2024-06-10,6000
SH701120,SO500036,10,2024-06-19,5000
SH701121,SO500037,9,2024-06-28,8000
SH701122,SO500038,10,2024-07-03,3000
SH701123,SO500038,10,2024-07-19,2000
SH701124,SO500039,10,2024-07-11,4000
SH701125,SO500040,10,2024-07-18,5000
SH701126,SO500041,9,2024-07-25,5000
SH701127,SO500042,8,2024-07-31,7000
SH701128,SO500043,9,2024-08-05,3000
SH701129,SO500044,10,2024-08-15,3000
SH701130,SO500044,10,2024-08-19,3000
SH701131,SO500045,10,2024-08-20,2000
SH701132,SO500120,8,2024-08-28,6000
SH701133,SO500046,10,2024-09-02,7000
SH701134,SO500047,9,2024-09-13,4000
SH701135,SO500048,9,2024-09-26,3000
SH701136,SO500049,9,2024-09-25,3000
SH701137,SO500050,9,2024-09-30,4000
SH701138,SO500051,10,2024-10-11,5000
SH701139,SO500052,9,2024-10-14,3000
SH701140,SO500053,9,2024-10-24,1000
SH701141,SO500055,10,2024-11-04,1000
SH701142,SO500056,7,2024-11-12,4000
SH701143,SO500057,8,2024-11-18,1000
SH701144,SO500058,9,2024-11-25,5000
SH701145,SO500060,8,2024-12-11,2000
SH701146,SO500061,10,2024-12-31,3000
SH701147,SO500061,10,2025-01-22,2000
SH701148,SO500063,7,2025-01-01,8000
SH701149,SO500064,9,2025-01-06,1000
SH701150,SO500065,9,2025-01-16,2000
SH701151,SO500065,9,2025-01-27,2000
SH701152,SO500066,10,2025-01-21,1000
SH701153,SO500066,10,2025-02-03,1000
SH701154,SO500121,7,2025-01-31,3000
SH701155,SO500121,7,2025-02-10,3000
SH701156,SO500067,7,2025-02-07,3000
SH701157,SO500068,9,2025-02-10,3000
SH701158,SO500122,9,2025-02-21,6000
SH701159,SO500069,9,2025-02-24,4000
SH701160,SO500070,10,2025-03-03,4000
SH701161,SO500071,9,2025-03-12,7000
SH701162,SO500072,10,2025-03-21,4000
SH701163,SO500073,10,2025-03-26,1000
SH701164,SO500074,8,2025-04-01,8000
SH701165,SO500075,8,2025-04-09,2000
SH701166,SO500076,9,2025-04-17,6000
SH701167,SO500077,10,2025-04-21,1000
SH701168,SO500078,10,2025-04-28,5000
SH701169,SO500079,10,2025-05-08,1000
SH701170,SO500123,8,2025-05-13,4000
SH701171,SO500124,9,2025-05-22,5000
SH701172,SO500080,9,2025-05-29,4000
SH701173,SO500081,10,2025-06-04,6000
SH701174,SO500082,9,2025-06-09,4000
SH701175,SO500083,10,2025-06-17,1000
SH701176,SO500084,10,2025-06-26,1000
SH701177,SO500084,10,2025-07-17,1000
SH701178,SO500085,10,2025-06-30,3000
SH701179,SO500085,10,2025-07-16,3000
SH701180,SO500086,10,2025-07-10,4000
SH701181,SO500087,10,2025-07-18,6000
SH701182,SO500088,10,2025-07-24,1000
SH701183,SO500089,9,2025-07-31,4000
SH701184,SO500090,10,2025-08-05,5000
SH701185,SO500091,10,2025-08-12,3000
SH701186,SO500092,9,2025-08-19,5000
SH701187,SO500093,9,2025-08-25,3000
SH701188,SO500094,9,2025-09-01,2000
SH701189,SO500125,7,2025-09-10,2000
SH701190,SO500126,7,2025-09-19,7000
SH701191,SO500150,4,2025-09-22,5000
SH701192,SO500127,6,2025-10-01,2000
SH701193,SO500128,5,2025-10-09,7000
SH701194,SO500129,7,2025-10-13,4000
SH701195,SO500130,6,2025-10-23,3000
SH701196,SO500131,7,2025-10-29,3000
SH701197,SO500149,6,2025-11-05,2000
SH701198,SO500132,6,2025-11-14,3000
SH701199,SO500133,7,2025-11-21,1000
SH701200,SO500134,6,2025-11-28,1000
SH701201,SO500148,6,2025-12-11,3000
SH701202,SO500135,7,2025-12-16,2000
SH701203,SO500136,8,2025-12-25,4000
SH701204,SO500137,5,2025-12-30,5000
SH701205,SO500096,9,2026-01-14,3000
SH701206,SO500097,7,2026-01-21,3000
SH701207,SO500098,8,2026-01-27,6000
SH701208,SO500138,6,2026-02-03,4000
SH701209,SO500099,8,2026-02-12,1000
SH701210,SO500100,7,2026-02-16,4000
SH701211,SO500139,7,2026-02-23,3000
SH701212,SO500140,7,2026-03-02,4000
SH701213,SO500101,9,2026-04-02,4000
SH701214,SO500102,9,2026-03-19,4000
SH701215,SO500141,9,2026-03-25,3000
SH701216,SO500103,10,2026-04-03,4000
SH701217,SO500104,9,2026-04-06,5000
SH701218,SO500142,8,2026-04-16,2000
SH701219,SO500105,8,2026-04-21,4000
SH701220,SO500106,9,2026-04-28,7000
SH701221,SO500143,9,2026-05-08,4000
SH701222,SO500144,9,2026-05-12,1000
SH701223,SO500107,8,2026-05-22,4000
SH701224,SO500108,9,2026-06-17,4000
SH701225,SO500109,8,2026-06-01,1000
SH701226,SO500110,7,2026-06-11,5000
SH701227,SO500111,10,2026-06-15,1000
SH701228,SO500145,9,2026-06-26,4000
SH701229,SO500001,11,2024-04-16,220
SH701230,SO500002,11,2024-04-11,220
SH701231,SO500003,11,2024-04-03,220
SH701232,SO500004,11,2024-03-28,220
SH701233,SO500005,11,2024-03-19,220
SH701234,SO500006,11,2024-03-14,130
SH701235,SO500006,11,2024-03-19,90
SH701236,SO500007,11,2024-03-05,220
SH701237,SO500008,11,2024-02-27,220
SH701238,SO500009,9,2024-02-21,220
SH701239,SO500010,9,2024-02-16,220
SH701240,SO500011,8,2024-02-06,220
SH701241,SO500012,8,2024-01-30,220
SH701242,SO500013,4,2024-01-26,220
SH701243,SO500014,4,2024-01-18,220
SH701244,SO500015,4,2024-01-12,130
SH701245,SO500015,4,2024-02-01,90
SH701246,SO500016,4,2024-01-02,220
SH701247,SO500119,10,2024-04-30,110
SH701248,SO500022,11,2024-05-10,120
SH701249,SO500023,10,2024-05-16,340
SH701250,SO500024,10,2024-05-24,20
SH701251,SO500024,10,2024-06-11,20
SH701252,SO500025,11,2024-05-28,120
SH701253,SO500026,11,2024-06-06,90
SH701254,SO500027,11,2024-06-12,440
SH701255,SO500028,11,2024-06-18,310
SH701256,SO500029,11,2024-06-24,390
SH701257,SO500030,10,2024-07-05,500
SH701258,SO500031,11,2024-07-10,150
SH701259,SO500032,10,2024-07-30,240
SH701260,SO500033,11,2024-07-24,100
SH701261,SO500033,11,2024-08-05,80
SH701262,SO500034,11,2024-07-29,550
SH701263,SO500036,11,2024-08-14,450
SH701264,SO500037,10,2024-08-21,280
SH701265,SO500038,11,2024-08-30,270
SH701266,SO500039,11,2024-09-05,420
SH701267,SO500040,11,2024-09-11,320
SH701268,SO500041,10,2024-09-19,320
SH701269,SO500042,9,2024-09-27,330
SH701270,SO500043,10,2024-10-03,350
SH701271,SO500045,11,2024-10-22,280
SH701272,SO500120,9,2024-10-24,80
SH701273,SO500046,11,2024-10-29,310
SH701274,SO500047,10,2024-11-08,640
SH701275,SO500048,10,2024-11-13,230
SH701276,SO500048,10,2024-12-02,160
SH701277,SO500049,10,2024-11-20,350
SH701278,SO500050,10,2024-11-25,360
SH701279,SO500051,11,2024-12-02,830
SH701280,SO500053,10,2024-12-17,340
SH701281,SO500054,9,2024-12-23,290
SH701282,SO500056,8,2025-01-08,410
SH701283,SO500057,9,2025-01-13,10
SH701284,SO500058,10,2025-01-22,570
SH701285,SO500059,9,2025-01-27,380
SH701286,SO500060,9,2025-02-06,370
SH701287,SO500061,11,2025-02-12,300
SH701288,SO500062,9,2025-02-17,320
SH701289,SO500063,8,2025-02-26,70
SH701290,SO500065,10,2025-03-12,210
SH701291,SO500065,10,2025-03-26,140
SH701292,SO500067,8,2025-04-04,70
SH701293,SO500069,10,2025-04-24,200
SH701294,SO500070,11,2025-05-02,570
SH701295,SO500071,10,2025-05-06,290
SH701296,SO500072,11,2025-05-14,350
SH701297,SO500073,11,2025-05-19,390
SH701298,SO500074,9,2025-05-29,90
SH701299,SO500075,9,2025-06-05,660
SH701300,SO500076,10,2025-06-09,460
SH701301,SO500077,11,2025-06-20,660
SH701302,SO500078,11,2025-06-23,660
SH701303,SO500123,9,2025-07-10,190
SH701304,SO500124,10,2025-07-15,190
SH701305,SO500080,10,2025-07-25,570
SH701306,SO500081,11,2025-07-31,300
SH701307,SO500082,10,2025-08-04,150
SH701308,SO500082,10,2025-08-22,110
SH701309,SO500083,11,2025-08-11,410
SH701310,SO500085,11,2025-08-29,260
SH701311,SO500086,11,2025-09-03,250
SH701312,SO500087,11,2025-09-10,410
SH701313,SO500088,11,2025-09-19,130
SH701314,SO500089,10,2025-09-26,360
SH701315,SO500090,11,2025-10-01,370
SH701316,SO500091,11,2025-10-08,50
SH701317,SO500092,10,2025-10-16,680
SH701318,SO500093,10,2025-11-03,480
SH701319,SO500094,10,2025-10-27,330
SH701320,SO500125,8,2025-11-11,20
SH701321,SO500126,8,2025-11-13,150
SH701322,SO500128,6,2025-12-04,10
SH701323,SO500133,8,2026-01-16,160
SH701324,SO500134,7,2026-01-23,120
SH701325,SO500147,7,2026-01-26,230
SH701326,SO500148,7,2026-02-03,10
SH701327,SO500097,8,2026-03-16,70
SH701328,SO500138,7,2026-04-02,70
SH701329,SO500099,9,2026-04-07,100
SH701330,SO500099,9,2026-04-24,70
SH701331,SO500100,8,2026-04-14,380
SH701332,SO500139,8,2026-04-20,160
SH701333,SO500140,8,2026-04-27,110
SH701334,SO500101,10,2026-05-07,170
SH701335,SO500102,10,2026-05-13,120
SH701336,SO500141,10,2026-05-21,250
SH701337,SO500141,10,2026-06-01,180
SH701338,SO500103,11,2026-05-25,130
SH701339,SO500104,10,2026-06-26,300
SH701340,SO500142,9,2026-06-09,120
SH701341,SO500105,9,2026-06-16,170
SH701342,SO500106,10,2026-06-23,180
SH701343,SO500001,12,2024-02-20,4000
SH701344,SO500002,12,2024-02-14,4000
SH701345,SO500003,12,2024-02-05,4000
SH701346,SO500004,12,2024-01-31,4000
SH701347,SO500005,12,2024-01-23,4000
SH701348,SO500006,12,2024-01-19,4000
SH701349,SO500007,12,2024-01-08,4000
SH701350,SO500008,12,2024-01-01,2000
SH701351,SO500008,12,2024-01-18,2000
SH701352,SO500021,10,2024-02-27,2000
SH701353,SO500021,10,2024-03-18,2000
SH701354,SO500119,11,2024-03-06,3000
SH701355,SO500022,12,2024-03-13,4000
SH701356,SO500023,11,2024-03-22,3000
SH701357,SO500024,11,2024-03-26,1000
SH701358,SO500025,12,2024-04-04,4000
SH701359,SO500026,12,2024-04-11,3000
SH701360,SO500027,12,2024-04-16,7000
SH701361,SO500028,12,2024-04-26,4000
SH701362,SO500029,12,2024-05-03,4000
SH701363,SO500030,11,2024-05-06,10000
SH701364,SO500031,12,2024-05-17,6000
SH701365,SO500032,11,2024-05-20,7000
SH701366,SO500033,12,2024-05-28,6000
SH701367,SO500034,12,2024-06-18,7000
SH701368,SO500035,11,2024-06-12,3000
SH701369,SO500036,12,2024-06-18,6000
SH701370,SO500037,11,2024-06-24,3000
SH701371,SO500037,11,2024-07-05,3000
SH701372,SO500039,12,2024-07-12,5000
SH701373,SO500040,12,2024-07-15,9000
SH701374,SO500041,11,2024-07-23,7000
SH701375,SO500042,10,2024-08-02,5000
SH701376,SO500043,11,2024-08-05,6000
SH701377,SO500044,11,2024-08-15,2000
SH701378,SO500045,12,2024-08-20,4000
SH701379,SO500120,10,2024-08-29,8000
SH701380,SO500046,12,2024-09-04,7000
SH701381,SO500048,11,2024-09-16,1000
SH701382,SO500049,11,2024-09-24,9000
SH701383,SO500050,11,2024-09-30,1000
SH701384,SO500050,11,2024-10-07,2000
SH701385,SO500051,12,2024-10-08,5000
SH701386,SO500051,12,2024-10-16,4000
SH701387,SO500052,10,2024-10-18,5000
SH701388,SO500053,11,2024-10-25,2000
SH701389,SO500054,10,2024-10-30,1000
SH701390,SO500055,11,2024-11-06,6000
SH701391,SO500056,9,2024-11-14,8000
SH701392,SO500059,10,2024-12-03,1000
SH701393,SO500059,10,2024-12-25,1000
SH701394,SO500060,10,2024-12-09,1000
SH701395,SO500060,10,2024-12-24,2000
SH701396,SO500061,12,2024-12-18,2000
SH701397,SO500062,10,2024-12-25,5000
SH701398,SO500063,9,2025-01-01,4000
SH701399,SO500064,10,2025-01-07,1000
SH701400,SO500065,11,2025-01-14,5000
SH701401,SO500066,11,2025-01-20,2000
SH701402,SO500067,9,2025-02-07,4000
SH701403,SO500068,10,2025-02-13,4000
SH701404,SO500122,10,2025-02-19,1000
SH701405,SO500069,11,2025-02-27,1000
SH701406,SO500070,12,2025-03-04,2000
SH701407,SO500071,11,2025-03-12,5000
SH701408,SO500072,12,2025-03-19,2000
SH701409,SO500073,12,2025-03-24,3000
SH701410,SO500074,10,2025-04-03,1000
SH701411,SO500075,10,2025-04-07,5000
SH701412,SO500076,11,2025-04-14,3000
SH701413,SO500077,12,2025-04-23,5000
SH701414,SO500078,12,2025-04-30,10000
SH701415,SO500079,11,2025-05-08,8000
SH701416,SO500123,10,2025-05-14,4000
SH701417,SO500124,11,2025-05-20,7000
SH701418,SO500080,11,2025-05-28,5000
SH701419,SO500081,12,2025-06-04,2000
SH701420,SO500082,11,2025-06-09,7000
SH701421,SO500083,12,2025-06-20,7000
SH701422,SO500084,11,2025-06-24,4000
SH701423,SO500085,12,2025-07-03,1000
SH701424,SO500086,12,2025-07-09,9000
SH701425,SO500088,12,2025-07-24,5000
SH701426,SO500089,11,2025-07-29,3000
SH701427,SO500089,11,2025-08-19,2000
SH701428,SO500090,12,2025-08-08,5000
SH701429,SO500091,12,2025-08-15,2000
SH701430,SO500092,11,2025-08-20,3000
SH701431,SO500093,11,2025-08-25,6000
SH701432,SO500094,11,2025-09-05,3000
SH701433,SO500125,9,2025-09-11,8000
SH701434,SO500126,9,2025-10-08,6000
SH701435,SO500150,5,2025-09-22,5000
SH701436,SO500127,7,2025-10-03,2000
SH701437,SO500127,7,2025-10-13,2000
SH701438,SO500128,7,2025-10-09,6000
SH701439,SO500129,8,2025-10-17,3000
SH701440,SO500130,7,2025-10-22,4000
SH701441,SO500131,8,2025-10-30,6000
SH701442,SO500149,7,2025-11-05,1000
SH701443,SO500132,7,2025-11-10,7000
SH701444,SO500133,9,2025-11-19,1000
SH701445,SO500134,8,2025-12-15,2000
SH701446,SO500147,8,2025-12-03,1000
SH701447,SO500148,8,2025-12-08,5000
SH701448,SO500148,8,2025-12-26,4000
SH701449,SO500135,8,2025-12-19,2000
SH701450,SO500136,9,2025-12-23,1000
SH701451,SO500137,6,2026-01-01,4000
SH701452,SO500096,10,2026-01-14,5000
SH701453,SO500097,9,2026-01-22,3000
SH701454,SO500099,10,2026-02-10,4000
SH701455,SO500100,9,2026-02-18,6000
SH701456,SO500139,9,2026-02-25,7000
SH701457,SO500140,9,2026-03-05,2000
SH701458,SO500140,9,2026-03-20,2000
SH701459,SO500101,11,2026-03-11,6000
SH701460,SO500102,11,2026-03-19,2000
SH701461,SO500141,11,2026-03-25,9000
SH701462,SO500103,12,2026-03-31,3000
SH701463,SO500104,11,2026-04-08,2000
SH701464,SO500142,10,2026-04-13,1000
SH701465,SO500142,10,2026-04-29,2000
SH701466,SO500105,10,2026-04-22,6000
SH701467,SO500106,11,2026-04-29,5000
SH701468,SO500143,11,2026-05-07,7000
SH701469,SO500144,11,2026-05-14,5000
SH701470,SO500107,9,2026-05-20,6000
SH701471,SO500108,10,2026-05-29,4000
SH701472,SO500109,9,2026-06-01,7000
SH701473,SO500110,8,2026-06-09,3000
SH701474,SO500110,8,2026-06-15,3000
SH701475,SO500111,12,2026-06-17,4000
SH701476,SO500145,11,2026-06-22,3000
SH701477,SO500001,13,2024-03-07,6000
SH701478,SO500002,13,2024-02-26,6000
SH701479,SO500003,13,2024-02-22,6000
SH701480,SO500004,13,2024-02-15,3500
SH701481,SO500004,13,2024-02-23,2500
SH701482,SO500005,13,2024-02-06,6000
SH701483,SO500006,13,2024-01-31,6000
SH701484,SO500007,13,2024-01-24,6000
SH701485,SO500008,13,2024-01-19,3500
SH701486,SO500008,13,2024-02-06,2500
SH701487,SO500009,10,2024-01-17,6000
SH701488,SO500010,10,2024-01-03,6000
SH701489,SO500021,11,2024-03-12,3500
SH701490,SO500119,12,2024-03-19,2000
SH701491,SO500022,13,2024-03-27,5500
SH701492,SO500023,12,2024-04-01,4500
SH701493,SO500024,12,2024-04-22,3500
SH701494,SO500025,13,2024-04-17,5000
SH701495,SO500026,13,2024-04-23,4500
SH701496,SO500027,13,2024-05-03,5000
SH701497,SO500028,13,2024-05-06,3500
SH701498,SO500028,13,2024-05-23,2500
SH701499,SO500029,13,2024-05-16,5000
SH701500,SO500030,12,2024-05-24,6000
SH701501,SO500031,13,2024-05-27,5000
SH701502,SO500032,12,2024-06-03,5500
SH701503,SO500033,13,2024-07-05,6000
SH701504,SO500034,13,2024-06-19,10000
SH701505,SO500035,12,2024-06-26,8500
SH701506,SO500036,13,2024-07-02,6500
SH701507,SO500037,12,2024-07-08,8000
SH701508,SO500038,12,2024-07-18,9500
SH701509,SO500039,13,2024-07-24,1500
SH701510,SO500039,13,2024-07-30,1000
SH701511,SO500040,13,2024-07-30,12000
SH701512,SO500041,12,2024-08-05,2000
SH701513,SO500042,11,2024-08-20,1000
SH701514,SO500043,12,2024-09-02,5000
SH701515,SO500044,12,2024-08-30,16500
SH701516,SO500045,13,2024-09-06,8500
SH701517,SO500045,13,2024-09-25,6000
SH701518,SO500120,11,2024-09-12,7500
SH701519,SO500046,13,2024-09-18,12500
SH701520,SO500048,12,2024-10-04,9000
SH701521,SO500049,12,2024-10-08,7500
SH701522,SO500050,12,2024-10-17,4500
SH701523,SO500053,12,2024-11-04,5500
SH701524,SO500055,12,2024-11-20,8000
SH701525,SO500056,10,2024-11-29,1000
SH701526,SO500056,10,2024-12-17,1000
SH701527,SO500057,10,2024-12-05,4500
SH701528,SO500058,11,2024-12-13,7500
SH701529,SO500059,11,2024-12-18,1000
SH701530,SO500060,11,2024-12-23,6500
SH701531,SO500061,13,2025-01-03,1500
SH701532,SO500062,11,2025-01-08,6500
SH701533,SO500063,10,2025-01-17,3000
SH701534,SO500064,11,2025-01-24,6000
SH701535,SO500065,12,2025-01-28,3500
SH701536,SO500066,12,2025-02-05,4500
SH701537,SO500121,8,2025-02-13,6000
SH701538,SO500067,10,2025-02-19,3000
SH701539,SO500068,11,2025-02-24,10500
SH701540,SO500122,11,2025-03-05,8000
SH701541,SO500069,12,2025-03-13,5000
SH701542,SO500070,13,2025-03-18,6500
SH701543,SO500071,12,2025-03-25,4500
SH701544,SO500072,13,2025-04-02,4500
SH701545,SO500073,13,2025-04-24,5500
SH701546,SO500074,11,2025-04-18,4000
SH701547,SO500075,11,2025-04-25,4000
SH701548,SO500076,12,2025-05-02,2000
SH701549,SO500076,12,2025-05-14,2000
SH701550,SO500077,13,2025-05-06,6500
SH701551,SO500078,13,2025-05-12,5000
SH701552,SO500079,12,2025-05-20,20500
SH701553,SO500123,11,2025-05-26,6000
SH701554,SO500124,12,2025-06-02,2000
SH701555,SO500080,12,2025-06-09,3000
SH701556,SO500080,12,2025-06-27,2000
SH701557,SO500081,13,2025-06-19,9000
SH701558,SO500082,12,2025-06-24,13500
SH701559,SO500083,13,2025-07-03,5500
SH701560,SO500084,12,2025-07-11,13500
SH701561,SO500085,13,2025-07-16,1500
SH701562,SO500086,13,2025-07-22,8000
SH701563,SO500087,12,2025-07-31,10500
SH701564,SO500088,13,2025-08-08,11000
SH701565,SO500089,12,2025-08-15,8500
SH701566,SO500090,13,2025-08-20,3000
SH701567,SO500090,13,2025-09-05,2000
SH701568,SO500091,13,2025-08-27,6000
SH701569,SO500092,12,2025-09-04,2500
SH701570,SO500093,12,2025-09-10,12500
SH701571,SO500094,12,2025-09-19,8000
SH701572,SO500125,10,2025-09-25,9500
SH701573,SO500126,10,2025-10-02,7500
SH701574,SO500150,6,2025-10-10,4500
SH701575,SO500127,8,2025-10-14,5500
SH701576,SO500128,8,2025-10-21,10000
SH701577,SO500129,9,2025-10-29,5000
SH701578,SO500129,9,2025-11-14,3500
SH701579,SO500130,8,2025-11-04,500
SH701580,SO500131,9,2025-11-14,1000
SH701581,SO500131,9,2025-12-01,1000
SH701582,SO500149,8,2025-11-21,4000
SH701583,SO500132,8,2025-11-25,3500
SH701584,SO500133,10,2025-12-01,3000
SH701585,SO500134,9,2026-01-01,14500
SH701586,SO500148,9,2025-12-30,4500
SH701587,SO500135,9,2025-12-29,1500
SH701588,SO500136,10,2026-01-09,6500
SH701589,SO500137,7,2026-01-14,12500
SH701590,SO500095,9,2026-01-22,2500
SH701591,SO500096,11,2026-01-30,3000
SH701592,SO500098,9,2026-02-20,3500
SH701593,SO500138,8,2026-02-19,5000
SH701594,SO500099,11,2026-03-12,5500
SH701595,SO500100,10,2026-03-04,7000
SH701596,SO500101,12,2026-03-24,4500
SH701597,SO500102,12,2026-04-14,2000
SH701598,SO500141,12,2026-04-17,12500
SH701599,SO500103,13,2026-04-16,500
SH701600,SO500104,12,2026-04-22,4500
SH701601,SO500142,11,2026-04-28,6000
SH701602,SO500105,11,2026-05-05,7500
SH701603,SO500106,12,2026-05-14,6000
SH701604,SO500143,12,2026-06-01,15000
SH701605,SO500144,12,2026-05-25,7000
SH701606,SO500107,10,2026-06-01,3000
SH701607,SO500108,11,2026-06-08,9500
SH701608,SO500109,10,2026-06-16,11500
SH701609,SO500110,9,2026-06-22,8000
SH701610,SO500001,14,2024-03-19,700
SH701611,SO500002,14,2024-03-11,700
SH701612,SO500003,14,2024-03-06,400
SH701613,SO500003,14,2024-03-20,300
SH701614,SO500004,14,2024-02-27,700
SH701615,SO500005,14,2024-02-23,700
SH701616,SO500006,14,2024-02-13,700
SH701617,SO500007,14,2024-02-08,700
SH701618,SO500008,14,2024-01-30,700
SH701619,SO500009,11,2024-01-25,700
SH701620,SO500010,11,2024-01-17,700
SH701621,SO500011,9,2024-01-10,400
SH701622,SO500011,9,2024-01-29,300
SH701623,SO500012,9,2024-01-03,700
SH701624,SO500021,12,2024-03-27,500
SH701625,SO500119,13,2024-04-02,350
SH701626,SO500022,14,2024-04-11,800
SH701627,SO500023,13,2024-04-16,600
SH701628,SO500024,13,2024-04-24,1000
SH701629,SO500025,14,2024-05-02,450
SH701630,SO500026,14,2024-05-08,2100
SH701631,SO500027,14,2024-05-13,250
SH701632,SO500027,14,2024-06-05,200
SH701633,SO500028,14,2024-05-22,400
SH701634,SO500029,14,2024-05-28,600
SH701635,SO500030,13,2024-06-05,550
SH701636,SO500031,14,2024-06-12,250
SH701637,SO500032,13,2024-06-18,700
SH701638,SO500033,14,2024-06-25,300
SH701639,SO500035,13,2024-07-08,250
SH701640,SO500035,13,2024-07-31,200
SH701641,SO500036,14,2024-07-16,950
SH701642,SO500037,13,2024-07-23,1450
SH701643,SO500038,13,2024-08-02,2150
SH701644,SO500039,14,2024-08-05,900
SH701645,SO500040,14,2024-08-12,750
SH701646,SO500041,13,2024-08-21,1100
SH701647,SO500042,12,2024-08-29,450
SH701648,SO500043,13,2024-09-05,950
SH701649,SO500044,13,2024-09-09,1300
SH701650,SO500045,14,2024-09-20,450
SH701651,SO500120,12,2024-09-25,1050
SH701652,SO500046,14,2024-10-01,1300
SH701653,SO500047,11,2024-10-07,400
SH701654,SO500048,13,2024-10-16,800
SH701655,SO500049,13,2024-10-25,650
SH701656,SO500050,13,2024-11-01,1250
SH701657,SO500052,11,2024-11-14,50
SH701658,SO500054,11,2024-11-29,300
SH701659,SO500055,13,2024-12-03,1450
SH701660,SO500056,11,2024-12-09,1300
SH701661,SO500057,11,2024-12-16,1000
SH701662,SO500058,12,2024-12-26,250
SH701663,SO500059,12,2025-01-01,1300
SH701664,SO500060,12,2025-01-07,500
SH701665,SO500061,14,2025-01-14,50
SH701666,SO500062,12,2025-02-14,500
SH701667,SO500065,13,2025-02-13,150
SH701668,SO500065,13,2025-03-07,100
SH701669,SO500066,13,2025-02-20,650
SH701670,SO500121,9,2025-02-28,400
SH701671,SO500121,9,2025-03-20,300
SH701672,SO500067,11,2025-03-03,1200
SH701673,SO500068,12,2025-03-13,1100
SH701674,SO500122,12,2025-03-21,300
SH701675,SO500069,13,2025-03-27,950
SH701676,SO500070,14,2025-04-03,450
SH701677,SO500071,13,2025-04-07,550
SH701678,SO500072,14,2025-04-16,1800
SH701679,SO500073,14,2025-04-25,500
SH701680,SO500074,12,2025-04-28,350
SH701681,SO500074,12,2025-05-09,300
SH701682,SO500075,12,2025-05-07,400
SH701683,SO500076,13,2025-05-12,1300
SH701684,SO500077,14,2025-05-21,1050
SH701685,SO500078,14,2025-05-27,1250
SH701686,SO500079,13,2025-06-02,950
SH701687,SO500123,12,2025-06-13,400
SH701688,SO500124,13,2025-06-19,1300
SH701689,SO500080,13,2025-06-26,800
SH701690,SO500081,14,2025-06-30,1000
SH701691,SO500082,13,2025-07-10,900
SH701692,SO500083,14,2025-07-18,300
SH701693,SO500084,13,2025-07-23,300
SH701694,SO500085,14,2025-07-29,750
SH701695,SO500087,13,2025-08-14,650
SH701696,SO500088,14,2025-08-18,350
SH701697,SO500089,13,2025-08-25,650
SH701698,SO500090,14,2025-09-02,400
SH701699,SO500091,14,2025-09-12,1050
SH701700,SO500092,13,2025-09-17,800
SH701701,SO500093,13,2025-09-23,700
SH701702,SO500094,13,2025-09-30,1150
SH701703,SO500125,11,2025-10-07,250
SH701704,SO500126,11,2025-10-16,350
SH701705,SO500126,11,2025-10-27,300
SH701706,SO500150,7,2025-10-23,1250
SH701707,SO500128,9,2025-11-07,500
SH701708,SO500129,10,2025-11-11,500
SH701709,SO500130,9,2025-11-21,750
SH701710,SO500131,10,2025-11-26,100
SH701711,SO500149,9,2025-12-02,450
SH701712,SO500132,9,2025-12-10,750
SH701713,SO500133,11,2025-12-17,600
SH701714,SO500134,10,2025-12-25,1150
SH701715,SO500147,9,2025-12-31,150
SH701716,SO500148,10,2026-01-08,450
SH701717,SO500135,10,2026-01-15,750
SH701718,SO500136,11,2026-01-21,450
SH701719,SO500137,8,2026-01-28,600
SH701720,SO500095,10,2026-02-02,550
SH701721,SO500096,12,2026-02-10,100
SH701722,SO500097,10,2026-02-16,1600
SH701723,SO500098,10,2026-02-25,700
SH701724,SO500138,9,2026-03-26,800
SH701725,SO500099,12,2026-03-09,100
SH701726,SO500100,11,2026-03-19,1050
SH701727,SO500139,10,2026-03-27,1000
SH701728,SO500140,10,2026-04-01,400
SH701729,SO500101,13,2026-05-01,750
SH701730,SO500103,14,2026-04-29,950
SH701731,SO500104,13,2026-05-05,750
SH701732,SO500105,12,2026-05-20,1200
SH701733,SO500106,13,2026-05-29,650
SH701734,SO500143,13,2026-06-02,750
SH701735,SO500144,13,2026-06-09,1750
SH701736,SO500107,11,2026-06-17,1100
SH701737,SO500108,12,2026-06-26,500
SH701738,SO500001,15,2024-05-09,80
SH701739,SO500002,15,2024-04-12,40
SH701740,SO500002,15,2024-04-25,40
SH701741,SO500003,15,2024-04-04,80
SH701742,SO500004,15,2024-03-28,40
SH701743,SO500004,15,2024-04-18,40
SH701744,SO500005,15,2024-03-18,80
SH701745,SO500006,15,2024-03-14,80
SH701746,SO500007,15,2024-03-07,80
SH701747,SO500008,15,2024-02-28,80
SH701748,SO500009,12,2024-02-20,80
SH701749,SO500010,12,2024-02-12,40
SH701750,SO500010,12,2024-02-23,40
SH701751,SO500011,10,2024-02-09,80
SH701752,SO500012,10,2024-01-29,40
SH701753,SO500012,10,2024-02-23,40
SH701754,SO500013,5,2024-01-24,80
SH701755,SO500014,5,2024-01-17,80
SH701756,SO500015,5,2024-01-12,80
SH701757,SO500016,5,2024-01-03,80
SH701758,SO500021,13,2024-04-24,70
SH701759,SO500119,14,2024-05-03,150
SH701760,SO500022,15,2024-05-20,80
SH701761,SO500023,14,2024-05-13,10
SH701762,SO500024,14,2024-05-24,50
SH701763,SO500025,15,2024-05-31,160
SH701764,SO500026,15,2024-06-03,120
SH701765,SO500027,15,2024-06-10,10
SH701766,SO500027,15,2024-06-21,20
SH701767,SO500028,15,2024-06-17,110
SH701768,SO500029,15,2024-06-24,30
SH701769,SO500030,14,2024-07-03,70
SH701770,SO500031,15,2024-07-12,70
SH701771,SO500032,14,2024-07-17,100
SH701772,SO500033,15,2024-07-25,140
SH701773,SO500034,14,2024-07-29,70
SH701774,SO500035,14,2024-08-08,150
SH701775,SO500036,15,2024-08-12,140
SH701776,SO500037,14,2024-08-23,280
SH701777,SO500038,14,2024-08-26,150
SH701778,SO500039,15,2024-09-03,250
SH701779,SO500040,15,2024-09-10,120
SH701780,SO500041,14,2024-09-19,10
SH701781,SO500041,14,2024-10-08,20
SH701782,SO500042,13,2024-09-24,140
SH701783,SO500043,14,2024-10-21,40
SH701784,SO500043,14,2024-11-14,30
SH701785,SO500044,14,2024-10-10,100
SH701786,SO500045,15,2024-10-15,50
SH701787,SO500120,13,2024-10-22,60
SH701788,SO500046,15,2024-10-31,50
SH701789,SO500047,12,2024-11-07,180
SH701790,SO500048,14,2024-11-11,70
SH701791,SO500049,14,2024-12-12,170
SH701792,SO500050,14,2024-11-26,130
SH701793,SO500051,13,2024-12-06,100
SH701794,SO500053,13,2024-12-17,40
SH701795,SO500054,12,2024-12-24,100
SH701796,SO500055,14,2025-01-01,170
SH701797,SO500056,12,2025-01-31,160
SH701798,SO500057,12,2025-01-16,90
SH701799,SO500058,13,2025-01-22,10
SH701800,SO500059,13,2025-01-30,80
SH701801,SO500060,13,2025-02-06,240
SH701802,SO500061,15,2025-02-10,40
SH701803,SO500062,13,2025-02-20,120
SH701804,SO500063,11,2025-02-28,30
SH701805,SO500064,12,2025-03-06,70
SH701806,SO500065,14,2025-03-10,10
SH701807,SO500066,14,2025-03-20,40
SH701808,SO500066,14,2025-04-04,40
SH701809,SO500121,10,2025-03-28,210
SH701810,SO500067,12,2025-04-02,60
SH701811,SO500068,13,2025-04-08,150
SH701812,SO500122,13,2025-04-15,30
SH701813,SO500069,14,2025-04-25,60
SH701814,SO500070,15,2025-04-28,100
SH701815,SO500071,14,2025-05-20,140
SH701816,SO500072,15,2025-05-12,200
SH701817,SO500075,13,2025-06-06,90
SH701818,SO500076,14,2025-06-12,40
SH701819,SO500077,15,2025-06-18,110
SH701820,SO500078,15,2025-06-27,90
SH701821,SO500079,14,2025-07-02,150
SH701822,SO500123,13,2025-07-11,250
SH701823,SO500124,14,2025-07-15,60
SH701824,SO500080,14,2025-07-25,380
SH701825,SO500081,15,2025-07-31,130
SH701826,SO500082,14,2025-08-07,240
SH701827,SO500083,15,2025-08-11,70
SH701828,SO500084,14,2025-08-19,240
SH701829,SO500085,15,2025-08-29,120
SH701830,SO500086,14,2025-09-04,20
SH701831,SO500087,14,2025-09-09,110
SH701832,SO500089,14,2025-09-23,220
SH701833,SO500090,15,2025-10-01,100
SH701834,SO500091,15,2025-10-09,300
SH701835,SO500092,14,2025-10-17,160
SH701836,SO500093,14,2025-10-20,80
SH701837,SO500094,14,2025-10-27,70
SH701838,SO500094,14,2025-11-19,50
SH701839,SO500125,12,2025-11-04,90
SH701840,SO500148,11,2026-02-03,80
SH701841,SO500135,11,2026-02-11,50
SH701842,SO500096,13,2026-03-11,100
SH701843,SO500097,11,2026-03-18,70
SH701844,SO500097,11,2026-03-26,50
SH701845,SO500098,11,2026-03-24,120
SH701846,SO500100,12,2026-04-17,70
SH701847,SO500139,11,2026-04-23,40
SH701848,SO500103,15,2026-05-25,70
SH701849,SO500104,14,2026-06-01,190
SH701850,SO500142,12,2026-06-11,60
SH701851,SO500105,13,2026-06-15,50
SH701852,SO500106,14,2026-06-26,30
SH701853,SO500001,16,2024-05-16,550
SH701854,SO500002,16,2024-05-08,550
SH701855,SO500003,16,2024-04-29,550
SH701856,SO500004,16,2024-04-22,300
SH701857,SO500004,16,2024-05-02,250
SH701858,SO500005,16,2024-04-18,550
SH701859,SO500006,16,2024-04-10,550
SH701860,SO500007,16,2024-04-05,550
SH701861,SO500008,16,2024-03-28,550
SH701862,SO500009,13,2024-03-20,550
SH701863,SO500010,13,2024-03-14,550
SH701864,SO500011,11,2024-03-04,550
SH701865,SO500012,11,2024-03-01,550
SH701866,SO500013,6,2024-02-23,550
SH701867,SO500014,6,2024-02-15,550
SH701868,SO500015,6,2024-02-08,300
SH701869,SO500015,6,2024-02-14,250
SH701870,SO500016,6,2024-01-31,550
SH701871,SO500017,4,2024-01-26,550
SH701872,SO500018,4,2024-01-17,550
SH701873,SO500019,4,2024-01-11,550
SH701874,SO500020,4,2024-01-03,300
SH701875,SO500020,4,2024-01-10,250
SH701876,SO500021,14,2024-05-21,400
SH701877,SO500119,15,2024-05-30,400
SH701878,SO500022,16,2024-06-04,450
SH701879,SO500023,15,2024-06-10,400
SH701880,SO500025,16,2024-06-27,1000
SH701881,SO500026,16,2024-07-05,1000
SH701882,SO500027,16,2024-07-26,150
SH701883,SO500028,16,2024-07-31,750
SH701884,SO500029,16,2024-07-22,650
SH701885,SO500030,15,2024-08-01,350
SH701886,SO500031,16,2024-08-06,150
SH701887,SO500032,15,2024-08-14,900
SH701888,SO500033,16,2024-08-20,250
SH701889,SO500035,15,2024-09-05,1150
SH701890,SO500036,16,2024-09-09,1550
SH701891,SO500037,15,2024-09-17,1300
SH701892,SO500038,15,2024-09-26,1150
SH701893,SO500039,16,2024-10-02,650
SH701894,SO500040,16,2024-10-07,1400
SH701895,SO500041,15,2024-10-16,1050
SH701896,SO500042,14,2024-10-24,1450
SH701897,SO500043,15,2024-10-28,1800
SH701898,SO500046,16,2024-11-25,1250
SH701899,SO500047,13,2024-12-03,450
SH701900,SO500048,15,2024-12-11,100
SH701901,SO500052,12,2025-01-06,1700
SH701902,SO500053,14,2025-02-06,750
SH701903,SO500054,13,2025-01-23,100
SH701904,SO500055,15,2025-01-27,250
SH701905,SO500056,13,2025-02-10,1050
SH701906,SO500057,13,2025-02-14,1050
SH701907,SO500058,14,2025-02-21,400
SH701908,SO500058,14,2025-03-14,300
SH701909,SO500059,14,2025-02-27,1050
SH701910,SO500060,14,2025-03-04,250
SH701911,SO500061,16,2025-03-10,250
SH701912,SO500062,14,2025-03-21,450
SH701913,SO500063,12,2025-03-28,600
SH701914,SO500064,13,2025-03-31,1500
SH701915,SO500066,15,2025-04-16,300
SH701916,SO500121,11,2025-04-22,550
SH701917,SO500067,13,2025-04-29,450
SH701918,SO500068,14,2025-05-06,1500
SH701919,SO500122,14,2025-05-15,750
SH701920,SO500069,15,2025-05-23,650
SH701921,SO500070,16,2025-05-30,250
SH701922,SO500071,15,2025-06-05,2100
SH701923,SO500072,16,2025-06-13,1600
SH701924,SO500073,15,2025-06-19,700
SH701925,SO500074,13,2025-06-25,900
SH701926,SO500075,14,2025-06-30,450
SH701927,SO500076,15,2025-07-10,1000
SH701928,SO500077,16,2025-07-15,600
SH701929,SO500078,16,2025-07-24,1100
SH701930,SO500079,15,2025-07-28,300
SH701931,SO500123,14,2025-10-02,350
SH701932,SO500124,15,2025-08-15,450
SH701933,SO500080,15,2025-12-04,1000
SH701934,SO500081,16,2025-08-29,150
SH701935,SO500082,15,2025-11-21,650
SH701936,SO500083,16,2025-12-12,1000
SH701937,SO500084,15,2025-11-17,800
SH701938,SO500085,16,2026-01-07,1250
SH701939,SO500085,16,2026-01-28,850
SH701940,SO500086,15,2025-12-19,1350
SH701941,SO500087,15,2025-10-08,2350
SH701942,SO500088,15,2025-10-17,1350
SH701943,SO500089,15,2025-11-24,2300
SH701944,SO500090,16,2025-10-28,2400
SH701945,SO500091,16,2026-01-28,450
SH701946,SO500091,16,2026-02-10,300
SH701947,SO500092,15,2025-11-14,400
SH701948,SO500093,15,2025-11-20,350
SH701949,SO500103,16,2026-06-22,100
SH701950,SO500001,17,2024-03-19,500
SH701951,SO500002,17,2024-03-15,500
SH701952,SO500003,17,2024-03-06,500
SH701953,SO500004,17,2024-02-29,500
SH701954,SO500005,17,2024-02-22,500
SH701955,SO500006,17,2024-02-13,300
SH701956,SO500006,17,2024-02-26,200
SH701957,SO500007,17,2024-02-08,500
SH701958,SO500008,17,2024-01-30,500
SH701959,SO500009,14,2024-01-23,500
SH701960,SO500010,14,2024-01-15,500
SH701961,SO500011,12,2024-01-08,500
SH701962,SO500012,12,2024-01-04,500
SH701963,SO500021,15,2024-03-29,550
SH701964,SO500119,16,2024-04-04,450
SH701965,SO500022,17,2024-04-12,450
SH701966,SO500023,16,2024-04-16,550
SH701967,SO500024,15,2024-04-26,650
SH701968,SO500025,17,2024-05-01,50
SH701969,SO500026,17,2024-05-10,550
SH701970,SO500027,17,2024-05-15,400
SH701971,SO500028,17,2024-05-22,350
SH701972,SO500029,17,2024-05-31,950
SH701973,SO500030,16,2024-06-03,400
SH701974,SO500031,17,2024-06-14,150
SH701975,SO500032,16,2024-06-18,700
SH701976,SO500033,17,2024-06-24,500
SH701977,SO500034,15,2024-07-04,100
SH701978,SO500035,16,2024-07-11,1000
SH701979,SO500036,17,2024-07-16,750
SH701980,SO500037,16,2024-07-26,550
SH701981,SO500038,16,2024-07-30,650
SH701982,SO500039,17,2024-08-08,500
SH701983,SO500040,17,2024-08-15,150
SH701984,SO500041,16,2024-08-30,800
SH701985,SO500042,15,2024-08-28,650
SH701986,SO500043,16,2024-09-04,500
SH701987,SO500044,15,2024-09-11,450
SH701988,SO500045,16,2024-09-17,500
SH701989,SO500120,14,2024-09-24,750
SH701990,SO500046,17,2024-10-01,950
SH701991,SO500047,14,2024-10-10,950
SH701992,SO500048,16,2024-10-16,500
SH701993,SO500049,15,2024-10-22,800
SH701994,SO500050,15,2024-10-29,500
SH701995,SO500052,13,2024-11-12,600
SH701996,SO500053,15,2024-11-20,450
SH701997,SO500054,14,2024-11-25,550
SH701998,SO500056,14,2024-12-13,350
SH701999,SO500057,14,2024-12-19,50
SH702000,SO500058,15,2024-12-23,600
SH702001,SO500059,15,2025-01-02,450
SH702002,SO500061,17,2025-01-17,500
SH702003,SO500062,15,2025-01-24,100
SH702004,SO500063,13,2025-01-30,400
SH702005,SO500064,14,2025-02-03,700
SH702006,SO500065,15,2025-02-13,850
SH702007,SO500066,16,2025-02-19,450
SH702008,SO500121,12,2025-02-28,500
SH702009,SO500121,12,2025-03-21,400
SH702010,SO500067,14,2025-03-05,550
SH702011,SO500068,15,2025-03-12,250
SH702012,SO500122,15,2025-03-18,350
SH702013,SO500069,16,2025-03-28,700
SH702014,SO500070,17,2025-04-04,100
SH702015,SO500071,16,2025-04-07,100
SH702016,SO500071,16,2025-05-01,100
SH702017,SO500072,17,2025-04-17,500
SH702018,SO500073,16,2025-05-15,650
SH702019,SO500074,14,2025-04-29,700
SH702020,SO500075,15,2025-05-05,1150
SH702021,SO500076,16,2025-05-14,450
SH702022,SO500077,17,2025-05-19,50
SH702023,SO500077,17,2025-06-05,50
SH702024,SO500078,17,2025-05-29,850
SH702025,SO500079,16,2025-06-06,450
SH702026,SO500123,15,2025-06-09,200
SH702027,SO500123,15,2025-06-23,200
SH702028,SO500080,16,2025-06-23,150
SH702029,SO500082,16,2025-07-10,450
SH702030,SO500083,17,2025-07-17,800
SH702031,SO500084,16,2025-07-21,500
SH702032,SO500085,17,2025-07-28,1150
SH702033,SO500086,16,2025-08-08,500
SH702034,SO500086,16,2025-08-11,350
SH702035,SO500087,16,2025-08-12,500
SH702036,SO500088,16,2025-08-20,950
SH702037,SO500089,16,2025-09-01,900
SH702038,SO500090,17,2025-09-01,600
SH702039,SO500091,17,2025-09-08,650
SH702040,SO500092,16,2025-09-16,550
SH702041,SO500093,16,2025-09-25,50
SH702042,SO500094,15,2025-10-02,300
SH702043,SO500125,13,2025-10-06,1200
SH702044,SO500126,12,2025-10-15,150
SH702045,SO500150,8,2025-10-23,150
SH702046,SO500127,9,2025-10-27,450
SH702047,SO500128,10,2025-11-06,150
SH702048,SO500130,10,2025-11-20,400
SH702049,SO500131,11,2025-11-28,900
SH702050,SO500149,10,2025-12-01,100
SH702051,SO500132,10,2025-12-09,600
SH702052,SO500133,12,2025-12-16,50
SH702053,SO500134,11,2025-12-25,500
SH702054,SO500147,10,2025-12-31,650
SH702055,SO500148,12,2026-01-22,500
SH702056,SO500135,12,2026-01-16,250
SH702057,SO500135,12,2026-01-20,200
SH702058,SO500136,12,2026-01-21,100
SH702059,SO500137,9,2026-01-27,100
SH702060,SO500095,11,2026-02-06,450
SH702061,SO500096,14,2026-02-10,1050
SH702062,SO500097,12,2026-02-19,250
SH702063,SO500098,12,2026-02-26,150
SH702064,SO500138,11,2026-03-03,300
SH702065,SO500138,11,2026-03-25,200
SH702066,SO500099,13,2026-03-13,600
SH702067,SO500100,13,2026-03-20,100
SH702068,SO500139,12,2026-03-26,800
SH702069,SO500140,11,2026-03-31,200
SH702070,SO500101,14,2026-04-27,150
SH702071,SO500101,14,2026-05-21,150
SH702072,SO500102,13,2026-04-17,400
SH702073,SO500141,13,2026-04-21,500
SH702074,SO500103,17,2026-04-27,1050
SH702075,SO500142,14,2026-05-14,500
SH702076,SO500142,14,2026-05-22,400
SH702077,SO500105,15,2026-05-19,1000
SH702078,SO500106,16,2026-05-25,900
SH702079,SO500143,16,2026-06-04,200
SH702080,SO500144,16,2026-06-12,400
SH702081,SO500107,14,2026-06-18,500
SH702082,SO500001,18,2024-03-04,5000
SH702083,SO500002,18,2024-02-27,5000
SH702084,SO500003,18,2024-02-23,5000
SH702085,SO500004,18,2024-02-16,5000
SH702086,SO500005,18,2024-02-07,5000
SH702087,SO500006,18,2024-02-01,5000
SH702088,SO500007,18,2024-01-24,5000
SH702089,SO500008,18,2024-01-17,5000
SH702090,SO500009,15,2024-01-12,3000
SH702091,SO500009,15,2024-01-23,2000
SH702092,SO500010,15,2024-01-04,3000
SH702093,SO500010,15,2024-01-26,2000
SH702094,SO500022,18,2024-03-25,1000
SH702095,SO500023,17,2024-04-02,5000
SH702096,SO500024,16,2024-04-09,3000
SH702097,SO500024,16,2024-04-26,2000
SH702098,SO500026,18,2024-04-23,2000
SH702099,SO500027,18,2024-04-29,3500
SH702100,SO500027,18,2024-05-07,3000
SH702101,SO500028,18,2024-05-08,9000
SH702102,SO500029,18,2024-05-17,7500
SH702103,SO500030,17,2024-05-20,6500
SH702104,SO500031,18,2024-05-31,2500
SH702105,SO500032,17,2024-06-03,5000
SH702106,SO500033,18,2024-06-11,10000
SH702107,SO500034,16,2024-06-17,8000
SH702108,SO500035,17,2024-06-25,6500
SH702109,SO500036,18,2024-07-02,3500
SH702110,SO500036,18,2024-07-22,2500
SH702111,SO500037,17,2024-07-08,9000
SH702112,SO500038,17,2024-07-19,5500
SH702113,SO500039,18,2024-07-22,4500
SH702114,SO500040,18,2024-08-01,7000
SH702115,SO500041,17,2024-08-07,6000
SH702116,SO500042,16,2024-08-12,6000
SH702117,SO500043,17,2024-08-19,1500
SH702118,SO500044,16,2024-08-26,11000
SH702119,SO500045,17,2024-09-02,3000
SH702120,SO500045,17,2024-09-26,2000
SH702121,SO500120,15,2024-09-09,5500
SH702122,SO500046,18,2024-09-20,5500
SH702123,SO500047,15,2024-09-26,7000
SH702124,SO500048,17,2024-10-04,2000
SH702125,SO500049,16,2024-10-07,11000
SH702126,SO500050,16,2024-10-17,5500
SH702127,SO500051,14,2024-10-22,5500
SH702128,SO500052,14,2024-11-01,2500
SH702129,SO500053,16,2024-11-07,9500
SH702130,SO500054,15,2024-11-12,4000
SH702131,SO500055,16,2024-11-20,2000
SH702132,SO500056,15,2024-11-29,8000
SH702133,SO500057,15,2024-12-04,500
SH702134,SO500058,16,2024-12-09,8000
SH702135,SO500060,15,2024-12-24,1500
SH702136,SO500060,15,2025-01-01,1500
SH702137,SO500061,18,2025-01-03,4000
SH702138,SO500062,16,2025-01-08,3500
SH702139,SO500063,14,2025-01-16,5000
SH702140,SO500064,15,2025-01-23,2000
SH702141,SO500065,16,2025-02-19,1500
SH702142,SO500065,16,2025-03-14,1500
SH702143,SO500066,17,2025-02-05,2000
SH702144,SO500121,13,2025-02-13,3000
SH702145,SO500067,15,2025-02-21,3000
SH702146,SO500068,16,2025-02-25,2500
SH702147,SO500122,16,2025-03-05,5000
SH702148,SO500069,17,2025-03-12,7500
SH702149,SO500070,18,2025-03-17,7500
SH702150,SO500071,17,2025-03-28,5000
SH702151,SO500072,18,2025-04-03,3000
SH702152,SO500073,17,2025-04-08,4500
SH702153,SO500074,15,2025-04-17,11000
SH702154,SO500075,16,2025-04-23,2500
SH702155,SO500076,17,2025-04-29,6000
SH702156,SO500077,18,2025-05-07,3000
SH702157,SO500078,18,2025-05-14,3000
SH702158,SO500079,17,2025-06-13,3000
SH702159,SO500123,16,2025-05-26,5000
SH702160,SO500124,16,2025-06-05,6000
SH702161,SO500081,17,2025-06-18,11500
SH702162,SO500082,17,2025-06-25,6000
SH702163,SO500083,18,2025-07-03,4000
SH702164,SO500084,17,2025-07-09,3500
SH702165,SO500084,17,2025-07-31,3000
SH702166,SO500085,18,2025-07-14,9500
SH702167,SO500086,17,2025-07-25,6500
SH702168,SO500087,17,2025-07-30,9500
SH702169,SO500088,17,2025-08-07,4000
SH702170,SO500089,17,2025-08-11,6500
SH702171,SO500090,18,2025-08-18,6000
SH702172,SO500091,18,2025-08-25,6500
SH702173,SO500092,17,2025-09-03,3000
SH702174,SO500093,17,2025-09-09,1000
SH702175,SO500094,16,2025-09-18,2000
SH702176,SO500125,14,2025-09-26,1000
SH702177,SO500126,13,2025-10-01,9000
SH702178,SO500127,10,2025-10-15,1000
SH702179,SO500128,11,2025-10-23,2500
SH702180,SO500129,11,2025-10-28,4500
SH702181,SO500130,11,2025-11-07,5500
SH702182,SO500131,12,2025-11-11,7000
SH702183,SO500149,11,2025-11-20,8000
SH702184,SO500132,11,2025-11-27,6500
SH702185,SO500133,13,2025-12-04,11500
SH702186,SO500134,12,2026-01-02,3000
SH702187,SO500147,11,2025-12-30,3500
SH702188,SO500148,13,2025-12-24,6000
SH702189,SO500135,13,2025-12-30,3500
SH702190,SO500136,13,2026-01-05,6000
SH702191,SO500137,10,2026-01-15,2000
SH702192,SO500095,12,2026-01-22,5500
SH702193,SO500096,15,2026-01-27,2500
SH702194,SO500097,13,2026-02-06,9000
SH702195,SO500098,13,2026-02-12,4500
SH702196,SO500138,12,2026-02-18,2500
SH702197,SO500099,14,2026-02-23,4500
SH702198,SO500139,13,2026-03-09,7500
SH702199,SO500140,12,2026-03-17,3500
SH702200,SO500101,15,2026-03-24,1500
SH702201,SO500102,14,2026-04-01,6500
SH702202,SO500141,14,2026-04-07,4000
SH702203,SO500103,18,2026-04-17,1500
SH702204,SO500104,16,2026-04-22,8500
SH702205,SO500142,15,2026-04-27,4500
SH702206,SO500105,16,2026-05-08,1500
SH702207,SO500105,16,2026-05-21,1000
SH702208,SO500106,17,2026-05-11,4500
SH702209,SO500143,17,2026-05-21,7500
SH702210,SO500144,17,2026-05-26,5500
SH702211,SO500107,15,2026-06-02,8500
SH702212,SO500108,16,2026-06-08,10000
SH702213,SO500109,15,2026-06-17,2000
SH702214,SO500110,14,2026-06-23,9000
SH702215,SO500001,19,2024-03-21,800
SH702216,SO500002,19,2024-03-14,800
SH702217,SO500003,19,2024-03-07,450
SH702218,SO500003,19,2024-03-28,350
SH702219,SO500004,19,2024-03-01,800
SH702220,SO500005,19,2024-02-21,800
SH702221,SO500006,19,2024-02-13,800
SH702222,SO500007,19,2024-02-09,800
SH702223,SO500008,19,2024-01-29,800
SH702224,SO500009,16,2024-01-26,800
SH702225,SO500010,16,2024-01-17,800
SH702226,SO500011,13,2024-01-09,800
SH702227,SO500012,13,2024-01-03,800
SH702228,SO500021,16,2024-03-27,850
SH702229,SO500022,19,2024-04-12,50
SH702230,SO500023,18,2024-04-19,700
SH702231,SO500024,17,2024-04-23,650
SH702232,SO500025,18,2024-05-01,500
SH702233,SO500026,19,2024-05-10,1650
SH702234,SO500027,19,2024-05-15,800
SH702235,SO500028,19,2024-05-23,950
SH702236,SO500029,19,2024-05-29,1900
SH702237,SO500030,18,2024-06-07,1400
SH702238,SO500031,19,2024-06-13,2400
SH702239,SO500032,18,2024-06-21,600
SH702240,SO500033,19,2024-06-25,900
SH702241,SO500035,18,2024-07-08,1750
SH702242,SO500036,19,2024-07-15,1250
SH702243,SO500037,18,2024-07-26,450
SH702244,SO500038,18,2024-08-02,600
SH702245,SO500039,19,2024-08-06,750
SH702246,SO500040,19,2024-08-12,1500
SH702247,SO500041,18,2024-08-22,2000
SH702248,SO500042,17,2024-08-30,1250
SH702249,SO500043,18,2024-09-06,650
SH702250,SO500044,17,2024-09-09,800
SH702251,SO500045,18,2024-09-18,800
SH702252,SO500120,16,2024-10-03,1150
SH702253,SO500047,16,2024-10-09,800
SH702254,SO500048,18,2024-10-16,650
SH702255,SO500049,17,2024-10-25,1350
SH702256,SO500050,17,2024-10-29,950
SH702257,SO500051,15,2024-11-07,550
SH702258,SO500052,15,2024-11-12,1800
SH702259,SO500053,17,2024-11-22,1200
SH702260,SO500054,16,2024-11-28,1800
SH702261,SO500055,17,2024-12-05,1250
SH702262,SO500056,16,2024-12-13,300
SH702263,SO500057,16,2024-12-16,450
SH702264,SO500058,17,2024-12-23,750
SH702265,SO500059,16,2025-01-02,200
SH702266,SO500066,18,2025-02-17,200
SH702267,SO500121,14,2025-02-27,1500
SH702268,SO500067,16,2025-03-06,2000
SH702269,SO500068,17,2025-03-11,1250
SH702270,SO500122,17,2025-03-17,450
SH702271,SO500069,18,2025-03-28,1100
SH702272,SO500070,19,2025-04-02,1150
SH702273,SO500071,18,2025-04-25,350
SH702274,SO500071,18,2025-05-16,250
SH702275,SO500072,19,2025-04-15,450
SH702276,SO500073,18,2025-04-25,200
SH702277,SO500074,16,2025-04-30,50
SH702278,SO500075,17,2025-05-05,1050
SH702279,SO500076,18,2025-05-13,1300
SH702280,SO500077,19,2025-05-23,1600
SH702281,SO500078,19,2025-05-26,1250
SH702282,SO500079,18,2025-06-25,1150
SH702283,SO500123,17,2025-06-09,1050
SH702284,SO500124,17,2025-06-16,650
SH702285,SO500080,17,2025-06-26,750
SH702286,SO500081,18,2025-07-04,400
SH702287,SO500084,18,2025-07-22,1250
SH702288,SO500085,19,2025-07-31,950
SH702289,SO500086,18,2025-08-08,900
SH702290,SO500087,18,2025-08-11,1450
SH702291,SO500088,18,2025-08-22,300
SH702292,SO500089,18,2025-09-19,1300
SH702293,SO500090,19,2025-09-04,2300
SH702294,SO500091,19,2025-09-12,1100
SH702295,SO500093,18,2025-09-23,50
SH702296,SO500094,17,2025-10-22,1600
SH702297,SO500125,15,2025-10-10,750
SH702298,SO500126,14,2025-10-17,750
SH702299,SO500150,9,2025-10-20,1950
SH702300,SO500128,12,2025-11-03,350
SH702301,SO500129,12,2025-11-12,450
SH702302,SO500129,12,2025-11-24,350
SH702303,SO500130,12,2025-11-17,200
SH702304,SO500130,12,2025-12-03,150
SH702305,SO500149,12,2025-12-03,450
SH702306,SO500149,12,2025-12-16,350
SH702307,SO500132,12,2025-12-08,1650
SH702308,SO500134,13,2025-12-23,50
SH702309,SO500147,12,2025-12-31,850
SH702310,SO500148,14,2026-01-08,1100
SH702311,SO500135,14,2026-01-13,1000
SH702312,SO500136,14,2026-01-20,800
SH702313,SO500137,11,2026-01-27,350
SH702314,SO500095,13,2026-02-02,150
SH702315,SO500096,16,2026-02-11,350
SH702316,SO500096,16,2026-02-17,300
SH702317,SO500097,14,2026-02-18,1400
SH702318,SO500098,14,2026-02-26,1500
SH702319,SO500138,13,2026-03-05,550
SH702320,SO500099,15,2026-03-11,600
SH702321,SO500100,14,2026-03-18,700
SH702322,SO500139,14,2026-03-26,300
SH702323,SO500139,14,2026-04-10,200
SH702324,SO500140,13,2026-04-02,1000
SH702325,SO500101,16,2026-04-07,1000
SH702326,SO500102,15,2026-04-14,150
SH702327,SO500102,15,2026-05-07,150
SH702328,SO500141,15,2026-04-23,400
SH702329,SO500103,19,2026-04-29,800
SH702330,SO500104,17,2026-05-04,450
SH702331,SO500142,16,2026-05-13,600
SH702332,SO500142,16,2026-06-01,400
SH702333,SO500105,17,2026-05-21,1150
SH702334,SO500106,18,2026-05-27,650
SH702335,SO500106,18,2026-06-12,500
SH702336,SO500143,18,2026-06-02,1200
SH702337,SO500144,18,2026-06-12,1050
SH702338,SO500107,16,2026-06-19,250
SH702339,SO500108,17,2026-06-26,1000
SH702340,SO500001,20,2024-03-21,750
SH702341,SO500002,20,2024-03-15,250
SH702342,SO500002,20,2024-04-02,500
SH702343,SO500003,20,2024-03-06,750
SH702344,SO500004,20,2024-03-01,750
SH702345,SO500005,20,2024-03-08,750
SH702346,SO500006,20,2024-02-16,750
SH702347,SO500007,20,2024-02-05,750
SH702348,SO500008,20,2024-02-02,750
SH702349,SO500009,17,2024-01-26,750
SH702350,SO500010,17,2024-01-18,750
SH702351,SO500011,14,2024-01-08,750
SH702352,SO500012,14,2024-01-02,750
SH702353,SO500023,19,2024-04-16,500
SH702354,SO500024,18,2024-04-24,250
SH702355,SO500025,19,2024-04-30,250
SH702356,SO500025,19,2024-05-23,250
SH702357,SO500026,20,2024-05-10,750
SH702358,SO500027,20,2024-05-13,500
SH702359,SO500028,20,2024-05-24,500
SH702360,SO500029,20,2024-05-29,250
SH702361,SO500029,20,2024-06-17,500
SH702362,SO500030,19,2024-06-04,750
SH702363,SO500031,20,2024-06-11,1000
SH702364,SO500032,19,2024-06-17,1250
SH702365,SO500033,20,2024-06-24,1000
SH702366,SO500034,17,2024-07-04,750
SH702367,SO500035,19,2024-07-08,750
SH702368,SO500036,20,2024-07-17,1250
SH702369,SO500037,19,2024-07-26,1500
SH702370,SO500038,19,2024-07-31,1250
SH702371,SO500039,20,2024-08-05,250
SH702372,SO500040,20,2024-08-14,750
SH702373,SO500041,19,2024-08-20,1000
SH702374,SO500042,18,2024-08-28,1750
SH702375,SO500043,19,2024-09-06,1750
SH702376,SO500044,18,2024-09-11,500
SH702377,SO500045,19,2024-09-18,1000
SH702378,SO500120,17,2024-09-26,250
SH702379,SO500046,19,2024-09-30,1500
SH702380,SO500047,17,2024-10-11,1250
SH702381,SO500049,18,2024-10-25,250
SH702382,SO500050,18,2024-10-28,500
SH702383,SO500051,16,2024-11-08,750
SH702384,SO500052,16,2024-11-14,250
SH702385,SO500054,17,2024-11-27,500
SH702386,SO500055,18,2024-12-05,500
SH702387,SO500056,17,2024-12-09,500
SH702388,SO500057,17,2024-12-17,500
SH702389,SO500058,18,2024-12-27,250
SH702390,SO500059,17,2024-12-31,250
SH702391,SO500060,16,2025-01-07,750
SH702392,SO500061,19,2025-01-15,250
SH702393,SO500062,17,2025-01-20,1000
SH702394,SO500063,15,2025-01-29,250
SH702395,SO500063,15,2025-02-13,250
SH702396,SO500064,16,2025-02-04,250
SH702397,SO500066,19,2025-02-19,1000
SH702398,SO500121,15,2025-02-28,1000
SH702399,SO500067,17,2025-03-05,500
SH702400,SO500068,18,2025-03-12,1500
SH702401,SO500122,18,2025-03-20,500
SH702402,SO500069,19,2025-03-24,750
SH702403,SO500070,20,2025-04-11,500
SH702404,SO500070,20,2025-04-14,500
SH702405,SO500071,19,2025-04-10,1000
SH702406,SO500072,20,2025-04-18,500
SH702407,SO500073,19,2025-04-23,1250
SH702408,SO500074,17,2025-05-01,750
SH702409,SO500075,18,2025-05-09,750
SH702410,SO500075,18,2025-05-28,500
SH702411,SO500076,19,2025-05-13,500
SH702412,SO500077,20,2025-05-23,1000
SH702413,SO500078,20,2025-05-26,2250
SH702414,SO500079,19,2025-06-03,1500
SH702415,SO500123,18,2025-06-10,1750
SH702416,SO500080,18,2025-06-26,2000
SH702417,SO500081,19,2025-07-01,500
SH702418,SO500082,18,2025-07-10,750
SH702419,SO500084,19,2025-07-22,250
SH702420,SO500086,19,2025-08-06,500
SH702421,SO500087,19,2025-08-12,750
SH702422,SO500088,19,2025-08-22,1000
SH702423,SO500089,19,2025-08-29,750
SH702424,SO500089,19,2025-09-04,500
SH702425,SO500090,20,2025-09-03,2000
SH702426,SO500091,20,2025-09-09,1250
SH702427,SO500092,18,2025-09-15,1500
SH702428,SO500093,19,2025-09-25,250
SH702429,SO500094,18,2025-09-30,1000
SH702430,SO500125,16,2025-10-08,250
SH702431,SO500125,16,2025-10-15,500
SH702432,SO500150,10,2025-10-23,250
SH702433,SO500130,13,2025-11-19,1250
SH702434,SO500131,13,2025-11-26,1000
SH702435,SO500149,13,2025-12-02,1000
SH702436,SO500132,13,2025-12-09,1500
SH702437,SO500134,14,2025-12-25,750
SH702438,SO500147,13,2026-01-02,1250
SH702439,SO500148,15,2026-01-07,1000
SH702440,SO500135,15,2026-01-12,250
SH702441,SO500136,15,2026-01-22,500
SH702442,SO500137,12,2026-01-27,250
SH702443,SO500096,17,2026-02-12,1250
SH702444,SO500097,15,2026-02-16,750
SH702445,SO500098,15,2026-02-24,250
SH702446,SO500138,14,2026-03-02,250
SH702447,SO500099,16,2026-03-31,500
SH702448,SO500100,15,2026-03-24,250
SH702449,SO500139,15,2026-03-23,1500
SH702450,SO500140,14,2026-04-02,1000
SH702451,SO500101,17,2026-04-10,1000
SH702452,SO500102,16,2026-04-13,1000
SH702453,SO500141,16,2026-04-24,250
SH702454,SO500141,16,2026-04-29,500
SH702455,SO500103,20,2026-04-27,500
SH702456,SO500104,18,2026-05-04,750
SH702457,SO500142,17,2026-05-12,750
SH702458,SO500105,18,2026-05-20,250
SH702459,SO500106,19,2026-05-26,1250
SH702460,SO500143,19,2026-06-03,1000
SH702461,SO500144,19,2026-06-10,2000
SH702462,SO500107,17,2026-06-18,500
SH702463,SO500107,17,2026-06-24,500
SH702464,SO500108,18,2026-06-22,2250
SH702465,SO500001,21,2024-04-15,180
SH702466,SO500002,21,2024-04-10,180
SH702467,SO500003,21,2024-04-03,180
SH702468,SO500004,21,2024-03-26,180
SH702469,SO500005,21,2024-03-21,180
SH702470,SO500006,21,2024-03-13,180
SH702471,SO500007,21,2024-03-12,180
SH702472,SO500008,21,2024-02-26,180
SH702473,SO500009,18,2024-02-22,100
SH702474,SO500009,18,2024-03-13,80
SH702475,SO500010,18,2024-02-15,180
SH702476,SO500011,15,2024-02-09,180
SH702477,SO500012,15,2024-01-30,180
SH702478,SO500013,7,2024-01-25,180
SH702479,SO500014,7,2024-01-18,180
SH702480,SO500015,7,2024-01-11,180
SH702481,SO500016,7,2024-01-05,180
SH702482,SO500021,17,2024-04-22,270
SH702483,SO500119,17,2024-05-02,70
SH702484,SO500022,20,2024-05-07,170
SH702485,SO500023,20,2024-05-16,340
SH702486,SO500024,19,2024-05-23,190
SH702487,SO500025,20,2024-05-30,120
SH702488,SO500026,21,2024-06-03,250
SH702489,SO500027,21,2024-06-10,160
SH702490,SO500028,21,2024-06-19,160
SH702491,SO500029,21,2024-06-26,260
SH702492,SO500030,20,2024-07-03,320
SH702493,SO500032,20,2024-07-17,60
SH702494,SO500033,21,2024-07-22,120
SH702495,SO500034,18,2024-08-01,190
SH702496,SO500035,20,2024-08-06,100
SH702497,SO500036,21,2024-08-12,130
SH702498,SO500037,20,2024-08-21,90
SH702499,SO500037,20,2024-09-11,60
SH702500,SO500038,20,2024-08-30,400
SH702501,SO500039,21,2024-09-03,260
SH702502,SO500040,21,2024-09-12,190
SH702503,SO500041,20,2024-09-19,240
SH702504,SO500041,20,2024-09-30,170
SH702505,SO500042,19,2024-09-26,520
SH702506,SO500043,20,2024-10-04,370
SH702507,SO500044,19,2024-10-10,180
SH702508,SO500044,19,2024-11-01,120
SH702509,SO500045,20,2024-10-17,540
SH702510,SO500120,18,2024-10-25,200
SH702511,SO500046,20,2024-10-28,380
SH702512,SO500047,18,2024-11-08,270
SH702513,SO500048,19,2024-11-11,260
SH702514,SO500051,17,2024-12-05,400
SH702515,SO500052,17,2024-12-13,240
SH702516,SO500053,18,2024-12-17,90
SH702517,SO500053,18,2025-01-10,70
SH702518,SO500055,19,2024-12-30,10
SH702519,SO500056,18,2025-01-29,40
SH702520,SO500057,18,2025-01-13,280
SH702521,SO500058,19,2025-01-22,90
SH702522,SO500060,17,2025-02-04,250
SH702523,SO500061,20,2025-02-11,170
SH702524,SO500062,18,2025-02-18,370
SH702525,SO500063,16,2025-02-26,160
SH702526,SO500064,17,2025-03-05,50
SH702527,SO500065,17,2025-03-14,60
SH702528,SO500066,20,2025-03-17,100
SH702529,SO500121,16,2025-03-26,220
SH702530,SO500067,18,2025-04-04,40
SH702531,SO500068,19,2025-04-07,50
SH702532,SO500122,19,2025-04-16,200
SH702533,SO500069,20,2025-04-21,510
SH702534,SO500070,21,2025-05-02,640
SH702535,SO500071,20,2025-05-05,440
SH702536,SO500072,21,2025-05-12,360
SH702537,SO500073,20,2025-05-23,330
SH702538,SO500074,18,2025-05-27,420
SH702539,SO500075,19,2025-06-04,110
SH702540,SO500076,20,2025-06-10,480
SH702541,SO500077,21,2025-06-20,40
SH702542,SO500079,20,2025-07-02,140
SH702543,SO500123,19,2025-07-11,360
SH702544,SO500124,18,2025-07-18,70
SH702545,SO500080,19,2025-07-23,110
SH702546,SO500081,20,2025-07-31,570
SH702547,SO500082,19,2025-08-04,170
SH702548,SO500083,19,2025-08-14,420
SH702549,SO500084,20,2025-08-20,320
SH702550,SO500085,20,2025-08-25,460
SH702551,SO500086,20,2025-09-05,450
SH702552,SO500087,20,2025-09-12,590
SH702553,SO500088,20,2025-09-17,410
SH702554,SO500089,20,2025-09-24,400
SH702555,SO500090,21,2025-10-01,420
SH702556,SO500091,21,2025-10-09,770
SH702557,SO500092,19,2025-10-13,530
SH702558,SO500093,20,2025-10-20,180
SH702559,SO500099,17,2026-04-09,160
SH702560,SO500100,16,2026-04-15,230
SH702561,SO500102,17,2026-05-14,70
SH702562,SO500141,17,2026-05-18,60
SH702563,SO500104,19,2026-06-04,150
SH702564,SO500105,19,2026-06-19,80
SH702565,SO500106,20,2026-06-24,220
SH702566,SO500001,22,2024-03-07,2000
SH702567,SO500002,22,2024-02-28,2000
SH702568,SO500003,22,2024-02-19,2000
SH702569,SO500004,22,2024-02-16,2000
SH702570,SO500005,22,2024-02-06,2000
SH702571,SO500006,22,2024-01-31,2000
SH702572,SO500007,22,2024-01-24,2000
SH702573,SO500008,22,2024-01-17,2000
SH702574,SO500009,19,2024-01-08,2000
SH702575,SO500010,19,2024-01-02,2000
SH702576,SO500023,21,2024-04-04,1000
SH702577,SO500024,20,2024-04-10,2500
SH702578,SO500025,21,2024-04-18,2000
SH702579,SO500026,22,2024-04-22,2500
SH702580,SO500027,22,2024-05-03,1000
SH702581,SO500028,22,2024-05-08,3500
SH702582,SO500029,22,2024-05-17,2500
SH702583,SO500030,21,2024-05-23,2000
SH702584,SO500031,21,2024-05-30,4000
SH702585,SO500034,19,2024-06-19,2000
SH702586,SO500035,21,2024-06-28,2000
SH702587,SO500036,22,2024-07-08,500
SH702588,SO500037,21,2024-07-10,1500
SH702589,SO500038,21,2024-07-16,1500
SH702590,SO500039,22,2024-07-22,1500
SH702591,SO500040,22,2024-07-31,5000
SH702592,SO500041,21,2024-08-07,5000
SH702593,SO500042,20,2024-08-14,500
SH702594,SO500043,21,2024-08-22,1000
SH702595,SO500044,20,2024-08-27,1500
SH702596,SO500045,21,2024-09-02,4000
SH702597,SO500120,19,2024-09-09,3000
SH702598,SO500046,21,2024-09-19,1500
SH702599,SO500047,19,2024-09-25,1000
SH702600,SO500048,20,2024-10-01,500
SH702601,SO500049,19,2024-10-11,2000
SH702602,SO500050,19,2024-10-14,3000
SH702603,SO500051,18,2024-10-24,2500
SH702604,SO500053,19,2024-11-04,1000
SH702605,SO500054,18,2024-11-14,1500
SH702606,SO500055,20,2024-11-21,1500
SH702607,SO500056,19,2024-11-26,1000
SH702608,SO500057,19,2024-12-03,3000
SH702609,SO500058,20,2024-12-10,1500
SH702610,SO500059,18,2024-12-19,500
SH702611,SO500060,18,2024-12-27,2500
SH702612,SO500061,21,2025-01-02,1500
SH702613,SO500062,19,2025-01-06,2000
SH702614,SO500063,17,2025-01-15,2000
SH702615,SO500064,18,2025-01-24,1000
SH702616,SO500065,18,2025-01-27,1500
SH702617,SO500121,17,2025-02-11,1000
SH702618,SO500121,17,2025-02-17,1000
SH702619,SO500067,19,2025-02-21,1000
SH702620,SO500068,20,2025-02-27,2500
SH702621,SO500122,20,2025-03-05,1000
SH702622,SO500069,21,2025-03-12,1500
SH702623,SO500070,22,2025-03-19,1000
SH702624,SO500071,21,2025-03-25,1000
SH702625,SO500072,22,2025-04-04,2000
SH702626,SO500073,21,2025-04-09,4500
SH702627,SO500074,19,2025-04-14,1000
SH702628,SO500075,20,2025-04-25,1000
SH702629,SO500076,21,2025-05-01,2500
SH702630,SO500078,21,2025-05-13,2500
SH702631,SO500079,21,2025-06-02,3000
SH702632,SO500123,20,2025-05-27,2500
SH702633,SO500080,20,2025-06-19,500
SH702634,SO500081,21,2025-06-16,3000
SH702635,SO500082,20,2025-06-23,3000
SH702636,SO500083,20,2025-07-24,4500
SH702637,SO500084,21,2025-07-10,1500
SH702638,SO500085,21,2025-07-31,3500
SH702639,SO500086,21,2025-07-23,2000
SH702640,SO500087,21,2025-08-19,5000
SH702641,SO500088,21,2025-08-07,2500
SH702642,SO500090,22,2025-08-29,2500
SH702643,SO500091,22,2025-08-29,500
SH702644,SO500092,20,2025-09-03,2000
SH702645,SO500094,19,2025-09-15,3500
SH702646,SO500126,15,2025-10-02,4000
SH702647,SO500150,11,2025-10-08,1500
SH702648,SO500150,11,2025-10-15,1000
SH702649,SO500128,13,2025-10-20,3500
SH702650,SO500129,13,2025-10-29,2000
SH702651,SO500130,14,2025-11-03,2000
SH702652,SO500149,14,2025-11-20,500
SH702653,SO500132,14,2025-11-25,1000
SH702654,SO500133,14,2025-12-04,500
SH702655,SO500134,15,2025-12-09,1500
SH702656,SO500148,16,2025-12-22,1500
SH702657,SO500135,16,2025-12-30,3000
SH702658,SO500136,16,2026-01-09,2000
SH702659,SO500137,13,2026-01-16,1000
SH702660,SO500095,14,2026-01-19,4000
SH702661,SO500096,18,2026-01-26,500
SH702662,SO500096,18,2026-02-09,1000
SH702663,SO500097,16,2026-02-03,2000
SH702664,SO500098,16,2026-02-10,1000
SH702665,SO500138,15,2026-02-18,1500
SH702666,SO500099,18,2026-02-23,500
SH702667,SO500100,17,2026-03-02,2500
SH702668,SO500139,16,2026-03-10,2500
SH702669,SO500140,15,2026-03-20,500
SH702670,SO500101,18,2026-03-27,3000
SH702671,SO500102,18,2026-04-01,2000
SH702672,SO500141,18,2026-04-10,2500
SH702673,SO500103,21,2026-04-17,3000
SH702674,SO500104,20,2026-04-22,1000
SH702675,SO500142,18,2026-04-28,4000
SH702676,SO500105,20,2026-05-08,1500
SH702677,SO500106,21,2026-05-15,500
SH702678,SO500143,21,2026-05-20,500
SH702679,SO500144,21,2026-05-27,1000
SH702680,SO500107,19,2026-06-04,3000
SH702681,SO500108,20,2026-06-10,4000
SH702682,SO500109,19,2026-06-15,2000
SH702683,SO500110,18,2026-06-22,1000
SH702684,SO500001,23,2024-04-17,60
SH702685,SO500002,23,2024-04-08,60
SH702686,SO500003,23,2024-04-05,60
SH702687,SO500004,23,2024-03-27,60
SH702688,SO500005,23,2024-03-22,30
SH702689,SO500005,23,2024-04-08,30
SH702690,SO500006,23,2024-03-13,60
SH702691,SO500007,23,2024-03-05,60
SH702692,SO500008,23,2024-02-28,60
SH702693,SO500009,20,2024-02-20,60
SH702694,SO500010,20,2024-02-15,60
SH702695,SO500011,16,2024-02-08,60
SH702696,SO500012,16,2024-01-29,60
SH702697,SO500013,8,2024-01-22,60
SH702698,SO500014,8,2024-01-18,60
SH702699,SO500015,8,2024-01-08,60
SH702700,SO500016,8,2024-01-04,60
SH702701,SO500119,18,2024-05-01,30
SH702702,SO500022,21,2024-05-09,40
SH702703,SO500023,22,2024-05-14,90
SH702704,SO500024,21,2024-05-21,30
SH702705,SO500024,21,2024-06-14,20
SH702706,SO500025,22,2024-05-31,60
SH702707,SO500026,23,2024-06-04,10
SH702708,SO500027,23,2024-06-10,100
SH702709,SO500028,23,2024-06-20,60
SH702710,SO500029,23,2024-06-27,30
SH702711,SO500030,22,2024-07-01,150
SH702712,SO500031,22,2024-07-08,80
SH702713,SO500032,21,2024-07-18,70
SH702714,SO500032,21,2024-08-05,50
SH702715,SO500033,22,2024-07-23,90
SH702716,SO500034,20,2024-07-31,110
SH702717,SO500035,22,2024-08-07,50
SH702718,SO500036,23,2024-08-12,130
SH702719,SO500037,22,2024-08-23,160
SH702720,SO500038,22,2024-08-29,30
SH702721,SO500039,23,2024-09-03,160
SH702722,SO500040,23,2024-09-11,50
SH702723,SO500041,22,2024-09-18,10
SH702724,SO500042,21,2024-09-25,10
SH702725,SO500042,21,2024-10-08,10
SH702726,SO500043,22,2024-10-01,30
SH702727,SO500044,21,2024-10-11,30
SH702728,SO500045,22,2024-10-18,30
SH702729,SO500120,20,2024-10-21,110
SH702730,SO500047,20,2024-11-08,120
SH702731,SO500048,21,2024-11-15,110
SH702732,SO500049,20,2024-11-20,120
SH702733,SO500050,20,2024-11-29,90
SH702734,SO500051,19,2024-12-03,140
SH702735,SO500052,18,2024-12-12,20
SH702736,SO500053,20,2024-12-18,50
SH702737,SO500054,19,2024-12-24,50
SH702738,SO500055,21,2025-01-02,60
SH702739,SO500056,20,2025-01-10,60
SH702740,SO500057,20,2025-01-17,50
SH702741,SO500058,21,2025-01-30,60
SH702742,SO500059,19,2025-01-30,70
SH702743,SO500060,19,2025-02-03,60
SH702744,SO500060,19,2025-02-28,40
SH702745,SO500061,22,2025-02-10,130
SH702746,SO500062,20,2025-02-18,70
SH702747,SO500063,18,2025-02-27,30
SH702748,SO500064,19,2025-03-05,50
SH702749,SO500065,19,2025-03-12,80
SH702750,SO500066,21,2025-03-19,40
SH702751,SO500121,18,2025-03-25,20
SH702752,SO500067,20,2025-03-31,60
SH702753,SO500068,21,2025-04-08,10
SH702754,SO500122,21,2025-04-15,70
SH702755,SO500069,22,2025-04-23,40
SH702756,SO500069,22,2025-05-05,40
SH702757,SO500070,23,2025-04-28,80
SH702758,SO500071,22,2025-05-08,130
SH702759,SO500072,23,2025-05-13,110
SH702760,SO500073,22,2025-05-20,210
SH702761,SO500074,20,2025-05-28,80
SH702762,SO500075,21,2025-06-04,120
SH702763,SO500076,22,2025-06-10,40
SH702764,SO500077,22,2025-06-27,150
SH702765,SO500078,22,2025-06-23,50
SH702766,SO500079,22,2025-07-04,60
SH702767,SO500123,21,2025-07-10,70
SH702768,SO500124,19,2025-07-14,10
SH702769,SO500080,21,2025-07-22,90
SH702770,SO500081,22,2025-07-28,30
SH702771,SO500082,21,2025-08-04,100
SH702772,SO500083,21,2025-08-13,80
SH702773,SO500083,21,2025-08-28,60
SH702774,SO500084,22,2025-08-18,140
SH702775,SO500085,22,2025-08-26,30
SH702776,SO500086,22,2025-09-04,170
SH702777,SO500087,22,2025-09-08,40
SH702778,SO500088,22,2025-09-15,140
SH702779,SO500089,21,2025-09-23,150
SH702780,SO500090,23,2025-10-03,80
SH702781,SO500090,23,2025-10-13,60
SH702782,SO500091,23,2025-10-06,140
SH702783,SO500092,21,2025-10-17,30
SH702784,SO500093,21,2025-10-21,170
SH702785,SO500094,20,2025-10-30,10
SH702786,SO500125,17,2025-11-03,10
SH702787,SO500148,17,2026-02-03,10
SH702788,SO500135,17,2026-02-11,60
SH702789,SO500136,17,2026-02-18,30
SH702790,SO500095,15,2026-03-02,20
SH702791,SO500096,19,2026-03-09,50
SH702792,SO500097,17,2026-03-17,30
SH702793,SO500098,17,2026-03-26,110
SH702794,SO500099,19,2026-04-10,40
SH702795,SO500139,17,2026-04-24,80
SH702796,SO500103,22,2026-05-26,40
SH702797,SO500104,21,2026-06-05,40
SH702798,SO500142,19,2026-06-12,100
SH702799,SO500001,24,2024-03-22,800
SH702800,SO500002,24,2024-04-05,800
SH702801,SO500003,24,2024-03-13,800
SH702802,SO500004,24,2024-02-27,800
SH702803,SO500005,24,2024-02-23,800
SH702804,SO500006,24,2024-02-12,800
SH702805,SO500007,24,2024-02-09,800
SH702806,SO500008,24,2024-01-29,800
SH702807,SO500009,21,2024-01-24,800
SH702808,SO500010,21,2024-01-17,450
SH702809,SO500010,21,2024-02-02,350
SH702810,SO500011,17,2024-01-12,800
SH702811,SO500012,17,2024-01-01,800
SH702812,SO500021,18,2024-03-29,1050
SH702813,SO500119,19,2024-04-02,800
SH702814,SO500023,23,2024-04-18,700
SH702815,SO500025,23,2024-04-30,600
SH702816,SO500025,23,2024-05-20,400
SH702817,SO500026,24,2024-05-07,400
SH702818,SO500027,24,2024-05-14,250
SH702819,SO500028,24,2024-05-21,950
SH702820,SO500029,24,2024-05-28,1100
SH702821,SO500030,23,2024-06-05,1550
SH702822,SO500031,23,2024-06-11,2150
SH702823,SO500032,22,2024-06-18,1850
SH702824,SO500033,23,2024-06-24,450
SH702825,SO500034,21,2024-07-19,900
SH702826,SO500034,21,2024-08-06,600
SH702827,SO500035,23,2024-07-10,1300
SH702828,SO500036,24,2024-07-16,1400
SH702829,SO500037,23,2024-07-26,1000
SH702830,SO500038,23,2024-08-02,1150
SH702831,SO500040,24,2024-08-15,350
SH702832,SO500041,23,2024-08-20,1200
SH702833,SO500042,22,2024-08-27,350
SH702834,SO500043,23,2024-09-02,950
SH702835,SO500044,22,2024-09-24,700
SH702836,SO500045,23,2024-09-16,850
SH702837,SO500120,21,2024-09-24,50
SH702838,SO500120,21,2024-10-09,50
SH702839,SO500046,22,2024-09-30,1250
SH702840,SO500047,21,2024-10-10,600
SH702841,SO500048,22,2024-10-16,1000
SH702842,SO500049,21,2024-10-22,1200
SH702843,SO500050,21,2024-10-29,650
SH702844,SO500051,20,2024-11-26,400
SH702845,SO500052,19,2024-11-14,750
SH702846,SO500053,21,2024-11-26,1700
SH702847,SO500054,20,2024-11-26,500
SH702848,SO500054,20,2024-12-17,400
SH702849,SO500055,22,2024-12-04,1600
SH702850,SO500056,21,2024-12-11,1150
SH702851,SO500057,21,2024-12-16,1350
SH702852,SO500058,22,2024-12-26,1450
SH702853,SO500059,20,2025-01-01,900
SH702854,SO500059,20,2025-01-13,650
SH702855,SO500060,20,2025-01-10,100
SH702856,SO500061,23,2025-01-16,550
SH702857,SO500062,21,2025-01-22,1100
SH702858,SO500063,19,2025-01-29,750
SH702859,SO500065,20,2025-02-12,250
SH702860,SO500066,22,2025-02-19,150
SH702861,SO500121,19,2025-02-24,950
SH702862,SO500067,21,2025-03-07,450
SH702863,SO500068,22,2025-03-20,150
SH702864,SO500070,24,2025-04-03,2000
SH702865,SO500071,23,2025-04-08,550
SH702866,SO500072,24,2025-04-18,800
SH702867,SO500073,23,2025-04-25,350
SH702868,SO500074,21,2025-05-02,1200
SH702869,SO500075,22,2025-05-06,1200
SH702870,SO500076,23,2025-05-12,1550
SH702871,SO500077,23,2025-05-23,500
SH702872,SO500079,23,2025-06-04,1300
SH702873,SO500123,22,2025-06-10,1350
SH702874,SO500124,20,2025-06-19,1450
SH702875,SO500080,22,2025-06-24,1150
SH702876,SO500081,23,2025-06-30,1000
SH702877,SO500082,22,2025-07-11,1200
SH702878,SO500083,22,2025-07-17,950
SH702879,SO500084,23,2025-07-25,700
SH702880,SO500085,23,2025-08-01,650
SH702881,SO500086,23,2025-08-04,50
SH702882,SO500086,23,2025-08-11,50
SH702883,SO500087,23,2025-08-11,650
SH702884,SO500088,23,2025-08-19,1350
SH702885,SO500089,22,2025-08-27,450
SH702886,SO500090,24,2025-09-05,850
SH702887,SO500091,24,2025-09-10,800
SH702888,SO500092,22,2025-09-19,600
SH702889,SO500093,22,2025-10-13,2050
SH702890,SO500094,21,2025-10-03,750
SH702891,SO500125,18,2025-10-09,100
SH702892,SO500126,16,2025-10-14,500
SH702893,SO500150,12,2025-10-21,1100
SH702894,SO500127,11,2025-10-27,900
SH702895,SO500128,14,2025-11-05,1950
SH702896,SO500129,14,2025-11-10,700
SH702897,SO500131,14,2025-11-28,1300
SH702898,SO500149,15,2025-12-01,1500
SH702899,SO500132,15,2025-12-08,500
SH702900,SO500132,15,2025-12-26,400
SH702901,SO500133,15,2025-12-19,250
SH702902,SO500134,16,2025-12-22,850
SH702903,SO500147,14,2026-01-22,150
SH702904,SO500148,18,2026-01-08,900
SH702905,SO500135,18,2026-01-16,550
SH702906,SO500137,14,2026-01-30,1050
SH702907,SO500096,20,2026-02-25,400
SH702908,SO500098,18,2026-02-24,150
SH702909,SO500138,16,2026-03-05,600
SH702910,SO500099,20,2026-03-09,1250
SH702911,SO500100,18,2026-03-18,500
SH702912,SO500100,18,2026-03-24,350
SH702913,SO500139,18,2026-03-26,50
SH702914,SO500139,18,2026-04-07,100
SH702915,SO500140,16,2026-03-31,1150
SH702916,SO500101,19,2026-04-06,1250
SH702917,SO500102,19,2026-04-15,350
SH702918,SO500141,19,2026-04-20,1400
SH702919,SO500103,23,2026-05-01,500
SH702920,SO500104,22,2026-05-08,400
SH702921,SO500142,20,2026-05-12,900
SH702922,SO500105,21,2026-05-21,850
SH702923,SO500106,23,2026-05-25,600
SH702924,SO500106,23,2026-06-17,450
SH702925,SO500143,23,2026-06-02,800
SH702926,SO500144,23,2026-06-12,1300
SH702927,SO500107,20,2026-06-24,1400
SH702928,SO500001,25,2024-05-13,500
SH702929,SO500002,25,2024-05-08,500
SH702930,SO500003,25,2024-05-01,500
SH702931,SO500004,25,2024-04-24,500
SH702932,SO500005,25,2024-04-16,500
SH702933,SO500006,25,2024-04-10,500
SH702934,SO500007,25,2024-04-02,500
SH702935,SO500008,25,2024-03-29,500
SH702936,SO500009,22,2024-03-21,500
SH702937,SO500010,22,2024-03-15,500
SH702938,SO500011,18,2024-03-06,500
SH702939,SO500012,18,2024-02-27,500
SH702940,SO500013,9,2024-02-23,500
SH702941,SO500014,9,2024-02-15,500
SH702942,SO500015,9,2024-02-07,500
SH702943,SO500016,9,2024-01-30,500
SH702944,SO500017,5,2024-01-26,500
SH702945,SO500018,5,2024-01-15,500
SH702946,SO500019,5,2024-01-11,300
SH702947,SO500019,5,2024-01-24,200
SH702948,SO500020,5,2024-01-03,500
SH702949,SO500021,19,2024-05-21,450
SH702950,SO500119,20,2024-05-30,450
SH702951,SO500022,22,2024-06-05,500
SH702952,SO500023,24,2024-07-03,200
SH702953,SO500023,24,2024-07-18,200
SH702954,SO500025,24,2024-06-28,650
SH702955,SO500026,25,2024-07-03,50
SH702956,SO500027,25,2024-07-11,750
SH702957,SO500028,25,2024-07-15,700
SH702958,SO500029,25,2024-07-23,150
SH702959,SO500030,24,2024-07-31,350
SH702960,SO500031,24,2024-08-05,1650
SH702961,SO500032,23,2024-08-15,1100
SH702962,SO500033,24,2024-08-20,50
SH702963,SO500034,22,2024-08-29,1350
SH702964,SO500035,24,2024-09-02,300
SH702965,SO500037,24,2024-09-19,1150
SH702966,SO500038,24,2024-09-25,550
SH702967,SO500039,24,2024-10-04,150
SH702968,SO500040,25,2024-10-08,450
SH702969,SO500041,24,2024-10-18,1350
SH702970,SO500042,23,2024-10-23,550
SH702971,SO500043,24,2024-11-01,50
SH702972,SO500044,23,2024-11-05,1400
SH702973,SO500045,24,2024-11-12,400
SH702974,SO500120,22,2024-11-22,1550
SH702975,SO500046,23,2024-11-27,750
SH702976,SO500047,22,2024-12-03,1200
SH702977,SO500048,23,2024-12-10,50
SH702978,SO500049,22,2024-12-16,250
SH702979,SO500050,22,2024-12-27,1250
SH702980,SO500051,21,2025-01-02,250
SH702981,SO500052,20,2025-01-08,1250
SH702982,SO500056,22,2025-02-05,850
SH702983,SO500057,22,2025-02-20,650
SH702984,SO500058,23,2025-02-19,400
SH702985,SO500059,21,2025-02-25,1000
SH702986,SO500063,20,2025-03-28,400
SH702987,SO500063,20,2025-04-03,300
SH702988,SO500064,20,2025-04-04,50
SH702989,SO500066,23,2025-04-18,950
SH702990,SO500121,20,2025-05-12,200
SH702991,SO500067,22,2025-04-29,950
SH702992,SO500068,23,2025-05-09,1300
SH702993,SO500122,22,2025-05-15,350
SH702994,SO500069,23,2025-05-22,600
SH702995,SO500070,25,2025-05-29,1100
SH702996,SO500071,24,2025-06-03,1550
SH702997,SO500072,25,2025-06-10,350
SH702998,SO500072,25,2025-06-20,250
SH702999,SO500073,24,2025-06-19,850
SH703000,SO500075,23,2025-07-03,550
SH703001,SO500076,24,2025-07-09,750
SH703002,SO500077,24,2025-07-15,1300
SH703003,SO500078,23,2025-07-21,1000
SH703004,SO500079,24,2025-08-01,50
SH703005,SO500123,23,2025-10-20,600
SH703006,SO500124,21,2025-08-13,750
SH703007,SO500080,23,2025-11-21,1800
SH703008,SO500081,24,2025-11-27,200
SH703009,SO500082,23,2025-09-01,300
SH703010,SO500083,23,2025-11-05,450
SH703011,SO500085,24,2025-09-26,750
SH703012,SO500086,24,2025-12-12,1150
SH703013,SO500087,24,2025-10-06,1450
SH703014,SO500088,24,2025-10-14,250
SH703015,SO500089,23,2025-10-21,1450
SH703016,SO500090,25,2025-10-27,1850
SH703017,SO500091,25,2026-02-05,300
SH703018,SO500092,23,2025-12-26,2050
SH703019,SO500093,23,2026-01-20,850
SH703020,SO500099,21,2026-06-04,1100
SH703021,SO500141,20,2026-06-19,650
SH703022,SO500103,24,2026-06-25,450
SH703023,SO500001,26,2024-02-20,3000
SH703024,SO500002,26,2024-02-15,3000
SH703025,SO500003,26,2024-02-07,3000
SH703026,SO500004,26,2024-02-02,1000
SH703027,SO500004,26,2024-02-19,2000
SH703028,SO500005,26,2024-01-23,3000
SH703029,SO500006,26,2024-01-17,3000
SH703030,SO500007,26,2024-01-11,3000
SH703031,SO500008,26,2024-01-03,3000
SH703032,SO500119,21,2024-03-04,4000
SH703033,SO500022,23,2024-03-15,4000
SH703034,SO500023,25,2024-03-20,3000
SH703035,SO500024,22,2024-03-27,1000
SH703036,SO500025,25,2024-04-01,3000
SH703037,SO500025,25,2024-04-22,2000
SH703038,SO500026,26,2024-04-09,2000
SH703039,SO500027,26,2024-04-19,3000
SH703040,SO500027,26,2024-05-09,2000
SH703041,SO500028,26,2024-04-25,5000
SH703042,SO500029,26,2024-05-01,3000
SH703043,SO500030,25,2024-05-08,2000
SH703044,SO500031,25,2024-05-13,5000
SH703045,SO500032,24,2024-05-21,5000
SH703046,SO500033,25,2024-05-31,5000
SH703047,SO500034,23,2024-06-06,4000
SH703048,SO500035,25,2024-06-13,1000
SH703049,SO500036,25,2024-06-17,4000
SH703050,SO500037,25,2024-06-26,6000
SH703051,SO500038,25,2024-07-02,3000
SH703052,SO500038,25,2024-07-18,3000
SH703053,SO500039,25,2024-07-09,2000
SH703054,SO500041,25,2024-07-23,3000
SH703055,SO500042,24,2024-07-30,2000
SH703056,SO500043,25,2024-08-06,1000
SH703057,SO500043,25,2024-08-19,2000
SH703058,SO500044,24,2024-08-12,3000
SH703059,SO500120,23,2024-08-28,2000
SH703060,SO500046,24,2024-09-06,7000
SH703061,SO500047,23,2024-09-11,4000
SH703062,SO500048,24,2024-09-16,3000
SH703063,SO500049,23,2024-09-23,9000
SH703064,SO500050,23,2024-10-03,4000
SH703065,SO500051,22,2024-10-08,1000
SH703066,SO500051,22,2024-10-23,1000
SH703067,SO500052,21,2024-10-15,4000
SH703068,SO500053,22,2024-10-21,3000
SH703069,SO500054,21,2024-10-29,3000
SH703070,SO500055,23,2024-11-06,4000
SH703071,SO500064,21,2025-01-09,1000
SH703072,SO500064,21,2025-01-30,2000
SH703073,SO500065,21,2025-01-15,4000
SH703074,SO500066,24,2025-02-14,2000
SH703075,SO500121,21,2025-01-28,3000
SH703076,SO500067,23,2025-02-03,7000
SH703077,SO500068,24,2025-02-12,4000
SH703078,SO500122,23,2025-02-19,1000
SH703079,SO500069,24,2025-02-28,2000
SH703080,SO500070,26,2025-03-06,3000
SH703081,SO500071,25,2025-03-12,5000
SH703082,SO500072,26,2025-03-19,1000
SH703083,SO500073,25,2025-04-09,4000
SH703084,SO500074,22,2025-04-01,2000
SH703085,SO500075,24,2025-04-07,6000
SH703086,SO500076,25,2025-04-15,5000
SH703087,SO500077,25,2025-04-25,3000
SH703088,SO500078,24,2025-05-01,5000
SH703089,SO500079,25,2025-05-09,3000
SH703090,SO500123,24,2025-05-13,4000
SH703091,SO500124,22,2025-05-21,1000
SH703092,SO500080,24,2025-05-29,2000
SH703093,SO500080,24,2025-06-06,2000
SH703094,SO500081,25,2025-06-05,2000
SH703095,SO500082,24,2025-06-11,1000
SH703096,SO500083,24,2025-06-19,4000
SH703097,SO500084,24,2025-06-23,2000
SH703098,SO500085,25,2025-07-01,1000
SH703099,SO500086,25,2025-07-07,3000
SH703100,SO500087,25,2025-07-21,7000
SH703101,SO500088,25,2025-07-25,5000
SH703102,SO500089,24,2025-07-31,5000
SH703103,SO500090,26,2025-08-06,5000
SH703104,SO500091,26,2025-08-13,2000
SH703105,SO500091,26,2025-08-25,2000
SH703106,SO500092,24,2025-08-21,4000
SH703107,SO500093,24,2025-08-25,1000
SH703108,SO500093,24,2025-09-09,2000
SH703109,SO500094,22,2025-09-02,3000
SH703110,SO500126,17,2025-09-15,4000
SH703111,SO500150,13,2025-09-25,4000
SH703112,SO500127,12,2025-09-30,1000
SH703113,SO500128,15,2025-10-06,2000
SH703114,SO500129,15,2025-10-13,2000
SH703115,SO500130,15,2025-10-20,4000
SH703116,SO500131,15,2025-10-31,2000
SH703117,SO500149,16,2025-11-06,6000
SH703118,SO500133,16,2025-11-21,2000
SH703119,SO500134,17,2025-11-26,4000
SH703120,SO500147,15,2025-12-04,1000
SH703121,SO500148,19,2025-12-08,2000
SH703122,SO500135,19,2025-12-19,4000
SH703123,SO500136,18,2025-12-24,6000
SH703124,SO500096,21,2026-02-02,2000
SH703125,SO500097,18,2026-01-22,3000
SH703126,SO500098,19,2026-01-29,4000
SH703127,SO500138,18,2026-02-06,4000
SH703128,SO500139,20,2026-02-24,1000
SH703129,SO500140,17,2026-03-04,4000
SH703130,SO500102,20,2026-03-23,4000
SH703131,SO500141,21,2026-03-23,5000
SH703132,SO500103,25,2026-03-30,2000
SH703133,SO500104,23,2026-04-10,3000
SH703134,SO500142,22,2026-04-13,4000
SH703135,SO500105,23,2026-04-21,4000
SH703136,SO500105,23,2026-04-30,4000
SH703137,SO500106,25,2026-05-01,4000
SH703138,SO500143,25,2026-05-07,4000
SH703139,SO500143,25,2026-05-26,3000
SH703140,SO500144,25,2026-05-15,1000
SH703141,SO500107,21,2026-05-19,1000
SH703142,SO500108,24,2026-05-28,3000
SH703143,SO500109,23,2026-06-02,2000
SH703144,SO500110,22,2026-06-09,4000
SH703145,SO500110,22,2026-06-24,4000
SH703146,SO500111,25,2026-06-17,1000
SH703147,SO500145,24,2026-06-25,5000
SH703148,SO500001,27,2024-03-06,3000
SH703149,SO500002,27,2024-02-27,3000
SH703150,SO500003,27,2024-02-23,3000
SH703151,SO500004,27,2024-02-14,3000
SH703152,SO500005,27,2024-02-09,3000
SH703153,SO500006,27,2024-02-02,3000
SH703154,SO500007,27,2024-01-22,3000
SH703155,SO500008,27,2024-01-18,3000
SH703156,SO500009,23,2024-01-11,3000
SH703157,SO500010,23,2024-01-01,1500
SH703158,SO500010,23,2024-01-16,1500
SH703159,SO500021,20,2024-03-11,3000
SH703160,SO500119,22,2024-03-22,1000
SH703161,SO500022,24,2024-03-28,1000
SH703162,SO500022,24,2024-04-18,1000
SH703163,SO500023,26,2024-04-01,3500
SH703164,SO500024,23,2024-04-11,3500
SH703165,SO500025,26,2024-04-18,3500
SH703166,SO500026,27,2024-05-13,3000
SH703167,SO500027,27,2024-04-29,1500
SH703168,SO500028,27,2024-05-06,8000
SH703169,SO500029,27,2024-05-17,3500
SH703170,SO500030,26,2024-05-23,5000
SH703171,SO500031,26,2024-05-31,1500
SH703172,SO500031,26,2024-06-19,1000
SH703173,SO500032,25,2024-06-07,2500
SH703174,SO500032,25,2024-06-27,2000
SH703175,SO500033,26,2024-06-11,2500
SH703176,SO500034,24,2024-06-18,6000
SH703177,SO500035,26,2024-06-24,7500
SH703178,SO500036,26,2024-07-02,4000
SH703179,SO500037,26,2024-07-11,5000
SH703180,SO500038,26,2024-07-19,2500
SH703181,SO500039,26,2024-07-22,10500
SH703182,SO500040,26,2024-07-30,500
SH703183,SO500040,26,2024-08-13,1000
SH703184,SO500041,26,2024-08-08,6500
SH703185,SO500042,25,2024-08-13,3000
SH703186,SO500043,26,2024-08-23,1500
SH703187,SO500044,25,2024-08-26,3000
SH703188,SO500045,25,2024-09-06,2500
SH703189,SO500120,24,2024-09-12,5000
SH703190,SO500047,24,2024-09-24,10000
SH703191,SO500048,25,2024-10-01,4000
SH703192,SO500049,24,2024-10-09,3500
SH703193,SO500050,24,2024-10-16,4500
SH703194,SO500051,23,2024-10-21,6500
SH703195,SO500052,22,2024-10-30,2000
SH703196,SO500053,23,2024-11-07,2000
SH703197,SO500056,23,2024-11-27,500
SH703198,SO500056,23,2024-12-19,1000
SH703199,SO500057,23,2024-12-05,500
SH703200,SO500058,24,2024-12-12,4500
SH703201,SO500060,21,2024-12-27,1500
SH703202,SO500061,24,2024-12-30,3000
SH703203,SO500062,22,2025-01-10,7500
SH703204,SO500063,21,2025-01-17,500
SH703205,SO500064,22,2025-01-24,2000
SH703206,SO500065,22,2025-01-31,5000
SH703207,SO500066,25,2025-02-04,500
SH703208,SO500066,25,2025-02-28,1000
SH703209,SO500121,22,2025-02-13,4500
SH703210,SO500067,24,2025-02-21,4000
SH703211,SO500068,25,2025-02-25,2000
SH703212,SO500122,24,2025-03-07,4000
SH703213,SO500069,25,2025-03-10,3500
SH703214,SO500070,27,2025-03-21,2000
SH703215,SO500071,26,2025-03-28,5000
SH703216,SO500072,27,2025-03-31,1500
SH703217,SO500073,26,2025-04-11,3000
SH703218,SO500074,23,2025-04-17,1500
SH703219,SO500075,25,2025-04-25,9000
SH703220,SO500076,26,2025-04-28,6000
SH703221,SO500077,26,2025-05-07,3500
SH703222,SO500078,25,2025-05-13,4500
SH703223,SO500079,26,2025-05-22,2500
SH703224,SO500123,25,2025-05-29,4000
SH703225,SO500124,23,2025-06-03,2000
SH703226,SO500124,23,2025-06-23,1500
SH703227,SO500080,25,2025-06-09,4500
SH703228,SO500083,25,2025-07-01,3500
SH703229,SO500084,25,2025-07-09,4000
SH703230,SO500085,26,2025-07-16,3500
SH703231,SO500086,26,2025-08-15,4000
SH703232,SO500087,26,2025-07-30,5500
SH703233,SO500088,26,2025-08-05,5000
SH703234,SO500089,25,2025-08-13,8000
SH703235,SO500090,27,2025-08-18,2500
SH703236,SO500090,27,2025-09-11,2000
SH703237,SO500091,27,2025-08-25,3500
SH703238,SO500092,25,2025-09-04,4500
SH703239,SO500093,25,2025-09-12,500
SH703240,SO500094,23,2025-09-19,8500
SH703241,SO500125,19,2025-09-25,2500
SH703242,SO500126,18,2025-10-02,7500
SH703243,SO500128,16,2025-10-22,4000
SH703244,SO500129,16,2025-10-31,1500
SH703245,SO500129,16,2025-11-18,1000
SH703246,SO500130,16,2025-11-04,6000
SH703247,SO500149,17,2025-11-18,1000
SH703248,SO500133,17,2025-12-03,1500
SH703249,SO500134,18,2025-12-11,1500
SH703250,SO500147,16,2025-12-16,500
SH703251,SO500148,20,2025-12-24,1000
SH703252,SO500135,20,2025-12-30,3000
SH703253,SO500136,19,2026-01-05,6000
SH703254,SO500137,15,2026-01-16,5000
SH703255,SO500095,16,2026-01-21,6500
SH703256,SO500096,22,2026-01-26,3000
SH703257,SO500097,19,2026-02-06,5000
SH703258,SO500098,20,2026-02-13,8500
SH703259,SO500138,19,2026-02-17,1500
SH703260,SO500099,22,2026-02-24,1500
SH703261,SO500139,21,2026-03-13,3000
SH703262,SO500101,21,2026-03-25,3500
SH703263,SO500102,21,2026-03-31,3500
SH703264,SO500141,22,2026-04-08,1500
SH703265,SO500103,26,2026-04-15,3500
SH703266,SO500103,26,2026-04-28,2500
SH703267,SO500104,24,2026-04-24,6500
SH703268,SO500142,23,2026-04-30,4000
SH703269,SO500105,24,2026-05-05,3500
SH703270,SO500106,26,2026-05-14,3500
SH703271,SO500143,26,2026-05-22,1500
SH703272,SO500144,26,2026-05-29,6500
SH703273,SO500107,22,2026-06-05,1500
SH703274,SO500108,25,2026-06-08,4000
SH703275,SO500109,24,2026-06-19,3000
SH703276,SO500110,23,2026-06-25,3500
SH703277,SO500001,28,2024-04-15,80
SH703278,SO500001,28,2024-05-02,60
SH703279,SO500002,28,2024-04-11,140
SH703280,SO500003,28,2024-04-03,140
SH703281,SO500004,28,2024-03-29,140
SH703282,SO500005,28,2024-03-22,140
SH703283,SO500006,28,2024-03-15,80
SH703284,SO500006,28,2024-03-28,60
SH703285,SO500007,28,2024-03-08,140
SH703286,SO500008,28,2024-02-26,140
SH703287,SO500009,24,2024-02-22,140
SH703288,SO500010,24,2024-02-12,140
SH703289,SO500011,19,2024-02-09,140
SH703290,SO500012,19,2024-01-30,140
SH703291,SO500013,10,2024-01-24,140
SH703292,SO500014,10,2024-01-19,140
SH703293,SO500015,10,2024-01-10,140
SH703294,SO500016,10,2024-01-01,80
SH703295,SO500016,10,2024-01-19,60
SH703296,SO500022,25,2024-05-09,100
SH703297,SO500023,27,2024-05-15,180
SH703298,SO500024,24,2024-05-20,270
SH703299,SO500025,27,2024-05-29,90
SH703300,SO500026,28,2024-06-03,210
SH703301,SO500027,28,2024-06-14,200
SH703302,SO500028,28,2024-06-17,300
SH703303,SO500029,28,2024-06-28,220
SH703304,SO500030,27,2024-07-03,140
SH703305,SO500031,27,2024-07-10,40
SH703306,SO500033,27,2024-07-26,230
SH703307,SO500034,25,2024-08-02,130
SH703308,SO500035,27,2024-08-06,110
SH703309,SO500036,27,2024-08-12,230
SH703310,SO500037,27,2024-08-20,190
SH703311,SO500038,27,2024-08-28,140
SH703312,SO500039,27,2024-09-16,240
SH703313,SO500040,27,2024-09-12,360
SH703314,SO500041,27,2024-09-19,80
SH703315,SO500042,26,2024-09-26,220
SH703316,SO500043,27,2024-09-30,220
SH703317,SO500044,26,2024-10-10,60
SH703318,SO500045,26,2024-10-15,170
SH703319,SO500120,25,2024-10-25,100
SH703320,SO500046,25,2024-10-28,210
SH703321,SO500048,26,2024-11-15,340
SH703322,SO500049,25,2024-11-20,140
SH703323,SO500050,25,2024-11-27,100
SH703324,SO500051,24,2024-12-04,340
SH703325,SO500052,23,2024-12-09,80
SH703326,SO500053,24,2024-12-20,180
SH703327,SO500055,24,2025-01-02,350
SH703328,SO500056,24,2025-01-08,260
SH703329,SO500058,25,2025-01-24,90
SH703330,SO500059,22,2025-01-28,40
SH703331,SO500060,22,2025-02-06,90
SH703332,SO500060,22,2025-02-10,60
SH703333,SO500061,25,2025-02-12,180
SH703334,SO500062,23,2025-02-21,240
SH703335,SO500063,22,2025-02-28,60
SH703336,SO500065,23,2025-03-14,150
SH703337,SO500066,26,2025-03-21,100
SH703338,SO500121,23,2025-03-28,90
SH703339,SO500067,25,2025-04-04,40
SH703340,SO500068,26,2025-04-09,110
SH703341,SO500122,25,2025-04-15,110
SH703342,SO500069,26,2025-05-06,230
SH703343,SO500070,28,2025-04-29,230
SH703344,SO500071,27,2025-05-09,170
SH703345,SO500072,28,2025-05-12,250
SH703346,SO500073,27,2025-05-20,30
SH703347,SO500074,24,2025-05-29,130
SH703348,SO500075,26,2025-06-04,190
SH703349,SO500076,27,2025-06-09,280
SH703350,SO500077,27,2025-06-16,110
SH703351,SO500078,26,2025-06-26,130
SH703352,SO500079,27,2025-07-02,190
SH703353,SO500123,26,2025-07-10,190
SH703354,SO500124,24,2025-07-15,460
SH703355,SO500080,26,2025-07-23,450
SH703356,SO500081,26,2025-07-28,200
SH703357,SO500082,25,2025-08-05,200
SH703358,SO500083,26,2025-08-15,290
SH703359,SO500084,26,2025-08-19,360
SH703360,SO500085,27,2025-08-29,480
SH703361,SO500086,27,2025-09-01,260
SH703362,SO500087,27,2025-09-11,320
SH703363,SO500088,27,2025-09-15,30
SH703364,SO500089,26,2025-09-23,210
SH703365,SO500091,28,2025-10-10,220
SH703366,SO500092,26,2025-10-14,260
SH703367,SO500127,13,2025-11-28,20
SH703368,SO500127,13,2025-12-05,20
SH703369,SO500131,16,2025-12-25,100
SH703370,SO500149,18,2026-01-05,130
SH703371,SO500132,16,2026-01-07,10
SH703372,SO500133,18,2026-01-16,170
SH703373,SO500134,19,2026-01-30,110
SH703374,SO500147,17,2026-01-30,60
SH703375,SO500135,21,2026-02-10,60
SH703376,SO500136,20,2026-02-18,160
SH703377,SO500137,16,2026-02-25,40
SH703378,SO500137,16,2026-03-05,40
SH703379,SO500095,17,2026-03-05,130
SH703380,SO500138,20,2026-04-01,20
SH703381,SO500099,23,2026-04-10,160
SH703382,SO500139,22,2026-04-23,100
SH703383,SO500140,18,2026-04-29,10
SH703384,SO500101,22,2026-05-07,80
SH703385,SO500101,22,2026-05-14,60
SH703386,SO500102,22,2026-05-11,180
SH703387,SO500141,23,2026-05-20,190
SH703388,SO500103,27,2026-05-28,70
SH703389,SO500103,27,2026-06-03,60
SH703390,SO500142,24,2026-06-10,130
SH703391,SO500001,29,2024-03-19,1250
SH703392,SO500002,29,2024-03-15,1250
SH703393,SO500003,29,2024-03-05,1250
SH703394,SO500004,29,2024-02-28,1250
SH703395,SO500005,29,2024-02-20,1250
SH703396,SO500006,29,2024-02-15,1250
SH703397,SO500007,29,2024-02-08,1250
SH703398,SO500008,29,2024-01-29,1250
SH703399,SO500009,25,2024-01-24,1250
SH703400,SO500010,25,2024-01-19,1250
SH703401,SO500011,20,2024-01-10,1250
SH703402,SO500012,20,2024-01-05,1250
SH703403,SO500021,21,2024-03-29,1250
SH703404,SO500021,21,2024-04-04,1000
SH703405,SO500119,23,2024-04-04,500
SH703406,SO500119,23,2024-04-25,500
SH703407,SO500022,26,2024-04-30,500
SH703408,SO500023,28,2024-04-15,750
SH703409,SO500024,25,2024-04-24,1250
SH703410,SO500025,28,2024-05-01,1000
SH703411,SO500026,29,2024-05-08,1000
SH703412,SO500027,29,2024-05-17,500
SH703413,SO500028,29,2024-05-23,1750
SH703414,SO500029,29,2024-06-14,2500
SH703415,SO500030,28,2024-06-04,2000
SH703416,SO500031,28,2024-06-10,2000
SH703417,SO500032,26,2024-06-18,1750
SH703418,SO500033,28,2024-06-28,3250
SH703419,SO500034,26,2024-07-24,1500
SH703420,SO500034,26,2024-08-12,1000
SH703421,SO500035,28,2024-07-12,2500
SH703422,SO500036,28,2024-07-15,2250
SH703423,SO500037,28,2024-07-23,1250
SH703424,SO500038,28,2024-08-05,1750
SH703425,SO500039,28,2024-08-05,1750
SH703426,SO500040,28,2024-08-15,250
SH703427,SO500041,28,2024-08-19,1250
SH703428,SO500042,27,2024-08-27,1750
SH703429,SO500043,28,2024-09-02,1250
SH703430,SO500044,27,2024-09-12,2500
SH703431,SO500045,27,2024-09-20,1000
SH703432,SO500120,26,2024-09-23,250
SH703433,SO500046,26,2024-09-30,1250
SH703434,SO500047,25,2024-10-08,1250
SH703435,SO500048,27,2024-10-17,1750
SH703436,SO500049,26,2024-10-22,500
SH703437,SO500050,26,2024-10-31,2500
SH703438,SO500051,25,2024-11-05,1500
SH703439,SO500052,24,2024-11-12,1250
SH703440,SO500053,25,2024-11-22,1500
SH703441,SO500054,22,2024-11-27,2250
SH703442,SO500055,25,2024-12-02,3000
SH703443,SO500057,24,2024-12-17,1500
SH703444,SO500060,23,2025-01-10,1750
SH703445,SO500061,26,2025-01-14,4750
SH703446,SO500062,24,2025-01-23,500
SH703447,SO500064,23,2025-02-07,1500
SH703448,SO500065,24,2025-02-11,1000
SH703449,SO500066,27,2025-02-21,2000
SH703450,SO500121,24,2025-02-25,750
SH703451,SO500067,26,2025-03-04,500
SH703452,SO500122,26,2025-03-17,750
SH703453,SO500069,27,2025-03-28,1250
SH703454,SO500070,29,2025-04-01,1250
SH703455,SO500071,28,2025-04-08,1250
SH703456,SO500072,29,2025-04-15,1250
SH703457,SO500073,28,2025-04-21,1500
SH703458,SO500074,25,2025-04-30,2250
SH703459,SO500075,27,2025-05-09,1500
SH703460,SO500076,28,2025-05-14,500
SH703461,SO500077,28,2025-06-13,3250
SH703462,SO500078,27,2025-05-30,2500
SH703463,SO500079,28,2025-06-03,1000
SH703464,SO500123,27,2025-06-13,2000
SH703465,SO500124,25,2025-06-16,1750
SH703466,SO500080,27,2025-06-23,2250
SH703467,SO500081,27,2025-07-01,1750
SH703468,SO500082,26,2025-07-07,2750
SH703469,SO500083,27,2025-07-15,1250
SH703470,SO500084,27,2025-07-23,500
SH703471,SO500085,28,2025-07-29,4250
SH703472,SO500086,28,2025-08-29,2750
SH703473,SO500087,28,2025-08-11,1750
SH703474,SO500088,28,2025-08-20,1000
SH703475,SO500088,28,2025-09-08,750
SH703476,SO500089,27,2025-08-29,1750
SH703477,SO500089,27,2025-09-18,1500
SH703478,SO500090,28,2025-09-04,2000
SH703479,SO500091,29,2025-09-08,3500
SH703480,SO500092,27,2025-09-17,6250
SH703481,SO500093,26,2025-09-26,500
SH703482,SO500094,24,2025-09-30,750
SH703483,SO500125,20,2025-10-09,1500
SH703484,SO500150,14,2025-10-22,1750
SH703485,SO500127,14,2025-10-28,1250
SH703486,SO500128,17,2025-11-05,1250
SH703487,SO500130,17,2025-11-19,500
SH703488,SO500131,17,2025-11-26,1000
SH703489,SO500149,19,2025-12-04,3750
SH703490,SO500132,17,2025-12-10,2750
SH703491,SO500134,20,2025-12-22,500
SH703492,SO500147,18,2026-01-01,500
SH703493,SO500148,21,2026-01-06,2000
SH703494,SO500135,22,2026-01-16,1500
SH703495,SO500135,22,2026-02-04,1000
SH703496,SO500136,21,2026-01-19,2000
SH703497,SO500137,17,2026-01-30,1500
SH703498,SO500095,18,2026-02-05,2500
SH703499,SO500096,23,2026-02-10,2000
SH703500,SO500097,20,2026-02-19,5000
SH703501,SO500098,21,2026-02-27,750
SH703502,SO500098,21,2026-03-02,500
SH703503,SO500138,21,2026-03-04,750
SH703504,SO500138,21,2026-03-20,500
SH703505,SO500099,24,2026-03-11,750
SH703506,SO500100,19,2026-03-16,2250
SH703507,SO500140,19,2026-04-01,1250
SH703508,SO500101,23,2026-04-10,3750
SH703509,SO500102,23,2026-04-15,500
SH703510,SO500141,24,2026-04-22,2250
SH703511,SO500103,28,2026-04-27,250
SH703512,SO500103,28,2026-05-18,250
SH703513,SO500104,25,2026-05-06,2250
SH703514,SO500142,25,2026-05-12,250
SH703515,SO500105,25,2026-05-19,3000
SH703516,SO500106,27,2026-05-29,2500
SH703517,SO500143,28,2026-06-02,250
SH703518,SO500144,28,2026-06-10,3000
SH703519,SO500107,24,2026-06-17,3500
SH703520,SO500108,27,2026-06-24,2750
SH703521,SO500151,1,2024-02-23,3000
SH703522,SO500152,1,2024-02-12,3000
SH703523,SO500153,1,2024-02-08,1000
SH703524,SO500153,1,2024-02-21,2000
SH703525,SO500154,1,2024-01-30,3000
SH703526,SO500155,1,2024-01-24,3000
SH703527,SO500156,1,2024-01-18,3000
SH703528,SO500157,1,2024-01-12,3000
SH703529,SO500158,1,2024-01-04,1000
SH703530,SO500158,1,2024-01-18,2000
SH703531,SO500159,1,2024-02-28,6000
SH703532,SO500160,1,2024-03-05,1000
SH703533,SO500161,1,2024-03-13,2000
SH703534,SO500162,1,2024-03-22,5000
SH703535,SO500163,1,2024-03-26,4000
SH703536,SO500164,1,2024-04-05,1000
SH703537,SO500165,1,2024-04-16,4000
SH703538,SO500166,1,2024-04-24,6000
SH703539,SO500167,1,2024-05-22,4000
SH703540,SO500168,1,2024-05-09,4000
SH703541,SO500168,1,2024-05-13,4000
SH703542,SO500169,1,2024-05-16,3000
SH703543,SO500170,1,2024-05-31,3000
SH703544,SO500171,1,2024-06-05,8000
SH703545,SO500172,1,2024-06-12,4000
SH703546,SO500173,1,2024-06-19,5000
SH703547,SO500174,1,2024-07-09,1000
SH703548,SO500174,1,2024-07-26,2000
SH703549,SO500175,1,2024-07-05,1000
SH703550,SO500176,1,2024-07-18,4000
SH703551,SO500177,1,2024-07-15,3000
SH703552,SO500177,1,2024-08-06,3000
SH703553,SO500178,1,2024-07-22,5000
SH703554,SO500179,1,2024-08-12,3000
SH703555,SO500180,1,2024-08-12,4000
SH703556,SO500181,1,2024-08-16,2000
SH703557,SO500182,1,2024-08-19,6000
SH703558,SO500183,1,2024-08-27,6000
SH703559,SO500184,1,2024-09-04,1000
SH703560,SO500185,1,2024-09-10,1000
SH703561,SO500186,1,2024-09-18,6000
SH703562,SO500187,1,2024-09-25,1000
SH703563,SO500187,1,2024-10-15,1000
SH703564,SO500188,1,2024-10-04,3000
SH703565,SO500189,1,2024-10-08,2000
SH703566,SO500190,1,2024-10-16,1000
SH703567,SO500191,1,2024-10-30,3000
SH703568,SO500192,1,2024-11-06,6000
SH703569,SO500193,1,2024-11-15,2000
SH703570,SO500194,1,2024-11-22,4000
SH703571,SO500195,1,2024-11-26,3000
SH703572,SO500196,1,2024-12-06,5000
SH703573,SO500197,1,2024-12-11,2000
SH703574,SO500198,1,2024-12-20,2000
SH703575,SO500199,1,2024-12-26,3000
SH703576,SO500200,1,2024-12-30,4000
SH703577,SO500201,1,2025-01-13,1000
SH703578,SO500202,1,2025-01-16,5000
SH703579,SO500203,1,2025-01-23,2000
SH703580,SO500204,1,2025-01-31,2000
SH703581,SO500205,1,2025-02-06,7000
SH703582,SO500206,1,2025-02-10,5000
SH703583,SO500207,1,2025-02-18,2000
SH703584,SO500208,1,2025-02-24,2000
SH703585,SO500209,1,2025-03-07,7000
SH703586,SO500210,1,2025-03-12,1000
SH703587,SO500210,1,2025-03-27,1000
SH703588,SO500211,1,2025-03-17,8000
SH703589,SO500212,1,2025-03-27,4000
SH703590,SO500213,1,2025-04-07,3000
SH703591,SO500214,1,2025-05-02,4000
SH703592,SO500215,1,2025-04-24,1000
SH703593,SO500216,1,2025-05-02,1000
SH703594,SO500217,1,2025-05-06,3000
SH703595,SO500218,1,2025-05-13,1000
SH703596,SO500219,1,2025-05-23,8000
SH703597,SO500220,1,2025-05-30,5000
SH703598,SO500221,1,2025-06-04,1000
SH703599,SO500222,1,2025-06-10,3000
SH703600,SO500223,1,2025-06-16,7000
SH703601,SO500224,1,2025-06-23,4000
SH703602,SO500225,1,2025-07-03,8000
SH703603,SO500226,1,2025-07-10,6000
SH703604,SO500227,1,2025-07-15,3000
SH703605,SO500228,1,2025-07-25,4000
SH703606,SO500229,1,2025-08-22,8000
SH703607,SO500230,1,2025-08-06,3000
SH703608,SO500231,1,2025-08-15,6000
SH703609,SO500232,1,2025-08-22,3000
SH703610,SO500233,1,2025-09-02,3000
SH703611,SO500234,1,2025-09-11,7000
SH703612,SO500235,1,2025-09-15,6000
SH703613,SO500236,1,2025-09-24,7000
SH703614,SO500237,1,2025-09-30,4000
SH703615,SO500238,1,2025-10-08,2000
SH703616,SO500239,1,2025-10-13,6000
SH703617,SO500240,1,2025-10-21,7000
SH703618,SO500241,1,2025-10-31,3000
SH703619,SO500242,1,2025-11-07,2000
SH703620,SO500243,1,2025-11-13,5000
SH703621,SO500244,1,2025-11-21,1000
SH703622,SO500245,1,2025-11-27,8000
SH703623,SO500246,1,2025-12-03,3000
SH703624,SO500247,1,2025-12-10,2000
SH703625,SO500248,1,2025-12-16,2000
SH703626,SO500249,1,2026-01-08,1000
SH703627,SO500250,1,2026-01-01,4000
SH703628,SO500251,1,2026-01-07,7000
SH703629,SO500252,1,2026-01-14,6000
SH703630,SO500253,1,2026-01-20,2000
SH703631,SO500254,1,2026-01-27,3000
SH703632,SO500255,1,2026-02-26,2000
SH703633,SO500256,1,2026-02-12,6000
SH703634,SO500257,1,2026-02-19,1000
SH703635,SO500258,1,2026-02-26,1000
SH703636,SO500259,1,2026-03-03,2000
SH703637,SO500260,1,2026-03-16,3000
SH703638,SO500261,1,2026-03-23,5000
SH703639,SO500262,1,2026-03-30,2000
SH703640,SO500263,1,2026-04-16,2000
SH703641,SO500264,1,2026-04-13,5000
SH703642,SO500265,1,2026-04-21,6000
SH703643,SO500266,1,2026-04-28,4000
SH703644,SO500267,1,2026-05-07,7000
SH703645,SO500268,1,2026-05-12,4000
SH703646,SO500269,1,2026-05-19,4000
SH703647,SO500270,1,2026-05-29,4000
SH703648,SO500271,1,2026-06-02,4000
SH703649,SO500272,1,2026-06-09,4000
SH703650,SO500273,1,2026-06-15,6000
SH703651,SO500274,1,2026-06-24,5000
SH703652,SO500151,2,2024-03-21,750
SH703653,SO500152,2,2024-03-13,250
SH703654,SO500152,2,2024-03-21,500
SH703655,SO500153,2,2024-03-05,750
SH703656,SO500154,2,2024-02-28,750
SH703657,SO500155,2,2024-02-19,750
SH703658,SO500156,2,2024-02-14,250
SH703659,SO500156,2,2024-03-05,500
SH703660,SO500157,2,2024-02-06,750
SH703661,SO500158,2,2024-02-01,750
SH703662,SO500282,1,2024-01-24,750
SH703663,SO500283,1,2024-01-16,750
SH703664,SO500284,1,2024-01-09,750
SH703665,SO500285,1,2024-01-01,750
SH703666,SO500159,2,2024-03-28,750
SH703667,SO500160,2,2024-04-05,750
SH703668,SO500161,2,2024-04-09,500
SH703669,SO500162,2,2024-04-15,250
SH703670,SO500163,2,2024-04-25,1750
SH703671,SO500164,2,2024-04-30,250
SH703672,SO500286,1,2024-05-08,750
SH703673,SO500165,2,2024-05-13,1000
SH703674,SO500166,2,2024-05-24,1250
SH703675,SO500167,2,2024-05-27,500
SH703676,SO500168,2,2024-06-05,1000
SH703677,SO500169,2,2024-06-11,1500
SH703678,SO500287,1,2024-06-18,250
SH703679,SO500170,2,2024-07-03,1500
SH703680,SO500171,2,2024-07-03,750
SH703681,SO500172,2,2024-07-09,500
SH703682,SO500173,2,2024-07-17,2000
SH703683,SO500174,2,2024-07-23,1250
SH703684,SO500175,2,2024-08-02,1000
SH703685,SO500176,2,2024-08-06,750
SH703686,SO500177,2,2024-08-13,250
SH703687,SO500177,2,2024-08-27,250
SH703688,SO500178,2,2024-08-22,1500
SH703689,SO500179,2,2024-08-28,250
SH703690,SO500179,2,2024-09-17,500
SH703691,SO500180,2,2024-09-02,1000
SH703692,SO500180,2,2024-09-10,750
SH703693,SO500182,2,2024-09-17,1250
SH703694,SO500183,2,2024-10-16,1250
SH703695,SO500184,2,2024-09-30,1250
SH703696,SO500185,2,2024-10-15,1250
SH703697,SO500186,2,2024-10-16,1000
SH703698,SO500187,2,2024-11-07,250
SH703699,SO500188,2,2024-10-29,750
SH703700,SO500188,2,2024-11-20,750
SH703701,SO500189,2,2024-11-06,1500
SH703702,SO500191,2,2024-11-25,1000
SH703703,SO500192,2,2024-12-05,750
SH703704,SO500193,2,2024-12-09,500
SH703705,SO500194,2,2024-12-20,1250
SH703706,SO500196,2,2024-12-31,250
SH703707,SO500197,2,2025-01-10,750
SH703708,SO500198,2,2025-01-16,1000
SH703709,SO500199,2,2025-01-22,1500
SH703710,SO500200,2,2025-01-29,1000
SH703711,SO500201,2,2025-02-07,1000
SH703712,SO500202,2,2025-02-13,2250
SH703713,SO500203,2,2025-02-18,1000
SH703714,SO500204,2,2025-02-24,750
SH703715,SO500205,2,2025-03-06,500
SH703716,SO500206,2,2025-03-24,500
SH703717,SO500210,2,2025-04-08,250
SH703718,SO500211,2,2025-04-16,500
SH703719,SO500212,2,2025-04-23,1000
SH703720,SO500288,1,2025-04-30,1250
SH703721,SO500213,2,2025-05-06,1750
SH703722,SO500214,2,2025-05-15,2250
SH703723,SO500215,2,2025-05-19,500
SH703724,SO500216,2,2025-05-28,1000
SH703725,SO500217,2,2025-06-03,1250
SH703726,SO500218,2,2025-06-12,750
SH703727,SO500219,2,2025-06-16,250
SH703728,SO500220,2,2025-06-27,1500
SH703729,SO500221,2,2025-07-03,1250
SH703730,SO500222,2,2025-07-07,500
SH703731,SO500223,2,2025-07-16,1250
SH703732,SO500224,2,2025-07-21,1250
SH703733,SO500225,2,2025-07-29,1250
SH703734,SO500226,2,2025-08-06,1000
SH703735,SO500226,2,2025-08-25,1000
SH703736,SO500227,2,2025-08-11,1500
SH703737,SO500228,2,2025-08-18,250
SH703738,SO500228,2,2025-08-27,250
SH703739,SO500230,2,2025-09-03,1500
SH703740,SO500231,2,2025-09-12,250
SH703741,SO500232,2,2025-09-17,750
SH703742,SO500232,2,2025-10-02,750
SH703743,SO500289,1,2025-09-26,1250
SH703744,SO500233,2,2025-09-30,250
SH703745,SO500234,2,2025-10-07,1500
SH703746,SO500235,2,2025-10-16,2500
SH703747,SO500236,2,2025-10-22,1750
SH703748,SO500237,2,2025-10-28,500
SH703749,SO500238,2,2025-11-07,2000
SH703750,SO500239,2,2025-11-13,2000
SH703751,SO500240,2,2025-11-17,2250
SH703752,SO500241,2,2025-11-27,1500
SH703753,SO500242,2,2025-12-05,1000
SH703754,SO500243,2,2025-12-15,1500
SH703755,SO500244,2,2025-12-19,750
SH703756,SO500245,2,2025-12-23,2000
SH703757,SO500246,2,2025-12-29,750
SH703758,SO500247,2,2026-01-08,750
SH703759,SO500248,2,2026-01-13,750
SH703760,SO500249,2,2026-01-23,250
SH703761,SO500250,2,2026-01-27,1000
SH703762,SO500252,2,2026-02-12,1000
SH703763,SO500253,2,2026-02-17,1000
SH703764,SO500254,2,2026-02-26,750
SH703765,SO500256,2,2026-03-13,750
SH703766,SO500257,2,2026-03-16,2250
SH703767,SO500258,2,2026-03-23,1000
SH703768,SO500259,2,2026-03-31,1250
SH703769,SO500290,1,2026-04-07,500
SH703770,SO500260,2,2026-04-13,1750
SH703771,SO500261,2,2026-04-24,1500
SH703772,SO500262,2,2026-04-27,1000
SH703773,SO500263,2,2026-05-07,750
SH703774,SO500264,2,2026-05-14,500
SH703775,SO500265,2,2026-06-11,1500
SH703776,SO500266,2,2026-05-25,1750
SH703777,SO500267,2,2026-06-02,3000
SH703778,SO500268,2,2026-06-12,500
SH703779,SO500269,2,2026-06-17,2500
SH703780,SO500270,2,2026-06-23,2000
SH703781,SO500151,3,2024-03-07,4000
SH703782,SO500152,3,2024-02-26,2000
SH703783,SO500152,3,2024-03-15,2000
SH703784,SO500153,3,2024-02-23,2000
SH703785,SO500153,3,2024-03-11,2000
SH703786,SO500154,3,2024-02-16,4000
SH703787,SO500155,3,2024-02-08,4000
SH703788,SO500156,3,2024-01-31,4000
SH703789,SO500157,3,2024-01-22,4000
SH703790,SO500158,3,2024-01-17,4000
SH703791,SO500282,2,2024-01-10,4000
SH703792,SO500283,2,2024-01-01,4000
SH703793,SO500159,3,2024-03-15,3000
SH703794,SO500160,3,2024-03-22,2500
SH703795,SO500161,3,2024-03-26,2000
SH703796,SO500162,3,2024-04-03,3500
SH703797,SO500163,3,2024-04-12,9000
SH703798,SO500164,3,2024-04-17,6500
SH703799,SO500286,2,2024-04-22,8000
SH703800,SO500165,3,2024-05-01,2500
SH703801,SO500166,3,2024-05-06,9000
SH703802,SO500167,3,2024-05-16,6000
SH703803,SO500168,3,2024-05-23,4500
SH703804,SO500168,3,2024-05-28,3500
SH703805,SO500169,3,2024-05-30,5500
SH703806,SO500170,3,2024-06-14,4500
SH703807,SO500171,3,2024-07-09,3000
SH703808,SO500172,3,2024-07-12,2500
SH703809,SO500173,3,2024-07-01,1500
SH703810,SO500174,3,2024-07-09,7000
SH703811,SO500175,3,2024-07-17,2000
SH703812,SO500175,3,2024-07-22,2000
SH703813,SO500176,3,2024-07-25,5500
SH703814,SO500177,3,2024-07-29,4000
SH703815,SO500178,3,2024-08-07,4000
SH703816,SO500179,3,2024-08-16,4000
SH703817,SO500180,3,2024-08-21,7000
SH703818,SO500181,2,2024-08-28,3000
SH703819,SO500182,3,2024-09-02,5500
SH703820,SO500183,3,2024-09-09,3000
SH703821,SO500183,3,2024-10-04,2000
SH703822,SO500184,3,2024-09-16,2000
SH703823,SO500184,3,2024-10-04,2000
SH703824,SO500185,3,2024-09-25,11000
SH703825,SO500186,3,2024-10-02,5000
SH703826,SO500187,3,2024-10-08,7000
SH703827,SO500188,3,2024-10-16,5000
SH703828,SO500189,3,2024-10-24,4000
SH703829,SO500292,1,2024-11-27,3500
SH703830,SO500193,3,2024-11-25,1500
SH703831,SO500194,3,2024-12-04,1000
SH703832,SO500195,2,2024-12-11,2500
SH703833,SO500196,3,2024-12-19,1000
SH703834,SO500197,3,2024-12-23,8000
SH703835,SO500198,3,2025-01-22,2000
SH703836,SO500199,3,2025-01-09,3000
SH703837,SO500199,3,2025-01-15,2000
SH703838,SO500200,3,2025-01-13,3500
SH703839,SO500201,3,2025-01-22,3000
SH703840,SO500202,3,2025-01-27,3000
SH703841,SO500203,3,2025-02-06,2500
SH703842,SO500204,3,2025-02-14,5000
SH703843,SO500205,3,2025-02-20,4000
SH703844,SO500206,3,2025-02-27,5000
SH703845,SO500207,2,2025-03-06,3000
SH703846,SO500207,2,2025-03-20,2000
SH703847,SO500208,2,2025-03-12,4500
SH703848,SO500209,2,2025-03-21,4000
SH703849,SO500210,3,2025-03-26,3000
SH703850,SO500210,3,2025-04-18,2000
SH703851,SO500211,3,2025-04-02,5000
SH703852,SO500212,3,2025-04-08,3000
SH703853,SO500212,3,2025-05-02,2500
SH703854,SO500288,2,2025-04-15,1000
SH703855,SO500213,3,2025-04-23,1500
SH703856,SO500214,3,2025-04-30,6500
SH703857,SO500215,3,2025-05-06,7000
SH703858,SO500216,3,2025-05-15,2500
SH703859,SO500217,3,2025-05-22,2500
SH703860,SO500217,3,2025-06-09,2000
SH703861,SO500218,3,2025-05-30,4000
SH703862,SO500219,3,2025-06-04,3500
SH703863,SO500219,3,2025-06-18,2500
SH703864,SO500220,3,2025-06-09,6000
SH703865,SO500221,3,2025-06-16,16000
SH703866,SO500222,3,2025-06-27,3000
SH703867,SO500223,3,2025-07-01,3500
SH703868,SO500223,3,2025-07-25,3000
SH703869,SO500224,3,2025-07-09,11000
SH703870,SO500225,3,2025-07-16,3500
SH703871,SO500225,3,2025-08-05,2500
SH703872,SO500226,3,2025-07-22,5500
SH703873,SO500227,3,2025-08-01,4000
SH703874,SO500228,3,2025-08-06,4500
SH703875,SO500229,2,2025-08-15,500
SH703876,SO500230,3,2025-08-19,3500
SH703877,SO500231,3,2025-08-27,1500
SH703878,SO500232,3,2025-09-02,1000
SH703879,SO500233,3,2025-09-16,3500
SH703880,SO500233,3,2025-09-22,3000
SH703881,SO500234,3,2025-09-24,9500
SH703882,SO500235,3,2025-09-30,6000
SH703883,SO500236,3,2025-10-06,7500
SH703884,SO500237,3,2025-10-14,4500
SH703885,SO500238,3,2025-10-24,7000
SH703886,SO500239,3,2025-10-29,4000
SH703887,SO500239,3,2025-11-07,3000
SH703888,SO500240,3,2025-11-05,5500
SH703889,SO500240,3,2025-11-17,4000
SH703890,SO500241,3,2025-11-13,2500
SH703891,SO500241,3,2025-12-04,2000
SH703892,SO500242,3,2025-11-20,3500
SH703893,SO500243,3,2025-11-25,3500
SH703894,SO500243,3,2025-12-12,2500
SH703895,SO500244,3,2025-12-02,3000
SH703896,SO500245,3,2025-12-11,13000
SH703897,SO500246,3,2025-12-18,500
SH703898,SO500246,3,2025-12-24,500
SH703899,SO500247,3,2025-12-25,10500
SH703900,SO500248,3,2025-12-29,1000
SH703901,SO500249,3,2026-01-07,3500
SH703902,SO500250,3,2026-01-16,4500
SH703903,SO500251,2,2026-01-22,3000
SH703904,SO500252,3,2026-01-27,7000
SH703905,SO500253,3,2026-02-24,500
SH703906,SO500253,3,2026-03-04,1000
SH703907,SO500254,3,2026-02-13,3500
SH703908,SO500255,2,2026-02-20,2000
SH703909,SO500256,3,2026-02-27,2000
SH703910,SO500257,3,2026-03-02,1500
SH703911,SO500258,3,2026-03-12,4000
SH703912,SO500259,3,2026-03-19,6500
SH703913,SO500290,2,2026-03-26,1000
SH703914,SO500290,2,2026-04-01,1000
SH703915,SO500260,3,2026-03-31,2500
SH703916,SO500261,3,2026-04-07,4000
SH703917,SO500262,3,2026-04-17,4500
SH703918,SO500263,3,2026-04-20,7500
SH703919,SO500264,3,2026-04-27,3500
SH703920,SO500265,3,2026-05-04,500
SH703921,SO500265,3,2026-05-28,500
SH703922,SO500266,3,2026-05-11,8000
SH703923,SO500267,3,2026-05-19,2500
SH703924,SO500268,3,2026-05-27,6000
SH703925,SO500269,3,2026-06-04,10000
SH703926,SO500270,3,2026-06-09,4500
SH703927,SO500271,3,2026-06-18,2500
SH703928,SO500272,3,2026-06-26,4500
SH703929,SO500151,4,2024-05-17,200
SH703930,SO500152,4,2024-05-08,200
SH703931,SO500153,4,2024-05-03,100
SH703932,SO500153,4,2024-05-23,100
SH703933,SO500154,4,2024-04-25,200
SH703934,SO500155,4,2024-04-15,100
SH703935,SO500155,4,2024-05-08,100
SH703936,SO500156,4,2024-04-08,200
SH703937,SO500157,4,2024-04-04,200
SH703938,SO500158,4,2024-03-28,200
SH703939,SO500282,3,2024-03-25,200
SH703940,SO500283,3,2024-03-15,100
SH703941,SO500283,3,2024-04-04,100
SH703942,SO500284,2,2024-03-07,200
SH703943,SO500285,2,2024-02-26,200
SH703944,SO500293,1,2024-02-20,200
SH703945,SO500294,1,2024-02-16,200
SH703946,SO500295,1,2024-02-08,200
SH703947,SO500296,1,2024-02-19,200
SH703948,SO500297,1,2024-01-26,200
SH703949,SO500298,1,2024-01-16,200
SH703950,SO500299,1,2024-01-10,200
SH703951,SO500300,1,2024-01-03,200
SH703952,SO500163,4,2024-06-20,50
SH703953,SO500286,3,2024-07-02,250
SH703954,SO500165,4,2024-07-10,150
SH703955,SO500166,4,2024-07-18,250
SH703956,SO500167,4,2024-07-25,150
SH703957,SO500168,4,2024-07-30,100
SH703958,SO500169,4,2024-08-09,200
SH703959,SO500287,2,2024-08-16,450
SH703960,SO500170,4,2024-08-23,500
SH703961,SO500171,4,2024-08-28,200
SH703962,SO500172,4,2024-09-05,200
SH703963,SO500173,4,2024-09-12,100
SH703964,SO500174,4,2024-09-17,500
SH703965,SO500175,4,2024-09-23,500
SH703966,SO500176,4,2024-10-01,150
SH703967,SO500176,4,2024-10-16,150
SH703968,SO500177,4,2024-10-08,400
SH703969,SO500178,4,2024-10-16,50
SH703970,SO500178,4,2024-10-29,50
SH703971,SO500179,4,2024-10-23,300
SH703972,SO500180,4,2024-11-01,100
SH703973,SO500181,3,2024-11-05,400
SH703974,SO500182,4,2024-11-12,500
SH703975,SO500184,4,2024-11-27,350
SH703976,SO500185,4,2024-12-02,150
SH703977,SO500185,4,2024-12-09,100
SH703978,SO500186,4,2024-12-12,200
SH703979,SO500187,4,2024-12-16,150
SH703980,SO500187,4,2024-12-23,100
SH703981,SO500188,4,2024-12-27,650
SH703982,SO500189,4,2025-01-01,200
SH703983,SO500190,2,2025-01-08,100
SH703984,SO500292,2,2025-01-17,100
SH703985,SO500191,3,2025-01-23,50
SH703986,SO500191,3,2025-02-05,100
SH703987,SO500192,3,2025-01-29,50
SH703988,SO500193,4,2025-02-03,50
SH703989,SO500193,4,2025-02-13,50
SH703990,SO500195,3,2025-02-21,50
SH703991,SO500196,4,2025-02-24,50
SH703992,SO500197,4,2025-03-06,250
SH703993,SO500198,4,2025-03-11,200
SH703994,SO500198,4,2025-03-26,200
SH703995,SO500199,4,2025-03-18,50
SH703996,SO500199,4,2025-04-08,50
SH703997,SO500200,4,2025-03-24,50
SH703998,SO500201,4,2025-04-01,350
SH703999,SO500202,4,2025-04-10,400
SH704000,SO500203,4,2025-04-14,200
SH704001,SO500204,4,2025-04-21,150
SH704002,SO500205,4,2025-04-30,250
SH704003,SO500206,4,2025-05-08,250
SH704004,SO500207,3,2025-05-12,250
SH704005,SO500208,3,2025-05-22,250
SH704006,SO500209,3,2025-05-28,250
SH704007,SO500211,4,2025-06-13,150
SH704008,SO500212,4,2025-06-24,550
SH704009,SO500288,3,2025-06-30,150
SH704010,SO500213,4,2025-07-04,200
SH704011,SO500214,4,2025-07-07,150
SH704012,SO500215,4,2025-07-16,350
SH704013,SO500216,4,2025-07-23,200
SH704014,SO500217,4,2025-07-29,700
SH704015,SO500218,4,2025-11-04,150
SH704016,SO500220,4,2025-08-19,200
SH704017,SO500221,4,2025-08-25,650
SH704018,SO500222,4,2025-11-13,350
SH704019,SO500223,4,2025-10-30,200
SH704020,SO500226,4,2025-10-01,550
SH704021,SO500227,4,2025-10-07,450
SH704022,SO500228,4,2025-10-14,250
SH704023,SO500230,4,2025-12-19,650
SH704024,SO500231,4,2025-12-10,950
SH704025,SO500232,4,2025-11-28,750
SH704026,SO500289,2,2025-11-19,750
SH704027,SO500233,4,2026-03-04,150
SH704028,SO500234,4,2025-12-04,450
SH704029,SO500235,4,2026-01-06,200
SH704030,SO500236,4,2025-12-15,50
SH704031,SO500237,4,2026-03-12,50
SH704032,SO500262,4,2026-06-25,100
SH704033,SO500151,5,2024-05-16,550
SH704034,SO500152,5,2024-05-07,300
SH704035,SO500152,5,2024-05-28,250
SH704036,SO500153,5,2024-04-30,550
SH704037,SO500154,5,2024-04-24,550
SH704038,SO500155,5,2024-04-17,550
SH704039,SO500156,5,2024-04-08,550
SH704040,SO500157,5,2024-04-17,550
SH704041,SO500158,5,2024-03-27,550
SH704042,SO500282,4,2024-03-22,550
SH704043,SO500283,4,2024-03-12,550
SH704044,SO500284,3,2024-03-04,550
SH704045,SO500285,3,2024-02-29,550
SH704046,SO500293,2,2024-02-20,550
SH704047,SO500294,2,2024-02-15,550
SH704048,SO500295,2,2024-02-07,550
SH704049,SO500296,2,2024-01-30,550
SH704050,SO500297,2,2024-01-25,550
SH704051,SO500298,2,2024-01-18,550
SH704052,SO500299,2,2024-01-08,550
SH704053,SO500300,2,2024-01-05,550
SH704054,SO500160,4,2024-05-29,300
SH704055,SO500161,4,2024-06-07,200
SH704056,SO500163,5,2024-06-17,1200
SH704057,SO500164,4,2024-06-27,150
SH704058,SO500165,5,2024-07-10,650
SH704059,SO500166,5,2024-07-15,1050
SH704060,SO500167,5,2024-07-23,1250
SH704061,SO500168,5,2024-08-02,750
SH704062,SO500169,5,2024-08-05,1000
SH704063,SO500287,3,2024-08-15,300
SH704064,SO500170,5,2024-08-19,1100
SH704065,SO500171,5,2024-08-27,1350
SH704066,SO500172,5,2024-09-03,850
SH704067,SO500173,5,2024-09-13,900
SH704068,SO500174,5,2024-09-18,150
SH704069,SO500175,5,2024-09-24,1300
SH704070,SO500176,5,2024-10-02,800
SH704071,SO500177,5,2024-10-11,1100
SH704072,SO500178,5,2024-10-17,1400
SH704073,SO500179,5,2024-10-25,450
SH704074,SO500180,5,2024-10-30,2000
SH704075,SO500181,4,2024-11-05,400
SH704076,SO500182,5,2024-11-13,550
SH704077,SO500183,4,2024-11-19,700
SH704078,SO500184,5,2024-11-25,1050
SH704079,SO500185,5,2024-12-03,400
SH704080,SO500186,5,2024-12-13,550
SH704081,SO500187,5,2024-12-20,1000
SH704082,SO500188,5,2024-12-27,350
SH704083,SO500188,5,2025-01-14,300
SH704084,SO500189,5,2024-12-30,850
SH704085,SO500190,3,2025-01-07,450
SH704086,SO500292,3,2025-01-13,150
SH704087,SO500191,4,2025-01-24,600
SH704088,SO500192,4,2025-02-03,700
SH704089,SO500193,5,2025-02-03,300
SH704090,SO500194,4,2025-02-14,100
SH704091,SO500195,4,2025-02-17,150
SH704092,SO500196,5,2025-03-05,1450
SH704093,SO500197,5,2025-03-07,800
SH704094,SO500198,5,2025-03-12,1600
SH704095,SO500199,5,2025-03-21,700
SH704096,SO500200,5,2025-03-24,1450
SH704097,SO500201,5,2025-03-31,650
SH704098,SO500202,5,2025-04-10,850
SH704099,SO500203,5,2025-04-16,500
SH704100,SO500205,5,2025-04-30,350
SH704101,SO500206,5,2025-05-05,500
SH704102,SO500207,4,2025-05-15,700
SH704103,SO500209,4,2025-05-29,350
SH704104,SO500210,4,2025-06-02,1000
SH704105,SO500211,5,2025-06-11,450
SH704106,SO500211,5,2025-07-02,300
SH704107,SO500212,5,2025-06-18,1250
SH704108,SO500288,4,2025-06-26,800
SH704109,SO500214,5,2025-07-08,200
SH704110,SO500215,5,2025-07-17,1100
SH704111,SO500216,5,2025-07-25,1200
SH704112,SO500217,5,2025-07-29,1000
SH704113,SO500218,5,2025-10-30,350
SH704114,SO500219,4,2025-08-15,550
SH704115,SO500220,5,2025-08-26,300
SH704116,SO500221,5,2025-11-25,600
SH704117,SO500222,5,2025-09-05,1250
SH704118,SO500223,5,2025-11-05,1600
SH704119,SO500224,4,2025-09-16,650
SH704120,SO500225,4,2025-09-26,1850
SH704121,SO500226,5,2025-12-26,1150
SH704122,SO500227,5,2025-10-06,1050
SH704123,SO500228,5,2025-10-13,850
SH704124,SO500229,3,2025-10-22,1250
SH704125,SO500230,5,2025-10-29,300
SH704126,SO500235,5,2026-03-04,300
SH704127,SO500235,5,2026-03-18,200
SH704128,SO500237,5,2025-12-22,350
SH704129,SO500238,4,2025-12-29,1050
SH704130,SO500239,4,2026-03-05,900
SH704131,SO500240,4,2026-03-12,50
SH704132,SO500241,4,2026-01-23,850
SH704133,SO500242,4,2026-03-26,550
SH704134,SO500243,4,2026-02-03,350
SH704135,SO500244,4,2026-02-10,1850
SH704136,SO500245,4,2026-05-25,600
SH704137,SO500250,4,2026-03-24,250
SH704138,SO500251,3,2026-03-30,50
SH704139,SO500260,4,2026-06-12,1100
SH704140,SO500151,6,2024-05-15,350
SH704141,SO500152,6,2024-05-15,350
SH704142,SO500153,6,2024-05-03,350
SH704143,SO500154,6,2024-04-26,350
SH704144,SO500155,6,2024-04-16,350
SH704145,SO500156,6,2024-04-10,350
SH704146,SO500157,6,2024-04-09,350
SH704147,SO500158,6,2024-03-26,350
SH704148,SO500282,5,2024-03-20,350
SH704149,SO500283,5,2024-03-12,350
SH704150,SO500284,4,2024-03-05,350
SH704151,SO500285,4,2024-02-27,350
SH704152,SO500293,3,2024-02-23,350
SH704153,SO500294,3,2024-02-14,350
SH704154,SO500295,3,2024-02-07,350
SH704155,SO500296,3,2024-01-31,350
SH704156,SO500297,3,2024-01-25,350
SH704157,SO500298,3,2024-01-15,200
SH704158,SO500298,3,2024-01-30,150
SH704159,SO500299,3,2024-01-12,350
SH704160,SO500300,3,2024-01-04,350
SH704161,SO500159,4,2024-05-24,850
SH704162,SO500160,5,2024-06-19,350
SH704163,SO500161,5,2024-06-20,50
SH704164,SO500162,4,2024-06-14,800
SH704165,SO500163,6,2024-06-17,250
SH704166,SO500164,5,2024-06-26,400
SH704167,SO500286,4,2024-07-03,200
SH704168,SO500165,6,2024-07-11,650
SH704169,SO500166,6,2024-07-17,550
SH704170,SO500167,6,2024-07-23,600
SH704171,SO500168,6,2024-07-31,350
SH704172,SO500169,6,2024-08-06,500
SH704173,SO500287,4,2024-08-15,800
SH704174,SO500170,6,2024-08-20,800
SH704175,SO500171,6,2024-08-27,750
SH704176,SO500172,6,2024-09-05,250
SH704177,SO500173,6,2024-09-13,400
SH704178,SO500174,6,2024-09-17,800
SH704179,SO500174,6,2024-09-30,550
SH704180,SO500175,6,2024-09-26,350
SH704181,SO500175,6,2024-10-11,300
SH704182,SO500177,6,2024-10-07,200
SH704183,SO500178,6,2024-10-18,150
SH704184,SO500179,6,2024-10-21,1000
SH704185,SO500180,6,2024-10-31,150
SH704186,SO500181,5,2024-11-07,400
SH704187,SO500183,5,2024-11-20,1000
SH704188,SO500184,6,2024-11-29,1000
SH704189,SO500185,6,2024-12-05,1150
SH704190,SO500186,6,2024-12-09,700
SH704191,SO500187,6,2024-12-20,50
SH704192,SO500188,6,2024-12-24,1050
SH704193,SO500189,6,2025-01-01,150
SH704194,SO500292,4,2025-01-13,250
SH704195,SO500191,5,2025-01-23,250
SH704196,SO500192,5,2025-01-30,250
SH704197,SO500194,5,2025-02-13,850
SH704198,SO500195,5,2025-02-19,350
SH704199,SO500196,6,2025-02-25,600
SH704200,SO500197,6,2025-03-03,800
SH704201,SO500198,6,2025-03-14,200
SH704202,SO500199,6,2025-03-19,50
SH704203,SO500201,6,2025-04-04,600
SH704204,SO500204,5,2025-04-25,200
SH704205,SO500205,6,2025-04-29,650
SH704206,SO500206,6,2025-05-06,650
SH704207,SO500207,5,2025-05-14,800
SH704208,SO500208,4,2025-05-23,750
SH704209,SO500209,5,2025-05-30,700
SH704210,SO500210,5,2025-06-06,600
SH704211,SO500211,6,2025-06-10,250
SH704212,SO500212,6,2025-06-17,850
SH704213,SO500288,5,2025-06-27,100
SH704214,SO500214,6,2025-07-07,50
SH704215,SO500215,6,2025-07-15,1400
SH704216,SO500216,6,2025-07-21,500
SH704217,SO500217,6,2025-08-04,150
SH704218,SO500217,6,2025-08-14,100
SH704219,SO500218,6,2025-09-12,900
SH704220,SO500219,5,2025-08-13,300
SH704221,SO500220,6,2025-08-22,1100
SH704222,SO500221,6,2025-08-28,1000
SH704223,SO500222,6,2025-09-03,600
SH704224,SO500223,6,2025-11-14,50
SH704225,SO500224,5,2025-11-06,350
SH704226,SO500225,5,2025-09-23,1350
SH704227,SO500226,6,2025-11-11,850
SH704228,SO500227,6,2025-10-09,400
SH704229,SO500228,6,2025-12-22,750
SH704230,SO500229,4,2025-12-02,750
SH704231,SO500230,6,2025-10-29,700
SH704232,SO500231,5,2025-11-07,800
SH704233,SO500232,5,2026-02-19,1000
SH704234,SO500289,3,2025-12-29,450
SH704235,SO500289,3,2026-01-07,350
SH704236,SO500233,5,2026-01-12,150
SH704237,SO500234,5,2025-12-03,450
SH704238,SO500237,6,2026-02-18,50
SH704239,SO500243,5,2026-04-16,450
SH704240,SO500244,5,2026-04-17,250
SH704241,SO500245,5,2026-04-10,200
SH704242,SO500245,5,2026-04-17,200
SH704243,SO500246,4,2026-04-09,100
SH704244,SO500247,4,2026-03-05,850
SH704245,SO500249,4,2026-03-17,150
SH704246,SO500252,4,2026-04-07,50
SH704247,SO500252,4,2026-04-28,50
SH704248,SO500253,4,2026-04-15,250
SH704249,SO500254,4,2026-04-20,250
SH704250,SO500257,4,2026-05-13,250
SH704251,SO500258,4,2026-05-18,450
SH704252,SO500259,4,2026-05-27,200
SH704253,SO500151,7,2024-02-22,3000
SH704254,SO500152,7,2024-02-14,3000
SH704255,SO500153,7,2024-02-19,3000
SH704256,SO500154,7,2024-01-29,3000
SH704257,SO500155,7,2024-01-25,3000
SH704258,SO500156,7,2024-01-24,3000
SH704259,SO500157,7,2024-01-09,3000
SH704260,SO500158,7,2024-01-04,3000
SH704261,SO500159,5,2024-03-01,3000
SH704262,SO500160,6,2024-03-08,3000
SH704263,SO500161,6,2024-03-11,1000
SH704264,SO500162,5,2024-03-21,3000
SH704265,SO500164,6,2024-04-02,2000
SH704266,SO500286,5,2024-04-12,2000
SH704267,SO500165,7,2024-04-18,4000
SH704268,SO500166,7,2024-04-25,6000
SH704269,SO500167,7,2024-05-02,3000
SH704270,SO500168,7,2024-05-07,5000
SH704271,SO500169,7,2024-05-15,7000
SH704272,SO500287,5,2024-05-23,6000
SH704273,SO500170,7,2024-05-27,4000
SH704274,SO500171,7,2024-06-05,3000
SH704275,SO500172,7,2024-06-13,6000
SH704276,SO500174,7,2024-06-28,4000
SH704277,SO500175,7,2024-07-02,3000
SH704278,SO500176,6,2024-08-01,1000
SH704279,SO500177,7,2024-07-19,3000
SH704280,SO500178,7,2024-08-12,3000
SH704281,SO500179,7,2024-07-29,8000
SH704282,SO500180,7,2024-08-08,5000
SH704283,SO500181,6,2024-08-14,4000
SH704284,SO500182,6,2024-08-22,2000
SH704285,SO500183,6,2024-08-26,2000
SH704286,SO500184,7,2024-09-03,8000
SH704287,SO500185,7,2024-09-10,4000
SH704288,SO500186,7,2024-09-19,3000
SH704289,SO500186,7,2024-09-23,2000
SH704290,SO500187,7,2024-09-26,1000
SH704291,SO500188,7,2024-10-03,4000
SH704292,SO500189,7,2024-10-07,3000
SH704293,SO500190,4,2024-10-16,2000
SH704294,SO500292,5,2024-10-25,6000
SH704295,SO500191,6,2024-10-31,1000
SH704296,SO500192,6,2024-11-07,3000
SH704297,SO500193,6,2024-11-13,3000
SH704298,SO500194,6,2024-11-21,1000
SH704299,SO500194,6,2024-12-02,2000
SH704300,SO500195,6,2024-11-28,2000
SH704301,SO500196,7,2024-12-02,1000
SH704302,SO500196,7,2024-12-23,2000
SH704303,SO500197,7,2024-12-11,5000
SH704304,SO500199,7,2024-12-23,1000
SH704305,SO500200,6,2025-01-03,2000
SH704306,SO500202,6,2025-01-15,2000
SH704307,SO500204,6,2025-01-28,3000
SH704308,SO500205,7,2025-02-04,2000
SH704309,SO500206,7,2025-02-10,3000
SH704310,SO500207,6,2025-03-05,3000
SH704311,SO500208,5,2025-02-26,2000
SH704312,SO500209,6,2025-03-03,3000
SH704313,SO500211,7,2025-03-18,3000
SH704314,SO500212,7,2025-03-27,2000
SH704315,SO500288,6,2025-03-31,2000
SH704316,SO500213,5,2025-04-08,2000
SH704317,SO500214,7,2025-04-15,1000
SH704318,SO500215,7,2025-04-23,8000
SH704319,SO500216,7,2025-05-20,1000
SH704320,SO500216,7,2025-05-26,2000
SH704321,SO500217,7,2025-05-08,7000
SH704322,SO500218,7,2025-05-15,3000
SH704323,SO500219,6,2025-05-19,7000
SH704324,SO500220,7,2025-05-28,2000
SH704325,SO500221,7,2025-06-02,4000
SH704326,SO500222,7,2025-06-11,4000
SH704327,SO500223,7,2025-06-17,6000
SH704328,SO500224,6,2025-06-24,3000
SH704329,SO500225,6,2025-07-02,2000
SH704330,SO500225,6,2025-07-10,2000
SH704331,SO500226,7,2025-07-11,4000
SH704332,SO500227,7,2025-07-17,2000
SH704333,SO500228,7,2025-07-24,5000
SH704334,SO500229,5,2025-08-01,6000
SH704335,SO500230,7,2025-08-08,6000
SH704336,SO500232,6,2025-08-20,4000
SH704337,SO500289,4,2025-08-26,6000
SH704338,SO500233,6,2025-09-05,2000
SH704339,SO500234,6,2025-09-12,3000
SH704340,SO500235,6,2025-09-16,1000
SH704341,SO500235,6,2025-09-25,2000
SH704342,SO500236,5,2025-09-22,2000
SH704343,SO500237,7,2025-10-01,2000
SH704344,SO500238,5,2025-10-07,4000
SH704345,SO500239,5,2025-10-17,3000
SH704346,SO500240,5,2025-10-20,2000
SH704347,SO500241,5,2025-10-27,6000
SH704348,SO500242,5,2025-11-20,5000
SH704349,SO500243,6,2025-11-10,8000
SH704350,SO500244,6,2025-12-04,6000
SH704351,SO500245,6,2025-11-27,9000
SH704352,SO500246,5,2025-12-01,5000
SH704353,SO500247,5,2025-12-08,1000
SH704354,SO500248,4,2025-12-17,5000
SH704355,SO500249,5,2025-12-22,2000
SH704356,SO500250,5,2025-12-30,4000
SH704357,SO500251,4,2026-01-07,2000
SH704358,SO500252,5,2026-01-16,2000
SH704359,SO500255,4,2026-02-02,2000
SH704360,SO500259,5,2026-03-02,4000
SH704361,SO500290,5,2026-03-09,2000
SH704362,SO500290,5,2026-04-01,2000
SH704363,SO500260,6,2026-03-18,3000
SH704364,SO500261,5,2026-03-24,2000
SH704365,SO500262,6,2026-04-02,4000
SH704366,SO500263,6,2026-04-29,4000
SH704367,SO500264,7,2026-04-15,1000
SH704368,SO500266,5,2026-05-01,5000
SH704369,SO500267,5,2026-05-08,6000
SH704370,SO500268,6,2026-05-13,6000
SH704371,SO500269,6,2026-05-21,4000
SH704372,SO500270,6,2026-06-05,2000
SH704373,SO500271,5,2026-06-02,5000
SH704374,SO500272,7,2026-06-09,7000
SH704375,SO500273,6,2026-06-19,8000
SH704376,SO500274,5,2026-06-26,3000
SH704377,SO500151,8,2024-05-14,550
SH704378,SO500152,8,2024-05-06,550
SH704379,SO500153,8,2024-05-01,550
SH704380,SO500154,8,2024-04-22,550
SH704381,SO500155,8,2024-04-18,550
SH704382,SO500156,8,2024-04-11,550
SH704383,SO500157,8,2024-04-05,550
SH704384,SO500158,8,2024-03-26,550
SH704385,SO500282,6,2024-03-22,550
SH704386,SO500283,6,2024-03-14,550
SH704387,SO500284,5,2024-03-05,550
SH704388,SO500285,5,2024-02-27,550
SH704389,SO500293,4,2024-02-22,550
SH704390,SO500294,4,2024-02-14,550
SH704391,SO500295,4,2024-02-09,550
SH704392,SO500296,4,2024-02-01,550
SH704393,SO500297,4,2024-01-26,550
SH704394,SO500298,4,2024-01-18,550
SH704395,SO500299,4,2024-01-08,550
SH704396,SO500300,4,2024-01-01,550
SH704397,SO500159,6,2024-05-24,600
SH704398,SO500161,7,2024-06-03,1100
SH704399,SO500162,6,2024-06-13,700
SH704400,SO500163,7,2024-06-20,300
SH704401,SO500286,6,2024-07-03,300
SH704402,SO500165,8,2024-07-08,350
SH704403,SO500166,8,2024-07-17,750
SH704404,SO500167,8,2024-07-22,500
SH704405,SO500169,8,2024-08-06,200
SH704406,SO500169,8,2024-08-27,150
SH704407,SO500287,6,2024-08-12,500
SH704408,SO500287,6,2024-08-29,350
SH704409,SO500170,8,2024-08-21,750
SH704410,SO500170,8,2024-09-06,500
SH704411,SO500171,8,2024-08-27,950
SH704412,SO500172,8,2024-09-04,1800
SH704413,SO500173,7,2024-09-12,650
SH704414,SO500174,8,2024-09-17,1100
SH704415,SO500175,8,2024-09-27,300
SH704416,SO500176,7,2024-10-04,750
SH704417,SO500177,8,2024-10-08,350
SH704418,SO500178,8,2024-10-16,1400
SH704419,SO500179,8,2024-10-25,800
SH704420,SO500180,8,2024-11-01,650
SH704421,SO500181,7,2024-11-07,1800
SH704422,SO500182,7,2024-11-15,700
SH704423,SO500183,7,2024-12-02,1150
SH704424,SO500184,8,2024-11-27,1600
SH704425,SO500185,8,2024-12-04,1300
SH704426,SO500186,8,2024-12-12,600
SH704427,SO500187,8,2024-12-19,1200
SH704428,SO500188,8,2024-12-25,750
SH704429,SO500189,8,2025-01-02,100
SH704430,SO500189,8,2025-01-08,100
SH704431,SO500190,5,2025-01-09,1650
SH704432,SO500292,6,2025-01-14,700
SH704433,SO500191,7,2025-01-20,300
SH704434,SO500192,7,2025-01-29,400
SH704435,SO500193,7,2025-02-07,850
SH704436,SO500199,8,2025-03-18,500
SH704437,SO500200,7,2025-03-28,1050
SH704438,SO500203,6,2025-04-15,1050
SH704439,SO500204,7,2025-04-24,350
SH704440,SO500204,7,2025-05-12,250
SH704441,SO500205,8,2025-05-02,1200
SH704442,SO500206,8,2025-05-07,1200
SH704443,SO500207,7,2025-05-12,50
SH704444,SO500208,6,2025-05-23,150
SH704445,SO500209,7,2025-05-30,350
SH704446,SO500210,6,2025-06-02,1300
SH704447,SO500211,8,2025-07-01,700
SH704448,SO500212,8,2025-06-19,700
SH704449,SO500288,7,2025-06-23,1050
SH704450,SO500213,6,2025-07-02,50
SH704451,SO500214,8,2025-07-07,200
SH704452,SO500215,8,2025-07-17,900
SH704453,SO500216,8,2025-07-23,800
SH704454,SO500217,8,2025-07-29,1250
SH704455,SO500218,8,2025-08-04,250
SH704456,SO500219,7,2025-08-14,1550
SH704457,SO500220,8,2025-09-11,250
SH704458,SO500221,8,2025-12-10,2450
SH704459,SO500222,8,2025-11-27,1850
SH704460,SO500223,8,2025-09-10,650
SH704461,SO500224,7,2025-12-26,1650
SH704462,SO500224,7,2025-12-30,1100
SH704463,SO500225,7,2026-01-07,1050
SH704464,SO500226,8,2025-11-18,950
SH704465,SO500226,8,2025-12-12,650
SH704466,SO500227,8,2025-10-08,450
SH704467,SO500228,8,2025-11-14,1600
SH704468,SO500229,6,2026-01-28,500
SH704469,SO500230,8,2025-10-29,300
SH704470,SO500231,6,2025-11-04,1250
SH704471,SO500289,5,2026-01-28,1000
SH704472,SO500233,7,2025-11-25,200
SH704473,SO500234,7,2025-12-05,500
SH704474,SO500238,6,2026-01-26,100
SH704475,SO500242,6,2026-03-10,100
SH704476,SO500243,7,2026-02-02,750
SH704477,SO500244,7,2026-02-11,400
SH704478,SO500245,7,2026-02-18,1100
SH704479,SO500247,6,2026-03-02,150
SH704480,SO500248,5,2026-03-11,450
SH704481,SO500248,5,2026-04-01,300
SH704482,SO500249,6,2026-03-17,250
SH704483,SO500251,5,2026-06-17,50
SH704484,SO500252,6,2026-05-14,1200
SH704485,SO500254,5,2026-05-18,300
SH704486,SO500255,5,2026-05-26,500
SH704487,SO500259,6,2026-06-26,350
SH704488,SO500260,7,2026-06-12,950
SH704489,SO500151,9,2024-02-22,3000
SH704490,SO500152,9,2024-02-16,3000
SH704491,SO500153,9,2024-02-09,3000
SH704492,SO500154,9,2024-01-29,3000
SH704493,SO500155,9,2024-01-23,3000
SH704494,SO500156,9,2024-02-08,1000
SH704495,SO500156,9,2024-02-22,2000
SH704496,SO500157,9,2024-01-09,1000
SH704497,SO500157,9,2024-02-01,2000
SH704498,SO500158,9,2024-01-08,3000
SH704499,SO500160,7,2024-03-05,4000
SH704500,SO500161,8,2024-03-11,6000
SH704501,SO500162,7,2024-03-21,2000
SH704502,SO500163,8,2024-03-25,2000
SH704503,SO500164,7,2024-04-02,3000
SH704504,SO500286,7,2024-05-03,6000
SH704505,SO500165,9,2024-04-18,1000
SH704506,SO500166,9,2024-05-15,7000
SH704507,SO500167,9,2024-05-01,1000
SH704508,SO500169,9,2024-05-14,2000
SH704509,SO500287,7,2024-05-30,1000
SH704510,SO500170,9,2024-05-30,4000
SH704511,SO500172,9,2024-06-13,3000
SH704512,SO500173,8,2024-06-21,1000
SH704513,SO500174,9,2024-06-28,3000
SH704514,SO500174,9,2024-07-02,3000
SH704515,SO500175,9,2024-07-03,5000
SH704516,SO500176,8,2024-07-10,6000
SH704517,SO500177,9,2024-07-17,3000
SH704518,SO500178,9,2024-07-26,3000
SH704519,SO500179,9,2024-08-02,2000
SH704520,SO500180,9,2024-08-05,3000
SH704521,SO500181,8,2024-08-30,3000
SH704522,SO500182,8,2024-08-20,2000
SH704523,SO500184,9,2024-09-06,1000
SH704524,SO500185,9,2024-09-12,3000
SH704525,SO500186,9,2024-09-19,2000
SH704526,SO500187,9,2024-09-27,5000
SH704527,SO500188,9,2024-10-11,3000
SH704528,SO500189,9,2024-10-09,2000
SH704529,SO500190,6,2024-10-14,1000
SH704530,SO500292,7,2024-10-25,5000
SH704531,SO500191,8,2024-10-31,5000
SH704532,SO500192,8,2024-11-06,1000
SH704533,SO500192,8,2024-11-18,1000
SH704534,SO500193,8,2024-11-13,7000
SH704535,SO500194,7,2024-11-20,1000
SH704536,SO500195,7,2024-11-28,3000
SH704537,SO500196,8,2024-12-03,1000
SH704538,SO500197,8,2024-12-13,4000
SH704539,SO500198,7,2024-12-20,2000
SH704540,SO500200,8,2025-01-10,2000
SH704541,SO500201,7,2025-01-09,1000
SH704542,SO500202,7,2025-01-16,2000
SH704543,SO500203,7,2025-01-24,2000
SH704544,SO500204,8,2025-01-28,3000
SH704545,SO500205,9,2025-02-07,2000
SH704546,SO500207,8,2025-02-18,4000
SH704547,SO500208,7,2025-02-27,2000
SH704548,SO500209,8,2025-03-07,2000
SH704549,SO500210,7,2025-03-10,4000
SH704550,SO500211,9,2025-03-18,2000
SH704551,SO500212,9,2025-03-26,3000
SH704552,SO500288,8,2025-04-02,2000
SH704553,SO500213,7,2025-04-07,6000
SH704554,SO500214,9,2025-04-14,1000
SH704555,SO500215,9,2025-05-06,3000
SH704556,SO500216,9,2025-05-01,4000
SH704557,SO500217,9,2025-05-07,3000
SH704558,SO500218,9,2025-05-13,3000
SH704559,SO500219,8,2025-05-22,3000
SH704560,SO500220,9,2025-05-29,5000
SH704561,SO500221,9,2025-06-02,1000
SH704562,SO500222,9,2025-06-13,3000
SH704563,SO500222,9,2025-07-02,2000
SH704564,SO500223,9,2025-06-19,2000
SH704565,SO500224,8,2025-06-27,3000
SH704566,SO500225,8,2025-06-30,4000
SH704567,SO500226,9,2025-07-10,4000
SH704568,SO500228,9,2025-07-25,3000
SH704569,SO500229,7,2025-07-31,1000
SH704570,SO500230,9,2025-08-04,2000
SH704571,SO500230,9,2025-08-21,2000
SH704572,SO500231,7,2025-08-13,4000
SH704573,SO500232,7,2025-08-19,4000
SH704574,SO500289,6,2025-08-29,1000
SH704575,SO500233,8,2025-09-03,3000
SH704576,SO500234,8,2025-09-08,6000
SH704577,SO500235,7,2025-09-19,10000
SH704578,SO500236,6,2025-09-24,8000
SH704579,SO500237,8,2025-10-03,5000
SH704580,SO500238,7,2025-10-06,8000
SH704581,SO500239,6,2025-10-15,4000
SH704582,SO500240,6,2025-10-23,3000
SH704583,SO500240,6,2025-11-10,2000
SH704584,SO500241,6,2025-10-31,4000
SH704585,SO500242,7,2025-11-04,5000
SH704586,SO500250,6,2025-12-30,5000
SH704587,SO500251,6,2026-01-07,4000
SH704588,SO500253,5,2026-01-20,1000
SH704589,SO500254,6,2026-01-29,3000
SH704590,SO500255,6,2026-02-06,5000
SH704591,SO500256,4,2026-02-11,1000
SH704592,SO500257,5,2026-03-09,1000
SH704593,SO500257,5,2026-03-20,2000
SH704594,SO500259,7,2026-03-03,1000
SH704595,SO500290,6,2026-03-11,3000
SH704596,SO500260,8,2026-03-17,3000
SH704597,SO500262,8,2026-04-03,4000
SH704598,SO500263,8,2026-04-07,3000
SH704599,SO500263,8,2026-04-17,3000
SH704600,SO500264,9,2026-04-23,2000
SH704601,SO500265,7,2026-04-21,2000
SH704602,SO500266,6,2026-04-28,3000
SH704603,SO500267,6,2026-05-07,5000
SH704604,SO500268,7,2026-05-13,3000
SH704605,SO500269,8,2026-05-18,6000
SH704606,SO500270,7,2026-05-27,3000
SH704607,SO500271,7,2026-06-02,5000
SH704608,SO500272,9,2026-06-08,5000
SH704609,SO500273,8,2026-06-18,2000
SH704610,SO500274,7,2026-06-22,1000
SH704611,SO500151,10,2024-03-07,1500
SH704612,SO500151,10,2024-03-13,1500
SH704613,SO500152,10,2024-03-01,1500
SH704614,SO500152,10,2024-03-07,1500
SH704615,SO500153,10,2024-02-21,3000
SH704616,SO500154,10,2024-02-13,1500
SH704617,SO500154,10,2024-02-23,1500
SH704618,SO500155,10,2024-02-09,3000
SH704619,SO500156,10,2024-02-06,3000
SH704620,SO500157,10,2024-01-31,3000
SH704621,SO500158,10,2024-01-19,1500
SH704622,SO500158,10,2024-01-30,1500
SH704623,SO500282,7,2024-01-09,1500
SH704624,SO500282,7,2024-02-01,1500
SH704625,SO500283,7,2024-01-02,3000
SH704626,SO500159,7,2024-03-11,1500
SH704627,SO500160,8,2024-03-18,2000
SH704628,SO500160,8,2024-04-10,1500
SH704629,SO500161,9,2024-03-25,4000
SH704630,SO500162,8,2024-04-02,1500
SH704631,SO500163,9,2024-04-11,4000
SH704632,SO500164,8,2024-04-16,500
SH704633,SO500286,8,2024-04-24,3500
SH704634,SO500165,10,2024-05-02,1000
SH704635,SO500166,10,2024-05-09,4000
SH704636,SO500167,10,2024-05-16,4000
SH704637,SO500168,8,2024-05-24,4000
SH704638,SO500169,10,2024-05-31,1500
SH704639,SO500287,8,2024-06-07,1000
SH704640,SO500287,8,2024-06-17,1000
SH704641,SO500170,10,2024-06-13,6000
SH704642,SO500171,9,2024-06-17,4000
SH704643,SO500172,10,2024-06-28,5000
SH704644,SO500174,10,2024-07-11,4500
SH704645,SO500175,10,2024-07-18,5000
SH704646,SO500176,9,2024-08-12,5500
SH704647,SO500177,10,2024-08-12,4500
SH704648,SO500178,10,2024-08-08,3500
SH704649,SO500179,10,2024-08-15,5500
SH704650,SO500180,10,2024-08-19,3500
SH704651,SO500181,9,2024-08-28,5000
SH704652,SO500182,9,2024-09-02,2500
SH704653,SO500183,8,2024-09-13,1500
SH704654,SO500184,10,2024-09-19,3000
SH704655,SO500186,10,2024-10-02,3500
SH704656,SO500187,10,2024-10-11,1500
SH704657,SO500187,10,2024-10-18,1500
SH704658,SO500188,10,2024-10-14,4000
SH704659,SO500189,10,2024-10-23,4500
SH704660,SO500190,7,2024-10-29,2500
SH704661,SO500292,8,2024-11-06,2500
SH704662,SO500191,9,2024-11-15,4500
SH704663,SO500192,9,2024-11-19,6000
SH704664,SO500193,9,2024-11-27,4000
SH704665,SO500196,9,2024-12-16,500
SH704666,SO500197,9,2024-12-23,500
SH704667,SO500197,9,2025-01-16,1000
SH704668,SO500199,9,2025-01-08,1500
SH704669,SO500200,9,2025-01-14,2000
SH704670,SO500201,8,2025-01-21,500
SH704671,SO500202,8,2025-01-31,3500
SH704672,SO500203,8,2025-02-03,1500
SH704673,SO500204,9,2025-02-11,2000
SH704674,SO500205,10,2025-02-18,3000
SH704675,SO500206,9,2025-02-27,3500
SH704676,SO500207,9,2025-03-06,500
SH704677,SO500208,8,2025-03-26,1000
SH704678,SO500209,9,2025-03-20,2000
SH704679,SO500210,8,2025-03-26,4000
SH704680,SO500211,10,2025-04-01,4500
SH704681,SO500212,10,2025-04-10,5000
SH704682,SO500288,9,2025-04-17,3000
SH704683,SO500213,8,2025-04-24,3000
SH704684,SO500214,10,2025-04-30,3000
SH704685,SO500214,10,2025-05-23,2500
SH704686,SO500215,10,2025-05-08,4000
SH704687,SO500216,10,2025-05-14,3000
SH704688,SO500218,10,2025-05-26,2500
SH704689,SO500219,9,2025-06-05,3500
SH704690,SO500220,10,2025-06-10,6000
SH704691,SO500221,10,2025-07-02,2500
SH704692,SO500222,10,2025-06-26,500
SH704693,SO500223,10,2025-07-01,5500
SH704694,SO500224,9,2025-07-09,4000
SH704695,SO500225,9,2025-07-30,3000
SH704696,SO500226,10,2025-07-24,500
SH704697,SO500227,9,2025-08-01,1000
SH704698,SO500228,10,2025-08-06,500
SH704699,SO500228,10,2025-08-11,500
SH704700,SO500229,8,2025-08-14,2500
SH704701,SO500230,10,2025-08-18,6500
SH704702,SO500231,8,2025-08-27,1000
SH704703,SO500232,8,2025-09-05,3000
SH704704,SO500289,7,2025-09-11,9500
SH704705,SO500233,9,2025-09-16,6500
SH704706,SO500234,9,2025-09-25,6000
SH704707,SO500235,8,2025-10-23,5500
SH704708,SO500236,7,2025-10-09,7500
SH704709,SO500237,9,2025-10-13,5000
SH704710,SO500238,8,2025-10-24,2500
SH704711,SO500238,8,2025-11-11,2000
SH704712,SO500239,7,2025-10-31,4000
SH704713,SO500241,7,2025-11-13,3000
SH704714,SO500242,8,2025-11-18,8000
SH704715,SO500243,8,2025-11-28,6000
SH704716,SO500244,8,2025-12-01,3000
SH704717,SO500245,8,2025-12-09,5500
SH704718,SO500246,6,2025-12-17,4000
SH704719,SO500248,6,2026-01-01,6500
SH704720,SO500249,7,2026-01-07,2000
SH704721,SO500254,7,2026-02-13,500
SH704722,SO500255,7,2026-02-18,5000
SH704723,SO500256,5,2026-02-24,1000
SH704724,SO500257,6,2026-03-03,2000
SH704725,SO500258,5,2026-03-13,6500
SH704726,SO500259,8,2026-03-20,5500
SH704727,SO500290,7,2026-03-26,1000
SH704728,SO500260,9,2026-04-03,3000
SH704729,SO500261,6,2026-04-07,1500
SH704730,SO500263,9,2026-04-21,4000
SH704731,SO500264,10,2026-05-01,4500
SH704732,SO500265,8,2026-05-08,3500
SH704733,SO500267,7,2026-05-21,500
SH704734,SO500268,8,2026-05-26,4000
SH704735,SO500269,9,2026-06-04,4500
SH704736,SO500270,8,2026-06-12,4500
SH704737,SO500271,8,2026-06-16,8500
SH704738,SO500272,10,2026-06-26,3000
SH704739,SO500151,11,2024-03-07,3500
SH704740,SO500152,11,2024-02-27,3500
SH704741,SO500153,11,2024-02-19,2000
SH704742,SO500153,11,2024-03-14,1500
SH704743,SO500154,11,2024-02-13,3500
SH704744,SO500155,11,2024-02-08,3500
SH704745,SO500156,11,2024-01-30,3500
SH704746,SO500157,11,2024-01-22,3500
SH704747,SO500158,11,2024-01-17,3500
SH704748,SO500282,8,2024-01-08,3500
SH704749,SO500283,8,2024-01-01,3500
SH704750,SO500159,8,2024-03-13,6500
SH704751,SO500160,9,2024-03-18,1500
SH704752,SO500162,9,2024-04-02,1000
SH704753,SO500163,10,2024-04-17,2500
SH704754,SO500164,9,2024-04-16,1500
SH704755,SO500286,9,2024-04-26,500
SH704756,SO500165,11,2024-04-29,2500
SH704757,SO500166,11,2024-05-09,2500
SH704758,SO500167,11,2024-05-16,5500
SH704759,SO500168,9,2024-06-14,4000
SH704760,SO500169,11,2024-05-30,1500
SH704761,SO500287,9,2024-06-05,7000
SH704762,SO500170,11,2024-06-12,5500
SH704763,SO500171,10,2024-06-20,6500
SH704764,SO500172,11,2024-06-28,3000
SH704765,SO500173,9,2024-07-02,4500
SH704766,SO500174,11,2024-07-08,4000
SH704767,SO500175,11,2024-07-17,6000
SH704768,SO500176,10,2024-07-22,4000
SH704769,SO500177,11,2024-07-29,500
SH704770,SO500177,11,2024-08-12,500
SH704771,SO500178,11,2024-08-09,9500
SH704772,SO500179,11,2024-08-14,4000
SH704773,SO500180,11,2024-09-09,7500
SH704774,SO500181,10,2024-08-29,4000
SH704775,SO500182,10,2024-09-04,4000
SH704776,SO500183,9,2024-09-09,4000
SH704777,SO500184,11,2024-09-19,9000
SH704778,SO500185,10,2024-09-23,3500
SH704779,SO500185,10,2024-10-17,2500
SH704780,SO500187,11,2024-10-10,2000
SH704781,SO500188,11,2024-10-18,4500
SH704782,SO500190,8,2024-10-28,2000
SH704783,SO500190,8,2024-11-08,2000
SH704784,SO500292,9,2024-11-05,5000
SH704785,SO500192,10,2024-11-21,2500
SH704786,SO500193,10,2024-11-25,5000
SH704787,SO500194,8,2024-12-06,1500
SH704788,SO500195,8,2024-12-11,3000
SH704789,SO500196,10,2024-12-20,7000
SH704790,SO500197,10,2024-12-26,2000
SH704791,SO500198,8,2025-01-10,2000
SH704792,SO500199,10,2025-01-10,5500
SH704793,SO500200,10,2025-01-16,7500
SH704794,SO500201,9,2025-01-23,3500
SH704795,SO500202,9,2025-01-28,3500
SH704796,SO500202,9,2025-02-18,2500
SH704797,SO500203,9,2025-02-04,2000
SH704798,SO500204,10,2025-02-12,6500
SH704799,SO500205,11,2025-02-20,500
SH704800,SO500205,11,2025-03-10,500
SH704801,SO500206,10,2025-02-25,500
SH704802,SO500207,10,2025-03-05,2500
SH704803,SO500208,9,2025-03-14,1000
SH704804,SO500210,9,2025-03-28,1000
SH704805,SO500211,11,2025-04-02,3500
SH704806,SO500212,11,2025-04-07,1000
SH704807,SO500212,11,2025-04-29,1000
SH704808,SO500288,10,2025-04-17,6500
SH704809,SO500213,9,2025-04-22,3000
SH704810,SO500214,11,2025-05-02,2000
SH704811,SO500215,11,2025-05-05,1000
SH704812,SO500215,11,2025-05-27,1000
SH704813,SO500216,11,2025-05-16,5000
SH704814,SO500216,11,2025-05-30,3500
SH704815,SO500217,10,2025-05-22,5000
SH704816,SO500218,11,2025-05-29,3500
SH704817,SO500219,10,2025-06-06,3500
SH704818,SO500220,11,2025-06-10,1000
SH704819,SO500220,11,2025-06-24,1000
SH704820,SO500221,11,2025-06-20,12000
SH704821,SO500222,11,2025-06-24,7000
SH704822,SO500223,11,2025-07-03,7500
SH704823,SO500224,10,2025-07-08,6500
SH704824,SO500225,10,2025-07-16,6500
SH704825,SO500226,11,2025-07-24,5500
SH704826,SO500227,10,2025-08-01,3500
SH704827,SO500228,11,2025-08-06,9000
SH704828,SO500229,9,2025-08-15,500
SH704829,SO500229,9,2025-08-18,500
SH704830,SO500230,11,2025-08-20,2000
SH704831,SO500231,9,2025-08-29,8000
SH704832,SO500233,10,2025-09-15,5500
SH704833,SO500234,10,2025-10-01,5500
SH704834,SO500235,9,2025-10-22,5000
SH704835,SO500236,8,2025-10-08,11000
SH704836,SO500237,10,2025-10-15,4500
SH704837,SO500238,9,2025-10-31,2000
SH704838,SO500239,8,2025-10-28,11500
SH704839,SO500240,7,2025-11-07,6000
SH704840,SO500240,7,2025-11-26,4500
SH704841,SO500241,8,2025-11-13,3500
SH704842,SO500242,9,2025-11-19,13500
SH704843,SO500243,9,2025-11-28,4500
SH704844,SO500244,9,2025-12-01,2500
SH704845,SO500245,9,2025-12-11,12500
SH704846,SO500246,7,2025-12-19,5500
SH704847,SO500247,7,2025-12-26,2500
SH704848,SO500249,8,2026-01-08,5500
SH704849,SO500252,7,2026-01-27,1000
SH704850,SO500254,8,2026-02-10,5500
SH704851,SO500255,8,2026-02-18,1000
SH704852,SO500256,6,2026-03-13,3000
SH704853,SO500258,6,2026-03-11,1500
SH704854,SO500259,9,2026-03-16,2000
SH704855,SO500290,8,2026-03-25,1500
SH704856,SO500260,10,2026-03-31,3000
SH704857,SO500262,9,2026-04-16,4000
SH704858,SO500263,10,2026-04-22,3500
SH704859,SO500264,11,2026-05-01,1000
SH704860,SO500265,9,2026-05-08,1000
SH704861,SO500266,7,2026-05-14,6500
SH704862,SO500267,8,2026-05-20,4500
SH704863,SO500268,9,2026-05-26,2500
SH704864,SO500269,10,2026-06-02,11000
SH704865,SO500271,9,2026-06-15,6000
SH704866,SO500272,11,2026-06-24,9000
SH704867,SO500151,12,2024-02-23,3000
SH704868,SO500152,12,2024-02-13,3000
SH704869,SO500153,12,2024-02-08,3000
SH704870,SO500154,12,2024-02-02,3000
SH704871,SO500155,12,2024-01-26,3000
SH704872,SO500156,12,2024-01-17,3000
SH704873,SO500157,12,2024-01-09,3000
SH704874,SO500158,12,2024-01-03,3000
SH704875,SO500159,9,2024-03-01,1000
SH704876,SO500161,10,2024-03-11,3000
SH704877,SO500162,10,2024-03-21,2000
SH704878,SO500163,11,2024-03-25,2000
SH704879,SO500164,10,2024-04-05,2000
SH704880,SO500286,10,2024-04-08,3000
SH704881,SO500165,12,2024-04-19,3000
SH704882,SO500166,12,2024-04-24,6000
SH704883,SO500167,12,2024-04-30,5000
SH704884,SO500168,10,2024-05-06,2000
SH704885,SO500169,12,2024-05-15,2000
SH704886,SO500287,10,2024-05-24,1000
SH704887,SO500170,12,2024-05-28,5000
SH704888,SO500171,11,2024-06-04,5000
SH704889,SO500172,12,2024-06-10,2000
SH704890,SO500173,10,2024-06-21,1000
SH704891,SO500173,10,2024-06-25,1000
SH704892,SO500174,12,2024-06-26,4000
SH704893,SO500175,12,2024-07-03,5000
SH704894,SO500176,11,2024-07-09,6000
SH704895,SO500177,12,2024-07-15,2000
SH704896,SO500178,12,2024-07-25,5000
SH704897,SO500179,12,2024-08-14,3000
SH704898,SO500180,12,2024-08-05,4000
SH704899,SO500181,11,2024-08-16,2000
SH704900,SO500182,11,2024-09-04,3000
SH704901,SO500183,10,2024-08-30,2000
SH704902,SO500184,12,2024-09-02,1000
SH704903,SO500185,11,2024-09-16,2000
SH704904,SO500185,11,2024-10-01,2000
SH704905,SO500187,12,2024-09-24,5000
SH704906,SO500188,12,2024-10-03,4000
SH704907,SO500189,11,2024-10-09,7000
SH704908,SO500190,9,2024-10-15,3000
SH704909,SO500292,10,2024-10-24,4000
SH704910,SO500191,10,2024-10-30,2000
SH704911,SO500192,11,2024-11-06,3000
SH704912,SO500193,11,2024-11-15,4000
SH704913,SO500195,9,2024-11-27,2000
SH704914,SO500197,11,2024-12-13,2000
SH704915,SO500199,11,2025-01-07,4000
SH704916,SO500200,11,2024-12-30,3000
SH704917,SO500201,10,2025-01-09,1000
SH704918,SO500201,10,2025-01-20,1000
SH704919,SO500202,10,2025-01-16,2000
SH704920,SO500203,10,2025-01-23,4000
SH704921,SO500205,12,2025-02-07,1000
SH704922,SO500206,11,2025-02-14,6000
SH704923,SO500208,10,2025-02-24,3000
SH704924,SO500209,10,2025-03-05,4000
SH704925,SO500210,10,2025-03-10,1000
SH704926,SO500211,12,2025-03-20,4000
SH704927,SO500212,12,2025-03-26,6000
SH704928,SO500288,11,2025-03-31,2000
SH704929,SO500214,12,2025-04-15,5000
SH704930,SO500215,12,2025-05-13,4000
SH704931,SO500216,12,2025-04-28,2000
SH704932,SO500217,11,2025-05-08,5000
SH704933,SO500218,12,2025-05-14,2000
SH704934,SO500219,11,2025-05-22,2000
SH704935,SO500220,12,2025-06-04,7000
SH704936,SO500221,12,2025-06-10,4000
SH704937,SO500222,12,2025-06-13,3000
SH704938,SO500223,12,2025-06-18,3000
SH704939,SO500224,11,2025-06-25,3000
SH704940,SO500225,11,2025-07-02,2000
SH704941,SO500226,12,2025-07-11,3000
SH704942,SO500226,12,2025-07-14,3000
SH704943,SO500227,11,2025-07-14,6000
SH704944,SO500229,10,2025-07-29,5000
SH704945,SO500230,12,2025-08-05,5000
SH704946,SO500231,10,2025-08-13,1000
SH704947,SO500232,9,2025-08-20,4000
SH704948,SO500289,8,2025-08-26,3000
SH704949,SO500233,11,2025-09-03,5000
SH704950,SO500234,11,2025-09-08,7000
SH704951,SO500235,10,2025-09-19,5000
SH704952,SO500236,9,2025-09-25,1000
SH704953,SO500236,9,2025-10-14,1000
SH704954,SO500237,11,2025-10-01,6000
SH704955,SO500238,10,2025-10-08,7000
SH704956,SO500239,9,2025-10-17,8000
SH704957,SO500240,8,2025-10-23,4000
SH704958,SO500241,9,2025-10-30,1000
SH704959,SO500241,9,2025-11-17,1000
SH704960,SO500242,10,2025-11-05,1000
SH704961,SO500243,10,2025-11-12,7000
SH704962,SO500244,10,2025-11-18,6000
SH704963,SO500245,10,2025-11-25,7000
SH704964,SO500246,8,2025-12-03,2000
SH704965,SO500248,7,2025-12-18,3000
SH704966,SO500249,9,2025-12-24,1000
SH704967,SO500250,7,2026-01-01,2000
SH704968,SO500251,7,2026-01-08,5000
SH704969,SO500252,8,2026-01-16,5000
SH704970,SO500254,9,2026-01-27,2000
SH704971,SO500255,9,2026-02-02,7000
SH704972,SO500256,7,2026-02-10,5000
SH704973,SO500257,7,2026-02-16,2000
SH704974,SO500258,7,2026-02-24,4000
SH704975,SO500260,11,2026-03-17,4000
SH704976,SO500261,7,2026-03-27,5000
SH704977,SO500262,10,2026-04-02,1000
SH704978,SO500263,11,2026-04-21,2000
SH704979,SO500264,12,2026-04-16,2000
SH704980,SO500265,10,2026-04-24,4000
SH704981,SO500266,8,2026-04-27,3000
SH704982,SO500266,8,2026-05-20,2000
SH704983,SO500267,9,2026-05-04,3000
SH704984,SO500268,10,2026-05-13,1000
SH704985,SO500269,11,2026-05-20,3000
SH704986,SO500270,10,2026-05-28,5000
SH704987,SO500271,10,2026-06-03,4000
SH704988,SO500273,11,2026-06-15,5000
SH704989,SO500274,10,2026-06-23,9000
SH704990,SO500151,13,2024-03-19,750
SH704991,SO500151,13,2024-03-25,750
SH704992,SO500152,13,2024-03-13,1500
SH704993,SO500153,13,2024-03-04,1500
SH704994,SO500154,13,2024-03-01,1500
SH704995,SO500155,13,2024-02-20,1500
SH704996,SO500156,13,2024-02-14,1500
SH704997,SO500157,13,2024-02-07,1500
SH704998,SO500158,13,2024-01-31,1500
SH704999,SO500282,9,2024-01-22,750
SH705000,SO500282,9,2024-02-02,750
SH705001,SO500283,9,2024-01-17,1500
SH705002,SO500284,6,2024-01-08,1500
SH705003,SO500285,6,2024-01-02,1500
SH705004,SO500159,10,2024-03-25,250
SH705005,SO500160,10,2024-04-03,500
SH705006,SO500161,11,2024-04-23,1250
SH705007,SO500163,12,2024-04-26,500
SH705008,SO500164,11,2024-05-01,1000
SH705009,SO500164,11,2024-05-06,750
SH705010,SO500286,11,2024-05-28,1250
SH705011,SO500165,13,2024-05-16,500
SH705012,SO500166,13,2024-05-21,3500
SH705013,SO500167,13,2024-05-28,3500
SH705014,SO500168,11,2024-06-03,1250
SH705015,SO500169,13,2024-07-02,3000
SH705016,SO500287,11,2024-06-24,250
SH705017,SO500170,13,2024-06-25,1750
SH705018,SO500171,12,2024-07-04,1000
SH705019,SO500172,13,2024-07-08,3250
SH705020,SO500173,11,2024-07-17,750
SH705021,SO500173,11,2024-08-09,750
SH705022,SO500174,13,2024-07-26,1000
SH705023,SO500175,13,2024-07-30,1500
SH705024,SO500176,12,2024-08-07,3250
SH705025,SO500177,13,2024-08-13,3000
SH705026,SO500178,13,2024-08-19,1500
SH705027,SO500179,13,2024-08-27,2000
SH705028,SO500180,13,2024-09-19,1500
SH705029,SO500181,12,2024-09-12,250
SH705030,SO500181,12,2024-09-20,500
SH705031,SO500182,12,2024-09-16,250
SH705032,SO500182,12,2024-10-07,500
SH705033,SO500183,11,2024-09-26,3750
SH705034,SO500184,13,2024-10-02,2750
SH705035,SO500185,12,2024-10-11,2500
SH705036,SO500186,11,2024-10-17,2500
SH705037,SO500187,13,2024-10-22,4000
SH705038,SO500188,13,2024-10-29,500
SH705039,SO500189,12,2024-11-07,250
SH705040,SO500189,12,2024-11-15,500
SH705041,SO500190,10,2024-11-15,1750
SH705042,SO500292,11,2024-11-21,750
SH705043,SO500193,12,2024-12-13,250
SH705044,SO500195,10,2024-12-27,2500
SH705045,SO500196,11,2025-01-02,1750
SH705046,SO500197,12,2025-01-08,250
SH705047,SO500198,9,2025-01-17,1250
SH705048,SO500199,12,2025-01-20,1750
SH705049,SO500199,12,2025-02-03,1250
SH705050,SO500200,12,2025-01-27,1750
SH705051,SO500201,11,2025-02-07,2250
SH705052,SO500202,11,2025-02-10,750
SH705053,SO500203,11,2025-02-17,1250
SH705054,SO500204,11,2025-02-24,750
SH705055,SO500205,13,2025-03-04,2250
SH705056,SO500206,12,2025-03-10,1000
SH705057,SO500207,11,2025-03-20,250
SH705058,SO500207,11,2025-04-10,500
SH705059,SO500208,11,2025-03-28,750
SH705060,SO500210,11,2025-04-07,1000
SH705061,SO500210,11,2025-04-17,1000
SH705062,SO500211,13,2025-04-14,1750
SH705063,SO500212,13,2025-04-21,1250
SH705064,SO500212,13,2025-05-14,1000
SH705065,SO500288,12,2025-05-02,2750
SH705066,SO500213,10,2025-05-07,1750
SH705067,SO500214,13,2025-05-12,1750
SH705068,SO500215,13,2025-05-22,2000
SH705069,SO500216,13,2025-05-27,2500
SH705070,SO500217,12,2025-06-04,2000
SH705071,SO500218,13,2025-06-09,4250
SH705072,SO500219,12,2025-06-20,2750
SH705073,SO500220,13,2025-06-24,1000
SH705074,SO500220,13,2025-07-18,750
SH705075,SO500221,13,2025-07-04,1750
SH705076,SO500221,13,2025-07-24,1250
SH705077,SO500223,13,2025-07-16,2750
SH705078,SO500224,12,2025-07-24,3250
SH705079,SO500225,12,2025-07-31,2000
SH705080,SO500227,12,2025-08-15,750
SH705081,SO500228,12,2025-08-19,750
SH705082,SO500228,12,2025-09-04,500
SH705083,SO500229,11,2025-08-26,750
SH705084,SO500230,13,2025-09-03,4500
SH705085,SO500231,11,2025-09-11,3250
SH705086,SO500232,10,2025-09-15,3500
SH705087,SO500289,9,2025-09-25,1000
SH705088,SO500233,12,2025-09-30,1250
SH705089,SO500234,12,2025-10-09,3000
SH705090,SO500235,11,2025-10-13,2250
SH705091,SO500236,10,2025-10-22,2750
SH705092,SO500237,12,2025-10-28,1250
SH705093,SO500238,11,2025-11-04,2500
SH705094,SO500240,9,2025-11-19,4500
SH705095,SO500241,10,2025-11-27,4750
SH705096,SO500242,11,2025-12-05,3500
SH705097,SO500243,11,2025-12-10,5000
SH705098,SO500244,11,2025-12-19,2000
SH705099,SO500245,11,2025-12-25,2250
SH705100,SO500246,9,2025-12-30,500
SH705101,SO500247,8,2026-01-06,2250
SH705102,SO500248,8,2026-01-12,2000
SH705103,SO500252,9,2026-02-13,1000
SH705104,SO500253,6,2026-02-18,750
SH705105,SO500254,10,2026-02-27,500
SH705106,SO500255,10,2026-03-05,1000
SH705107,SO500256,8,2026-03-11,2000
SH705108,SO500257,8,2026-03-18,1250
SH705109,SO500258,8,2026-03-26,3000
SH705110,SO500259,10,2026-03-31,3500
SH705111,SO500290,9,2026-04-07,1500
SH705112,SO500260,12,2026-04-14,3000
SH705113,SO500261,8,2026-04-21,3000
SH705114,SO500262,11,2026-04-29,2750
SH705115,SO500263,12,2026-05-07,750
SH705116,SO500264,13,2026-05-11,2000
SH705117,SO500265,11,2026-05-20,2250
SH705118,SO500266,9,2026-05-26,500
SH705119,SO500267,10,2026-06-05,1500
SH705120,SO500267,10,2026-06-26,1250
SH705121,SO500268,11,2026-06-11,2500
SH705122,SO500269,12,2026-06-18,2750
SH705123,SO500270,11,2026-06-23,5000
SH705124,SO500151,14,2024-03-21,1050
SH705125,SO500152,14,2024-03-22,1050
SH705126,SO500153,14,2024-03-05,1050
SH705127,SO500154,14,2024-02-26,1050
SH705128,SO500155,14,2024-02-20,1050
SH705129,SO500156,14,2024-02-14,1050
SH705130,SO500157,14,2024-02-09,1050
SH705131,SO500158,14,2024-02-08,1050
SH705132,SO500282,10,2024-01-26,1050
SH705133,SO500283,10,2024-01-18,1050
SH705134,SO500284,7,2024-01-08,1050
SH705135,SO500285,7,2024-01-03,1050
SH705136,SO500160,11,2024-04-04,1450
SH705137,SO500161,12,2024-04-10,550
SH705138,SO500162,11,2024-04-17,2200
SH705139,SO500163,13,2024-04-25,750
SH705140,SO500164,12,2024-04-30,1000
SH705141,SO500286,12,2024-05-10,700
SH705142,SO500165,14,2024-05-14,1100
SH705143,SO500166,14,2024-05-20,4500
SH705144,SO500167,14,2024-05-27,550
SH705145,SO500168,12,2024-06-04,2300
SH705146,SO500169,14,2024-06-14,400
SH705147,SO500287,12,2024-06-18,2150
SH705148,SO500170,14,2024-06-25,150
SH705149,SO500170,14,2024-07-08,100
SH705150,SO500171,13,2024-07-01,2950
SH705151,SO500172,14,2024-07-10,1500
SH705152,SO500174,14,2024-07-24,1350
SH705153,SO500175,14,2024-07-31,850
SH705154,SO500176,13,2024-08-06,650
SH705155,SO500178,14,2024-09-02,2900
SH705156,SO500179,14,2024-08-26,150
SH705157,SO500180,14,2024-09-03,750
SH705158,SO500181,13,2024-09-10,1050
SH705159,SO500182,13,2024-09-17,1850
SH705160,SO500183,12,2024-09-25,800
SH705161,SO500184,14,2024-09-30,2100
SH705162,SO500185,13,2024-10-10,1900
SH705163,SO500187,14,2024-10-21,1150
SH705164,SO500188,14,2024-11-01,2100
SH705165,SO500189,13,2024-11-08,500
SH705166,SO500189,13,2024-11-13,350
SH705167,SO500190,11,2024-11-11,150
SH705168,SO500292,12,2024-11-19,1250
SH705169,SO500191,11,2024-11-29,850
SH705170,SO500192,12,2024-12-05,2450
SH705171,SO500193,13,2024-12-12,1200
SH705172,SO500194,9,2024-12-17,200
SH705173,SO500195,11,2024-12-25,150
SH705174,SO500196,12,2025-01-03,600
SH705175,SO500198,10,2025-01-16,750
SH705176,SO500199,13,2025-01-23,900
SH705177,SO500201,12,2025-02-07,400
SH705178,SO500201,12,2025-02-18,300
SH705179,SO500202,12,2025-02-12,500
SH705180,SO500203,12,2025-02-17,1000
SH705181,SO500204,12,2025-02-24,1350
SH705182,SO500205,14,2025-03-05,1050
SH705183,SO500205,14,2025-03-26,700
SH705184,SO500206,13,2025-03-13,1000
SH705185,SO500207,12,2025-03-18,950
SH705186,SO500208,12,2025-03-27,1700
SH705187,SO500209,11,2025-04-02,800
SH705188,SO500209,11,2025-04-08,550
SH705189,SO500210,12,2025-04-10,950
SH705190,SO500210,12,2025-04-22,650
SH705191,SO500211,14,2025-04-18,50
SH705192,SO500212,14,2025-04-24,950
SH705193,SO500212,14,2025-05-13,700
SH705194,SO500288,13,2025-04-30,700
SH705195,SO500213,11,2025-05-08,1050
SH705196,SO500214,14,2025-05-23,300
SH705197,SO500215,14,2025-05-20,2000
SH705198,SO500217,13,2025-06-06,1000
SH705199,SO500217,13,2025-06-27,700
SH705200,SO500218,14,2025-06-13,2150
SH705201,SO500220,14,2025-06-27,2600
SH705202,SO500221,14,2025-07-04,1550
SH705203,SO500222,13,2025-07-07,550
SH705204,SO500224,13,2025-07-25,2450
SH705205,SO500225,13,2025-08-01,1750
SH705206,SO500226,13,2025-08-06,850
SH705207,SO500227,13,2025-08-11,600
SH705208,SO500228,13,2025-08-18,1150
SH705209,SO500229,12,2025-08-26,1300
SH705210,SO500230,14,2025-09-09,900
SH705211,SO500231,12,2025-09-09,1550
SH705212,SO500232,11,2025-09-19,1150
SH705213,SO500233,13,2025-09-30,800
SH705214,SO500234,13,2025-10-09,2400
SH705215,SO500235,12,2025-10-15,750
SH705216,SO500236,11,2025-10-21,1650
SH705217,SO500237,13,2025-10-28,3150
SH705218,SO500238,12,2025-11-04,200
SH705219,SO500239,10,2025-11-14,1500
SH705220,SO500240,10,2025-11-18,2000
SH705221,SO500241,11,2025-11-26,2050
SH705222,SO500242,12,2025-12-05,1550
SH705223,SO500243,12,2025-12-08,1600
SH705224,SO500243,12,2025-12-31,1100
SH705225,SO500244,12,2025-12-15,2250
SH705226,SO500245,12,2025-12-26,650
SH705227,SO500246,10,2025-12-30,1750
SH705228,SO500247,9,2026-01-06,1100
SH705229,SO500248,9,2026-01-16,1350
SH705230,SO500249,10,2026-02-13,50
SH705231,SO500250,8,2026-02-03,250
SH705232,SO500256,9,2026-03-13,1250
SH705233,SO500257,9,2026-03-16,850
SH705234,SO500258,9,2026-03-24,1350
SH705235,SO500259,11,2026-04-16,900
SH705236,SO500290,10,2026-04-09,1150
SH705237,SO500260,13,2026-04-15,1450
SH705238,SO500261,9,2026-04-23,1050
SH705239,SO500261,9,2026-05-12,700
SH705240,SO500262,12,2026-04-27,150
SH705241,SO500264,14,2026-05-14,1150
SH705242,SO500265,12,2026-05-22,1600
SH705243,SO500266,10,2026-05-28,200
SH705244,SO500267,11,2026-06-02,900
SH705245,SO500267,11,2026-06-15,650
SH705246,SO500268,12,2026-06-08,850
SH705247,SO500269,13,2026-06-18,700
SH705248,SO500270,12,2026-06-22,1550
SH705249,SO500151,15,2024-03-06,1500
SH705250,SO500151,15,2024-03-28,1500
SH705251,SO500152,15,2024-02-26,3000
SH705252,SO500153,15,2024-02-19,3000
SH705253,SO500154,15,2024-02-13,3000
SH705254,SO500155,15,2024-02-05,3000
SH705255,SO500156,15,2024-02-12,3000
SH705256,SO500157,15,2024-01-23,3000
SH705257,SO500158,15,2024-01-17,3000
SH705258,SO500282,11,2024-01-10,3000
SH705259,SO500283,11,2024-01-04,3000
SH705260,SO500160,12,2024-03-22,500
SH705261,SO500161,13,2024-04-04,1000
SH705262,SO500162,12,2024-04-05,500
SH705263,SO500162,12,2024-04-08,1000
SH705264,SO500164,13,2024-04-15,3000
SH705265,SO500286,13,2024-04-24,500
SH705266,SO500165,15,2024-05-01,1000
SH705267,SO500166,15,2024-05-08,3000
SH705268,SO500167,15,2024-05-15,2500
SH705269,SO500168,13,2024-05-20,4000
SH705270,SO500169,15,2024-05-29,3000
SH705271,SO500169,15,2024-06-17,2000
SH705272,SO500287,13,2024-06-04,5000
SH705273,SO500170,15,2024-06-14,4000
SH705274,SO500171,14,2024-06-17,5500
SH705275,SO500172,15,2024-06-27,3000
SH705276,SO500173,12,2024-07-01,3500
SH705277,SO500174,15,2024-07-12,6500
SH705278,SO500175,15,2024-07-17,5500
SH705279,SO500176,14,2024-07-26,4000
SH705280,SO500177,14,2024-07-29,5000
SH705281,SO500178,15,2024-08-06,3000
SH705282,SO500179,15,2024-08-14,3500
SH705283,SO500180,15,2024-08-20,4000
SH705284,SO500181,14,2024-08-28,7000
SH705285,SO500182,14,2024-09-05,500
SH705286,SO500183,13,2024-09-09,2000
SH705287,SO500186,12,2024-09-30,5000
SH705288,SO500187,15,2024-10-10,3500
SH705289,SO500188,15,2024-10-16,2000
SH705290,SO500189,14,2024-10-22,500
SH705291,SO500190,12,2024-10-29,1500
SH705292,SO500292,13,2024-11-06,1500
SH705293,SO500191,12,2024-11-19,2000
SH705294,SO500192,13,2024-11-21,3500
SH705295,SO500193,14,2024-11-29,1000
SH705296,SO500194,10,2024-12-02,2000
SH705297,SO500195,12,2024-12-09,5000
SH705298,SO500196,13,2024-12-20,2500
SH705299,SO500197,13,2024-12-24,500
SH705300,SO500198,11,2025-01-03,6000
SH705301,SO500199,14,2025-01-07,2000
SH705302,SO500200,13,2025-01-16,3000
SH705303,SO500201,13,2025-01-24,500
SH705304,SO500201,13,2025-01-31,1000
SH705305,SO500202,13,2025-01-29,2000
SH705306,SO500203,13,2025-02-06,500
SH705307,SO500204,13,2025-02-14,2000
SH705308,SO500205,15,2025-03-05,2500
SH705309,SO500206,14,2025-02-25,4500
SH705310,SO500207,13,2025-03-03,4500
SH705311,SO500208,13,2025-03-12,2000
SH705312,SO500209,12,2025-03-18,5500
SH705313,SO500210,13,2025-03-26,1000
SH705314,SO500211,15,2025-04-01,4000
SH705315,SO500212,15,2025-04-11,2000
SH705316,SO500288,14,2025-04-16,4500
SH705317,SO500213,12,2025-04-22,500
SH705318,SO500215,15,2025-05-08,1000
SH705319,SO500216,14,2025-05-14,4000
SH705320,SO500217,14,2025-05-20,3500
SH705321,SO500218,15,2025-05-28,6000
SH705322,SO500219,13,2025-06-06,6000
SH705323,SO500220,15,2025-06-10,2500
SH705324,SO500221,15,2025-06-19,2500
SH705325,SO500222,14,2025-06-24,8500
SH705326,SO500223,14,2025-06-30,8500
SH705327,SO500224,14,2025-07-11,1000
SH705328,SO500225,14,2025-07-16,6500
SH705329,SO500226,14,2025-07-24,2500
SH705330,SO500227,14,2025-07-31,4000
SH705331,SO500228,14,2025-08-07,3500
SH705332,SO500229,13,2025-08-14,3000
SH705333,SO500232,12,2025-09-02,5000
SH705334,SO500289,10,2025-09-09,1000
SH705335,SO500234,14,2025-09-24,5500
SH705336,SO500235,13,2025-09-29,3500
SH705337,SO500236,12,2025-10-10,4500
SH705338,SO500237,14,2025-10-14,10000
SH705339,SO500238,13,2025-10-23,4000
SH705340,SO500239,11,2025-10-29,2000
SH705341,SO500240,11,2025-11-07,3500
SH705342,SO500241,12,2025-11-14,2500
SH705343,SO500241,12,2025-11-24,2000
SH705344,SO500243,13,2025-12-01,5000
SH705345,SO500244,13,2025-12-02,3000
SH705346,SO500245,13,2025-12-11,1500
SH705347,SO500246,11,2025-12-16,3500
SH705348,SO500247,10,2025-12-24,1000
SH705349,SO500248,10,2026-01-02,1500
SH705350,SO500249,11,2026-01-06,5500
SH705351,SO500250,9,2026-01-16,5500
SH705352,SO500251,8,2026-01-21,500
SH705353,SO500252,10,2026-01-30,1500
SH705354,SO500254,11,2026-02-10,2500
SH705355,SO500255,11,2026-02-20,4500
SH705356,SO500256,10,2026-02-25,5000
SH705357,SO500258,10,2026-03-13,3000
SH705358,SO500259,12,2026-03-19,5500
SH705359,SO500290,11,2026-03-27,4000
SH705360,SO500260,14,2026-04-02,4500
SH705361,SO500262,13,2026-04-15,2000
SH705362,SO500263,13,2026-04-23,3000
SH705363,SO500264,15,2026-05-18,2500
SH705364,SO500265,13,2026-05-07,1500
SH705365,SO500266,11,2026-05-12,1500
SH705366,SO500267,12,2026-05-21,5000
SH705367,SO500268,13,2026-05-27,1500
SH705368,SO500269,14,2026-06-04,3000
SH705369,SO500270,13,2026-06-11,1000
SH705370,SO500271,13,2026-06-17,2500
SH705371,SO500272,15,2026-06-25,5000
SH705372,SO500151,16,2024-02-21,5000
SH705373,SO500152,16,2024-02-15,5000
SH705374,SO500153,16,2024-02-06,5000
SH705375,SO500154,16,2024-02-02,5000
SH705376,SO500155,16,2024-01-29,5000
SH705377,SO500156,16,2024-01-17,5000
SH705378,SO500157,16,2024-01-11,5000
SH705379,SO500158,16,2024-01-04,5000
SH705380,SO500159,11,2024-02-27,1000
SH705381,SO500160,13,2024-03-06,1000
SH705382,SO500161,14,2024-03-14,3000
SH705383,SO500162,13,2024-03-19,5000
SH705384,SO500163,14,2024-04-10,2000
SH705385,SO500164,14,2024-04-01,5000
SH705386,SO500286,14,2024-04-09,1000
SH705387,SO500165,16,2024-04-16,4000
SH705388,SO500166,16,2024-04-25,8000
SH705389,SO500167,16,2024-04-29,7000
SH705390,SO500168,14,2024-05-07,2000
SH705391,SO500168,14,2024-05-29,2000
SH705392,SO500169,16,2024-05-16,1000
SH705393,SO500287,14,2024-05-23,8000
SH705394,SO500170,16,2024-05-28,7000
SH705395,SO500171,15,2024-06-03,8000
SH705396,SO500172,16,2024-06-12,4000
SH705397,SO500174,16,2024-06-25,6000
SH705398,SO500175,16,2024-07-05,6000
SH705399,SO500176,15,2024-07-09,6000
SH705400,SO500177,15,2024-07-19,9000
SH705401,SO500179,16,2024-08-06,2000
SH705402,SO500180,16,2024-08-08,7000
SH705403,SO500181,15,2024-08-14,7000
SH705404,SO500182,15,2024-08-22,4000
SH705405,SO500183,14,2024-08-30,7000
SH705406,SO500184,15,2024-09-02,6000
SH705407,SO500186,13,2024-09-19,6000
SH705408,SO500187,16,2024-09-26,7000
SH705409,SO500188,16,2024-10-03,3000
SH705410,SO500188,16,2024-10-21,2000
SH705411,SO500189,15,2024-10-08,6000
SH705412,SO500190,13,2024-10-29,4000
SH705413,SO500292,14,2024-10-21,4000
SH705414,SO500191,13,2024-10-31,6000
SH705415,SO500192,14,2024-11-04,6000
SH705416,SO500193,15,2024-11-11,4000
SH705417,SO500194,11,2024-11-18,3000
SH705418,SO500195,13,2024-11-27,3000
SH705419,SO500196,14,2024-12-03,1000
SH705420,SO500197,14,2024-12-10,3000
SH705421,SO500198,12,2024-12-18,5000
SH705422,SO500200,14,2025-01-20,3000
SH705423,SO500201,14,2025-01-10,4000
SH705424,SO500202,14,2025-01-15,8000
SH705425,SO500203,14,2025-01-20,6000
SH705426,SO500204,14,2025-01-27,7000
SH705427,SO500205,16,2025-02-04,6000
SH705428,SO500206,15,2025-02-14,1000
SH705429,SO500206,15,2025-03-04,2000
SH705430,SO500207,14,2025-02-17,8000
SH705431,SO500208,14,2025-02-26,5000
SH705432,SO500209,13,2025-03-03,4000
SH705433,SO500211,16,2025-03-17,2000
SH705434,SO500288,15,2025-04-02,3000
SH705435,SO500213,13,2025-04-09,5000
SH705436,SO500214,15,2025-04-16,1000
SH705437,SO500214,15,2025-05-05,1000
SH705438,SO500215,16,2025-04-23,2000
SH705439,SO500216,15,2025-04-29,7000
SH705440,SO500217,15,2025-05-06,8000
SH705441,SO500218,16,2025-05-14,10000
SH705442,SO500219,14,2025-05-21,13000
SH705443,SO500220,16,2025-05-28,6000
SH705444,SO500221,16,2025-06-04,9000
SH705445,SO500222,15,2025-06-11,7000
SH705446,SO500223,15,2025-06-19,6000
SH705447,SO500224,15,2025-06-23,4000
SH705448,SO500225,15,2025-07-02,6000
SH705449,SO500226,15,2025-07-09,17000
SH705450,SO500227,15,2025-07-15,5000
SH705451,SO500228,15,2025-07-25,6000
SH705452,SO500229,14,2025-07-28,5000
SH705453,SO500230,15,2025-08-05,6000
SH705454,SO500231,13,2025-08-11,6000
SH705455,SO500232,13,2025-08-19,8000
SH705456,SO500289,11,2025-08-27,3000
SH705457,SO500234,15,2025-09-08,1000
SH705458,SO500235,14,2025-09-16,9000
SH705459,SO500236,13,2025-09-25,7000
SH705460,SO500237,15,2025-09-29,7000
SH705461,SO500238,14,2025-10-10,11000
SH705462,SO500239,12,2025-10-17,6000
SH705463,SO500240,12,2025-10-21,6000
SH705464,SO500241,13,2025-10-31,8000
SH705465,SO500242,13,2025-11-06,5000
SH705466,SO500243,14,2025-11-14,10000
SH705467,SO500244,14,2025-11-19,7000
SH705468,SO500245,14,2025-11-27,7000
SH705469,SO500247,11,2025-12-11,1000
SH705470,SO500247,11,2025-12-23,1000
SH705471,SO500248,11,2025-12-18,1000
SH705472,SO500248,11,2025-12-30,1000
SH705473,SO500249,12,2025-12-24,5000
SH705474,SO500250,10,2025-12-30,1000
SH705475,SO500250,10,2026-01-12,2000
SH705476,SO500251,9,2026-01-05,3000
SH705477,SO500252,11,2026-01-16,4000
SH705478,SO500253,7,2026-01-20,2000
SH705479,SO500254,12,2026-01-30,4000
SH705480,SO500255,12,2026-02-04,6000
SH705481,SO500256,11,2026-02-09,10000
SH705482,SO500257,10,2026-03-12,1000
SH705483,SO500258,11,2026-02-24,6000
SH705484,SO500290,12,2026-03-10,6000
SH705485,SO500260,15,2026-03-18,4000
SH705486,SO500261,10,2026-04-07,2000
SH705487,SO500262,14,2026-04-02,1000
SH705488,SO500263,14,2026-04-09,4000
SH705489,SO500264,16,2026-04-13,3000
SH705490,SO500265,14,2026-04-22,5000
SH705491,SO500266,12,2026-04-28,8000
SH705492,SO500267,13,2026-05-05,2000
SH705493,SO500268,14,2026-05-11,4000
SH705494,SO500269,15,2026-05-19,6000
SH705495,SO500270,14,2026-06-19,4000
SH705496,SO500271,14,2026-06-05,6000
SH705497,SO500272,16,2026-06-09,8000
SH705498,SO500273,14,2026-06-16,7000
SH705499,SO500151,17,2024-04-17,30
SH705500,SO500151,17,2024-04-29,30
SH705501,SO500152,17,2024-04-11,60
SH705502,SO500153,17,2024-04-02,30
SH705503,SO500153,17,2024-04-25,30
SH705504,SO500154,17,2024-03-29,60
SH705505,SO500155,17,2024-03-19,60
SH705506,SO500156,17,2024-03-11,60
SH705507,SO500157,17,2024-03-04,60
SH705508,SO500158,17,2024-02-26,60
SH705509,SO500282,12,2024-02-22,60
SH705510,SO500283,12,2024-02-16,60
SH705511,SO500284,8,2024-02-06,60
SH705512,SO500285,8,2024-01-29,60
SH705513,SO500293,5,2024-01-23,60
SH705514,SO500294,5,2024-01-17,30
SH705515,SO500294,5,2024-01-24,30
SH705516,SO500295,5,2024-01-25,60
SH705517,SO500296,5,2024-01-08,60
SH705518,SO500159,12,2024-04-25,20
SH705519,SO500160,14,2024-05-01,10
SH705520,SO500161,15,2024-05-06,40
SH705521,SO500162,14,2024-05-15,10
SH705522,SO500163,15,2024-05-21,50
SH705523,SO500164,15,2024-05-29,100
SH705524,SO500286,15,2024-06-07,100
SH705525,SO500165,17,2024-06-21,10
SH705526,SO500165,17,2024-06-25,10
SH705527,SO500166,17,2024-06-18,70
SH705528,SO500167,17,2024-06-27,140
SH705529,SO500168,15,2024-07-01,110
SH705530,SO500169,17,2024-07-11,90
SH705531,SO500287,15,2024-07-15,70
SH705532,SO500170,17,2024-07-25,50
SH705533,SO500172,17,2024-08-09,130
SH705534,SO500173,13,2024-08-15,150
SH705535,SO500174,17,2024-08-19,50
SH705536,SO500175,17,2024-08-26,10
SH705537,SO500176,16,2024-09-05,170
SH705538,SO500177,16,2024-09-12,110
SH705539,SO500178,16,2024-09-18,70
SH705540,SO500178,16,2024-10-10,50
SH705541,SO500179,17,2024-09-24,80
SH705542,SO500180,17,2024-10-24,20
SH705543,SO500181,16,2024-10-08,60
SH705544,SO500182,16,2024-10-14,150
SH705545,SO500183,15,2024-10-24,70
SH705546,SO500184,16,2024-10-28,20
SH705547,SO500186,14,2024-11-11,20
SH705548,SO500187,17,2024-11-22,100
SH705549,SO500188,17,2024-11-29,140
SH705550,SO500190,14,2024-12-13,30
SH705551,SO500190,14,2025-01-03,30
SH705552,SO500292,15,2024-12-18,90
SH705553,SO500191,14,2024-12-23,130
SH705554,SO500192,15,2024-12-30,140
SH705555,SO500193,16,2025-01-10,120
SH705556,SO500194,12,2025-01-15,170
SH705557,SO500195,14,2025-02-03,10
SH705558,SO500196,15,2025-01-27,120
SH705559,SO500198,13,2025-02-10,30
SH705560,SO500199,15,2025-02-21,40
SH705561,SO500200,15,2025-02-25,80
SH705562,SO500201,15,2025-03-05,20
SH705563,SO500203,15,2025-03-19,10
SH705564,SO500203,15,2025-04-10,10
SH705565,SO500204,15,2025-03-28,20
SH705566,SO500205,17,2025-04-04,70
SH705567,SO500206,16,2025-04-11,100
SH705568,SO500207,15,2025-04-18,70
SH705569,SO500208,15,2025-04-23,70
SH705570,SO500209,14,2025-04-28,70
SH705571,SO500210,14,2025-05-05,150
SH705572,SO500211,17,2025-05-15,40
SH705573,SO500211,17,2025-05-26,40
SH705574,SO500212,16,2025-05-22,100
SH705575,SO500288,16,2025-05-26,50
SH705576,SO500215,17,2025-06-20,70
SH705577,SO500216,16,2025-06-24,60
SH705578,SO500218,17,2025-07-08,70
SH705579,SO500219,15,2025-07-17,130
SH705580,SO500220,17,2025-07-22,150
SH705581,SO500221,17,2025-07-30,170
SH705582,SO500222,16,2025-08-06,150
SH705583,SO500223,16,2025-08-12,70
SH705584,SO500224,16,2025-08-22,160
SH705585,SO500225,16,2025-08-27,150
SH705586,SO500226,16,2025-09-04,120
SH705587,SO500227,16,2025-09-10,150
SH705588,SO500228,16,2025-09-19,130
SH705589,SO500229,15,2025-09-24,90
SH705590,SO500230,16,2025-10-01,90
SH705591,SO500231,14,2025-10-08,100
SH705592,SO500289,12,2025-10-20,140
SH705593,SO500234,16,2025-11-07,20
SH705594,SO500235,15,2025-11-12,10
SH705595,SO500236,14,2025-11-26,110
SH705596,SO500237,16,2025-11-26,60
SH705597,SO500238,15,2025-12-04,80
SH705598,SO500239,13,2025-12-08,70
SH705599,SO500247,12,2026-02-03,30
SH705600,SO500248,12,2026-02-11,60
SH705601,SO500249,13,2026-02-20,30
SH705602,SO500250,11,2026-02-26,60
SH705603,SO500251,10,2026-03-06,150
SH705604,SO500252,12,2026-03-09,70
SH705605,SO500253,8,2026-03-16,30
SH705606,SO500254,13,2026-03-27,30
SH705607,SO500255,13,2026-04-13,60
SH705608,SO500256,12,2026-04-06,10
SH705609,SO500264,17,2026-06-09,40
SH705610,SO500264,17,2026-06-15,40
SH705611,SO500265,15,2026-06-17,90
SH705612,SO500266,13,2026-06-24,140
SH705613,SO500151,18,2024-04-19,100
SH705614,SO500152,18,2024-04-11,60
SH705615,SO500152,18,2024-04-29,40
SH705616,SO500153,18,2024-04-04,100
SH705617,SO500154,18,2024-03-26,100
SH705618,SO500155,18,2024-03-20,100
SH705619,SO500156,18,2024-03-13,100
SH705620,SO500157,18,2024-03-06,100
SH705621,SO500158,18,2024-03-01,100
SH705622,SO500282,13,2024-02-22,100
SH705623,SO500283,13,2024-02-12,100
SH705624,SO500284,9,2024-02-06,100
SH705625,SO500285,9,2024-01-31,100
SH705626,SO500293,6,2024-01-26,100
SH705627,SO500294,6,2024-01-16,100
SH705628,SO500295,6,2024-01-09,100
SH705629,SO500296,6,2024-01-01,100
SH705630,SO500159,13,2024-04-22,70
SH705631,SO500160,15,2024-04-30,40
SH705632,SO500161,16,2024-05-07,30
SH705633,SO500162,15,2024-05-13,20
SH705634,SO500162,15,2024-06-04,20
SH705635,SO500163,16,2024-05-22,120
SH705636,SO500164,16,2024-05-28,10
SH705637,SO500286,16,2024-06-03,100
SH705638,SO500165,18,2024-06-12,50
SH705639,SO500166,18,2024-06-19,30
SH705640,SO500167,18,2024-06-27,90
SH705641,SO500168,16,2024-07-02,160
SH705642,SO500169,18,2024-07-08,220
SH705643,SO500287,16,2024-07-16,70
SH705644,SO500170,18,2024-07-22,80
SH705645,SO500171,16,2024-08-02,410
SH705646,SO500172,18,2024-08-09,260
SH705647,SO500173,14,2024-08-16,270
SH705648,SO500174,18,2024-08-22,330
SH705649,SO500175,18,2024-09-12,150
SH705650,SO500176,17,2024-09-16,90
SH705651,SO500177,17,2024-09-10,290
SH705652,SO500178,17,2024-09-18,340
SH705653,SO500180,18,2024-10-01,120
SH705654,SO500182,17,2024-10-14,20
SH705655,SO500183,16,2024-10-24,270
SH705656,SO500184,17,2024-10-29,190
SH705657,SO500187,18,2024-11-18,160
SH705658,SO500188,18,2024-11-26,90
SH705659,SO500189,16,2024-12-02,190
SH705660,SO500190,15,2024-12-09,140
SH705661,SO500192,16,2025-01-13,120
SH705662,SO500193,17,2025-01-06,200
SH705663,SO500194,13,2025-01-27,20
SH705664,SO500195,15,2025-01-24,120
SH705665,SO500196,16,2025-01-27,120
SH705666,SO500197,15,2025-02-06,190
SH705667,SO500198,14,2025-02-10,130
SH705668,SO500199,16,2025-02-20,180
SH705669,SO500200,16,2025-03-17,150
SH705670,SO500202,15,2025-03-12,40
SH705671,SO500203,16,2025-03-21,100
SH705672,SO500204,16,2025-03-26,120
SH705673,SO500205,18,2025-04-04,70
SH705674,SO500205,18,2025-04-18,60
SH705675,SO500206,17,2025-04-08,30
SH705676,SO500206,17,2025-04-16,20
SH705677,SO500207,16,2025-04-14,90
SH705678,SO500208,16,2025-04-24,50
SH705679,SO500208,16,2025-05-05,40
SH705680,SO500209,15,2025-04-30,300
SH705681,SO500210,15,2025-05-08,160
SH705682,SO500211,18,2025-05-13,130
SH705683,SO500212,17,2025-05-23,90
SH705684,SO500288,17,2025-05-26,40
SH705685,SO500213,14,2025-06-03,40
SH705686,SO500213,14,2025-06-11,30
SH705687,SO500214,16,2025-06-10,50
SH705688,SO500215,18,2025-06-16,170
SH705689,SO500216,17,2025-06-25,60
SH705690,SO500217,16,2025-06-30,150
SH705691,SO500218,18,2025-07-07,220
SH705692,SO500219,16,2025-07-16,170
SH705693,SO500220,18,2025-07-23,150
SH705694,SO500221,18,2025-07-31,230
SH705695,SO500222,17,2025-08-07,150
SH705696,SO500222,17,2025-08-13,100
SH705697,SO500223,17,2025-08-15,130
SH705698,SO500224,17,2025-08-18,270
SH705699,SO500225,17,2025-08-28,160
SH705700,SO500226,17,2025-09-03,70
SH705701,SO500226,17,2025-09-09,60
SH705702,SO500227,17,2025-09-09,90
SH705703,SO500228,17,2025-09-16,290
SH705704,SO500229,16,2025-09-25,320
SH705705,SO500230,17,2025-10-02,40
SH705706,SO500231,15,2025-10-07,220
SH705707,SO500232,14,2025-10-13,70
SH705708,SO500289,13,2025-10-22,180
SH705709,SO500233,14,2025-10-30,20
SH705710,SO500234,17,2025-11-07,20
SH705711,SO500235,16,2025-11-10,50
SH705712,SO500236,15,2025-11-21,20
SH705713,SO500237,17,2025-11-24,230
SH705714,SO500242,14,2026-01-01,60
SH705715,SO500244,15,2026-01-14,30
SH705716,SO500248,13,2026-02-11,60
SH705717,SO500249,14,2026-02-20,350
SH705718,SO500250,12,2026-02-26,90
SH705719,SO500251,11,2026-03-06,30
SH705720,SO500253,9,2026-03-17,140
SH705721,SO500254,14,2026-03-27,10
SH705722,SO500255,14,2026-03-30,150
SH705723,SO500256,13,2026-04-07,10
SH705724,SO500290,13,2026-05-08,10
SH705725,SO500260,16,2026-05-12,40
SH705726,SO500261,11,2026-06-08,110
SH705727,SO500265,16,2026-06-16,80
SH705728,SO500266,14,2026-06-24,50
SH705729,SO500151,19,2024-05-17,700
SH705730,SO500152,19,2024-05-09,700
SH705731,SO500153,19,2024-04-29,700
SH705732,SO500154,19,2024-04-22,700
SH705733,SO500155,19,2024-04-19,700
SH705734,SO500156,19,2024-04-12,700
SH705735,SO500157,19,2024-04-01,700
SH705736,SO500158,19,2024-03-29,700
SH705737,SO500282,14,2024-03-20,700
SH705738,SO500283,14,2024-03-13,700
SH705739,SO500284,10,2024-03-08,700
SH705740,SO500285,10,2024-02-28,400
SH705741,SO500285,10,2024-03-06,300
SH705742,SO500293,7,2024-02-22,700
SH705743,SO500294,7,2024-02-15,700
SH705744,SO500295,7,2024-02-08,700
SH705745,SO500296,7,2024-01-31,700
SH705746,SO500297,5,2024-01-23,400
SH705747,SO500297,5,2024-01-31,300
SH705748,SO500298,5,2024-01-17,700
SH705749,SO500299,5,2024-01-10,700
SH705750,SO500300,5,2024-01-02,700
SH705751,SO500159,14,2024-05-24,1000
SH705752,SO500160,16,2024-05-27,250
SH705753,SO500162,16,2024-06-14,550
SH705754,SO500163,17,2024-06-26,900
SH705755,SO500164,17,2024-06-27,600
SH705756,SO500286,17,2024-07-02,600
SH705757,SO500165,19,2024-07-08,750
SH705758,SO500166,19,2024-07-19,700
SH705759,SO500167,19,2024-07-29,2100
SH705760,SO500168,17,2024-08-02,1550
SH705761,SO500169,19,2024-08-09,800
SH705762,SO500170,19,2024-08-22,900
SH705763,SO500171,17,2024-08-29,500
SH705764,SO500171,17,2024-09-13,350
SH705765,SO500172,19,2024-09-02,750
SH705766,SO500173,15,2024-09-26,1050
SH705767,SO500173,15,2024-10-16,750
SH705768,SO500174,19,2024-09-19,400
SH705769,SO500175,19,2024-09-26,100
SH705770,SO500176,18,2024-10-01,1700
SH705771,SO500177,18,2024-10-08,550
SH705772,SO500177,18,2024-10-14,400
SH705773,SO500178,18,2024-10-14,1600
SH705774,SO500179,18,2024-10-24,1000
SH705775,SO500180,19,2024-11-01,1350
SH705776,SO500181,17,2024-11-07,550
SH705777,SO500182,18,2024-11-11,900
SH705778,SO500183,17,2024-11-27,1750
SH705779,SO500184,18,2024-11-28,700
SH705780,SO500185,14,2024-12-02,2900
SH705781,SO500186,15,2024-12-12,700
SH705782,SO500187,19,2024-12-16,1200
SH705783,SO500188,19,2024-12-26,400
SH705784,SO500189,17,2025-01-03,1050
SH705785,SO500190,16,2025-01-09,300
SH705786,SO500292,16,2025-01-14,1400
SH705787,SO500195,16,2025-02-20,400
SH705788,SO500196,17,2025-02-26,900
SH705789,SO500197,16,2025-03-06,600
SH705790,SO500198,15,2025-03-13,350
SH705791,SO500199,17,2025-03-18,1650
SH705792,SO500200,17,2025-03-26,1150
SH705793,SO500201,16,2025-04-02,1350
SH705794,SO500202,16,2025-04-11,600
SH705795,SO500203,17,2025-04-17,400
SH705796,SO500205,19,2025-05-01,1350
SH705797,SO500206,18,2025-05-09,350
SH705798,SO500207,17,2025-05-20,800
SH705799,SO500208,17,2025-05-23,1750
SH705800,SO500209,16,2025-05-27,650
SH705801,SO500210,16,2025-06-03,550
SH705802,SO500211,19,2025-06-10,1150
SH705803,SO500212,18,2025-06-30,1450
SH705804,SO500288,18,2025-06-24,1150
SH705805,SO500213,15,2025-07-02,1250
SH705806,SO500214,17,2025-07-11,2400
SH705807,SO500215,19,2025-07-17,600
SH705808,SO500216,18,2025-07-24,1100
SH705809,SO500216,18,2025-08-13,800
SH705810,SO500217,17,2025-07-28,1450
SH705811,SO500218,19,2025-08-05,2050
SH705812,SO500219,17,2025-10-22,1100
SH705813,SO500220,19,2025-08-21,550
SH705814,SO500221,19,2025-10-13,1950
SH705815,SO500222,18,2025-10-21,50
SH705816,SO500222,18,2025-10-27,50
SH705817,SO500223,18,2025-09-12,1250
SH705818,SO500224,18,2025-11-21,1600
SH705819,SO500225,18,2025-12-10,1400
SH705820,SO500226,18,2025-12-24,650
SH705821,SO500227,18,2025-12-08,1000
SH705822,SO500228,18,2025-10-15,2400
SH705823,SO500229,17,2025-12-30,500
SH705824,SO500230,18,2025-12-04,1250
SH705825,SO500231,16,2025-11-07,1250
SH705826,SO500232,15,2025-11-11,800
SH705827,SO500289,14,2026-01-07,1850
SH705828,SO500234,18,2025-12-01,1650
SH705829,SO500236,16,2026-03-23,400
SH705830,SO500237,18,2025-12-25,150
SH705831,SO500238,16,2026-03-24,1300
SH705832,SO500243,15,2026-04-07,500
SH705833,SO500244,16,2026-04-13,1250
SH705834,SO500245,15,2026-02-20,500
SH705835,SO500245,15,2026-03-06,350
SH705836,SO500251,12,2026-05-13,600
SH705837,SO500253,10,2026-06-17,150
SH705838,SO500255,15,2026-06-18,450
SH705839,SO500257,11,2026-05-13,600
SH705840,SO500151,20,2024-03-18,400
SH705841,SO500152,20,2024-03-15,400
SH705842,SO500153,20,2024-03-06,400
SH705843,SO500154,20,2024-02-29,400
SH705844,SO500155,20,2024-02-21,400
SH705845,SO500156,20,2024-02-16,400
SH705846,SO500157,20,2024-02-08,400
SH705847,SO500158,20,2024-01-30,400
SH705848,SO500282,15,2024-01-23,400
SH705849,SO500283,15,2024-01-15,200
SH705850,SO500283,15,2024-02-09,200
SH705851,SO500284,11,2024-01-11,400
SH705852,SO500285,11,2024-01-02,400
SH705853,SO500159,15,2024-03-26,400
SH705854,SO500160,17,2024-04-01,200
SH705855,SO500161,17,2024-04-11,100
SH705856,SO500162,17,2024-05-08,700
SH705857,SO500163,18,2024-04-26,150
SH705858,SO500164,18,2024-04-30,150
SH705859,SO500286,18,2024-05-07,350
SH705860,SO500165,20,2024-05-16,200
SH705861,SO500166,20,2024-05-23,700
SH705862,SO500167,20,2024-05-29,500
SH705863,SO500168,18,2024-06-06,950
SH705864,SO500169,20,2024-06-12,350
SH705865,SO500287,17,2024-07-03,550
SH705866,SO500170,20,2024-06-27,550
SH705867,SO500170,20,2024-07-01,400
SH705868,SO500171,18,2024-07-05,350
SH705869,SO500172,20,2024-07-11,600
SH705870,SO500173,16,2024-07-19,250
SH705871,SO500173,16,2024-08-05,200
SH705872,SO500174,20,2024-07-25,650
SH705873,SO500175,20,2024-07-29,150
SH705874,SO500176,19,2024-08-09,100
SH705875,SO500177,19,2024-08-13,550
SH705876,SO500178,19,2024-08-22,150
SH705877,SO500179,19,2024-08-29,600
SH705878,SO500180,20,2024-09-05,450
SH705879,SO500181,18,2024-09-09,200
SH705880,SO500182,19,2024-09-17,400
SH705881,SO500183,18,2024-09-23,550
SH705882,SO500184,19,2024-10-16,900
SH705883,SO500185,15,2024-10-29,550
SH705884,SO500186,16,2024-10-15,1150
SH705885,SO500187,20,2024-10-24,450
SH705886,SO500188,20,2024-10-31,300
SH705887,SO500189,18,2024-11-05,450
SH705888,SO500190,17,2024-11-13,600
SH705889,SO500292,17,2024-11-22,600
SH705890,SO500191,15,2024-11-27,600
SH705891,SO500192,17,2024-12-02,50
SH705892,SO500193,18,2024-12-09,200
SH705893,SO500194,14,2024-12-20,150
SH705894,SO500194,14,2024-12-25,100
SH705895,SO500195,17,2024-12-25,250
SH705896,SO500196,18,2025-01-01,300
SH705897,SO500197,17,2025-01-09,500
SH705898,SO500198,16,2025-01-14,200
SH705899,SO500200,18,2025-01-29,50
SH705900,SO500203,18,2025-02-20,500
SH705901,SO500204,17,2025-03-18,100
SH705902,SO500205,20,2025-03-04,50
SH705903,SO500206,19,2025-03-10,600
SH705904,SO500207,18,2025-04-11,900
SH705905,SO500208,18,2025-03-27,900
SH705906,SO500209,17,2025-04-02,250
SH705907,SO500210,17,2025-04-07,900
SH705908,SO500211,20,2025-04-16,400
SH705909,SO500212,19,2025-04-22,550
SH705910,SO500288,19,2025-04-30,750
SH705911,SO500213,16,2025-05-08,350
SH705912,SO500216,19,2025-05-26,450
SH705913,SO500218,20,2025-06-12,600
SH705914,SO500219,18,2025-06-19,800
SH705915,SO500220,20,2025-06-25,350
SH705916,SO500221,20,2025-07-03,400
SH705917,SO500222,19,2025-07-11,750
SH705918,SO500223,19,2025-07-15,600
SH705919,SO500224,19,2025-07-25,850
SH705920,SO500225,19,2025-07-29,300
SH705921,SO500226,19,2025-08-04,450
SH705922,SO500227,19,2025-08-14,200
SH705923,SO500228,19,2025-08-19,300
SH705924,SO500229,18,2025-08-29,150
SH705925,SO500229,18,2025-09-10,150
SH705926,SO500230,19,2025-09-02,950
SH705927,SO500231,17,2025-09-09,150
SH705928,SO500232,16,2025-09-19,100
SH705929,SO500232,16,2025-10-03,100
SH705930,SO500289,15,2025-09-23,1100
SH705931,SO500233,15,2025-10-02,50
SH705932,SO500234,19,2025-10-10,600
SH705933,SO500235,17,2025-10-15,800
SH705934,SO500236,17,2025-10-21,850
SH705935,SO500237,19,2025-10-30,200
SH705936,SO500238,17,2025-11-07,650
SH705937,SO500239,14,2025-11-14,800
SH705938,SO500240,13,2025-11-17,150
SH705939,SO500241,14,2025-11-27,1000
SH705940,SO500242,15,2025-12-05,950
SH705941,SO500243,16,2025-12-08,150
SH705942,SO500244,17,2025-12-18,450
SH705943,SO500244,17,2026-01-05,300
SH705944,SO500245,16,2025-12-23,500
SH705945,SO500246,12,2025-12-31,700
SH705946,SO500247,13,2026-01-07,300
SH705947,SO500248,14,2026-01-15,850
SH705948,SO500249,15,2026-01-19,100
SH705949,SO500251,13,2026-02-02,400
SH705950,SO500253,11,2026-02-16,350
SH705951,SO500255,16,2026-03-04,250
SH705952,SO500258,12,2026-03-26,650
SH705953,SO500290,15,2026-04-08,350
SH705954,SO500260,17,2026-04-17,300
SH705955,SO500261,12,2026-04-23,50
SH705956,SO500261,12,2026-05-05,50
SH705957,SO500262,16,2026-05-01,200
SH705958,SO500262,16,2026-05-07,200
SH705959,SO500263,16,2026-05-06,300
SH705960,SO500264,19,2026-05-15,400
SH705961,SO500264,19,2026-05-28,300
SH705962,SO500265,18,2026-05-19,550
SH705963,SO500266,16,2026-05-27,1100
SH705964,SO500267,17,2026-06-05,450
SH705965,SO500268,18,2026-06-08,400
SH705966,SO500269,19,2026-06-18,1500
SH705967,SO500270,17,2026-06-24,600
SH705968,SO500151,21,2024-03-13,4000
SH705969,SO500152,21,2024-02-29,4000
SH705970,SO500153,21,2024-02-22,4000
SH705971,SO500154,21,2024-02-15,2000
SH705972,SO500154,21,2024-03-08,2000
SH705973,SO500155,21,2024-02-08,4000
SH705974,SO500156,21,2024-01-29,4000
SH705975,SO500157,21,2024-01-26,4000
SH705976,SO500158,21,2024-01-16,4000
SH705977,SO500282,16,2024-01-09,4000
SH705978,SO500283,16,2024-01-04,4000
SH705979,SO500159,16,2024-03-14,6000
SH705980,SO500160,18,2024-03-19,500
SH705981,SO500163,19,2024-04-09,2000
SH705982,SO500164,19,2024-05-09,2000
SH705983,SO500286,19,2024-04-26,4500
SH705984,SO500165,21,2024-05-02,3500
SH705985,SO500166,21,2024-05-08,3000
SH705986,SO500167,21,2024-05-16,4000
SH705987,SO500168,19,2024-05-24,5000
SH705988,SO500169,21,2024-05-29,7000
SH705989,SO500287,18,2024-06-07,4500
SH705990,SO500170,21,2024-06-13,3500
SH705991,SO500170,21,2024-06-19,2500
SH705992,SO500171,19,2024-06-19,5500
SH705993,SO500172,21,2024-06-24,10000
SH705994,SO500173,17,2024-07-16,5000
SH705995,SO500174,21,2024-07-09,11500
SH705996,SO500175,21,2024-07-18,7500
SH705997,SO500176,20,2024-07-23,6500
SH705998,SO500177,20,2024-07-30,8500
SH705999,SO500178,20,2024-08-05,7000
SH706000,SO500179,20,2024-08-16,2000
SH706001,SO500180,21,2024-08-22,4500
SH706002,SO500181,19,2024-08-28,4000
SH706003,SO500182,20,2024-09-06,2000
SH706004,SO500183,19,2024-09-12,4000
SH706005,SO500184,20,2024-09-16,6000
SH706006,SO500185,16,2024-09-23,3500
SH706007,SO500187,21,2024-10-07,11000
SH706008,SO500188,21,2024-10-18,4000
SH706009,SO500189,19,2024-10-25,3000
SH706010,SO500190,18,2024-11-01,1000
SH706011,SO500292,18,2024-11-07,5500
SH706012,SO500192,18,2024-11-21,4000
SH706013,SO500193,19,2024-11-26,8000
SH706014,SO500196,19,2024-12-16,1500
SH706015,SO500197,18,2024-12-23,2500
SH706016,SO500198,17,2025-01-02,2000
SH706017,SO500199,18,2025-01-09,5500
SH706018,SO500200,19,2025-01-13,3500
SH706019,SO500202,17,2025-01-30,6000
SH706020,SO500203,19,2025-02-03,2500
SH706021,SO500204,18,2025-02-14,5500
SH706022,SO500205,21,2025-02-17,2000
SH706023,SO500206,20,2025-02-24,7000
SH706024,SO500207,19,2025-03-04,2000
SH706025,SO500208,19,2025-03-12,3500
SH706026,SO500209,18,2025-03-21,6500
SH706027,SO500210,18,2025-03-25,500
SH706028,SO500211,21,2025-04-04,7000
SH706029,SO500212,20,2025-04-09,2000
SH706030,SO500288,20,2025-04-15,5500
SH706031,SO500213,17,2025-04-24,500
SH706032,SO500214,18,2025-04-29,9000
SH706033,SO500215,20,2025-05-07,1500
SH706034,SO500216,20,2025-05-16,4500
SH706035,SO500217,18,2025-05-21,5000
SH706036,SO500218,21,2025-05-30,3500
SH706037,SO500218,21,2025-06-04,3000
SH706038,SO500219,19,2025-06-04,11500
SH706039,SO500220,21,2025-06-10,4000
SH706040,SO500221,21,2025-06-19,6500
SH706041,SO500222,20,2025-06-27,1500
SH706042,SO500223,20,2025-06-30,9000
SH706043,SO500224,20,2025-07-08,4000
SH706044,SO500225,20,2025-07-14,4500
SH706045,SO500225,20,2025-07-28,3500
SH706046,SO500226,20,2025-07-22,2500
SH706047,SO500227,20,2025-07-28,6500
SH706048,SO500228,20,2025-08-04,2000
SH706049,SO500229,19,2025-08-14,5500
SH706050,SO500230,20,2025-08-21,5000
SH706051,SO500231,18,2025-08-29,3000
SH706052,SO500232,17,2025-09-03,5500
SH706053,SO500289,16,2025-09-12,3000
SH706054,SO500233,16,2025-09-19,5500
SH706055,SO500234,20,2025-09-25,4000
SH706056,SO500235,18,2025-10-03,15000
SH706057,SO500236,18,2025-10-06,1000
SH706058,SO500237,20,2025-10-16,12000
SH706059,SO500238,18,2025-10-20,15000
SH706060,SO500239,15,2025-10-31,2000
SH706061,SO500240,14,2025-11-07,6500
SH706062,SO500241,15,2025-11-14,10000
SH706063,SO500242,16,2025-11-20,8000
SH706064,SO500243,17,2025-11-25,7000
SH706065,SO500244,18,2025-12-02,12000
SH706066,SO500247,14,2025-12-22,4500
SH706067,SO500248,15,2026-01-02,7000
SH706068,SO500253,12,2026-02-04,10500
SH706069,SO500256,14,2026-02-27,8500
SH706070,SO500257,12,2026-03-03,5000
SH706071,SO500258,13,2026-03-13,7500
SH706072,SO500259,13,2026-03-20,2500
SH706073,SO500290,16,2026-03-24,2500
SH706074,SO500261,13,2026-04-10,2000
SH706075,SO500262,17,2026-04-14,4000
SH706076,SO500264,20,2026-04-29,1000
SH706077,SO500265,19,2026-05-25,3000
SH706078,SO500265,19,2026-06-18,2000
SH706079,SO500266,17,2026-05-11,12000
SH706080,SO500267,18,2026-05-18,2500
SH706081,SO500268,19,2026-05-26,4000
SH706082,SO500269,20,2026-06-01,7000
SH706083,SO500270,18,2026-06-12,2000
SH706084,SO500270,18,2026-06-19,1500
SH706085,SO500271,17,2026-06-18,2500
SH706086,SO500272,21,2026-06-23,9000
SH706087,SO500151,22,2024-05-16,450
SH706088,SO500151,22,2024-06-05,300
SH706089,SO500152,22,2024-05-10,750
SH706090,SO500153,22,2024-05-01,450
SH706091,SO500153,22,2024-05-14,300
SH706092,SO500154,22,2024-04-26,750
SH706093,SO500155,22,2024-04-19,750
SH706094,SO500156,22,2024-04-10,750
SH706095,SO500157,22,2024-04-03,450
SH706096,SO500157,22,2024-04-18,300
SH706097,SO500158,22,2024-03-26,750
SH706098,SO500282,17,2024-03-21,750
SH706099,SO500283,17,2024-03-11,750
SH706100,SO500284,12,2024-03-07,750
SH706101,SO500285,12,2024-02-28,750
SH706102,SO500293,8,2024-02-20,750
SH706103,SO500294,8,2024-02-13,750
SH706104,SO500295,8,2024-02-09,750
SH706105,SO500296,8,2024-02-01,450
SH706106,SO500296,8,2024-02-21,300
SH706107,SO500297,6,2024-01-22,750
SH706108,SO500298,6,2024-01-18,750
SH706109,SO500299,6,2024-01-12,750
SH706110,SO500300,6,2024-01-03,750
SH706111,SO500159,17,2024-05-22,850
SH706112,SO500160,19,2024-05-29,500
SH706113,SO500161,18,2024-06-20,550
SH706114,SO500162,18,2024-06-14,1100
SH706115,SO500163,20,2024-06-21,400
SH706116,SO500164,20,2024-06-28,350
SH706117,SO500286,20,2024-07-04,500
SH706118,SO500165,22,2024-07-11,1000
SH706119,SO500166,22,2024-07-19,1000
SH706120,SO500167,22,2024-07-24,2000
SH706121,SO500168,20,2024-08-02,1250
SH706122,SO500169,22,2024-08-07,600
SH706123,SO500287,19,2024-08-16,1750
SH706124,SO500170,22,2024-08-22,800
SH706125,SO500171,20,2024-08-29,2150
SH706126,SO500172,22,2024-09-03,1050
SH706127,SO500173,18,2024-09-10,600
SH706128,SO500175,22,2024-09-25,1150
SH706129,SO500176,21,2024-09-30,1000
SH706130,SO500177,21,2024-11-01,650
SH706131,SO500178,21,2024-10-15,600
SH706132,SO500179,21,2024-10-23,100
SH706133,SO500180,22,2024-11-01,650
SH706134,SO500181,20,2024-11-06,1400
SH706135,SO500182,21,2024-11-13,1300
SH706136,SO500184,21,2024-11-26,50
SH706137,SO500184,21,2024-12-16,100
SH706138,SO500185,17,2024-12-05,200
SH706139,SO500186,17,2024-12-09,1000
SH706140,SO500187,22,2024-12-20,1750
SH706141,SO500188,22,2024-12-26,200
SH706142,SO500189,20,2025-01-02,800
SH706143,SO500190,19,2025-01-10,650
SH706144,SO500292,19,2025-01-17,1450
SH706145,SO500191,16,2025-01-21,400
SH706146,SO500192,19,2025-01-31,900
SH706147,SO500192,19,2025-02-14,650
SH706148,SO500193,20,2025-02-04,850
SH706149,SO500193,20,2025-02-12,600
SH706150,SO500195,18,2025-02-20,1400
SH706151,SO500197,19,2025-03-17,1050
SH706152,SO500198,18,2025-03-10,350
SH706153,SO500199,19,2025-03-21,900
SH706154,SO500201,17,2025-04-02,50
SH706155,SO500202,18,2025-04-10,750
SH706156,SO500202,18,2025-04-28,550
SH706157,SO500204,19,2025-04-24,950
SH706158,SO500205,22,2025-04-29,900
SH706159,SO500206,21,2025-05-09,3250
SH706160,SO500207,20,2025-05-13,1600
SH706161,SO500208,20,2025-05-20,1250
SH706162,SO500208,20,2025-06-09,900
SH706163,SO500209,19,2025-06-13,250
SH706164,SO500211,22,2025-06-10,1300
SH706165,SO500212,21,2025-06-18,2150
SH706166,SO500288,21,2025-06-27,2700
SH706167,SO500215,21,2025-07-17,400
SH706168,SO500216,21,2025-07-21,1800
SH706169,SO500217,19,2025-08-01,1900
SH706170,SO500218,22,2025-08-05,1850
SH706171,SO500219,20,2025-08-15,2550
SH706172,SO500220,22,2025-09-23,800
SH706173,SO500221,22,2025-08-29,3150
SH706174,SO500222,21,2025-11-26,450
SH706175,SO500223,21,2025-12-24,1900
SH706176,SO500224,21,2025-09-17,800
SH706177,SO500225,21,2025-12-15,2750
SH706178,SO500226,21,2025-10-01,2050
SH706179,SO500230,21,2025-12-09,1600
SH706180,SO500231,19,2026-02-20,1200
SH706181,SO500232,18,2026-01-20,2000
SH706182,SO500289,17,2025-11-21,1250
SH706183,SO500233,17,2025-11-25,100
SH706184,SO500235,19,2025-12-08,900
SH706185,SO500236,19,2026-03-09,900
SH706186,SO500237,21,2025-12-22,450
SH706187,SO500238,19,2025-12-31,100
SH706188,SO500238,19,2026-01-14,100
SH706189,SO500247,15,2026-05-18,650
SH706190,SO500248,16,2026-03-23,550
SH706191,SO500249,16,2026-03-20,800
SH706192,SO500250,13,2026-05-18,450
SH706193,SO500251,14,2026-05-15,50
SH706194,SO500252,13,2026-04-10,1450
SH706195,SO500256,15,2026-05-04,200
SH706196,SO500259,14,2026-06-02,450
SH706197,SO500259,14,2026-06-19,350
SH706198,SO500261,14,2026-06-18,650
SH706199,SO500262,18,2026-06-25,400
SH706200,SO500151,23,2024-03-20,1750
SH706201,SO500152,23,2024-03-25,1750
SH706202,SO500153,23,2024-03-05,1750
SH706203,SO500154,23,2024-02-29,1750
SH706204,SO500155,23,2024-02-20,1750
SH706205,SO500156,23,2024-02-16,1750
SH706206,SO500157,23,2024-02-09,1750
SH706207,SO500158,23,2024-01-29,1000
SH706208,SO500158,23,2024-02-12,750
SH706209,SO500282,18,2024-01-25,1750
SH706210,SO500283,18,2024-01-17,1750
SH706211,SO500284,13,2024-01-08,1750
SH706212,SO500285,13,2024-01-03,1750
SH706213,SO500159,18,2024-03-29,2000
SH706214,SO500160,20,2024-04-02,750
SH706215,SO500161,19,2024-04-09,1000
SH706216,SO500162,19,2024-04-29,1750
SH706217,SO500164,21,2024-05-23,3250
SH706218,SO500286,21,2024-05-07,1000
SH706219,SO500165,23,2024-05-13,2250
SH706220,SO500166,23,2024-05-22,2500
SH706221,SO500167,23,2024-05-30,1250
SH706222,SO500168,21,2024-06-05,2500
SH706223,SO500168,21,2024-06-26,1750
SH706224,SO500169,23,2024-06-13,3250
SH706225,SO500287,20,2024-06-18,2000
SH706226,SO500170,23,2024-06-26,1000
SH706227,SO500171,21,2024-07-04,3250
SH706228,SO500173,19,2024-07-17,250
SH706229,SO500174,22,2024-07-26,2250
SH706230,SO500176,22,2024-08-06,500
SH706231,SO500177,22,2024-08-14,2250
SH706232,SO500178,22,2024-08-21,2250
SH706233,SO500179,22,2024-08-30,1250
SH706234,SO500180,23,2024-09-04,5000
SH706235,SO500181,21,2024-09-13,4000
SH706236,SO500182,22,2024-09-20,3750
SH706237,SO500183,20,2024-09-26,1500
SH706238,SO500184,22,2024-10-01,1250
SH706239,SO500184,22,2024-10-10,1000
SH706240,SO500185,18,2024-10-10,3250
SH706241,SO500186,18,2024-10-15,2750
SH706242,SO500187,23,2024-10-25,2000
SH706243,SO500188,23,2024-10-31,250
SH706244,SO500189,21,2024-11-07,1250
SH706245,SO500190,20,2024-11-27,250
SH706246,SO500190,20,2024-12-05,500
SH706247,SO500292,20,2024-11-21,3500
SH706248,SO500292,20,2024-12-02,2500
SH706249,SO500191,17,2024-11-25,2500
SH706250,SO500192,20,2024-12-05,1500
SH706251,SO500194,15,2024-12-19,1000
SH706252,SO500195,19,2024-12-26,1750
SH706253,SO500196,20,2025-01-02,3250
SH706254,SO500197,20,2025-01-08,1500
SH706255,SO500201,18,2025-02-06,2750
SH706256,SO500202,19,2025-02-12,2250
SH706257,SO500203,20,2025-02-21,2250
SH706258,SO500204,20,2025-02-28,1000
SH706259,SO500205,23,2025-03-03,750
SH706260,SO500206,22,2025-03-14,1250
SH706261,SO500206,22,2025-03-28,1000
SH706262,SO500207,21,2025-03-17,1000
SH706263,SO500208,21,2025-03-26,3250
SH706264,SO500209,20,2025-04-03,1750
SH706265,SO500210,19,2025-04-10,4000
SH706266,SO500211,23,2025-04-17,250
SH706267,SO500211,23,2025-05-01,500
SH706268,SO500212,22,2025-04-24,750
SH706269,SO500288,22,2025-04-29,2500
SH706270,SO500213,18,2025-05-09,2750
SH706271,SO500214,19,2025-05-14,250
SH706272,SO500214,19,2025-05-28,250
SH706273,SO500215,22,2025-05-19,3250
SH706274,SO500216,22,2025-05-27,2250
SH706275,SO500218,23,2025-06-12,2750
SH706276,SO500219,21,2025-06-18,2750
SH706277,SO500220,23,2025-06-24,1500
SH706278,SO500222,22,2025-07-08,5500
SH706279,SO500223,22,2025-07-16,1250
SH706280,SO500224,22,2025-07-21,1250
SH706281,SO500224,22,2025-08-12,1000
SH706282,SO500225,22,2025-07-31,4750
SH706283,SO500226,22,2025-08-07,3000
SH706284,SO500227,21,2025-08-11,1500
SH706285,SO500228,21,2025-08-18,4500
SH706286,SO500229,20,2025-08-25,6000
SH706287,SO500230,22,2025-09-02,1500
SH706288,SO500230,22,2025-09-12,1000
SH706289,SO500231,20,2025-09-11,2000
SH706290,SO500232,19,2025-09-19,1000
SH706291,SO500289,18,2025-09-22,500
SH706292,SO500233,18,2025-09-29,1500
SH706293,SO500233,18,2025-10-14,1000
SH706294,SO500234,21,2025-10-09,7000
SH706295,SO500235,20,2025-10-15,2250
SH706296,SO500236,20,2025-10-20,1000
SH706297,SO500237,22,2025-10-30,4500
SH706298,SO500238,20,2025-11-03,3750
SH706299,SO500239,16,2025-11-14,7500
SH706300,SO500240,15,2025-11-20,4250
SH706301,SO500241,16,2025-11-28,5000
SH706302,SO500242,17,2025-12-02,2000
SH706303,SO500243,18,2025-12-09,5250
SH706304,SO500244,19,2025-12-16,3750
SH706305,SO500245,17,2025-12-25,1500
SH706306,SO500246,13,2025-12-29,2750
SH706307,SO500247,16,2026-01-08,500
SH706308,SO500248,17,2026-01-15,2500
SH706309,SO500252,14,2026-02-10,250
SH706310,SO500253,13,2026-02-19,2500
SH706311,SO500254,16,2026-02-24,4000
SH706312,SO500255,17,2026-03-06,500
SH706313,SO500256,16,2026-03-11,4500
SH706314,SO500257,13,2026-03-17,2250
SH706315,SO500258,15,2026-03-27,3750
SH706316,SO500259,15,2026-03-30,3500
SH706317,SO500290,17,2026-04-15,3000
SH706318,SO500260,18,2026-04-14,4000
SH706319,SO500262,19,2026-04-29,4250
SH706320,SO500264,22,2026-05-12,2500
SH706321,SO500266,19,2026-05-29,4500
SH706322,SO500267,20,2026-06-03,4500
SH706323,SO500268,21,2026-06-08,250
SH706324,SO500269,21,2026-06-18,4750
SH706325,SO500270,20,2026-06-23,1500
SH706326,SO500151,24,2024-03-22,500
SH706327,SO500152,24,2024-03-15,500
SH706328,SO500153,24,2024-03-05,500
SH706329,SO500154,24,2024-02-27,500
SH706330,SO500155,24,2024-02-23,500
SH706331,SO500156,24,2024-02-16,500
SH706332,SO500157,24,2024-02-08,500
SH706333,SO500158,24,2024-01-29,500
SH706334,SO500282,19,2024-01-25,250
SH706335,SO500282,19,2024-02-01,250
SH706336,SO500283,19,2024-01-19,500
SH706337,SO500284,14,2024-01-08,500
SH706338,SO500285,14,2024-01-04,250
SH706339,SO500285,14,2024-01-22,250
SH706340,SO500159,19,2024-03-27,250
SH706341,SO500159,19,2024-04-17,500
SH706342,SO500160,21,2024-04-03,1250
SH706343,SO500161,20,2024-04-08,500
SH706344,SO500162,20,2024-04-15,250
SH706345,SO500163,21,2024-04-25,500
SH706346,SO500286,22,2024-05-10,250
SH706347,SO500165,24,2024-05-17,500
SH706348,SO500166,24,2024-05-22,750
SH706349,SO500168,22,2024-06-05,1000
SH706350,SO500169,24,2024-06-11,1000
SH706351,SO500287,21,2024-06-17,750
SH706352,SO500170,24,2024-06-24,1000
SH706353,SO500171,22,2024-07-02,500
SH706354,SO500172,23,2024-07-10,500
SH706355,SO500173,20,2024-07-19,500
SH706356,SO500174,23,2024-07-22,500
SH706357,SO500177,23,2024-08-15,750
SH706358,SO500178,23,2024-08-22,1000
SH706359,SO500179,23,2024-08-26,750
SH706360,SO500180,24,2024-09-05,1000
SH706361,SO500181,22,2024-09-12,750
SH706362,SO500182,23,2024-09-20,500
SH706363,SO500183,21,2024-09-24,1500
SH706364,SO500184,23,2024-10-01,2000
SH706365,SO500185,19,2024-10-08,750
SH706366,SO500186,19,2024-10-18,1000
SH706367,SO500187,24,2024-10-25,500
SH706368,SO500188,24,2024-11-01,250
SH706369,SO500189,22,2024-11-07,1000
SH706370,SO500190,21,2024-11-15,1500
SH706371,SO500292,21,2024-11-18,250
SH706372,SO500191,18,2024-11-28,250
SH706373,SO500193,21,2025-01-01,500
SH706374,SO500194,16,2024-12-17,500
SH706375,SO500195,20,2024-12-24,750
SH706376,SO500196,21,2024-12-30,500
SH706377,SO500199,20,2025-01-23,500
SH706378,SO500200,20,2025-01-29,500
SH706379,SO500201,19,2025-02-28,250
SH706380,SO500201,19,2025-03-20,250
SH706381,SO500202,20,2025-02-10,750
SH706382,SO500203,21,2025-02-17,1000
SH706383,SO500204,21,2025-02-27,750
SH706384,SO500205,24,2025-03-03,750
SH706385,SO500206,23,2025-03-13,500
SH706386,SO500207,22,2025-03-21,500
SH706387,SO500208,22,2025-03-26,250
SH706388,SO500208,22,2025-04-03,500
SH706389,SO500209,21,2025-04-04,500
SH706390,SO500210,20,2025-04-10,500
SH706391,SO500212,23,2025-05-12,1250
SH706392,SO500288,23,2025-04-29,250
SH706393,SO500288,23,2025-05-05,500
SH706394,SO500213,19,2025-05-07,750
SH706395,SO500214,20,2025-05-16,750
SH706396,SO500215,23,2025-05-22,1250
SH706397,SO500216,23,2025-05-26,250
SH706398,SO500216,23,2025-06-03,250
SH706399,SO500217,20,2025-06-06,500
SH706400,SO500218,24,2025-06-11,1250
SH706401,SO500219,22,2025-06-17,250
SH706402,SO500220,24,2025-06-27,750
SH706403,SO500221,23,2025-07-03,500
SH706404,SO500222,23,2025-07-09,750
SH706405,SO500223,23,2025-07-17,250
SH706406,SO500224,23,2025-07-23,2000
SH706407,SO500225,23,2025-08-08,1250
SH706408,SO500226,23,2025-08-08,1000
SH706409,SO500227,22,2025-08-12,250
SH706410,SO500227,22,2025-08-26,250
SH706411,SO500228,22,2025-08-22,1250
SH706412,SO500229,21,2025-08-29,250
SH706413,SO500230,23,2025-09-01,1000
SH706414,SO500231,21,2025-09-12,750
SH706415,SO500232,20,2025-09-15,1250
SH706416,SO500289,19,2025-09-23,1250
SH706417,SO500233,19,2025-10-03,250
SH706418,SO500234,22,2025-10-07,1000
SH706419,SO500235,21,2025-10-17,750
SH706420,SO500236,21,2025-10-24,1500
SH706421,SO500237,23,2025-10-30,750
SH706422,SO500237,23,2025-11-03,750
SH706423,SO500238,21,2025-11-07,1250
SH706424,SO500239,17,2025-11-11,750
SH706425,SO500240,16,2025-11-18,750
SH706426,SO500241,17,2025-11-26,750
SH706427,SO500242,18,2025-12-01,1000
SH706428,SO500243,19,2025-12-10,1500
SH706429,SO500244,20,2025-12-15,750
SH706430,SO500247,17,2026-01-07,500
SH706431,SO500249,17,2026-02-13,750
SH706432,SO500250,14,2026-01-28,500
SH706433,SO500251,15,2026-02-03,500
SH706434,SO500252,15,2026-02-10,500
SH706435,SO500253,14,2026-02-18,1250
SH706436,SO500254,17,2026-02-23,750
SH706437,SO500255,18,2026-03-03,500
SH706438,SO500256,17,2026-03-09,250
SH706439,SO500257,14,2026-03-19,500
SH706440,SO500258,16,2026-03-25,1000
SH706441,SO500259,16,2026-04-01,500
SH706442,SO500290,18,2026-04-06,1000
SH706443,SO500260,19,2026-04-16,250
SH706444,SO500261,15,2026-04-22,750
SH706445,SO500262,20,2026-04-27,750
SH706446,SO500263,17,2026-05-08,1250
SH706447,SO500264,23,2026-05-14,750
SH706448,SO500265,20,2026-05-20,750
SH706449,SO500266,20,2026-05-29,750
SH706450,SO500267,21,2026-06-02,1250
SH706451,SO500268,22,2026-06-11,500
SH706452,SO500269,22,2026-06-17,250
SH706453,SO500270,21,2026-06-24,500
SH706454,SO500151,25,2024-04-04,500
SH706455,SO500152,25,2024-03-12,500
SH706456,SO500153,25,2024-03-07,500
SH706457,SO500154,25,2024-02-28,500
SH706458,SO500155,25,2024-02-21,500
SH706459,SO500156,25,2024-02-14,500
SH706460,SO500157,25,2024-02-09,500
SH706461,SO500158,25,2024-02-01,500
SH706462,SO500282,20,2024-01-26,500
SH706463,SO500283,20,2024-01-17,250
SH706464,SO500283,20,2024-02-09,250
SH706465,SO500284,15,2024-01-08,500
SH706466,SO500285,15,2024-01-01,500
SH706467,SO500159,20,2024-03-27,1250
SH706468,SO500160,22,2024-04-04,1000
SH706469,SO500161,21,2024-04-09,250
SH706470,SO500162,21,2024-04-15,750
SH706471,SO500163,22,2024-04-23,250
SH706472,SO500164,22,2024-05-01,750
SH706473,SO500286,23,2024-05-07,500
SH706474,SO500165,25,2024-05-15,750
SH706475,SO500166,25,2024-05-20,750
SH706476,SO500167,24,2024-05-31,500
SH706477,SO500168,23,2024-06-06,1000
SH706478,SO500287,22,2024-06-19,750
SH706479,SO500170,25,2024-06-28,750
SH706480,SO500171,23,2024-07-02,1500
SH706481,SO500172,24,2024-07-10,750
SH706482,SO500174,24,2024-07-22,500
SH706483,SO500175,23,2024-08-01,500
SH706484,SO500176,23,2024-08-05,1000
SH706485,SO500176,23,2024-08-21,750
SH706486,SO500177,24,2024-08-14,750
SH706487,SO500178,24,2024-08-21,250
SH706488,SO500179,24,2024-08-26,500
SH706489,SO500180,25,2024-09-02,1000
SH706490,SO500181,23,2024-09-13,1000
SH706491,SO500182,24,2024-09-18,1000
SH706492,SO500183,22,2024-09-23,500
SH706493,SO500184,24,2024-10-01,250
SH706494,SO500185,20,2024-10-09,500
SH706495,SO500186,20,2024-10-17,750
SH706496,SO500187,25,2024-10-25,750
SH706497,SO500189,23,2024-11-07,1250
SH706498,SO500190,22,2024-11-13,250
SH706499,SO500292,22,2024-11-22,750
SH706500,SO500191,19,2024-11-27,500
SH706501,SO500192,21,2024-12-03,500
SH706502,SO500195,21,2024-12-25,250
SH706503,SO500198,19,2025-01-24,750
SH706504,SO500199,21,2025-01-23,250
SH706505,SO500200,21,2025-01-27,750
SH706506,SO500201,20,2025-02-04,1250
SH706507,SO500202,21,2025-02-14,1000
SH706508,SO500203,22,2025-02-21,750
SH706509,SO500204,22,2025-02-27,750
SH706510,SO500205,25,2025-03-07,1000
SH706511,SO500206,24,2025-03-14,1000
SH706512,SO500207,23,2025-03-21,1000
SH706513,SO500208,23,2025-03-27,750
SH706514,SO500209,22,2025-04-02,1250
SH706515,SO500210,21,2025-04-09,500
SH706516,SO500211,24,2025-04-14,1250
SH706517,SO500212,24,2025-04-23,750
SH706518,SO500288,24,2025-04-29,1000
SH706519,SO500215,24,2025-05-23,500
SH706520,SO500216,24,2025-05-26,250
SH706521,SO500217,21,2025-06-02,1000
SH706522,SO500218,25,2025-06-09,1250
SH706523,SO500219,23,2025-06-16,500
SH706524,SO500220,25,2025-06-25,1000
SH706525,SO500221,24,2025-07-02,1250
SH706526,SO500222,24,2025-07-07,1000
SH706527,SO500223,24,2025-07-14,1000
SH706528,SO500225,24,2025-07-28,250
SH706529,SO500225,24,2025-08-20,250
SH706530,SO500226,24,2025-08-05,500
SH706531,SO500227,23,2025-08-11,1250
SH706532,SO500228,23,2025-08-18,750
SH706533,SO500228,23,2025-09-04,500
SH706534,SO500229,22,2025-08-27,250
SH706535,SO500229,22,2025-09-05,500
SH706536,SO500230,24,2025-09-02,1750
SH706537,SO500231,22,2025-09-10,500
SH706538,SO500231,22,2025-10-03,500
SH706539,SO500232,21,2025-09-15,1500
SH706540,SO500289,20,2025-09-26,750
SH706541,SO500233,20,2025-10-01,500
SH706542,SO500234,23,2025-10-06,500
SH706543,SO500235,22,2025-10-16,1500
SH706544,SO500236,22,2025-10-23,1000
SH706545,SO500237,24,2025-10-28,250
SH706546,SO500238,22,2025-11-05,1000
SH706547,SO500239,18,2025-11-10,500
SH706548,SO500240,17,2025-11-20,1750
SH706549,SO500241,18,2025-11-28,1500
SH706550,SO500241,18,2025-12-03,1000
SH706551,SO500242,19,2025-12-02,1000
SH706552,SO500243,20,2025-12-08,750
SH706553,SO500244,21,2025-12-18,750
SH706554,SO500244,21,2026-01-06,750
SH706555,SO500245,18,2025-12-23,1250
SH706556,SO500246,14,2025-12-29,250
SH706557,SO500247,18,2026-01-05,500
SH706558,SO500253,15,2026-02-18,500
SH706559,SO500254,18,2026-02-23,750
SH706560,SO500255,19,2026-03-02,500
SH706561,SO500256,18,2026-03-09,250
SH706562,SO500257,15,2026-03-16,750
SH706563,SO500258,17,2026-03-25,1750
SH706564,SO500259,17,2026-04-02,1000
SH706565,SO500290,19,2026-04-06,1500
SH706566,SO500260,20,2026-04-13,1000
SH706567,SO500261,16,2026-04-22,250
SH706568,SO500262,21,2026-04-27,1250
SH706569,SO500263,18,2026-05-04,750
SH706570,SO500265,21,2026-05-21,250
SH706571,SO500265,21,2026-05-28,250
SH706572,SO500266,21,2026-05-29,1000
SH706573,SO500267,22,2026-06-05,1250
SH706574,SO500269,23,2026-06-18,1750
SH706575,SO500270,22,2026-06-23,1750
SH706576,SO500151,26,2024-02-19,3000
SH706577,SO500152,26,2024-02-15,3000
SH706578,SO500153,26,2024-02-08,3000
SH706579,SO500154,26,2024-01-29,3000
SH706580,SO500155,26,2024-01-25,3000
SH706581,SO500156,26,2024-01-18,3000
SH706582,SO500157,26,2024-01-10,3000
SH706583,SO500158,26,2024-01-22,3000
SH706584,SO500159,21,2024-02-27,5000
SH706585,SO500160,23,2024-03-06,4000
SH706586,SO500161,22,2024-03-15,2000
SH706587,SO500162,22,2024-04-08,3000
SH706588,SO500163,23,2024-04-10,3000
SH706589,SO500164,23,2024-04-05,1000
SH706590,SO500286,24,2024-04-11,4000
SH706591,SO500165,26,2024-05-09,3000
SH706592,SO500166,26,2024-04-24,1000
SH706593,SO500167,25,2024-04-30,4000
SH706594,SO500168,24,2024-05-08,5000
SH706595,SO500169,25,2024-05-16,3000
SH706596,SO500287,23,2024-05-22,3000
SH706597,SO500287,23,2024-05-29,2000
SH706598,SO500170,26,2024-06-12,6000
SH706599,SO500171,24,2024-06-05,4000
SH706600,SO500171,24,2024-06-11,3000
SH706601,SO500172,25,2024-06-11,4000
SH706602,SO500173,21,2024-06-21,3000
SH706603,SO500173,21,2024-07-10,2000
SH706604,SO500174,25,2024-06-25,2000
SH706605,SO500175,24,2024-07-05,4000
SH706606,SO500176,24,2024-07-12,5000
SH706607,SO500177,25,2024-07-19,5000
SH706608,SO500178,25,2024-07-24,3000
SH706609,SO500179,25,2024-08-01,2000
SH706610,SO500180,26,2024-08-05,4000
SH706611,SO500181,24,2024-08-13,1000
SH706612,SO500182,25,2024-08-23,5000
SH706613,SO500183,23,2024-08-29,1000
SH706614,SO500184,25,2024-09-04,3000
SH706615,SO500185,21,2024-09-12,2000
SH706616,SO500186,21,2024-09-17,4000
SH706617,SO500187,26,2024-09-23,1000
SH706618,SO500187,26,2024-10-16,1000
SH706619,SO500188,25,2024-09-30,4000
SH706620,SO500189,24,2024-10-08,6000
SH706621,SO500190,23,2024-10-15,2000
SH706622,SO500292,23,2024-10-21,10000
SH706623,SO500191,20,2024-10-29,2000
SH706624,SO500192,22,2024-11-07,2000
SH706625,SO500194,17,2024-11-21,2000
SH706626,SO500194,17,2024-12-04,2000
SH706627,SO500196,22,2024-12-02,1000
SH706628,SO500197,21,2024-12-13,1000
SH706629,SO500199,22,2024-12-27,5000
SH706630,SO500200,22,2025-01-03,2000
SH706631,SO500201,21,2025-01-08,5000
SH706632,SO500203,23,2025-01-23,2000
SH706633,SO500204,23,2025-01-29,5000
SH706634,SO500205,26,2025-02-07,3000
SH706635,SO500206,25,2025-02-10,4000
SH706636,SO500208,24,2025-02-27,2000
SH706637,SO500209,23,2025-03-05,3000
SH706638,SO500210,22,2025-03-13,6000
SH706639,SO500211,25,2025-03-20,5000
SH706640,SO500212,25,2025-03-25,3000
SH706641,SO500288,25,2025-04-03,2000
SH706642,SO500213,20,2025-04-09,1000
SH706643,SO500214,21,2025-04-17,6000
SH706644,SO500214,21,2025-05-06,4000
SH706645,SO500215,25,2025-04-23,3000
SH706646,SO500216,25,2025-04-30,1000
SH706647,SO500217,22,2025-05-07,4000
SH706648,SO500218,26,2025-05-12,2000
SH706649,SO500219,24,2025-05-23,7000
SH706650,SO500220,26,2025-05-28,11000
SH706651,SO500221,25,2025-06-04,4000
SH706652,SO500222,25,2025-06-10,2000
SH706653,SO500223,25,2025-06-20,2000
SH706654,SO500224,24,2025-06-27,8000
SH706655,SO500226,25,2025-07-08,2000
SH706656,SO500227,24,2025-07-18,2000
SH706657,SO500228,24,2025-07-23,1000
SH706658,SO500229,23,2025-07-30,2000
SH706659,SO500230,25,2025-08-07,3000
SH706660,SO500231,23,2025-08-11,3000
SH706661,SO500232,22,2025-09-01,2000
SH706662,SO500289,21,2025-08-28,4000
SH706663,SO500233,21,2025-09-03,4000
SH706664,SO500234,24,2025-09-12,7000
SH706665,SO500235,23,2025-09-18,3000
SH706666,SO500235,23,2025-10-09,2000
SH706667,SO500236,23,2025-09-22,9000
SH706668,SO500237,25,2025-10-03,3000
SH706669,SO500237,25,2025-10-15,2000
SH706670,SO500238,23,2025-10-07,9000
SH706671,SO500239,19,2025-10-16,6000
SH706672,SO500240,18,2025-10-22,3000
SH706673,SO500240,18,2025-11-05,3000
SH706674,SO500241,19,2025-10-31,7000
SH706675,SO500242,20,2025-11-24,3000
SH706676,SO500243,21,2025-11-10,4000
SH706677,SO500244,22,2025-11-19,6000
SH706678,SO500245,19,2025-12-18,7000
SH706679,SO500247,19,2025-12-12,5000
SH706680,SO500248,18,2025-12-15,1000
SH706681,SO500250,15,2025-12-29,2000
SH706682,SO500251,16,2026-01-07,3000
SH706683,SO500252,16,2026-01-16,2000
SH706684,SO500253,16,2026-01-19,2000
SH706685,SO500254,19,2026-01-26,4000
SH706686,SO500255,20,2026-02-05,1000
SH706687,SO500256,19,2026-02-10,5000
SH706688,SO500257,16,2026-02-18,6000
SH706689,SO500258,18,2026-02-23,1000
SH706690,SO500259,18,2026-03-04,1000
SH706691,SO500259,18,2026-03-10,1000
SH706692,SO500290,20,2026-03-12,3000
SH706693,SO500260,21,2026-03-17,5000
SH706694,SO500261,17,2026-03-26,3000
SH706695,SO500262,22,2026-03-30,2000
SH706696,SO500263,19,2026-04-09,2000
SH706697,SO500264,24,2026-05-05,1000
SH706698,SO500265,22,2026-05-14,7000
SH706699,SO500266,22,2026-04-28,9000
SH706700,SO500267,23,2026-05-05,2000
SH706701,SO500269,24,2026-05-21,5000
SH706702,SO500270,23,2026-05-27,2000
SH706703,SO500271,22,2026-06-05,9000
SH706704,SO500272,24,2026-06-09,2000
SH706705,SO500273,23,2026-06-17,4000
SH706706,SO500274,21,2026-06-26,2000
SH706707,SO500151,27,2024-04-18,60
SH706708,SO500152,27,2024-04-11,60
SH706709,SO500153,27,2024-04-04,60
SH706710,SO500154,27,2024-04-04,60
SH706711,SO500155,27,2024-03-20,30
SH706712,SO500155,27,2024-04-02,30
SH706713,SO500156,27,2024-03-13,60
SH706714,SO500157,27,2024-03-04,60
SH706715,SO500158,27,2024-03-01,60
SH706716,SO500282,21,2024-02-21,60
SH706717,SO500283,21,2024-02-14,60
SH706718,SO500284,16,2024-02-06,60
SH706719,SO500285,16,2024-02-01,60
SH706720,SO500293,9,2024-01-24,60
SH706721,SO500294,9,2024-01-15,60
SH706722,SO500295,9,2024-01-16,60
SH706723,SO500296,9,2024-01-04,60
SH706724,SO500159,22,2024-04-23,70
SH706725,SO500160,24,2024-05-02,40
SH706726,SO500160,24,2024-05-24,40
SH706727,SO500161,23,2024-05-06,30
SH706728,SO500162,23,2024-05-14,50
SH706729,SO500163,24,2024-05-23,40
SH706730,SO500164,24,2024-05-30,40
SH706731,SO500286,25,2024-06-05,110
SH706732,SO500165,27,2024-06-14,10
SH706733,SO500166,27,2024-06-17,90
SH706734,SO500167,26,2024-06-24,60
SH706735,SO500168,25,2024-07-02,140
SH706736,SO500169,26,2024-07-10,80
SH706737,SO500287,24,2024-07-15,150
SH706738,SO500170,27,2024-08-08,100
SH706739,SO500171,25,2024-07-30,50
SH706740,SO500172,26,2024-08-20,140
SH706741,SO500173,22,2024-08-12,120
SH706742,SO500174,26,2024-08-19,110
SH706743,SO500175,25,2024-08-30,10
SH706744,SO500176,25,2024-09-03,110
SH706745,SO500177,26,2024-09-13,80
SH706746,SO500178,26,2024-09-18,170
SH706747,SO500179,26,2024-09-26,40
SH706748,SO500180,27,2024-10-01,110
SH706749,SO500181,25,2024-10-08,50
SH706750,SO500182,26,2024-10-15,80
SH706751,SO500183,24,2024-11-08,40
SH706752,SO500183,24,2024-11-20,30
SH706753,SO500184,26,2024-10-31,70
SH706754,SO500185,22,2024-11-05,80
SH706755,SO500187,27,2024-11-21,160
SH706756,SO500189,25,2024-12-03,90
SH706757,SO500292,24,2024-12-23,60
SH706758,SO500191,21,2024-12-25,90
SH706759,SO500192,23,2024-12-30,80
SH706760,SO500193,22,2025-01-06,90
SH706761,SO500195,22,2025-02-04,130
SH706762,SO500196,23,2025-01-31,80
SH706763,SO500197,22,2025-02-07,200
SH706764,SO500198,20,2025-02-10,20
SH706765,SO500199,23,2025-02-21,10
SH706766,SO500199,23,2025-03-13,20
SH706767,SO500203,24,2025-03-18,90
SH706768,SO500204,24,2025-03-24,10
SH706769,SO500206,26,2025-04-10,120
SH706770,SO500207,24,2025-04-16,50
SH706771,SO500208,25,2025-04-23,60
SH706772,SO500209,24,2025-05-02,80
SH706773,SO500210,23,2025-05-07,100
SH706774,SO500211,26,2025-05-12,70
SH706775,SO500212,26,2025-05-19,90
SH706776,SO500288,26,2025-05-29,120
SH706777,SO500213,21,2025-06-03,70
SH706778,SO500213,21,2025-06-24,60
SH706779,SO500214,22,2025-06-10,170
SH706780,SO500215,26,2025-06-17,170
SH706781,SO500216,26,2025-06-27,70
SH706782,SO500217,23,2025-07-02,50
SH706783,SO500218,27,2025-07-09,30
SH706784,SO500219,25,2025-07-16,60
SH706785,SO500220,27,2025-07-23,90
SH706786,SO500221,26,2025-07-29,190
SH706787,SO500222,26,2025-08-07,70
SH706788,SO500223,26,2025-08-13,100
SH706789,SO500224,25,2025-08-18,210
SH706790,SO500225,25,2025-08-26,110
SH706791,SO500226,26,2025-09-01,210
SH706792,SO500227,25,2025-09-09,200
SH706793,SO500228,25,2025-09-18,110
SH706794,SO500229,24,2025-10-14,150
SH706795,SO500230,26,2025-10-03,160
SH706796,SO500231,24,2025-10-09,110
SH706797,SO500232,23,2025-10-13,50
SH706798,SO500289,22,2025-10-20,110
SH706799,SO500243,22,2026-01-08,80
SH706800,SO500244,23,2026-01-14,30
SH706801,SO500245,20,2026-01-19,40
SH706802,SO500245,20,2026-02-13,40
SH706803,SO500247,20,2026-02-02,100
SH706804,SO500248,19,2026-02-24,40
SH706805,SO500249,18,2026-02-18,70
SH706806,SO500250,16,2026-02-26,60
SH706807,SO500250,16,2026-03-20,40
SH706808,SO500254,20,2026-03-25,20
SH706809,SO500260,22,2026-05-13,10
SH706810,SO500260,22,2026-05-22,20
SH706811,SO500261,18,2026-05-19,150
SH706812,SO500263,20,2026-06-01,130
SH706813,SO500264,25,2026-06-08,90
SH706814,SO500266,23,2026-06-26,60
SH706815,SO500151,28,2024-03-06,1500
SH706816,SO500152,28,2024-02-28,1500
SH706817,SO500153,28,2024-02-22,1500
SH706818,SO500154,28,2024-02-15,1500
SH706819,SO500155,28,2024-02-09,1500
SH706820,SO500156,28,2024-01-29,1500
SH706821,SO500157,28,2024-01-22,1500
SH706822,SO500158,28,2024-01-17,1500
SH706823,SO500282,22,2024-01-12,1500
SH706824,SO500283,22,2024-01-01,1500
SH706825,SO500160,25,2024-03-20,500
SH706826,SO500162,24,2024-04-05,2500
SH706827,SO500163,25,2024-04-08,1500
SH706828,SO500164,25,2024-04-18,3000
SH706829,SO500286,26,2024-04-26,1000
SH706830,SO500165,28,2024-04-29,500
SH706831,SO500166,28,2024-05-06,3000
SH706832,SO500167,27,2024-05-15,1500
SH706833,SO500168,26,2024-05-21,3000
SH706834,SO500169,27,2024-05-28,2000
SH706835,SO500287,25,2024-06-03,2500
SH706836,SO500170,28,2024-06-14,1500
SH706837,SO500171,26,2024-07-03,2500
SH706838,SO500172,27,2024-06-26,2000
SH706839,SO500173,23,2024-07-01,1500
SH706840,SO500173,23,2024-07-17,1000
SH706841,SO500174,27,2024-07-11,2500
SH706842,SO500175,26,2024-07-19,500
SH706843,SO500176,26,2024-07-25,500
SH706844,SO500177,27,2024-08-02,1000
SH706845,SO500178,27,2024-08-05,2000
SH706846,SO500179,27,2024-08-28,1000
SH706847,SO500180,28,2024-08-23,2000
SH706848,SO500181,26,2024-08-26,1000
SH706849,SO500182,27,2024-09-03,1000
SH706850,SO500183,25,2024-09-09,1000
SH706851,SO500184,27,2024-09-19,2500
SH706852,SO500185,23,2024-09-23,500
SH706853,SO500186,22,2024-09-30,500
SH706854,SO500186,22,2024-10-24,500
SH706855,SO500187,28,2024-10-08,1000
SH706856,SO500188,26,2024-10-15,2000
SH706857,SO500189,26,2024-10-25,1000
SH706858,SO500190,24,2024-11-01,1000
SH706859,SO500292,25,2024-11-05,2500
SH706860,SO500191,22,2024-11-13,500
SH706861,SO500192,24,2024-11-27,1500
SH706862,SO500193,23,2024-11-25,2500
SH706863,SO500194,18,2024-12-04,500
SH706864,SO500195,23,2024-12-10,1000
SH706865,SO500196,24,2024-12-20,500
SH706866,SO500196,24,2025-01-09,500
SH706867,SO500197,23,2024-12-25,1500
SH706868,SO500198,21,2024-12-30,500
SH706869,SO500199,24,2025-01-07,2000
SH706870,SO500200,23,2025-01-13,1000
SH706871,SO500201,22,2025-01-21,1000
SH706872,SO500202,22,2025-01-29,3000
SH706873,SO500203,25,2025-02-05,1000
SH706874,SO500204,25,2025-02-12,1000
SH706875,SO500205,27,2025-02-20,1000
SH706876,SO500206,27,2025-02-26,1500
SH706877,SO500207,25,2025-03-04,2000
SH706878,SO500208,26,2025-03-13,1500
SH706879,SO500209,25,2025-03-21,1500
SH706880,SO500210,24,2025-03-28,1000
SH706881,SO500211,27,2025-04-02,500
SH706882,SO500211,27,2025-04-25,500
SH706883,SO500212,27,2025-04-11,1500
SH706884,SO500288,27,2025-04-17,1500
SH706885,SO500213,22,2025-04-23,2500
SH706886,SO500215,27,2025-05-05,2000
SH706887,SO500216,27,2025-05-14,2500
SH706888,SO500217,24,2025-05-22,500
SH706889,SO500217,24,2025-06-06,500
SH706890,SO500218,28,2025-05-28,2500
SH706891,SO500219,26,2025-06-02,1500
SH706892,SO500219,26,2025-06-09,1500
SH706893,SO500220,28,2025-06-13,2500
SH706894,SO500221,27,2025-06-19,1000
SH706895,SO500222,27,2025-06-25,2000
SH706896,SO500223,27,2025-06-30,1000
SH706897,SO500224,26,2025-07-09,3000
SH706898,SO500225,26,2025-07-16,2000
SH706899,SO500226,27,2025-07-21,500
SH706900,SO500227,26,2025-07-31,500
SH706901,SO500228,26,2025-08-05,500
SH706902,SO500229,25,2025-08-11,1500
SH706903,SO500230,27,2025-08-20,1000
SH706904,SO500230,27,2025-09-11,1000
SH706905,SO500231,25,2025-08-27,500
SH706906,SO500233,22,2025-09-19,3000
SH706907,SO500234,25,2025-09-26,3000
SH706908,SO500235,24,2025-10-01,3500
SH706909,SO500236,24,2025-10-06,2000
SH706910,SO500237,26,2025-10-17,3000
SH706911,SO500238,24,2025-10-20,4500
SH706912,SO500239,20,2025-10-31,3000
SH706913,SO500240,19,2025-11-04,3000
SH706914,SO500241,20,2025-11-12,1500
SH706915,SO500242,21,2025-11-19,3000
SH706916,SO500243,23,2025-11-24,2500
SH706917,SO500244,24,2025-12-05,3500
SH706918,SO500245,21,2025-12-12,1000
SH706919,SO500245,21,2025-12-15,1000
SH706920,SO500247,21,2025-12-23,1000
SH706921,SO500248,20,2026-01-01,1000
SH706922,SO500253,17,2026-02-06,500
SH706923,SO500254,21,2026-02-09,1500
SH706924,SO500255,21,2026-03-13,2500
SH706925,SO500256,20,2026-02-24,1500
SH706926,SO500257,17,2026-03-04,1000
SH706927,SO500258,19,2026-03-10,2000
SH706928,SO500259,19,2026-03-16,1000
SH706929,SO500290,21,2026-03-27,500
SH706930,SO500260,23,2026-04-03,500
SH706931,SO500261,19,2026-04-09,500
SH706932,SO500263,21,2026-04-24,3000
SH706933,SO500264,26,2026-04-29,3000
SH706934,SO500265,24,2026-05-04,1000
SH706935,SO500266,24,2026-05-11,4000
SH706936,SO500267,25,2026-05-19,2000
SH706937,SO500268,24,2026-05-25,500
SH706938,SO500268,24,2026-06-17,500
SH706939,SO500269,25,2026-06-05,1000
SH706940,SO500270,25,2026-06-12,2500
SH706941,SO500151,29,2024-03-20,1500
SH706942,SO500152,29,2024-03-13,1500
SH706943,SO500153,29,2024-03-05,750
SH706944,SO500153,29,2024-03-28,750
SH706945,SO500154,29,2024-02-27,1500
SH706946,SO500155,29,2024-02-20,1500
SH706947,SO500156,29,2024-02-12,1500
SH706948,SO500157,29,2024-02-07,1500
SH706949,SO500158,29,2024-02-01,1500
SH706950,SO500282,23,2024-01-25,1500
SH706951,SO500283,23,2024-01-19,1500
SH706952,SO500284,17,2024-01-09,1500
SH706953,SO500285,17,2024-01-03,1500
SH706954,SO500159,23,2024-03-26,2750
SH706955,SO500160,26,2024-04-05,1000
SH706956,SO500161,24,2024-04-10,3000
SH706957,SO500162,25,2024-04-18,1750
SH706958,SO500163,26,2024-04-24,1000
SH706959,SO500164,26,2024-04-30,1000
SH706960,SO500164,26,2024-05-20,1000
SH706961,SO500286,27,2024-05-09,2250
SH706962,SO500165,29,2024-05-16,2000
SH706963,SO500166,29,2024-05-21,1500
SH706964,SO500169,28,2024-06-11,1750
SH706965,SO500287,26,2024-06-21,1500
SH706966,SO500170,29,2024-06-28,2000
SH706967,SO500171,27,2024-07-01,2250
SH706968,SO500172,28,2024-07-12,1500
SH706969,SO500173,24,2024-07-15,500
SH706970,SO500174,28,2024-07-22,3250
SH706971,SO500175,27,2024-08-01,3250
SH706972,SO500176,27,2024-08-09,3000
SH706973,SO500177,28,2024-08-14,1000
SH706974,SO500178,28,2024-08-23,1750
SH706975,SO500180,29,2024-09-04,2250
SH706976,SO500181,27,2024-09-12,3000
SH706977,SO500182,28,2024-09-26,5250
SH706978,SO500183,26,2024-09-23,750
SH706979,SO500184,28,2024-10-04,2000
SH706980,SO500185,24,2024-10-11,4000
SH706981,SO500186,23,2024-10-15,1500
SH706982,SO500187,29,2024-10-25,3000
SH706983,SO500188,27,2024-10-28,1500
SH706984,SO500189,27,2024-11-08,1000
SH706985,SO500292,26,2024-11-21,250
SH706986,SO500193,24,2024-12-11,1250
SH706987,SO500194,19,2024-12-20,1500
SH706988,SO500195,24,2024-12-27,1750
SH706989,SO500196,25,2024-12-30,1750
SH706990,SO500197,24,2025-01-09,1250
SH706991,SO500198,22,2025-01-15,2000
SH706992,SO500199,25,2025-01-23,2750
SH706993,SO500200,24,2025-01-27,1250
SH706994,SO500201,23,2025-02-03,750
SH706995,SO500202,23,2025-02-12,750
SH706996,SO500203,26,2025-02-18,1000
SH706997,SO500204,26,2025-02-27,2750
SH706998,SO500205,28,2025-03-07,2500
SH706999,SO500206,28,2025-03-13,1250
SH707000,SO500207,26,2025-03-17,1750
SH707001,SO500207,26,2025-03-27,1250
SH707002,SO500208,27,2025-03-25,1750
SH707003,SO500209,26,2025-04-04,3750
SH707004,SO500210,25,2025-04-11,3250
SH707005,SO500211,28,2025-04-18,3000
SH707006,SO500212,28,2025-04-23,1500
SH707007,SO500288,28,2025-05-01,1500
SH707008,SO500213,23,2025-05-05,1750
SH707009,SO500214,23,2025-05-16,1500
SH707010,SO500215,28,2025-05-21,1500
SH707011,SO500216,28,2025-05-28,750
SH707012,SO500217,25,2025-06-03,3000
SH707013,SO500218,29,2025-06-10,1000
SH707014,SO500218,29,2025-07-01,1000
SH707015,SO500219,27,2025-06-16,3000
SH707016,SO500220,29,2025-06-27,1000
SH707017,SO500221,28,2025-07-25,2000
SH707018,SO500222,28,2025-07-10,2000
SH707019,SO500223,28,2025-07-15,2750
SH707020,SO500224,27,2025-07-21,1250
SH707021,SO500225,27,2025-07-30,1750
SH707022,SO500226,28,2025-08-04,3000
SH707023,SO500227,27,2025-08-15,1250
SH707024,SO500228,27,2025-08-19,4000
SH707025,SO500229,26,2025-08-28,5000
SH707026,SO500230,28,2025-09-03,3750
SH707027,SO500231,26,2025-09-12,2000
SH707028,SO500232,24,2025-09-16,1750
SH707029,SO500289,23,2025-09-23,1750
SH707030,SO500233,23,2025-10-02,4250
SH707031,SO500234,26,2025-10-10,5250
SH707032,SO500235,25,2025-10-17,2500
SH707033,SO500236,25,2025-10-21,3500
SH707034,SO500237,27,2025-10-28,3000
SH707035,SO500238,25,2025-11-06,1500
SH707036,SO500239,21,2025-11-12,5500
SH707037,SO500240,20,2025-11-19,3000
SH707038,SO500242,22,2025-12-05,500
SH707039,SO500243,24,2025-12-09,3250
SH707040,SO500245,22,2025-12-25,500
SH707041,SO500245,22,2025-12-29,500
SH707042,SO500246,15,2025-12-29,2750
SH707043,SO500247,22,2026-01-08,1250
SH707044,SO500248,21,2026-01-23,750
SH707045,SO500249,19,2026-01-19,500
SH707046,SO500250,17,2026-01-26,250
SH707047,SO500250,17,2026-02-10,500
SH707048,SO500252,17,2026-02-13,500
SH707049,SO500253,18,2026-02-19,3250
SH707050,SO500254,22,2026-02-25,2750
SH707051,SO500256,21,2026-03-11,250
SH707052,SO500257,18,2026-03-16,3000
SH707053,SO500258,20,2026-03-25,750
SH707054,SO500259,20,2026-03-30,2250
SH707055,SO500290,22,2026-04-06,3250
SH707056,SO500260,24,2026-04-15,1000
SH707057,SO500261,20,2026-04-20,1750
SH707058,SO500262,23,2026-04-30,2000
SH707059,SO500263,22,2026-05-06,3500
SH707060,SO500264,27,2026-05-14,4250
SH707061,SO500265,25,2026-05-18,1250
SH707062,SO500266,25,2026-05-25,1750
SH707063,SO500266,25,2026-06-04,1250
SH707064,SO500267,26,2026-06-05,1000
SH707065,SO500268,25,2026-06-12,4250
SH707066,SO500269,26,2026-06-19,3500
SH707067,SO500270,26,2026-06-23,4500
SH707068,SO500301,1,2024-02-21,1000
SH707069,SO500301,1,2024-03-04,2000
SH707070,SO500302,1,2024-02-12,3000
SH707071,SO500303,1,2024-02-05,3000
SH707072,SO500304,1,2024-01-30,1000
SH707073,SO500304,1,2024-02-07,2000
SH707074,SO500305,1,2024-01-22,3000
SH707075,SO500306,1,2024-01-17,3000
SH707076,SO500307,1,2024-01-11,1000
SH707077,SO500307,1,2024-02-02,2000
SH707078,SO500308,1,2024-01-02,1000
SH707079,SO500308,1,2024-01-26,2000
SH707080,SO500309,1,2024-03-04,4000
SH707081,SO500310,1,2024-03-15,3000
SH707082,SO500311,1,2024-03-18,1000
SH707083,SO500312,1,2024-03-28,9000
SH707084,SO500313,1,2024-04-05,2000
SH707085,SO500314,1,2024-04-09,1000
SH707086,SO500315,1,2024-04-15,1000
SH707087,SO500316,1,2024-04-23,2000
SH707088,SO500317,1,2024-05-06,3000
SH707089,SO500318,1,2024-05-14,1000
SH707090,SO500319,1,2024-05-27,4000
SH707091,SO500320,1,2024-06-03,4000
SH707092,SO500321,1,2024-06-12,6000
SH707093,SO500322,1,2024-06-19,3000
SH707094,SO500323,1,2024-06-25,3000
SH707095,SO500324,1,2024-07-04,3000
SH707096,SO500325,1,2024-07-09,5000
SH707097,SO500326,1,2024-07-15,2000
SH707098,SO500327,1,2024-07-26,2000
SH707099,SO500328,1,2024-08-02,6000
SH707100,SO500329,1,2024-08-13,4000
SH707101,SO500330,1,2024-08-12,5000
SH707102,SO500331,1,2024-08-21,3000
SH707103,SO500332,1,2024-08-26,3000
SH707104,SO500333,1,2024-09-03,2000
SH707105,SO500334,1,2024-09-12,5000
SH707106,SO500335,1,2024-09-19,5000
SH707107,SO500336,1,2024-09-25,4000
SH707108,SO500337,1,2024-10-29,1000
SH707109,SO500338,1,2024-10-15,4000
SH707110,SO500339,1,2024-10-24,1000
SH707111,SO500340,1,2024-11-01,5000
SH707112,SO500341,1,2024-11-06,3000
SH707113,SO500342,1,2024-11-14,4000
SH707114,SO500343,1,2024-11-26,4000
SH707115,SO500344,1,2024-12-02,2000
SH707116,SO500345,1,2024-12-09,2000
SH707117,SO500346,1,2024-12-17,2000
SH707118,SO500347,1,2024-12-23,1000
SH707119,SO500348,1,2025-01-13,4000
SH707120,SO500349,1,2025-01-15,1000
SH707121,SO500350,1,2025-02-12,1000
SH707122,SO500351,1,2025-01-28,4000
SH707123,SO500352,1,2025-02-19,1000
SH707124,SO500353,1,2025-02-11,2000
SH707125,SO500354,1,2025-02-19,1000
SH707126,SO500355,1,2025-03-05,4000
SH707127,SO500356,1,2025-03-10,1000
SH707128,SO500357,1,2025-03-18,1000
SH707129,SO500358,1,2025-03-27,3000
SH707130,SO500359,1,2025-04-02,3000
SH707131,SO500360,1,2025-04-08,1000
SH707132,SO500360,1,2025-04-16,2000
SH707133,SO500361,1,2025-04-18,3000
SH707134,SO500362,1,2025-04-25,6000
SH707135,SO500363,1,2025-05-01,1000
SH707136,SO500364,1,2025-05-07,5000
SH707137,SO500365,1,2025-05-16,3000
SH707138,SO500366,1,2025-05-23,3000
SH707139,SO500367,1,2025-05-27,5000
SH707140,SO500368,1,2025-06-05,6000
SH707141,SO500369,1,2025-06-11,1000
SH707142,SO500370,1,2025-06-16,2000
SH707143,SO500371,1,2025-06-25,6000
SH707144,SO500372,1,2025-07-02,5000
SH707145,SO500373,1,2025-07-11,4000
SH707146,SO500374,1,2025-07-15,2000
SH707147,SO500375,1,2025-07-21,3000
SH707148,SO500376,1,2025-08-01,1000
SH707149,SO500377,1,2025-08-07,6000
SH707150,SO500378,1,2025-08-11,4000
SH707151,SO500379,1,2025-08-28,1000
SH707152,SO500380,1,2025-09-05,2000
SH707153,SO500381,1,2025-09-10,3000
SH707154,SO500382,1,2025-09-15,3000
SH707155,SO500383,1,2025-09-25,3000
SH707156,SO500384,1,2025-10-02,1000
SH707157,SO500385,1,2025-10-10,4000
SH707158,SO500386,1,2025-10-14,4000
SH707159,SO500387,1,2025-10-20,5000
SH707160,SO500388,1,2025-10-28,5000
SH707161,SO500389,1,2025-11-06,1000
SH707162,SO500390,1,2025-11-11,1000
SH707163,SO500391,1,2025-11-21,2000
SH707164,SO500392,1,2025-11-28,3000
SH707165,SO500393,1,2025-12-05,2000
SH707166,SO500394,1,2025-12-10,2000
SH707167,SO500395,1,2025-12-25,3000
SH707168,SO500396,1,2025-12-29,1000
SH707169,SO500396,1,2026-01-15,2000
SH707170,SO500397,1,2026-01-05,3000
SH707171,SO500398,1,2026-01-13,1000
SH707172,SO500398,1,2026-01-29,2000
SH707173,SO500399,1,2026-01-21,1000
SH707174,SO500400,1,2026-01-26,3000
SH707175,SO500401,1,2026-02-03,4000
SH707176,SO500402,1,2026-02-11,3000
SH707177,SO500403,1,2026-02-26,5000
SH707178,SO500404,1,2026-03-06,3000
SH707179,SO500405,1,2026-03-11,3000
SH707180,SO500406,1,2026-03-19,4000
SH707181,SO500407,1,2026-03-30,2000
SH707182,SO500408,1,2026-04-10,5000
SH707183,SO500409,1,2026-04-16,3000
SH707184,SO500410,1,2026-04-17,5000
SH707185,SO500411,1,2026-04-20,2000
SH707186,SO500412,1,2026-04-29,3000
SH707187,SO500413,1,2026-05-04,3000
SH707188,SO500414,1,2026-05-11,1000
SH707189,SO500415,1,2026-05-18,4000
SH707190,SO500416,1,2026-06-01,2000
SH707191,SO500417,1,2026-06-10,2000
SH707192,SO500418,1,2026-06-17,5000
SH707193,SO500419,1,2026-06-26,3000
SH707194,SO500301,2,2024-04-15,80
SH707195,SO500302,2,2024-04-10,80
SH707196,SO500303,2,2024-04-02,80
SH707197,SO500304,2,2024-03-28,80
SH707198,SO500305,2,2024-03-22,80
SH707199,SO500306,2,2024-03-13,80
SH707200,SO500307,2,2024-03-06,80
SH707201,SO500308,2,2024-02-26,80
SH707202,SO500428,1,2024-02-21,80
SH707203,SO500429,1,2024-02-14,80
SH707204,SO500430,1,2024-02-06,80
SH707205,SO500431,1,2024-01-31,40
SH707206,SO500431,1,2024-02-20,40
SH707207,SO500432,1,2024-01-23,80
SH707208,SO500433,1,2024-01-19,80
SH707209,SO500434,1,2024-01-12,40
SH707210,SO500434,1,2024-01-17,40
SH707211,SO500435,1,2024-01-05,80
SH707212,SO500309,2,2024-04-29,40
SH707213,SO500310,2,2024-05-07,60
SH707214,SO500311,2,2024-05-16,10
SH707215,SO500313,2,2024-05-27,20
SH707216,SO500315,2,2024-06-12,110
SH707217,SO500316,2,2024-06-20,170
SH707218,SO500436,1,2024-06-25,80
SH707219,SO500317,2,2024-07-04,50
SH707220,SO500318,2,2024-07-09,210
SH707221,SO500437,1,2024-07-17,200
SH707222,SO500319,2,2024-07-22,120
SH707223,SO500320,2,2024-07-30,250
SH707224,SO500321,2,2024-08-07,100
SH707225,SO500322,2,2024-08-14,120
SH707226,SO500323,2,2024-09-03,90
SH707227,SO500324,2,2024-08-30,90
SH707228,SO500326,2,2024-09-11,230
SH707229,SO500327,2,2024-09-20,100
SH707230,SO500328,2,2024-10-02,60
SH707231,SO500329,2,2024-10-01,140
SH707232,SO500330,2,2024-10-10,90
SH707233,SO500331,2,2024-10-14,140
SH707234,SO500332,2,2024-10-25,160
SH707235,SO500333,2,2024-10-29,200
SH707236,SO500335,2,2024-11-13,40
SH707237,SO500338,2,2024-12-09,120
SH707238,SO500339,2,2025-01-01,80
SH707239,SO500340,2,2024-12-24,100
SH707240,SO500341,2,2024-12-30,150
SH707241,SO500342,2,2025-01-06,110
SH707242,SO500438,1,2025-01-14,120
SH707243,SO500343,2,2025-01-21,160
SH707244,SO500344,2,2025-01-29,140
SH707245,SO500345,2,2025-02-05,190
SH707246,SO500346,2,2025-02-11,60
SH707247,SO500347,2,2025-02-18,90
SH707248,SO500348,2,2025-02-28,50
SH707249,SO500439,1,2025-03-05,30
SH707250,SO500349,2,2025-04-03,170
SH707251,SO500350,2,2025-03-20,200
SH707252,SO500351,2,2025-03-24,90
SH707253,SO500353,2,2025-04-10,60
SH707254,SO500354,2,2025-04-17,80
SH707255,SO500440,1,2025-04-22,250
SH707256,SO500355,2,2025-04-28,170
SH707257,SO500356,2,2025-05-09,10
SH707258,SO500357,2,2025-05-14,100
SH707259,SO500358,2,2025-05-21,140
SH707260,SO500359,2,2025-05-30,210
SH707261,SO500360,2,2025-06-06,120
SH707262,SO500361,2,2025-06-10,170
SH707263,SO500362,2,2025-06-19,40
SH707264,SO500363,2,2025-06-25,40
SH707265,SO500363,2,2025-07-08,40
SH707266,SO500364,2,2025-07-04,170
SH707267,SO500365,2,2025-07-08,70
SH707268,SO500366,2,2025-07-25,120
SH707269,SO500367,2,2025-07-22,90
SH707270,SO500368,2,2025-07-31,100
SH707271,SO500369,2,2025-08-07,70
SH707272,SO500370,2,2025-08-14,120
SH707273,SO500371,2,2025-08-19,50
SH707274,SO500372,2,2025-08-25,210
SH707275,SO500373,2,2025-09-04,170
SH707276,SO500374,2,2025-09-11,80
SH707277,SO500375,2,2025-09-16,170
SH707278,SO500376,2,2025-09-22,120
SH707279,SO500377,2,2025-09-29,110
SH707280,SO500378,2,2025-10-09,160
SH707281,SO500441,1,2025-10-15,320
SH707282,SO500379,2,2025-10-20,90
SH707283,SO500384,2,2025-11-28,60
SH707284,SO500389,2,2026-01-01,180
SH707285,SO500390,2,2026-01-05,50
SH707286,SO500391,2,2026-01-19,100
SH707287,SO500391,2,2026-01-27,70
SH707288,SO500394,2,2026-02-06,10
SH707289,SO500395,2,2026-02-17,90
SH707290,SO500401,2,2026-04-02,10
SH707291,SO500402,2,2026-04-20,10
SH707292,SO500403,2,2026-04-22,10
SH707293,SO500405,2,2026-05-07,40
SH707294,SO500406,2,2026-05-15,30
SH707295,SO500407,2,2026-05-22,30
SH707296,SO500408,2,2026-05-27,110
SH707297,SO500409,2,2026-06-02,40
SH707298,SO500410,2,2026-06-08,60
SH707299,SO500411,2,2026-06-18,90
SH707300,SO500412,2,2026-06-24,120
SH707301,SO500301,3,2024-04-16,40
SH707302,SO500302,3,2024-04-23,40
SH707303,SO500303,3,2024-04-01,40
SH707304,SO500304,3,2024-03-28,40
SH707305,SO500305,3,2024-03-18,40
SH707306,SO500306,3,2024-03-11,40
SH707307,SO500307,3,2024-03-05,40
SH707308,SO500308,3,2024-02-27,40
SH707309,SO500428,2,2024-02-19,40
SH707310,SO500429,2,2024-02-15,20
SH707311,SO500429,2,2024-03-06,20
SH707312,SO500430,2,2024-02-09,40
SH707313,SO500431,2,2024-01-29,40
SH707314,SO500432,2,2024-01-24,40
SH707315,SO500433,2,2024-01-17,40
SH707316,SO500434,2,2024-01-08,40
SH707317,SO500435,2,2024-01-02,40
SH707318,SO500443,1,2024-04-23,20
SH707319,SO500309,3,2024-04-29,50
SH707320,SO500310,3,2024-05-07,40
SH707321,SO500312,2,2024-05-24,20
SH707322,SO500313,3,2024-05-27,40
SH707323,SO500314,2,2024-06-05,10
SH707324,SO500315,3,2024-06-10,40
SH707325,SO500316,3,2024-06-18,70
SH707326,SO500436,2,2024-06-28,20
SH707327,SO500317,3,2024-07-01,60
SH707328,SO500318,3,2024-07-10,60
SH707329,SO500437,2,2024-07-17,30
SH707330,SO500319,3,2024-07-23,80
SH707331,SO500320,3,2024-08-01,110
SH707332,SO500321,3,2024-08-09,30
SH707333,SO500322,3,2024-08-14,80
SH707334,SO500323,3,2024-08-23,80
SH707335,SO500325,2,2024-09-05,40
SH707336,SO500326,3,2024-09-18,100
SH707337,SO500328,3,2024-09-26,10
SH707338,SO500329,3,2024-10-01,80
SH707339,SO500330,3,2024-10-08,30
SH707340,SO500330,3,2024-10-22,20
SH707341,SO500331,3,2024-10-15,60
SH707342,SO500332,3,2024-10-24,150
SH707343,SO500333,3,2024-10-31,60
SH707344,SO500334,2,2024-11-07,40
SH707345,SO500335,3,2024-11-13,100
SH707346,SO500336,2,2024-11-19,90
SH707347,SO500444,1,2024-11-25,40
SH707348,SO500444,1,2024-12-20,40
SH707349,SO500337,2,2024-12-03,20
SH707350,SO500338,3,2024-12-13,60
SH707351,SO500340,3,2024-12-26,40
SH707352,SO500341,3,2025-01-03,50
SH707353,SO500342,3,2025-01-07,60
SH707354,SO500438,2,2025-01-15,20
SH707355,SO500438,2,2025-01-31,20
SH707356,SO500343,3,2025-01-21,10
SH707357,SO500344,3,2025-01-30,50
SH707358,SO500345,3,2025-02-07,40
SH707359,SO500346,3,2025-02-11,130
SH707360,SO500347,3,2025-03-07,70
SH707361,SO500348,3,2025-02-24,40
SH707362,SO500350,3,2025-03-21,10
SH707363,SO500351,3,2025-03-25,70
SH707364,SO500352,2,2025-04-03,10
SH707365,SO500353,3,2025-04-09,10
SH707366,SO500354,3,2025-04-15,30
SH707367,SO500440,2,2025-04-21,50
SH707368,SO500355,3,2025-04-28,70
SH707369,SO500356,3,2025-05-05,50
SH707370,SO500357,3,2025-05-16,30
SH707371,SO500358,3,2025-05-28,50
SH707372,SO500359,3,2025-05-26,80
SH707373,SO500360,3,2025-06-06,10
SH707374,SO500361,3,2025-06-10,70
SH707375,SO500362,3,2025-06-19,190
SH707376,SO500363,3,2025-06-26,70
SH707377,SO500364,3,2025-07-01,130
SH707378,SO500365,3,2025-07-10,20
SH707379,SO500366,3,2025-08-07,50
SH707380,SO500367,3,2025-07-22,100
SH707381,SO500368,3,2025-07-28,100
SH707382,SO500369,3,2025-08-05,40
SH707383,SO500371,3,2025-08-19,40
SH707384,SO500371,3,2025-09-08,30
SH707385,SO500372,3,2025-08-29,120
SH707386,SO500373,3,2025-09-03,160
SH707387,SO500374,3,2025-09-09,60
SH707388,SO500375,3,2025-09-19,40
SH707389,SO500376,3,2025-09-29,60
SH707390,SO500377,3,2025-10-03,50
SH707391,SO500378,3,2025-10-08,60
SH707392,SO500441,2,2025-10-30,10
SH707393,SO500441,2,2025-11-21,20
SH707394,SO500390,3,2026-01-08,10
SH707395,SO500392,2,2026-01-20,30
SH707396,SO500393,2,2026-01-27,40
SH707397,SO500394,3,2026-02-03,10
SH707398,SO500395,3,2026-02-20,10
SH707399,SO500396,2,2026-02-24,10
SH707400,SO500398,2,2026-03-13,10
SH707401,SO500399,2,2026-03-18,30
SH707402,SO500400,2,2026-03-23,40
SH707403,SO500402,3,2026-04-06,60
SH707404,SO500403,3,2026-04-24,40
SH707405,SO500404,2,2026-05-14,20
SH707406,SO500404,2,2026-05-25,20
SH707407,SO500405,3,2026-05-04,30
SH707408,SO500406,3,2026-05-14,20
SH707409,SO500408,3,2026-05-25,50
SH707410,SO500409,3,2026-06-01,10
SH707411,SO500412,3,2026-06-24,20
SH707412,SO500301,4,2024-05-14,200
SH707413,SO500302,4,2024-05-06,200
SH707414,SO500303,4,2024-05-03,200
SH707415,SO500304,4,2024-05-06,200
SH707416,SO500305,4,2024-04-19,200
SH707417,SO500306,4,2024-04-12,200
SH707418,SO500307,4,2024-04-02,100
SH707419,SO500307,4,2024-04-26,100
SH707420,SO500308,4,2024-03-28,200
SH707421,SO500428,3,2024-03-19,200
SH707422,SO500429,3,2024-03-11,200
SH707423,SO500430,3,2024-03-07,200
SH707424,SO500431,3,2024-02-28,200
SH707425,SO500432,3,2024-02-20,200
SH707426,SO500433,3,2024-02-13,200
SH707427,SO500434,3,2024-02-09,200
SH707428,SO500435,3,2024-01-30,200
SH707429,SO500445,1,2024-01-26,200
SH707430,SO500446,1,2024-01-15,200
SH707431,SO500447,1,2024-01-08,200
SH707432,SO500448,1,2024-01-05,200
SH707433,SO500310,4,2024-06-04,200
SH707434,SO500311,3,2024-07-05,200
SH707435,SO500312,3,2024-06-19,100
SH707436,SO500313,4,2024-06-27,200
SH707437,SO500314,3,2024-07-05,150
SH707438,SO500315,4,2024-07-09,550
SH707439,SO500436,3,2024-07-24,100
SH707440,SO500317,4,2024-07-31,100
SH707441,SO500318,4,2024-08-09,200
SH707442,SO500437,3,2024-08-14,400
SH707443,SO500319,4,2024-08-19,200
SH707444,SO500320,4,2024-08-29,350
SH707445,SO500322,4,2024-09-12,600
SH707446,SO500323,4,2024-09-19,300
SH707447,SO500324,3,2024-09-24,300
SH707448,SO500325,3,2024-10-01,300
SH707449,SO500327,3,2024-10-15,550
SH707450,SO500328,4,2024-10-21,100
SH707451,SO500329,4,2024-10-30,200
SH707452,SO500331,4,2024-11-14,350
SH707453,SO500332,4,2024-11-19,100
SH707454,SO500333,4,2024-11-26,500
SH707455,SO500334,3,2024-12-05,250
SH707456,SO500334,3,2024-12-16,200
SH707457,SO500336,3,2024-12-17,150
SH707458,SO500444,2,2024-12-26,200
SH707459,SO500337,3,2025-01-09,400
SH707460,SO500338,4,2025-01-06,150
SH707461,SO500339,3,2025-01-30,100
SH707462,SO500339,3,2025-02-03,100
SH707463,SO500341,4,2025-01-30,350
SH707464,SO500342,4,2025-02-05,150
SH707465,SO500438,3,2025-02-13,100
SH707466,SO500343,4,2025-02-21,50
SH707467,SO500344,4,2025-02-27,50
SH707468,SO500345,4,2025-03-04,450
SH707469,SO500346,4,2025-03-14,200
SH707470,SO500347,4,2025-03-19,200
SH707471,SO500439,2,2025-03-31,300
SH707472,SO500349,3,2025-04-07,400
SH707473,SO500350,4,2025-04-15,350
SH707474,SO500351,4,2025-04-25,50
SH707475,SO500354,4,2025-05-15,100
SH707476,SO500440,3,2025-05-21,50
SH707477,SO500356,4,2025-06-06,100
SH707478,SO500356,4,2025-06-12,100
SH707479,SO500357,4,2025-06-13,150
SH707480,SO500358,4,2025-06-16,300
SH707481,SO500359,4,2025-06-23,250
SH707482,SO500360,4,2025-07-04,450
SH707483,SO500361,4,2025-07-09,350
SH707484,SO500362,4,2025-07-15,100
SH707485,SO500363,4,2025-07-21,450
SH707486,SO500364,4,2025-07-31,300
SH707487,SO500365,4,2025-10-02,450
SH707488,SO500366,4,2025-11-11,350
SH707489,SO500367,4,2025-11-06,450
SH707490,SO500368,4,2025-10-07,250
SH707491,SO500369,4,2025-10-31,350
SH707492,SO500370,3,2025-09-08,650
SH707493,SO500371,4,2025-09-15,100
SH707494,SO500371,4,2025-10-09,100
SH707495,SO500372,4,2025-09-23,200
SH707496,SO500373,4,2025-10-01,400
SH707497,SO500374,4,2025-12-17,100
SH707498,SO500374,4,2025-12-23,100
SH707499,SO500375,4,2026-01-14,150
SH707500,SO500376,4,2026-01-07,400
SH707501,SO500377,4,2026-01-23,200
SH707502,SO500378,4,2025-11-06,350
SH707503,SO500441,3,2025-11-11,250
SH707504,SO500379,3,2026-01-06,250
SH707505,SO500382,2,2026-02-05,50
SH707506,SO500397,2,2026-03-31,200
SH707507,SO500398,3,2026-06-12,150
SH707508,SO500402,4,2026-06-12,150
SH707509,SO500449,1,2026-05-13,100
SH707510,SO500403,4,2026-05-22,200
SH707511,SO500405,4,2026-06-05,50
SH707512,SO500405,4,2026-06-17,50
SH707513,SO500301,5,2024-03-21,1500
SH707514,SO500302,5,2024-04-04,1500
SH707515,SO500303,5,2024-03-06,1500
SH707516,SO500304,5,2024-03-01,750
SH707517,SO500304,5,2024-03-20,750
SH707518,SO500305,5,2024-02-23,1500
SH707519,SO500306,5,2024-02-16,1500
SH707520,SO500307,5,2024-02-08,1500
SH707521,SO500308,5,2024-01-30,1500
SH707522,SO500428,4,2024-01-23,1500
SH707523,SO500429,4,2024-01-15,1500
SH707524,SO500430,4,2024-01-10,750
SH707525,SO500430,4,2024-01-18,750
SH707526,SO500431,4,2024-01-02,1500
SH707527,SO500443,2,2024-03-28,1750
SH707528,SO500309,4,2024-04-02,500
SH707529,SO500310,5,2024-04-10,1500
SH707530,SO500311,4,2024-04-15,1250
SH707531,SO500312,4,2024-04-25,250
SH707532,SO500313,5,2024-05-03,1000
SH707533,SO500314,4,2024-05-09,1500
SH707534,SO500315,5,2024-05-17,3000
SH707535,SO500316,4,2024-05-22,750
SH707536,SO500436,4,2024-05-31,2000
SH707537,SO500317,5,2024-06-07,2500
SH707538,SO500318,5,2024-06-14,3000
SH707539,SO500437,4,2024-06-17,2000
SH707540,SO500319,5,2024-06-24,2000
SH707541,SO500320,5,2024-07-03,3000
SH707542,SO500321,4,2024-07-11,1250
SH707543,SO500322,5,2024-07-18,2000
SH707544,SO500322,5,2024-07-31,1500
SH707545,SO500323,5,2024-07-22,3000
SH707546,SO500324,4,2024-08-05,2000
SH707547,SO500325,4,2024-08-08,1250
SH707548,SO500326,4,2024-08-15,1750
SH707549,SO500327,4,2024-08-20,1750
SH707550,SO500328,5,2024-08-27,1000
SH707551,SO500329,5,2024-09-02,2750
SH707552,SO500330,4,2024-09-13,1250
SH707553,SO500331,5,2024-09-16,1250
SH707554,SO500332,5,2024-09-25,500
SH707555,SO500333,5,2024-10-04,1500
SH707556,SO500333,5,2024-10-25,1250
SH707557,SO500334,4,2024-10-11,1500
SH707558,SO500335,4,2024-10-16,1500
SH707559,SO500336,4,2024-10-21,3250
SH707560,SO500444,3,2024-10-31,1500
SH707561,SO500337,4,2024-11-08,750
SH707562,SO500338,5,2024-11-11,250
SH707563,SO500339,4,2024-11-19,1000
SH707564,SO500339,4,2024-11-28,1000
SH707565,SO500341,5,2024-12-04,750
SH707566,SO500342,5,2024-12-31,750
SH707567,SO500344,5,2025-01-03,2500
SH707568,SO500345,5,2025-01-08,3250
SH707569,SO500346,5,2025-01-16,1750
SH707570,SO500347,5,2025-01-23,1250
SH707571,SO500348,4,2025-01-28,3000
SH707572,SO500439,3,2025-02-05,1250
SH707573,SO500349,4,2025-02-11,1750
SH707574,SO500350,5,2025-02-21,500
SH707575,SO500351,5,2025-02-27,1250
SH707576,SO500353,4,2025-03-11,250
SH707577,SO500354,5,2025-03-21,1250
SH707578,SO500440,4,2025-03-26,1250
SH707579,SO500355,4,2025-04-01,2000
SH707580,SO500356,5,2025-04-07,5000
SH707581,SO500357,5,2025-04-16,1750
SH707582,SO500358,5,2025-04-22,2250
SH707583,SO500359,5,2025-05-01,1000
SH707584,SO500360,5,2025-05-29,3000
SH707585,SO500361,5,2025-05-12,1000
SH707586,SO500361,5,2025-05-19,750
SH707587,SO500362,5,2025-05-23,1750
SH707588,SO500363,5,2025-05-29,3750
SH707589,SO500365,5,2025-06-12,750
SH707590,SO500366,5,2025-06-30,500
SH707591,SO500367,5,2025-06-25,3000
SH707592,SO500368,5,2025-07-03,1000
SH707593,SO500368,5,2025-07-16,1000
SH707594,SO500369,5,2025-07-10,2500
SH707595,SO500370,4,2025-07-17,1000
SH707596,SO500371,5,2025-07-25,3250
SH707597,SO500372,5,2025-08-01,2250
SH707598,SO500372,5,2025-08-08,1750
SH707599,SO500373,5,2025-08-05,3250
SH707600,SO500374,5,2025-08-15,1500
SH707601,SO500375,5,2025-08-20,3750
SH707602,SO500376,5,2025-08-29,1750
SH707603,SO500376,5,2025-09-11,1500
SH707604,SO500377,5,2025-09-02,2000
SH707605,SO500378,5,2025-09-09,4250
SH707606,SO500380,2,2025-10-16,1500
SH707607,SO500381,2,2025-10-06,750
SH707608,SO500381,2,2025-10-21,750
SH707609,SO500383,2,2025-10-23,750
SH707610,SO500384,3,2025-10-28,1000
SH707611,SO500384,3,2025-11-19,1000
SH707612,SO500386,2,2025-11-13,1000
SH707613,SO500387,2,2025-11-17,1000
SH707614,SO500388,2,2025-11-24,500
SH707615,SO500388,2,2025-12-02,500
SH707616,SO500389,3,2025-12-03,2000
SH707617,SO500390,4,2025-12-08,1750
SH707618,SO500390,4,2025-12-25,1500
SH707619,SO500391,3,2025-12-18,750
SH707620,SO500392,3,2025-12-22,1000
SH707621,SO500393,3,2025-12-31,2000
SH707622,SO500394,4,2026-01-09,250
SH707623,SO500450,1,2026-01-13,2250
SH707624,SO500395,4,2026-01-19,2000
SH707625,SO500396,3,2026-02-10,2000
SH707626,SO500397,3,2026-02-05,1500
SH707627,SO500398,4,2026-02-13,2250
SH707628,SO500399,4,2026-02-17,4000
SH707629,SO500400,3,2026-02-25,750
SH707630,SO500401,4,2026-03-04,1500
SH707631,SO500401,4,2026-03-16,1250
SH707632,SO500402,5,2026-03-09,2000
SH707633,SO500449,2,2026-03-20,1000
SH707634,SO500403,5,2026-03-23,1000
SH707635,SO500404,3,2026-04-03,1500
SH707636,SO500405,5,2026-04-29,1750
SH707637,SO500407,4,2026-04-22,250
SH707638,SO500408,4,2026-05-01,1250
SH707639,SO500409,4,2026-05-07,1250
SH707640,SO500410,3,2026-05-14,2750
SH707641,SO500411,4,2026-05-19,1750
SH707642,SO500412,5,2026-05-28,750
SH707643,SO500412,5,2026-06-15,750
SH707644,SO500413,5,2026-06-01,500
SH707645,SO500414,4,2026-06-19,1500
SH707646,SO500415,5,2026-06-17,2500
SH707647,SO500442,4,2026-06-24,2500
SH707648,SO500301,6,2024-04-16,40
SH707649,SO500302,6,2024-04-10,40
SH707650,SO500303,6,2024-04-03,40
SH707651,SO500304,6,2024-03-29,40
SH707652,SO500305,6,2024-03-20,40
SH707653,SO500306,6,2024-03-14,40
SH707654,SO500307,6,2024-03-08,40
SH707655,SO500308,6,2024-02-29,40
SH707656,SO500428,5,2024-02-21,40
SH707657,SO500429,5,2024-02-14,40
SH707658,SO500430,5,2024-02-05,40
SH707659,SO500431,5,2024-01-29,40
SH707660,SO500432,4,2024-02-15,40
SH707661,SO500433,4,2024-01-16,40
SH707662,SO500434,4,2024-01-17,40
SH707663,SO500435,4,2024-01-01,40
SH707664,SO500309,5,2024-04-30,30
SH707665,SO500310,6,2024-05-10,40
SH707666,SO500311,5,2024-05-17,10
SH707667,SO500312,5,2024-05-21,50
SH707668,SO500313,6,2024-05-27,10
SH707669,SO500314,5,2024-06-07,30
SH707670,SO500314,5,2024-06-27,20
SH707671,SO500315,6,2024-06-13,20
SH707672,SO500316,5,2024-06-21,50
SH707673,SO500316,5,2024-07-10,40
SH707674,SO500436,5,2024-06-28,40
SH707675,SO500317,6,2024-07-04,10
SH707676,SO500317,6,2024-07-11,20
SH707677,SO500318,6,2024-07-11,60
SH707678,SO500437,5,2024-07-15,140
SH707679,SO500319,6,2024-07-23,40
SH707680,SO500320,6,2024-07-31,30
SH707681,SO500321,5,2024-08-09,40
SH707682,SO500323,6,2024-08-21,20
SH707683,SO500324,5,2024-08-28,60
SH707684,SO500325,5,2024-09-04,70
SH707685,SO500328,6,2024-09-26,50
SH707686,SO500329,6,2024-10-03,10
SH707687,SO500329,6,2024-10-11,20
SH707688,SO500330,5,2024-10-08,100
SH707689,SO500331,6,2024-10-17,50
SH707690,SO500332,6,2024-10-22,20
SH707691,SO500333,6,2024-10-31,60
SH707692,SO500334,5,2024-11-07,120
SH707693,SO500335,5,2024-11-13,60
SH707694,SO500336,5,2024-11-21,40
SH707695,SO500444,4,2024-11-25,60
SH707696,SO500338,6,2024-12-12,50
SH707697,SO500339,5,2024-12-16,90
SH707698,SO500340,4,2024-12-25,20
SH707699,SO500342,6,2025-01-06,20
SH707700,SO500438,4,2025-01-16,80
SH707701,SO500343,5,2025-01-20,50
SH707702,SO500346,6,2025-02-12,10
SH707703,SO500347,6,2025-02-20,60
SH707704,SO500348,5,2025-02-26,70
SH707705,SO500439,4,2025-03-04,60
SH707706,SO500349,5,2025-03-13,20
SH707707,SO500350,6,2025-03-20,70
SH707708,SO500351,6,2025-03-26,60
SH707709,SO500352,3,2025-04-02,60
SH707710,SO500353,5,2025-04-07,10
SH707711,SO500354,6,2025-04-14,20
SH707712,SO500355,5,2025-05-06,70
SH707713,SO500356,6,2025-05-07,90
SH707714,SO500357,6,2025-05-15,20
SH707715,SO500358,6,2025-05-20,70
SH707716,SO500359,6,2025-05-30,40
SH707717,SO500360,6,2025-06-04,20
SH707718,SO500361,6,2025-06-09,50
SH707719,SO500362,6,2025-06-16,90
SH707720,SO500363,6,2025-06-27,40
SH707721,SO500364,5,2025-07-04,20
SH707722,SO500365,6,2025-07-09,80
SH707723,SO500366,6,2025-07-15,40
SH707724,SO500367,6,2025-07-22,40
SH707725,SO500368,6,2025-08-01,130
SH707726,SO500369,6,2025-08-04,30
SH707727,SO500369,6,2025-08-19,30
SH707728,SO500370,5,2025-08-11,90
SH707729,SO500372,6,2025-08-25,50
SH707730,SO500373,6,2025-09-22,70
SH707731,SO500374,6,2025-09-10,90
SH707732,SO500375,6,2025-09-19,40
SH707733,SO500375,6,2025-10-09,40
SH707734,SO500376,6,2025-09-23,50
SH707735,SO500377,6,2025-09-30,80
SH707736,SO500441,4,2025-10-15,40
SH707737,SO500441,4,2025-10-24,40
SH707738,SO500379,4,2025-10-23,80
SH707739,SO500391,4,2026-01-14,120
SH707740,SO500392,4,2026-01-19,20
SH707741,SO500450,2,2026-02-09,10
SH707742,SO500395,5,2026-02-18,20
SH707743,SO500397,4,2026-03-03,10
SH707744,SO500397,4,2026-03-17,10
SH707745,SO500402,6,2026-04-08,40
SH707746,SO500449,3,2026-04-16,10
SH707747,SO500403,6,2026-04-22,10
SH707748,SO500405,6,2026-05-06,110
SH707749,SO500406,5,2026-05-15,20
SH707750,SO500407,5,2026-05-20,20
SH707751,SO500408,5,2026-06-15,40
SH707752,SO500409,5,2026-06-17,10
SH707753,SO500410,4,2026-06-09,20
SH707754,SO500411,5,2026-06-17,40
SH707755,SO500412,6,2026-06-25,50
SH707756,SO500301,7,2024-02-21,2000
SH707757,SO500302,7,2024-02-16,2000
SH707758,SO500303,7,2024-02-09,2000
SH707759,SO500304,7,2024-01-30,2000
SH707760,SO500305,7,2024-01-22,2000
SH707761,SO500306,7,2024-01-18,2000
SH707762,SO500307,7,2024-01-12,2000
SH707763,SO500308,7,2024-01-04,2000
SH707764,SO500443,3,2024-02-29,3000
SH707765,SO500309,6,2024-03-08,4000
SH707766,SO500310,7,2024-03-11,1000
SH707767,SO500311,6,2024-03-21,4000
SH707768,SO500312,6,2024-03-26,3000
SH707769,SO500313,7,2024-04-03,3000
SH707770,SO500314,6,2024-04-10,1000
SH707771,SO500314,6,2024-04-22,1000
SH707772,SO500315,7,2024-04-15,1000
SH707773,SO500316,6,2024-04-22,3000
SH707774,SO500436,6,2024-04-29,1000
SH707775,SO500317,7,2024-05-08,3000
SH707776,SO500437,6,2024-05-20,2000
SH707777,SO500320,7,2024-06-07,1000
SH707778,SO500321,6,2024-06-13,4000
SH707779,SO500322,6,2024-06-21,2000
SH707780,SO500323,7,2024-06-27,3000
SH707781,SO500324,6,2024-07-03,3000
SH707782,SO500325,6,2024-07-09,5000
SH707783,SO500326,5,2024-07-16,4000
SH707784,SO500327,5,2024-07-26,5000
SH707785,SO500328,7,2024-08-02,3000
SH707786,SO500329,7,2024-08-06,3000
SH707787,SO500330,6,2024-08-15,6000
SH707788,SO500331,7,2024-08-20,3000
SH707789,SO500332,7,2024-08-30,3000
SH707790,SO500333,7,2024-09-06,3000
SH707791,SO500334,6,2024-09-11,1000
SH707792,SO500335,6,2024-09-18,2000
SH707793,SO500336,6,2024-09-23,2000
SH707794,SO500444,5,2024-09-30,3000
SH707795,SO500338,7,2024-10-18,2000
SH707796,SO500340,5,2024-10-28,1000
SH707797,SO500341,6,2024-11-06,1000
SH707798,SO500342,7,2024-11-13,1000
SH707799,SO500438,5,2024-11-19,2000
SH707800,SO500344,6,2024-12-03,5000
SH707801,SO500345,6,2024-12-09,1000
SH707802,SO500346,7,2024-12-16,3000
SH707803,SO500348,6,2025-01-03,2000
SH707804,SO500439,5,2025-01-10,1000
SH707805,SO500439,5,2025-01-21,1000
SH707806,SO500349,6,2025-01-13,2000
SH707807,SO500350,7,2025-01-23,5000
SH707808,SO500352,4,2025-02-03,1000
SH707809,SO500353,6,2025-03-07,2000
SH707810,SO500354,7,2025-02-21,3000
SH707811,SO500440,5,2025-02-24,1000
SH707812,SO500355,6,2025-03-06,2000
SH707813,SO500356,7,2025-03-10,3000
SH707814,SO500357,7,2025-03-21,1000
SH707815,SO500358,7,2025-03-25,4000
SH707816,SO500359,7,2025-04-02,4000
SH707817,SO500361,7,2025-04-16,3000
SH707818,SO500362,7,2025-04-24,7000
SH707819,SO500363,7,2025-05-02,4000
SH707820,SO500364,6,2025-05-08,1000
SH707821,SO500365,7,2025-05-16,2000
SH707822,SO500366,7,2025-05-30,1000
SH707823,SO500367,7,2025-05-30,1000
SH707824,SO500368,7,2025-06-03,7000
SH707825,SO500369,7,2025-06-10,4000
SH707826,SO500372,7,2025-07-04,4000
SH707827,SO500373,7,2025-07-08,3000
SH707828,SO500374,7,2025-07-14,4000
SH707829,SO500375,7,2025-07-22,2000
SH707830,SO500377,7,2025-08-07,1000
SH707831,SO500378,6,2025-08-15,3000
SH707832,SO500441,5,2025-08-18,4000
SH707833,SO500379,5,2025-08-27,3000
SH707834,SO500380,3,2025-09-01,2000
SH707835,SO500381,3,2025-09-12,4000
SH707836,SO500382,3,2025-09-19,4000
SH707837,SO500383,3,2025-09-24,3000
SH707838,SO500384,4,2025-09-30,2000
SH707839,SO500385,2,2025-10-08,5000
SH707840,SO500386,3,2025-10-13,4000
SH707841,SO500388,3,2025-10-27,4000
SH707842,SO500389,4,2025-11-03,1000
SH707843,SO500389,4,2025-11-21,2000
SH707844,SO500390,5,2025-11-13,2000
SH707845,SO500391,5,2025-11-19,1000
SH707846,SO500392,5,2025-11-27,2000
SH707847,SO500393,4,2025-12-18,2000
SH707848,SO500394,5,2025-12-10,2000
SH707849,SO500450,3,2025-12-16,3000
SH707850,SO500395,6,2025-12-24,4000
SH707851,SO500398,5,2026-01-13,3000
SH707852,SO500399,5,2026-01-19,2000
SH707853,SO500401,5,2026-02-03,1000
SH707854,SO500402,7,2026-02-18,1000
SH707855,SO500403,7,2026-02-27,1000
SH707856,SO500404,4,2026-03-03,2000
SH707857,SO500405,7,2026-03-12,2000
SH707858,SO500406,6,2026-03-16,2000
SH707859,SO500406,6,2026-04-07,2000
SH707860,SO500407,6,2026-03-26,5000
SH707861,SO500408,6,2026-03-31,1000
SH707862,SO500409,6,2026-04-09,2000
SH707863,SO500410,5,2026-04-13,1000
SH707864,SO500410,5,2026-04-21,2000
SH707865,SO500411,6,2026-04-24,2000
SH707866,SO500412,7,2026-05-08,3000
SH707867,SO500413,7,2026-05-05,2000
SH707868,SO500414,6,2026-05-11,2000
SH707869,SO500414,6,2026-05-26,2000
SH707870,SO500415,7,2026-05-19,2000
SH707871,SO500442,6,2026-05-25,3000
SH707872,SO500416,7,2026-06-05,4000
SH707873,SO500417,7,2026-06-09,1000
SH707874,SO500418,6,2026-06-17,3000
SH707875,SO500419,7,2026-06-25,3000
SH707876,SO500301,8,2024-03-20,500
SH707877,SO500302,8,2024-03-15,500
SH707878,SO500303,8,2024-03-06,500
SH707879,SO500304,8,2024-02-26,500
SH707880,SO500305,8,2024-02-19,500
SH707881,SO500306,8,2024-02-13,500
SH707882,SO500307,8,2024-02-06,500
SH707883,SO500308,8,2024-02-01,500
SH707884,SO500428,6,2024-01-22,500
SH707885,SO500429,6,2024-01-17,500
SH707886,SO500430,6,2024-01-10,500
SH707887,SO500431,6,2024-01-05,500
SH707888,SO500312,7,2024-04-22,250
SH707889,SO500313,8,2024-04-29,500
SH707890,SO500315,8,2024-05-15,500
SH707891,SO500316,7,2024-05-23,750
SH707892,SO500436,7,2024-05-29,750
SH707893,SO500317,8,2024-06-06,500
SH707894,SO500318,7,2024-06-13,500
SH707895,SO500437,7,2024-06-21,250
SH707896,SO500319,7,2024-06-26,500
SH707897,SO500320,8,2024-07-02,250
SH707898,SO500322,7,2024-07-16,250
SH707899,SO500323,8,2024-07-23,500
SH707900,SO500324,7,2024-08-01,500
SH707901,SO500325,7,2024-08-06,750
SH707902,SO500326,6,2024-08-13,750
SH707903,SO500328,8,2024-08-29,500
SH707904,SO500328,8,2024-09-05,500
SH707905,SO500329,8,2024-09-06,750
SH707906,SO500330,7,2024-09-12,500
SH707907,SO500331,8,2024-10-09,750
SH707908,SO500332,8,2024-09-24,250
SH707909,SO500335,7,2024-10-14,500
SH707910,SO500336,7,2024-11-13,500
SH707911,SO500444,6,2024-11-01,250
SH707912,SO500337,5,2024-11-06,500
SH707913,SO500339,6,2024-11-22,1000
SH707914,SO500340,6,2024-11-29,250
SH707915,SO500341,7,2024-12-05,750
SH707916,SO500438,6,2024-12-20,250
SH707917,SO500343,6,2024-12-27,250
SH707918,SO500343,6,2024-12-31,500
SH707919,SO500345,7,2025-01-06,750
SH707920,SO500346,8,2025-01-17,500
SH707921,SO500347,7,2025-01-23,500
SH707922,SO500348,7,2025-02-13,250
SH707923,SO500439,6,2025-02-06,500
SH707924,SO500349,7,2025-02-12,250
SH707925,SO500350,8,2025-02-19,750
SH707926,SO500351,7,2025-02-25,750
SH707927,SO500352,5,2025-03-05,500
SH707928,SO500353,7,2025-03-10,500
SH707929,SO500354,8,2025-03-21,750
SH707930,SO500440,6,2025-03-25,500
SH707931,SO500355,7,2025-04-02,500
SH707932,SO500356,8,2025-04-11,1250
SH707933,SO500359,8,2025-04-30,250
SH707934,SO500363,8,2025-05-27,500
SH707935,SO500364,7,2025-06-04,250
SH707936,SO500365,8,2025-06-25,500
SH707937,SO500366,8,2025-06-20,1000
SH707938,SO500367,8,2025-06-26,750
SH707939,SO500368,8,2025-07-23,750
SH707940,SO500369,8,2025-07-11,750
SH707941,SO500370,6,2025-07-15,1250
SH707942,SO500371,6,2025-07-25,250
SH707943,SO500371,6,2025-08-01,500
SH707944,SO500372,8,2025-08-01,250
SH707945,SO500372,8,2025-08-11,250
SH707946,SO500373,8,2025-08-06,500
SH707947,SO500374,8,2025-08-14,250
SH707948,SO500375,8,2025-08-21,1250
SH707949,SO500376,7,2025-08-29,500
SH707950,SO500377,8,2025-09-01,250
SH707951,SO500441,6,2025-09-16,500
SH707952,SO500441,6,2025-09-23,500
SH707953,SO500379,6,2025-09-23,500
SH707954,SO500380,4,2025-10-02,500
SH707955,SO500381,4,2025-10-09,250
SH707956,SO500381,4,2025-10-17,250
SH707957,SO500383,4,2025-10-24,500
SH707958,SO500384,5,2025-10-31,500
SH707959,SO500385,3,2025-11-07,500
SH707960,SO500386,4,2025-11-14,250
SH707961,SO500387,3,2025-11-19,250
SH707962,SO500388,4,2025-11-25,250
SH707963,SO500389,5,2025-12-04,500
SH707964,SO500390,6,2025-12-08,500
SH707965,SO500392,6,2025-12-24,500
SH707966,SO500393,5,2025-12-31,500
SH707967,SO500450,4,2026-01-14,500
SH707968,SO500395,7,2026-01-19,500
SH707969,SO500396,4,2026-01-30,500
SH707970,SO500397,5,2026-02-26,1000
SH707971,SO500398,6,2026-02-09,500
SH707972,SO500399,6,2026-02-16,250
SH707973,SO500400,4,2026-02-24,750
SH707974,SO500401,6,2026-03-10,500
SH707975,SO500402,8,2026-03-10,750
SH707976,SO500449,4,2026-03-17,500
SH707977,SO500404,5,2026-04-03,250
SH707978,SO500404,5,2026-04-15,500
SH707979,SO500405,8,2026-04-08,500
SH707980,SO500406,7,2026-04-15,1250
SH707981,SO500407,7,2026-04-23,250
SH707982,SO500408,7,2026-05-01,500
SH707983,SO500410,6,2026-05-11,500
SH707984,SO500411,7,2026-06-10,750
SH707985,SO500413,8,2026-06-01,750
SH707986,SO500414,7,2026-06-12,250
SH707987,SO500415,8,2026-06-19,250
SH707988,SO500442,7,2026-06-23,750
SH707989,SO500301,9,2024-05-14,450
SH707990,SO500302,9,2024-05-10,450
SH707991,SO500303,9,2024-04-29,250
SH707992,SO500303,9,2024-05-15,200
SH707993,SO500304,9,2024-04-22,450
SH707994,SO500305,9,2024-04-17,450
SH707995,SO500306,9,2024-04-08,450
SH707996,SO500307,9,2024-04-03,450
SH707997,SO500308,9,2024-03-29,450
SH707998,SO500428,7,2024-03-20,450
SH707999,SO500429,7,2024-03-12,450
SH708000,SO500430,7,2024-03-05,450
SH708001,SO500431,7,2024-02-29,450
SH708002,SO500432,5,2024-02-20,250
SH708003,SO500432,5,2024-03-11,200
SH708004,SO500433,5,2024-02-14,450
SH708005,SO500434,5,2024-02-09,450
SH708006,SO500435,5,2024-02-12,450
SH708007,SO500445,2,2024-01-26,250
SH708008,SO500445,2,2024-01-30,200
SH708009,SO500446,2,2024-01-18,450
SH708010,SO500447,2,2024-01-12,450
SH708011,SO500448,2,2024-01-23,450
SH708012,SO500443,4,2024-05-24,200
SH708013,SO500309,7,2024-05-30,300
SH708014,SO500309,7,2024-06-05,200
SH708015,SO500311,7,2024-06-13,300
SH708016,SO500312,8,2024-06-27,100
SH708017,SO500312,8,2024-07-18,100
SH708018,SO500313,9,2024-06-26,450
SH708019,SO500314,7,2024-07-19,300
SH708020,SO500315,9,2024-07-09,850
SH708021,SO500316,8,2024-07-18,450
SH708022,SO500436,8,2024-07-25,750
SH708023,SO500317,9,2024-07-30,650
SH708024,SO500318,8,2024-08-05,550
SH708025,SO500437,8,2024-08-14,300
SH708026,SO500437,8,2024-08-20,250
SH708027,SO500319,8,2024-08-19,750
SH708028,SO500320,9,2024-08-26,350
SH708029,SO500322,8,2024-09-09,300
SH708030,SO500323,9,2024-09-20,600
SH708031,SO500324,8,2024-09-27,600
SH708032,SO500325,8,2024-10-03,850
SH708033,SO500326,7,2024-10-10,600
SH708034,SO500328,9,2024-10-25,1250
SH708035,SO500329,9,2024-10-31,1300
SH708036,SO500330,8,2024-11-05,750
SH708037,SO500331,9,2024-11-13,450
SH708038,SO500332,9,2024-11-22,750
SH708039,SO500333,8,2024-11-25,150
SH708040,SO500334,7,2024-12-02,1250
SH708041,SO500335,8,2024-12-09,950
SH708042,SO500336,8,2024-12-20,400
SH708043,SO500444,7,2024-12-26,150
SH708044,SO500337,6,2025-01-01,650
SH708045,SO500338,8,2025-01-06,950
SH708046,SO500339,7,2025-01-17,550
SH708047,SO500340,7,2025-01-23,500
SH708048,SO500340,7,2025-01-29,350
SH708049,SO500341,8,2025-01-28,350
SH708050,SO500342,8,2025-02-06,750
SH708051,SO500438,7,2025-02-13,700
SH708052,SO500343,7,2025-02-19,650
SH708053,SO500344,7,2025-02-24,400
SH708054,SO500345,8,2025-03-27,100
SH708055,SO500346,9,2025-03-10,700
SH708056,SO500347,8,2025-04-11,150
SH708057,SO500348,8,2025-03-24,300
SH708058,SO500439,7,2025-04-02,1150
SH708059,SO500349,8,2025-04-10,250
SH708060,SO500351,8,2025-04-24,200
SH708061,SO500352,6,2025-05-02,650
SH708062,SO500354,9,2025-05-13,300
SH708063,SO500356,9,2025-06-05,750
SH708064,SO500357,8,2025-06-09,400
SH708065,SO500357,8,2025-06-23,300
SH708066,SO500358,8,2025-06-17,1050
SH708067,SO500359,9,2025-06-25,350
SH708068,SO500360,7,2025-07-02,700
SH708069,SO500361,8,2025-07-09,1100
SH708070,SO500362,8,2025-07-17,550
SH708071,SO500363,9,2025-07-24,1500
SH708072,SO500364,8,2025-07-29,400
SH708073,SO500365,9,2025-08-05,1350
SH708074,SO500366,9,2025-08-12,400
SH708075,SO500367,9,2025-08-20,1050
SH708076,SO500368,9,2025-08-26,1300
SH708077,SO500369,9,2025-09-05,600
SH708078,SO500370,7,2025-12-18,850
SH708079,SO500372,9,2025-12-24,300
SH708080,SO500373,9,2025-10-03,500
SH708081,SO500374,9,2025-10-08,450
SH708082,SO500374,9,2025-10-29,350
SH708083,SO500375,9,2025-10-13,400
SH708084,SO500376,8,2025-10-21,750
SH708085,SO500377,9,2025-12-31,550
SH708086,SO500378,7,2026-01-20,750
SH708087,SO500441,7,2025-11-11,1450
SH708088,SO500379,7,2026-03-03,1100
SH708089,SO500389,6,2026-04-24,500
SH708090,SO500390,7,2026-05-15,300
SH708091,SO500394,6,2026-05-13,150
SH708092,SO500398,7,2026-04-10,350
SH708093,SO500399,7,2026-04-15,500
SH708094,SO500449,5,2026-05-12,300
SH708095,SO500449,5,2026-05-21,200
SH708096,SO500403,8,2026-05-21,500
SH708097,SO500406,8,2026-06-09,150
SH708098,SO500407,8,2026-06-16,300
SH708099,SO500301,10,2024-03-21,1000
SH708100,SO500302,10,2024-03-14,1000
SH708101,SO500303,10,2024-03-08,1000
SH708102,SO500304,10,2024-02-27,1000
SH708103,SO500305,10,2024-02-19,1000
SH708104,SO500306,10,2024-02-12,500
SH708105,SO500306,10,2024-03-06,500
SH708106,SO500307,10,2024-02-23,1000
SH708107,SO500308,10,2024-01-29,1000
SH708108,SO500428,8,2024-01-24,1000
SH708109,SO500429,8,2024-01-19,1000
SH708110,SO500430,8,2024-01-09,1000
SH708111,SO500431,8,2024-01-03,1000
SH708112,SO500443,5,2024-03-29,250
SH708113,SO500309,8,2024-04-03,500
SH708114,SO500311,8,2024-04-16,1250
SH708115,SO500312,9,2024-04-25,750
SH708116,SO500313,10,2024-05-02,750
SH708117,SO500314,8,2024-05-27,500
SH708118,SO500315,10,2024-05-17,1750
SH708119,SO500316,9,2024-05-22,2000
SH708120,SO500436,9,2024-05-27,1250
SH708121,SO500317,10,2024-06-26,2000
SH708122,SO500318,9,2024-06-13,1000
SH708123,SO500437,9,2024-06-19,1250
SH708124,SO500319,9,2024-06-24,2250
SH708125,SO500320,10,2024-07-04,2500
SH708126,SO500321,7,2024-07-09,750
SH708127,SO500322,9,2024-07-19,750
SH708128,SO500323,10,2024-07-22,1750
SH708129,SO500324,9,2024-08-02,1000
SH708130,SO500325,9,2024-08-06,2250
SH708131,SO500326,8,2024-08-12,2500
SH708132,SO500327,6,2024-08-23,1250
SH708133,SO500329,10,2024-09-04,1000
SH708134,SO500330,9,2024-09-12,750
SH708135,SO500330,9,2024-09-18,500
SH708136,SO500331,10,2024-09-19,750
SH708137,SO500332,10,2024-09-26,1250
SH708138,SO500333,9,2024-10-01,500
SH708139,SO500334,8,2024-10-09,750
SH708140,SO500335,9,2024-10-18,1750
SH708141,SO500336,9,2024-10-21,1500
SH708142,SO500444,8,2024-11-01,1250
SH708143,SO500337,7,2024-11-20,250
SH708144,SO500338,9,2024-11-15,1750
SH708145,SO500339,8,2024-11-29,750
SH708146,SO500340,8,2024-11-29,750
SH708147,SO500341,9,2024-12-06,250
SH708148,SO500438,8,2024-12-16,1500
SH708149,SO500343,8,2024-12-25,1000
SH708150,SO500344,8,2024-12-31,2500
SH708151,SO500346,10,2025-01-17,1750
SH708152,SO500347,9,2025-01-20,750
SH708153,SO500348,9,2025-01-29,1250
SH708154,SO500439,8,2025-02-07,1250
SH708155,SO500349,9,2025-02-13,1250
SH708156,SO500350,9,2025-02-18,1500
SH708157,SO500351,9,2025-02-25,1000
SH708158,SO500352,7,2025-03-07,1250
SH708159,SO500353,8,2025-03-13,1500
SH708160,SO500354,10,2025-03-21,1750
SH708161,SO500355,8,2025-04-01,500
SH708162,SO500356,10,2025-04-10,500
SH708163,SO500357,9,2025-04-14,500
SH708164,SO500358,9,2025-04-23,1000
SH708165,SO500359,10,2025-04-30,1500
SH708166,SO500361,9,2025-05-15,1250
SH708167,SO500361,9,2025-06-03,1000
SH708168,SO500362,9,2025-05-19,1500
SH708169,SO500363,10,2025-05-30,750
SH708170,SO500364,9,2025-06-03,750
SH708171,SO500365,10,2025-06-30,2000
SH708172,SO500366,10,2025-06-19,1250
SH708173,SO500367,10,2025-06-25,750
SH708174,SO500368,10,2025-07-01,1500
SH708175,SO500369,10,2025-07-09,750
SH708176,SO500370,8,2025-07-16,1250
SH708177,SO500371,7,2025-07-22,2750
SH708178,SO500372,10,2025-08-22,3250
SH708179,SO500373,10,2025-08-06,1000
SH708180,SO500374,10,2025-08-14,1500
SH708181,SO500375,10,2025-08-22,2000
SH708182,SO500376,9,2025-09-16,2750
SH708183,SO500377,10,2025-09-03,3000
SH708184,SO500378,8,2025-09-12,1750
SH708185,SO500441,8,2025-09-15,1000
SH708186,SO500379,8,2025-09-25,1000
SH708187,SO500380,5,2025-10-03,1750
SH708188,SO500381,5,2025-10-07,500
SH708189,SO500384,6,2025-10-29,250
SH708190,SO500385,4,2025-11-07,500
SH708191,SO500385,4,2025-11-19,500
SH708192,SO500386,5,2025-11-13,500
SH708193,SO500387,4,2025-11-20,250
SH708194,SO500388,5,2025-12-17,2250
SH708195,SO500389,7,2025-12-19,750
SH708196,SO500390,8,2025-12-09,1750
SH708197,SO500391,6,2025-12-16,750
SH708198,SO500392,7,2025-12-26,1500
SH708199,SO500392,7,2026-01-13,1000
SH708200,SO500393,6,2026-01-01,250
SH708201,SO500394,7,2026-01-06,1000
SH708202,SO500450,5,2026-01-13,1250
SH708203,SO500396,5,2026-01-26,2250
SH708204,SO500397,6,2026-02-04,1750
SH708205,SO500398,8,2026-02-09,250
SH708206,SO500398,8,2026-03-03,500
SH708207,SO500399,8,2026-02-17,250
SH708208,SO500400,5,2026-02-23,1500
SH708209,SO500401,7,2026-03-06,1000
SH708210,SO500402,10,2026-03-10,1750
SH708211,SO500449,6,2026-03-20,1250
SH708212,SO500403,9,2026-03-25,1000
SH708213,SO500403,9,2026-04-15,750
SH708214,SO500404,7,2026-04-14,1000
SH708215,SO500405,10,2026-04-07,2250
SH708216,SO500407,9,2026-04-20,1000
SH708217,SO500408,8,2026-05-04,1750
SH708218,SO500409,8,2026-05-04,1250
SH708219,SO500410,8,2026-05-12,2500
SH708220,SO500411,9,2026-05-19,1000
SH708221,SO500412,9,2026-05-29,500
SH708222,SO500413,10,2026-06-04,1500
SH708223,SO500414,9,2026-06-11,3250
SH708224,SO500415,10,2026-06-16,1250
SH708225,SO500442,9,2026-06-23,1000
SH708226,SO500301,11,2024-02-19,3000
SH708227,SO500302,11,2024-02-12,3000
SH708228,SO500303,11,2024-02-06,3000
SH708229,SO500304,11,2024-02-01,3000
SH708230,SO500305,11,2024-01-23,3000
SH708231,SO500306,11,2024-01-15,3000
SH708232,SO500307,11,2024-01-09,3000
SH708233,SO500308,11,2024-01-10,3000
SH708234,SO500310,8,2024-03-12,1000
SH708235,SO500311,9,2024-03-21,2000
SH708236,SO500312,10,2024-03-29,3000
SH708237,SO500313,11,2024-04-04,2000
SH708238,SO500314,9,2024-04-09,1000
SH708239,SO500314,9,2024-04-22,1000
SH708240,SO500315,11,2024-04-15,4000
SH708241,SO500316,10,2024-04-24,5000
SH708242,SO500436,10,2024-05-01,5000
SH708243,SO500317,11,2024-05-10,1000
SH708244,SO500318,10,2024-05-15,1000
SH708245,SO500437,10,2024-05-23,3000
SH708246,SO500319,10,2024-05-27,3000
SH708247,SO500320,11,2024-06-05,3000
SH708248,SO500321,8,2024-06-14,2000
SH708249,SO500322,10,2024-06-20,3000
SH708250,SO500323,11,2024-06-28,1000
SH708251,SO500324,10,2024-07-01,6000
SH708252,SO500325,10,2024-07-08,3000
SH708253,SO500326,9,2024-07-19,3000
SH708254,SO500327,7,2024-07-30,4000
SH708255,SO500328,10,2024-08-01,6000
SH708256,SO500329,11,2024-08-06,5000
SH708257,SO500330,10,2024-08-12,6000
SH708258,SO500331,11,2024-08-21,6000
SH708259,SO500332,11,2024-08-26,2000
SH708260,SO500333,10,2024-09-03,2000
SH708261,SO500334,9,2024-09-11,1000
SH708262,SO500335,10,2024-09-19,3000
SH708263,SO500336,10,2024-09-24,1000
SH708264,SO500338,10,2024-10-14,1000
SH708265,SO500339,9,2024-10-21,2000
SH708266,SO500340,9,2024-11-20,2000
SH708267,SO500341,10,2024-11-08,3000
SH708268,SO500342,9,2024-11-19,1000
SH708269,SO500342,9,2024-12-13,1000
SH708270,SO500343,9,2024-12-12,2000
SH708271,SO500344,9,2024-12-02,3000
SH708272,SO500345,9,2024-12-11,2000
SH708273,SO500347,10,2024-12-25,3000
SH708274,SO500348,10,2025-01-02,2000
SH708275,SO500439,9,2025-01-09,1000
SH708276,SO500349,10,2025-01-15,1000
SH708277,SO500349,10,2025-01-31,1000
SH708278,SO500350,10,2025-01-24,3000
SH708279,SO500352,8,2025-02-05,2000
SH708280,SO500353,9,2025-02-12,5000
SH708281,SO500354,11,2025-02-18,3000
SH708282,SO500440,7,2025-02-24,4000
SH708283,SO500355,9,2025-03-25,2000
SH708284,SO500356,11,2025-03-13,4000
SH708285,SO500357,10,2025-03-21,3000
SH708286,SO500358,10,2025-03-28,3000
SH708287,SO500359,11,2025-04-02,3000
SH708288,SO500360,8,2025-04-08,3000
SH708289,SO500361,10,2025-04-14,4000
SH708290,SO500362,10,2025-04-21,3000
SH708291,SO500363,11,2025-04-29,3000
SH708292,SO500364,10,2025-05-07,2000
SH708293,SO500365,11,2025-05-13,3000
SH708294,SO500366,11,2025-05-22,4000
SH708295,SO500367,11,2025-05-27,3000
SH708296,SO500368,11,2025-06-02,5000
SH708297,SO500369,11,2025-06-12,1000
SH708298,SO500370,9,2025-06-20,4000
SH708299,SO500371,8,2025-06-24,2000
SH708300,SO500372,11,2025-06-30,3000
SH708301,SO500373,11,2025-07-10,4000
SH708302,SO500374,11,2025-07-17,1000
SH708303,SO500375,11,2025-07-21,3000
SH708304,SO500376,10,2025-07-31,2000
SH708305,SO500377,11,2025-08-07,1000
SH708306,SO500378,9,2025-08-15,1000
SH708307,SO500378,9,2025-08-26,2000
SH708308,SO500441,9,2025-08-20,6000
SH708309,SO500379,9,2025-09-12,6000
SH708310,SO500380,6,2025-09-04,2000
SH708311,SO500381,6,2025-09-10,3000
SH708312,SO500382,4,2025-09-19,3000
SH708313,SO500383,5,2025-09-23,2000
SH708314,SO500384,7,2025-10-02,4000
SH708315,SO500385,5,2025-10-09,1000
SH708316,SO500386,6,2025-10-13,3000
SH708317,SO500387,5,2025-10-24,1000
SH708318,SO500388,6,2025-11-06,4000
SH708319,SO500389,8,2025-11-05,2000
SH708320,SO500390,9,2025-11-12,3000
SH708321,SO500391,7,2025-11-21,2000
SH708322,SO500392,8,2025-12-16,3000
SH708323,SO500393,7,2025-12-02,1000
SH708324,SO500393,7,2025-12-17,1000
SH708325,SO500394,8,2025-12-09,1000
SH708326,SO500450,6,2025-12-19,3000
SH708327,SO500395,8,2025-12-25,3000
SH708328,SO500396,6,2025-12-29,2000
SH708329,SO500397,7,2026-01-05,1000
SH708330,SO500398,9,2026-01-16,1000
SH708331,SO500399,9,2026-01-19,3000
SH708332,SO500399,9,2026-01-30,2000
SH708333,SO500401,8,2026-02-02,1000
SH708334,SO500402,11,2026-02-13,1000
SH708335,SO500403,10,2026-02-23,4000
SH708336,SO500404,8,2026-03-05,4000
SH708337,SO500405,11,2026-03-13,2000
SH708338,SO500406,9,2026-03-19,2000
SH708339,SO500407,10,2026-03-25,3000
SH708340,SO500408,9,2026-04-24,3000
SH708341,SO500409,9,2026-04-09,4000
SH708342,SO500410,9,2026-04-17,2000
SH708343,SO500411,10,2026-04-22,3000
SH708344,SO500412,10,2026-04-28,2000
SH708345,SO500412,10,2026-05-12,2000
SH708346,SO500413,11,2026-05-07,1000
SH708347,SO500414,10,2026-05-11,1000
SH708348,SO500415,11,2026-05-22,3000
SH708349,SO500415,11,2026-06-08,2000
SH708350,SO500442,10,2026-05-29,4000
SH708351,SO500416,11,2026-06-02,1000
SH708352,SO500417,11,2026-06-08,3000
SH708353,SO500417,11,2026-06-15,2000
SH708354,SO500418,10,2026-06-19,3000
SH708355,SO500301,12,2024-02-19,4000
SH708356,SO500302,12,2024-02-13,4000
SH708357,SO500303,12,2024-02-07,4000
SH708358,SO500304,12,2024-01-31,4000
SH708359,SO500305,12,2024-01-22,2000
SH708360,SO500305,12,2024-02-05,2000
SH708361,SO500306,12,2024-01-31,4000
SH708362,SO500307,12,2024-01-09,4000
SH708363,SO500308,12,2024-01-05,4000
SH708364,SO500309,9,2024-03-06,3000
SH708365,SO500310,9,2024-03-13,3000
SH708366,SO500311,10,2024-03-19,3000
SH708367,SO500312,11,2024-03-27,4000
SH708368,SO500313,12,2024-04-05,8000
SH708369,SO500314,10,2024-04-10,3000
SH708370,SO500315,12,2024-04-17,3000
SH708371,SO500316,11,2024-04-22,4000
SH708372,SO500436,11,2024-04-30,2000
SH708373,SO500436,11,2024-05-20,2000
SH708374,SO500317,12,2024-05-07,1000
SH708375,SO500318,11,2024-05-13,7000
SH708376,SO500437,11,2024-05-23,1000
SH708377,SO500320,12,2024-06-05,6000
SH708378,SO500321,9,2024-06-27,8000
SH708379,SO500322,11,2024-06-18,2000
SH708380,SO500322,11,2024-07-08,2000
SH708381,SO500323,12,2024-06-28,4000
SH708382,SO500324,11,2024-07-02,8000
SH708383,SO500325,11,2024-07-11,1000
SH708384,SO500326,10,2024-07-16,6000
SH708385,SO500327,8,2024-07-25,3000
SH708386,SO500328,11,2024-08-02,3000
SH708387,SO500329,12,2024-08-07,6000
SH708388,SO500330,11,2024-09-02,7000
SH708389,SO500331,12,2024-08-22,1000
SH708390,SO500331,12,2024-09-10,2000
SH708391,SO500332,12,2024-08-26,2000
SH708392,SO500333,11,2024-09-02,5000
SH708393,SO500334,10,2024-09-12,2000
SH708394,SO500335,11,2024-09-20,5000
SH708395,SO500336,11,2024-09-24,4000
SH708396,SO500444,9,2024-10-02,1000
SH708397,SO500337,8,2024-10-09,2000
SH708398,SO500338,11,2024-10-17,3000
SH708399,SO500338,11,2024-10-21,2000
SH708400,SO500339,10,2024-10-22,3000
SH708401,SO500340,10,2024-10-29,6000
SH708402,SO500341,11,2024-11-18,7000
SH708403,SO500342,10,2024-11-15,8000
SH708404,SO500438,9,2024-11-20,5000
SH708405,SO500343,10,2024-12-18,6000
SH708406,SO500344,10,2024-12-04,5000
SH708407,SO500345,10,2024-12-11,3000
SH708408,SO500346,11,2024-12-16,2000
SH708409,SO500347,11,2024-12-23,2000
SH708410,SO500347,11,2025-01-09,2000
SH708411,SO500348,11,2024-12-31,2000
SH708412,SO500439,10,2025-01-09,3000
SH708413,SO500349,11,2025-01-16,4000
SH708414,SO500350,11,2025-02-07,3000
SH708415,SO500351,10,2025-01-27,1000
SH708416,SO500352,9,2025-02-05,1000
SH708417,SO500352,9,2025-02-17,2000
SH708418,SO500353,10,2025-02-13,2000
SH708419,SO500354,12,2025-02-18,3000
SH708420,SO500440,8,2025-02-24,6000
SH708421,SO500355,10,2025-03-06,3000
SH708422,SO500356,12,2025-03-10,3000
SH708423,SO500358,11,2025-03-26,3000
SH708424,SO500359,12,2025-04-03,3000
SH708425,SO500360,9,2025-04-10,7000
SH708426,SO500362,11,2025-04-24,3000
SH708427,SO500363,12,2025-04-28,1000
SH708428,SO500364,11,2025-05-09,7000
SH708429,SO500365,12,2025-05-16,3000
SH708430,SO500366,12,2025-05-20,7000
SH708431,SO500367,12,2025-05-30,5000
SH708432,SO500369,12,2025-06-13,11000
SH708433,SO500370,10,2025-06-18,8000
SH708434,SO500371,9,2025-06-25,8000
SH708435,SO500372,12,2025-07-03,3000
SH708436,SO500373,12,2025-07-07,6000
SH708437,SO500374,12,2025-07-14,3000
SH708438,SO500375,12,2025-07-21,6000
SH708439,SO500376,11,2025-08-01,6000
SH708440,SO500378,10,2025-08-11,4000
SH708441,SO500441,10,2025-08-20,3000
SH708442,SO500379,10,2025-08-26,6000
SH708443,SO500380,7,2025-09-04,8000
SH708444,SO500381,7,2025-09-10,6000
SH708445,SO500382,5,2025-09-18,1000
SH708446,SO500383,6,2025-09-24,4000
SH708447,SO500384,8,2025-10-02,6000
SH708448,SO500385,6,2025-10-09,5000
SH708449,SO500386,7,2025-11-03,5000
SH708450,SO500387,6,2025-11-10,2000
SH708451,SO500389,9,2025-11-04,2000
SH708452,SO500389,9,2025-11-10,2000
SH708453,SO500390,10,2025-11-11,5000
SH708454,SO500391,8,2025-11-21,4000
SH708455,SO500392,9,2025-11-25,1000
SH708456,SO500393,8,2025-12-03,6000
SH708457,SO500394,9,2025-12-15,3000
SH708458,SO500450,7,2025-12-15,3000
SH708459,SO500395,9,2026-01-12,2000
SH708460,SO500395,9,2026-01-20,2000
SH708461,SO500396,7,2025-12-31,1000
SH708462,SO500397,8,2026-01-07,1000
SH708463,SO500398,10,2026-01-13,3000
SH708464,SO500399,10,2026-01-23,2000
SH708465,SO500402,12,2026-02-13,1000
SH708466,SO500449,7,2026-02-20,4000
SH708467,SO500403,11,2026-02-27,2000
SH708468,SO500404,9,2026-03-02,5000
SH708469,SO500405,12,2026-03-12,4000
SH708470,SO500406,10,2026-03-18,6000
SH708471,SO500407,11,2026-03-23,2000
SH708472,SO500408,10,2026-04-01,6000
SH708473,SO500409,10,2026-04-09,5000
SH708474,SO500410,10,2026-04-15,5000
SH708475,SO500411,11,2026-04-21,5000
SH708476,SO500412,11,2026-05-01,3000
SH708477,SO500413,12,2026-05-05,6000
SH708478,SO500414,11,2026-05-15,3000
SH708479,SO500415,12,2026-05-18,2000
SH708480,SO500442,11,2026-05-25,3000
SH708481,SO500416,12,2026-06-05,4000
SH708482,SO500416,12,2026-06-12,4000
SH708483,SO500417,12,2026-06-12,3000
SH708484,SO500418,11,2026-06-19,6000
SH708485,SO500419,11,2026-06-26,6000
SH708486,SO500301,13,2024-03-20,150
SH708487,SO500302,13,2024-03-14,150
SH708488,SO500303,13,2024-03-05,150
SH708489,SO500304,13,2024-02-28,150
SH708490,SO500305,13,2024-02-20,150
SH708491,SO500306,13,2024-02-13,150
SH708492,SO500307,13,2024-02-09,150
SH708493,SO500308,13,2024-01-29,150
SH708494,SO500428,9,2024-01-25,150
SH708495,SO500429,9,2024-01-17,150
SH708496,SO500430,9,2024-01-11,150
SH708497,SO500431,9,2024-01-05,150
SH708498,SO500310,10,2024-04-11,50
SH708499,SO500311,11,2024-04-16,150
SH708500,SO500312,12,2024-04-25,100
SH708501,SO500313,13,2024-04-29,200
SH708502,SO500314,11,2024-05-08,150
SH708503,SO500315,13,2024-05-13,100
SH708504,SO500316,12,2024-05-21,150
SH708505,SO500317,13,2024-06-07,100
SH708506,SO500318,12,2024-06-12,250
SH708507,SO500437,12,2024-06-21,250
SH708508,SO500319,11,2024-06-26,50
SH708509,SO500320,13,2024-07-04,100
SH708510,SO500321,10,2024-07-11,250
SH708511,SO500322,12,2024-07-18,250
SH708512,SO500323,13,2024-07-22,50
SH708513,SO500324,12,2024-08-01,500
SH708514,SO500325,12,2024-08-07,100
SH708515,SO500326,11,2024-08-14,250
SH708516,SO500327,9,2024-08-21,200
SH708517,SO500328,12,2024-08-29,50
SH708518,SO500328,12,2024-09-19,100
SH708519,SO500329,13,2024-09-04,100
SH708520,SO500330,12,2024-09-11,50
SH708521,SO500331,13,2024-09-20,250
SH708522,SO500335,12,2024-10-23,150
SH708523,SO500336,12,2024-10-22,100
SH708524,SO500444,10,2024-10-31,50
SH708525,SO500337,9,2024-11-05,100
SH708526,SO500338,12,2024-11-13,150
SH708527,SO500339,11,2024-11-22,100
SH708528,SO500339,11,2024-11-29,100
SH708529,SO500340,11,2024-11-27,50
SH708530,SO500341,12,2024-12-05,200
SH708531,SO500342,11,2024-12-12,150
SH708532,SO500438,10,2024-12-17,150
SH708533,SO500343,11,2025-01-17,100
SH708534,SO500344,11,2025-01-21,150
SH708535,SO500346,12,2025-01-17,200
SH708536,SO500347,12,2025-01-20,150
SH708537,SO500439,11,2025-02-06,150
SH708538,SO500349,12,2025-02-12,100
SH708539,SO500350,12,2025-02-20,50
SH708540,SO500351,11,2025-02-28,150
SH708541,SO500351,11,2025-03-20,150
SH708542,SO500352,10,2025-03-04,50
SH708543,SO500354,13,2025-03-17,50
SH708544,SO500354,13,2025-04-08,50
SH708545,SO500440,9,2025-03-26,200
SH708546,SO500357,11,2025-04-17,150
SH708547,SO500359,13,2025-05-02,100
SH708548,SO500360,10,2025-05-12,150
SH708549,SO500361,11,2025-05-14,50
SH708550,SO500362,12,2025-05-22,100
SH708551,SO500363,13,2025-05-28,150
SH708552,SO500364,12,2025-06-03,200
SH708553,SO500365,13,2025-06-13,200
SH708554,SO500366,13,2025-06-20,150
SH708555,SO500367,13,2025-06-25,150
SH708556,SO500368,12,2025-07-04,200
SH708557,SO500369,13,2025-07-09,100
SH708558,SO500370,11,2025-07-16,100
SH708559,SO500371,10,2025-07-31,150
SH708560,SO500372,13,2025-07-29,200
SH708561,SO500373,13,2025-08-08,50
SH708562,SO500374,13,2025-08-12,200
SH708563,SO500375,13,2025-09-04,200
SH708564,SO500376,12,2025-08-28,200
SH708565,SO500377,12,2025-09-03,250
SH708566,SO500378,11,2025-09-10,300
SH708567,SO500441,11,2025-09-19,150
SH708568,SO500379,11,2025-09-22,50
SH708569,SO500380,8,2025-10-01,150
SH708570,SO500381,8,2025-10-07,50
SH708571,SO500382,6,2025-10-13,150
SH708572,SO500383,7,2025-10-21,100
SH708573,SO500383,7,2025-10-27,100
SH708574,SO500384,9,2025-10-28,100
SH708575,SO500385,7,2025-11-05,150
SH708576,SO500386,8,2025-11-12,150
SH708577,SO500387,7,2025-11-19,100
SH708578,SO500387,7,2025-12-08,100
SH708579,SO500388,7,2025-11-24,150
SH708580,SO500389,10,2025-12-03,150
SH708581,SO500389,10,2025-12-09,100
SH708582,SO500392,10,2025-12-24,150
SH708583,SO500394,10,2026-01-05,100
SH708584,SO500450,8,2026-01-16,150
SH708585,SO500395,10,2026-01-23,150
SH708586,SO500396,8,2026-01-26,50
SH708587,SO500397,9,2026-02-04,100
SH708588,SO500398,11,2026-02-12,50
SH708589,SO500399,11,2026-02-19,50
SH708590,SO500400,6,2026-02-27,200
SH708591,SO500401,9,2026-03-04,50
SH708592,SO500402,13,2026-03-09,150
SH708593,SO500449,8,2026-03-17,50
SH708594,SO500403,12,2026-03-23,50
SH708595,SO500404,10,2026-03-31,150
SH708596,SO500405,13,2026-04-06,150
SH708597,SO500406,11,2026-04-17,200
SH708598,SO500407,12,2026-04-20,100
SH708599,SO500408,11,2026-05-01,150
SH708600,SO500409,11,2026-05-05,100
SH708601,SO500410,11,2026-05-15,100
SH708602,SO500411,12,2026-05-20,150
SH708603,SO500412,12,2026-05-26,50
SH708604,SO500412,12,2026-06-12,100
SH708605,SO500413,13,2026-06-02,300
SH708606,SO500414,12,2026-06-08,50
SH708607,SO500301,14,2024-03-21,450
SH708608,SO500302,14,2024-03-15,450
SH708609,SO500303,14,2024-03-07,450
SH708610,SO500304,14,2024-02-29,250
SH708611,SO500304,14,2024-03-13,200
SH708612,SO500305,14,2024-02-20,450
SH708613,SO500306,14,2024-02-14,450
SH708614,SO500307,14,2024-02-09,450
SH708615,SO500308,14,2024-01-31,450
SH708616,SO500428,10,2024-01-23,450
SH708617,SO500429,10,2024-01-16,450
SH708618,SO500430,10,2024-01-10,450
SH708619,SO500431,10,2024-01-04,450
SH708620,SO500443,6,2024-03-29,250
SH708621,SO500309,10,2024-04-05,200
SH708622,SO500309,10,2024-04-08,150
SH708623,SO500310,11,2024-04-10,350
SH708624,SO500311,12,2024-04-18,150
SH708625,SO500312,13,2024-04-22,400
SH708626,SO500313,14,2024-05-01,50
SH708627,SO500314,12,2024-05-06,300
SH708628,SO500315,14,2024-05-15,150
SH708629,SO500316,13,2024-05-24,400
SH708630,SO500436,12,2024-05-30,50
SH708631,SO500317,14,2024-06-05,400
SH708632,SO500318,13,2024-06-11,850
SH708633,SO500437,13,2024-06-17,650
SH708634,SO500319,12,2024-06-25,1100
SH708635,SO500320,14,2024-07-02,400
SH708636,SO500321,11,2024-07-12,650
SH708637,SO500322,13,2024-07-15,1000
SH708638,SO500323,14,2024-07-24,950
SH708639,SO500324,13,2024-07-29,700
SH708640,SO500325,13,2024-08-06,1200
SH708641,SO500326,12,2024-08-13,450
SH708642,SO500327,10,2024-08-22,200
SH708643,SO500328,13,2024-08-27,500
SH708644,SO500329,14,2024-09-06,550
SH708645,SO500330,13,2024-09-09,650
SH708646,SO500331,14,2024-09-19,750
SH708647,SO500332,13,2024-09-24,900
SH708648,SO500333,12,2024-09-30,100
SH708649,SO500335,13,2024-10-15,750
SH708650,SO500336,13,2024-10-22,700
SH708651,SO500444,11,2024-10-28,500
SH708652,SO500337,10,2024-11-06,550
SH708653,SO500338,13,2024-11-21,250
SH708654,SO500339,12,2024-11-22,200
SH708655,SO500340,12,2024-11-29,50
SH708656,SO500341,13,2024-12-18,250
SH708657,SO500341,13,2025-01-03,200
SH708658,SO500342,12,2024-12-09,50
SH708659,SO500438,11,2024-12-26,150
SH708660,SO500438,11,2024-12-31,150
SH708661,SO500343,12,2025-01-03,450
SH708662,SO500345,11,2025-01-08,650
SH708663,SO500347,13,2025-01-20,550
SH708664,SO500348,12,2025-01-29,600
SH708665,SO500439,12,2025-02-04,500
SH708666,SO500349,13,2025-02-10,550
SH708667,SO500350,13,2025-03-03,850
SH708668,SO500351,12,2025-02-24,450
SH708669,SO500352,11,2025-03-06,50
SH708670,SO500352,11,2025-03-14,50
SH708671,SO500353,11,2025-03-14,550
SH708672,SO500354,14,2025-03-20,650
SH708673,SO500440,10,2025-03-25,500
SH708674,SO500355,11,2025-04-01,400
SH708675,SO500356,13,2025-04-10,50
SH708676,SO500358,12,2025-04-25,200
SH708677,SO500359,14,2025-05-02,300
SH708678,SO500360,11,2025-05-05,300
SH708679,SO500361,12,2025-05-14,150
SH708680,SO500362,13,2025-05-21,200
SH708681,SO500362,13,2025-06-13,150
SH708682,SO500363,14,2025-05-26,350
SH708683,SO500364,13,2025-06-03,700
SH708684,SO500365,14,2025-06-12,350
SH708685,SO500366,14,2025-06-18,750
SH708686,SO500367,14,2025-06-25,350
SH708687,SO500368,13,2025-07-01,550
SH708688,SO500369,14,2025-07-10,650
SH708689,SO500370,12,2025-07-14,50
SH708690,SO500371,11,2025-07-24,1400
SH708691,SO500372,14,2025-07-31,750
SH708692,SO500373,14,2025-08-07,750
SH708693,SO500374,14,2025-08-11,400
SH708694,SO500375,14,2025-08-19,700
SH708695,SO500376,13,2025-08-26,200
SH708696,SO500376,13,2025-09-01,150
SH708697,SO500377,13,2025-09-02,650
SH708698,SO500378,12,2025-09-10,500
SH708699,SO500380,9,2025-09-29,600
SH708700,SO500381,9,2025-10-08,300
SH708701,SO500382,7,2025-10-13,500
SH708702,SO500383,8,2025-10-24,200
SH708703,SO500384,10,2025-10-31,300
SH708704,SO500385,8,2025-11-07,1200
SH708705,SO500386,9,2025-11-12,700
SH708706,SO500387,8,2025-11-18,100
SH708707,SO500389,11,2025-12-03,450
SH708708,SO500390,11,2025-12-12,600
SH708709,SO500391,9,2025-12-17,650
SH708710,SO500392,11,2025-12-23,50
SH708711,SO500450,9,2026-01-12,200
SH708712,SO500395,11,2026-01-23,250
SH708713,SO500396,9,2026-01-28,250
SH708714,SO500396,9,2026-02-13,200
SH708715,SO500397,10,2026-02-06,150
SH708716,SO500398,12,2026-02-09,600
SH708717,SO500399,12,2026-02-16,500
SH708718,SO500400,7,2026-02-25,100
SH708719,SO500401,10,2026-03-26,300
SH708720,SO500402,14,2026-03-12,700
SH708721,SO500449,9,2026-03-18,700
SH708722,SO500403,13,2026-04-09,400
SH708723,SO500404,11,2026-03-31,300
SH708724,SO500405,14,2026-04-08,200
SH708725,SO500406,12,2026-04-13,500
SH708726,SO500407,13,2026-04-22,1200
SH708727,SO500408,12,2026-05-01,550
SH708728,SO500409,12,2026-05-07,450
SH708729,SO500410,12,2026-05-15,150
SH708730,SO500410,12,2026-06-02,100
SH708731,SO500411,13,2026-05-18,350
SH708732,SO500412,13,2026-05-26,100
SH708733,SO500412,13,2026-06-05,100
SH708734,SO500413,14,2026-06-01,200
SH708735,SO500414,13,2026-06-11,400
SH708736,SO500415,13,2026-06-15,500
SH708737,SO500442,13,2026-06-22,900
SH708738,SO500301,15,2024-03-07,2000
SH708739,SO500302,15,2024-03-01,2000
SH708740,SO500303,15,2024-02-23,2000
SH708741,SO500304,15,2024-02-14,2000
SH708742,SO500305,15,2024-02-05,2000
SH708743,SO500306,15,2024-02-01,2000
SH708744,SO500307,15,2024-01-26,2000
SH708745,SO500308,15,2024-01-16,1000
SH708746,SO500308,15,2024-01-22,1000
SH708747,SO500428,11,2024-01-08,2000
SH708748,SO500429,11,2024-01-02,2000
SH708749,SO500443,7,2024-03-12,2000
SH708750,SO500309,11,2024-03-19,1000
SH708751,SO500310,12,2024-03-28,2500
SH708752,SO500311,13,2024-04-05,2500
SH708753,SO500312,14,2024-04-08,2000
SH708754,SO500313,15,2024-04-16,2500
SH708755,SO500314,13,2024-04-25,3500
SH708756,SO500315,15,2024-05-01,2000
SH708757,SO500316,14,2024-05-06,2000
SH708758,SO500436,13,2024-05-17,2500
SH708759,SO500317,15,2024-05-24,1000
SH708760,SO500318,14,2024-05-31,1000
SH708761,SO500318,14,2024-06-20,1000
SH708762,SO500437,14,2024-06-07,2000
SH708763,SO500319,13,2024-06-11,2000
SH708764,SO500320,15,2024-06-21,1500
SH708765,SO500321,12,2024-06-25,2000
SH708766,SO500322,14,2024-07-05,3500
SH708767,SO500323,15,2024-07-08,2500
SH708768,SO500324,14,2024-07-17,1500
SH708769,SO500324,14,2024-07-30,1500
SH708770,SO500325,14,2024-07-25,1000
SH708771,SO500326,13,2024-08-02,3500
SH708772,SO500327,11,2024-08-06,1000
SH708773,SO500328,14,2024-08-15,5000
SH708774,SO500329,15,2024-09-05,2500
SH708775,SO500329,15,2024-09-12,2000
SH708776,SO500330,14,2024-08-30,1000
SH708777,SO500331,15,2024-09-04,3000
SH708778,SO500332,14,2024-09-12,4500
SH708779,SO500333,13,2024-09-16,2500
SH708780,SO500334,11,2024-09-24,2000
SH708781,SO500335,14,2024-10-03,1500
SH708782,SO500335,14,2024-10-15,1500
SH708783,SO500336,14,2024-10-11,1500
SH708784,SO500337,11,2024-11-07,4500
SH708785,SO500338,14,2024-10-30,1500
SH708786,SO500340,13,2024-11-15,3500
SH708787,SO500341,14,2024-11-22,2500
SH708788,SO500343,13,2024-12-13,500
SH708789,SO500345,12,2024-12-24,500
SH708790,SO500346,13,2025-01-03,1500
SH708791,SO500347,14,2025-01-29,5000
SH708792,SO500439,13,2025-01-23,3500
SH708793,SO500349,14,2025-01-30,3000
SH708794,SO500351,13,2025-02-11,1500
SH708795,SO500352,12,2025-02-21,1500
SH708796,SO500353,12,2025-02-24,500
SH708797,SO500440,11,2025-03-13,500
SH708798,SO500355,12,2025-03-17,1000
SH708799,SO500356,14,2025-03-27,2500
SH708800,SO500357,12,2025-04-03,2500
SH708801,SO500358,13,2025-04-08,3500
SH708802,SO500359,15,2025-04-15,1500
SH708803,SO500359,15,2025-04-21,1000
SH708804,SO500360,12,2025-05-02,3000
SH708805,SO500361,13,2025-04-30,500
SH708806,SO500362,14,2025-05-08,3500
SH708807,SO500363,15,2025-05-12,5500
SH708808,SO500364,14,2025-06-11,1500
SH708809,SO500364,14,2025-06-23,1500
SH708810,SO500365,15,2025-05-30,3000
SH708811,SO500366,15,2025-06-02,1000
SH708812,SO500367,15,2025-06-11,5000
SH708813,SO500368,14,2025-06-19,2500
SH708814,SO500369,15,2025-06-26,3500
SH708815,SO500370,13,2025-07-02,2000
SH708816,SO500371,12,2025-07-11,3000
SH708817,SO500372,15,2025-07-23,2000
SH708818,SO500373,15,2025-07-25,3000
SH708819,SO500374,15,2025-07-28,3500
SH708820,SO500375,15,2025-08-04,1000
SH708821,SO500376,14,2025-08-15,2000
SH708822,SO500377,14,2025-08-22,5000
SH708823,SO500378,13,2025-08-27,3000
SH708824,SO500379,12,2025-09-08,1500
SH708825,SO500380,10,2025-09-18,2000
SH708826,SO500381,10,2025-09-26,3000
SH708827,SO500382,8,2025-10-03,500
SH708828,SO500382,8,2025-10-20,1000
SH708829,SO500383,9,2025-10-10,2000
SH708830,SO500384,11,2025-10-16,2000
SH708831,SO500385,9,2025-10-22,4000
SH708832,SO500386,10,2025-10-28,1500
SH708833,SO500387,9,2025-11-03,1500
SH708834,SO500388,8,2025-11-14,1500
SH708835,SO500389,12,2025-11-17,500
SH708836,SO500391,10,2025-12-05,2500
SH708837,SO500394,11,2025-12-24,4000
SH708838,SO500450,10,2026-01-01,1000
SH708839,SO500395,12,2026-01-07,1500
SH708840,SO500396,10,2026-01-12,1000
SH708841,SO500397,11,2026-01-29,2500
SH708842,SO500398,13,2026-01-30,3000
SH708843,SO500399,13,2026-02-06,2500
SH708844,SO500400,8,2026-02-11,3500
SH708845,SO500402,15,2026-02-26,2500
SH708846,SO500449,10,2026-03-06,3500
SH708847,SO500403,14,2026-03-20,3500
SH708848,SO500404,12,2026-03-18,4500
SH708849,SO500405,15,2026-03-24,1000
SH708850,SO500406,13,2026-03-31,2000
SH708851,SO500408,13,2026-04-13,2000
SH708852,SO500409,13,2026-04-20,2500
SH708853,SO500410,13,2026-05-01,3000
SH708854,SO500411,14,2026-05-06,1000
SH708855,SO500412,14,2026-05-14,1000
SH708856,SO500413,15,2026-05-22,1000
SH708857,SO500414,14,2026-05-26,500
SH708858,SO500415,14,2026-06-03,5000
SH708859,SO500442,14,2026-06-08,3500
SH708860,SO500416,15,2026-06-17,4000
SH708861,SO500417,15,2026-06-24,2000
SH708862,SO500301,16,2024-03-19,150
SH708863,SO500301,16,2024-04-05,100
SH708864,SO500302,16,2024-03-14,250
SH708865,SO500303,16,2024-03-06,250
SH708866,SO500304,16,2024-02-26,250
SH708867,SO500305,16,2024-02-20,250
SH708868,SO500306,16,2024-02-16,250
SH708869,SO500307,16,2024-02-08,150
SH708870,SO500307,16,2024-02-28,100
SH708871,SO500308,16,2024-01-29,250
SH708872,SO500428,12,2024-01-25,250
SH708873,SO500429,12,2024-01-17,250
SH708874,SO500430,11,2024-01-10,250
SH708875,SO500431,11,2024-01-02,250
SH708876,SO500443,8,2024-03-27,200
SH708877,SO500309,12,2024-04-05,200
SH708878,SO500310,13,2024-04-10,200
SH708879,SO500311,14,2024-04-17,200
SH708880,SO500312,15,2024-04-23,400
SH708881,SO500313,16,2024-05-01,450
SH708882,SO500314,14,2024-05-08,100
SH708883,SO500315,16,2024-05-14,350
SH708884,SO500316,15,2024-05-22,400
SH708885,SO500436,14,2024-05-28,150
SH708886,SO500317,16,2024-06-07,400
SH708887,SO500318,15,2024-06-13,600
SH708888,SO500437,15,2024-06-17,100
SH708889,SO500319,14,2024-06-26,150
SH708890,SO500320,16,2024-07-05,200
SH708891,SO500321,13,2024-07-10,200
SH708892,SO500322,15,2024-07-16,350
SH708893,SO500323,16,2024-07-24,800
SH708894,SO500324,15,2024-07-30,150
SH708895,SO500325,15,2024-08-05,250
SH708896,SO500326,14,2024-08-12,450
SH708897,SO500327,12,2024-08-21,800
SH708898,SO500328,15,2024-08-26,500
SH708899,SO500329,16,2024-09-05,300
SH708900,SO500330,15,2024-09-13,450
SH708901,SO500331,16,2024-09-19,100
SH708902,SO500332,15,2024-09-23,600
SH708903,SO500333,14,2024-09-30,250
SH708904,SO500335,15,2024-10-16,50
SH708905,SO500336,15,2024-10-25,200
SH708906,SO500336,15,2024-11-08,150
SH708907,SO500444,12,2024-10-30,150
SH708908,SO500337,12,2024-11-06,150
SH708909,SO500339,13,2024-11-18,100
SH708910,SO500340,14,2024-11-29,250
SH708911,SO500341,15,2024-12-02,550
SH708912,SO500342,13,2024-12-09,150
SH708913,SO500342,13,2024-12-18,100
SH708914,SO500343,14,2024-12-27,100
SH708915,SO500344,12,2024-12-31,300
SH708916,SO500345,13,2025-01-06,450
SH708917,SO500346,14,2025-01-17,250
SH708918,SO500347,15,2025-01-23,350
SH708919,SO500439,14,2025-02-06,300
SH708920,SO500349,15,2025-02-10,200
SH708921,SO500350,14,2025-02-18,500
SH708922,SO500351,14,2025-02-28,50
SH708923,SO500351,14,2025-03-17,50
SH708924,SO500352,13,2025-03-07,100
SH708925,SO500440,12,2025-03-25,350
SH708926,SO500355,13,2025-04-01,100
SH708927,SO500356,15,2025-04-15,450
SH708928,SO500357,13,2025-04-17,50
SH708929,SO500358,14,2025-04-21,350
SH708930,SO500359,16,2025-05-01,350
SH708931,SO500360,13,2025-05-21,500
SH708932,SO500361,14,2025-05-12,400
SH708933,SO500362,15,2025-05-23,50
SH708934,SO500362,15,2025-06-05,100
SH708935,SO500363,16,2025-05-28,300
SH708936,SO500364,15,2025-06-06,250
SH708937,SO500365,16,2025-06-10,500
SH708938,SO500366,16,2025-06-16,500
SH708939,SO500367,16,2025-06-26,200
SH708940,SO500368,15,2025-07-03,50
SH708941,SO500369,16,2025-07-11,500
SH708942,SO500370,14,2025-07-16,150
SH708943,SO500371,13,2025-07-22,450
SH708944,SO500372,16,2025-08-01,150
SH708945,SO500373,16,2025-08-04,50
SH708946,SO500373,16,2025-08-12,100
SH708947,SO500374,16,2025-08-11,100
SH708948,SO500375,16,2025-08-18,150
SH708949,SO500376,15,2025-08-28,250
SH708950,SO500378,14,2025-09-09,450
SH708951,SO500441,12,2025-09-16,150
SH708952,SO500379,13,2025-09-26,350
SH708953,SO500380,11,2025-10-02,350
SH708954,SO500381,11,2025-10-09,250
SH708955,SO500382,9,2025-10-13,300
SH708956,SO500383,10,2025-10-24,500
SH708957,SO500384,12,2025-10-29,200
SH708958,SO500386,11,2025-11-12,350
SH708959,SO500387,10,2025-11-20,250
SH708960,SO500389,13,2025-12-05,150
SH708961,SO500389,13,2025-12-08,100
SH708962,SO500390,12,2025-12-12,50
SH708963,SO500391,11,2025-12-16,250
SH708964,SO500392,12,2025-12-26,500
SH708965,SO500393,9,2026-01-02,650
SH708966,SO500395,13,2026-01-19,300
SH708967,SO500396,11,2026-01-27,100
SH708968,SO500397,12,2026-02-03,350
SH708969,SO500402,16,2026-03-09,500
SH708970,SO500449,11,2026-03-19,400
SH708971,SO500403,15,2026-03-26,350
SH708972,SO500404,13,2026-04-01,300
SH708973,SO500405,16,2026-04-09,350
SH708974,SO500406,14,2026-04-13,250
SH708975,SO500407,14,2026-04-21,150
SH708976,SO500408,14,2026-05-01,200
SH708977,SO500409,14,2026-05-08,150
SH708978,SO500411,15,2026-05-19,350
SH708979,SO500412,15,2026-05-29,200
SH708980,SO500413,16,2026-06-05,300
SH708981,SO500414,15,2026-06-08,250
SH708982,SO500415,15,2026-06-15,500
SH708983,SO500442,15,2026-06-25,550
SH708984,SO500301,17,2024-03-04,2000
SH708985,SO500302,17,2024-02-28,1000
SH708986,SO500302,17,2024-03-08,1000
SH708987,SO500303,17,2024-02-19,2000
SH708988,SO500304,17,2024-02-14,2000
SH708989,SO500305,17,2024-02-08,2000
SH708990,SO500306,17,2024-02-01,2000
SH708991,SO500307,17,2024-01-24,2000
SH708992,SO500308,17,2024-01-18,2000
SH708993,SO500428,13,2024-01-08,2000
SH708994,SO500429,13,2024-01-08,2000
SH708995,SO500443,9,2024-03-12,4000
SH708996,SO500309,13,2024-03-19,2000
SH708997,SO500310,14,2024-03-25,2000
SH708998,SO500312,16,2024-04-09,3000
SH708999,SO500313,17,2024-04-19,1500
SH709000,SO500313,17,2024-04-24,1500
SH709001,SO500315,17,2024-04-30,5000
SH709002,SO500316,16,2024-05-08,2500
SH709003,SO500436,15,2024-05-15,1500
SH709004,SO500317,17,2024-05-21,2500
SH709005,SO500318,16,2024-05-29,2500
SH709006,SO500437,16,2024-06-07,500
SH709007,SO500319,15,2024-06-14,1500
SH709008,SO500320,17,2024-06-17,4000
SH709009,SO500322,16,2024-07-01,500
SH709010,SO500323,17,2024-07-10,2500
SH709011,SO500324,16,2024-07-18,2000
SH709012,SO500325,16,2024-07-25,4000
SH709013,SO500326,15,2024-08-07,4000
SH709014,SO500327,13,2024-08-07,3000
SH709015,SO500328,16,2024-08-12,1000
SH709016,SO500329,17,2024-08-23,3500
SH709017,SO500330,16,2024-08-30,2000
SH709018,SO500331,17,2024-09-05,1500
SH709019,SO500332,16,2024-09-12,2000
SH709020,SO500332,16,2024-10-02,2000
SH709021,SO500334,12,2024-09-26,2500
SH709022,SO500335,16,2024-10-02,1500
SH709023,SO500336,16,2024-10-10,2500
SH709024,SO500444,13,2024-10-16,4000
SH709025,SO500337,13,2024-10-24,2500
SH709026,SO500338,15,2024-10-28,2500
SH709027,SO500339,14,2024-11-05,500
SH709028,SO500340,15,2024-11-14,3000
SH709029,SO500341,16,2024-11-18,1500
SH709030,SO500342,14,2024-11-27,1500
SH709031,SO500438,12,2024-12-06,1500
SH709032,SO500343,15,2024-12-12,500
SH709033,SO500344,13,2024-12-16,1500
SH709034,SO500345,14,2025-01-01,4500
SH709035,SO500346,15,2024-12-31,1500
SH709036,SO500347,16,2025-01-07,1000
SH709037,SO500347,16,2025-01-29,1000
SH709038,SO500348,13,2025-01-31,2000
SH709039,SO500439,15,2025-01-21,1000
SH709040,SO500439,15,2025-02-11,1000
SH709041,SO500349,16,2025-01-29,3500
SH709042,SO500350,15,2025-02-06,2500
SH709043,SO500351,15,2025-02-14,2500
SH709044,SO500352,14,2025-02-19,1000
SH709045,SO500353,13,2025-02-25,1000
SH709046,SO500354,15,2025-03-06,2000
SH709047,SO500440,13,2025-03-12,2000
SH709048,SO500355,14,2025-03-17,1500
SH709049,SO500356,16,2025-03-27,6500
SH709050,SO500358,15,2025-04-11,2000
SH709051,SO500359,17,2025-04-15,1500
SH709052,SO500360,14,2025-04-21,3500
SH709053,SO500361,15,2025-05-01,1000
SH709054,SO500362,16,2025-05-05,3000
SH709055,SO500363,17,2025-05-13,1500
SH709056,SO500365,17,2025-05-26,3500
SH709057,SO500366,17,2025-06-06,2500
SH709058,SO500367,17,2025-06-10,2500
SH709059,SO500368,16,2025-06-20,5000
SH709060,SO500369,17,2025-06-23,4500
SH709061,SO500370,15,2025-07-04,2500
SH709062,SO500371,14,2025-07-11,4000
SH709063,SO500372,17,2025-07-16,2500
SH709064,SO500373,17,2025-07-24,3500
SH709065,SO500374,17,2025-08-01,2000
SH709066,SO500375,17,2025-08-07,3500
SH709067,SO500375,17,2025-08-21,2500
SH709068,SO500376,16,2025-08-14,500
SH709069,SO500376,16,2025-08-22,1000
SH709070,SO500377,15,2025-08-22,6500
SH709071,SO500378,15,2025-08-27,5500
SH709072,SO500441,13,2025-09-04,1500
SH709073,SO500379,14,2025-09-09,3000
SH709074,SO500380,12,2025-09-18,2000
SH709075,SO500381,12,2025-09-25,4500
SH709076,SO500383,11,2025-10-06,3500
SH709077,SO500389,14,2025-11-18,1000
SH709078,SO500390,13,2025-11-26,500
SH709079,SO500392,13,2025-12-16,4000
SH709080,SO500393,10,2025-12-18,4000
SH709081,SO500394,12,2025-12-25,1000
SH709082,SO500450,11,2025-12-31,500
SH709083,SO500450,11,2026-01-19,500
SH709084,SO500395,14,2026-01-07,2500
SH709085,SO500396,12,2026-01-13,1000
SH709086,SO500396,12,2026-01-20,1000
SH709087,SO500397,13,2026-01-22,4000
SH709088,SO500398,14,2026-01-30,2500
SH709089,SO500399,14,2026-02-06,1500
SH709090,SO500401,11,2026-02-16,1500
SH709091,SO500401,11,2026-03-09,1000
SH709092,SO500402,17,2026-02-25,3500
SH709093,SO500449,12,2026-03-06,2500
SH709094,SO500403,16,2026-03-13,1500
SH709095,SO500405,17,2026-03-27,3000
SH709096,SO500406,15,2026-04-03,1000
SH709097,SO500407,15,2026-04-09,3000
SH709098,SO500408,15,2026-04-16,2500
SH709099,SO500409,15,2026-04-20,3000
SH709100,SO500410,14,2026-04-28,3500
SH709101,SO500411,16,2026-05-08,4000
SH709102,SO500412,16,2026-05-14,3000
SH709103,SO500413,17,2026-05-21,4500
SH709104,SO500414,16,2026-05-25,5000
SH709105,SO500415,16,2026-06-03,2500
SH709106,SO500442,16,2026-06-09,2000
SH709107,SO500416,17,2026-06-16,2500
SH709108,SO500417,17,2026-06-22,1500
SH709109,SO500301,18,2024-05-17,350
SH709110,SO500302,18,2024-05-09,350
SH709111,SO500303,18,2024-05-02,350
SH709112,SO500304,18,2024-04-26,350
SH709113,SO500305,18,2024-04-17,350
SH709114,SO500306,18,2024-04-08,350
SH709115,SO500307,18,2024-04-01,350
SH709116,SO500308,18,2024-03-28,200
SH709117,SO500308,18,2024-04-12,150
SH709118,SO500428,14,2024-03-18,350
SH709119,SO500429,14,2024-03-11,350
SH709120,SO500430,12,2024-03-05,350
SH709121,SO500431,12,2024-02-28,350
SH709122,SO500432,6,2024-02-23,350
SH709123,SO500433,6,2024-02-13,350
SH709124,SO500434,6,2024-02-06,350
SH709125,SO500435,6,2024-01-30,350
SH709126,SO500445,3,2024-01-23,350
SH709127,SO500446,3,2024-01-15,350
SH709128,SO500447,3,2024-01-12,350
SH709129,SO500448,3,2024-01-02,350
SH709130,SO500443,10,2024-05-20,550
SH709131,SO500309,14,2024-05-29,450
SH709132,SO500310,15,2024-06-07,50
SH709133,SO500312,17,2024-06-18,150
SH709134,SO500313,18,2024-06-26,150
SH709135,SO500314,15,2024-07-04,200
SH709136,SO500315,18,2024-07-10,100
SH709137,SO500436,16,2024-08-01,50
SH709138,SO500317,18,2024-07-30,600
SH709139,SO500318,17,2024-08-07,650
SH709140,SO500437,17,2024-08-16,300
SH709141,SO500319,16,2024-08-21,800
SH709142,SO500320,18,2024-08-30,600
SH709143,SO500321,14,2024-09-05,400
SH709144,SO500321,14,2024-09-09,300
SH709145,SO500322,17,2024-09-13,550
SH709146,SO500323,18,2024-09-19,400
SH709147,SO500324,17,2024-09-26,1000
SH709148,SO500325,17,2024-10-03,750
SH709149,SO500325,17,2024-10-23,550
SH709150,SO500326,16,2024-10-09,1000
SH709151,SO500328,17,2024-10-22,300
SH709152,SO500329,18,2024-10-30,700
SH709153,SO500330,17,2024-11-05,300
SH709154,SO500331,18,2024-11-15,450
SH709155,SO500336,17,2024-12-20,600
SH709156,SO500444,14,2024-12-23,150
SH709157,SO500444,14,2024-12-30,150
SH709158,SO500337,14,2024-12-30,200
SH709159,SO500338,16,2025-01-09,800
SH709160,SO500339,15,2025-01-13,350
SH709161,SO500339,15,2025-01-22,300
SH709162,SO500340,16,2025-01-22,800
SH709163,SO500341,17,2025-02-11,400
SH709164,SO500341,17,2025-02-20,300
SH709165,SO500342,15,2025-02-06,600
SH709166,SO500438,13,2025-02-14,250
SH709167,SO500343,16,2025-02-19,400
SH709168,SO500344,14,2025-02-28,500
SH709169,SO500344,14,2025-03-18,400
SH709170,SO500345,15,2025-03-04,400
SH709171,SO500346,16,2025-03-10,900
SH709172,SO500347,17,2025-03-20,300
SH709173,SO500439,16,2025-04-04,500
SH709174,SO500350,16,2025-04-17,450
SH709175,SO500352,15,2025-05-01,700
SH709176,SO500440,14,2025-05-22,400
SH709177,SO500355,15,2025-05-30,200
SH709178,SO500356,17,2025-06-03,500
SH709179,SO500357,14,2025-06-11,200
SH709180,SO500358,16,2025-06-16,350
SH709181,SO500358,16,2025-07-08,300
SH709182,SO500360,15,2025-07-02,500
SH709183,SO500361,16,2025-07-10,350
SH709184,SO500362,17,2025-07-17,650
SH709185,SO500363,18,2025-07-22,1300
SH709186,SO500364,16,2025-07-31,500
SH709187,SO500365,18,2025-08-07,450
SH709188,SO500366,18,2025-08-11,250
SH709189,SO500367,18,2025-09-23,600
SH709190,SO500368,17,2025-11-10,650
SH709191,SO500369,18,2025-09-01,300
SH709192,SO500369,18,2025-09-18,250
SH709193,SO500370,16,2025-11-07,250
SH709194,SO500371,15,2025-09-16,300
SH709195,SO500372,18,2025-09-23,850
SH709196,SO500373,18,2025-10-03,900
SH709197,SO500374,18,2025-12-15,500
SH709198,SO500375,18,2025-12-04,1200
SH709199,SO500376,17,2025-11-14,300
SH709200,SO500377,16,2025-10-27,400
SH709201,SO500378,16,2025-11-04,1200
SH709202,SO500441,14,2025-11-14,950
SH709203,SO500379,15,2026-01-20,300
SH709204,SO500395,15,2026-06-15,200
SH709205,SO500397,14,2026-04-01,150
SH709206,SO500399,15,2026-04-13,250
SH709207,SO500400,9,2026-06-11,500
SH709208,SO500401,12,2026-04-28,50
SH709209,SO500406,16,2026-06-12,100
SH709210,SO500408,16,2026-06-25,50
SH709211,SO500301,19,2024-03-06,2000
SH709212,SO500302,19,2024-02-28,2000
SH709213,SO500303,19,2024-02-21,2000
SH709214,SO500304,19,2024-02-16,2000
SH709215,SO500305,19,2024-02-06,1000
SH709216,SO500305,19,2024-02-12,1000
SH709217,SO500306,19,2024-01-30,2000
SH709218,SO500307,19,2024-01-24,2000
SH709219,SO500308,19,2024-01-15,2000
SH709220,SO500428,15,2024-01-08,2000
SH709221,SO500429,15,2024-01-04,2000
SH709222,SO500443,11,2024-03-12,2500
SH709223,SO500310,16,2024-03-26,2500
SH709224,SO500311,15,2024-04-02,1500
SH709225,SO500313,19,2024-04-15,1500
SH709226,SO500314,16,2024-04-23,1500
SH709227,SO500315,19,2024-04-29,1500
SH709228,SO500316,17,2024-05-10,1000
SH709229,SO500436,17,2024-05-15,3500
SH709230,SO500317,19,2024-05-20,1500
SH709231,SO500318,18,2024-05-28,1000
SH709232,SO500437,18,2024-06-05,4000
SH709233,SO500319,17,2024-07-04,2000
SH709234,SO500320,19,2024-06-18,4000
SH709235,SO500321,15,2024-06-28,4000
SH709236,SO500322,18,2024-07-03,3500
SH709237,SO500323,19,2024-07-09,5000
SH709238,SO500324,18,2024-07-15,3500
SH709239,SO500325,18,2024-07-26,3000
SH709240,SO500327,14,2024-08-09,2500
SH709241,SO500328,18,2024-08-13,3500
SH709242,SO500329,19,2024-08-19,2500
SH709243,SO500330,18,2024-09-13,1000
SH709244,SO500331,19,2024-09-05,500
SH709245,SO500332,17,2024-09-11,1000
SH709246,SO500333,15,2024-09-20,2500
SH709247,SO500334,13,2024-09-27,3000
SH709248,SO500335,17,2024-10-03,2000
SH709249,SO500335,17,2024-10-16,1500
SH709250,SO500336,18,2024-10-09,500
SH709251,SO500444,15,2024-10-23,1500
SH709252,SO500337,15,2024-10-23,1500
SH709253,SO500338,17,2024-10-28,1500
SH709254,SO500339,16,2024-11-04,1000
SH709255,SO500340,17,2024-12-02,3000
SH709256,SO500341,18,2024-11-22,1500
SH709257,SO500342,16,2024-11-27,500
SH709258,SO500343,17,2024-12-11,500
SH709259,SO500344,15,2024-12-17,1500
SH709260,SO500345,16,2024-12-26,1500
SH709261,SO500346,17,2024-12-30,1500
SH709262,SO500346,17,2025-01-07,1500
SH709263,SO500347,18,2025-01-10,2500
SH709264,SO500439,17,2025-01-20,2500
SH709265,SO500349,17,2025-01-29,3000
SH709266,SO500350,17,2025-02-06,2000
SH709267,SO500351,16,2025-02-13,500
SH709268,SO500351,16,2025-02-27,500
SH709269,SO500352,16,2025-02-19,3000
SH709270,SO500353,14,2025-02-25,1500
SH709271,SO500440,15,2025-03-14,2000
SH709272,SO500355,16,2025-03-20,500
SH709273,SO500356,18,2025-03-26,500
SH709274,SO500357,15,2025-04-01,3000
SH709275,SO500358,17,2025-04-09,1500
SH709276,SO500359,18,2025-04-16,500
SH709277,SO500360,16,2025-04-22,2000
SH709278,SO500361,17,2025-04-29,1500
SH709279,SO500362,18,2025-05-05,5000
SH709280,SO500363,19,2025-05-13,2500
SH709281,SO500364,17,2025-05-21,3500
SH709282,SO500365,19,2025-05-26,2000
SH709283,SO500366,19,2025-06-03,3500
SH709284,SO500367,19,2025-06-12,4000
SH709285,SO500368,18,2025-06-20,2000
SH709286,SO500369,19,2025-06-26,2000
SH709287,SO500370,17,2025-07-23,1000
SH709288,SO500371,16,2025-07-17,1500
SH709289,SO500371,16,2025-07-28,1000
SH709290,SO500372,19,2025-07-15,500
SH709291,SO500373,19,2025-07-21,500
SH709292,SO500374,19,2025-07-31,500
SH709293,SO500376,18,2025-08-14,2000
SH709294,SO500377,17,2025-08-18,1000
SH709295,SO500377,17,2025-09-12,1000
SH709296,SO500378,17,2025-08-28,2500
SH709297,SO500441,15,2025-09-02,3000
SH709298,SO500379,16,2025-09-09,3500
SH709299,SO500380,13,2025-09-18,4000
SH709300,SO500381,13,2025-09-24,4500
SH709301,SO500382,10,2025-09-30,3000
SH709302,SO500384,13,2025-10-17,500
SH709303,SO500385,10,2025-10-24,2500
SH709304,SO500386,12,2025-10-29,1500
SH709305,SO500387,11,2025-11-05,2000
SH709306,SO500388,9,2025-11-20,5000
SH709307,SO500389,15,2025-11-21,500
SH709308,SO500389,15,2025-12-09,500
SH709309,SO500390,14,2025-11-25,2000
SH709310,SO500391,12,2025-12-05,3500
SH709311,SO500392,14,2025-12-26,1500
SH709312,SO500393,11,2025-12-17,2000
SH709313,SO500394,13,2025-12-22,1500
SH709314,SO500450,12,2026-01-01,2500
SH709315,SO500398,15,2026-02-09,500
SH709316,SO500399,16,2026-02-04,3000
SH709317,SO500400,10,2026-03-04,500
SH709318,SO500401,13,2026-02-17,3000
SH709319,SO500449,13,2026-03-17,2500
SH709320,SO500403,18,2026-03-11,4000
SH709321,SO500404,14,2026-03-19,1000
SH709322,SO500405,19,2026-03-26,2000
SH709323,SO500407,16,2026-04-07,500
SH709324,SO500408,17,2026-04-17,2000
SH709325,SO500409,17,2026-04-22,3000
SH709326,SO500410,16,2026-04-28,2500
SH709327,SO500412,18,2026-05-14,2500
SH709328,SO500413,19,2026-05-21,1500
SH709329,SO500413,19,2026-05-25,1000
SH709330,SO500414,18,2026-05-28,2000
SH709331,SO500414,18,2026-06-10,2000
SH709332,SO500415,18,2026-06-03,3000
SH709333,SO500416,19,2026-06-24,2000
SH709334,SO500417,18,2026-06-25,2000
SH709335,SO500301,20,2024-04-10,200
SH709336,SO500302,20,2024-03-13,200
SH709337,SO500303,20,2024-03-06,200
SH709338,SO500304,20,2024-02-26,200
SH709339,SO500305,20,2024-02-22,100
SH709340,SO500305,20,2024-03-11,100
SH709341,SO500306,20,2024-02-13,200
SH709342,SO500307,20,2024-02-08,200
SH709343,SO500308,20,2024-01-29,200
SH709344,SO500428,16,2024-01-22,200
SH709345,SO500429,16,2024-01-18,200
SH709346,SO500430,13,2024-01-09,200
SH709347,SO500431,13,2024-01-03,100
SH709348,SO500431,13,2024-01-10,100
SH709349,SO500443,12,2024-03-28,300
SH709350,SO500309,15,2024-04-05,50
SH709351,SO500309,15,2024-04-22,50
SH709352,SO500310,17,2024-04-09,100
SH709353,SO500311,16,2024-04-19,350
SH709354,SO500312,18,2024-05-14,50
SH709355,SO500314,17,2024-05-06,150
SH709356,SO500315,20,2024-05-14,200
SH709357,SO500316,18,2024-05-21,400
SH709358,SO500436,18,2024-05-28,450
SH709359,SO500317,20,2024-06-03,100
SH709360,SO500318,19,2024-06-14,400
SH709361,SO500437,19,2024-06-20,250
SH709362,SO500319,18,2024-06-25,350
SH709363,SO500320,20,2024-07-05,350
SH709364,SO500322,19,2024-07-15,200
SH709365,SO500323,20,2024-07-23,300
SH709366,SO500324,19,2024-07-30,550
SH709367,SO500325,19,2024-08-21,50
SH709368,SO500326,17,2024-08-21,350
SH709369,SO500327,15,2024-08-23,400
SH709370,SO500328,19,2024-08-26,200
SH709371,SO500329,20,2024-09-02,550
SH709372,SO500330,19,2024-09-09,200
SH709373,SO500332,18,2024-09-24,150
SH709374,SO500334,14,2024-10-11,350
SH709375,SO500335,18,2024-10-17,200
SH709376,SO500336,19,2024-10-25,200
SH709377,SO500444,16,2024-10-31,250
SH709378,SO500337,16,2024-11-06,350
SH709379,SO500338,18,2024-11-13,450
SH709380,SO500339,17,2024-11-18,450
SH709381,SO500340,18,2024-11-27,400
SH709382,SO500341,19,2024-12-06,50
SH709383,SO500342,17,2024-12-09,250
SH709384,SO500438,14,2024-12-17,150
SH709385,SO500344,16,2025-01-17,50
SH709386,SO500345,17,2025-01-07,250
SH709387,SO500346,18,2025-01-17,50
SH709388,SO500347,19,2025-01-20,150
SH709389,SO500347,19,2025-02-04,100
SH709390,SO500348,14,2025-02-21,250
SH709391,SO500439,18,2025-02-07,150
SH709392,SO500349,18,2025-02-13,300
SH709393,SO500350,18,2025-03-11,200
SH709394,SO500351,17,2025-02-24,250
SH709395,SO500352,17,2025-03-07,50
SH709396,SO500353,15,2025-04-03,100
SH709397,SO500354,16,2025-03-19,50
SH709398,SO500440,16,2025-03-27,150
SH709399,SO500355,17,2025-03-31,100
SH709400,SO500356,19,2025-04-11,150
SH709401,SO500357,16,2025-04-16,350
SH709402,SO500358,18,2025-04-22,350
SH709403,SO500359,19,2025-05-02,300
SH709404,SO500360,17,2025-05-28,300
SH709405,SO500361,18,2025-05-16,50
SH709406,SO500362,19,2025-05-20,650
SH709407,SO500363,20,2025-05-26,150
SH709408,SO500364,18,2025-06-05,200
SH709409,SO500365,20,2025-06-09,350
SH709410,SO500367,20,2025-06-27,250
SH709411,SO500368,19,2025-07-02,200
SH709412,SO500369,20,2025-07-10,400
SH709413,SO500371,17,2025-07-21,150
SH709414,SO500372,20,2025-07-30,300
SH709415,SO500373,20,2025-08-08,300
SH709416,SO500374,20,2025-08-13,350
SH709417,SO500375,19,2025-08-20,800
SH709418,SO500376,19,2025-08-25,300
SH709419,SO500377,18,2025-09-05,50
SH709420,SO500377,18,2025-09-17,100
SH709421,SO500378,18,2025-09-09,150
SH709422,SO500441,16,2025-09-17,100
SH709423,SO500379,17,2025-09-23,400
SH709424,SO500380,14,2025-09-29,350
SH709425,SO500381,14,2025-10-09,350
SH709426,SO500384,14,2025-10-29,150
SH709427,SO500385,11,2025-11-04,200
SH709428,SO500386,13,2025-11-12,200
SH709429,SO500388,10,2025-11-26,250
SH709430,SO500389,16,2025-12-12,50
SH709431,SO500390,15,2025-12-09,300
SH709432,SO500391,13,2025-12-18,300
SH709433,SO500393,12,2026-01-01,250
SH709434,SO500394,14,2026-01-05,100
SH709435,SO500450,13,2026-01-12,400
SH709436,SO500396,13,2026-01-26,150
SH709437,SO500398,16,2026-02-09,50
SH709438,SO500399,17,2026-02-17,200
SH709439,SO500399,17,2026-03-11,150
SH709440,SO500400,11,2026-02-23,100
SH709441,SO500401,14,2026-03-04,100
SH709442,SO500402,18,2026-03-10,100
SH709443,SO500449,14,2026-03-19,150
SH709444,SO500403,19,2026-03-26,200
SH709445,SO500404,15,2026-04-03,350
SH709446,SO500405,20,2026-04-10,300
SH709447,SO500406,17,2026-04-16,200
SH709448,SO500407,17,2026-04-23,150
SH709449,SO500408,18,2026-04-30,500
SH709450,SO500409,18,2026-05-05,150
SH709451,SO500410,17,2026-05-11,150
SH709452,SO500412,19,2026-05-26,150
SH709453,SO500413,20,2026-06-05,150
SH709454,SO500414,19,2026-06-10,50
SH709455,SO500415,19,2026-06-16,450
SH709456,SO500301,21,2024-03-21,500
SH709457,SO500302,21,2024-03-12,500
SH709458,SO500303,21,2024-03-05,500
SH709459,SO500304,21,2024-02-26,500
SH709460,SO500305,21,2024-02-19,500
SH709461,SO500306,21,2024-02-12,500
SH709462,SO500307,21,2024-02-09,300
SH709463,SO500307,21,2024-02-26,200
SH709464,SO500308,21,2024-02-01,500
SH709465,SO500428,17,2024-01-24,500
SH709466,SO500429,17,2024-01-15,500
SH709467,SO500430,14,2024-01-12,500
SH709468,SO500431,14,2024-01-05,500
SH709469,SO500443,13,2024-03-25,550
SH709470,SO500309,16,2024-04-03,200
SH709471,SO500310,18,2024-04-12,1350
SH709472,SO500311,17,2024-04-15,650
SH709473,SO500312,19,2024-04-24,400
SH709474,SO500313,20,2024-05-02,350
SH709475,SO500314,18,2024-05-10,800
SH709476,SO500315,21,2024-05-15,300
SH709477,SO500316,19,2024-05-20,150
SH709478,SO500436,19,2024-05-27,1200
SH709479,SO500318,20,2024-06-12,50
SH709480,SO500437,20,2024-06-19,450
SH709481,SO500319,19,2024-06-24,150
SH709482,SO500320,21,2024-07-02,700
SH709483,SO500321,16,2024-07-09,700
SH709484,SO500322,20,2024-07-19,1050
SH709485,SO500323,21,2024-07-22,250
SH709486,SO500324,20,2024-07-30,550
SH709487,SO500325,20,2024-08-08,550
SH709488,SO500326,18,2024-08-13,950
SH709489,SO500327,16,2024-08-20,750
SH709490,SO500328,20,2024-08-29,500
SH709491,SO500329,21,2024-09-06,600
SH709492,SO500330,20,2024-09-09,50
SH709493,SO500331,20,2024-09-16,250
SH709494,SO500331,20,2024-10-03,200
SH709495,SO500332,19,2024-09-25,650
SH709496,SO500333,16,2024-10-01,600
SH709497,SO500334,15,2024-10-09,1050
SH709498,SO500335,19,2024-10-15,700
SH709499,SO500336,20,2024-10-22,350
SH709500,SO500444,17,2024-10-31,200
SH709501,SO500444,17,2024-11-12,200
SH709502,SO500337,17,2024-11-06,600
SH709503,SO500338,19,2024-11-13,350
SH709504,SO500339,18,2024-11-19,250
SH709505,SO500340,19,2024-11-27,650
SH709506,SO500341,20,2024-12-02,400
SH709507,SO500342,18,2024-12-09,250
SH709508,SO500438,15,2024-12-19,550
SH709509,SO500343,18,2024-12-25,250
SH709510,SO500344,17,2025-01-03,450
SH709511,SO500345,18,2025-01-07,200
SH709512,SO500346,19,2025-01-17,300
SH709513,SO500439,19,2025-02-04,150
SH709514,SO500351,18,2025-02-26,350
SH709515,SO500352,18,2025-03-21,400
SH709516,SO500353,16,2025-03-12,450
SH709517,SO500354,17,2025-03-21,650
SH709518,SO500440,17,2025-03-26,250
SH709519,SO500355,18,2025-04-03,600
SH709520,SO500356,20,2025-04-09,1500
SH709521,SO500357,17,2025-04-16,600
SH709522,SO500358,19,2025-04-22,450
SH709523,SO500359,20,2025-05-01,750
SH709524,SO500360,18,2025-05-30,200
SH709525,SO500360,18,2025-06-06,200
SH709526,SO500361,19,2025-05-16,350
SH709527,SO500362,20,2025-05-20,650
SH709528,SO500363,21,2025-05-27,600
SH709529,SO500365,21,2025-06-13,650
SH709530,SO500366,20,2025-06-17,1100
SH709531,SO500367,21,2025-06-27,50
SH709532,SO500368,20,2025-06-30,800
SH709533,SO500369,21,2025-07-22,700
SH709534,SO500370,18,2025-07-17,500
SH709535,SO500371,18,2025-07-23,650
SH709536,SO500372,21,2025-07-28,1200
SH709537,SO500373,21,2025-08-04,550
SH709538,SO500374,21,2025-08-11,500
SH709539,SO500375,20,2025-08-22,900
SH709540,SO500376,20,2025-08-27,550
SH709541,SO500377,19,2025-09-01,450
SH709542,SO500378,19,2025-09-10,600
SH709543,SO500441,17,2025-09-15,350
SH709544,SO500379,18,2025-09-23,200
SH709545,SO500380,15,2025-10-02,50
SH709546,SO500382,11,2025-10-16,800
SH709547,SO500383,12,2025-10-23,800
SH709548,SO500384,15,2025-10-30,100
SH709549,SO500385,12,2025-11-05,300
SH709550,SO500386,14,2025-11-11,250
SH709551,SO500387,12,2025-11-18,450
SH709552,SO500388,11,2025-11-25,650
SH709553,SO500389,17,2025-12-04,800
SH709554,SO500392,15,2025-12-25,500
SH709555,SO500393,13,2025-12-29,300
SH709556,SO500394,15,2026-01-09,600
SH709557,SO500450,14,2026-01-12,200
SH709558,SO500395,16,2026-01-20,350
SH709559,SO500396,14,2026-01-28,600
SH709560,SO500397,15,2026-02-05,600
SH709561,SO500398,17,2026-02-13,850
SH709562,SO500400,12,2026-02-24,450
SH709563,SO500401,15,2026-03-04,50
SH709564,SO500402,19,2026-03-19,250
SH709565,SO500449,15,2026-03-24,150
SH709566,SO500449,15,2026-04-02,100
SH709567,SO500403,20,2026-03-23,400
SH709568,SO500404,16,2026-03-30,350
SH709569,SO500406,18,2026-04-15,800
SH709570,SO500407,18,2026-04-20,200
SH709571,SO500408,19,2026-04-27,1200
SH709572,SO500409,19,2026-05-07,350
SH709573,SO500410,18,2026-05-18,550
SH709574,SO500411,18,2026-05-22,1000
SH709575,SO500412,20,2026-05-27,500
SH709576,SO500413,21,2026-06-01,900
SH709577,SO500414,20,2026-06-10,450
SH709578,SO500415,20,2026-06-17,750
SH709579,SO500442,20,2026-06-22,50
SH709580,SO500301,22,2024-05-14,350
SH709581,SO500302,22,2024-05-06,200
SH709582,SO500302,22,2024-05-23,150
SH709583,SO500303,22,2024-04-29,350
SH709584,SO500304,22,2024-04-25,350
SH709585,SO500305,22,2024-04-16,350
SH709586,SO500306,22,2024-04-10,350
SH709587,SO500307,22,2024-04-01,350
SH709588,SO500308,22,2024-03-27,350
SH709589,SO500428,18,2024-03-18,350
SH709590,SO500429,18,2024-03-13,200
SH709591,SO500429,18,2024-03-25,150
SH709592,SO500430,15,2024-03-07,350
SH709593,SO500431,15,2024-02-26,350
SH709594,SO500432,7,2024-02-19,200
SH709595,SO500432,7,2024-03-07,150
SH709596,SO500433,7,2024-02-15,350
SH709597,SO500434,7,2024-02-09,350
SH709598,SO500435,7,2024-01-30,350
SH709599,SO500445,4,2024-01-26,350
SH709600,SO500446,4,2024-01-19,350
SH709601,SO500447,4,2024-01-11,200
SH709602,SO500447,4,2024-01-22,150
SH709603,SO500448,4,2024-01-03,350
SH709604,SO500310,19,2024-06-18,200
SH709605,SO500312,20,2024-06-18,300
SH709606,SO500312,20,2024-07-01,200
SH709607,SO500313,21,2024-06-24,200
SH709608,SO500314,19,2024-07-01,600
SH709609,SO500315,22,2024-07-11,100
SH709610,SO500316,20,2024-07-15,150
SH709611,SO500316,20,2024-07-22,100
SH709612,SO500436,20,2024-07-26,50
SH709613,SO500436,20,2024-07-29,100
SH709614,SO500317,21,2024-08-01,1250
SH709615,SO500318,21,2024-08-08,1250
SH709616,SO500437,21,2024-08-12,950
SH709617,SO500319,20,2024-08-21,1000
SH709618,SO500320,22,2024-08-30,100
SH709619,SO500321,17,2024-09-06,700
SH709620,SO500322,21,2024-09-11,600
SH709621,SO500323,22,2024-09-17,1000
SH709622,SO500330,21,2024-11-08,450
SH709623,SO500332,20,2024-11-19,450
SH709624,SO500333,17,2024-11-29,450
SH709625,SO500334,16,2024-12-11,900
SH709626,SO500335,20,2024-12-13,600
SH709627,SO500336,21,2024-12-20,550
SH709628,SO500444,18,2024-12-27,200
SH709629,SO500337,18,2024-12-31,350
SH709630,SO500338,20,2025-01-06,450
SH709631,SO500339,19,2025-01-13,300
SH709632,SO500340,20,2025-01-23,600
SH709633,SO500342,19,2025-02-06,200
SH709634,SO500438,16,2025-02-14,200
SH709635,SO500343,19,2025-02-21,200
SH709636,SO500344,18,2025-02-27,150
SH709637,SO500345,19,2025-03-07,300
SH709638,SO500346,20,2025-03-12,350
SH709639,SO500348,15,2025-03-24,100
SH709640,SO500439,20,2025-04-01,600
SH709641,SO500349,19,2025-04-11,450
SH709642,SO500350,19,2025-04-17,450
SH709643,SO500351,19,2025-04-24,200
SH709644,SO500352,19,2025-04-29,500
SH709645,SO500353,17,2025-05-07,400
SH709646,SO500353,17,2025-05-30,300
SH709647,SO500354,18,2025-05-13,1150
SH709648,SO500440,18,2025-05-21,400
SH709649,SO500356,21,2025-06-02,400
SH709650,SO500357,18,2025-06-13,600
SH709651,SO500358,20,2025-06-18,700
SH709652,SO500359,21,2025-06-23,150
SH709653,SO500359,21,2025-06-30,150
SH709654,SO500361,20,2025-07-07,150
SH709655,SO500361,20,2025-07-18,150
SH709656,SO500362,21,2025-07-14,900
SH709657,SO500363,22,2025-07-24,650
SH709658,SO500364,19,2025-08-01,1000
SH709659,SO500365,22,2025-08-07,550
SH709660,SO500366,21,2025-08-12,500
SH709661,SO500367,22,2025-09-25,200
SH709662,SO500367,22,2025-09-30,200
SH709663,SO500368,21,2025-10-28,400
SH709664,SO500369,22,2025-10-29,250
SH709665,SO500370,19,2025-09-09,300
SH709666,SO500370,19,2025-09-16,200
SH709667,SO500371,19,2025-09-19,1600
SH709668,SO500372,22,2025-12-18,150
SH709669,SO500373,22,2025-10-09,700
SH709670,SO500374,22,2025-10-10,400
SH709671,SO500375,21,2025-10-15,900
SH709672,SO500376,21,2025-12-05,950
SH709673,SO500377,20,2025-10-27,400
SH709674,SO500378,20,2025-11-05,950
SH709675,SO500379,19,2025-11-20,700
SH709676,SO500394,16,2026-05-13,200
SH709677,SO500450,15,2026-06-22,250
SH709678,SO500395,17,2026-06-03,200
SH709679,SO500397,16,2026-04-03,300
SH709680,SO500404,17,2026-05-29,100
SH709681,SO500405,21,2026-06-01,150
SH709682,SO500408,20,2026-06-25,200
SH709683,SO500301,23,2024-03-05,3500
SH709684,SO500302,23,2024-02-29,3500
SH709685,SO500303,23,2024-02-20,3500
SH709686,SO500304,23,2024-02-23,3500
SH709687,SO500305,23,2024-02-08,3500
SH709688,SO500306,23,2024-01-29,3500
SH709689,SO500307,23,2024-01-24,3500
SH709690,SO500308,23,2024-01-17,3500
SH709691,SO500428,19,2024-01-09,3500
SH709692,SO500429,19,2024-01-04,3500
SH709693,SO500443,14,2024-03-11,5000
SH709694,SO500309,17,2024-03-18,4500
SH709695,SO500311,18,2024-04-01,3000
SH709696,SO500312,21,2024-04-11,3000
SH709697,SO500314,20,2024-04-24,4500
SH709698,SO500315,23,2024-04-30,1500
SH709699,SO500315,23,2024-05-06,1500
SH709700,SO500316,21,2024-05-09,500
SH709701,SO500436,21,2024-05-14,3500
SH709702,SO500317,22,2024-05-20,7000
SH709703,SO500318,22,2024-05-30,4500
SH709704,SO500437,22,2024-06-26,1500
SH709705,SO500319,21,2024-06-11,6500
SH709706,SO500320,23,2024-06-18,1000
SH709707,SO500321,18,2024-06-27,4000
SH709708,SO500322,22,2024-07-03,3500
SH709709,SO500323,23,2024-07-08,1500
SH709710,SO500324,21,2024-07-15,8000
SH709711,SO500325,21,2024-07-24,6000
SH709712,SO500326,19,2024-08-02,9000
SH709713,SO500327,17,2024-08-06,8000
SH709714,SO500328,21,2024-08-15,2000
SH709715,SO500329,22,2024-08-21,4500
SH709716,SO500330,22,2024-08-29,6500
SH709717,SO500331,21,2024-09-04,5000
SH709718,SO500333,18,2024-09-18,2000
SH709719,SO500334,17,2024-09-24,3500
SH709720,SO500336,22,2024-10-10,7500
SH709721,SO500444,19,2024-10-18,4000
SH709722,SO500337,19,2024-10-22,4000
SH709723,SO500338,21,2024-10-28,1500
SH709724,SO500338,21,2024-11-08,1000
SH709725,SO500339,20,2024-11-06,6000
SH709726,SO500340,21,2024-11-15,2000
SH709727,SO500341,21,2024-11-18,1500
SH709728,SO500438,17,2024-12-02,2000
SH709729,SO500343,20,2024-12-10,1500
SH709730,SO500343,20,2025-01-03,1500
SH709731,SO500345,20,2024-12-27,5000
SH709732,SO500346,21,2025-01-01,3000
SH709733,SO500347,20,2025-01-06,3000
SH709734,SO500348,16,2025-01-13,2500
SH709735,SO500439,21,2025-01-24,3000
SH709736,SO500350,20,2025-02-07,4000
SH709737,SO500351,20,2025-02-10,2500
SH709738,SO500352,20,2025-02-17,500
SH709739,SO500353,18,2025-02-28,4500
SH709740,SO500440,19,2025-03-12,500
SH709741,SO500355,19,2025-03-19,7000
SH709742,SO500356,22,2025-03-26,5500
SH709743,SO500358,21,2025-04-09,2000
SH709744,SO500358,21,2025-04-28,1500
SH709745,SO500359,22,2025-04-16,5000
SH709746,SO500360,19,2025-04-21,1000
SH709747,SO500361,21,2025-04-29,3500
SH709748,SO500362,22,2025-05-14,3000
SH709749,SO500363,23,2025-05-15,5000
SH709750,SO500364,20,2025-05-21,6000
SH709751,SO500365,23,2025-05-26,8000
SH709752,SO500366,22,2025-06-05,7500
SH709753,SO500367,23,2025-06-10,7000
SH709754,SO500368,22,2025-06-19,3000
SH709755,SO500369,23,2025-06-25,8000
SH709756,SO500370,20,2025-07-04,7000
SH709757,SO500371,20,2025-07-09,7500
SH709758,SO500372,23,2025-07-18,11500
SH709759,SO500373,23,2025-07-21,1500
SH709760,SO500373,23,2025-07-31,1500
SH709761,SO500374,23,2025-07-31,2000
SH709762,SO500375,22,2025-08-08,1500
SH709763,SO500376,22,2025-08-15,6500
SH709764,SO500377,21,2025-08-19,3000
SH709765,SO500378,21,2025-08-28,10500
SH709766,SO500441,18,2025-09-03,1500
SH709767,SO500380,16,2025-09-15,500
SH709768,SO500381,15,2025-09-24,1500
SH709769,SO500381,15,2025-09-30,1500
SH709770,SO500382,12,2025-09-30,1000
SH709771,SO500383,13,2025-10-08,3000
SH709772,SO500384,16,2025-10-16,9000
SH709773,SO500385,13,2025-10-23,500
SH709774,SO500386,15,2025-10-29,2000
SH709775,SO500387,13,2025-11-05,4500
SH709776,SO500388,12,2025-11-14,8500
SH709777,SO500389,18,2025-11-19,2500
SH709778,SO500389,18,2025-11-26,2000
SH709779,SO500390,16,2025-11-28,3500
SH709780,SO500391,14,2025-12-08,2000
SH709781,SO500391,14,2025-12-24,1500
SH709782,SO500393,14,2025-12-18,2500
SH709783,SO500394,17,2025-12-23,6000
SH709784,SO500450,16,2025-12-30,2500
SH709785,SO500397,17,2026-01-22,3000
SH709786,SO500398,19,2026-01-30,3500
SH709787,SO500399,18,2026-02-02,500
SH709788,SO500400,13,2026-02-09,6500
SH709789,SO500402,20,2026-02-24,500
SH709790,SO500449,16,2026-03-02,5000
SH709791,SO500403,22,2026-03-13,5500
SH709792,SO500404,18,2026-03-17,5500
SH709793,SO500405,22,2026-03-26,4000
SH709794,SO500406,19,2026-04-03,6500
SH709795,SO500408,21,2026-04-13,500
SH709796,SO500409,21,2026-04-24,2500
SH709797,SO500409,21,2026-05-12,2000
SH709798,SO500410,20,2026-04-28,6000
SH709799,SO500411,19,2026-05-07,4000
SH709800,SO500412,21,2026-05-15,500
SH709801,SO500413,22,2026-05-21,1500
SH709802,SO500414,22,2026-05-27,5500
SH709803,SO500415,22,2026-06-01,3500
SH709804,SO500415,22,2026-06-12,3000
SH709805,SO500442,22,2026-06-08,2500
SH709806,SO500416,23,2026-06-17,3000
SH709807,SO500417,21,2026-06-22,4000
SH709808,SO500301,24,2024-03-18,1000
SH709809,SO500302,24,2024-03-11,1000
SH709810,SO500303,24,2024-03-05,1000
SH709811,SO500304,24,2024-02-26,1000
SH709812,SO500305,24,2024-02-23,1000
SH709813,SO500306,24,2024-02-14,1000
SH709814,SO500307,24,2024-02-07,1000
SH709815,SO500308,24,2024-02-12,1000
SH709816,SO500428,20,2024-01-23,1000
SH709817,SO500429,20,2024-01-18,1000
SH709818,SO500430,16,2024-01-12,1000
SH709819,SO500431,16,2024-01-03,1000
SH709820,SO500309,18,2024-04-03,250
SH709821,SO500310,20,2024-04-24,250
SH709822,SO500311,19,2024-04-17,1500
SH709823,SO500312,22,2024-04-23,500
SH709824,SO500313,22,2024-04-29,750
SH709825,SO500314,21,2024-05-06,500
SH709826,SO500315,24,2024-05-17,1250
SH709827,SO500316,22,2024-05-24,3000
SH709828,SO500436,22,2024-05-30,3250
SH709829,SO500317,23,2024-06-03,1500
SH709830,SO500318,23,2024-06-10,1000
SH709831,SO500437,23,2024-06-20,2000
SH709832,SO500319,22,2024-06-26,2250
SH709833,SO500320,24,2024-07-04,1750
SH709834,SO500321,19,2024-07-11,1750
SH709835,SO500322,23,2024-07-19,500
SH709836,SO500324,22,2024-07-31,1500
SH709837,SO500325,22,2024-08-09,1250
SH709838,SO500326,20,2024-08-14,1000
SH709839,SO500328,22,2024-08-28,500
SH709840,SO500329,23,2024-09-03,500
SH709841,SO500330,23,2024-09-09,1250
SH709842,SO500331,22,2024-09-20,2750
SH709843,SO500332,21,2024-09-25,1250
SH709844,SO500333,19,2024-10-04,1000
SH709845,SO500334,18,2024-10-07,250
SH709846,SO500335,21,2024-10-15,2500
SH709847,SO500336,23,2024-10-25,1500
SH709848,SO500337,20,2024-11-06,1250
SH709849,SO500338,22,2024-11-11,250
SH709850,SO500340,22,2024-11-29,750
SH709851,SO500341,22,2024-12-04,1500
SH709852,SO500438,18,2024-12-18,1500
SH709853,SO500343,21,2024-12-23,2250
SH709854,SO500345,21,2025-01-10,250
SH709855,SO500346,22,2025-01-15,750
SH709856,SO500346,22,2025-01-28,750
SH709857,SO500347,21,2025-01-20,500
SH709858,SO500348,17,2025-02-05,750
SH709859,SO500348,17,2025-02-10,500
SH709860,SO500439,22,2025-02-06,1000
SH709861,SO500350,21,2025-02-19,500
SH709862,SO500351,21,2025-02-27,750
SH709863,SO500352,21,2025-03-05,1250
SH709864,SO500353,19,2025-03-10,1750
SH709865,SO500354,19,2025-03-19,1000
SH709866,SO500440,20,2025-03-28,500
SH709867,SO500355,20,2025-04-04,750
SH709868,SO500356,23,2025-04-08,1750
SH709869,SO500357,19,2025-04-14,250
SH709870,SO500358,22,2025-04-23,750
SH709871,SO500359,23,2025-04-30,1750
SH709872,SO500360,20,2025-05-07,500
SH709873,SO500361,22,2025-05-16,1750
SH709874,SO500362,23,2025-05-19,1250
SH709875,SO500363,24,2025-05-30,1250
SH709876,SO500364,21,2025-06-06,750
SH709877,SO500365,24,2025-06-12,1250
SH709878,SO500366,23,2025-06-17,1000
SH709879,SO500367,24,2025-06-26,1750
SH709880,SO500368,23,2025-07-02,1250
SH709881,SO500369,24,2025-07-07,1000
SH709882,SO500370,21,2025-07-16,1500
SH709883,SO500371,21,2025-07-24,750
SH709884,SO500372,24,2025-07-31,250
SH709885,SO500372,24,2025-08-21,500
SH709886,SO500373,24,2025-08-08,2000
SH709887,SO500374,24,2025-08-12,1500
SH709888,SO500375,23,2025-08-18,750
SH709889,SO500376,23,2025-08-28,2000
SH709890,SO500377,22,2025-09-03,750
SH709891,SO500378,22,2025-09-12,250
SH709892,SO500378,22,2025-09-19,500
SH709893,SO500441,19,2025-09-17,1000
SH709894,SO500441,19,2025-10-01,750
SH709895,SO500379,20,2025-09-25,2250
SH709896,SO500380,17,2025-10-01,750
SH709897,SO500381,16,2025-10-10,1000
SH709898,SO500382,13,2025-10-14,2500
SH709899,SO500383,14,2025-10-21,1000
SH709900,SO500384,17,2025-10-31,2000
SH709901,SO500385,14,2025-11-04,250
SH709902,SO500386,16,2025-11-11,500
SH709903,SO500387,14,2025-11-19,1000
SH709904,SO500388,13,2025-11-24,1250
SH709905,SO500389,19,2025-12-05,1000
SH709906,SO500391,15,2025-12-18,1000
SH709907,SO500392,16,2025-12-24,1000
SH709908,SO500393,15,2026-01-21,1500
SH709909,SO500394,18,2026-01-08,1500
SH709910,SO500450,17,2026-01-14,500
SH709911,SO500395,18,2026-02-03,750
SH709912,SO500396,15,2026-01-27,750
SH709913,SO500397,18,2026-02-02,1750
SH709914,SO500398,20,2026-02-10,250
SH709915,SO500399,19,2026-02-17,500
SH709916,SO500400,14,2026-02-26,750
SH709917,SO500401,16,2026-03-03,1500
SH709918,SO500402,21,2026-03-10,750
SH709919,SO500449,17,2026-03-17,2500
SH709920,SO500403,23,2026-04-14,750
SH709921,SO500404,19,2026-03-30,500
SH709922,SO500405,23,2026-04-08,2750
SH709923,SO500406,20,2026-04-13,500
SH709924,SO500407,19,2026-04-24,1500
SH709925,SO500408,22,2026-04-28,1500
SH709926,SO500409,22,2026-05-04,750
SH709927,SO500410,21,2026-05-15,750
SH709928,SO500411,20,2026-05-21,500
SH709929,SO500412,22,2026-05-26,1750
SH709930,SO500413,23,2026-06-04,2000
SH709931,SO500414,23,2026-06-09,500
SH709932,SO500415,23,2026-06-17,1500
SH709933,SO500442,23,2026-06-24,750
SH709934,SO500301,25,2024-03-19,450
SH709935,SO500302,25,2024-03-11,450
SH709936,SO500303,25,2024-03-04,450
SH709937,SO500304,25,2024-02-26,450
SH709938,SO500305,25,2024-02-23,450
SH709939,SO500306,25,2024-02-15,450
SH709940,SO500307,25,2024-02-06,450
SH709941,SO500308,25,2024-01-31,450
SH709942,SO500428,21,2024-01-26,450
SH709943,SO500429,21,2024-01-18,450
SH709944,SO500430,17,2024-01-08,450
SH709945,SO500431,17,2024-01-01,450
SH709946,SO500443,15,2024-03-27,350
SH709947,SO500309,19,2024-04-04,100
SH709948,SO500310,21,2024-04-12,400
SH709949,SO500311,20,2024-04-15,350
SH709950,SO500312,23,2024-04-26,100
SH709951,SO500313,23,2024-04-30,300
SH709952,SO500314,22,2024-05-15,600
SH709953,SO500315,25,2024-06-06,150
SH709954,SO500316,23,2024-05-20,400
SH709955,SO500436,23,2024-05-31,550
SH709956,SO500317,24,2024-06-05,350
SH709957,SO500318,24,2024-06-10,800
SH709958,SO500437,24,2024-06-18,650
SH709959,SO500319,23,2024-07-15,1200
SH709960,SO500320,25,2024-07-05,200
SH709961,SO500321,20,2024-07-09,550
SH709962,SO500321,20,2024-07-31,400
SH709963,SO500322,24,2024-07-17,800
SH709964,SO500323,24,2024-07-23,750
SH709965,SO500324,23,2024-07-29,150
SH709966,SO500325,23,2024-08-05,150
SH709967,SO500326,21,2024-08-16,650
SH709968,SO500330,24,2024-09-10,650
SH709969,SO500331,23,2024-09-19,700
SH709970,SO500332,22,2024-09-26,650
SH709971,SO500333,20,2024-10-02,650
SH709972,SO500334,19,2024-10-07,650
SH709973,SO500335,22,2024-11-07,1300
SH709974,SO500336,24,2024-10-22,1400
SH709975,SO500444,20,2024-10-28,950
SH709976,SO500337,21,2024-11-07,250
SH709977,SO500338,23,2024-11-14,300
SH709978,SO500339,21,2024-11-22,650
SH709979,SO500340,23,2024-11-28,400
SH709980,SO500342,20,2024-12-09,500
SH709981,SO500438,19,2024-12-20,150
SH709982,SO500343,22,2024-12-26,450
SH709983,SO500344,19,2024-12-31,350
SH709984,SO500344,19,2025-01-06,300
SH709985,SO500345,22,2025-01-09,250
SH709986,SO500347,22,2025-01-20,600
SH709987,SO500348,18,2025-01-30,750
SH709988,SO500439,23,2025-02-06,100
SH709989,SO500349,20,2025-02-10,950
SH709990,SO500350,22,2025-02-20,50
SH709991,SO500351,22,2025-02-27,150
SH709992,SO500352,22,2025-03-07,500
SH709993,SO500353,20,2025-03-13,550
SH709994,SO500354,20,2025-03-21,200
SH709995,SO500440,21,2025-03-25,550
SH709996,SO500355,21,2025-04-03,200
SH709997,SO500357,20,2025-04-14,550
SH709998,SO500358,23,2025-04-22,250
SH709999,SO500359,24,2025-05-02,400
SH710000,SO500360,21,2025-05-15,550
SH710001,SO500361,23,2025-05-15,700
SH710002,SO500362,24,2025-05-20,550
SH710003,SO500363,25,2025-05-30,600
SH710004,SO500364,22,2025-06-03,350
SH710005,SO500364,22,2025-06-10,250
SH710006,SO500365,25,2025-06-10,450
SH710007,SO500366,24,2025-06-18,700
SH710008,SO500367,25,2025-06-24,950
SH710009,SO500368,24,2025-07-03,400
SH710010,SO500368,24,2025-07-14,300
SH710011,SO500369,25,2025-07-09,850
SH710012,SO500370,22,2025-07-16,150
SH710013,SO500371,22,2025-07-24,1000
SH710014,SO500372,25,2025-07-29,600
SH710015,SO500373,25,2025-08-21,750
SH710016,SO500374,25,2025-08-15,150
SH710017,SO500375,24,2025-08-19,450
SH710018,SO500375,24,2025-09-08,350
SH710019,SO500376,24,2025-08-26,550
SH710020,SO500377,23,2025-09-01,850
SH710021,SO500378,23,2025-09-12,1000
SH710022,SO500379,21,2025-09-25,700
SH710023,SO500380,18,2025-10-02,350
SH710024,SO500381,17,2025-10-09,1000
SH710025,SO500382,14,2025-10-15,200
SH710026,SO500383,15,2025-10-21,350
SH710027,SO500385,15,2025-11-05,200
SH710028,SO500386,17,2025-11-13,550
SH710029,SO500387,15,2025-11-18,50
SH710030,SO500388,14,2025-11-26,750
SH710031,SO500390,17,2025-12-10,150
SH710032,SO500391,16,2025-12-16,650
SH710033,SO500392,17,2025-12-25,250
SH710034,SO500450,18,2026-01-13,50
SH710035,SO500395,19,2026-01-26,500
SH710036,SO500396,16,2026-01-30,400
SH710037,SO500397,19,2026-02-16,300
SH710038,SO500398,21,2026-02-09,150
SH710039,SO500399,20,2026-02-20,750
SH710040,SO500400,15,2026-02-23,900
SH710041,SO500401,17,2026-03-03,650
SH710042,SO500402,22,2026-03-12,600
SH710043,SO500449,18,2026-03-19,350
SH710044,SO500403,24,2026-03-26,200
SH710045,SO500404,20,2026-03-30,400
SH710046,SO500405,24,2026-04-10,150
SH710047,SO500406,21,2026-04-15,50
SH710048,SO500406,21,2026-04-21,50
SH710049,SO500407,20,2026-04-21,250
SH710050,SO500407,20,2026-04-29,200
SH710051,SO500408,23,2026-04-27,250
SH710052,SO500409,23,2026-05-07,1100
SH710053,SO500410,22,2026-05-12,450
SH710054,SO500411,21,2026-05-22,650
SH710055,SO500412,23,2026-05-26,550
SH710056,SO500413,24,2026-06-02,450
SH710057,SO500414,24,2026-06-08,350
SH710058,SO500415,24,2026-06-17,350
SH710059,SO500442,24,2026-06-26,1150
SH710060,SO500301,26,2024-03-21,1000
SH710061,SO500302,26,2024-03-15,1000
SH710062,SO500303,26,2024-03-04,1000
SH710063,SO500304,26,2024-03-01,1000
SH710064,SO500305,26,2024-02-22,1000
SH710065,SO500306,26,2024-02-14,500
SH710066,SO500306,26,2024-03-08,500
SH710067,SO500307,26,2024-02-05,500
SH710068,SO500307,26,2024-02-14,500
SH710069,SO500308,26,2024-02-02,1000
SH710070,SO500428,22,2024-01-23,1000
SH710071,SO500429,22,2024-01-16,1000
SH710072,SO500430,18,2024-01-10,1000
SH710073,SO500431,18,2024-01-04,1000
SH710074,SO500443,16,2024-03-26,2000
SH710075,SO500309,20,2024-04-25,1250
SH710076,SO500310,22,2024-04-08,1000
SH710077,SO500311,21,2024-04-18,250
SH710078,SO500312,24,2024-04-26,1250
SH710079,SO500313,24,2024-05-01,750
SH710080,SO500314,23,2024-05-07,1500
SH710081,SO500315,26,2024-05-16,500
SH710082,SO500316,24,2024-05-21,500
SH710083,SO500436,24,2024-05-30,500
SH710084,SO500317,25,2024-06-07,1500
SH710085,SO500318,25,2024-06-21,2250
SH710086,SO500437,25,2024-06-17,1000
SH710087,SO500319,24,2024-06-27,1250
SH710088,SO500320,26,2024-07-05,1000
SH710089,SO500321,21,2024-07-12,2750
SH710090,SO500322,25,2024-07-19,4000
SH710091,SO500323,25,2024-07-22,2000
SH710092,SO500324,24,2024-07-30,2000
SH710093,SO500325,24,2024-08-08,750
SH710094,SO500326,22,2024-08-16,2500
SH710095,SO500327,18,2024-08-21,1250
SH710096,SO500328,23,2024-08-27,750
SH710097,SO500329,24,2024-09-02,1500
SH710098,SO500331,24,2024-09-18,2000
SH710099,SO500332,23,2024-09-24,1250
SH710100,SO500333,21,2024-10-04,1000
SH710101,SO500334,20,2024-10-10,500
SH710102,SO500335,23,2024-10-15,750
SH710103,SO500336,25,2024-10-23,2750
SH710104,SO500444,21,2024-10-29,500
SH710105,SO500337,22,2024-11-08,750
SH710106,SO500339,22,2024-11-21,500
SH710107,SO500340,24,2024-11-27,1500
SH710108,SO500341,23,2024-12-03,750
SH710109,SO500342,21,2024-12-12,1500
SH710110,SO500344,20,2025-01-01,1250
SH710111,SO500345,23,2025-01-06,1250
SH710112,SO500346,23,2025-01-17,250
SH710113,SO500347,23,2025-01-20,500
SH710114,SO500348,19,2025-01-29,250
SH710115,SO500349,21,2025-02-13,750
SH710116,SO500349,21,2025-03-05,500
SH710117,SO500350,23,2025-02-18,2500
SH710118,SO500351,23,2025-02-25,1500
SH710119,SO500352,23,2025-03-05,1250
SH710120,SO500353,21,2025-03-12,2250
SH710121,SO500354,21,2025-03-18,1000
SH710122,SO500440,22,2025-03-25,2250
SH710123,SO500355,22,2025-04-04,1500
SH710124,SO500356,24,2025-04-07,750
SH710125,SO500357,21,2025-04-15,1250
SH710126,SO500358,24,2025-04-22,1000
SH710127,SO500359,25,2025-04-30,1750
SH710128,SO500361,24,2025-06-02,2000
SH710129,SO500362,25,2025-05-22,1500
SH710130,SO500363,26,2025-05-28,1500
SH710131,SO500364,23,2025-06-03,2000
SH710132,SO500365,26,2025-06-12,2000
SH710133,SO500366,25,2025-06-19,750
SH710134,SO500367,26,2025-06-27,750
SH710135,SO500368,25,2025-06-30,2000
SH710136,SO500370,23,2025-07-31,1250
SH710137,SO500371,23,2025-07-24,2500
SH710138,SO500372,26,2025-07-31,1750
SH710139,SO500373,26,2025-08-04,1250
SH710140,SO500374,26,2025-08-15,2750
SH710141,SO500375,25,2025-08-19,1750
SH710142,SO500376,25,2025-08-29,750
SH710143,SO500377,24,2025-09-01,2500
SH710144,SO500378,24,2025-09-10,2250
SH710145,SO500441,20,2025-09-18,750
SH710146,SO500441,20,2025-09-30,500
SH710147,SO500379,22,2025-09-23,750
SH710148,SO500380,19,2025-10-03,1750
SH710149,SO500381,18,2025-10-09,1250
SH710150,SO500382,15,2025-10-27,1000
SH710151,SO500383,16,2025-10-24,1250
SH710152,SO500383,16,2025-11-04,1000
SH710153,SO500384,18,2025-10-28,1000
SH710154,SO500385,16,2025-11-07,750
SH710155,SO500386,18,2025-11-12,500
SH710156,SO500387,16,2025-11-18,1500
SH710157,SO500388,15,2025-11-24,1250
SH710158,SO500389,20,2025-12-04,1000
SH710159,SO500390,18,2025-12-09,1500
SH710160,SO500391,17,2025-12-17,1000
SH710161,SO500392,18,2025-12-23,1500
SH710162,SO500393,16,2025-12-31,500
SH710163,SO500394,19,2026-01-06,1250
SH710164,SO500450,19,2026-01-16,250
SH710165,SO500395,20,2026-01-19,500
SH710166,SO500397,20,2026-02-06,500
SH710167,SO500398,22,2026-02-13,1500
SH710168,SO500399,21,2026-02-27,750
SH710169,SO500400,16,2026-02-27,1750
SH710170,SO500401,18,2026-03-03,2250
SH710171,SO500402,23,2026-03-09,1500
SH710172,SO500449,19,2026-03-17,750
SH710173,SO500403,25,2026-04-15,2750
SH710174,SO500404,21,2026-04-08,2000
SH710175,SO500405,25,2026-04-08,1250
SH710176,SO500406,22,2026-04-15,1000
SH710177,SO500407,21,2026-04-24,1250
SH710178,SO500408,24,2026-05-01,500
SH710179,SO500409,24,2026-05-04,750
SH710180,SO500410,23,2026-05-20,2250
SH710181,SO500411,22,2026-05-22,250
SH710182,SO500412,24,2026-05-27,1750
SH710183,SO500413,25,2026-06-05,1500
SH710184,SO500414,25,2026-06-09,2000
SH710185,SO500415,25,2026-06-15,1250
SH710186,SO500442,25,2026-06-23,1000
SH710187,SO500301,27,2024-05-15,350
SH710188,SO500302,27,2024-05-07,350
SH710189,SO500303,27,2024-04-29,350
SH710190,SO500304,27,2024-04-22,350
SH710191,SO500305,27,2024-04-17,350
SH710192,SO500306,27,2024-04-12,350
SH710193,SO500307,27,2024-04-04,350
SH710194,SO500308,27,2024-03-25,350
SH710195,SO500428,23,2024-03-21,350
SH710196,SO500429,23,2024-03-15,350
SH710197,SO500430,19,2024-03-04,350
SH710198,SO500431,19,2024-03-01,350
SH710199,SO500432,8,2024-02-20,350
SH710200,SO500433,8,2024-02-12,350
SH710201,SO500434,8,2024-02-06,350
SH710202,SO500435,8,2024-02-02,200
SH710203,SO500435,8,2024-02-09,150
SH710204,SO500445,5,2024-01-23,350
SH710205,SO500446,5,2024-01-15,350
SH710206,SO500447,5,2024-01-10,350
SH710207,SO500448,5,2024-01-02,350
SH710208,SO500443,17,2024-05-21,150
SH710209,SO500309,21,2024-05-29,450
SH710210,SO500310,23,2024-06-03,400
SH710211,SO500311,22,2024-06-12,100
SH710212,SO500312,25,2024-06-18,550
SH710213,SO500313,25,2024-06-28,250
SH710214,SO500314,24,2024-07-02,350
SH710215,SO500315,27,2024-07-08,200
SH710216,SO500316,25,2024-07-17,300
SH710217,SO500436,25,2024-07-23,50
SH710218,SO500436,25,2024-08-09,100
SH710219,SO500317,26,2024-08-01,100
SH710220,SO500318,26,2024-08-09,750
SH710221,SO500437,26,2024-08-13,300
SH710222,SO500319,25,2024-08-22,800
SH710223,SO500320,27,2024-09-12,300
SH710224,SO500321,22,2024-09-05,850
SH710225,SO500322,26,2024-09-13,200
SH710226,SO500323,26,2024-09-16,750
SH710227,SO500324,25,2024-09-27,950
SH710228,SO500325,25,2024-10-04,100
SH710229,SO500326,23,2024-10-08,850
SH710230,SO500327,19,2024-10-14,800
SH710231,SO500328,24,2024-10-23,500
SH710232,SO500329,25,2024-11-01,800
SH710233,SO500330,25,2024-11-07,350
SH710234,SO500331,25,2024-11-11,300
SH710235,SO500333,22,2024-11-27,650
SH710236,SO500444,22,2025-01-02,150
SH710237,SO500444,22,2025-01-22,100
SH710238,SO500337,23,2024-12-31,600
SH710239,SO500338,24,2025-01-08,450
SH710240,SO500339,23,2025-01-16,1450
SH710241,SO500341,24,2025-01-28,150
SH710242,SO500341,24,2025-02-13,100
SH710243,SO500342,22,2025-02-04,1050
SH710244,SO500438,20,2025-02-11,300
SH710245,SO500343,23,2025-02-20,500
SH710246,SO500344,21,2025-02-28,100
SH710247,SO500347,24,2025-03-19,50
SH710248,SO500348,20,2025-03-27,900
SH710249,SO500439,24,2025-04-01,350
SH710250,SO500349,22,2025-04-09,450
SH710251,SO500350,24,2025-04-15,350
SH710252,SO500351,24,2025-04-25,450
SH710253,SO500352,24,2025-04-28,250
SH710254,SO500353,22,2025-05-08,250
SH710255,SO500358,25,2025-06-18,500
SH710256,SO500359,26,2025-06-24,1300
SH710257,SO500360,22,2025-06-30,500
SH710258,SO500361,25,2025-07-11,500
SH710259,SO500361,25,2025-07-28,400
SH710260,SO500362,26,2025-07-18,1350
SH710261,SO500363,27,2025-07-21,650
SH710262,SO500364,24,2025-08-01,350
SH710263,SO500364,24,2025-08-04,300
SH710264,SO500365,27,2025-10-13,900
SH710265,SO500366,26,2025-08-12,400
SH710266,SO500367,27,2025-10-20,750
SH710267,SO500368,26,2025-08-27,450
SH710268,SO500369,26,2025-11-19,1100
SH710269,SO500370,24,2025-09-08,700
SH710270,SO500371,24,2025-10-21,450
SH710271,SO500372,27,2025-10-22,600
SH710272,SO500374,27,2025-12-22,400
SH710273,SO500376,26,2025-10-23,150
SH710274,SO500378,25,2025-11-03,300
SH710275,SO500441,21,2025-12-23,250
SH710276,SO500379,23,2026-01-15,1100
SH710277,SO500380,20,2026-02-26,550
SH710278,SO500381,19,2026-01-28,250
SH710279,SO500381,19,2026-02-12,200
SH710280,SO500382,16,2026-02-19,350
SH710281,SO500383,17,2025-12-17,800
SH710282,SO500386,19,2026-02-12,850
SH710283,SO500400,17,2026-05-28,350
SH710284,SO500404,22,2026-05-25,650
SH710285,SO500405,26,2026-06-04,400
SH710286,SO500406,23,2026-06-09,50
SH710287,SO500301,28,2024-03-19,500
SH710288,SO500302,28,2024-03-12,500
SH710289,SO500303,28,2024-03-06,250
SH710290,SO500303,28,2024-03-15,250
SH710291,SO500304,28,2024-02-26,500
SH710292,SO500305,28,2024-02-22,500
SH710293,SO500306,28,2024-02-16,500
SH710294,SO500307,28,2024-02-09,500
SH710295,SO500308,28,2024-02-01,500
SH710296,SO500428,24,2024-01-26,500
SH710297,SO500429,24,2024-01-17,500
SH710298,SO500430,20,2024-01-12,500
SH710299,SO500431,20,2024-01-01,500
SH710300,SO500309,22,2024-04-05,250
SH710301,SO500310,24,2024-04-12,250
SH710302,SO500311,23,2024-04-19,250
SH710303,SO500312,26,2024-04-26,500
SH710304,SO500313,26,2024-05-02,500
SH710305,SO500314,25,2024-05-10,500
SH710306,SO500315,28,2024-05-15,500
SH710307,SO500436,26,2024-05-30,750
SH710308,SO500317,27,2024-06-05,250
SH710309,SO500317,27,2024-06-21,250
SH710310,SO500318,27,2024-06-10,250
SH710311,SO500318,27,2024-06-17,250
SH710312,SO500437,27,2024-06-19,250
SH710313,SO500437,27,2024-07-03,250
SH710314,SO500319,26,2024-06-28,1000
SH710315,SO500320,28,2024-07-02,500
SH710316,SO500321,23,2024-07-11,1000
SH710317,SO500322,27,2024-07-15,750
SH710318,SO500323,27,2024-07-24,1500
SH710319,SO500324,26,2024-08-02,250
SH710320,SO500325,26,2024-08-09,750
SH710321,SO500326,24,2024-08-15,750
SH710322,SO500327,20,2024-08-19,250
SH710323,SO500328,25,2024-08-26,1250
SH710324,SO500330,26,2024-09-13,500
SH710325,SO500332,24,2024-09-23,750
SH710326,SO500333,23,2024-10-01,250
SH710327,SO500334,21,2024-10-08,250
SH710328,SO500335,24,2024-10-18,500
SH710329,SO500336,26,2024-10-23,250
SH710330,SO500444,23,2024-11-01,1250
SH710331,SO500337,24,2024-11-04,500
SH710332,SO500338,25,2024-11-14,500
SH710333,SO500339,24,2024-11-22,1000
SH710334,SO500340,25,2024-11-26,1000
SH710335,SO500342,23,2024-12-09,250
SH710336,SO500342,23,2024-12-18,500
SH710337,SO500438,21,2024-12-17,500
SH710338,SO500343,24,2024-12-27,250
SH710339,SO500344,22,2025-01-01,250
SH710340,SO500348,21,2025-01-29,1000
SH710341,SO500439,25,2025-02-05,250
SH710342,SO500349,23,2025-02-12,500
SH710343,SO500350,25,2025-02-17,750
SH710344,SO500352,25,2025-03-05,750
SH710345,SO500353,23,2025-03-18,750
SH710346,SO500354,22,2025-03-18,500
SH710347,SO500440,23,2025-03-24,250
SH710348,SO500355,23,2025-03-31,250
SH710349,SO500355,23,2025-04-21,500
SH710350,SO500357,22,2025-04-17,750
SH710351,SO500358,26,2025-04-22,750
SH710352,SO500359,27,2025-05-06,500
SH710353,SO500360,23,2025-05-08,250
SH710354,SO500361,26,2025-06-03,500
SH710355,SO500362,27,2025-05-20,500
SH710356,SO500363,28,2025-05-29,500
SH710357,SO500364,25,2025-06-02,750
SH710358,SO500366,27,2025-06-20,1000
SH710359,SO500368,27,2025-07-04,1500
SH710360,SO500369,27,2025-07-09,1250
SH710361,SO500370,25,2025-07-15,1500
SH710362,SO500371,25,2025-07-24,250
SH710363,SO500372,28,2025-07-28,1250
SH710364,SO500373,27,2025-08-05,750
SH710365,SO500374,28,2025-08-15,1000
SH710366,SO500375,26,2025-08-18,1000
SH710367,SO500376,27,2025-08-29,500
SH710368,SO500441,22,2025-09-16,500
SH710369,SO500379,24,2025-09-24,500
SH710370,SO500380,21,2025-10-01,750
SH710371,SO500382,17,2025-10-16,250
SH710372,SO500383,18,2025-10-22,750
SH710373,SO500384,19,2025-10-28,1000
SH710374,SO500385,17,2025-11-04,500
SH710375,SO500386,20,2025-11-10,500
SH710376,SO500387,17,2025-11-21,250
SH710377,SO500388,16,2025-11-24,1500
SH710378,SO500389,21,2025-12-04,500
SH710379,SO500390,19,2025-12-11,500
SH710380,SO500391,18,2025-12-15,500
SH710381,SO500393,17,2026-01-01,500
SH710382,SO500394,20,2026-01-05,250
SH710383,SO500450,20,2026-01-13,500
SH710384,SO500396,17,2026-01-28,250
SH710385,SO500397,21,2026-02-03,250
SH710386,SO500399,22,2026-02-16,250
SH710387,SO500400,18,2026-03-02,500
SH710388,SO500401,19,2026-03-03,1000
SH710389,SO500402,25,2026-03-09,250
SH710390,SO500449,21,2026-03-19,750
SH710391,SO500403,27,2026-03-25,750
SH710392,SO500404,23,2026-04-06,250
SH710393,SO500405,27,2026-04-09,1000
SH710394,SO500406,24,2026-04-16,500
SH710395,SO500407,22,2026-04-21,500
SH710396,SO500407,22,2026-05-07,500
SH710397,SO500408,25,2026-04-30,500
SH710398,SO500409,26,2026-05-05,1250
SH710399,SO500410,24,2026-05-14,250
SH710400,SO500411,24,2026-05-21,750
SH710401,SO500412,25,2026-05-25,1500
SH710402,SO500413,26,2026-06-03,500
SH710403,SO500414,27,2026-06-09,750
SH710404,SO500415,27,2026-06-18,1000
SH710405,SO500301,29,2024-03-08,2500
SH710406,SO500302,29,2024-02-29,2500
SH710407,SO500303,29,2024-02-19,2500
SH710408,SO500304,29,2024-02-16,2500
SH710409,SO500305,29,2024-02-08,2500
SH710410,SO500306,29,2024-02-01,2500
SH710411,SO500307,29,2024-01-24,2500
SH710412,SO500308,29,2024-01-15,2500
SH710413,SO500428,25,2024-01-09,2500
SH710414,SO500429,25,2024-01-03,2500
SH710415,SO500443,18,2024-03-12,2500
SH710416,SO500309,23,2024-03-20,3000
SH710417,SO500310,25,2024-03-29,1000
SH710418,SO500311,24,2024-04-02,500
SH710419,SO500312,27,2024-04-10,1000
SH710420,SO500313,27,2024-04-15,1500
SH710421,SO500314,26,2024-04-24,1500
SH710422,SO500315,29,2024-05-03,2000
SH710423,SO500316,26,2024-05-10,3000
SH710424,SO500436,27,2024-05-17,1000
SH710425,SO500317,28,2024-05-20,4500
SH710426,SO500318,28,2024-05-31,2500
SH710427,SO500437,28,2024-06-04,3000
SH710428,SO500319,27,2024-06-10,2500
SH710429,SO500320,29,2024-06-17,3500
SH710430,SO500321,24,2024-06-28,3000
SH710431,SO500321,24,2024-07-12,2000
SH710432,SO500322,28,2024-07-11,3000
SH710433,SO500323,28,2024-07-12,2000
SH710434,SO500324,27,2024-07-15,3000
SH710435,SO500325,27,2024-07-25,5000
SH710436,SO500326,25,2024-07-30,3500
SH710437,SO500327,21,2024-08-05,4000
SH710438,SO500328,26,2024-08-12,5500
SH710439,SO500329,26,2024-08-20,1000
SH710440,SO500330,27,2024-09-12,4500
SH710441,SO500331,26,2024-09-04,6000
SH710442,SO500332,25,2024-09-11,3000
SH710443,SO500333,24,2024-09-20,500
SH710444,SO500334,22,2024-09-25,5500
SH710445,SO500335,25,2024-10-01,3500
SH710446,SO500336,27,2024-10-07,2000
SH710447,SO500444,24,2024-10-17,3000
SH710448,SO500337,25,2024-10-25,3000
SH710449,SO500339,25,2024-11-07,3500
SH710450,SO500340,26,2024-11-15,3000
SH710451,SO500438,22,2024-12-04,500
SH710452,SO500343,25,2024-12-09,2000
SH710453,SO500344,23,2024-12-18,1500
SH710454,SO500345,24,2024-12-23,1500
SH710455,SO500345,24,2024-12-30,1000
SH710456,SO500346,24,2025-01-03,1000
SH710457,SO500347,25,2025-01-08,3500
SH710458,SO500348,22,2025-01-13,7000
SH710459,SO500439,26,2025-01-27,2500
SH710460,SO500349,24,2025-01-27,3000
SH710461,SO500350,26,2025-02-03,2500
SH710462,SO500351,25,2025-02-25,2000
SH710463,SO500352,26,2025-02-17,1000
SH710464,SO500353,24,2025-02-24,4000
SH710465,SO500354,23,2025-03-28,2000
SH710466,SO500355,24,2025-03-18,500
SH710467,SO500356,25,2025-03-26,2000
SH710468,SO500357,23,2025-03-31,500
SH710469,SO500358,27,2025-04-10,2000
SH710470,SO500359,28,2025-04-14,3000
SH710471,SO500360,24,2025-04-22,1500
SH710472,SO500361,27,2025-04-30,3500
SH710473,SO500362,28,2025-05-28,3000
SH710474,SO500363,29,2025-05-12,3500
SH710475,SO500364,26,2025-05-22,2500
SH710476,SO500365,28,2025-05-29,3000
SH710477,SO500366,28,2025-06-05,3000
SH710478,SO500367,28,2025-06-13,3000
SH710479,SO500368,28,2025-06-18,3500
SH710480,SO500369,28,2025-06-23,3000
SH710481,SO500369,28,2025-07-14,2000
SH710482,SO500370,26,2025-07-04,2000
SH710483,SO500371,26,2025-07-09,2000
SH710484,SO500371,26,2025-07-16,2000
SH710485,SO500372,29,2025-07-14,2500
SH710486,SO500373,28,2025-07-23,3500
SH710487,SO500374,29,2025-08-01,1500
SH710488,SO500374,29,2025-08-11,1500
SH710489,SO500375,27,2025-08-19,5500
SH710490,SO500378,26,2025-08-27,5500
SH710491,SO500441,23,2025-09-03,4500
SH710492,SO500379,25,2025-09-08,6000
SH710493,SO500380,22,2025-09-19,3000
SH710494,SO500381,20,2025-09-26,4000
SH710495,SO500383,19,2025-10-08,4000
SH710496,SO500384,20,2025-10-14,4000
SH710497,SO500385,18,2025-10-20,500
SH710498,SO500386,21,2025-10-27,500
SH710499,SO500386,21,2025-11-18,500
SH710500,SO500387,18,2025-11-03,2000
SH710501,SO500388,17,2025-11-13,4000
SH710502,SO500389,22,2025-11-18,2000
SH710503,SO500390,20,2025-11-24,4000
SH710504,SO500391,19,2025-12-02,3000
SH710505,SO500392,19,2025-12-11,1000
SH710506,SO500393,18,2025-12-19,4000
SH710507,SO500394,21,2025-12-22,1500
SH710508,SO500450,21,2026-01-01,1500
SH710509,SO500395,21,2026-01-12,500
SH710510,SO500396,18,2026-01-14,1000
SH710511,SO500397,22,2026-01-22,2500
SH710512,SO500398,23,2026-01-28,500
SH710513,SO500399,23,2026-02-05,4000
SH710514,SO500401,20,2026-02-19,3000
SH710515,SO500402,26,2026-02-27,500
SH710516,SO500449,22,2026-03-03,4000
SH710517,SO500403,28,2026-03-10,3500
SH710518,SO500404,24,2026-03-18,2000
SH710519,SO500405,28,2026-03-23,3000
SH710520,SO500406,25,2026-04-02,2000
SH710521,SO500406,25,2026-04-09,2000
SH710522,SO500407,23,2026-04-06,4500
SH710523,SO500408,26,2026-04-15,1500
SH710524,SO500409,27,2026-04-20,4500
SH710525,SO500410,25,2026-04-30,500
SH710526,SO500410,25,2026-05-07,500
SH710527,SO500411,25,2026-05-06,2500
SH710528,SO500412,26,2026-05-14,500
SH710529,SO500413,27,2026-05-18,2500
SH710530,SO500413,27,2026-05-29,2000
SH710531,SO500414,28,2026-05-26,500
SH710532,SO500415,28,2026-06-05,2000
SH710533,SO500442,27,2026-06-11,2000
SH710534,SO500416,27,2026-06-16,2500
SH710535,SO500417,27,2026-06-22,3500
SH710536,SO500451,1,2024-04-15,60
SH710537,SO500452,1,2024-04-11,30
SH710538,SO500452,1,2024-04-30,30
SH710539,SO500453,1,2024-04-04,60
SH710540,SO500454,1,2024-03-28,60
SH710541,SO500455,1,2024-03-18,60
SH710542,SO500456,1,2024-03-14,60
SH710543,SO500457,1,2024-03-08,60
SH710544,SO500458,1,2024-02-27,60
SH710545,SO500459,1,2024-02-23,60
SH710546,SO500460,1,2024-02-14,60
SH710547,SO500461,1,2024-02-08,60
SH710548,SO500462,1,2024-01-31,60
SH710549,SO500463,1,2024-01-23,60
SH710550,SO500464,1,2024-01-15,60
SH710551,SO500465,1,2024-01-15,60
SH710552,SO500466,1,2024-01-03,60
SH710553,SO500467,1,2024-04-23,110
SH710554,SO500468,1,2024-05-09,40
SH710555,SO500469,1,2024-05-10,80
SH710556,SO500470,1,2024-06-04,50
SH710557,SO500471,1,2024-05-23,70
SH710558,SO500472,1,2024-05-31,10
SH710559,SO500473,1,2024-06-05,20
SH710560,SO500474,1,2024-06-13,70
SH710561,SO500475,1,2024-06-20,80
SH710562,SO500476,1,2024-07-03,120
SH710563,SO500477,1,2024-07-05,120
SH710564,SO500478,1,2024-07-09,150
SH710565,SO500479,1,2024-07-16,150
SH710566,SO500480,1,2024-07-26,220
SH710567,SO500481,1,2024-08-02,110
SH710568,SO500482,1,2024-08-07,210
SH710569,SO500483,1,2024-08-16,250
SH710570,SO500484,1,2024-08-22,20
SH710571,SO500485,1,2024-08-29,20
SH710572,SO500486,1,2024-09-02,40
SH710573,SO500486,1,2024-09-27,30
SH710574,SO500487,1,2024-09-10,50
SH710575,SO500488,1,2024-09-23,10
SH710576,SO500489,1,2024-10-14,120
SH710577,SO500490,1,2024-11-08,210
SH710578,SO500491,1,2024-10-29,10
SH710579,SO500492,1,2024-11-04,210
SH710580,SO500493,1,2024-11-15,240
SH710581,SO500494,1,2024-11-29,30
SH710582,SO500495,1,2024-11-29,20
SH710583,SO500496,1,2024-12-04,60
SH710584,SO500497,1,2024-12-19,10
SH710585,SO500498,1,2024-12-25,140
SH710586,SO500499,1,2025-01-16,80
SH710587,SO500500,1,2025-01-22,120
SH710588,SO500501,1,2025-01-29,180
SH710589,SO500502,1,2025-02-10,40
SH710590,SO500503,1,2025-02-20,60
SH710591,SO500504,1,2025-02-24,50
SH710592,SO500505,1,2025-03-24,60
SH710593,SO500506,1,2025-03-10,120
SH710594,SO500507,1,2025-03-19,30
SH710595,SO500508,1,2025-03-24,110
SH710596,SO500509,1,2025-03-31,80
SH710597,SO500510,1,2025-04-10,90
SH710598,SO500511,1,2025-04-17,60
SH710599,SO500512,1,2025-04-21,90
SH710600,SO500513,1,2025-05-02,100
SH710601,SO500514,1,2025-05-08,10
SH710602,SO500515,1,2025-05-14,160
SH710603,SO500516,1,2025-05-22,110
SH710604,SO500517,1,2025-05-29,120
SH710605,SO500518,1,2025-06-12,40
SH710606,SO500519,1,2025-06-10,170
SH710607,SO500520,1,2025-06-19,140
SH710608,SO500521,1,2025-06-30,150
SH710609,SO500522,1,2025-07-11,110
SH710610,SO500523,1,2025-07-14,20
SH710611,SO500524,1,2025-07-24,200
SH710612,SO500525,1,2025-08-01,60
SH710613,SO500526,1,2025-08-12,90
SH710614,SO500527,1,2025-08-19,120
SH710615,SO500528,1,2025-08-28,90
SH710616,SO500529,1,2025-09-12,20
SH710617,SO500530,1,2025-09-08,160
SH710618,SO500531,1,2025-09-17,60
SH710619,SO500532,1,2025-09-23,160
SH710620,SO500533,1,2025-10-01,120
SH710621,SO500534,1,2025-10-08,40
SH710622,SO500535,1,2025-10-16,160
SH710623,SO500536,1,2025-11-04,40
SH710624,SO500536,1,2025-11-13,30
SH710625,SO500537,1,2025-10-27,30
SH710626,SO500538,1,2025-11-04,10
SH710627,SO500539,1,2025-11-10,60
SH710628,SO500540,1,2025-12-01,70
SH710629,SO500541,1,2025-11-25,130
SH710630,SO500542,1,2025-12-03,30
SH710631,SO500543,1,2025-12-11,40
SH710632,SO500544,1,2025-12-26,90
SH710633,SO500545,1,2025-12-29,90
SH710634,SO500546,1,2026-01-07,170
SH710635,SO500547,1,2026-01-14,30
SH710636,SO500548,1,2026-03-19,60
SH710637,SO500549,1,2026-03-25,90
SH710638,SO500550,1,2026-04-01,60
SH710639,SO500551,1,2026-04-08,40
SH710640,SO500551,1,2026-04-20,30
SH710641,SO500552,1,2026-04-16,20
SH710642,SO500553,1,2026-05-04,10
SH710643,SO500554,1,2026-05-18,10
SH710644,SO500555,1,2026-06-11,60
SH710645,SO500556,1,2026-06-19,110
SH710646,SO500557,1,2026-06-23,30
SH710647,SO500451,2,2024-05-14,150
SH710648,SO500451,2,2024-06-03,150
SH710649,SO500452,2,2024-05-09,150
SH710650,SO500452,2,2024-05-24,150
SH710651,SO500453,2,2024-05-02,300
SH710652,SO500454,2,2024-04-22,300
SH710653,SO500455,2,2024-04-18,300
SH710654,SO500456,2,2024-04-11,300
SH710655,SO500457,2,2024-04-01,300
SH710656,SO500458,2,2024-03-27,300
SH710657,SO500459,2,2024-03-21,300
SH710658,SO500460,2,2024-03-14,300
SH710659,SO500461,2,2024-03-07,150
SH710660,SO500461,2,2024-03-13,150
SH710661,SO500462,2,2024-03-01,300
SH710662,SO500463,2,2024-02-27,300
SH710663,SO500464,2,2024-02-12,150
SH710664,SO500464,2,2024-02-27,150
SH710665,SO500465,2,2024-02-07,300
SH710666,SO500466,2,2024-02-02,300
SH710667,SO500570,1,2024-01-24,300
SH710668,SO500571,1,2024-01-18,300
SH710669,SO500572,1,2024-01-10,150
SH710670,SO500572,1,2024-01-17,150
SH710671,SO500573,1,2024-01-03,300
SH710672,SO500468,2,2024-05-30,50
SH710673,SO500469,2,2024-06-07,150
SH710674,SO500470,2,2024-06-10,100
SH710675,SO500471,2,2024-06-21,800
SH710676,SO500473,2,2024-07-04,400
SH710677,SO500474,2,2024-07-08,150
SH710678,SO500475,2,2024-07-16,250
SH710679,SO500476,2,2024-07-24,50
SH710680,SO500477,2,2024-08-02,700
SH710681,SO500478,2,2024-08-08,700
SH710682,SO500480,2,2024-08-20,800
SH710683,SO500481,2,2024-08-28,350
SH710684,SO500482,2,2024-09-03,450
SH710685,SO500483,2,2024-09-10,100
SH710686,SO500484,2,2024-09-20,750
SH710687,SO500485,2,2024-09-25,500
SH710688,SO500486,2,2024-09-30,100
SH710689,SO500487,2,2024-10-09,900
SH710690,SO500488,2,2024-10-21,250
SH710691,SO500574,1,2024-10-30,350
SH710692,SO500575,1,2024-11-08,750
SH710693,SO500489,2,2024-11-15,650
SH710694,SO500490,2,2024-11-18,600
SH710695,SO500491,2,2024-12-10,600
SH710696,SO500493,2,2024-12-12,500
SH710697,SO500494,2,2024-12-19,300
SH710698,SO500495,2,2024-12-26,350
SH710699,SO500496,2,2024-12-30,350
SH710700,SO500576,1,2025-01-07,250
SH710701,SO500498,2,2025-01-23,150
SH710702,SO500498,2,2025-02-13,100
SH710703,SO500577,1,2025-01-27,350
SH710704,SO500577,1,2025-02-05,300
SH710705,SO500578,1,2025-02-07,300
SH710706,SO500499,2,2025-02-13,550
SH710707,SO500501,2,2025-02-26,50
SH710708,SO500579,1,2025-03-07,100
SH710709,SO500502,2,2025-03-10,300
SH710710,SO500505,2,2025-04-04,300
SH710711,SO500506,2,2025-04-11,200
SH710712,SO500507,2,2025-04-16,650
SH710713,SO500508,2,2025-05-13,150
SH710714,SO500509,2,2025-05-01,550
SH710715,SO500510,2,2025-05-09,550
SH710716,SO500511,2,2025-05-15,750
SH710717,SO500512,2,2025-05-19,250
SH710718,SO500513,2,2025-05-27,1400
SH710719,SO500514,2,2025-06-05,350
SH710720,SO500515,2,2025-06-12,200
SH710721,SO500516,2,2025-06-18,1250
SH710722,SO500517,2,2025-06-27,400
SH710723,SO500518,2,2025-07-04,200
SH710724,SO500518,2,2025-07-16,150
SH710725,SO500519,2,2025-07-08,300
SH710726,SO500520,2,2025-07-15,950
SH710727,SO500522,2,2025-08-07,300
SH710728,SO500523,2,2025-08-15,250
SH710729,SO500524,2,2025-11-17,350
SH710730,SO500525,2,2025-10-23,200
SH710731,SO500580,1,2025-12-12,450
SH710732,SO500526,2,2025-09-12,500
SH710733,SO500527,2,2025-09-18,850
SH710734,SO500528,2,2025-09-26,550
SH710735,SO500529,2,2025-10-27,200
SH710736,SO500530,2,2025-12-11,300
SH710737,SO500531,2,2025-11-20,300
SH710738,SO500532,2,2026-01-09,550
SH710739,SO500533,2,2026-01-21,400
SH710740,SO500534,2,2025-12-19,550
SH710741,SO500536,2,2025-12-29,300
SH710742,SO500537,2,2025-11-25,50
SH710743,SO500539,2,2025-12-08,200
SH710744,SO500540,2,2026-03-04,250
SH710745,SO500541,2,2025-12-23,400
SH710746,SO500581,1,2026-02-23,50
SH710747,SO500544,2,2026-01-22,150
SH710748,SO500545,2,2026-01-29,650
SH710749,SO500546,2,2026-02-04,300
SH710750,SO500547,2,2026-02-09,250
SH710751,SO500582,1,2026-05-06,50
SH710752,SO500583,1,2026-04-16,300
SH710753,SO500550,2,2026-04-30,950
SH710754,SO500552,2,2026-06-17,450
SH710755,SO500585,1,2026-05-21,200
SH710756,SO500553,2,2026-06-05,450
SH710757,SO500554,2,2026-06-17,150
SH710758,SO500451,3,2024-05-15,750
SH710759,SO500452,3,2024-05-10,750
SH710760,SO500453,3,2024-04-30,450
SH710761,SO500453,3,2024-05-08,300
SH710762,SO500454,3,2024-04-24,750
SH710763,SO500455,3,2024-04-18,750
SH710764,SO500456,3,2024-04-10,750
SH710765,SO500457,3,2024-04-05,750
SH710766,SO500458,3,2024-03-27,750
SH710767,SO500459,3,2024-03-22,750
SH710768,SO500460,3,2024-03-12,750
SH710769,SO500461,3,2024-03-06,750
SH710770,SO500462,3,2024-02-28,450
SH710771,SO500462,3,2024-03-05,300
SH710772,SO500463,3,2024-02-21,750
SH710773,SO500464,3,2024-02-16,750
SH710774,SO500465,3,2024-02-05,750
SH710775,SO500466,3,2024-01-30,750
SH710776,SO500570,2,2024-01-25,750
SH710777,SO500571,2,2024-01-15,750
SH710778,SO500572,2,2024-01-08,450
SH710779,SO500572,2,2024-01-17,300
SH710780,SO500573,2,2024-01-01,450
SH710781,SO500573,2,2024-01-24,300
SH710782,SO500467,2,2024-05-22,1350
SH710783,SO500468,3,2024-06-10,600
SH710784,SO500469,3,2024-06-03,150
SH710785,SO500470,3,2024-06-11,400
SH710786,SO500472,2,2024-06-26,1050
SH710787,SO500473,3,2024-07-04,700
SH710788,SO500474,3,2024-07-11,150
SH710789,SO500474,3,2024-07-15,150
SH710790,SO500476,3,2024-07-24,1250
SH710791,SO500477,3,2024-08-02,1400
SH710792,SO500478,3,2024-08-08,850
SH710793,SO500479,2,2024-08-12,1300
SH710794,SO500479,2,2024-08-22,900
SH710795,SO500480,3,2024-08-22,1050
SH710796,SO500481,3,2024-08-26,350
SH710797,SO500481,3,2024-09-10,300
SH710798,SO500482,3,2024-09-04,1500
SH710799,SO500483,3,2024-09-09,150
SH710800,SO500484,3,2024-09-16,950
SH710801,SO500485,3,2024-09-26,1900
SH710802,SO500485,3,2024-10-14,1300
SH710803,SO500486,3,2024-10-02,2150
SH710804,SO500487,3,2024-10-08,500
SH710805,SO500592,1,2024-10-14,1100
SH710806,SO500488,3,2024-10-24,1750
SH710807,SO500574,2,2024-10-31,1450
SH710808,SO500575,2,2024-11-06,1800
SH710809,SO500493,3,2024-12-12,250
SH710810,SO500494,3,2024-12-20,1000
SH710811,SO500495,3,2024-12-25,2000
SH710812,SO500496,3,2025-01-02,1500
SH710813,SO500576,2,2025-01-06,1700
SH710814,SO500497,2,2025-01-14,1950
SH710815,SO500498,3,2025-01-21,1650
SH710816,SO500577,2,2025-01-30,1250
SH710817,SO500578,2,2025-02-07,700
SH710818,SO500499,3,2025-02-13,300
SH710819,SO500501,3,2025-02-28,1550
SH710820,SO500579,2,2025-03-07,1650
SH710821,SO500502,3,2025-03-14,200
SH710822,SO500503,2,2025-03-20,300
SH710823,SO500504,2,2025-03-27,800
SH710824,SO500505,3,2025-04-03,1250
SH710825,SO500506,3,2025-04-11,1750
SH710826,SO500510,3,2025-05-08,1450
SH710827,SO500511,3,2025-05-15,2100
SH710828,SO500514,3,2025-06-03,100
SH710829,SO500515,3,2025-06-24,750
SH710830,SO500516,3,2025-06-19,2200
SH710831,SO500517,3,2025-06-24,750
SH710832,SO500518,3,2025-07-03,1150
SH710833,SO500520,3,2025-07-15,2050
SH710834,SO500593,1,2025-07-21,700
SH710835,SO500521,2,2025-07-28,650
SH710836,SO500522,3,2025-09-19,1150
SH710837,SO500524,3,2025-10-23,1350
SH710838,SO500525,3,2025-11-19,650
SH710839,SO500580,2,2025-12-11,1300
SH710840,SO500580,2,2025-12-16,900
SH710841,SO500526,3,2025-11-14,1050
SH710842,SO500527,3,2025-09-15,2850
SH710843,SO500528,3,2025-11-17,2550
SH710844,SO500529,3,2026-01-01,1750
SH710845,SO500530,3,2025-11-21,2250
SH710846,SO500531,3,2025-10-16,950
SH710847,SO500532,3,2025-10-21,2150
SH710848,SO500533,3,2025-12-02,600
SH710849,SO500534,3,2025-11-04,1600
SH710850,SO500543,2,2026-01-06,450
SH710851,SO500581,2,2026-04-16,450
SH710852,SO500544,3,2026-04-23,1050
SH710853,SO500545,3,2026-05-15,750
SH710854,SO500546,3,2026-02-06,2150
SH710855,SO500547,3,2026-04-01,700
SH710856,SO500594,1,2026-02-20,150
SH710857,SO500550,3,2026-04-27,450
SH710858,SO500551,2,2026-06-02,800
SH710859,SO500552,3,2026-06-26,900
SH710860,SO500585,2,2026-05-18,1700
SH710861,SO500451,4,2024-03-18,200
SH710862,SO500451,4,2024-04-08,150
SH710863,SO500452,4,2024-03-13,200
SH710864,SO500452,4,2024-03-26,150
SH710865,SO500453,4,2024-03-04,350
SH710866,SO500454,4,2024-02-27,350
SH710867,SO500455,4,2024-02-21,350
SH710868,SO500456,4,2024-02-12,200
SH710869,SO500456,4,2024-03-05,150
SH710870,SO500457,4,2024-02-09,350
SH710871,SO500458,4,2024-01-31,350
SH710872,SO500459,4,2024-01-25,350
SH710873,SO500460,4,2024-01-17,350
SH710874,SO500461,4,2024-01-10,350
SH710875,SO500462,4,2024-01-12,350
SH710876,SO500467,3,2024-03-29,350
SH710877,SO500468,4,2024-04-04,200
SH710878,SO500468,4,2024-04-17,150
SH710879,SO500469,4,2024-04-12,150
SH710880,SO500470,4,2024-04-19,400
SH710881,SO500471,3,2024-04-24,100
SH710882,SO500472,3,2024-04-30,250
SH710883,SO500473,4,2024-05-10,100
SH710884,SO500474,4,2024-05-15,400
SH710885,SO500475,3,2024-05-22,850
SH710886,SO500476,4,2024-05-29,450
SH710887,SO500477,4,2024-06-03,500
SH710888,SO500478,4,2024-06-12,150
SH710889,SO500478,4,2024-07-04,150
SH710890,SO500479,3,2024-06-21,250
SH710891,SO500479,3,2024-07-03,200
SH710892,SO500480,4,2024-06-28,800
SH710893,SO500481,4,2024-07-01,700
SH710894,SO500482,4,2024-07-19,50
SH710895,SO500482,4,2024-08-06,50
SH710896,SO500483,4,2024-07-16,400
SH710897,SO500484,4,2024-07-23,250
SH710898,SO500485,4,2024-07-31,350
SH710899,SO500486,4,2024-08-05,600
SH710900,SO500487,4,2024-08-13,400
SH710901,SO500592,2,2024-08-20,850
SH710902,SO500488,4,2024-08-27,350
SH710903,SO500574,3,2024-09-05,800
SH710904,SO500489,3,2024-09-18,350
SH710905,SO500490,3,2024-09-26,300
SH710906,SO500490,3,2024-10-15,200
SH710907,SO500491,3,2024-09-30,550
SH710908,SO500492,2,2024-10-09,250
SH710909,SO500493,4,2024-10-17,250
SH710910,SO500494,4,2024-10-23,450
SH710911,SO500495,4,2024-10-28,300
SH710912,SO500496,4,2024-11-07,400
SH710913,SO500576,3,2024-11-11,250
SH710914,SO500498,4,2024-11-27,150
SH710915,SO500577,3,2024-12-03,600
SH710916,SO500500,2,2024-12-25,50
SH710917,SO500500,2,2024-12-31,50
SH710918,SO500501,4,2025-01-15,450
SH710919,SO500579,3,2025-01-08,450
SH710920,SO500502,4,2025-01-17,700
SH710921,SO500504,3,2025-02-19,50
SH710922,SO500505,4,2025-02-03,300
SH710923,SO500506,4,2025-02-10,600
SH710924,SO500507,3,2025-02-21,250
SH710925,SO500508,3,2025-02-27,350
SH710926,SO500509,3,2025-03-04,100
SH710927,SO500510,4,2025-03-10,250
SH710928,SO500511,4,2025-03-17,450
SH710929,SO500512,3,2025-03-25,300
SH710930,SO500513,3,2025-03-31,900
SH710931,SO500514,4,2025-04-08,200
SH710932,SO500515,4,2025-04-15,350
SH710933,SO500516,4,2025-04-24,50
SH710934,SO500517,4,2025-04-29,700
SH710935,SO500518,4,2025-05-16,200
SH710936,SO500519,3,2025-05-15,450
SH710937,SO500520,4,2025-05-23,150
SH710938,SO500520,4,2025-06-05,150
SH710939,SO500593,2,2025-05-27,50
SH710940,SO500521,3,2025-06-06,700
SH710941,SO500522,4,2025-06-12,750
SH710942,SO500523,3,2025-06-20,600
SH710943,SO500524,4,2025-06-27,150
SH710944,SO500525,4,2025-07-04,350
SH710945,SO500580,3,2025-07-11,450
SH710946,SO500526,4,2025-07-15,600
SH710947,SO500527,4,2025-08-15,500
SH710948,SO500528,4,2025-07-30,100
SH710949,SO500529,4,2025-08-08,250
SH710950,SO500530,4,2025-08-11,250
SH710951,SO500531,4,2025-08-20,450
SH710952,SO500532,4,2025-08-29,850
SH710953,SO500533,4,2025-09-05,350
SH710954,SO500534,4,2025-09-08,150
SH710955,SO500535,2,2025-09-16,200
SH710956,SO500535,2,2025-09-23,200
SH710957,SO500536,3,2025-09-26,400
SH710958,SO500536,3,2025-10-10,300
SH710959,SO500537,3,2025-10-02,200
SH710960,SO500538,2,2025-10-07,300
SH710961,SO500538,2,2025-10-27,200
SH710962,SO500539,3,2025-10-13,400
SH710963,SO500540,3,2025-10-22,250
SH710964,SO500541,3,2025-10-29,950
SH710965,SO500542,2,2025-11-07,450
SH710966,SO500543,3,2025-11-12,100
SH710967,SO500581,3,2025-11-19,400
SH710968,SO500544,4,2025-11-28,500
SH710969,SO500545,4,2025-12-03,500
SH710970,SO500546,4,2025-12-11,750
SH710971,SO500547,4,2025-12-18,600
SH710972,SO500594,2,2025-12-22,350
SH710973,SO500582,2,2025-12-31,700
SH710974,SO500596,1,2026-01-07,250
SH710975,SO500583,2,2026-01-19,500
SH710976,SO500597,1,2026-01-29,200
SH710977,SO500597,1,2026-02-04,200
SH710978,SO500584,2,2026-02-05,950
SH710979,SO500598,1,2026-02-11,500
SH710980,SO500548,3,2026-02-18,400
SH710981,SO500550,4,2026-03-03,200
SH710982,SO500550,4,2026-03-12,150
SH710983,SO500551,3,2026-03-09,450
SH710984,SO500551,3,2026-03-19,350
SH710985,SO500552,4,2026-03-18,50
SH710986,SO500585,3,2026-03-25,350
SH710987,SO500554,4,2026-04-21,50
SH710988,SO500595,2,2026-04-30,300
SH710989,SO500587,3,2026-05-07,50
SH710990,SO500555,3,2026-05-15,200
SH710991,SO500555,3,2026-05-21,200
SH710992,SO500556,3,2026-05-19,150
SH710993,SO500557,4,2026-05-28,550
SH710994,SO500558,2,2026-06-01,750
SH710995,SO500559,3,2026-06-12,800
SH710996,SO500560,3,2026-06-17,300
SH710997,SO500561,3,2026-06-26,300
SH710998,SO500451,5,2024-03-20,400
SH710999,SO500452,5,2024-03-12,400
SH711000,SO500453,5,2024-03-07,400
SH711001,SO500454,5,2024-02-27,400
SH711002,SO500455,5,2024-02-20,400
SH711003,SO500456,5,2024-02-12,400
SH711004,SO500457,5,2024-02-07,400
SH711005,SO500458,5,2024-02-02,400
SH711006,SO500459,5,2024-01-24,200
SH711007,SO500459,5,2024-02-01,200
SH711008,SO500460,5,2024-01-15,400
SH711009,SO500461,5,2024-01-11,400
SH711010,SO500462,5,2024-01-03,400
SH711011,SO500467,4,2024-03-26,150
SH711012,SO500468,5,2024-04-01,300
SH711013,SO500471,4,2024-04-23,550
SH711014,SO500472,4,2024-05-02,200
SH711015,SO500473,5,2024-05-07,700
SH711016,SO500474,5,2024-05-27,300
SH711017,SO500475,4,2024-05-21,500
SH711018,SO500476,5,2024-05-28,700
SH711019,SO500477,5,2024-06-04,900
SH711020,SO500478,5,2024-06-13,650
SH711021,SO500479,4,2024-06-17,150
SH711022,SO500479,4,2024-07-10,150
SH711023,SO500480,5,2024-06-24,600
SH711024,SO500481,5,2024-07-04,350
SH711025,SO500482,5,2024-07-11,600
SH711026,SO500483,5,2024-07-17,350
SH711027,SO500484,5,2024-08-07,400
SH711028,SO500486,5,2024-08-05,600
SH711029,SO500487,5,2024-08-14,550
SH711030,SO500592,3,2024-08-19,250
SH711031,SO500488,5,2024-08-29,350
SH711032,SO500574,4,2024-09-04,350
SH711033,SO500575,3,2024-09-10,450
SH711034,SO500489,4,2024-09-19,650
SH711035,SO500490,4,2024-09-26,450
SH711036,SO500490,4,2024-10-16,350
SH711037,SO500491,4,2024-10-02,700
SH711038,SO500492,3,2024-10-10,1000
SH711039,SO500493,5,2024-10-14,850
SH711040,SO500494,5,2024-10-23,100
SH711041,SO500495,5,2024-10-31,350
SH711042,SO500496,5,2024-11-08,800
SH711043,SO500576,4,2024-11-14,150
SH711044,SO500497,3,2024-11-21,150
SH711045,SO500498,5,2024-11-28,250
SH711046,SO500578,3,2024-12-13,350
SH711047,SO500499,4,2024-12-18,550
SH711048,SO500500,3,2024-12-25,1050
SH711049,SO500579,4,2025-01-09,150
SH711050,SO500502,5,2025-01-15,200
SH711051,SO500503,3,2025-01-22,100
SH711052,SO500504,4,2025-02-11,500
SH711053,SO500510,5,2025-03-13,400
SH711054,SO500511,5,2025-03-19,550
SH711055,SO500512,4,2025-03-26,150
SH711056,SO500513,4,2025-04-04,650
SH711057,SO500514,5,2025-04-11,350
SH711058,SO500515,5,2025-04-18,650
SH711059,SO500516,5,2025-04-22,900
SH711060,SO500517,5,2025-04-29,450
SH711061,SO500518,5,2025-05-08,350
SH711062,SO500520,5,2025-05-22,700
SH711063,SO500593,3,2025-05-29,150
SH711064,SO500521,4,2025-06-26,450
SH711065,SO500522,5,2025-06-10,150
SH711066,SO500524,5,2025-06-24,400
SH711067,SO500525,5,2025-07-01,600
SH711068,SO500580,4,2025-07-07,650
SH711069,SO500526,5,2025-07-15,300
SH711070,SO500526,5,2025-07-25,250
SH711071,SO500527,5,2025-07-22,800
SH711072,SO500528,5,2025-08-01,400
SH711073,SO500529,5,2025-08-08,400
SH711074,SO500530,5,2025-08-13,550
SH711075,SO500531,5,2025-08-18,500
SH711076,SO500532,5,2025-08-28,800
SH711077,SO500533,5,2025-09-02,550
SH711078,SO500535,3,2025-09-16,100
SH711079,SO500536,4,2025-09-22,400
SH711080,SO500537,4,2025-10-02,350
SH711081,SO500537,4,2025-10-17,250
SH711082,SO500538,3,2025-10-09,1200
SH711083,SO500539,4,2025-10-13,950
SH711084,SO500540,4,2025-10-23,300
SH711085,SO500541,4,2025-10-31,400
SH711086,SO500542,3,2025-11-07,1300
SH711087,SO500543,4,2025-11-12,650
SH711088,SO500581,4,2025-11-19,350
SH711089,SO500544,5,2025-11-24,600
SH711090,SO500546,5,2025-12-10,350
SH711091,SO500547,5,2025-12-18,450
SH711092,SO500594,3,2025-12-26,600
SH711093,SO500599,1,2026-01-13,200
SH711094,SO500597,2,2026-01-29,550
SH711095,SO500584,3,2026-02-06,100
SH711096,SO500598,2,2026-02-12,1050
SH711097,SO500549,3,2026-02-26,600
SH711098,SO500550,5,2026-03-05,150
SH711099,SO500550,5,2026-03-10,150
SH711100,SO500551,4,2026-03-09,400
SH711101,SO500552,5,2026-03-17,500
SH711102,SO500585,4,2026-03-23,1100
SH711103,SO500600,1,2026-03-30,400
SH711104,SO500553,3,2026-04-07,200
SH711105,SO500586,2,2026-04-13,900
SH711106,SO500554,5,2026-04-23,650
SH711107,SO500595,3,2026-04-30,100
SH711108,SO500595,3,2026-05-14,100
SH711109,SO500587,4,2026-05-04,150
SH711110,SO500555,4,2026-05-11,800
SH711111,SO500557,5,2026-05-26,600
SH711112,SO500558,3,2026-06-04,150
SH711113,SO500559,4,2026-06-10,100
SH711114,SO500559,4,2026-06-15,100
SH711115,SO500560,4,2026-06-15,750
SH711116,SO500561,4,2026-06-24,650
SH711117,SO500451,6,2024-02-21,2000
SH711118,SO500452,6,2024-02-12,2000
SH711119,SO500453,6,2024-02-08,2000
SH711120,SO500454,6,2024-02-02,2000
SH711121,SO500455,6,2024-01-24,2000
SH711122,SO500456,6,2024-01-18,2000
SH711123,SO500457,6,2024-01-08,2000
SH711124,SO500458,6,2024-01-03,2000
SH711125,SO500467,5,2024-02-28,7000
SH711126,SO500468,6,2024-03-05,1000
SH711127,SO500469,5,2024-03-12,1000
SH711128,SO500470,5,2024-03-22,2000
SH711129,SO500471,5,2024-03-28,2000
SH711130,SO500472,5,2024-04-05,2000
SH711131,SO500473,6,2024-04-11,3000
SH711132,SO500474,6,2024-04-17,1000
SH711133,SO500475,5,2024-04-23,2000
SH711134,SO500476,6,2024-04-29,1000
SH711135,SO500477,6,2024-05-09,6000
SH711136,SO500478,6,2024-05-14,2000
SH711137,SO500479,5,2024-05-21,3000
SH711138,SO500480,6,2024-05-27,1000
SH711139,SO500481,6,2024-06-13,2000
SH711140,SO500482,6,2024-06-12,4000
SH711141,SO500483,6,2024-06-20,6000
SH711142,SO500484,6,2024-06-25,5000
SH711143,SO500485,5,2024-07-04,2000
SH711144,SO500486,6,2024-07-10,3000
SH711145,SO500487,6,2024-07-16,3000
SH711146,SO500592,4,2024-07-24,4000
SH711147,SO500488,6,2024-07-29,4000
SH711148,SO500574,5,2024-08-05,4000
SH711149,SO500575,4,2024-08-16,1000
SH711150,SO500489,5,2024-08-22,1000
SH711151,SO500489,5,2024-08-27,1000
SH711152,SO500490,5,2024-08-26,1000
SH711153,SO500490,5,2024-09-18,1000
SH711154,SO500491,5,2024-09-05,3000
SH711155,SO500492,4,2024-09-11,2000
SH711156,SO500492,4,2024-09-17,2000
SH711157,SO500493,6,2024-09-17,3000
SH711158,SO500494,6,2024-09-23,1000
SH711159,SO500494,6,2024-10-03,2000
SH711160,SO500495,6,2024-09-30,1000
SH711161,SO500496,6,2024-10-11,1000
SH711162,SO500496,6,2024-10-16,1000
SH711163,SO500576,5,2024-10-15,3000
SH711164,SO500497,4,2024-10-23,3000
SH711165,SO500498,6,2024-10-28,4000
SH711166,SO500577,4,2024-11-08,1000
SH711167,SO500578,4,2024-11-12,1000
SH711168,SO500499,5,2024-11-22,2000
SH711169,SO500500,4,2024-11-27,4000
SH711170,SO500501,5,2024-12-03,4000
SH711171,SO500502,6,2024-12-19,2000
SH711172,SO500504,5,2024-12-30,3000
SH711173,SO500505,5,2025-01-06,2000
SH711174,SO500506,5,2025-01-16,2000
SH711175,SO500507,4,2025-01-21,3000
SH711176,SO500508,4,2025-02-12,1000
SH711177,SO500509,4,2025-02-05,3000
SH711178,SO500510,6,2025-02-10,1000
SH711179,SO500511,6,2025-02-19,2000
SH711180,SO500512,5,2025-02-27,1000
SH711181,SO500513,5,2025-03-06,3000
SH711182,SO500515,6,2025-03-21,2000
SH711183,SO500516,6,2025-03-24,3000
SH711184,SO500517,6,2025-04-01,3000
SH711185,SO500518,6,2025-04-07,4000
SH711186,SO500519,4,2025-04-18,5000
SH711187,SO500520,6,2025-04-23,4000
SH711188,SO500593,4,2025-05-02,3000
SH711189,SO500521,5,2025-05-08,5000
SH711190,SO500522,6,2025-05-16,4000
SH711191,SO500523,4,2025-05-22,1000
SH711192,SO500524,6,2025-05-30,1000
SH711193,SO500525,6,2025-06-05,2000
SH711194,SO500580,5,2025-06-12,3000
SH711195,SO500526,6,2025-06-18,1000
SH711196,SO500527,6,2025-06-26,1000
SH711197,SO500528,6,2025-07-04,1000
SH711198,SO500529,6,2025-07-08,1000
SH711199,SO500529,6,2025-07-29,1000
SH711200,SO500530,6,2025-08-04,4000
SH711201,SO500531,6,2025-07-24,6000
SH711202,SO500532,6,2025-07-30,5000
SH711203,SO500533,6,2025-08-05,2000
SH711204,SO500534,5,2025-08-15,1000
SH711205,SO500534,5,2025-08-20,2000
SH711206,SO500535,4,2025-08-21,2000
SH711207,SO500536,5,2025-08-29,1000
SH711208,SO500536,5,2025-09-15,2000
SH711209,SO500537,5,2025-09-05,2000
SH711210,SO500538,4,2025-09-10,4000
SH711211,SO500539,5,2025-09-15,3000
SH711212,SO500539,5,2025-09-29,2000
SH711213,SO500540,5,2025-09-25,4000
SH711214,SO500541,5,2025-10-02,4000
SH711215,SO500542,4,2025-10-07,4000
SH711216,SO500543,5,2025-10-17,4000
SH711217,SO500581,5,2025-10-20,3000
SH711218,SO500544,6,2025-10-27,3000
SH711219,SO500545,5,2025-11-06,9000
SH711220,SO500546,6,2025-11-14,3000
SH711221,SO500546,6,2025-12-04,3000
SH711222,SO500547,6,2025-11-17,1000
SH711223,SO500594,4,2025-11-28,4000
SH711224,SO500596,2,2025-12-09,4000
SH711225,SO500599,2,2025-12-16,1000
SH711226,SO500599,2,2025-12-24,1000
SH711227,SO500583,3,2025-12-23,3000
SH711228,SO500598,3,2026-01-12,1000
SH711229,SO500598,3,2026-01-27,2000
SH711230,SO500548,4,2026-01-22,3000
SH711231,SO500549,4,2026-01-29,2000
SH711232,SO500551,5,2026-02-12,2000
SH711233,SO500552,6,2026-02-18,2000
SH711234,SO500600,2,2026-03-02,1000
SH711235,SO500553,4,2026-03-12,2000
SH711236,SO500586,3,2026-03-17,4000
SH711237,SO500595,4,2026-03-30,3000
SH711238,SO500587,5,2026-04-06,3000
SH711239,SO500555,5,2026-04-13,1000
SH711240,SO500556,4,2026-04-22,1000
SH711241,SO500557,6,2026-04-28,8000
SH711242,SO500558,4,2026-05-05,4000
SH711243,SO500559,5,2026-05-11,6000
SH711244,SO500560,5,2026-05-22,3000
SH711245,SO500561,5,2026-05-29,9000
SH711246,SO500562,5,2026-06-18,1000
SH711247,SO500563,6,2026-06-11,6000
SH711248,SO500564,6,2026-06-19,2000
SH711249,SO500565,5,2026-06-22,1000
SH711250,SO500451,7,2024-05-17,150
SH711251,SO500452,7,2024-05-08,150
SH711252,SO500453,7,2024-04-30,150
SH711253,SO500454,7,2024-04-25,150
SH711254,SO500455,7,2024-04-19,50
SH711255,SO500455,7,2024-05-02,100
SH711256,SO500456,7,2024-04-19,150
SH711257,SO500457,7,2024-04-02,150
SH711258,SO500458,7,2024-03-25,150
SH711259,SO500459,6,2024-03-26,150
SH711260,SO500460,6,2024-03-12,150
SH711261,SO500461,6,2024-03-07,50
SH711262,SO500461,6,2024-03-25,100
SH711263,SO500462,6,2024-02-28,150
SH711264,SO500463,4,2024-03-12,150
SH711265,SO500464,4,2024-02-13,150
SH711266,SO500465,4,2024-02-09,150
SH711267,SO500466,4,2024-01-29,150
SH711268,SO500570,3,2024-01-22,150
SH711269,SO500571,3,2024-01-15,150
SH711270,SO500572,3,2024-01-08,150
SH711271,SO500573,3,2024-01-02,150
SH711272,SO500473,7,2024-07-05,250
SH711273,SO500475,6,2024-07-19,250
SH711274,SO500476,7,2024-07-26,50
SH711275,SO500477,7,2024-07-31,300
SH711276,SO500478,7,2024-08-06,150
SH711277,SO500479,6,2024-09-02,450
SH711278,SO500480,7,2024-08-21,100
SH711279,SO500480,7,2024-09-04,100
SH711280,SO500481,7,2024-08-27,50
SH711281,SO500482,7,2024-09-03,400
SH711282,SO500483,7,2024-09-13,200
SH711283,SO500484,7,2024-09-19,150
SH711284,SO500485,6,2024-09-27,50
SH711285,SO500486,7,2024-10-25,250
SH711286,SO500592,5,2024-10-16,200
SH711287,SO500488,7,2024-10-25,250
SH711288,SO500574,6,2024-10-31,150
SH711289,SO500575,5,2024-11-07,150
SH711290,SO500489,6,2024-11-12,350
SH711291,SO500490,6,2024-11-21,150
SH711292,SO500491,6,2024-11-28,100
SH711293,SO500492,5,2024-12-06,200
SH711294,SO500493,7,2024-12-09,250
SH711295,SO500494,7,2024-12-17,100
SH711296,SO500495,7,2024-12-26,50
SH711297,SO500496,7,2025-01-17,200
SH711298,SO500576,6,2025-01-08,50
SH711299,SO500497,5,2025-01-15,100
SH711300,SO500498,7,2025-01-22,100
SH711301,SO500577,5,2025-01-29,250
SH711302,SO500499,6,2025-03-06,150
SH711303,SO500500,5,2025-02-21,100
SH711304,SO500579,5,2025-03-03,100
SH711305,SO500502,7,2025-03-13,300
SH711306,SO500503,4,2025-03-17,250
SH711307,SO500505,6,2025-04-02,200
SH711308,SO500507,5,2025-05-05,100
SH711309,SO500508,5,2025-04-24,300
SH711310,SO500509,5,2025-05-01,100
SH711311,SO500511,7,2025-05-15,50
SH711312,SO500512,6,2025-05-19,200
SH711313,SO500513,6,2025-05-28,350
SH711314,SO500514,6,2025-06-05,200
SH711315,SO500515,7,2025-06-12,100
SH711316,SO500516,7,2025-06-18,150
SH711317,SO500517,7,2025-06-25,250
SH711318,SO500518,7,2025-07-03,150
SH711319,SO500518,7,2025-07-15,150
SH711320,SO500519,5,2025-07-07,350
SH711321,SO500520,7,2025-07-30,200
SH711322,SO500593,5,2025-07-21,250
SH711323,SO500593,5,2025-08-15,200
SH711324,SO500521,6,2025-07-28,50
SH711325,SO500521,6,2025-08-11,50
SH711326,SO500522,7,2025-08-04,500
SH711327,SO500523,5,2025-08-12,300
SH711328,SO500524,7,2025-10-10,550
SH711329,SO500580,6,2025-11-12,400
SH711330,SO500526,7,2025-09-08,450
SH711331,SO500528,7,2025-11-05,150
SH711332,SO500529,7,2025-10-03,400
SH711333,SO500530,7,2025-10-10,50
SH711334,SO500531,7,2025-10-14,100
SH711335,SO500532,7,2025-12-05,600
SH711336,SO500534,6,2025-12-08,50
SH711337,SO500535,5,2026-02-26,450
SH711338,SO500536,6,2025-11-21,250
SH711339,SO500545,6,2026-01-29,200
SH711340,SO500546,7,2026-02-04,100
SH711341,SO500547,7,2026-02-09,300
SH711342,SO500594,5,2026-06-04,50
SH711343,SO500582,3,2026-06-02,100
SH711344,SO500598,4,2026-04-07,50
SH711345,SO500549,5,2026-04-23,50
SH711346,SO500550,6,2026-04-30,50
SH711347,SO500551,6,2026-05-08,100
SH711348,SO500595,5,2026-06-26,50
SH711349,SO500451,8,2024-05-16,200
SH711350,SO500452,8,2024-05-10,200
SH711351,SO500453,8,2024-05-03,200
SH711352,SO500454,8,2024-04-23,200
SH711353,SO500455,8,2024-04-19,200
SH711354,SO500456,8,2024-04-09,200
SH711355,SO500457,8,2024-04-03,200
SH711356,SO500458,8,2024-03-27,200
SH711357,SO500459,7,2024-03-18,200
SH711358,SO500460,7,2024-03-12,200
SH711359,SO500461,7,2024-03-04,200
SH711360,SO500462,7,2024-02-29,200
SH711361,SO500463,5,2024-02-22,200
SH711362,SO500464,5,2024-02-14,200
SH711363,SO500465,5,2024-02-05,200
SH711364,SO500466,5,2024-01-31,100
SH711365,SO500466,5,2024-02-14,100
SH711366,SO500570,4,2024-01-26,200
SH711367,SO500571,4,2024-01-17,200
SH711368,SO500572,4,2024-01-08,200
SH711369,SO500573,4,2024-01-02,200
SH711370,SO500469,6,2024-06-07,100
SH711371,SO500470,6,2024-06-10,250
SH711372,SO500472,6,2024-06-26,100
SH711373,SO500473,8,2024-07-04,100
SH711374,SO500474,7,2024-07-17,300
SH711375,SO500475,7,2024-07-15,200
SH711376,SO500476,8,2024-07-26,250
SH711377,SO500477,8,2024-07-30,50
SH711378,SO500478,8,2024-08-07,100
SH711379,SO500479,7,2024-08-16,400
SH711380,SO500480,8,2024-08-22,250
SH711381,SO500481,8,2024-08-29,450
SH711382,SO500482,8,2024-09-06,150
SH711383,SO500483,8,2024-09-11,200
SH711384,SO500484,8,2024-09-19,250
SH711385,SO500485,7,2024-09-23,300
SH711386,SO500486,8,2024-09-30,450
SH711387,SO500487,7,2024-10-07,250
SH711388,SO500592,6,2024-10-14,450
SH711389,SO500574,7,2024-10-28,450
SH711390,SO500575,6,2024-11-04,250
SH711391,SO500575,6,2024-11-25,200
SH711392,SO500489,7,2024-11-11,100
SH711393,SO500489,7,2024-11-21,100
SH711394,SO500490,7,2024-11-21,400
SH711395,SO500491,7,2024-11-29,200
SH711396,SO500492,6,2024-12-03,500
SH711397,SO500494,8,2024-12-16,250
SH711398,SO500495,8,2024-12-24,200
SH711399,SO500496,8,2024-12-31,100
SH711400,SO500576,7,2025-01-10,100
SH711401,SO500497,6,2025-01-17,350
SH711402,SO500498,8,2025-01-21,450
SH711403,SO500577,6,2025-01-28,50
SH711404,SO500578,5,2025-02-07,150
SH711405,SO500499,7,2025-02-13,50
SH711406,SO500499,7,2025-02-25,100
SH711407,SO500500,6,2025-02-21,150
SH711408,SO500501,6,2025-02-24,400
SH711409,SO500579,6,2025-03-07,800
SH711410,SO500505,7,2025-03-31,150
SH711411,SO500506,6,2025-04-08,150
SH711412,SO500510,7,2025-05-08,300
SH711413,SO500511,8,2025-05-14,100
SH711414,SO500512,7,2025-05-20,400
SH711415,SO500513,7,2025-05-26,200
SH711416,SO500514,7,2025-06-05,250
SH711417,SO500515,8,2025-06-13,200
SH711418,SO500516,8,2025-06-16,350
SH711419,SO500517,8,2025-06-26,250
SH711420,SO500518,8,2025-07-01,450
SH711421,SO500519,6,2025-07-10,350
SH711422,SO500520,8,2025-07-16,450
SH711423,SO500593,6,2025-07-24,250
SH711424,SO500521,7,2025-07-31,250
SH711425,SO500522,8,2025-10-31,250
SH711426,SO500523,6,2025-11-13,450
SH711427,SO500524,8,2025-08-22,350
SH711428,SO500580,7,2025-10-15,300
SH711429,SO500526,8,2025-09-11,150
SH711430,SO500527,7,2025-11-25,250
SH711431,SO500528,8,2025-09-22,450
SH711432,SO500529,8,2025-12-15,350
SH711433,SO500530,8,2025-10-23,100
SH711434,SO500531,8,2025-10-13,400
SH711435,SO500532,8,2025-10-24,600
SH711436,SO500533,7,2025-10-29,400
SH711437,SO500534,7,2025-11-05,500
SH711438,SO500535,6,2025-12-29,400
SH711439,SO500536,7,2025-11-19,50
SH711440,SO500537,6,2026-02-26,450
SH711441,SO500538,5,2025-12-05,50
SH711442,SO500538,5,2025-12-25,100
SH711443,SO500539,6,2026-03-25,200
SH711444,SO500581,6,2026-01-13,150
SH711445,SO500545,7,2026-04-13,50
SH711446,SO500545,7,2026-05-06,100
SH711447,SO500546,8,2026-03-18,300
SH711448,SO500547,8,2026-02-11,50
SH711449,SO500582,4,2026-04-23,50
SH711450,SO500596,3,2026-06-10,50
SH711451,SO500548,5,2026-04-13,150
SH711452,SO500552,7,2026-05-11,50
SH711453,SO500451,9,2024-03-22,700
SH711454,SO500452,9,2024-03-15,700
SH711455,SO500453,9,2024-03-07,700
SH711456,SO500454,9,2024-02-27,700
SH711457,SO500455,9,2024-02-23,700
SH711458,SO500456,9,2024-02-15,700
SH711459,SO500457,9,2024-02-06,700
SH711460,SO500458,9,2024-02-01,700
SH711461,SO500459,8,2024-01-23,700
SH711462,SO500460,8,2024-01-16,700
SH711463,SO500461,8,2024-01-08,700
SH711464,SO500462,8,2024-01-17,700
SH711465,SO500467,6,2024-03-26,200
SH711466,SO500468,7,2024-04-02,400
SH711467,SO500470,7,2024-04-17,700
SH711468,SO500471,6,2024-04-26,850
SH711469,SO500472,7,2024-05-02,400
SH711470,SO500473,9,2024-05-09,450
SH711471,SO500474,8,2024-05-16,700
SH711472,SO500475,8,2024-05-23,1000
SH711473,SO500476,9,2024-05-29,650
SH711474,SO500477,9,2024-06-05,1000
SH711475,SO500478,9,2024-06-12,250
SH711476,SO500479,8,2024-06-17,1300
SH711477,SO500480,9,2024-06-26,1550
SH711478,SO500481,9,2024-07-02,550
SH711479,SO500482,9,2024-07-08,300
SH711480,SO500482,9,2024-07-23,200
SH711481,SO500483,9,2024-07-17,350
SH711482,SO500484,9,2024-07-22,500
SH711483,SO500485,8,2024-07-31,2050
SH711484,SO500486,9,2024-08-09,900
SH711485,SO500487,8,2024-08-29,700
SH711486,SO500592,7,2024-08-20,350
SH711487,SO500488,8,2024-08-26,1050
SH711488,SO500574,8,2024-09-05,550
SH711489,SO500574,8,2024-09-24,400
SH711490,SO500575,7,2024-09-13,1300
SH711491,SO500489,8,2024-09-19,1100
SH711492,SO500490,8,2024-09-26,450
SH711493,SO500491,8,2024-10-09,1500
SH711494,SO500492,7,2024-10-07,200
SH711495,SO500493,8,2024-10-30,900
SH711496,SO500494,9,2024-10-25,200
SH711497,SO500495,9,2024-10-31,550
SH711498,SO500496,9,2024-11-07,500
SH711499,SO500576,8,2024-11-20,600
SH711500,SO500497,7,2024-11-22,350
SH711501,SO500498,9,2024-11-26,400
SH711502,SO500577,7,2024-12-03,1050
SH711503,SO500499,8,2024-12-17,850
SH711504,SO500500,7,2024-12-23,550
SH711505,SO500501,7,2025-01-02,350
SH711506,SO500579,7,2025-01-09,1150
SH711507,SO500503,5,2025-01-20,300
SH711508,SO500504,6,2025-01-28,900
SH711509,SO500505,8,2025-02-25,600
SH711510,SO500505,8,2025-03-19,450
SH711511,SO500506,7,2025-02-10,150
SH711512,SO500507,6,2025-02-20,550
SH711513,SO500508,6,2025-02-27,1400
SH711514,SO500509,6,2025-03-07,600
SH711515,SO500510,8,2025-03-13,800
SH711516,SO500511,9,2025-03-17,1250
SH711517,SO500512,8,2025-03-26,400
SH711518,SO500514,8,2025-04-07,700
SH711519,SO500515,9,2025-04-14,1450
SH711520,SO500516,9,2025-04-24,100
SH711521,SO500517,9,2025-04-30,1000
SH711522,SO500518,9,2025-05-21,350
SH711523,SO500520,9,2025-05-23,900
SH711524,SO500593,7,2025-05-27,1650
SH711525,SO500521,8,2025-06-04,800
SH711526,SO500522,9,2025-06-10,600
SH711527,SO500523,7,2025-06-17,650
SH711528,SO500525,7,2025-06-30,1250
SH711529,SO500580,8,2025-07-09,1050
SH711530,SO500526,9,2025-07-17,650
SH711531,SO500527,8,2025-07-23,650
SH711532,SO500528,9,2025-07-31,700
SH711533,SO500529,9,2025-08-04,800
SH711534,SO500529,9,2025-08-13,600
SH711535,SO500530,9,2025-08-11,600
SH711536,SO500531,9,2025-08-20,1150
SH711537,SO500532,9,2025-08-25,600
SH711538,SO500533,8,2025-09-01,950
SH711539,SO500534,8,2025-09-11,650
SH711540,SO500535,7,2025-09-15,1150
SH711541,SO500536,8,2025-09-22,950
SH711542,SO500538,6,2025-10-08,850
SH711543,SO500539,7,2025-10-15,750
SH711544,SO500540,6,2025-10-21,850
SH711545,SO500541,6,2025-10-29,1250
SH711546,SO500542,5,2025-11-03,1000
SH711547,SO500543,6,2025-11-12,750
SH711548,SO500581,7,2025-11-17,350
SH711549,SO500544,7,2025-11-27,1050
SH711550,SO500545,8,2025-12-02,1500
SH711551,SO500546,9,2025-12-08,1650
SH711552,SO500547,9,2025-12-15,650
SH711553,SO500594,6,2025-12-26,1400
SH711554,SO500582,5,2025-12-30,1200
SH711555,SO500596,4,2026-01-08,750
SH711556,SO500599,3,2026-01-16,900
SH711557,SO500599,3,2026-01-23,650
SH711558,SO500583,4,2026-01-21,400
SH711559,SO500598,5,2026-02-11,1100
SH711560,SO500550,8,2026-03-02,600
SH711561,SO500551,7,2026-03-12,500
SH711562,SO500552,8,2026-03-18,700
SH711563,SO500553,5,2026-04-09,250
SH711564,SO500553,5,2026-04-15,200
SH711565,SO500586,5,2026-04-16,1200
SH711566,SO500595,7,2026-04-29,150
SH711567,SO500587,8,2026-05-07,800
SH711568,SO500555,7,2026-05-12,400
SH711569,SO500555,7,2026-05-25,300
SH711570,SO500556,7,2026-05-21,1250
SH711571,SO500557,9,2026-05-27,700
SH711572,SO500558,7,2026-06-04,1250
SH711573,SO500559,8,2026-06-10,350
SH711574,SO500560,8,2026-06-17,2250
SH711575,SO500561,7,2026-06-25,950
SH711576,SO500451,10,2024-03-22,150
SH711577,SO500452,10,2024-03-15,150
SH711578,SO500453,10,2024-03-05,150
SH711579,SO500454,10,2024-02-27,150
SH711580,SO500455,10,2024-02-23,50
SH711581,SO500455,10,2024-03-15,100
SH711582,SO500456,10,2024-02-15,150
SH711583,SO500457,10,2024-02-08,150
SH711584,SO500458,10,2024-02-01,150
SH711585,SO500459,9,2024-01-23,150
SH711586,SO500460,9,2024-01-18,150
SH711587,SO500461,9,2024-01-09,150
SH711588,SO500462,9,2024-01-01,150
SH711589,SO500468,8,2024-04-04,50
SH711590,SO500469,7,2024-04-09,150
SH711591,SO500470,8,2024-04-24,150
SH711592,SO500471,7,2024-04-22,150
SH711593,SO500472,8,2024-05-07,100
SH711594,SO500473,10,2024-05-09,150
SH711595,SO500474,9,2024-05-15,50
SH711596,SO500475,9,2024-05-21,100
SH711597,SO500476,10,2024-05-27,50
SH711598,SO500476,10,2024-06-04,50
SH711599,SO500477,10,2024-06-05,100
SH711600,SO500478,10,2024-06-14,300
SH711601,SO500479,9,2024-06-17,250
SH711602,SO500480,10,2024-06-26,300
SH711603,SO500481,10,2024-07-01,300
SH711604,SO500482,10,2024-07-12,300
SH711605,SO500483,10,2024-07-19,250
SH711606,SO500484,10,2024-07-22,100
SH711607,SO500485,9,2024-08-08,500
SH711608,SO500486,10,2024-08-09,50
SH711609,SO500486,10,2024-08-30,50
SH711610,SO500487,9,2024-08-15,50
SH711611,SO500592,8,2024-08-23,300
SH711612,SO500488,9,2024-08-27,50
SH711613,SO500488,9,2024-09-04,50
SH711614,SO500574,9,2024-09-02,400
SH711615,SO500575,8,2024-09-13,100
SH711616,SO500489,9,2024-09-18,450
SH711617,SO500491,9,2024-10-03,150
SH711618,SO500492,8,2024-10-10,100
SH711619,SO500494,10,2024-10-22,150
SH711620,SO500494,10,2024-11-15,100
SH711621,SO500496,10,2024-11-07,200
SH711622,SO500577,8,2024-12-05,150
SH711623,SO500578,6,2024-12-12,150
SH711624,SO500499,9,2024-12-20,50
SH711625,SO500500,8,2024-12-26,150
SH711626,SO500501,8,2024-12-31,250
SH711627,SO500579,8,2025-01-08,200
SH711628,SO500502,8,2025-01-17,150
SH711629,SO500503,6,2025-01-22,250
SH711630,SO500504,7,2025-01-28,100
SH711631,SO500505,9,2025-02-04,200
SH711632,SO500506,8,2025-02-10,200
SH711633,SO500508,7,2025-02-28,150
SH711634,SO500510,9,2025-03-24,250
SH711635,SO500512,9,2025-03-27,50
SH711636,SO500512,9,2025-04-08,100
SH711637,SO500513,8,2025-03-31,150
SH711638,SO500515,10,2025-04-17,150
SH711639,SO500517,10,2025-05-08,250
SH711640,SO500518,10,2025-05-21,150
SH711641,SO500519,7,2025-05-30,350
SH711642,SO500520,10,2025-05-23,150
SH711643,SO500521,9,2025-06-06,250
SH711644,SO500522,10,2025-06-13,50
SH711645,SO500523,8,2025-06-19,400
SH711646,SO500524,9,2025-06-27,200
SH711647,SO500525,8,2025-07-02,100
SH711648,SO500526,10,2025-07-14,50
SH711649,SO500527,9,2025-07-23,300
SH711650,SO500528,10,2025-07-31,50
SH711651,SO500529,10,2025-08-05,350
SH711652,SO500530,10,2025-08-12,150
SH711653,SO500531,10,2025-08-22,100
SH711654,SO500532,10,2025-09-08,300
SH711655,SO500533,9,2025-09-03,200
SH711656,SO500533,9,2025-09-15,150
SH711657,SO500534,9,2025-09-08,250
SH711658,SO500535,8,2025-09-16,200
SH711659,SO500536,9,2025-09-25,150
SH711660,SO500537,7,2025-09-30,300
SH711661,SO500538,7,2025-10-08,100
SH711662,SO500539,8,2025-10-13,250
SH711663,SO500540,7,2025-10-21,300
SH711664,SO500541,7,2025-10-27,100
SH711665,SO500542,6,2025-11-03,150
SH711666,SO500543,7,2025-11-10,50
SH711667,SO500581,8,2025-11-20,250
SH711668,SO500544,8,2025-11-28,300
SH711669,SO500545,9,2025-12-05,250
SH711670,SO500546,10,2025-12-11,350
SH711671,SO500547,10,2025-12-18,50
SH711672,SO500594,7,2026-01-16,150
SH711673,SO500582,6,2025-12-30,50
SH711674,SO500596,5,2026-01-07,150
SH711675,SO500596,5,2026-01-28,100
SH711676,SO500597,3,2026-01-26,200
SH711677,SO500548,6,2026-02-17,150
SH711678,SO500549,6,2026-02-25,300
SH711679,SO500551,8,2026-03-13,50
SH711680,SO500551,8,2026-03-20,100
SH711681,SO500552,9,2026-04-06,100
SH711682,SO500600,3,2026-03-30,50
SH711683,SO500553,6,2026-04-09,50
SH711684,SO500586,6,2026-04-13,50
SH711685,SO500554,7,2026-04-24,50
SH711686,SO500554,7,2026-05-08,50
SH711687,SO500595,8,2026-04-29,350
SH711688,SO500587,9,2026-05-07,100
SH711689,SO500556,8,2026-05-20,150
SH711690,SO500557,10,2026-05-27,300
SH711691,SO500558,8,2026-06-04,250
SH711692,SO500559,9,2026-06-09,200
SH711693,SO500560,9,2026-06-19,100
SH711694,SO500561,8,2026-06-25,250
SH711695,SO500451,11,2024-03-19,500
SH711696,SO500452,11,2024-03-11,500
SH711697,SO500453,11,2024-03-06,500
SH711698,SO500454,11,2024-03-01,500
SH711699,SO500455,11,2024-02-20,500
SH711700,SO500456,11,2024-02-15,500
SH711701,SO500457,11,2024-02-07,500
SH711702,SO500458,11,2024-01-31,500
SH711703,SO500459,10,2024-01-22,500
SH711704,SO500460,10,2024-01-16,500
SH711705,SO500461,10,2024-01-09,500
SH711706,SO500462,10,2024-01-01,500
SH711707,SO500468,9,2024-04-01,750
SH711708,SO500469,8,2024-04-10,250
SH711709,SO500470,9,2024-04-17,500
SH711710,SO500471,8,2024-04-26,500
SH711711,SO500472,9,2024-04-29,1250
SH711712,SO500473,11,2024-05-06,500
SH711713,SO500474,10,2024-05-14,250
SH711714,SO500475,10,2024-06-04,1000
SH711715,SO500477,11,2024-06-05,500
SH711716,SO500478,11,2024-06-12,1000
SH711717,SO500479,10,2024-06-19,500
SH711718,SO500481,11,2024-07-01,750
SH711719,SO500481,11,2024-07-18,500
SH711720,SO500482,11,2024-07-12,750
SH711721,SO500484,11,2024-07-22,1000
SH711722,SO500485,10,2024-07-31,250
SH711723,SO500486,11,2024-08-09,250
SH711724,SO500487,10,2024-08-15,750
SH711725,SO500592,9,2024-08-19,250
SH711726,SO500488,10,2024-08-26,250
SH711727,SO500574,10,2024-09-03,750
SH711728,SO500575,9,2024-09-12,750
SH711729,SO500489,10,2024-10-02,750
SH711730,SO500490,9,2024-09-24,1000
SH711731,SO500491,10,2024-10-03,500
SH711732,SO500492,9,2024-10-07,750
SH711733,SO500493,9,2024-11-08,750
SH711734,SO500494,11,2024-10-24,1750
SH711735,SO500495,10,2024-11-01,750
SH711736,SO500496,11,2024-11-07,500
SH711737,SO500577,9,2024-12-02,500
SH711738,SO500578,7,2024-12-10,250
SH711739,SO500579,9,2025-01-08,1000
SH711740,SO500502,9,2025-01-16,500
SH711741,SO500503,7,2025-01-21,750
SH711742,SO500504,8,2025-01-30,500
SH711743,SO500505,10,2025-02-03,750
SH711744,SO500506,9,2025-02-13,1000
SH711745,SO500507,7,2025-02-20,500
SH711746,SO500509,7,2025-03-06,250
SH711747,SO500510,10,2025-03-10,250
SH711748,SO500511,10,2025-03-21,750
SH711749,SO500513,9,2025-04-02,750
SH711750,SO500514,9,2025-04-08,500
SH711751,SO500515,11,2025-04-15,500
SH711752,SO500516,10,2025-04-23,1500
SH711753,SO500517,11,2025-04-28,1000
SH711754,SO500518,11,2025-05-05,750
SH711755,SO500519,8,2025-05-14,500
SH711756,SO500520,11,2025-05-23,1250
SH711757,SO500593,8,2025-05-26,500
SH711758,SO500521,10,2025-06-02,250
SH711759,SO500522,11,2025-06-12,250
SH711760,SO500523,9,2025-06-20,250
SH711761,SO500524,10,2025-07-01,250
SH711762,SO500525,9,2025-06-30,750
SH711763,SO500580,9,2025-07-09,500
SH711764,SO500526,11,2025-07-16,250
SH711765,SO500527,10,2025-07-23,1000
SH711766,SO500528,11,2025-08-13,1250
SH711767,SO500529,11,2025-08-04,750
SH711768,SO500530,11,2025-08-14,750
SH711769,SO500531,11,2025-08-21,750
SH711770,SO500532,11,2025-08-26,750
SH711771,SO500533,10,2025-09-05,750
SH711772,SO500534,10,2025-09-10,750
SH711773,SO500535,9,2025-09-16,500
SH711774,SO500537,8,2025-10-02,500
SH711775,SO500538,8,2025-10-10,1000
SH711776,SO500539,9,2025-10-14,1250
SH711777,SO500540,8,2025-11-06,1250
SH711778,SO500541,8,2025-10-31,1000
SH711779,SO500542,7,2025-11-06,1250
SH711780,SO500543,8,2025-11-21,1250
SH711781,SO500581,9,2025-11-21,1250
SH711782,SO500544,9,2025-12-10,750
SH711783,SO500544,9,2025-12-25,500
SH711784,SO500545,10,2025-12-02,1000
SH711785,SO500547,11,2025-12-17,250
SH711786,SO500594,8,2025-12-22,1750
SH711787,SO500596,6,2026-01-08,750
SH711788,SO500599,4,2026-01-27,500
SH711789,SO500597,4,2026-01-30,250
SH711790,SO500584,4,2026-02-02,750
SH711791,SO500598,6,2026-02-10,250
SH711792,SO500598,6,2026-03-04,250
SH711793,SO500549,7,2026-02-27,250
SH711794,SO500552,10,2026-03-19,750
SH711795,SO500585,6,2026-03-23,1000
SH711796,SO500585,6,2026-04-09,750
SH711797,SO500600,4,2026-04-02,750
SH711798,SO500553,7,2026-04-06,750
SH711799,SO500586,7,2026-04-13,500
SH711800,SO500554,8,2026-04-20,500
SH711801,SO500595,9,2026-05-01,750
SH711802,SO500587,10,2026-05-06,750
SH711803,SO500555,8,2026-05-12,750
SH711804,SO500556,9,2026-05-22,250
SH711805,SO500557,11,2026-05-28,500
SH711806,SO500558,9,2026-06-04,500
SH711807,SO500559,10,2026-06-08,500
SH711808,SO500560,10,2026-06-17,1250
SH711809,SO500561,9,2026-06-23,500
SH711810,SO500451,12,2024-04-19,80
SH711811,SO500452,12,2024-04-10,80
SH711812,SO500453,12,2024-04-03,80
SH711813,SO500454,12,2024-03-28,80
SH711814,SO500455,12,2024-03-20,80
SH711815,SO500456,12,2024-03-15,80
SH711816,SO500457,12,2024-03-07,80
SH711817,SO500458,12,2024-03-04,80
SH711818,SO500459,11,2024-02-21,80
SH711819,SO500460,11,2024-02-13,80
SH711820,SO500461,11,2024-02-09,80
SH711821,SO500462,11,2024-02-02,80
SH711822,SO500463,6,2024-01-24,80
SH711823,SO500464,6,2024-01-15,80
SH711824,SO500465,6,2024-01-09,80
SH711825,SO500466,6,2024-01-02,80
SH711826,SO500467,7,2024-04-22,130
SH711827,SO500468,10,2024-05-03,60
SH711828,SO500469,9,2024-05-08,110
SH711829,SO500470,10,2024-05-17,100
SH711830,SO500471,9,2024-05-27,110
SH711831,SO500472,10,2024-05-31,180
SH711832,SO500473,12,2024-06-07,90
SH711833,SO500474,11,2024-06-12,40
SH711834,SO500474,11,2024-07-03,40
SH711835,SO500475,11,2024-06-19,50
SH711836,SO500476,11,2024-06-24,120
SH711837,SO500477,12,2024-07-04,10
SH711838,SO500478,12,2024-07-10,170
SH711839,SO500479,11,2024-07-18,40
SH711840,SO500479,11,2024-08-08,30
SH711841,SO500480,11,2024-07-25,30
SH711842,SO500481,12,2024-07-29,40
SH711843,SO500482,12,2024-08-12,130
SH711844,SO500483,11,2024-08-16,50
SH711845,SO500484,12,2024-08-22,10
SH711846,SO500485,11,2024-08-26,130
SH711847,SO500486,12,2024-09-05,40
SH711848,SO500487,11,2024-09-13,80
SH711849,SO500592,10,2024-09-19,140
SH711850,SO500488,11,2024-09-23,250
SH711851,SO500574,11,2024-10-03,120
SH711852,SO500575,10,2024-10-09,30
SH711853,SO500575,10,2024-10-29,20
SH711854,SO500489,11,2024-10-15,170
SH711855,SO500490,10,2024-10-25,180
SH711856,SO500491,11,2024-10-31,90
SH711857,SO500492,10,2024-11-04,160
SH711858,SO500493,10,2024-11-13,100
SH711859,SO500495,11,2024-11-27,140
SH711860,SO500496,12,2024-12-04,160
SH711861,SO500576,9,2024-12-12,70
SH711862,SO500497,8,2024-12-17,90
SH711863,SO500498,10,2024-12-27,10
SH711864,SO500577,10,2025-01-02,150
SH711865,SO500578,8,2025-01-10,10
SH711866,SO500499,10,2025-01-14,250
SH711867,SO500500,9,2025-01-24,90
SH711868,SO500501,9,2025-01-27,30
SH711869,SO500579,10,2025-02-04,110
SH711870,SO500502,10,2025-02-14,10
SH711871,SO500503,8,2025-02-18,80
SH711872,SO500505,11,2025-03-03,50
SH711873,SO500507,8,2025-03-20,40
SH711874,SO500508,8,2025-04-15,140
SH711875,SO500510,11,2025-04-08,180
SH711876,SO500511,11,2025-04-14,170
SH711877,SO500512,10,2025-04-22,90
SH711878,SO500512,10,2025-05-09,70
SH711879,SO500513,10,2025-05-01,130
SH711880,SO500514,10,2025-05-05,100
SH711881,SO500515,12,2025-05-14,30
SH711882,SO500516,11,2025-05-19,90
SH711883,SO500517,12,2025-05-29,140
SH711884,SO500520,12,2025-06-19,220
SH711885,SO500593,9,2025-06-24,160
SH711886,SO500521,11,2025-06-30,250
SH711887,SO500522,12,2025-07-09,220
SH711888,SO500523,10,2025-07-14,120
SH711889,SO500524,11,2025-08-04,140
SH711890,SO500525,10,2025-08-01,160
SH711891,SO500580,10,2025-08-04,290
SH711892,SO500526,12,2025-08-12,80
SH711893,SO500527,11,2025-08-18,60
SH711894,SO500528,12,2025-08-25,90
SH711895,SO500529,12,2025-09-08,180
SH711896,SO500530,12,2025-09-08,160
SH711897,SO500531,12,2025-09-19,70
SH711898,SO500532,12,2025-09-25,120
SH711899,SO500532,12,2025-10-02,80
SH711900,SO500533,11,2025-09-30,20
SH711901,SO500534,11,2025-10-10,50
SH711902,SO500535,10,2025-10-17,170
SH711903,SO500536,10,2025-11-06,150
SH711904,SO500539,10,2025-11-11,160
SH711905,SO500539,10,2025-12-02,110
SH711906,SO500541,9,2025-11-24,130
SH711907,SO500542,8,2025-12-04,40
SH711908,SO500545,11,2026-01-01,120
SH711909,SO500582,7,2026-01-28,130
SH711910,SO500596,7,2026-02-04,80
SH711911,SO500599,5,2026-02-10,10
SH711912,SO500599,5,2026-03-03,10
SH711913,SO500583,5,2026-02-20,50
SH711914,SO500584,5,2026-03-04,70
SH711915,SO500598,7,2026-03-10,100
SH711916,SO500548,7,2026-03-18,40
SH711917,SO500585,7,2026-04-22,100
SH711918,SO500600,5,2026-04-27,60
SH711919,SO500553,8,2026-05-05,110
SH711920,SO500586,8,2026-05-15,50
SH711921,SO500554,9,2026-05-19,10
SH711922,SO500595,10,2026-05-26,140
SH711923,SO500587,11,2026-06-04,200
SH711924,SO500555,9,2026-06-09,90
SH711925,SO500451,13,2024-02-21,3000
SH711926,SO500452,13,2024-02-13,3000
SH711927,SO500453,13,2024-02-06,3000
SH711928,SO500454,13,2024-01-29,3000
SH711929,SO500455,13,2024-02-15,3000
SH711930,SO500456,13,2024-01-19,1000
SH711931,SO500456,13,2024-02-02,2000
SH711932,SO500457,13,2024-01-11,3000
SH711933,SO500458,13,2024-01-02,3000
SH711934,SO500467,8,2024-02-27,6000
SH711935,SO500468,11,2024-03-07,2000
SH711936,SO500469,10,2024-03-11,6000
SH711937,SO500470,11,2024-03-21,1000
SH711938,SO500471,10,2024-03-27,2000
SH711939,SO500471,10,2024-04-04,2000
SH711940,SO500472,11,2024-04-02,3000
SH711941,SO500473,13,2024-04-12,3000
SH711942,SO500475,12,2024-04-26,3000
SH711943,SO500476,12,2024-05-09,1000
SH711944,SO500477,13,2024-05-08,1000
SH711945,SO500478,13,2024-05-17,4000
SH711946,SO500479,12,2024-05-21,8000
SH711947,SO500480,12,2024-05-27,4000
SH711948,SO500481,13,2024-06-06,2000
SH711949,SO500482,13,2024-06-13,7000
SH711950,SO500483,12,2024-06-17,4000
SH711951,SO500484,13,2024-06-24,6000
SH711952,SO500485,12,2024-07-04,3000
SH711953,SO500485,12,2024-07-18,2000
SH711954,SO500486,13,2024-07-10,3000
SH711955,SO500487,12,2024-07-16,1000
SH711956,SO500592,11,2024-07-22,4000
SH711957,SO500488,12,2024-07-31,6000
SH711958,SO500574,12,2024-08-08,5000
SH711959,SO500575,11,2024-08-16,4000
SH711960,SO500489,12,2024-08-22,4000
SH711961,SO500490,11,2024-08-27,3000
SH711962,SO500491,12,2024-09-04,5000
SH711963,SO500492,11,2024-09-13,2000
SH711964,SO500496,13,2024-10-11,2000
SH711965,SO500576,10,2024-10-18,3000
SH711966,SO500497,9,2024-10-22,4000
SH711967,SO500498,11,2024-11-01,3000
SH711968,SO500577,11,2024-11-07,5000
SH711969,SO500578,9,2024-11-13,7000
SH711970,SO500499,11,2024-11-19,6000
SH711971,SO500500,10,2024-11-28,6000
SH711972,SO500501,10,2024-12-06,5000
SH711973,SO500579,11,2024-12-13,6000
SH711974,SO500502,11,2024-12-16,2000
SH711975,SO500503,9,2024-12-25,4000
SH711976,SO500504,9,2025-01-02,1000
SH711977,SO500506,10,2025-01-17,4000
SH711978,SO500507,9,2025-01-23,2000
SH711979,SO500512,11,2025-02-26,3000
SH711980,SO500513,11,2025-03-05,2000
SH711981,SO500514,11,2025-03-28,1000
SH711982,SO500515,13,2025-03-19,2000
SH711983,SO500516,12,2025-03-26,3000
SH711984,SO500517,13,2025-04-04,1000
SH711985,SO500517,13,2025-04-10,2000
SH711986,SO500518,12,2025-04-22,5000
SH711987,SO500519,9,2025-04-17,5000
SH711988,SO500593,10,2025-04-30,3000
SH711989,SO500521,12,2025-05-20,5000
SH711990,SO500522,13,2025-05-16,6000
SH711991,SO500523,11,2025-05-21,5000
SH711992,SO500523,11,2025-06-05,4000
SH711993,SO500524,12,2025-05-28,4000
SH711994,SO500525,11,2025-06-05,4000
SH711995,SO500580,11,2025-06-13,2000
SH711996,SO500526,13,2025-06-20,4000
SH711997,SO500527,12,2025-06-27,6000
SH711998,SO500528,13,2025-07-01,2000
SH711999,SO500529,13,2025-07-10,8000
SH712000,SO500530,13,2025-07-15,1000
SH712001,SO500531,13,2025-08-15,3000
SH712002,SO500532,13,2025-07-30,4000
SH712003,SO500533,12,2025-08-06,6000
SH712004,SO500534,12,2025-08-15,7000
SH712005,SO500536,11,2025-08-26,7000
SH712006,SO500538,9,2025-09-08,2000
SH712007,SO500539,11,2025-09-19,6000
SH712008,SO500540,9,2025-10-15,3000
SH712009,SO500541,10,2025-10-02,7000
SH712010,SO500542,9,2025-10-08,4000
SH712011,SO500543,9,2025-10-17,10000
SH712012,SO500581,10,2025-10-24,5000
SH712013,SO500544,10,2025-10-27,4000
SH712014,SO500545,12,2025-11-07,9000
SH712015,SO500546,11,2025-11-27,7000
SH712016,SO500547,12,2025-11-21,7000
SH712017,SO500594,9,2025-11-24,1000
SH712018,SO500582,8,2025-12-01,5000
SH712019,SO500596,8,2025-12-12,1000
SH712020,SO500583,6,2025-12-24,6000
SH712021,SO500548,8,2026-01-20,4000
SH712022,SO500550,9,2026-02-04,1000
SH712023,SO500551,9,2026-02-10,6000
SH712024,SO500552,11,2026-02-19,1000
SH712025,SO500585,8,2026-02-26,5000
SH712026,SO500600,6,2026-03-06,4000
SH712027,SO500553,9,2026-03-13,2000
SH712028,SO500586,9,2026-03-20,1000
SH712029,SO500554,10,2026-03-26,4000
SH712030,SO500595,11,2026-04-01,2000
SH712031,SO500555,10,2026-04-16,1000
SH712032,SO500556,10,2026-04-20,6000
SH712033,SO500557,12,2026-04-30,5000
SH712034,SO500558,10,2026-05-04,4000
SH712035,SO500559,12,2026-05-13,11000
SH712036,SO500560,12,2026-06-08,1000
SH712037,SO500560,12,2026-06-26,1000
SH712038,SO500561,10,2026-05-26,7000
SH712039,SO500562,10,2026-06-04,5000
SH712040,SO500563,12,2026-06-09,8000
SH712041,SO500564,13,2026-06-15,2000
SH712042,SO500565,12,2026-06-25,3000
SH712043,SO500451,14,2024-03-19,750
SH712044,SO500452,14,2024-03-14,750
SH712045,SO500453,14,2024-03-08,250
SH712046,SO500453,14,2024-03-18,500
SH712047,SO500454,14,2024-02-27,750
SH712048,SO500455,14,2024-02-21,750
SH712049,SO500456,14,2024-02-15,750
SH712050,SO500457,14,2024-02-08,750
SH712051,SO500458,14,2024-01-31,750
SH712052,SO500459,12,2024-01-26,750
SH712053,SO500460,12,2024-01-18,750
SH712054,SO500461,12,2024-01-11,750
SH712055,SO500462,12,2024-01-04,750
SH712056,SO500468,12,2024-04-01,750
SH712057,SO500469,11,2024-04-09,1000
SH712058,SO500470,12,2024-04-17,1000
SH712059,SO500471,11,2024-04-24,500
SH712060,SO500472,12,2024-05-01,500
SH712061,SO500473,14,2024-05-10,500
SH712062,SO500474,12,2024-05-16,1000
SH712063,SO500475,13,2024-05-24,250
SH712064,SO500475,13,2024-05-28,250
SH712065,SO500476,13,2024-05-27,250
SH712066,SO500477,14,2024-06-05,750
SH712067,SO500478,14,2024-06-20,500
SH712068,SO500478,14,2024-06-28,500
SH712069,SO500479,13,2024-06-19,1500
SH712070,SO500480,13,2024-06-28,1500
SH712071,SO500481,14,2024-07-03,750
SH712072,SO500482,14,2024-07-09,1250
SH712073,SO500483,13,2024-07-15,1250
SH712074,SO500484,14,2024-07-26,1500
SH712075,SO500485,13,2024-07-31,500
SH712076,SO500486,14,2024-08-09,500
SH712077,SO500486,14,2024-08-27,500
SH712078,SO500487,13,2024-08-16,250
SH712079,SO500488,13,2024-08-30,1000
SH712080,SO500488,13,2024-09-06,750
SH712081,SO500575,12,2024-09-09,750
SH712082,SO500489,13,2024-09-17,250
SH712083,SO500490,12,2024-09-25,1750
SH712084,SO500491,13,2024-10-04,1000
SH712085,SO500492,12,2024-10-11,1250
SH712086,SO500493,11,2024-11-06,1750
SH712087,SO500494,12,2024-10-24,500
SH712088,SO500495,12,2024-10-29,1000
SH712089,SO500496,14,2024-11-06,1000
SH712090,SO500576,11,2024-11-15,1750
SH712091,SO500577,12,2024-12-03,250
SH712092,SO500578,10,2024-12-12,500
SH712093,SO500499,12,2024-12-16,250
SH712094,SO500500,11,2024-12-23,1750
SH712095,SO500502,12,2025-01-16,750
SH712096,SO500502,12,2025-02-05,500
SH712097,SO500503,10,2025-01-20,500
SH712098,SO500504,10,2025-01-29,250
SH712099,SO500505,12,2025-02-03,250
SH712100,SO500506,11,2025-02-13,1500
SH712101,SO500508,9,2025-02-25,750
SH712102,SO500509,8,2025-03-04,500
SH712103,SO500510,12,2025-03-10,250
SH712104,SO500510,12,2025-04-04,500
SH712105,SO500511,12,2025-03-18,1250
SH712106,SO500512,12,2025-03-25,1000
SH712107,SO500513,12,2025-04-04,1000
SH712108,SO500514,12,2025-04-10,250
SH712109,SO500515,14,2025-04-17,750
SH712110,SO500516,13,2025-04-22,1000
SH712111,SO500517,14,2025-04-30,1000
SH712112,SO500518,13,2025-05-05,750
SH712113,SO500520,13,2025-05-20,500
SH712114,SO500521,13,2025-06-09,500
SH712115,SO500522,14,2025-06-10,1250
SH712116,SO500523,12,2025-06-16,500
SH712117,SO500524,13,2025-06-26,750
SH712118,SO500525,12,2025-07-03,1750
SH712119,SO500580,12,2025-07-11,2000
SH712120,SO500526,14,2025-07-14,250
SH712121,SO500526,14,2025-07-23,500
SH712122,SO500527,13,2025-07-25,1250
SH712123,SO500528,14,2025-07-30,1000
SH712124,SO500529,14,2025-08-08,750
SH712125,SO500530,14,2025-08-15,500
SH712126,SO500531,14,2025-08-20,1000
SH712127,SO500532,14,2025-08-28,500
SH712128,SO500533,13,2025-09-02,250
SH712129,SO500533,13,2025-09-09,250
SH712130,SO500534,13,2025-09-11,750
SH712131,SO500535,11,2025-09-18,1250
SH712132,SO500536,12,2025-09-25,750
SH712133,SO500536,12,2025-10-14,500
SH712134,SO500537,9,2025-10-21,1000
SH712135,SO500538,10,2025-10-09,1250
SH712136,SO500539,12,2025-10-17,2000
SH712137,SO500540,10,2025-10-21,1000
SH712138,SO500541,11,2025-10-30,1000
SH712139,SO500542,10,2025-11-06,1750
SH712140,SO500543,10,2025-11-11,1500
SH712141,SO500581,11,2025-11-17,1750
SH712142,SO500544,11,2025-11-28,1750
SH712143,SO500545,13,2025-12-01,1500
SH712144,SO500547,13,2025-12-16,1250
SH712145,SO500594,10,2025-12-24,250
SH712146,SO500582,9,2026-01-02,250
SH712147,SO500583,7,2026-01-23,250
SH712148,SO500597,5,2026-01-29,1000
SH712149,SO500584,6,2026-02-05,1500
SH712150,SO500598,8,2026-02-11,750
SH712151,SO500548,9,2026-03-02,1000
SH712152,SO500549,8,2026-02-25,1500
SH712153,SO500550,10,2026-03-06,500
SH712154,SO500551,10,2026-03-11,1000
SH712155,SO500552,12,2026-03-17,750
SH712156,SO500585,9,2026-03-23,500
SH712157,SO500600,7,2026-03-31,250
SH712158,SO500553,10,2026-04-08,250
SH712159,SO500553,10,2026-04-29,500
SH712160,SO500586,10,2026-04-15,1000
SH712161,SO500554,11,2026-04-22,1750
SH712162,SO500595,12,2026-04-30,1250
SH712163,SO500587,12,2026-05-08,250
SH712164,SO500555,11,2026-05-14,2250
SH712165,SO500556,11,2026-05-19,1500
SH712166,SO500557,13,2026-05-29,1500
SH712167,SO500558,11,2026-06-01,2000
SH712168,SO500559,13,2026-06-15,1500
SH712169,SO500560,13,2026-06-16,250
SH712170,SO500561,11,2026-06-22,250
SH712171,SO500451,15,2024-03-06,2000
SH712172,SO500452,15,2024-02-27,2000
SH712173,SO500453,15,2024-02-20,2000
SH712174,SO500454,15,2024-02-12,2000
SH712175,SO500455,15,2024-02-09,2000
SH712176,SO500456,15,2024-02-01,2000
SH712177,SO500457,15,2024-01-22,2000
SH712178,SO500458,15,2024-01-15,2000
SH712179,SO500459,13,2024-01-09,2000
SH712180,SO500460,13,2024-01-01,2000
SH712181,SO500467,9,2024-03-15,4000
SH712182,SO500468,13,2024-03-27,1000
SH712183,SO500469,12,2024-03-25,3500
SH712184,SO500470,13,2024-04-19,3500
SH712185,SO500471,12,2024-04-12,2500
SH712186,SO500472,13,2024-04-15,500
SH712187,SO500473,15,2024-04-23,4000
SH712188,SO500474,13,2024-04-30,1500
SH712189,SO500475,14,2024-05-08,1500
SH712190,SO500476,14,2024-05-17,3500
SH712191,SO500477,15,2024-05-22,500
SH712192,SO500478,15,2024-05-27,2500
SH712193,SO500479,14,2024-06-03,3000
SH712194,SO500480,14,2024-06-12,8000
SH712195,SO500481,15,2024-06-20,2000
SH712196,SO500482,15,2024-06-27,2500
SH712197,SO500483,14,2024-07-17,6000
SH712198,SO500485,14,2024-07-18,4000
SH712199,SO500486,15,2024-07-23,1000
SH712200,SO500487,14,2024-07-31,3500
SH712201,SO500592,12,2024-08-06,4500
SH712202,SO500488,14,2024-08-12,1500
SH712203,SO500574,13,2024-08-23,4500
SH712204,SO500575,13,2024-08-30,2000
SH712205,SO500489,14,2024-09-05,6000
SH712206,SO500490,13,2024-09-11,2500
SH712207,SO500491,14,2024-09-20,3000
SH712208,SO500493,12,2024-09-30,500
SH712209,SO500493,12,2024-10-10,1000
SH712210,SO500494,13,2024-10-08,1500
SH712211,SO500497,10,2024-11-06,2500
SH712212,SO500498,12,2024-11-11,500
SH712213,SO500577,13,2024-11-19,2000
SH712214,SO500499,13,2024-12-03,3000
SH712215,SO500500,12,2024-12-13,3000
SH712216,SO500501,11,2024-12-17,500
SH712217,SO500579,12,2024-12-24,1500
SH712218,SO500579,12,2025-01-15,1500
SH712219,SO500502,13,2025-01-01,1000
SH712220,SO500504,11,2025-01-17,1500
SH712221,SO500505,13,2025-01-21,3500
SH712222,SO500506,12,2025-01-30,2000
SH712223,SO500507,10,2025-02-03,1500
SH712224,SO500507,10,2025-02-11,1000
SH712225,SO500508,10,2025-02-13,2000
SH712226,SO500509,9,2025-02-21,1500
SH712227,SO500510,13,2025-02-26,3000
SH712228,SO500511,13,2025-03-05,500
SH712229,SO500512,13,2025-03-10,3500
SH712230,SO500513,13,2025-03-18,1500
SH712231,SO500514,13,2025-03-24,4000
SH712232,SO500515,15,2025-04-03,4000
SH712233,SO500516,14,2025-04-10,2500
SH712234,SO500517,15,2025-04-16,2500
SH712235,SO500518,14,2025-04-23,2000
SH712236,SO500519,10,2025-05-02,2000
SH712237,SO500519,10,2025-05-14,1500
SH712238,SO500520,14,2025-05-15,500
SH712239,SO500593,11,2025-05-14,1500
SH712240,SO500522,15,2025-05-26,2500
SH712241,SO500523,13,2025-06-02,3000
SH712242,SO500524,14,2025-06-10,1500
SH712243,SO500525,13,2025-06-18,1500
SH712244,SO500580,13,2025-06-26,3500
SH712245,SO500526,15,2025-06-30,3500
SH712246,SO500527,14,2025-07-07,2000
SH712247,SO500528,15,2025-08-08,1000
SH712248,SO500528,15,2025-08-15,1000
SH712249,SO500529,15,2025-07-25,4000
SH712250,SO500530,15,2025-07-31,2500
SH712251,SO500531,15,2025-08-05,4500
SH712252,SO500532,15,2025-08-13,1000
SH712253,SO500533,14,2025-08-22,4000
SH712254,SO500534,14,2025-08-27,3500
SH712255,SO500535,12,2025-09-01,4500
SH712256,SO500536,13,2025-09-09,1500
SH712257,SO500537,10,2025-09-19,500
SH712258,SO500538,11,2025-09-23,3000
SH712259,SO500539,13,2025-10-17,1500
SH712260,SO500540,11,2025-10-06,3000
SH712261,SO500541,12,2025-10-13,1000
SH712262,SO500542,11,2025-10-24,1000
SH712263,SO500543,11,2025-10-27,3500
SH712264,SO500581,12,2025-11-06,4000
SH712265,SO500544,12,2025-11-11,3000
SH712266,SO500545,14,2025-11-21,5500
SH712267,SO500546,12,2025-11-26,4500
SH712268,SO500547,14,2025-12-16,4000
SH712269,SO500594,11,2025-12-11,4500
SH712270,SO500582,10,2025-12-15,500
SH712271,SO500582,10,2025-12-25,1000
SH712272,SO500599,6,2025-12-30,1000
SH712273,SO500583,8,2026-01-06,3000
SH712274,SO500584,7,2026-01-20,1000
SH712275,SO500598,9,2026-02-13,1500
SH712276,SO500548,10,2026-02-03,4000
SH712277,SO500549,9,2026-02-11,3000
SH712278,SO500550,11,2026-02-20,3000
SH712279,SO500551,11,2026-02-26,3000
SH712280,SO500552,13,2026-03-19,2500
SH712281,SO500585,10,2026-03-09,3000
SH712282,SO500600,8,2026-03-19,3500
SH712283,SO500553,11,2026-03-25,3000
SH712284,SO500586,11,2026-04-03,500
SH712285,SO500554,12,2026-04-07,3500
SH712286,SO500595,13,2026-04-14,1500
SH712287,SO500555,12,2026-04-28,2000
SH712288,SO500556,12,2026-05-04,1000
SH712289,SO500557,14,2026-05-12,3000
SH712290,SO500558,12,2026-05-20,2000
SH712291,SO500559,14,2026-05-25,6500
SH712292,SO500561,12,2026-06-09,5500
SH712293,SO500562,12,2026-06-15,3000
SH712294,SO500563,14,2026-06-26,2500
SH712295,SO500451,16,2024-03-07,2500
SH712296,SO500452,16,2024-03-01,2500
SH712297,SO500453,16,2024-02-19,2500
SH712298,SO500454,16,2024-02-12,2500
SH712299,SO500455,16,2024-02-05,2500
SH712300,SO500456,16,2024-02-02,2500
SH712301,SO500457,16,2024-01-26,2500
SH712302,SO500458,16,2024-01-19,2500
SH712303,SO500459,14,2024-01-12,2500
SH712304,SO500460,14,2024-01-01,2500
SH712305,SO500467,10,2024-03-13,3000
SH712306,SO500469,13,2024-03-27,1500
SH712307,SO500470,14,2024-04-03,2000
SH712308,SO500471,13,2024-04-08,2500
SH712309,SO500472,14,2024-04-16,3000
SH712310,SO500473,16,2024-04-24,3500
SH712311,SO500474,14,2024-04-29,3000
SH712312,SO500475,15,2024-05-17,4500
SH712313,SO500476,15,2024-05-13,6500
SH712314,SO500477,16,2024-05-24,3500
SH712315,SO500478,16,2024-05-29,4000
SH712316,SO500479,15,2024-06-03,2500
SH712317,SO500480,15,2024-06-13,3000
SH712318,SO500481,16,2024-06-18,3500
SH712319,SO500482,16,2024-06-24,3500
SH712320,SO500483,15,2024-07-03,2500
SH712321,SO500484,15,2024-07-11,6000
SH712322,SO500485,15,2024-07-17,5500
SH712323,SO500486,16,2024-07-24,2000
SH712324,SO500487,15,2024-07-31,3500
SH712325,SO500592,13,2024-08-08,5500
SH712326,SO500488,15,2024-08-12,1500
SH712327,SO500574,14,2024-09-11,1000
SH712328,SO500575,14,2024-08-30,8000
SH712329,SO500491,15,2024-09-19,1000
SH712330,SO500492,13,2024-09-23,2000
SH712331,SO500493,13,2024-10-04,2000
SH712332,SO500494,14,2024-10-08,3500
SH712333,SO500495,13,2024-10-14,2000
SH712334,SO500497,11,2024-11-08,3500
SH712335,SO500498,13,2024-11-13,5000
SH712336,SO500577,14,2024-11-21,2000
SH712337,SO500578,11,2024-11-27,1000
SH712338,SO500499,14,2024-12-03,1500
SH712339,SO500500,13,2024-12-09,2500
SH712340,SO500501,12,2024-12-19,5000
SH712341,SO500579,13,2024-12-26,1000
SH712342,SO500503,11,2025-01-07,2500
SH712343,SO500504,12,2025-01-15,3000
SH712344,SO500505,14,2025-01-20,3500
SH712345,SO500506,13,2025-01-31,4500
SH712346,SO500507,11,2025-02-04,2500
SH712347,SO500508,11,2025-02-10,500
SH712348,SO500508,11,2025-03-06,1000
SH712349,SO500509,10,2025-02-20,1500
SH712350,SO500510,14,2025-02-28,5000
SH712351,SO500512,14,2025-03-11,1500
SH712352,SO500513,14,2025-03-20,2500
SH712353,SO500515,16,2025-04-02,4500
SH712354,SO500516,15,2025-04-07,500
SH712355,SO500517,16,2025-04-18,2000
SH712356,SO500518,15,2025-04-24,2000
SH712357,SO500519,11,2025-04-29,5500
SH712358,SO500520,15,2025-05-06,1000
SH712359,SO500593,12,2025-05-15,2000
SH712360,SO500593,12,2025-06-05,1500
SH712361,SO500521,14,2025-05-30,5500
SH712362,SO500522,16,2025-05-27,1500
SH712363,SO500523,14,2025-06-05,5000
SH712364,SO500524,15,2025-06-11,6500
SH712365,SO500525,14,2025-06-17,5500
SH712366,SO500580,14,2025-06-23,2000
SH712367,SO500526,16,2025-07-02,3500
SH712368,SO500527,15,2025-07-09,2000
SH712369,SO500528,16,2025-07-14,1000
SH712370,SO500529,16,2025-07-24,6000
SH712371,SO500530,16,2025-07-28,4000
SH712372,SO500531,16,2025-08-07,2000
SH712373,SO500532,16,2025-08-14,3000
SH712374,SO500533,15,2025-08-21,5000
SH712375,SO500534,15,2025-08-27,5500
SH712376,SO500535,13,2025-09-03,4000
SH712377,SO500536,14,2025-09-09,6500
SH712378,SO500538,12,2025-09-23,4500
SH712379,SO500539,14,2025-10-24,8000
SH712380,SO500540,12,2025-10-10,2500
SH712381,SO500541,13,2025-10-14,3000
SH712382,SO500542,12,2025-10-23,2500
SH712383,SO500543,12,2025-10-27,3500
SH712384,SO500581,13,2025-11-03,4000
SH712385,SO500544,13,2025-11-10,6000
SH712386,SO500545,15,2025-11-17,5500
SH712387,SO500546,13,2025-11-25,2500
SH712388,SO500547,15,2025-12-04,6000
SH712389,SO500594,12,2025-12-11,4500
SH712390,SO500582,11,2025-12-19,2000
SH712391,SO500550,12,2026-02-19,1000
SH712392,SO500551,12,2026-02-27,5500
SH712393,SO500552,14,2026-03-18,5500
SH712394,SO500585,11,2026-03-10,6000
SH712395,SO500600,9,2026-03-16,2500
SH712396,SO500553,12,2026-03-25,2500
SH712397,SO500586,12,2026-04-03,6000
SH712398,SO500554,13,2026-04-10,3500
SH712399,SO500554,13,2026-04-16,2500
SH712400,SO500595,14,2026-04-14,1000
SH712401,SO500587,13,2026-04-24,1500
SH712402,SO500556,13,2026-05-06,500
SH712403,SO500557,15,2026-05-14,1000
SH712404,SO500557,15,2026-05-20,1000
SH712405,SO500558,13,2026-05-21,9000
SH712406,SO500560,14,2026-06-02,1500
SH712407,SO500561,13,2026-06-11,11500
SH712408,SO500562,13,2026-06-18,5500
SH712409,SO500451,17,2024-03-21,1000
SH712410,SO500452,17,2024-03-11,1000
SH712411,SO500453,17,2024-03-05,1000
SH712412,SO500454,17,2024-02-28,1000
SH712413,SO500455,17,2024-03-11,1000
SH712414,SO500456,17,2024-02-14,1000
SH712415,SO500457,17,2024-02-08,1000
SH712416,SO500458,17,2024-01-30,1000
SH712417,SO500459,15,2024-01-24,500
SH712418,SO500459,15,2024-02-05,500
SH712419,SO500460,15,2024-01-16,1000
SH712420,SO500461,13,2024-01-10,1000
SH712421,SO500462,13,2024-01-01,1000
SH712422,SO500468,14,2024-04-01,500
SH712423,SO500469,14,2024-04-11,250
SH712424,SO500471,14,2024-04-23,1250
SH712425,SO500472,15,2024-04-30,1750
SH712426,SO500473,17,2024-05-06,500
SH712427,SO500474,15,2024-05-16,500
SH712428,SO500474,15,2024-05-29,500
SH712429,SO500475,16,2024-05-22,500
SH712430,SO500476,16,2024-05-30,750
SH712431,SO500476,16,2024-06-19,500
SH712432,SO500477,17,2024-06-07,1000
SH712433,SO500478,17,2024-06-14,750
SH712434,SO500478,17,2024-06-28,750
SH712435,SO500479,16,2024-07-09,1750
SH712436,SO500480,16,2024-06-25,500
SH712437,SO500481,17,2024-07-05,1500
SH712438,SO500482,17,2024-07-08,750
SH712439,SO500483,16,2024-07-15,2000
SH712440,SO500484,16,2024-07-26,500
SH712441,SO500485,16,2024-08-02,2500
SH712442,SO500486,17,2024-08-06,1250
SH712443,SO500487,16,2024-08-13,250
SH712444,SO500592,14,2024-08-23,250
SH712445,SO500488,16,2024-08-29,1000
SH712446,SO500574,15,2024-09-02,1500
SH712447,SO500575,15,2024-09-12,1000
SH712448,SO500489,15,2024-09-16,500
SH712449,SO500489,15,2024-10-09,500
SH712450,SO500490,14,2024-09-23,1000
SH712451,SO500492,14,2024-10-08,1500
SH712452,SO500493,14,2024-10-18,1000
SH712453,SO500494,15,2024-10-23,1250
SH712454,SO500495,14,2024-10-28,2000
SH712455,SO500496,15,2024-11-05,1250
SH712456,SO500576,12,2024-11-20,1500
SH712457,SO500497,12,2024-11-20,1500
SH712458,SO500498,14,2024-11-29,2500
SH712459,SO500577,15,2024-12-03,1750
SH712460,SO500578,12,2024-12-10,1000
SH712461,SO500499,15,2024-12-16,1000
SH712462,SO500500,14,2024-12-24,750
SH712463,SO500501,13,2025-01-01,500
SH712464,SO500579,14,2025-01-07,1250
SH712465,SO500502,14,2025-01-17,250
SH712466,SO500504,13,2025-01-31,250
SH712467,SO500505,15,2025-02-05,750
SH712468,SO500507,12,2025-02-19,1250
SH712469,SO500507,12,2025-03-13,1000
SH712470,SO500508,12,2025-02-27,250
SH712471,SO500509,11,2025-03-04,1000
SH712472,SO500510,15,2025-03-10,250
SH712473,SO500511,14,2025-03-24,1250
SH712474,SO500513,15,2025-04-01,750
SH712475,SO500514,14,2025-04-09,2250
SH712476,SO500515,17,2025-04-29,750
SH712477,SO500516,16,2025-04-22,1500
SH712478,SO500518,16,2025-05-30,1000
SH712479,SO500519,12,2025-05-13,1000
SH712480,SO500520,16,2025-05-19,1500
SH712481,SO500593,13,2025-05-28,1250
SH712482,SO500521,15,2025-06-05,2500
SH712483,SO500523,15,2025-06-18,1000
SH712484,SO500523,15,2025-07-07,1000
SH712485,SO500524,16,2025-06-24,1750
SH712486,SO500525,15,2025-07-02,1750
SH712487,SO500580,15,2025-07-07,1500
SH712488,SO500526,17,2025-07-31,1250
SH712489,SO500527,16,2025-07-21,1250
SH712490,SO500528,17,2025-07-31,250
SH712491,SO500529,17,2025-08-08,1000
SH712492,SO500530,17,2025-08-13,1500
SH712493,SO500530,17,2025-08-21,1250
SH712494,SO500531,17,2025-08-22,1750
SH712495,SO500532,17,2025-08-28,1750
SH712496,SO500533,16,2025-09-04,1250
SH712497,SO500534,16,2025-10-02,500
SH712498,SO500535,14,2025-10-07,500
SH712499,SO500536,15,2025-09-24,1250
SH712500,SO500537,11,2025-09-29,1250
SH712501,SO500538,13,2025-10-10,1000
SH712502,SO500539,15,2025-10-17,1750
SH712503,SO500540,13,2025-10-23,1250
SH712504,SO500541,14,2025-10-31,4000
SH712505,SO500542,13,2025-11-07,2750
SH712506,SO500543,13,2025-11-13,2250
SH712507,SO500581,14,2025-12-02,1500
SH712508,SO500544,14,2025-11-28,2500
SH712509,SO500545,16,2025-12-02,1250
SH712510,SO500546,14,2025-12-11,2250
SH712511,SO500547,16,2025-12-15,1750
SH712512,SO500596,9,2026-01-05,750
SH712513,SO500599,7,2026-01-12,250
SH712514,SO500583,9,2026-01-20,1000
SH712515,SO500597,6,2026-01-29,500
SH712516,SO500584,8,2026-02-06,1000
SH712517,SO500598,10,2026-02-09,1750
SH712518,SO500548,11,2026-02-19,750
SH712519,SO500549,10,2026-02-24,1000
SH712520,SO500550,13,2026-03-05,2250
SH712521,SO500551,13,2026-03-09,1750
SH712522,SO500552,15,2026-03-17,1250
SH712523,SO500585,12,2026-03-23,500
SH712524,SO500553,13,2026-04-07,250
SH712525,SO500586,13,2026-04-13,1250
SH712526,SO500554,14,2026-04-21,1000
SH712527,SO500555,13,2026-05-12,1000
SH712528,SO500556,14,2026-05-20,1500
SH712529,SO500557,16,2026-05-26,2500
SH712530,SO500558,14,2026-06-02,1500
SH712531,SO500559,15,2026-06-11,1250
SH712532,SO500559,15,2026-06-26,1000
SH712533,SO500560,15,2026-06-15,3250
SH712534,SO500561,14,2026-06-26,750
SH712535,SO500451,18,2024-03-19,750
SH712536,SO500452,18,2024-03-12,750
SH712537,SO500453,18,2024-03-07,750
SH712538,SO500454,18,2024-03-01,750
SH712539,SO500455,18,2024-02-22,750
SH712540,SO500456,18,2024-02-15,750
SH712541,SO500457,18,2024-02-05,750
SH712542,SO500458,18,2024-01-30,250
SH712543,SO500458,18,2024-02-13,500
SH712544,SO500459,16,2024-01-24,750
SH712545,SO500460,16,2024-01-16,750
SH712546,SO500461,14,2024-01-12,750
SH712547,SO500462,14,2024-01-03,750
SH712548,SO500468,15,2024-04-03,250
SH712549,SO500470,15,2024-04-15,250
SH712550,SO500471,15,2024-04-25,500
SH712551,SO500472,16,2024-05-01,250
SH712552,SO500473,18,2024-05-10,750
SH712553,SO500475,17,2024-05-22,500
SH712554,SO500476,17,2024-05-28,750
SH712555,SO500477,18,2024-06-14,1250
SH712556,SO500478,18,2024-06-28,1250
SH712557,SO500479,17,2024-06-21,1500
SH712558,SO500480,17,2024-06-25,1750
SH712559,SO500482,18,2024-07-09,1500
SH712560,SO500483,17,2024-07-17,1250
SH712561,SO500484,17,2024-07-24,750
SH712562,SO500485,17,2024-07-30,250
SH712563,SO500485,17,2024-08-09,500
SH712564,SO500486,18,2024-08-07,1250
SH712565,SO500487,17,2024-08-16,500
SH712566,SO500592,15,2024-08-23,1000
SH712567,SO500488,17,2024-08-26,1250
SH712568,SO500574,16,2024-09-02,1000
SH712569,SO500575,16,2024-09-18,1000
SH712570,SO500489,16,2024-09-20,500
SH712571,SO500490,15,2024-09-25,1000
SH712572,SO500491,16,2024-09-30,250
SH712573,SO500492,15,2024-10-11,1250
SH712574,SO500493,15,2024-10-18,250
SH712575,SO500494,16,2024-10-22,500
SH712576,SO500495,15,2024-11-01,250
SH712577,SO500496,16,2024-11-05,250
SH712578,SO500576,13,2024-11-13,1250
SH712579,SO500497,13,2024-11-21,500
SH712580,SO500498,15,2024-11-25,2000
SH712581,SO500578,13,2024-12-11,250
SH712582,SO500499,16,2024-12-20,750
SH712583,SO500500,15,2024-12-27,1000
SH712584,SO500579,15,2025-01-09,1000
SH712585,SO500502,15,2025-01-16,500
SH712586,SO500503,12,2025-01-23,500
SH712587,SO500504,14,2025-02-07,1250
SH712588,SO500505,16,2025-02-10,1250
SH712589,SO500506,14,2025-02-14,500
SH712590,SO500507,13,2025-02-19,250
SH712591,SO500508,13,2025-02-27,500
SH712592,SO500510,16,2025-03-14,250
SH712593,SO500511,15,2025-03-20,250
SH712594,SO500512,15,2025-03-27,500
SH712595,SO500514,15,2025-04-07,500
SH712596,SO500515,18,2025-04-15,750
SH712597,SO500516,17,2025-05-01,1500
SH712598,SO500517,17,2025-04-28,250
SH712599,SO500518,17,2025-05-08,2000
SH712600,SO500519,13,2025-05-16,1000
SH712601,SO500593,14,2025-06-18,1000
SH712602,SO500521,16,2025-06-26,1250
SH712603,SO500522,17,2025-06-13,1000
SH712604,SO500523,16,2025-06-19,250
SH712605,SO500524,17,2025-06-23,2750
SH712606,SO500580,16,2025-07-07,250
SH712607,SO500526,18,2025-07-16,2250
SH712608,SO500527,17,2025-07-29,500
SH712609,SO500528,18,2025-07-31,1250
SH712610,SO500529,18,2025-08-07,1250
SH712611,SO500530,18,2025-08-11,2000
SH712612,SO500531,18,2025-08-21,500
SH712613,SO500532,18,2025-08-29,750
SH712614,SO500533,17,2025-09-01,1250
SH712615,SO500534,17,2025-09-09,1750
SH712616,SO500535,15,2025-09-19,1500
SH712617,SO500536,16,2025-09-26,500
SH712618,SO500537,12,2025-10-03,500
SH712619,SO500538,14,2025-10-06,1000
SH712620,SO500539,16,2025-10-16,1000
SH712621,SO500540,14,2025-10-20,1000
SH712622,SO500541,15,2025-10-30,1000
SH712623,SO500543,14,2025-11-11,1000
SH712624,SO500581,15,2025-11-17,1000
SH712625,SO500544,15,2025-11-28,1000
SH712626,SO500545,17,2025-12-02,1000
SH712627,SO500546,15,2025-12-12,750
SH712628,SO500546,15,2026-01-02,500
SH712629,SO500547,17,2025-12-17,1250
SH712630,SO500594,13,2025-12-24,2250
SH712631,SO500582,12,2025-12-31,1750
SH712632,SO500596,10,2026-01-07,500
SH712633,SO500596,10,2026-01-23,500
SH712634,SO500599,8,2026-01-12,1250
SH712635,SO500597,7,2026-01-26,500
SH712636,SO500598,11,2026-02-11,250
SH712637,SO500598,11,2026-02-26,250
SH712638,SO500549,11,2026-02-27,1000
SH712639,SO500550,14,2026-03-06,500
SH712640,SO500551,14,2026-03-13,750
SH712641,SO500551,14,2026-03-16,500
SH712642,SO500552,16,2026-03-17,2000
SH712643,SO500585,13,2026-03-23,500
SH712644,SO500600,10,2026-03-30,1000
SH712645,SO500553,14,2026-04-07,1250
SH712646,SO500586,14,2026-04-14,1500
SH712647,SO500595,15,2026-04-28,1000
SH712648,SO500595,15,2026-05-08,750
SH712649,SO500587,14,2026-05-05,500
SH712650,SO500555,14,2026-05-14,750
SH712651,SO500556,15,2026-05-22,1000
SH712652,SO500557,17,2026-05-28,250
SH712653,SO500558,15,2026-06-01,1500
SH712654,SO500559,16,2026-06-08,750
SH712655,SO500560,16,2026-06-18,1250
SH712656,SO500561,15,2026-06-24,1250
SH712657,SO500451,19,2024-03-20,1000
SH712658,SO500452,19,2024-03-11,1000
SH712659,SO500453,19,2024-03-08,1000
SH712660,SO500454,19,2024-02-28,1000
SH712661,SO500455,19,2024-02-19,1000
SH712662,SO500456,19,2024-02-14,1000
SH712663,SO500457,19,2024-02-09,1000
SH712664,SO500458,19,2024-02-01,1000
SH712665,SO500459,17,2024-01-23,1000
SH712666,SO500460,17,2024-01-18,1000
SH712667,SO500461,15,2024-01-12,1000
SH712668,SO500462,15,2024-01-05,1000
SH712669,SO500467,11,2024-03-25,1000
SH712670,SO500468,16,2024-04-03,500
SH712671,SO500469,15,2024-04-08,750
SH712672,SO500470,16,2024-04-17,1000
SH712673,SO500471,16,2024-04-26,500
SH712674,SO500472,17,2024-05-02,500
SH712675,SO500473,19,2024-05-08,2000
SH712676,SO500474,16,2024-05-17,1250
SH712677,SO500475,18,2024-05-20,1250
SH712678,SO500476,18,2024-05-30,1750
SH712679,SO500477,19,2024-06-04,1250
SH712680,SO500478,19,2024-06-12,750
SH712681,SO500479,18,2024-06-17,1250
SH712682,SO500480,18,2024-06-25,1000
SH712683,SO500482,19,2024-07-11,750
SH712684,SO500483,18,2024-07-18,1250
SH712685,SO500484,18,2024-07-26,500
SH712686,SO500485,18,2024-07-31,2250
SH712687,SO500486,19,2024-08-05,2000
SH712688,SO500487,18,2024-08-16,1750
SH712689,SO500592,16,2024-08-22,1750
SH712690,SO500488,18,2024-08-29,1750
SH712691,SO500574,17,2024-09-04,1500
SH712692,SO500575,17,2024-09-09,250
SH712693,SO500489,17,2024-09-18,1250
SH712694,SO500491,17,2024-10-03,1000
SH712695,SO500492,16,2024-10-09,250
SH712696,SO500493,16,2024-10-23,1250
SH712697,SO500494,17,2024-10-25,1250
SH712698,SO500495,16,2024-10-28,1500
SH712699,SO500496,17,2024-11-07,1000
SH712700,SO500576,14,2024-11-15,750
SH712701,SO500497,14,2024-11-18,1000
SH712702,SO500498,16,2024-11-26,250
SH712703,SO500577,16,2024-12-04,1250
SH712704,SO500578,14,2024-12-11,500
SH712705,SO500499,17,2024-12-18,1750
SH712706,SO500500,16,2024-12-25,2000
SH712707,SO500501,14,2024-12-31,2000
SH712708,SO500579,16,2025-01-10,1000
SH712709,SO500502,16,2025-01-17,500
SH712710,SO500503,13,2025-01-22,1250
SH712711,SO500504,15,2025-01-31,750
SH712712,SO500505,17,2025-02-06,1000
SH712713,SO500507,14,2025-02-20,500
SH712714,SO500509,12,2025-03-14,500
SH712715,SO500509,12,2025-03-31,500
SH712716,SO500510,17,2025-03-11,2000
SH712717,SO500511,16,2025-03-21,750
SH712718,SO500512,16,2025-03-25,1500
SH712719,SO500513,16,2025-04-16,1000
SH712720,SO500514,16,2025-04-07,750
SH712721,SO500515,19,2025-04-18,250
SH712722,SO500515,19,2025-04-21,500
SH712723,SO500516,18,2025-04-21,750
SH712724,SO500516,18,2025-05-13,750
SH712725,SO500518,18,2025-05-09,2750
SH712726,SO500519,14,2025-05-16,1750
SH712727,SO500520,17,2025-05-23,1000
SH712728,SO500593,15,2025-05-30,1500
SH712729,SO500593,15,2025-06-12,1000
SH712730,SO500521,17,2025-06-06,500
SH712731,SO500522,18,2025-06-11,1250
SH712732,SO500523,17,2025-06-16,1250
SH712733,SO500524,18,2025-06-24,1500
SH712734,SO500580,17,2025-07-09,1000
SH712735,SO500526,19,2025-07-16,250
SH712736,SO500528,19,2025-07-30,1500
SH712737,SO500529,19,2025-08-07,1000
SH712738,SO500530,19,2025-08-15,1250
SH712739,SO500531,19,2025-08-18,750
SH712740,SO500531,19,2025-09-11,750
SH712741,SO500532,19,2025-08-26,1250
SH712742,SO500533,18,2025-09-01,250
SH712743,SO500534,18,2025-09-08,1500
SH712744,SO500535,16,2025-09-15,1750
SH712745,SO500536,17,2025-09-26,1750
SH712746,SO500537,13,2025-10-01,250
SH712747,SO500538,15,2025-10-30,3000
SH712748,SO500539,17,2025-10-15,2500
SH712749,SO500540,15,2025-11-06,4000
SH712750,SO500541,16,2025-10-29,4250
SH712751,SO500542,14,2025-11-06,2000
SH712752,SO500543,15,2025-12-01,1500
SH712753,SO500581,16,2025-11-17,2000
SH712754,SO500544,16,2025-11-26,3750
SH712755,SO500545,18,2025-12-02,1250
SH712756,SO500546,16,2025-12-08,2500
SH712757,SO500582,13,2025-12-31,250
SH712758,SO500596,11,2026-01-06,1750
SH712759,SO500599,9,2026-01-13,1750
SH712760,SO500583,10,2026-01-20,750
SH712761,SO500598,12,2026-02-12,1000
SH712762,SO500548,12,2026-02-20,500
SH712763,SO500549,12,2026-02-23,2000
SH712764,SO500585,14,2026-03-27,3000
SH712765,SO500600,11,2026-03-30,2000
SH712766,SO500553,15,2026-04-08,250
SH712767,SO500586,15,2026-04-14,4000
SH712768,SO500595,16,2026-05-01,1000
SH712769,SO500587,15,2026-05-04,3250
SH712770,SO500555,15,2026-05-11,1750
SH712771,SO500556,16,2026-05-20,250
SH712772,SO500557,18,2026-05-26,750
SH712773,SO500558,16,2026-06-05,1250
SH712774,SO500559,17,2026-06-12,750
SH712775,SO500560,17,2026-06-18,2000
SH712776,SO500561,16,2026-06-25,4750
SH712777,SO500451,20,2024-05-17,400
SH712778,SO500452,20,2024-05-08,400
SH712779,SO500453,20,2024-04-30,400
SH712780,SO500454,20,2024-04-24,400
SH712781,SO500455,20,2024-04-15,400
SH712782,SO500456,20,2024-04-10,400
SH712783,SO500457,20,2024-04-04,400
SH712784,SO500458,20,2024-03-29,400
SH712785,SO500459,18,2024-03-25,400
SH712786,SO500460,18,2024-03-11,400
SH712787,SO500461,16,2024-03-05,400
SH712788,SO500462,16,2024-02-29,400
SH712789,SO500463,7,2024-02-20,400
SH712790,SO500464,7,2024-02-16,400
SH712791,SO500465,7,2024-02-05,400
SH712792,SO500466,7,2024-02-02,400
SH712793,SO500570,5,2024-01-22,400
SH712794,SO500571,5,2024-01-16,400
SH712795,SO500572,5,2024-01-11,400
SH712796,SO500573,5,2024-01-05,400
SH712797,SO500468,17,2024-05-29,150
SH712798,SO500469,16,2024-06-06,100
SH712799,SO500471,17,2024-06-20,300
SH712800,SO500472,18,2024-06-27,600
SH712801,SO500473,20,2024-07-01,550
SH712802,SO500474,17,2024-07-08,750
SH712803,SO500475,19,2024-07-15,150
SH712804,SO500476,19,2024-07-22,450
SH712805,SO500477,20,2024-07-29,550
SH712806,SO500478,20,2024-08-05,500
SH712807,SO500479,19,2024-08-15,150
SH712808,SO500480,19,2024-08-20,400
SH712809,SO500481,18,2024-08-26,750
SH712810,SO500482,20,2024-09-06,500
SH712811,SO500483,19,2024-09-11,550
SH712812,SO500484,19,2024-09-16,950
SH712813,SO500485,19,2024-09-24,800
SH712814,SO500486,20,2024-10-23,500
SH712815,SO500487,19,2024-10-08,750
SH712816,SO500592,17,2024-10-17,800
SH712817,SO500488,19,2024-10-23,500
SH712818,SO500574,18,2024-10-28,100
SH712819,SO500575,18,2024-11-29,400
SH712820,SO500489,18,2024-11-18,1050
SH712821,SO500490,16,2024-11-20,150
SH712822,SO500491,18,2024-11-26,900
SH712823,SO500493,17,2024-12-13,500
SH712824,SO500494,18,2024-12-18,600
SH712825,SO500495,17,2024-12-24,1300
SH712826,SO500496,18,2024-12-30,350
SH712827,SO500576,15,2025-01-07,250
SH712828,SO500497,15,2025-01-15,300
SH712829,SO500498,17,2025-01-21,900
SH712830,SO500577,17,2025-01-31,300
SH712831,SO500578,15,2025-02-06,350
SH712832,SO500499,18,2025-02-12,150
SH712833,SO500500,17,2025-02-19,100
SH712834,SO500501,15,2025-02-25,750
SH712835,SO500579,17,2025-03-06,50
SH712836,SO500579,17,2025-03-14,100
SH712837,SO500502,17,2025-03-14,1450
SH712838,SO500503,14,2025-03-18,550
SH712839,SO500504,16,2025-03-27,1050
SH712840,SO500505,18,2025-04-10,150
SH712841,SO500506,15,2025-04-10,850
SH712842,SO500507,15,2025-04-16,450
SH712843,SO500507,15,2025-04-22,300
SH712844,SO500508,14,2025-04-23,250
SH712845,SO500509,13,2025-04-28,200
SH712846,SO500509,13,2025-05-05,150
SH712847,SO500513,17,2025-05-27,600
SH712848,SO500514,17,2025-06-04,750
SH712849,SO500515,20,2025-06-09,550
SH712850,SO500516,19,2025-06-18,850
SH712851,SO500517,18,2025-06-26,450
SH712852,SO500518,19,2025-07-01,350
SH712853,SO500518,19,2025-07-09,300
SH712854,SO500519,15,2025-07-10,800
SH712855,SO500520,18,2025-07-18,750
SH712856,SO500593,16,2025-07-22,600
SH712857,SO500524,19,2025-10-14,1000
SH712858,SO500525,16,2025-08-27,800
SH712859,SO500580,18,2025-09-05,1050
SH712860,SO500526,20,2025-09-08,200
SH712861,SO500527,18,2025-09-17,150
SH712862,SO500528,20,2025-12-18,850
SH712863,SO500529,20,2025-12-31,700
SH712864,SO500530,20,2025-12-01,550
SH712865,SO500531,20,2025-10-14,450
SH712866,SO500532,20,2026-02-02,700
SH712867,SO500534,19,2026-01-01,400
SH712868,SO500535,17,2026-01-27,1150
SH712869,SO500536,18,2026-01-12,300
SH712870,SO500536,18,2026-02-03,250
SH712871,SO500538,16,2026-01-21,300
SH712872,SO500540,16,2025-12-15,500
SH712873,SO500541,17,2026-01-30,750
SH712874,SO500542,15,2026-03-06,650
SH712875,SO500542,15,2026-03-27,450
SH712876,SO500544,17,2026-04-09,100
SH712877,SO500545,19,2026-05-04,650
SH712878,SO500546,17,2026-02-06,550
SH712879,SO500594,14,2026-05-11,100
SH712880,SO500583,11,2026-03-27,150
SH712881,SO500598,13,2026-04-09,400
SH712882,SO500550,15,2026-05-05,300
SH712883,SO500585,15,2026-06-10,50
SH712884,SO500600,12,2026-05-27,200
SH712885,SO500451,21,2024-03-05,1500
SH712886,SO500451,21,2024-03-25,1500
SH712887,SO500452,21,2024-02-27,3000
SH712888,SO500453,21,2024-02-23,3000
SH712889,SO500454,21,2024-02-12,3000
SH712890,SO500455,21,2024-02-07,3000
SH712891,SO500456,21,2024-02-01,3000
SH712892,SO500457,21,2024-01-23,3000
SH712893,SO500458,21,2024-01-19,3000
SH712894,SO500459,19,2024-01-12,3000
SH712895,SO500460,19,2024-01-05,3000
SH712896,SO500467,12,2024-03-11,2500
SH712897,SO500468,18,2024-03-21,1500
SH712898,SO500469,17,2024-03-28,1000
SH712899,SO500470,17,2024-04-01,2500
SH712900,SO500471,18,2024-04-11,2500
SH712901,SO500472,19,2024-04-16,2000
SH712902,SO500473,21,2024-04-25,1500
SH712903,SO500474,18,2024-05-01,1500
SH712904,SO500475,20,2024-05-07,3000
SH712905,SO500476,20,2024-05-27,2500
SH712906,SO500477,21,2024-05-20,5500
SH712907,SO500478,21,2024-05-31,3000
SH712908,SO500479,20,2024-06-04,3000
SH712909,SO500480,20,2024-06-12,1000
SH712910,SO500480,20,2024-07-02,1000
SH712911,SO500481,19,2024-06-20,5000
SH712912,SO500482,21,2024-06-28,4000
SH712913,SO500483,20,2024-07-04,1000
SH712914,SO500484,20,2024-07-10,4000
SH712915,SO500485,20,2024-07-17,1500
SH712916,SO500486,21,2024-07-24,1500
SH712917,SO500487,20,2024-07-31,4500
SH712918,SO500592,18,2024-08-08,3000
SH712919,SO500488,20,2024-08-27,2000
SH712920,SO500488,20,2024-09-11,2000
SH712921,SO500574,19,2024-08-22,8000
SH712922,SO500575,19,2024-08-26,3000
SH712923,SO500489,19,2024-09-12,4000
SH712924,SO500490,17,2024-09-11,3500
SH712925,SO500491,19,2024-09-16,5000
SH712926,SO500493,18,2024-10-04,4500
SH712927,SO500494,19,2024-10-07,2500
SH712928,SO500495,18,2024-10-17,4000
SH712929,SO500496,19,2024-10-22,1000
SH712930,SO500576,16,2024-11-01,500
SH712931,SO500576,16,2024-11-04,1000
SH712932,SO500497,16,2024-11-08,3500
SH712933,SO500498,18,2024-11-11,3500
SH712934,SO500577,18,2024-11-21,4000
SH712935,SO500578,16,2024-11-25,4000
SH712936,SO500499,19,2024-12-04,2500
SH712937,SO500501,16,2024-12-18,1000
SH712938,SO500579,18,2024-12-23,3500
SH712939,SO500502,18,2025-01-03,4000
SH712940,SO500504,17,2025-01-13,1500
SH712941,SO500506,16,2025-01-31,2000
SH712942,SO500507,16,2025-02-04,2000
SH712943,SO500508,15,2025-02-10,5000
SH712944,SO500509,14,2025-02-19,1500
SH712945,SO500510,18,2025-02-27,1000
SH712946,SO500511,17,2025-03-05,3000
SH712947,SO500512,17,2025-03-12,3500
SH712948,SO500513,18,2025-03-18,4000
SH712949,SO500514,18,2025-03-26,2500
SH712950,SO500515,21,2025-04-02,5500
SH712951,SO500516,20,2025-04-07,3500
SH712952,SO500517,19,2025-04-18,6000
SH712953,SO500518,20,2025-04-23,1500
SH712954,SO500519,16,2025-05-02,1000
SH712955,SO500519,16,2025-05-21,1000
SH712956,SO500520,19,2025-05-09,3000
SH712957,SO500520,19,2025-05-20,2000
SH712958,SO500593,17,2025-05-16,2000
SH712959,SO500521,18,2025-05-27,5500
SH712960,SO500522,19,2025-05-26,1000
SH712961,SO500523,18,2025-06-04,2000
SH712962,SO500524,20,2025-06-23,1000
SH712963,SO500525,17,2025-06-17,4500
SH712964,SO500580,19,2025-06-27,7500
SH712965,SO500526,21,2025-07-01,4500
SH712966,SO500527,19,2025-07-07,8000
SH712967,SO500528,21,2025-07-17,6000
SH712968,SO500529,21,2025-07-24,3000
SH712969,SO500530,21,2025-07-30,2500
SH712970,SO500531,21,2025-08-05,4000
SH712971,SO500532,21,2025-08-12,4000
SH712972,SO500534,20,2025-08-26,2000
SH712973,SO500537,14,2025-09-15,3000
SH712974,SO500538,17,2025-09-24,7000
SH712975,SO500539,18,2025-09-29,5000
SH712976,SO500540,17,2025-10-07,3000
SH712977,SO500540,17,2025-10-22,2000
SH712978,SO500541,18,2025-10-16,7500
SH712979,SO500542,16,2025-10-23,2500
SH712980,SO500543,16,2025-10-30,6500
SH712981,SO500581,17,2025-11-03,5000
SH712982,SO500544,18,2025-11-11,3500
SH712983,SO500545,20,2025-11-19,6000
SH712984,SO500546,18,2025-11-25,2500
SH712985,SO500546,18,2025-12-15,2000
SH712986,SO500547,18,2025-12-04,7000
SH712987,SO500594,15,2025-12-10,2000
SH712988,SO500582,14,2025-12-19,2500
SH712989,SO500583,12,2026-01-08,500
SH712990,SO500597,8,2026-01-16,1000
SH712991,SO500584,9,2026-01-23,1000
SH712992,SO500548,13,2026-02-05,1500
SH712993,SO500550,16,2026-02-19,1000
SH712994,SO500551,15,2026-02-24,2500
SH712995,SO500552,17,2026-03-05,3500
SH712996,SO500585,16,2026-03-09,500
SH712997,SO500600,13,2026-03-17,3500
SH712998,SO500553,16,2026-03-26,5500
SH712999,SO500586,16,2026-03-31,3500
SH713000,SO500554,15,2026-04-10,8500
SH713001,SO500595,17,2026-04-13,5500
SH713002,SO500587,17,2026-04-24,7000
SH713003,SO500555,17,2026-04-30,4000
SH713004,SO500556,18,2026-05-07,4000
SH713005,SO500557,20,2026-05-15,1500
SH713006,SO500558,18,2026-05-22,2500
SH713007,SO500559,19,2026-05-25,500
SH713008,SO500560,19,2026-06-05,500
SH713009,SO500561,17,2026-06-12,3500
SH713010,SO500562,16,2026-06-17,4000
SH713011,SO500563,19,2026-06-25,1000
SH713012,SO500451,22,2024-04-19,40
SH713013,SO500452,22,2024-04-11,40
SH713014,SO500453,22,2024-04-02,40
SH713015,SO500454,22,2024-03-27,40
SH713016,SO500455,22,2024-03-18,40
SH713017,SO500456,22,2024-03-12,20
SH713018,SO500456,22,2024-03-21,20
SH713019,SO500457,22,2024-03-05,20
SH713020,SO500457,22,2024-03-26,20
SH713021,SO500458,22,2024-02-28,40
SH713022,SO500459,20,2024-02-19,40
SH713023,SO500460,20,2024-02-12,40
SH713024,SO500461,17,2024-02-05,40
SH713025,SO500462,17,2024-01-30,40
SH713026,SO500463,8,2024-01-23,40
SH713027,SO500464,8,2024-01-17,40
SH713028,SO500465,8,2024-01-30,40
SH713029,SO500466,8,2024-01-02,40
SH713030,SO500470,18,2024-05-17,10
SH713031,SO500471,19,2024-05-20,40
SH713032,SO500472,20,2024-05-29,30
SH713033,SO500473,22,2024-06-05,40
SH713034,SO500474,19,2024-06-10,30
SH713035,SO500475,21,2024-06-18,80
SH713036,SO500476,21,2024-06-27,90
SH713037,SO500477,22,2024-07-01,20
SH713038,SO500478,22,2024-07-11,30
SH713039,SO500479,21,2024-07-18,40
SH713040,SO500480,21,2024-07-22,40
SH713041,SO500481,20,2024-08-01,30
SH713042,SO500482,22,2024-08-06,10
SH713043,SO500483,21,2024-08-16,30
SH713044,SO500484,21,2024-08-20,40
SH713045,SO500485,21,2024-08-30,50
SH713046,SO500486,22,2024-09-02,80
SH713047,SO500487,21,2024-09-09,70
SH713048,SO500592,19,2024-09-16,100
SH713049,SO500488,21,2024-09-25,120
SH713050,SO500574,20,2024-10-03,60
SH713051,SO500575,20,2024-10-09,40
SH713052,SO500489,20,2024-10-17,10
SH713053,SO500490,18,2024-10-25,90
SH713054,SO500491,20,2024-10-31,50
SH713055,SO500492,17,2024-11-05,70
SH713056,SO500493,19,2024-11-12,20
SH713057,SO500495,19,2024-11-27,50
SH713058,SO500496,20,2024-12-05,50
SH713059,SO500576,17,2024-12-12,40
SH713060,SO500497,17,2025-01-10,30
SH713061,SO500498,19,2024-12-27,10
SH713062,SO500577,19,2025-01-03,40
SH713063,SO500499,20,2025-01-15,70
SH713064,SO500500,18,2025-01-20,30
SH713065,SO500502,19,2025-02-12,10
SH713066,SO500503,15,2025-02-19,40
SH713067,SO500504,18,2025-02-27,20
SH713068,SO500505,19,2025-03-05,50
SH713069,SO500506,17,2025-03-24,30
SH713070,SO500507,17,2025-03-17,40
SH713071,SO500508,16,2025-04-02,100
SH713072,SO500509,15,2025-04-04,100
SH713073,SO500510,19,2025-04-11,50
SH713074,SO500511,18,2025-04-18,40
SH713075,SO500512,18,2025-04-21,80
SH713076,SO500513,19,2025-04-28,50
SH713077,SO500514,19,2025-05-09,10
SH713078,SO500515,22,2025-05-14,40
SH713079,SO500516,21,2025-05-19,50
SH713080,SO500517,20,2025-05-29,60
SH713081,SO500518,21,2025-06-05,60
SH713082,SO500519,17,2025-06-09,80
SH713083,SO500520,20,2025-06-18,10
SH713084,SO500593,18,2025-06-24,100
SH713085,SO500521,19,2025-07-04,70
SH713086,SO500522,20,2025-07-07,50
SH713087,SO500524,21,2025-07-24,60
SH713088,SO500525,18,2025-08-01,30
SH713089,SO500580,20,2025-08-05,20
SH713090,SO500526,22,2025-08-13,10
SH713091,SO500526,22,2025-08-26,20
SH713092,SO500527,20,2025-08-19,70
SH713093,SO500528,22,2025-08-27,70
SH713094,SO500529,22,2025-09-01,90
SH713095,SO500530,22,2025-09-08,50
SH713096,SO500530,22,2025-10-03,40
SH713097,SO500531,22,2025-09-18,50
SH713098,SO500532,22,2025-09-25,70
SH713099,SO500533,19,2025-09-30,50
SH713100,SO500534,21,2025-10-10,120
SH713101,SO500536,19,2025-10-22,40
SH713102,SO500538,18,2025-11-05,60
SH713103,SO500539,19,2025-11-10,10
SH713104,SO500540,18,2025-11-21,50
SH713105,SO500541,19,2025-11-24,50
SH713106,SO500543,17,2025-12-12,10
SH713107,SO500581,18,2025-12-16,10
SH713108,SO500544,19,2025-12-25,40
SH713109,SO500545,21,2025-12-29,50
SH713110,SO500546,19,2026-01-23,60
SH713111,SO500547,19,2026-01-14,10
SH713112,SO500594,16,2026-01-22,10
SH713113,SO500594,16,2026-02-05,10
SH713114,SO500582,15,2026-01-26,20
SH713115,SO500583,13,2026-02-20,20
SH713116,SO500598,14,2026-03-11,30
SH713117,SO500548,14,2026-03-17,20
SH713118,SO500549,13,2026-03-27,20
SH713119,SO500550,17,2026-04-03,20
SH713120,SO500551,16,2026-04-06,60
SH713121,SO500585,17,2026-04-22,20
SH713122,SO500600,14,2026-05-01,70
SH713123,SO500586,17,2026-05-12,20
SH713124,SO500554,16,2026-05-19,10
SH713125,SO500595,18,2026-05-28,40
SH713126,SO500587,18,2026-06-05,20
SH713127,SO500555,18,2026-06-10,20
SH713128,SO500451,23,2024-05-16,450
SH713129,SO500452,23,2024-05-06,450
SH713130,SO500453,23,2024-04-30,450
SH713131,SO500454,23,2024-04-22,450
SH713132,SO500455,23,2024-04-18,450
SH713133,SO500456,23,2024-04-12,450
SH713134,SO500457,23,2024-04-05,450
SH713135,SO500458,23,2024-03-27,450
SH713136,SO500459,21,2024-03-21,450
SH713137,SO500460,21,2024-03-12,450
SH713138,SO500461,18,2024-03-05,450
SH713139,SO500462,18,2024-03-01,450
SH713140,SO500463,9,2024-02-22,450
SH713141,SO500464,9,2024-02-14,450
SH713142,SO500465,9,2024-02-07,450
SH713143,SO500466,9,2024-01-30,450
SH713144,SO500570,6,2024-01-23,450
SH713145,SO500571,6,2024-01-19,450
SH713146,SO500572,6,2024-01-12,450
SH713147,SO500573,6,2024-01-04,450
SH713148,SO500467,13,2024-05-22,1350
SH713149,SO500468,19,2024-05-30,1050
SH713150,SO500469,18,2024-06-05,100
SH713151,SO500470,19,2024-07-04,450
SH713152,SO500470,19,2024-07-09,300
SH713153,SO500471,20,2024-06-20,450
SH713154,SO500473,23,2024-07-04,500
SH713155,SO500474,20,2024-07-11,200
SH713156,SO500475,22,2024-07-17,100
SH713157,SO500477,23,2024-07-30,1000
SH713158,SO500478,23,2024-08-05,100
SH713159,SO500479,22,2024-08-12,400
SH713160,SO500480,22,2024-08-20,1550
SH713161,SO500481,21,2024-08-28,700
SH713162,SO500482,23,2024-09-02,1600
SH713163,SO500483,22,2024-09-09,1100
SH713164,SO500484,22,2024-09-19,1450
SH713165,SO500486,23,2024-10-01,1000
SH713166,SO500487,22,2024-10-09,1750
SH713167,SO500488,22,2024-10-24,550
SH713168,SO500574,21,2024-10-28,50
SH713169,SO500575,21,2024-11-05,500
SH713170,SO500489,21,2024-11-11,600
SH713171,SO500490,19,2024-11-21,950
SH713172,SO500491,21,2024-11-25,1450
SH713173,SO500495,20,2024-12-25,800
SH713174,SO500496,21,2024-12-31,350
SH713175,SO500576,18,2025-01-10,100
SH713176,SO500577,20,2025-01-29,300
SH713177,SO500578,17,2025-02-03,1100
SH713178,SO500499,21,2025-02-13,450
SH713179,SO500500,19,2025-02-17,300
SH713180,SO500501,17,2025-02-24,300
SH713181,SO500579,19,2025-03-04,250
SH713182,SO500502,20,2025-03-13,950
SH713183,SO500503,16,2025-03-17,500
SH713184,SO500504,19,2025-03-24,200
SH713185,SO500505,20,2025-04-04,600
SH713186,SO500506,18,2025-04-07,100
SH713187,SO500507,18,2025-04-16,500
SH713188,SO500508,17,2025-04-24,400
SH713189,SO500509,16,2025-04-30,350
SH713190,SO500510,20,2025-05-06,1750
SH713191,SO500511,19,2025-05-16,600
SH713192,SO500512,19,2025-05-19,1300
SH713193,SO500513,20,2025-05-26,250
SH713194,SO500513,20,2025-06-06,200
SH713195,SO500514,20,2025-06-02,1500
SH713196,SO500515,23,2025-06-09,700
SH713197,SO500516,22,2025-06-18,400
SH713198,SO500516,22,2025-06-30,300
SH713199,SO500517,21,2025-06-23,1400
SH713200,SO500518,22,2025-07-02,200
SH713201,SO500519,18,2025-07-23,500
SH713202,SO500520,21,2025-07-17,400
SH713203,SO500593,19,2025-07-23,1800
SH713204,SO500521,20,2025-07-29,450
SH713205,SO500522,21,2025-08-08,1050
SH713206,SO500523,19,2025-11-07,1250
SH713207,SO500524,22,2025-11-06,1050
SH713208,SO500525,19,2025-10-23,500
SH713209,SO500525,19,2025-10-27,400
SH713210,SO500526,23,2025-09-08,600
SH713211,SO500528,23,2025-09-26,800
SH713212,SO500529,23,2026-01-15,50
SH713213,SO500530,23,2025-10-08,500
SH713214,SO500533,20,2026-02-06,2600
SH713215,SO500534,22,2026-02-16,800
SH713216,SO500535,18,2025-12-16,1500
SH713217,SO500536,20,2025-11-21,1100
SH713218,SO500537,15,2026-01-02,50
SH713219,SO500537,15,2026-01-09,50
SH713220,SO500538,19,2025-12-04,1000
SH713221,SO500539,20,2026-03-13,450
SH713222,SO500540,19,2025-12-16,850
SH713223,SO500547,20,2026-02-09,200
SH713224,SO500594,17,2026-05-20,350
SH713225,SO500582,16,2026-03-24,550
SH713226,SO500596,12,2026-04-10,450
SH713227,SO500599,10,2026-04-14,550
SH713228,SO500583,14,2026-05-12,700
SH713229,SO500595,19,2026-06-24,200
SH713230,SO500451,24,2024-02-19,4000
SH713231,SO500452,24,2024-02-14,4000
SH713232,SO500453,24,2024-02-09,4000
SH713233,SO500454,24,2024-02-02,4000
SH713234,SO500455,24,2024-01-22,4000
SH713235,SO500456,24,2024-01-22,4000
SH713236,SO500457,24,2024-01-10,4000
SH713237,SO500458,24,2024-01-04,4000
SH713238,SO500467,14,2024-02-29,5000
SH713239,SO500468,20,2024-03-07,4000
SH713240,SO500469,19,2024-03-15,1000
SH713241,SO500470,20,2024-03-22,2000
SH713242,SO500471,21,2024-03-25,6000
SH713243,SO500472,21,2024-04-02,3000
SH713244,SO500473,24,2024-04-11,2000
SH713245,SO500474,21,2024-04-17,3000
SH713246,SO500475,23,2024-04-25,3000
SH713247,SO500476,22,2024-05-06,5000
SH713248,SO500477,24,2024-05-09,6000
SH713249,SO500478,24,2024-05-13,6000
SH713250,SO500479,23,2024-05-20,4000
SH713251,SO500480,23,2024-05-28,6000
SH713252,SO500481,22,2024-06-06,4000
SH713253,SO500482,24,2024-06-12,4000
SH713254,SO500483,23,2024-06-19,7000
SH713255,SO500484,23,2024-06-26,6000
SH713256,SO500485,22,2024-07-03,5000
SH713257,SO500486,24,2024-07-09,4000
SH713258,SO500487,23,2024-07-18,5000
SH713259,SO500592,20,2024-07-24,5000
SH713260,SO500488,23,2024-08-02,6000
SH713261,SO500574,22,2024-08-05,8000
SH713262,SO500575,22,2024-08-13,3000
SH713263,SO500489,22,2024-08-22,8000
SH713264,SO500490,20,2024-08-30,5000
SH713265,SO500491,22,2024-09-04,10000
SH713266,SO500493,20,2024-09-20,1000
SH713267,SO500494,20,2024-09-27,4000
SH713268,SO500495,21,2024-10-03,6000
SH713269,SO500496,22,2024-10-10,6000
SH713270,SO500576,19,2024-10-15,1000
SH713271,SO500497,18,2024-10-21,5000
SH713272,SO500577,21,2024-11-13,12000
SH713273,SO500578,18,2024-11-14,5000
SH713274,SO500499,22,2024-11-18,6000
SH713275,SO500500,20,2024-11-29,1000
SH713276,SO500501,18,2024-12-05,2000
SH713277,SO500579,20,2024-12-11,2000
SH713278,SO500502,21,2024-12-20,5000
SH713279,SO500503,17,2024-12-26,6000
SH713280,SO500505,21,2025-01-09,5000
SH713281,SO500506,19,2025-01-14,2000
SH713282,SO500507,19,2025-01-20,5000
SH713283,SO500508,18,2025-01-30,7000
SH713284,SO500509,17,2025-02-05,3000
SH713285,SO500511,20,2025-02-19,1000
SH713286,SO500512,20,2025-02-26,4000
SH713287,SO500513,21,2025-03-06,3000
SH713288,SO500514,21,2025-03-11,4000
SH713289,SO500515,24,2025-03-21,3000
SH713290,SO500516,23,2025-03-27,3000
SH713291,SO500517,22,2025-04-04,6000
SH713292,SO500518,23,2025-04-11,4000
SH713293,SO500519,19,2025-04-14,2000
SH713294,SO500520,22,2025-04-22,4000
SH713295,SO500593,20,2025-05-01,7000
SH713296,SO500522,22,2025-05-13,8000
SH713297,SO500523,20,2025-05-23,4000
SH713298,SO500524,23,2025-05-29,4000
SH713299,SO500524,23,2025-06-17,3000
SH713300,SO500525,20,2025-06-26,4000
SH713301,SO500580,21,2025-06-10,4000
SH713302,SO500526,24,2025-06-18,4000
SH713303,SO500527,21,2025-06-26,3000
SH713304,SO500528,24,2025-07-01,10000
SH713305,SO500530,24,2025-07-16,7000
SH713306,SO500531,23,2025-07-25,4000
SH713307,SO500532,23,2025-07-29,5000
SH713308,SO500533,21,2025-08-05,9000
SH713309,SO500534,23,2025-08-14,6000
SH713310,SO500535,19,2025-08-20,6000
SH713311,SO500536,21,2025-08-28,5000
SH713312,SO500537,16,2025-09-05,7000
SH713313,SO500538,20,2025-09-08,12000
SH713314,SO500539,21,2025-09-19,4000
SH713315,SO500540,20,2025-09-26,6000
SH713316,SO500541,20,2025-10-01,9000
SH713317,SO500542,17,2025-10-06,4000
SH713318,SO500543,18,2025-10-17,5000
SH713319,SO500543,18,2025-10-27,4000
SH713320,SO500581,19,2025-10-20,7000
SH713321,SO500544,20,2025-10-31,3000
SH713322,SO500545,22,2025-11-03,5000
SH713323,SO500546,20,2025-12-05,13000
SH713324,SO500547,21,2025-11-19,9000
SH713325,SO500594,18,2025-11-25,3000
SH713326,SO500582,17,2025-12-01,10000
SH713327,SO500599,11,2025-12-15,1000
SH713328,SO500583,15,2025-12-25,3000
SH713329,SO500597,9,2025-12-30,2000
SH713330,SO500598,15,2026-01-14,3000
SH713331,SO500548,15,2026-01-21,8000
SH713332,SO500550,18,2026-02-02,6000
SH713333,SO500551,17,2026-02-10,2000
SH713334,SO500552,18,2026-02-16,6000
SH713335,SO500585,18,2026-02-25,5000
SH713336,SO500600,15,2026-03-02,7000
SH713337,SO500553,17,2026-03-11,6000
SH713338,SO500554,17,2026-03-24,7000
SH713339,SO500595,20,2026-04-01,6000
SH713340,SO500587,19,2026-05-01,6000
SH713341,SO500555,20,2026-04-14,3000
SH713342,SO500555,20,2026-05-07,3000
SH713343,SO500556,20,2026-04-24,4000
SH713344,SO500558,21,2026-05-04,3000
SH713345,SO500559,22,2026-05-15,6000
SH713346,SO500560,22,2026-05-21,4000
SH713347,SO500561,19,2026-05-29,3000
SH713348,SO500562,19,2026-06-05,10000
SH713349,SO500563,22,2026-06-09,6000
SH713350,SO500564,24,2026-06-17,5000
SH713351,SO500565,23,2026-06-24,9000
SH713352,SO500451,25,2024-02-20,2000
SH713353,SO500452,25,2024-02-14,2000
SH713354,SO500453,25,2024-02-08,2000
SH713355,SO500454,25,2024-01-29,2000
SH713356,SO500455,25,2024-01-23,2000
SH713357,SO500456,25,2024-01-15,2000
SH713358,SO500457,25,2024-01-23,2000
SH713359,SO500458,25,2024-01-04,2000
SH713360,SO500467,15,2024-02-27,2000
SH713361,SO500469,20,2024-03-14,2000
SH713362,SO500470,21,2024-03-20,2000
SH713363,SO500472,22,2024-04-04,1000
SH713364,SO500473,25,2024-04-11,3000
SH713365,SO500474,22,2024-04-19,2000
SH713366,SO500475,24,2024-04-25,1000
SH713367,SO500476,23,2024-04-29,1000
SH713368,SO500477,25,2024-05-07,1000
SH713369,SO500477,25,2024-05-30,1000
SH713370,SO500478,25,2024-05-15,3000
SH713371,SO500479,24,2024-05-22,3000
SH713372,SO500480,24,2024-05-27,2000
SH713373,SO500481,23,2024-06-03,2000
SH713374,SO500482,25,2024-06-24,3000
SH713375,SO500483,24,2024-06-21,3000
SH713376,SO500484,24,2024-06-26,2000
SH713377,SO500484,24,2024-07-02,2000
SH713378,SO500485,23,2024-07-05,1000
SH713379,SO500486,25,2024-07-11,2000
SH713380,SO500487,24,2024-07-19,2000
SH713381,SO500592,21,2024-07-22,2000
SH713382,SO500488,24,2024-07-29,1000
SH713383,SO500574,23,2024-08-08,1000
SH713384,SO500575,23,2024-08-27,3000
SH713385,SO500489,23,2024-08-20,2000
SH713386,SO500490,21,2024-08-30,2000
SH713387,SO500491,23,2024-09-05,2000
SH713388,SO500492,18,2024-09-12,3000
SH713389,SO500493,21,2024-09-17,2000
SH713390,SO500494,21,2024-10-16,2000
SH713391,SO500495,22,2024-10-01,1000
SH713392,SO500495,22,2024-10-14,2000
SH713393,SO500496,23,2024-10-11,1000
SH713394,SO500576,20,2024-10-16,1000
SH713395,SO500576,20,2024-11-05,1000
SH713396,SO500497,19,2024-10-21,3000
SH713397,SO500498,20,2024-10-29,2000
SH713398,SO500578,19,2024-11-15,1000
SH713399,SO500499,23,2024-11-18,1000
SH713400,SO500500,21,2024-11-27,1000
SH713401,SO500501,19,2024-12-09,3000
SH713402,SO500503,18,2024-12-26,3000
SH713403,SO500504,20,2025-01-14,3000
SH713404,SO500505,22,2025-01-09,2000
SH713405,SO500506,20,2025-01-15,2000
SH713406,SO500507,20,2025-01-23,2000
SH713407,SO500508,19,2025-01-30,1000
SH713408,SO500509,18,2025-02-03,2000
SH713409,SO500510,21,2025-02-12,2000
SH713410,SO500513,22,2025-03-07,2000
SH713411,SO500514,22,2025-03-12,1000
SH713412,SO500514,22,2025-04-02,2000
SH713413,SO500515,25,2025-04-09,1000
SH713414,SO500516,24,2025-03-24,2000
SH713415,SO500517,23,2025-04-04,1000
SH713416,SO500518,24,2025-04-10,1000
SH713417,SO500519,20,2025-04-16,2000
SH713418,SO500520,23,2025-04-25,1000
SH713419,SO500593,21,2025-04-28,3000
SH713420,SO500522,23,2025-05-16,2000
SH713421,SO500524,24,2025-06-04,2000
SH713422,SO500525,21,2025-06-02,4000
SH713423,SO500580,22,2025-06-12,2000
SH713424,SO500526,25,2025-06-17,3000
SH713425,SO500527,22,2025-06-23,2000
SH713426,SO500528,25,2025-07-04,3000
SH713427,SO500529,24,2025-07-09,1000
SH713428,SO500530,25,2025-07-15,1000
SH713429,SO500531,24,2025-07-21,3000
SH713430,SO500532,24,2025-07-28,2000
SH713431,SO500533,22,2025-08-07,3000
SH713432,SO500534,24,2025-08-15,3000
SH713433,SO500535,20,2025-08-21,2000
SH713434,SO500536,22,2025-08-26,2000
SH713435,SO500537,17,2025-09-12,3000
SH713436,SO500538,21,2025-09-12,5000
SH713437,SO500539,22,2025-09-15,2000
SH713438,SO500540,21,2025-09-24,5000
SH713439,SO500541,21,2025-09-29,2000
SH713440,SO500542,18,2025-10-08,2000
SH713441,SO500543,19,2025-10-17,2000
SH713442,SO500581,20,2025-10-24,3000
SH713443,SO500544,21,2025-10-28,2000
SH713444,SO500545,23,2025-11-06,3000
SH713445,SO500546,21,2025-11-11,5000
SH713446,SO500547,22,2025-11-19,2000
SH713447,SO500594,19,2025-11-27,1000
SH713448,SO500582,18,2025-12-02,1000
SH713449,SO500596,13,2025-12-08,2000
SH713450,SO500599,12,2025-12-15,2000
SH713451,SO500597,10,2026-01-02,1000
SH713452,SO500548,16,2026-02-09,2000
SH713453,SO500549,14,2026-02-11,2000
SH713454,SO500550,19,2026-02-04,3000
SH713455,SO500551,18,2026-02-13,1000
SH713456,SO500552,19,2026-02-19,1000
SH713457,SO500585,19,2026-02-25,2000
SH713458,SO500600,16,2026-03-05,3000
SH713459,SO500553,18,2026-03-11,1000
SH713460,SO500586,18,2026-03-19,2000
SH713461,SO500554,18,2026-03-24,4000
SH713462,SO500587,20,2026-04-07,2000
SH713463,SO500555,21,2026-04-15,4000
SH713464,SO500556,21,2026-04-21,2000
SH713465,SO500558,22,2026-05-06,2000
SH713466,SO500559,23,2026-05-12,1000
SH713467,SO500560,23,2026-05-18,2000
SH713468,SO500561,20,2026-05-28,3000
SH713469,SO500562,20,2026-06-05,2000
SH713470,SO500563,23,2026-06-08,1000
SH713471,SO500564,25,2026-06-17,3000
SH713472,SO500565,24,2026-06-25,3000
SH713473,SO500451,26,2024-04-18,40
SH713474,SO500452,26,2024-04-11,40
SH713475,SO500453,26,2024-04-02,20
SH713476,SO500453,26,2024-04-22,20
SH713477,SO500454,26,2024-03-28,40
SH713478,SO500455,26,2024-03-21,20
SH713479,SO500455,26,2024-04-05,20
SH713480,SO500456,26,2024-03-15,40
SH713481,SO500457,26,2024-03-04,40
SH713482,SO500458,26,2024-02-26,40
SH713483,SO500459,22,2024-02-19,40
SH713484,SO500460,22,2024-02-15,40
SH713485,SO500461,19,2024-02-06,40
SH713486,SO500462,19,2024-02-02,40
SH713487,SO500463,10,2024-01-24,40
SH713488,SO500464,10,2024-01-18,40
SH713489,SO500465,10,2024-01-09,40
SH713490,SO500466,10,2024-01-03,40
SH713491,SO500467,16,2024-04-26,60
SH713492,SO500469,21,2024-05-06,60
SH713493,SO500470,22,2024-05-16,30
SH713494,SO500472,23,2024-05-31,10
SH713495,SO500473,26,2024-06-05,10
SH713496,SO500474,23,2024-06-14,50
SH713497,SO500476,24,2024-06-26,50
SH713498,SO500477,26,2024-07-04,40
SH713499,SO500478,26,2024-07-12,30
SH713500,SO500479,25,2024-07-17,130
SH713501,SO500480,25,2024-07-24,70
SH713502,SO500481,24,2024-08-02,40
SH713503,SO500481,24,2024-08-15,40
SH713504,SO500482,26,2024-08-09,10
SH713505,SO500483,25,2024-08-15,70
SH713506,SO500484,25,2024-08-22,50
SH713507,SO500485,24,2024-08-29,20
SH713508,SO500486,26,2024-09-04,110
SH713509,SO500487,25,2024-09-09,30
SH713510,SO500592,22,2024-09-16,20
SH713511,SO500488,25,2024-09-26,50
SH713512,SO500574,24,2024-10-04,80
SH713513,SO500575,24,2024-10-08,140
SH713514,SO500489,24,2024-10-17,70
SH713515,SO500490,22,2024-10-24,50
SH713516,SO500491,24,2024-11-01,10
SH713517,SO500492,19,2024-11-08,40
SH713518,SO500493,22,2024-11-13,80
SH713519,SO500494,22,2024-11-18,70
SH713520,SO500495,23,2024-12-10,60
SH713521,SO500497,20,2024-12-16,60
SH713522,SO500498,21,2024-12-27,10
SH713523,SO500498,21,2025-01-08,20
SH713524,SO500577,22,2025-01-03,60
SH713525,SO500499,24,2025-01-15,20
SH713526,SO500500,22,2025-01-24,50
SH713527,SO500501,20,2025-01-31,110
SH713528,SO500579,21,2025-02-11,50
SH713529,SO500502,22,2025-02-12,70
SH713530,SO500503,19,2025-02-17,80
SH713531,SO500504,21,2025-02-27,10
SH713532,SO500504,21,2025-03-21,10
SH713533,SO500505,23,2025-03-06,60
SH713534,SO500506,21,2025-03-12,30
SH713535,SO500512,21,2025-04-23,60
SH713536,SO500513,23,2025-05-01,60
SH713537,SO500514,23,2025-05-19,60
SH713538,SO500515,26,2025-05-13,50
SH713539,SO500516,25,2025-05-23,150
SH713540,SO500517,24,2025-05-26,110
SH713541,SO500518,25,2025-06-03,60
SH713542,SO500519,21,2025-06-11,130
SH713543,SO500520,24,2025-06-17,80
SH713544,SO500593,22,2025-06-24,30
SH713545,SO500521,21,2025-07-02,90
SH713546,SO500522,24,2025-07-08,70
SH713547,SO500525,22,2025-07-28,100
SH713548,SO500580,23,2025-08-26,30
SH713549,SO500526,26,2025-08-13,150
SH713550,SO500527,23,2025-08-18,100
SH713551,SO500529,25,2025-09-05,10
SH713552,SO500529,25,2025-09-17,20
SH713553,SO500530,26,2025-09-11,100
SH713554,SO500531,25,2025-09-18,80
SH713555,SO500532,25,2025-09-26,30
SH713556,SO500533,23,2025-10-02,30
SH713557,SO500533,23,2025-10-06,30
SH713558,SO500534,25,2025-10-06,40
SH713559,SO500535,21,2025-10-16,40
SH713560,SO500535,21,2025-10-22,30
SH713561,SO500536,23,2025-10-22,40
SH713562,SO500537,18,2025-10-29,40
SH713563,SO500539,23,2025-11-12,20
SH713564,SO500540,22,2025-11-21,90
SH713565,SO500581,21,2025-12-17,30
SH713566,SO500581,21,2025-12-30,20
SH713567,SO500545,24,2026-01-02,90
SH713568,SO500546,22,2026-01-07,40
SH713569,SO500594,20,2026-01-22,50
SH713570,SO500582,19,2026-02-09,10
SH713571,SO500582,19,2026-02-24,20
SH713572,SO500596,14,2026-02-02,20
SH713573,SO500583,16,2026-02-17,50
SH713574,SO500584,10,2026-03-06,50
SH713575,SO500548,17,2026-03-18,40
SH713576,SO500552,20,2026-04-17,10
SH713577,SO500552,20,2026-04-24,20
SH713578,SO500553,19,2026-05-05,10
SH713579,SO500586,19,2026-05-11,10
SH713580,SO500586,19,2026-05-19,10
SH713581,SO500554,19,2026-05-20,40
SH713582,SO500595,21,2026-05-28,30
SH713583,SO500556,22,2026-06-19,50
SH713584,SO500557,22,2026-06-26,50
SH713585,SO500451,27,2024-03-18,500
SH713586,SO500452,27,2024-03-12,250
SH713587,SO500452,27,2024-03-22,250
SH713588,SO500453,27,2024-03-07,500
SH713589,SO500454,27,2024-03-01,500
SH713590,SO500455,27,2024-02-26,500
SH713591,SO500456,27,2024-02-12,500
SH713592,SO500457,27,2024-02-06,500
SH713593,SO500458,27,2024-02-02,500
SH713594,SO500459,23,2024-01-26,500
SH713595,SO500460,23,2024-01-18,500
SH713596,SO500461,20,2024-01-09,500
SH713597,SO500462,20,2024-01-02,500
SH713598,SO500467,17,2024-03-27,500
SH713599,SO500469,22,2024-04-12,250
SH713600,SO500470,23,2024-04-17,1250
SH713601,SO500472,24,2024-04-30,500
SH713602,SO500473,27,2024-05-08,500
SH713603,SO500474,24,2024-05-14,250
SH713604,SO500475,25,2024-05-24,500
SH713605,SO500476,25,2024-05-30,1000
SH713606,SO500477,27,2024-06-04,250
SH713607,SO500477,27,2024-06-13,250
SH713608,SO500478,27,2024-06-11,250
SH713609,SO500479,26,2024-07-09,2000
SH713610,SO500480,26,2024-06-28,500
SH713611,SO500481,25,2024-07-02,500
SH713612,SO500482,27,2024-07-09,500
SH713613,SO500482,27,2024-07-17,500
SH713614,SO500483,26,2024-07-19,750
SH713615,SO500484,26,2024-07-26,500
SH713616,SO500485,25,2024-08-02,500
SH713617,SO500486,27,2024-08-09,750
SH713618,SO500487,26,2024-08-15,500
SH713619,SO500592,23,2024-08-19,500
SH713620,SO500488,26,2024-08-27,500
SH713621,SO500574,25,2024-09-05,250
SH713622,SO500575,25,2024-09-11,750
SH713623,SO500489,25,2024-09-20,1250
SH713624,SO500491,25,2024-09-30,250
SH713625,SO500492,20,2024-10-11,750
SH713626,SO500493,23,2024-10-17,750
SH713627,SO500494,23,2024-10-22,1250
SH713628,SO500495,24,2024-11-01,1000
SH713629,SO500496,24,2024-11-14,500
SH713630,SO500576,21,2024-11-11,500
SH713631,SO500497,21,2024-12-06,500
SH713632,SO500498,22,2024-11-29,250
SH713633,SO500577,23,2024-12-04,500
SH713634,SO500501,21,2024-12-31,250
SH713635,SO500501,21,2025-01-14,500
SH713636,SO500579,22,2025-01-06,250
SH713637,SO500502,23,2025-01-13,750
SH713638,SO500503,20,2025-01-23,750
SH713639,SO500504,22,2025-01-31,500
SH713640,SO500505,24,2025-02-05,1000
SH713641,SO500506,22,2025-02-11,1000
SH713642,SO500507,21,2025-02-21,750
SH713643,SO500508,20,2025-02-27,250
SH713644,SO500509,19,2025-03-03,1000
SH713645,SO500510,22,2025-03-11,1000
SH713646,SO500512,22,2025-03-27,500
SH713647,SO500514,24,2025-04-10,250
SH713648,SO500515,27,2025-04-17,250
SH713649,SO500516,26,2025-04-22,500
SH713650,SO500517,25,2025-04-29,750
SH713651,SO500519,22,2025-05-16,750
SH713652,SO500520,25,2025-06-03,500
SH713653,SO500593,23,2025-05-30,750
SH713654,SO500593,23,2025-06-05,500
SH713655,SO500521,22,2025-06-03,1000
SH713656,SO500522,25,2025-06-09,1000
SH713657,SO500523,21,2025-06-20,1000
SH713658,SO500525,23,2025-07-03,750
SH713659,SO500580,24,2025-07-07,1250
SH713660,SO500526,27,2025-07-14,1250
SH713661,SO500527,24,2025-07-25,1250
SH713662,SO500528,26,2025-07-29,1250
SH713663,SO500529,26,2025-08-07,500
SH713664,SO500530,27,2025-08-15,250
SH713665,SO500531,26,2025-08-21,1500
SH713666,SO500532,26,2025-08-26,1250
SH713667,SO500533,24,2025-09-02,250
SH713668,SO500536,24,2025-09-26,250
SH713669,SO500537,19,2025-09-30,1000
SH713670,SO500538,22,2025-10-07,1250
SH713671,SO500539,24,2025-10-16,1000
SH713672,SO500540,23,2025-11-07,1000
SH713673,SO500541,22,2025-10-31,1500
SH713674,SO500542,19,2025-11-06,1500
SH713675,SO500543,20,2025-11-13,500
SH713676,SO500581,22,2025-11-19,1000
SH713677,SO500544,22,2025-11-28,500
SH713678,SO500545,25,2025-12-01,1500
SH713679,SO500594,21,2025-12-26,500
SH713680,SO500596,15,2026-01-07,250
SH713681,SO500583,17,2026-01-20,500
SH713682,SO500597,11,2026-02-06,750
SH713683,SO500584,11,2026-02-03,1000
SH713684,SO500598,16,2026-02-11,750
SH713685,SO500548,18,2026-02-18,250
SH713686,SO500549,15,2026-02-23,1000
SH713687,SO500550,20,2026-03-04,1250
SH713688,SO500551,19,2026-03-11,1250
SH713689,SO500552,21,2026-03-20,750
SH713690,SO500552,21,2026-04-08,750
SH713691,SO500585,20,2026-03-25,250
SH713692,SO500600,17,2026-03-31,750
SH713693,SO500586,20,2026-04-14,1000
SH713694,SO500587,21,2026-05-07,250
SH713695,SO500555,22,2026-05-14,250
SH713696,SO500556,23,2026-05-20,500
SH713697,SO500557,23,2026-05-27,500
SH713698,SO500558,24,2026-06-03,1500
SH713699,SO500559,25,2026-06-12,1000
SH713700,SO500560,25,2026-06-18,1250
SH713701,SO500561,22,2026-06-24,1000
SH713702,SO500451,28,2024-04-15,150
SH713703,SO500452,28,2024-04-08,90
SH713704,SO500452,28,2024-04-26,60
SH713705,SO500453,28,2024-04-03,150
SH713706,SO500454,28,2024-03-29,150
SH713707,SO500455,28,2024-03-22,150
SH713708,SO500456,28,2024-03-15,150
SH713709,SO500457,28,2024-03-04,150
SH713710,SO500458,28,2024-03-01,150
SH713711,SO500459,24,2024-02-19,150
SH713712,SO500460,24,2024-02-14,150
SH713713,SO500461,21,2024-02-09,150
SH713714,SO500462,21,2024-01-30,150
SH713715,SO500463,11,2024-01-26,150
SH713716,SO500464,11,2024-01-15,150
SH713717,SO500465,11,2024-01-09,150
SH713718,SO500466,11,2024-01-04,150
SH713719,SO500467,18,2024-04-24,120
SH713720,SO500468,21,2024-04-30,150
SH713721,SO500468,21,2024-05-14,100
SH713722,SO500469,23,2024-05-07,40
SH713723,SO500470,24,2024-05-15,200
SH713724,SO500471,22,2024-05-22,40
SH713725,SO500472,25,2024-05-28,30
SH713726,SO500473,28,2024-06-05,20
SH713727,SO500475,26,2024-06-18,210
SH713728,SO500477,28,2024-07-02,290
SH713729,SO500478,28,2024-07-10,340
SH713730,SO500479,27,2024-07-17,240
SH713731,SO500480,27,2024-07-26,190
SH713732,SO500480,27,2024-08-15,140
SH713733,SO500481,26,2024-08-01,430
SH713734,SO500482,28,2024-08-05,380
SH713735,SO500483,27,2024-08-15,220
SH713736,SO500484,27,2024-08-23,70
SH713737,SO500484,27,2024-09-09,60
SH713738,SO500485,26,2024-08-30,210
SH713739,SO500486,28,2024-09-02,150
SH713740,SO500487,27,2024-09-11,290
SH713741,SO500487,27,2024-10-04,200
SH713742,SO500592,24,2024-09-20,150
SH713743,SO500488,27,2024-09-27,280
SH713744,SO500574,26,2024-09-30,120
SH713745,SO500575,26,2024-10-08,310
SH713746,SO500489,26,2024-10-18,140
SH713747,SO500489,26,2024-10-25,100
SH713748,SO500490,23,2024-10-23,210
SH713749,SO500491,26,2024-10-28,70
SH713750,SO500492,21,2024-11-04,10
SH713751,SO500493,24,2024-11-12,220
SH713752,SO500494,24,2024-11-18,80
SH713753,SO500495,25,2024-11-25,140
SH713754,SO500496,25,2024-12-02,40
SH713755,SO500496,25,2024-12-23,40
SH713756,SO500576,22,2024-12-09,270
SH713757,SO500497,22,2024-12-20,110
SH713758,SO500498,23,2024-12-27,120
SH713759,SO500577,24,2024-12-31,80
SH713760,SO500578,20,2025-01-06,260
SH713761,SO500499,25,2025-01-17,140
SH713762,SO500500,23,2025-01-20,220
SH713763,SO500500,23,2025-02-05,160
SH713764,SO500501,22,2025-01-30,120
SH713765,SO500579,23,2025-02-06,100
SH713766,SO500502,24,2025-02-12,230
SH713767,SO500503,21,2025-02-18,270
SH713768,SO500504,23,2025-02-27,210
SH713769,SO500504,23,2025-03-21,150
SH713770,SO500506,23,2025-03-27,60
SH713771,SO500508,21,2025-03-27,40
SH713772,SO500508,21,2025-04-16,40
SH713773,SO500509,20,2025-04-24,70
SH713774,SO500510,23,2025-04-10,140
SH713775,SO500511,21,2025-04-16,20
SH713776,SO500513,24,2025-05-01,100
SH713777,SO500514,25,2025-05-08,290
SH713778,SO500515,28,2025-05-13,350
SH713779,SO500516,27,2025-05-22,380
SH713780,SO500517,26,2025-05-27,100
SH713781,SO500518,26,2025-06-04,250
SH713782,SO500518,26,2025-06-16,180
SH713783,SO500519,23,2025-06-13,640
SH713784,SO500520,26,2025-07-04,260
SH713785,SO500593,24,2025-06-24,370
SH713786,SO500521,23,2025-07-04,70
SH713787,SO500522,26,2025-07-07,290
SH713788,SO500523,22,2025-07-16,360
SH713789,SO500524,25,2025-07-22,290
SH713790,SO500526,28,2025-08-15,880
SH713791,SO500527,25,2025-08-18,350
SH713792,SO500528,27,2025-08-28,380
SH713793,SO500529,27,2025-09-05,340
SH713794,SO500530,28,2025-09-12,250
SH713795,SO500531,27,2025-09-19,390
SH713796,SO500532,27,2025-09-23,370
SH713797,SO500533,25,2025-10-02,200
SH713798,SO500535,22,2025-10-15,120
SH713799,SO500536,25,2025-10-23,340
SH713800,SO500540,24,2025-11-20,30
SH713801,SO500541,23,2025-11-27,190
SH713802,SO500545,26,2025-12-29,190
SH713803,SO500546,23,2026-01-06,190
SH713804,SO500594,22,2026-01-19,20
SH713805,SO500582,20,2026-01-28,210
SH713806,SO500596,16,2026-02-05,200
SH713807,SO500599,13,2026-02-11,260
SH713808,SO500584,12,2026-03-06,150
SH713809,SO500598,17,2026-03-12,140
SH713810,SO500548,19,2026-03-19,50
SH713811,SO500549,16,2026-03-25,30
SH713812,SO500550,21,2026-03-31,30
SH713813,SO500551,20,2026-04-10,20
SH713814,SO500552,22,2026-04-15,170
SH713815,SO500586,21,2026-05-11,130
SH713816,SO500587,22,2026-06-03,40
SH713817,SO500555,23,2026-06-09,120
SH713818,SO500556,24,2026-06-16,40
SH713819,SO500451,29,2024-05-15,300
SH713820,SO500452,29,2024-05-07,300
SH713821,SO500453,29,2024-05-03,300
SH713822,SO500454,29,2024-04-24,300
SH713823,SO500455,29,2024-04-19,300
SH713824,SO500456,29,2024-04-09,300
SH713825,SO500457,29,2024-04-03,300
SH713826,SO500458,29,2024-04-19,300
SH713827,SO500459,25,2024-03-20,300
SH713828,SO500460,25,2024-03-12,150
SH713829,SO500460,25,2024-03-22,150
SH713830,SO500461,22,2024-03-08,150
SH713831,SO500461,22,2024-03-22,150
SH713832,SO500462,22,2024-03-01,300
SH713833,SO500463,12,2024-02-21,150
SH713834,SO500463,12,2024-03-15,150
SH713835,SO500464,12,2024-02-16,300
SH713836,SO500465,12,2024-02-09,300
SH713837,SO500466,12,2024-02-08,300
SH713838,SO500570,7,2024-01-24,300
SH713839,SO500571,7,2024-01-16,300
SH713840,SO500572,7,2024-01-09,300
SH713841,SO500573,7,2024-01-02,300
SH713842,SO500467,19,2024-05-24,850
SH713843,SO500468,22,2024-05-28,100
SH713844,SO500470,25,2024-06-11,100
SH713845,SO500471,23,2024-06-21,550
SH713846,SO500472,26,2024-06-25,550
SH713847,SO500473,29,2024-07-03,100
SH713848,SO500474,25,2024-07-10,50
SH713849,SO500475,27,2024-08-07,50
SH713850,SO500476,26,2024-08-16,150
SH713851,SO500477,29,2024-07-29,550
SH713852,SO500478,29,2024-08-06,650
SH713853,SO500481,27,2024-08-30,950
SH713854,SO500482,29,2024-09-04,500
SH713855,SO500482,29,2024-09-19,400
SH713856,SO500483,28,2024-09-12,750
SH713857,SO500484,28,2024-09-26,850
SH713858,SO500485,27,2024-09-27,900
SH713859,SO500486,29,2024-10-01,550
SH713860,SO500487,28,2024-10-10,850
SH713861,SO500592,25,2024-10-15,800
SH713862,SO500574,27,2024-10-29,300
SH713863,SO500575,27,2024-11-04,550
SH713864,SO500489,27,2024-11-12,450
SH713865,SO500490,24,2024-11-20,200
SH713866,SO500491,27,2024-11-26,850
SH713867,SO500492,22,2024-12-06,750
SH713868,SO500493,25,2024-12-12,600
SH713869,SO500494,25,2024-12-17,800
SH713870,SO500495,26,2024-12-25,550
SH713871,SO500496,26,2024-12-30,350
SH713872,SO500576,23,2025-01-10,150
SH713873,SO500576,23,2025-01-16,100
SH713874,SO500497,23,2025-01-13,550
SH713875,SO500577,25,2025-01-27,250
SH713876,SO500501,23,2025-02-28,600
SH713877,SO500579,24,2025-03-04,150
SH713878,SO500502,25,2025-03-12,50
SH713879,SO500502,25,2025-03-27,100
SH713880,SO500504,24,2025-03-28,400
SH713881,SO500505,25,2025-04-01,350
SH713882,SO500506,24,2025-04-07,750
SH713883,SO500507,22,2025-04-14,250
SH713884,SO500509,21,2025-05-13,200
SH713885,SO500511,22,2025-05-16,850
SH713886,SO500513,25,2025-05-30,1000
SH713887,SO500514,26,2025-06-06,650
SH713888,SO500515,29,2025-06-12,950
SH713889,SO500516,28,2025-06-18,1400
SH713890,SO500517,27,2025-06-27,100
SH713891,SO500518,27,2025-07-01,1000
SH713892,SO500519,24,2025-07-10,50
SH713893,SO500519,24,2025-07-18,100
SH713894,SO500520,27,2025-07-16,900
SH713895,SO500593,25,2025-07-21,150
SH713896,SO500524,26,2025-12-03,700
SH713897,SO500525,24,2025-11-17,1050
SH713898,SO500580,25,2025-10-09,450
SH713899,SO500526,29,2025-11-03,150
SH713900,SO500528,28,2026-01-09,850
SH713901,SO500529,28,2025-11-21,850
SH713902,SO500530,29,2025-10-06,850
SH713903,SO500531,28,2025-10-17,300
SH713904,SO500531,28,2025-10-31,200
SH713905,SO500533,26,2025-12-31,300
SH713906,SO500534,26,2025-11-03,500
SH713907,SO500534,26,2025-11-17,350
SH713908,SO500535,23,2026-02-23,500
SH713909,SO500535,23,2026-03-17,350
SH713910,SO500543,21,2026-02-27,500
SH713911,SO500581,23,2026-02-24,300
SH713912,SO500546,24,2026-04-13,150
SH713913,SO500547,23,2026-04-17,1250
SH713914,SO500594,23,2026-05-22,300
SH713915,SO500582,21,2026-06-11,50
SH713916,SO500599,14,2026-03-09,550
SH713917,SO500583,18,2026-03-19,750
SH713918,SO500584,13,2026-06-11,350
SH713919,SO500601,1,2024-05-14,300
SH713920,SO500602,1,2024-05-07,300
SH713921,SO500603,1,2024-05-03,300
SH713922,SO500604,1,2024-04-25,300
SH713923,SO500605,1,2024-04-18,300
SH713924,SO500606,1,2024-04-11,300
SH713925,SO500607,1,2024-04-04,300
SH713926,SO500608,1,2024-03-26,300
SH713927,SO500609,1,2024-03-18,300
SH713928,SO500610,1,2024-03-12,300
SH713929,SO500611,1,2024-03-04,300
SH713930,SO500612,1,2024-03-01,300
SH713931,SO500613,1,2024-02-22,300
SH713932,SO500614,1,2024-02-16,300
SH713933,SO500615,1,2024-02-09,300
SH713934,SO500616,1,2024-01-31,300
SH713935,SO500617,1,2024-01-25,300
SH713936,SO500618,1,2024-01-19,300
SH713937,SO500619,1,2024-01-09,300
SH713938,SO500620,1,2024-01-05,300
SH713939,SO500621,1,2024-05-24,500
SH713940,SO500622,1,2024-05-28,300
SH713941,SO500623,1,2024-06-07,350
SH713942,SO500624,1,2024-06-10,150
SH713943,SO500625,1,2024-06-21,50
SH713944,SO500625,1,2024-06-27,100
SH713945,SO500626,1,2024-06-26,50
SH713946,SO500627,1,2024-07-01,250
SH713947,SO500628,1,2024-07-12,500
SH713948,SO500629,1,2024-07-16,450
SH713949,SO500630,1,2024-07-25,650
SH713950,SO500631,1,2024-07-30,150
SH713951,SO500632,1,2024-08-09,350
SH713952,SO500633,1,2024-08-13,550
SH713953,SO500634,1,2024-08-19,700
SH713954,SO500635,1,2024-08-26,450
SH713955,SO500636,1,2024-09-19,400
SH713956,SO500637,1,2024-09-10,700
SH713957,SO500638,1,2024-09-18,600
SH713958,SO500639,1,2024-09-23,700
SH713959,SO500640,1,2024-10-02,550
SH713960,SO500641,1,2024-10-10,650
SH713961,SO500642,1,2024-10-14,50
SH713962,SO500643,1,2024-10-22,150
SH713963,SO500644,1,2024-11-13,700
SH713964,SO500645,1,2024-11-04,250
SH713965,SO500646,1,2024-11-20,550
SH713966,SO500647,1,2024-11-29,450
SH713967,SO500648,1,2024-12-06,600
SH713968,SO500649,1,2024-12-10,650
SH713969,SO500650,1,2024-12-19,1000
SH713970,SO500651,1,2024-12-24,100
SH713971,SO500652,1,2024-12-31,750
SH713972,SO500653,1,2025-01-07,500
SH713973,SO500654,1,2025-01-13,50
SH713974,SO500655,1,2025-01-23,350
SH713975,SO500656,1,2025-01-31,150
SH713976,SO500657,1,2025-02-04,350
SH713977,SO500658,1,2025-02-20,600
SH713978,SO500659,1,2025-02-24,150
SH713979,SO500660,1,2025-03-14,300
SH713980,SO500661,1,2025-03-20,450
SH713981,SO500662,1,2025-04-08,700
SH713982,SO500663,1,2025-04-17,50
SH713983,SO500664,1,2025-04-23,350
SH713984,SO500665,1,2025-04-30,400
SH713985,SO500666,1,2025-05-05,150
SH713986,SO500667,1,2025-05-22,250
SH713987,SO500668,1,2025-06-02,850
SH713988,SO500669,1,2025-06-11,200
SH713989,SO500670,1,2025-06-16,500
SH713990,SO500671,1,2025-06-23,1000
SH713991,SO500672,1,2025-07-02,400
SH713992,SO500672,1,2025-07-14,300
SH713993,SO500673,1,2025-07-10,750
SH713994,SO500674,1,2025-07-14,950
SH713995,SO500675,1,2025-07-21,1650
SH713996,SO500676,1,2025-08-01,50
SH713997,SO500677,1,2025-10-10,300
SH713998,SO500678,1,2025-08-14,200
SH713999,SO500679,1,2025-08-18,50
SH714000,SO500680,1,2025-09-23,500
SH714001,SO500681,1,2025-11-10,250
SH714002,SO500682,1,2025-11-20,300
SH714003,SO500683,1,2025-09-25,900
SH714004,SO500684,1,2025-10-02,650
SH714005,SO500685,1,2025-11-27,1000
SH714006,SO500686,1,2025-10-13,850
SH714007,SO500687,1,2025-11-25,850
SH714008,SO500688,1,2026-01-28,150
SH714009,SO500689,1,2026-02-09,150
SH714010,SO500690,1,2025-11-10,150
SH714011,SO500691,1,2025-12-29,700
SH714012,SO500692,1,2025-12-30,50
SH714013,SO500693,1,2026-01-08,300
SH714014,SO500694,1,2026-03-23,250
SH714015,SO500695,1,2026-03-24,100
SH714016,SO500696,1,2026-03-18,300
SH714017,SO500697,1,2026-06-12,650
SH714018,SO500698,1,2026-03-30,700
SH714019,SO500699,1,2026-04-08,500
SH714020,SO500700,1,2026-04-28,100
SH714021,SO500601,2,2024-03-06,1500
SH714022,SO500602,2,2024-02-26,1500
SH714023,SO500603,2,2024-02-21,1500
SH714024,SO500604,2,2024-02-16,1500
SH714025,SO500605,2,2024-02-05,1500
SH714026,SO500606,2,2024-01-30,1500
SH714027,SO500607,2,2024-01-23,1500
SH714028,SO500608,2,2024-01-16,1500
SH714029,SO500609,2,2024-01-11,1500
SH714030,SO500610,2,2024-01-05,1500
SH714031,SO500622,2,2024-03-22,2500
SH714032,SO500623,2,2024-03-29,1500
SH714033,SO500625,2,2024-04-08,2500
SH714034,SO500626,2,2024-04-16,1000
SH714035,SO500628,2,2024-05-02,2500
SH714036,SO500629,2,2024-05-06,4500
SH714037,SO500630,2,2024-05-13,500
SH714038,SO500631,2,2024-05-20,2000
SH714039,SO500632,2,2024-05-31,2500
SH714040,SO500633,2,2024-06-05,1500
SH714041,SO500634,2,2024-06-11,1500
SH714042,SO500635,2,2024-06-20,2500
SH714043,SO500636,2,2024-06-26,500
SH714044,SO500638,2,2024-07-11,500
SH714045,SO500639,2,2024-07-26,2500
SH714046,SO500640,2,2024-07-22,1500
SH714047,SO500641,2,2024-07-30,2000
SH714048,SO500642,2,2024-08-05,2000
SH714049,SO500644,2,2024-08-22,2500
SH714050,SO500645,2,2024-08-28,2000
SH714051,SO500717,1,2024-09-04,1500
SH714052,SO500646,2,2024-09-10,1000
SH714053,SO500647,2,2024-09-17,1000
SH714054,SO500648,2,2024-09-25,1500
SH714055,SO500649,2,2024-10-03,500
SH714056,SO500649,2,2024-10-09,500
SH714057,SO500650,2,2024-10-11,1500
SH714058,SO500652,2,2024-10-25,1500
SH714059,SO500653,2,2024-10-30,2000
SH714060,SO500654,2,2024-11-07,3500
SH714061,SO500655,2,2024-11-11,1500
SH714062,SO500657,2,2024-11-26,2000
SH714063,SO500718,1,2024-12-06,3000
SH714064,SO500658,2,2024-12-10,500
SH714065,SO500658,2,2024-12-23,500
SH714066,SO500659,2,2024-12-16,1500
SH714067,SO500719,1,2024-12-27,1000
SH714068,SO500720,1,2025-01-14,1500
SH714069,SO500663,2,2025-02-03,2000
SH714070,SO500664,2,2025-02-14,500
SH714071,SO500665,2,2025-02-20,500
SH714072,SO500666,2,2025-02-26,2000
SH714073,SO500721,1,2025-03-19,1000
SH714074,SO500667,2,2025-03-11,1000
SH714075,SO500722,1,2025-03-19,2000
SH714076,SO500668,2,2025-04-18,1500
SH714077,SO500669,2,2025-04-16,2500
SH714078,SO500670,2,2025-04-11,2000
SH714079,SO500671,2,2025-04-15,2500
SH714080,SO500673,2,2025-05-01,2000
SH714081,SO500674,2,2025-05-07,3000
SH714082,SO500676,2,2025-05-22,1500
SH714083,SO500678,2,2025-06-02,2000
SH714084,SO500679,2,2025-06-10,2000
SH714085,SO500680,2,2025-06-16,2000
SH714086,SO500681,2,2025-06-24,500
SH714087,SO500723,1,2025-07-11,1500
SH714088,SO500683,2,2025-07-14,500
SH714089,SO500683,2,2025-07-29,1000
SH714090,SO500684,2,2025-07-21,500
SH714091,SO500684,2,2025-08-01,1000
SH714092,SO500685,2,2025-07-31,500
SH714093,SO500685,2,2025-08-08,500
SH714094,SO500686,2,2025-08-08,1500
SH714095,SO500687,2,2025-08-14,2000
SH714096,SO500688,2,2025-08-20,2000
SH714097,SO500689,2,2025-09-05,2500
SH714098,SO500690,2,2025-09-05,1500
SH714099,SO500691,2,2025-09-08,2000
SH714100,SO500692,2,2025-09-17,1500
SH714101,SO500724,1,2025-09-22,2000
SH714102,SO500725,1,2025-10-01,2000
SH714103,SO500726,1,2025-10-06,500
SH714104,SO500727,1,2025-10-13,1500
SH714105,SO500728,1,2025-10-22,2000
SH714106,SO500693,2,2025-10-27,1500
SH714107,SO500729,1,2025-11-04,1500
SH714108,SO500730,1,2025-11-10,2000
SH714109,SO500731,1,2025-11-18,1000
SH714110,SO500694,2,2025-11-26,1000
SH714111,SO500732,1,2025-12-02,500
SH714112,SO500733,1,2025-12-10,500
SH714113,SO500734,1,2025-12-22,500
SH714114,SO500735,1,2025-12-26,1500
SH714115,SO500695,2,2025-12-29,1000
SH714116,SO500696,2,2026-01-08,1000
SH714117,SO500697,2,2026-01-15,500
SH714118,SO500699,2,2026-01-28,2000
SH714119,SO500700,2,2026-02-03,1500
SH714120,SO500701,2,2026-02-09,1000
SH714121,SO500736,1,2026-02-16,1500
SH714122,SO500737,1,2026-02-27,3000
SH714123,SO500738,1,2026-03-03,1000
SH714124,SO500739,1,2026-03-10,1000
SH714125,SO500740,1,2026-03-19,1000
SH714126,SO500741,1,2026-03-23,1500
SH714127,SO500742,1,2026-04-01,1500
SH714128,SO500743,1,2026-04-07,1000
SH714129,SO500744,1,2026-04-13,1000
SH714130,SO500702,2,2026-04-20,1500
SH714131,SO500745,1,2026-04-28,1000
SH714132,SO500745,1,2026-05-07,1000
SH714133,SO500703,2,2026-05-08,2500
SH714134,SO500704,2,2026-05-13,3500
SH714135,SO500705,2,2026-05-18,1500
SH714136,SO500706,2,2026-05-29,1000
SH714137,SO500707,2,2026-06-04,2000
SH714138,SO500708,2,2026-06-10,1500
SH714139,SO500746,1,2026-06-16,500
SH714140,SO500709,2,2026-06-26,1500
SH714141,SO500601,3,2024-02-19,3000
SH714142,SO500601,3,2024-03-13,2000
SH714143,SO500602,3,2024-02-14,5000
SH714144,SO500603,3,2024-02-07,5000
SH714145,SO500604,3,2024-01-29,3000
SH714146,SO500604,3,2024-02-12,2000
SH714147,SO500605,3,2024-01-25,3000
SH714148,SO500605,3,2024-02-09,2000
SH714149,SO500606,3,2024-01-19,5000
SH714150,SO500607,3,2024-01-11,5000
SH714151,SO500608,3,2024-01-01,5000
SH714152,SO500622,3,2024-03-04,4000
SH714153,SO500623,3,2024-03-12,4000
SH714154,SO500624,2,2024-03-20,3000
SH714155,SO500625,3,2024-03-29,2000
SH714156,SO500626,3,2024-04-04,8000
SH714157,SO500627,2,2024-04-12,5000
SH714158,SO500628,3,2024-04-16,3000
SH714159,SO500629,3,2024-04-23,5000
SH714160,SO500630,3,2024-05-02,2000
SH714161,SO500630,3,2024-05-14,2000
SH714162,SO500631,3,2024-05-08,9000
SH714163,SO500632,3,2024-05-15,9000
SH714164,SO500633,3,2024-05-21,6000
SH714165,SO500634,3,2024-05-27,2000
SH714166,SO500635,3,2024-06-07,2000
SH714167,SO500636,3,2024-06-12,3000
SH714168,SO500637,2,2024-06-17,7000
SH714169,SO500638,3,2024-06-27,6000
SH714170,SO500639,3,2024-07-01,3000
SH714171,SO500640,3,2024-07-10,1000
SH714172,SO500641,3,2024-07-18,8000
SH714173,SO500642,3,2024-08-12,7000
SH714174,SO500643,2,2024-08-02,11000
SH714175,SO500644,3,2024-08-09,15000
SH714176,SO500645,3,2024-08-13,3000
SH714177,SO500717,2,2024-08-20,3000
SH714178,SO500646,3,2024-08-30,11000
SH714179,SO500647,3,2024-09-02,5000
SH714180,SO500648,3,2024-09-09,7000
SH714181,SO500649,3,2024-09-18,2000
SH714182,SO500651,2,2024-10-03,2000
SH714183,SO500652,3,2024-10-07,3000
SH714184,SO500653,3,2024-10-15,6000
SH714185,SO500653,3,2024-11-06,4000
SH714186,SO500654,3,2024-10-23,4000
SH714187,SO500655,3,2024-10-30,2000
SH714188,SO500656,2,2024-11-05,7000
SH714189,SO500657,3,2024-11-15,7000
SH714190,SO500718,2,2024-11-21,5000
SH714191,SO500658,3,2024-11-27,3000
SH714192,SO500659,3,2024-12-05,1000
SH714193,SO500660,2,2024-12-16,3000
SH714194,SO500661,2,2024-12-25,5000
SH714195,SO500720,2,2025-01-01,5000
SH714196,SO500750,1,2025-01-09,3000
SH714197,SO500662,2,2025-01-16,2000
SH714198,SO500663,3,2025-01-21,1000
SH714199,SO500663,3,2025-02-12,1000
SH714200,SO500664,3,2025-01-30,5000
SH714201,SO500665,3,2025-02-03,4000
SH714202,SO500666,3,2025-02-12,4000
SH714203,SO500721,2,2025-02-20,6000
SH714204,SO500667,3,2025-02-28,4000
SH714205,SO500722,2,2025-03-07,6000
SH714206,SO500668,3,2025-03-13,7000
SH714207,SO500669,3,2025-03-28,3000
SH714208,SO500669,3,2025-04-04,3000
SH714209,SO500670,3,2025-03-26,3000
SH714210,SO500671,3,2025-04-02,7000
SH714211,SO500672,2,2025-04-10,3000
SH714212,SO500672,2,2025-04-29,2000
SH714213,SO500673,3,2025-04-15,5000
SH714214,SO500674,3,2025-04-24,3000
SH714215,SO500675,2,2025-04-28,7000
SH714216,SO500676,3,2025-05-05,9000
SH714217,SO500677,2,2025-05-13,5000
SH714218,SO500678,3,2025-05-22,8000
SH714219,SO500679,3,2025-05-30,1000
SH714220,SO500680,3,2025-06-06,4000
SH714221,SO500681,3,2025-06-13,3000
SH714222,SO500682,2,2025-06-17,5000
SH714223,SO500723,2,2025-06-27,2000
SH714224,SO500683,3,2025-07-04,1000
SH714225,SO500684,3,2025-07-11,8000
SH714226,SO500685,3,2025-07-14,2000
SH714227,SO500686,3,2025-07-23,10000
SH714228,SO500687,3,2025-07-31,5000
SH714229,SO500688,3,2025-08-04,6000
SH714230,SO500689,3,2025-08-11,5000
SH714231,SO500690,3,2025-08-19,9000
SH714232,SO500691,3,2025-08-27,6000
SH714233,SO500692,3,2025-09-01,9000
SH714234,SO500724,2,2025-09-10,8000
SH714235,SO500725,2,2025-09-17,1000
SH714236,SO500726,2,2025-09-25,6000
SH714237,SO500727,2,2025-10-01,4000
SH714238,SO500728,2,2025-10-10,7000
SH714239,SO500693,3,2025-10-17,3000
SH714240,SO500729,2,2025-11-05,5000
SH714241,SO500731,2,2025-11-05,4000
SH714242,SO500694,3,2025-11-14,4000
SH714243,SO500732,2,2025-11-21,3000
SH714244,SO500733,2,2025-11-27,2000
SH714245,SO500734,2,2025-12-04,5000
SH714246,SO500695,3,2025-12-15,6000
SH714247,SO500696,3,2025-12-26,5000
SH714248,SO500697,3,2026-01-02,1000
SH714249,SO500698,2,2026-01-09,3000
SH714250,SO500699,3,2026-01-12,3000
SH714251,SO500699,3,2026-01-19,2000
SH714252,SO500700,3,2026-01-23,4000
SH714253,SO500701,3,2026-01-29,1000
SH714254,SO500736,2,2026-02-05,9000
SH714255,SO500737,2,2026-02-10,3000
SH714256,SO500738,2,2026-02-18,4000
SH714257,SO500739,2,2026-02-27,3000
SH714258,SO500740,2,2026-03-03,8000
SH714259,SO500741,2,2026-03-09,8000
SH714260,SO500742,2,2026-03-19,6000
SH714261,SO500743,2,2026-03-27,9000
SH714262,SO500744,2,2026-04-03,2000
SH714263,SO500702,3,2026-04-09,7000
SH714264,SO500745,2,2026-04-13,5000
SH714265,SO500703,3,2026-04-22,5000
SH714266,SO500704,3,2026-05-01,7000
SH714267,SO500705,3,2026-05-04,3000
SH714268,SO500706,3,2026-05-11,3000
SH714269,SO500708,3,2026-05-26,6000
SH714270,SO500746,2,2026-06-03,2000
SH714271,SO500709,3,2026-06-12,12000
SH714272,SO500747,2,2026-06-19,11000
SH714273,SO500601,4,2024-02-20,3000
SH714274,SO500602,4,2024-02-14,1000
SH714275,SO500602,4,2024-02-19,2000
SH714276,SO500603,4,2024-02-08,3000
SH714277,SO500604,4,2024-01-29,3000
SH714278,SO500605,4,2024-01-25,3000
SH714279,SO500606,4,2024-01-17,3000
SH714280,SO500607,4,2024-01-10,3000
SH714281,SO500608,4,2024-01-05,3000
SH714282,SO500621,2,2024-02-28,3000
SH714283,SO500622,4,2024-03-05,3000
SH714284,SO500623,4,2024-03-12,2000
SH714285,SO500624,3,2024-03-20,3000
SH714286,SO500625,4,2024-03-25,6000
SH714287,SO500626,4,2024-04-01,5000
SH714288,SO500627,3,2024-04-08,4000
SH714289,SO500629,4,2024-04-23,4000
SH714290,SO500630,4,2024-04-29,4000
SH714291,SO500631,4,2024-05-07,3000
SH714292,SO500632,4,2024-05-15,2000
SH714293,SO500633,4,2024-05-24,1000
SH714294,SO500634,4,2024-05-28,4000
SH714295,SO500636,4,2024-06-10,6000
SH714296,SO500637,3,2024-06-20,5000
SH714297,SO500638,4,2024-06-26,4000
SH714298,SO500639,4,2024-07-02,3000
SH714299,SO500640,4,2024-07-11,5000
SH714300,SO500641,4,2024-07-16,4000
SH714301,SO500642,4,2024-07-26,1000
SH714302,SO500643,3,2024-08-01,5000
SH714303,SO500644,4,2024-08-07,3000
SH714304,SO500717,3,2024-08-22,6000
SH714305,SO500646,4,2024-08-29,5000
SH714306,SO500647,4,2024-09-05,3000
SH714307,SO500648,4,2024-09-10,1000
SH714308,SO500649,4,2024-09-17,5000
SH714309,SO500650,3,2024-09-23,4000
SH714310,SO500651,3,2024-10-04,5000
SH714311,SO500652,4,2024-10-09,2000
SH714312,SO500652,4,2024-10-31,2000
SH714313,SO500654,4,2024-10-22,1000
SH714314,SO500655,4,2024-10-31,3000
SH714315,SO500656,3,2024-11-04,6000
SH714316,SO500657,4,2024-11-15,3000
SH714317,SO500718,3,2024-11-27,2000
SH714318,SO500659,4,2024-12-02,4000
SH714319,SO500719,2,2024-12-12,2000
SH714320,SO500660,3,2024-12-19,3000
SH714321,SO500661,3,2024-12-27,3000
SH714322,SO500720,3,2025-01-01,1000
SH714323,SO500750,2,2025-01-07,4000
SH714324,SO500662,3,2025-01-15,4000
SH714325,SO500663,4,2025-01-22,5000
SH714326,SO500664,4,2025-01-28,2000
SH714327,SO500665,4,2025-02-04,2000
SH714328,SO500666,4,2025-02-10,1000
SH714329,SO500721,3,2025-02-18,3000
SH714330,SO500667,4,2025-02-26,3000
SH714331,SO500722,3,2025-03-07,2000
SH714332,SO500669,4,2025-03-18,2000
SH714333,SO500670,4,2025-03-24,1000
SH714334,SO500671,4,2025-04-02,3000
SH714335,SO500672,3,2025-04-07,4000
SH714336,SO500673,4,2025-04-14,4000
SH714337,SO500674,4,2025-04-23,5000
SH714338,SO500675,3,2025-05-01,1000
SH714339,SO500676,4,2025-05-07,2000
SH714340,SO500677,3,2025-05-16,4000
SH714341,SO500678,4,2025-05-22,5000
SH714342,SO500679,4,2025-05-26,6000
SH714343,SO500680,4,2025-06-04,3000
SH714344,SO500681,4,2025-06-10,2000
SH714345,SO500682,3,2025-06-17,1000
SH714346,SO500723,3,2025-06-24,2000
SH714347,SO500683,4,2025-07-01,4000
SH714348,SO500684,4,2025-07-09,1000
SH714349,SO500685,4,2025-07-15,1000
SH714350,SO500685,4,2025-08-07,1000
SH714351,SO500686,4,2025-07-21,2000
SH714352,SO500687,4,2025-08-01,2000
SH714353,SO500688,4,2025-08-06,4000
SH714354,SO500689,4,2025-08-12,3000
SH714355,SO500689,4,2025-08-25,2000
SH714356,SO500690,4,2025-08-22,2000
SH714357,SO500691,4,2025-08-25,3000
SH714358,SO500692,4,2025-09-03,3000
SH714359,SO500724,3,2025-09-11,2000
SH714360,SO500725,3,2025-09-17,6000
SH714361,SO500726,3,2025-09-23,3000
SH714362,SO500727,3,2025-10-02,4000
SH714363,SO500728,3,2025-10-09,1000
SH714364,SO500693,4,2025-10-15,7000
SH714365,SO500729,3,2025-10-29,3000
SH714366,SO500730,2,2025-10-27,2000
SH714367,SO500731,3,2025-11-06,4000
SH714368,SO500694,4,2025-11-14,4000
SH714369,SO500732,3,2025-11-21,4000
SH714370,SO500733,3,2025-11-27,1000
SH714371,SO500734,3,2025-12-03,4000
SH714372,SO500695,4,2025-12-16,5000
SH714373,SO500696,4,2025-12-26,3000
SH714374,SO500696,4,2026-01-12,2000
SH714375,SO500697,4,2025-12-30,2000
SH714376,SO500698,3,2026-01-09,1000
SH714377,SO500699,4,2026-01-14,1000
SH714378,SO500700,4,2026-01-22,3000
SH714379,SO500701,4,2026-02-09,3000
SH714380,SO500736,3,2026-02-06,5000
SH714381,SO500739,3,2026-02-27,4000
SH714382,SO500740,3,2026-03-02,1000
SH714383,SO500741,3,2026-03-12,5000
SH714384,SO500742,3,2026-03-17,1000
SH714385,SO500743,3,2026-03-24,3000
SH714386,SO500744,3,2026-04-10,2000
SH714387,SO500702,4,2026-04-07,3000
SH714388,SO500745,3,2026-04-13,7000
SH714389,SO500703,4,2026-04-24,2000
SH714390,SO500704,4,2026-05-01,6000
SH714391,SO500705,4,2026-05-06,7000
SH714392,SO500706,4,2026-05-14,3000
SH714393,SO500707,3,2026-05-21,2000
SH714394,SO500708,4,2026-05-27,4000
SH714395,SO500746,3,2026-06-02,3000
SH714396,SO500709,4,2026-06-08,4000
SH714397,SO500747,3,2026-06-15,7000
SH714398,SO500748,2,2026-06-23,1000
SH714399,SO500601,5,2024-03-22,1000
SH714400,SO500602,5,2024-03-11,1000
SH714401,SO500603,5,2024-03-05,1000
SH714402,SO500604,5,2024-02-29,1000
SH714403,SO500605,5,2024-03-15,500
SH714404,SO500605,5,2024-03-25,500
SH714405,SO500606,5,2024-02-13,1000
SH714406,SO500607,5,2024-02-08,1000
SH714407,SO500608,5,2024-01-29,1000
SH714408,SO500609,3,2024-01-23,500
SH714409,SO500609,3,2024-02-13,500
SH714410,SO500610,3,2024-01-15,1000
SH714411,SO500611,2,2024-01-09,1000
SH714412,SO500612,2,2024-01-05,500
SH714413,SO500612,2,2024-01-09,500
SH714414,SO500622,5,2024-04-02,250
SH714415,SO500623,5,2024-04-08,1000
SH714416,SO500624,4,2024-04-15,250
SH714417,SO500625,5,2024-04-25,1250
SH714418,SO500626,5,2024-05-02,1250
SH714419,SO500627,4,2024-05-06,1000
SH714420,SO500628,4,2024-05-16,1500
SH714421,SO500629,5,2024-05-23,750
SH714422,SO500630,5,2024-05-27,1250
SH714423,SO500631,5,2024-06-04,500
SH714424,SO500632,5,2024-06-13,1000
SH714425,SO500633,5,2024-06-18,1250
SH714426,SO500634,5,2024-07-17,1250
SH714427,SO500635,4,2024-07-17,1500
SH714428,SO500636,5,2024-07-12,750
SH714429,SO500637,4,2024-08-05,2000
SH714430,SO500638,5,2024-07-24,1000
SH714431,SO500639,5,2024-07-29,2000
SH714432,SO500640,5,2024-08-09,3250
SH714433,SO500641,5,2024-08-13,500
SH714434,SO500642,5,2024-08-23,1250
SH714435,SO500644,5,2024-09-04,750
SH714436,SO500644,5,2024-09-10,500
SH714437,SO500645,4,2024-09-13,750
SH714438,SO500717,4,2024-09-20,250
SH714439,SO500717,4,2024-09-26,500
SH714440,SO500646,5,2024-09-25,1000
SH714441,SO500648,5,2024-10-07,1000
SH714442,SO500650,4,2024-10-23,2500
SH714443,SO500651,4,2024-10-30,750
SH714444,SO500652,5,2024-11-19,250
SH714445,SO500653,4,2024-11-15,250
SH714446,SO500654,5,2024-11-22,250
SH714447,SO500655,5,2024-11-29,750
SH714448,SO500656,4,2024-12-03,1250
SH714449,SO500657,5,2024-12-12,1250
SH714450,SO500658,4,2024-12-25,1250
SH714451,SO500659,5,2025-01-03,500
SH714452,SO500719,3,2025-01-07,500
SH714453,SO500660,4,2025-01-16,500
SH714454,SO500661,4,2025-01-22,1500
SH714455,SO500750,3,2025-02-05,750
SH714456,SO500662,4,2025-02-11,750
SH714457,SO500663,5,2025-02-17,1000
SH714458,SO500664,5,2025-02-27,750
SH714459,SO500665,5,2025-03-04,1750
SH714460,SO500666,5,2025-03-11,1500
SH714461,SO500667,5,2025-03-26,500
SH714462,SO500722,4,2025-03-31,1500
SH714463,SO500668,4,2025-04-11,1000
SH714464,SO500669,5,2025-04-18,1000
SH714465,SO500670,5,2025-04-21,750
SH714466,SO500671,5,2025-04-29,2000
SH714467,SO500672,4,2025-05-09,250
SH714468,SO500672,4,2025-05-22,250
SH714469,SO500673,5,2025-05-14,1000
SH714470,SO500674,5,2025-05-19,2250
SH714471,SO500675,4,2025-05-28,1000
SH714472,SO500676,5,2025-06-05,1250
SH714473,SO500677,4,2025-06-11,500
SH714474,SO500678,5,2025-06-17,1000
SH714475,SO500679,5,2025-06-26,500
SH714476,SO500680,5,2025-06-30,1500
SH714477,SO500681,5,2025-07-09,2750
SH714478,SO500682,4,2025-07-14,250
SH714479,SO500723,4,2025-07-30,1000
SH714480,SO500683,5,2025-07-28,1250
SH714481,SO500684,5,2025-08-08,1500
SH714482,SO500685,5,2025-08-12,1250
SH714483,SO500686,5,2025-08-21,750
SH714484,SO500686,5,2025-09-04,500
SH714485,SO500687,5,2025-08-26,2750
SH714486,SO500689,5,2025-09-11,750
SH714487,SO500690,5,2025-09-22,1750
SH714488,SO500691,5,2025-09-23,1000
SH714489,SO500692,5,2025-10-03,750
SH714490,SO500724,4,2025-10-06,1750
SH714491,SO500725,4,2025-10-14,1250
SH714492,SO500728,4,2025-11-06,2250
SH714493,SO500693,5,2025-11-11,250
SH714494,SO500693,5,2025-11-20,250
SH714495,SO500729,4,2025-11-17,750
SH714496,SO500729,4,2025-12-03,500
SH714497,SO500730,3,2025-11-24,1250
SH714498,SO500731,4,2025-12-01,750
SH714499,SO500694,5,2025-12-08,1000
SH714500,SO500732,4,2025-12-18,2000
SH714501,SO500733,4,2025-12-23,1750
SH714502,SO500735,2,2026-01-07,500
SH714503,SO500695,5,2026-01-15,250
SH714504,SO500695,5,2026-01-19,500
SH714505,SO500696,5,2026-02-05,500
SH714506,SO500697,5,2026-01-29,1500
SH714507,SO500698,4,2026-02-03,1000
SH714508,SO500701,5,2026-02-24,1250
SH714509,SO500736,4,2026-03-04,750
SH714510,SO500737,3,2026-03-10,1250
SH714511,SO500738,3,2026-03-19,1500
SH714512,SO500739,4,2026-03-24,750
SH714513,SO500740,4,2026-04-01,1250
SH714514,SO500741,4,2026-04-09,1500
SH714515,SO500741,4,2026-04-13,1000
SH714516,SO500742,4,2026-04-16,1750
SH714517,SO500743,4,2026-04-22,750
SH714518,SO500743,4,2026-04-28,750
SH714519,SO500744,4,2026-04-30,1500
SH714520,SO500702,5,2026-05-06,750
SH714521,SO500745,4,2026-05-13,2250
SH714522,SO500703,5,2026-05-21,1500
SH714523,SO500704,5,2026-05-27,500
SH714524,SO500705,5,2026-06-03,500
SH714525,SO500706,5,2026-06-12,750
SH714526,SO500707,4,2026-06-15,1500
SH714527,SO500708,5,2026-06-22,1250
SH714528,SO500601,6,2024-03-22,100
SH714529,SO500602,6,2024-03-13,100
SH714530,SO500603,6,2024-03-06,100
SH714531,SO500604,6,2024-03-01,100
SH714532,SO500605,6,2024-02-22,100
SH714533,SO500606,6,2024-02-15,100
SH714534,SO500607,6,2024-02-05,50
SH714535,SO500607,6,2024-03-01,50
SH714536,SO500608,6,2024-02-01,100
SH714537,SO500609,4,2024-01-25,100
SH714538,SO500610,4,2024-01-18,100
SH714539,SO500611,3,2024-01-11,100
SH714540,SO500612,3,2024-01-01,100
SH714541,SO500621,3,2024-03-27,50
SH714542,SO500622,6,2024-04-03,100
SH714543,SO500623,6,2024-04-09,50
SH714544,SO500625,6,2024-04-22,150
SH714545,SO500626,6,2024-05-02,150
SH714546,SO500629,6,2024-05-21,50
SH714547,SO500629,6,2024-06-10,50
SH714548,SO500630,6,2024-05-28,150
SH714549,SO500631,6,2024-06-05,50
SH714550,SO500632,6,2024-06-13,100
SH714551,SO500633,6,2024-06-18,150
SH714552,SO500634,6,2024-06-28,100
SH714553,SO500635,5,2024-07-02,200
SH714554,SO500636,6,2024-07-11,250
SH714555,SO500637,5,2024-07-15,150
SH714556,SO500638,6,2024-07-23,50
SH714557,SO500639,6,2024-08-02,250
SH714558,SO500640,6,2024-08-06,300
SH714559,SO500642,6,2024-08-23,50
SH714560,SO500643,4,2024-08-26,100
SH714561,SO500644,6,2024-09-06,50
SH714562,SO500645,5,2024-09-11,150
SH714563,SO500717,5,2024-10-08,150
SH714564,SO500647,5,2024-10-04,50
SH714565,SO500648,6,2024-10-11,150
SH714566,SO500649,5,2024-10-16,250
SH714567,SO500650,5,2024-10-21,200
SH714568,SO500651,5,2024-11-01,100
SH714569,SO500652,6,2024-11-07,100
SH714570,SO500654,6,2024-11-18,50
SH714571,SO500655,6,2024-11-29,50
SH714572,SO500655,6,2024-12-02,50
SH714573,SO500656,5,2024-12-02,100
SH714574,SO500657,6,2024-12-11,100
SH714575,SO500718,4,2024-12-19,100
SH714576,SO500659,6,2025-01-17,100
SH714577,SO500719,4,2025-01-08,50
SH714578,SO500719,4,2025-01-28,50
SH714579,SO500660,5,2025-01-14,150
SH714580,SO500720,4,2025-01-28,100
SH714581,SO500750,4,2025-02-06,50
SH714582,SO500663,6,2025-02-17,100
SH714583,SO500664,6,2025-02-24,50
SH714584,SO500664,6,2025-03-17,50
SH714585,SO500665,6,2025-03-06,50
SH714586,SO500666,6,2025-03-11,50
SH714587,SO500721,4,2025-03-20,100
SH714588,SO500722,5,2025-04-04,150
SH714589,SO500668,5,2025-04-07,100
SH714590,SO500669,6,2025-04-16,100
SH714591,SO500670,6,2025-05-16,50
SH714592,SO500671,6,2025-04-28,100
SH714593,SO500672,5,2025-05-07,100
SH714594,SO500673,6,2025-05-16,200
SH714595,SO500674,6,2025-06-12,100
SH714596,SO500675,5,2025-05-28,100
SH714597,SO500676,6,2025-06-04,100
SH714598,SO500677,5,2025-06-09,150
SH714599,SO500678,6,2025-06-17,250
SH714600,SO500679,6,2025-06-26,150
SH714601,SO500680,6,2025-07-01,250
SH714602,SO500681,6,2025-07-09,100
SH714603,SO500682,5,2025-07-16,50
SH714604,SO500723,5,2025-07-25,250
SH714605,SO500683,6,2025-07-31,250
SH714606,SO500684,6,2025-08-05,50
SH714607,SO500686,6,2025-08-21,150
SH714608,SO500687,6,2025-08-25,50
SH714609,SO500688,5,2025-09-05,100
SH714610,SO500689,6,2025-09-16,100
SH714611,SO500690,6,2025-09-19,50
SH714612,SO500692,6,2025-09-30,150
SH714613,SO500724,5,2025-10-10,100
SH714614,SO500724,5,2025-10-20,100
SH714615,SO500725,5,2025-10-13,50
SH714616,SO500725,5,2025-10-31,50
SH714617,SO500727,4,2025-10-31,200
SH714618,SO500728,5,2025-11-04,150
SH714619,SO500693,6,2025-11-10,50
SH714620,SO500729,5,2025-11-24,100
SH714621,SO500730,4,2025-11-27,100
SH714622,SO500731,5,2025-12-02,50
SH714623,SO500694,6,2025-12-10,50
SH714624,SO500732,5,2025-12-15,50
SH714625,SO500732,5,2025-12-30,100
SH714626,SO500733,5,2025-12-24,50
SH714627,SO500734,4,2025-12-29,100
SH714628,SO500735,3,2026-01-28,50
SH714629,SO500735,3,2026-02-03,100
SH714630,SO500695,6,2026-01-14,200
SH714631,SO500696,6,2026-01-23,100
SH714632,SO500697,6,2026-01-27,100
SH714633,SO500700,5,2026-02-17,150
SH714634,SO500701,6,2026-02-23,100
SH714635,SO500740,5,2026-04-03,100
SH714636,SO500741,5,2026-04-07,100
SH714637,SO500744,5,2026-05-01,200
SH714638,SO500702,6,2026-05-07,200
SH714639,SO500745,5,2026-05-15,50
SH714640,SO500703,6,2026-05-18,200
SH714641,SO500704,6,2026-05-27,150
SH714642,SO500705,6,2026-06-04,150
SH714643,SO500706,6,2026-06-12,150
SH714644,SO500707,5,2026-06-15,200
SH714645,SO500708,6,2026-06-22,150
SH714646,SO500601,7,2024-02-21,1000
SH714647,SO500602,7,2024-02-15,1000
SH714648,SO500603,7,2024-02-06,1000
SH714649,SO500604,7,2024-02-01,1000
SH714650,SO500605,7,2024-01-22,1000
SH714651,SO500606,7,2024-01-18,1000
SH714652,SO500607,7,2024-01-11,1000
SH714653,SO500608,7,2024-01-03,1000
SH714654,SO500621,4,2024-03-01,3000
SH714655,SO500622,7,2024-03-08,1000
SH714656,SO500623,7,2024-03-12,1000
SH714657,SO500624,5,2024-03-18,1000
SH714658,SO500625,7,2024-03-28,2000
SH714659,SO500627,5,2024-04-12,1000
SH714660,SO500629,7,2024-04-25,1000
SH714661,SO500630,7,2024-04-30,2000
SH714662,SO500631,7,2024-05-07,2000
SH714663,SO500632,7,2024-05-17,1000
SH714664,SO500633,7,2024-05-20,1000
SH714665,SO500634,7,2024-05-29,2000
SH714666,SO500635,6,2024-06-07,1000
SH714667,SO500636,7,2024-06-11,2000
SH714668,SO500637,6,2024-06-20,2000
SH714669,SO500638,7,2024-06-27,1000
SH714670,SO500639,7,2024-07-01,2000
SH714671,SO500640,7,2024-07-08,2000
SH714672,SO500641,6,2024-07-15,1000
SH714673,SO500642,7,2024-07-24,3000
SH714674,SO500643,5,2024-07-30,2000
SH714675,SO500644,7,2024-08-09,1000
SH714676,SO500717,6,2024-08-20,1000
SH714677,SO500717,6,2024-08-26,2000
SH714678,SO500646,6,2024-08-27,1000
SH714679,SO500647,6,2024-09-05,1000
SH714680,SO500648,7,2024-09-11,3000
SH714681,SO500650,6,2024-09-27,2000
SH714682,SO500651,6,2024-09-30,1000
SH714683,SO500652,7,2024-10-11,2000
SH714684,SO500653,5,2024-11-04,1000
SH714685,SO500654,7,2024-10-24,2000
SH714686,SO500655,7,2024-11-01,1000
SH714687,SO500656,6,2024-11-26,2000
SH714688,SO500718,5,2024-11-19,1000
SH714689,SO500659,7,2024-12-02,2000
SH714690,SO500660,6,2024-12-20,1000
SH714691,SO500661,5,2024-12-23,2000
SH714692,SO500750,5,2025-01-09,2000
SH714693,SO500662,5,2025-01-17,2000
SH714694,SO500663,7,2025-01-20,1000
SH714695,SO500664,7,2025-01-29,1000
SH714696,SO500666,7,2025-02-13,2000
SH714697,SO500721,5,2025-02-17,1000
SH714698,SO500667,6,2025-02-26,3000
SH714699,SO500722,6,2025-03-04,1000
SH714700,SO500669,7,2025-03-17,1000
SH714701,SO500670,7,2025-03-26,3000
SH714702,SO500671,7,2025-03-31,2000
SH714703,SO500672,6,2025-04-10,1000
SH714704,SO500672,6,2025-04-30,1000
SH714705,SO500674,7,2025-04-21,2000
SH714706,SO500675,6,2025-05-02,2000
SH714707,SO500676,7,2025-05-06,1000
SH714708,SO500677,6,2025-05-12,1000
SH714709,SO500677,6,2025-05-28,1000
SH714710,SO500679,7,2025-05-28,3000
SH714711,SO500680,7,2025-06-04,1000
SH714712,SO500681,7,2025-06-11,2000
SH714713,SO500682,6,2025-07-08,1000
SH714714,SO500683,7,2025-07-03,3000
SH714715,SO500685,6,2025-07-17,1000
SH714716,SO500686,7,2025-08-15,2000
SH714717,SO500687,7,2025-07-29,1000
SH714718,SO500688,6,2025-08-07,1000
SH714719,SO500689,7,2025-08-13,1000
SH714720,SO500690,7,2025-08-20,2000
SH714721,SO500691,6,2025-08-26,1000
SH714722,SO500692,7,2025-09-03,3000
SH714723,SO500724,6,2025-09-12,2000
SH714724,SO500725,6,2025-09-16,2000
SH714725,SO500726,4,2025-09-22,1000
SH714726,SO500726,4,2025-10-17,1000
SH714727,SO500727,5,2025-09-30,1000
SH714728,SO500728,6,2025-10-09,1000
SH714729,SO500693,7,2025-10-16,1000
SH714730,SO500729,6,2025-10-22,1000
SH714731,SO500730,5,2025-10-31,1000
SH714732,SO500731,6,2025-11-06,1000
SH714733,SO500733,6,2025-11-24,2000
SH714734,SO500734,5,2025-12-02,3000
SH714735,SO500695,7,2025-12-18,1000
SH714736,SO500696,7,2025-12-24,1000
SH714737,SO500697,7,2026-01-01,1000
SH714738,SO500698,5,2026-01-07,2000
SH714739,SO500699,5,2026-01-15,3000
SH714740,SO500701,7,2026-01-29,1000
SH714741,SO500736,5,2026-02-06,1000
SH714742,SO500737,4,2026-02-09,2000
SH714743,SO500739,5,2026-02-23,1000
SH714744,SO500740,6,2026-03-02,2000
SH714745,SO500741,6,2026-03-09,1000
SH714746,SO500742,5,2026-03-16,3000
SH714747,SO500743,5,2026-03-25,1000
SH714748,SO500744,6,2026-03-31,1000
SH714749,SO500702,7,2026-04-09,2000
SH714750,SO500745,6,2026-04-14,1000
SH714751,SO500703,7,2026-04-22,2000
SH714752,SO500704,7,2026-05-05,1000
SH714753,SO500707,6,2026-05-21,3000
SH714754,SO500708,7,2026-06-12,1000
SH714755,SO500746,6,2026-06-01,1000
SH714756,SO500709,7,2026-06-09,1000
SH714757,SO500709,7,2026-06-15,1000
SH714758,SO500747,6,2026-06-16,2000
SH714759,SO500748,5,2026-06-24,1000
SH714760,SO500601,8,2024-03-20,300
SH714761,SO500602,8,2024-03-14,300
SH714762,SO500603,8,2024-03-08,300
SH714763,SO500604,8,2024-02-29,300
SH714764,SO500605,8,2024-02-20,300
SH714765,SO500606,8,2024-02-13,300
SH714766,SO500607,8,2024-02-09,300
SH714767,SO500608,8,2024-01-31,300
SH714768,SO500609,5,2024-01-24,300
SH714769,SO500610,5,2024-02-01,300
SH714770,SO500611,4,2024-01-22,300
SH714771,SO500612,4,2024-01-02,300
SH714772,SO500621,5,2024-03-29,200
SH714773,SO500622,8,2024-04-01,250
SH714774,SO500623,8,2024-04-08,250
SH714775,SO500624,6,2024-04-16,250
SH714776,SO500625,8,2024-04-24,400
SH714777,SO500626,7,2024-04-30,50
SH714778,SO500627,6,2024-05-06,350
SH714779,SO500628,5,2024-05-14,450
SH714780,SO500629,8,2024-05-24,200
SH714781,SO500629,8,2024-06-07,200
SH714782,SO500630,8,2024-05-28,500
SH714783,SO500631,8,2024-06-07,300
SH714784,SO500632,8,2024-06-10,200
SH714785,SO500634,8,2024-06-28,450
SH714786,SO500635,7,2024-07-04,150
SH714787,SO500635,7,2024-07-23,100
SH714788,SO500636,8,2024-07-08,750
SH714789,SO500637,7,2024-07-16,450
SH714790,SO500638,8,2024-07-25,200
SH714791,SO500639,8,2024-08-07,500
SH714792,SO500640,8,2024-08-06,450
SH714793,SO500641,7,2024-08-15,850
SH714794,SO500642,8,2024-08-22,450
SH714795,SO500642,8,2024-09-10,300
SH714796,SO500643,6,2024-08-27,450
SH714797,SO500645,6,2024-09-09,100
SH714798,SO500717,7,2024-09-18,400
SH714799,SO500646,7,2024-09-23,600
SH714800,SO500647,7,2024-10-04,300
SH714801,SO500647,7,2024-10-11,200
SH714802,SO500648,8,2024-10-11,100
SH714803,SO500649,6,2024-10-17,200
SH714804,SO500649,6,2024-10-31,150
SH714805,SO500650,7,2024-10-21,300
SH714806,SO500651,7,2024-10-28,500
SH714807,SO500652,8,2024-11-08,200
SH714808,SO500653,6,2024-11-26,550
SH714809,SO500655,8,2024-11-29,250
SH714810,SO500656,7,2024-12-03,350
SH714811,SO500657,7,2024-12-10,50
SH714812,SO500718,6,2024-12-19,450
SH714813,SO500658,5,2024-12-23,550
SH714814,SO500659,8,2025-01-03,50
SH714815,SO500659,8,2025-01-24,50
SH714816,SO500719,5,2025-01-09,50
SH714817,SO500660,7,2025-01-15,250
SH714818,SO500661,6,2025-02-06,150
SH714819,SO500720,5,2025-01-31,100
SH714820,SO500750,6,2025-02-06,50
SH714821,SO500662,6,2025-02-12,100
SH714822,SO500663,8,2025-02-17,200
SH714823,SO500664,8,2025-02-25,350
SH714824,SO500665,7,2025-03-04,350
SH714825,SO500666,8,2025-03-10,550
SH714826,SO500721,6,2025-03-20,300
SH714827,SO500667,7,2025-03-28,500
SH714828,SO500722,7,2025-04-04,350
SH714829,SO500722,7,2025-04-11,250
SH714830,SO500668,6,2025-04-07,500
SH714831,SO500669,8,2025-04-15,550
SH714832,SO500670,8,2025-05-16,300
SH714833,SO500671,8,2025-04-29,450
SH714834,SO500672,7,2025-05-07,150
SH714835,SO500673,7,2025-05-16,400
SH714836,SO500674,8,2025-05-19,300
SH714837,SO500675,7,2025-05-27,200
SH714838,SO500675,7,2025-06-16,200
SH714839,SO500676,8,2025-06-02,100
SH714840,SO500677,7,2025-06-11,50
SH714841,SO500677,7,2025-06-30,100
SH714842,SO500678,7,2025-07-07,200
SH714843,SO500679,8,2025-06-23,100
SH714844,SO500680,8,2025-06-30,250
SH714845,SO500681,8,2025-07-10,200
SH714846,SO500681,8,2025-07-23,200
SH714847,SO500682,7,2025-07-22,400
SH714848,SO500723,6,2025-07-25,500
SH714849,SO500683,8,2025-08-01,600
SH714850,SO500684,7,2025-08-06,300
SH714851,SO500685,7,2025-08-14,1200
SH714852,SO500686,8,2025-08-20,500
SH714853,SO500687,8,2025-08-28,200
SH714854,SO500688,7,2025-09-05,50
SH714855,SO500689,8,2025-09-10,200
SH714856,SO500689,8,2025-09-23,200
SH714857,SO500691,7,2025-09-25,100
SH714858,SO500692,8,2025-10-01,250
SH714859,SO500724,7,2025-10-10,150
SH714860,SO500725,7,2025-10-14,100
SH714861,SO500726,5,2025-10-20,650
SH714862,SO500727,6,2025-10-31,350
SH714863,SO500728,7,2025-11-11,100
SH714864,SO500693,8,2025-11-10,750
SH714865,SO500729,7,2025-11-18,150
SH714866,SO500730,6,2025-11-24,150
SH714867,SO500694,7,2025-12-12,50
SH714868,SO500733,7,2025-12-24,50
SH714869,SO500734,6,2026-01-01,50
SH714870,SO500696,8,2026-01-19,350
SH714871,SO500697,8,2026-01-28,100
SH714872,SO500698,6,2026-02-05,250
SH714873,SO500698,6,2026-02-25,200
SH714874,SO500699,6,2026-02-13,100
SH714875,SO500700,6,2026-03-06,200
SH714876,SO500701,8,2026-02-23,350
SH714877,SO500736,6,2026-03-06,300
SH714878,SO500737,5,2026-03-10,350
SH714879,SO500738,4,2026-03-20,50
SH714880,SO500739,6,2026-03-26,750
SH714881,SO500740,7,2026-04-09,500
SH714882,SO500741,7,2026-04-09,150
SH714883,SO500742,6,2026-04-13,500
SH714884,SO500743,6,2026-04-20,250
SH714885,SO500744,7,2026-04-27,350
SH714886,SO500702,8,2026-05-08,300
SH714887,SO500745,7,2026-05-12,350
SH714888,SO500703,8,2026-05-19,100
SH714889,SO500704,8,2026-05-29,400
SH714890,SO500705,7,2026-06-03,1000
SH714891,SO500706,7,2026-06-10,250
SH714892,SO500708,8,2026-06-24,350
SH714893,SO500601,9,2024-05-14,100
SH714894,SO500602,9,2024-05-07,100
SH714895,SO500603,9,2024-05-02,100
SH714896,SO500604,9,2024-04-26,100
SH714897,SO500605,9,2024-04-18,100
SH714898,SO500606,9,2024-04-10,100
SH714899,SO500607,9,2024-04-02,100
SH714900,SO500608,9,2024-04-05,100
SH714901,SO500609,6,2024-03-20,100
SH714902,SO500610,6,2024-03-12,100
SH714903,SO500611,5,2024-03-08,100
SH714904,SO500612,5,2024-02-29,100
SH714905,SO500613,2,2024-02-21,100
SH714906,SO500614,2,2024-02-14,100
SH714907,SO500615,2,2024-02-08,50
SH714908,SO500615,2,2024-02-21,50
SH714909,SO500616,2,2024-01-29,100
SH714910,SO500617,2,2024-01-24,50
SH714911,SO500617,2,2024-02-14,50
SH714912,SO500618,2,2024-01-18,100
SH714913,SO500619,2,2024-01-10,100
SH714914,SO500620,2,2024-01-04,100
SH714915,SO500621,6,2024-05-24,250
SH714916,SO500623,9,2024-06-04,100
SH714917,SO500624,7,2024-06-12,100
SH714918,SO500627,7,2024-07-01,150
SH714919,SO500628,6,2024-07-08,50
SH714920,SO500629,9,2024-07-15,100
SH714921,SO500630,9,2024-08-13,150
SH714922,SO500631,9,2024-08-01,50
SH714923,SO500633,8,2024-08-13,150
SH714924,SO500634,9,2024-08-20,400
SH714925,SO500635,8,2024-08-26,50
SH714926,SO500636,9,2024-09-05,200
SH714927,SO500637,8,2024-09-12,200
SH714928,SO500638,9,2024-09-20,400
SH714929,SO500639,9,2024-09-25,50
SH714930,SO500639,9,2024-10-09,50
SH714931,SO500640,9,2024-10-02,200
SH714932,SO500641,8,2024-10-10,300
SH714933,SO500643,7,2024-10-21,200
SH714934,SO500644,8,2024-10-28,200
SH714935,SO500646,8,2024-11-21,200
SH714936,SO500647,8,2024-11-26,250
SH714937,SO500649,7,2024-12-10,100
SH714938,SO500650,8,2024-12-20,100
SH714939,SO500651,8,2024-12-27,50
SH714940,SO500652,9,2025-01-01,200
SH714941,SO500653,7,2025-01-07,50
SH714942,SO500653,7,2025-01-23,100
SH714943,SO500654,8,2025-01-13,250
SH714944,SO500655,9,2025-01-24,100
SH714945,SO500656,8,2025-01-31,200
SH714946,SO500657,8,2025-02-04,50
SH714947,SO500658,6,2025-02-18,250
SH714948,SO500659,9,2025-02-28,100
SH714949,SO500661,7,2025-03-21,100
SH714950,SO500720,6,2025-03-25,100
SH714951,SO500750,7,2025-04-01,150
SH714952,SO500662,7,2025-04-28,150
SH714953,SO500663,9,2025-04-18,100
SH714954,SO500664,9,2025-04-24,150
SH714955,SO500665,8,2025-04-28,150
SH714956,SO500666,9,2025-05-05,150
SH714957,SO500721,7,2025-05-13,50
SH714958,SO500667,8,2025-05-20,50
SH714959,SO500722,8,2025-05-29,150
SH714960,SO500668,7,2025-06-02,200
SH714961,SO500669,9,2025-06-11,100
SH714962,SO500669,9,2025-06-25,100
SH714963,SO500670,9,2025-06-19,300
SH714964,SO500671,9,2025-06-24,50
SH714965,SO500672,8,2025-07-01,100
SH714966,SO500673,8,2025-07-09,200
SH714967,SO500674,9,2025-07-17,450
SH714968,SO500675,8,2025-07-23,100
SH714969,SO500677,8,2025-11-03,50
SH714970,SO500679,9,2025-12-01,350
SH714971,SO500680,9,2025-08-28,500
SH714972,SO500681,9,2025-09-02,100
SH714973,SO500682,8,2025-09-12,150
SH714974,SO500723,7,2025-12-25,300
SH714975,SO500683,9,2025-12-25,250
SH714976,SO500684,8,2025-12-15,500
SH714977,SO500685,8,2025-12-22,150
SH714978,SO500686,9,2026-01-23,50
SH714979,SO500687,9,2025-10-21,150
SH714980,SO500688,8,2026-01-22,250
SH714981,SO500690,8,2025-12-10,50
SH714982,SO500691,8,2025-11-19,150
SH714983,SO500730,7,2026-01-21,150
SH714984,SO500694,8,2026-04-20,200
SH714985,SO500741,8,2026-06-01,100
SH714986,SO500742,7,2026-06-12,50
SH714987,SO500743,7,2026-06-17,100
SH714988,SO500601,10,2024-03-21,3500
SH714989,SO500602,10,2024-02-28,3500
SH714990,SO500603,10,2024-02-23,2000
SH714991,SO500603,10,2024-03-01,1500
SH714992,SO500604,10,2024-02-12,3500
SH714993,SO500605,10,2024-02-07,3500
SH714994,SO500606,10,2024-02-01,3500
SH714995,SO500607,10,2024-01-23,3500
SH714996,SO500608,10,2024-01-17,3500
SH714997,SO500609,7,2024-01-16,3500
SH714998,SO500610,7,2024-01-02,3500
SH714999,SO500621,7,2024-03-15,3000
SH715000,SO500622,9,2024-03-22,1500
SH715001,SO500623,10,2024-03-29,1000
SH715002,SO500624,8,2024-04-03,500
SH715003,SO500625,9,2024-04-10,2000
SH715004,SO500625,9,2024-04-24,1500
SH715005,SO500626,8,2024-04-17,2000
SH715006,SO500627,8,2024-04-22,5000
SH715007,SO500628,7,2024-05-03,5000
SH715008,SO500629,10,2024-05-07,3000
SH715009,SO500630,10,2024-05-15,2000
SH715010,SO500630,10,2024-05-21,2000
SH715011,SO500631,10,2024-05-20,4000
SH715012,SO500631,10,2024-06-06,3000
SH715013,SO500632,9,2024-05-27,5500
SH715014,SO500633,9,2024-06-04,3500
SH715015,SO500634,10,2024-06-13,2000
SH715016,SO500635,9,2024-06-17,3000
SH715017,SO500636,10,2024-06-26,3000
SH715018,SO500637,9,2024-07-10,3000
SH715019,SO500638,10,2024-07-12,4000
SH715020,SO500640,10,2024-07-25,4000
SH715021,SO500642,9,2024-08-08,6000
SH715022,SO500643,8,2024-08-14,2500
SH715023,SO500644,9,2024-08-21,6500
SH715024,SO500645,7,2024-08-28,8000
SH715025,SO500717,8,2024-09-06,2000
SH715026,SO500646,9,2024-09-13,7000
SH715027,SO500647,9,2024-09-18,2500
SH715028,SO500648,9,2024-09-27,5000
SH715029,SO500649,8,2024-09-30,1500
SH715030,SO500649,8,2024-10-25,1000
SH715031,SO500650,9,2024-10-09,7000
SH715032,SO500651,9,2024-10-15,1000
SH715033,SO500652,10,2024-10-24,500
SH715034,SO500652,10,2024-10-28,500
SH715035,SO500653,8,2024-11-07,2000
SH715036,SO500655,10,2024-11-14,3000
SH715037,SO500656,9,2024-11-21,3000
SH715038,SO500657,9,2024-11-27,5000
SH715039,SO500658,7,2024-12-09,5000
SH715040,SO500659,10,2024-12-17,1500
SH715041,SO500719,6,2025-01-10,3500
SH715042,SO500660,8,2025-01-03,3000
SH715043,SO500660,8,2025-01-10,2500
SH715044,SO500661,8,2025-01-06,4500
SH715045,SO500750,8,2025-01-23,4500
SH715046,SO500662,8,2025-01-29,2500
SH715047,SO500663,10,2025-02-07,500
SH715048,SO500664,10,2025-02-11,1500
SH715049,SO500665,9,2025-02-21,3000
SH715050,SO500721,8,2025-03-04,2000
SH715051,SO500667,9,2025-03-10,3500
SH715052,SO500722,9,2025-03-18,500
SH715053,SO500668,8,2025-03-27,3000
SH715054,SO500668,8,2025-04-08,2500
SH715055,SO500669,10,2025-03-31,4500
SH715056,SO500670,10,2025-04-09,4500
SH715057,SO500671,10,2025-04-14,7500
SH715058,SO500672,9,2025-04-25,3500
SH715059,SO500673,9,2025-05-01,2000
SH715060,SO500673,9,2025-05-22,1500
SH715061,SO500674,10,2025-05-14,6500
SH715062,SO500675,9,2025-05-12,7500
SH715063,SO500677,9,2025-05-27,2500
SH715064,SO500678,8,2025-06-06,6000
SH715065,SO500679,10,2025-06-12,500
SH715066,SO500680,10,2025-06-20,5500
SH715067,SO500681,10,2025-06-27,3000
SH715068,SO500682,9,2025-06-30,2500
SH715069,SO500683,10,2025-07-16,2000
SH715070,SO500684,9,2025-07-24,5000
SH715071,SO500685,9,2025-07-29,1500
SH715072,SO500686,10,2025-08-12,3000
SH715073,SO500686,10,2025-08-22,2000
SH715074,SO500687,10,2025-08-12,1500
SH715075,SO500688,9,2025-08-21,5000
SH715076,SO500689,9,2025-08-25,7500
SH715077,SO500690,9,2025-09-02,10000
SH715078,SO500691,9,2025-09-11,5500
SH715079,SO500692,9,2025-09-16,4000
SH715080,SO500724,8,2025-09-25,3000
SH715081,SO500725,8,2025-09-30,2500
SH715082,SO500726,6,2025-10-14,6500
SH715083,SO500727,7,2025-10-15,2500
SH715084,SO500728,8,2025-10-23,5000
SH715085,SO500730,8,2025-12-04,1500
SH715086,SO500731,7,2025-11-20,5500
SH715087,SO500694,9,2025-11-25,5000
SH715088,SO500735,4,2025-12-26,4000
SH715089,SO500695,8,2025-12-31,3500
SH715090,SO500696,9,2026-01-08,500
SH715091,SO500697,9,2026-01-12,2500
SH715092,SO500698,7,2026-01-21,1500
SH715093,SO500699,7,2026-01-28,4000
SH715094,SO500700,7,2026-02-05,5000
SH715095,SO500701,9,2026-02-12,4000
SH715096,SO500736,7,2026-02-20,2000
SH715097,SO500737,6,2026-02-26,4500
SH715098,SO500738,5,2026-03-02,7500
SH715099,SO500739,8,2026-03-12,2000
SH715100,SO500740,8,2026-03-17,2500
SH715101,SO500741,9,2026-03-27,4500
SH715102,SO500742,8,2026-04-02,2500
SH715103,SO500743,8,2026-04-07,4000
SH715104,SO500744,9,2026-04-15,4000
SH715105,SO500702,9,2026-04-24,3500
SH715106,SO500745,9,2026-04-29,2500
SH715107,SO500703,9,2026-05-04,4000
SH715108,SO500704,10,2026-05-11,6000
SH715109,SO500705,9,2026-05-22,4000
SH715110,SO500706,9,2026-05-27,9000
SH715111,SO500707,9,2026-06-25,500
SH715112,SO500708,10,2026-06-10,5000
SH715113,SO500746,9,2026-06-15,5500
SH715114,SO500709,9,2026-06-26,8000
SH715115,SO500601,11,2024-03-20,500
SH715116,SO500602,11,2024-04-01,500
SH715117,SO500603,11,2024-03-21,300
SH715118,SO500603,11,2024-03-26,200
SH715119,SO500604,11,2024-03-01,500
SH715120,SO500605,11,2024-02-23,500
SH715121,SO500606,11,2024-02-12,500
SH715122,SO500607,11,2024-02-15,500
SH715123,SO500608,11,2024-02-01,500
SH715124,SO500609,8,2024-01-26,500
SH715125,SO500610,8,2024-01-16,500
SH715126,SO500611,6,2024-01-10,500
SH715127,SO500612,6,2024-01-01,300
SH715128,SO500612,6,2024-01-18,200
SH715129,SO500621,8,2024-03-28,50
SH715130,SO500622,10,2024-04-03,350
SH715131,SO500623,11,2024-04-09,350
SH715132,SO500624,9,2024-04-16,600
SH715133,SO500625,10,2024-04-23,250
SH715134,SO500626,9,2024-04-29,400
SH715135,SO500627,9,2024-05-08,650
SH715136,SO500628,8,2024-05-17,50
SH715137,SO500629,11,2024-05-22,1150
SH715138,SO500630,11,2024-05-30,400
SH715139,SO500631,11,2024-06-05,950
SH715140,SO500632,10,2024-06-12,900
SH715141,SO500633,10,2024-06-18,600
SH715142,SO500634,11,2024-06-24,600
SH715143,SO500634,11,2024-07-02,400
SH715144,SO500635,10,2024-07-16,350
SH715145,SO500636,11,2024-07-10,450
SH715146,SO500636,11,2024-07-23,300
SH715147,SO500637,10,2024-07-19,500
SH715148,SO500638,11,2024-07-24,1100
SH715149,SO500639,10,2024-08-01,150
SH715150,SO500641,9,2024-08-16,650
SH715151,SO500642,10,2024-08-22,1000
SH715152,SO500643,9,2024-08-30,700
SH715153,SO500644,10,2024-09-02,1200
SH715154,SO500645,8,2024-09-11,900
SH715155,SO500717,9,2024-09-16,700
SH715156,SO500646,10,2024-09-24,700
SH715157,SO500647,10,2024-10-18,700
SH715158,SO500648,10,2024-10-11,550
SH715159,SO500650,10,2024-10-23,600
SH715160,SO500651,10,2024-10-28,50
SH715161,SO500652,11,2024-11-07,150
SH715162,SO500653,9,2024-11-11,200
SH715163,SO500654,9,2024-11-18,250
SH715164,SO500655,11,2024-11-29,450
SH715165,SO500656,10,2024-12-05,500
SH715166,SO500657,10,2024-12-10,350
SH715167,SO500658,8,2024-12-26,150
SH715168,SO500659,11,2025-01-02,450
SH715169,SO500660,9,2025-01-15,350
SH715170,SO500750,9,2025-02-07,350
SH715171,SO500662,9,2025-02-13,700
SH715172,SO500663,11,2025-02-18,600
SH715173,SO500664,11,2025-02-24,350
SH715174,SO500665,10,2025-03-07,600
SH715175,SO500666,10,2025-03-14,900
SH715176,SO500721,9,2025-03-18,400
SH715177,SO500721,9,2025-04-11,300
SH715178,SO500667,10,2025-03-24,350
SH715179,SO500722,10,2025-04-01,950
SH715180,SO500668,9,2025-04-09,200
SH715181,SO500669,11,2025-04-14,400
SH715182,SO500670,11,2025-04-24,800
SH715183,SO500671,11,2025-04-28,450
SH715184,SO500672,10,2025-05-07,600
SH715185,SO500673,10,2025-05-15,700
SH715186,SO500674,11,2025-05-19,950
SH715187,SO500675,10,2025-06-13,300
SH715188,SO500676,9,2025-06-02,700
SH715189,SO500677,10,2025-06-11,1150
SH715190,SO500678,9,2025-06-19,600
SH715191,SO500679,11,2025-07-03,300
SH715192,SO500680,11,2025-07-01,200
SH715193,SO500681,11,2025-07-07,850
SH715194,SO500723,8,2025-07-28,250
SH715195,SO500683,11,2025-08-01,1000
SH715196,SO500684,10,2025-08-04,300
SH715197,SO500685,10,2025-08-26,300
SH715198,SO500686,11,2025-08-22,1100
SH715199,SO500687,11,2025-08-28,1450
SH715200,SO500688,10,2025-09-01,150
SH715201,SO500689,10,2025-09-09,650
SH715202,SO500690,10,2025-09-16,1300
SH715203,SO500691,10,2025-09-22,600
SH715204,SO500692,10,2025-10-01,350
SH715205,SO500724,9,2025-10-08,350
SH715206,SO500724,9,2025-10-13,250
SH715207,SO500725,9,2025-10-14,600
SH715208,SO500726,7,2025-10-23,150
SH715209,SO500727,8,2025-10-28,550
SH715210,SO500727,8,2025-11-11,400
SH715211,SO500728,9,2025-11-13,450
SH715212,SO500729,8,2025-11-21,750
SH715213,SO500730,9,2025-11-24,650
SH715214,SO500731,8,2025-12-04,500
SH715215,SO500731,8,2025-12-25,400
SH715216,SO500694,10,2025-12-09,250
SH715217,SO500732,6,2025-12-15,50
SH715218,SO500734,7,2025-12-30,350
SH715219,SO500735,5,2026-01-08,750
SH715220,SO500698,8,2026-02-05,600
SH715221,SO500699,8,2026-02-09,250
SH715222,SO500700,8,2026-02-18,650
SH715223,SO500701,10,2026-02-25,700
SH715224,SO500736,8,2026-03-06,100
SH715225,SO500738,6,2026-03-17,250
SH715226,SO500739,9,2026-03-26,400
SH715227,SO500741,10,2026-04-09,650
SH715228,SO500742,9,2026-04-17,350
SH715229,SO500742,9,2026-05-06,300
SH715230,SO500743,9,2026-04-23,700
SH715231,SO500744,10,2026-04-27,350
SH715232,SO500702,10,2026-05-07,850
SH715233,SO500745,10,2026-05-29,1050
SH715234,SO500703,10,2026-05-22,300
SH715235,SO500704,11,2026-05-29,1400
SH715236,SO500705,10,2026-06-23,650
SH715237,SO500706,10,2026-06-08,600
SH715238,SO500707,10,2026-06-19,150
SH715239,SO500708,11,2026-06-25,450
SH715240,SO500601,12,2024-03-19,500
SH715241,SO500602,12,2024-03-13,500
SH715242,SO500603,12,2024-03-07,500
SH715243,SO500604,12,2024-02-28,500
SH715244,SO500605,12,2024-02-19,250
SH715245,SO500605,12,2024-03-14,250
SH715246,SO500606,12,2024-02-14,500
SH715247,SO500607,12,2024-02-09,250
SH715248,SO500607,12,2024-03-01,250
SH715249,SO500608,12,2024-02-02,500
SH715250,SO500609,9,2024-01-23,500
SH715251,SO500610,9,2024-01-16,500
SH715252,SO500611,7,2024-01-12,500
SH715253,SO500612,7,2024-01-03,500
SH715254,SO500621,9,2024-03-28,1750
SH715255,SO500622,11,2024-04-05,500
SH715256,SO500623,12,2024-04-09,500
SH715257,SO500624,10,2024-04-16,250
SH715258,SO500625,11,2024-04-25,500
SH715259,SO500626,10,2024-05-02,750
SH715260,SO500628,9,2024-05-17,250
SH715261,SO500630,12,2024-05-28,250
SH715262,SO500631,12,2024-06-07,500
SH715263,SO500632,11,2024-06-14,750
SH715264,SO500633,11,2024-06-21,500
SH715265,SO500634,12,2024-06-24,250
SH715266,SO500635,11,2024-07-03,1250
SH715267,SO500636,12,2024-07-11,750
SH715268,SO500637,11,2024-07-18,750
SH715269,SO500638,12,2024-07-25,500
SH715270,SO500639,11,2024-07-30,1000
SH715271,SO500640,11,2024-08-09,750
SH715272,SO500640,11,2024-08-28,500
SH715273,SO500641,10,2024-08-12,1000
SH715274,SO500642,11,2024-08-22,750
SH715275,SO500643,10,2024-08-29,500
SH715276,SO500644,11,2024-09-05,750
SH715277,SO500645,9,2024-09-10,250
SH715278,SO500717,10,2024-09-16,1250
SH715279,SO500646,11,2024-09-23,750
SH715280,SO500646,11,2024-10-10,750
SH715281,SO500647,11,2024-10-04,500
SH715282,SO500648,11,2024-10-09,250
SH715283,SO500649,9,2024-10-18,1500
SH715284,SO500650,11,2024-10-22,250
SH715285,SO500651,11,2024-10-30,500
SH715286,SO500652,12,2024-11-04,750
SH715287,SO500653,10,2024-11-14,250
SH715288,SO500656,11,2024-12-02,250
SH715289,SO500657,11,2024-12-09,1000
SH715290,SO500658,9,2024-12-24,750
SH715291,SO500659,12,2025-01-03,500
SH715292,SO500719,7,2025-01-06,250
SH715293,SO500660,10,2025-01-15,500
SH715294,SO500661,9,2025-01-20,1000
SH715295,SO500720,7,2025-02-19,250
SH715296,SO500662,10,2025-02-10,1000
SH715297,SO500663,12,2025-02-19,250
SH715298,SO500664,12,2025-02-27,500
SH715299,SO500665,11,2025-03-04,750
SH715300,SO500666,11,2025-03-10,500
SH715301,SO500721,10,2025-03-17,250
SH715302,SO500667,11,2025-04-17,500
SH715303,SO500722,11,2025-04-03,1000
SH715304,SO500668,10,2025-04-08,250
SH715305,SO500669,12,2025-04-16,1000
SH715306,SO500670,12,2025-04-22,750
SH715307,SO500671,12,2025-05-01,250
SH715308,SO500672,11,2025-05-09,250
SH715309,SO500673,11,2025-05-14,500
SH715310,SO500674,12,2025-05-19,750
SH715311,SO500675,11,2025-05-29,1000
SH715312,SO500676,10,2025-06-05,1250
SH715313,SO500677,11,2025-06-13,750
SH715314,SO500678,10,2025-06-16,1250
SH715315,SO500679,12,2025-06-23,1500
SH715316,SO500680,12,2025-07-09,1500
SH715317,SO500681,12,2025-07-07,1000
SH715318,SO500682,10,2025-07-15,250
SH715319,SO500682,10,2025-07-21,250
SH715320,SO500685,11,2025-08-15,250
SH715321,SO500686,12,2025-08-18,500
SH715322,SO500687,12,2025-08-25,250
SH715323,SO500687,12,2025-09-16,500
SH715324,SO500688,11,2025-09-01,750
SH715325,SO500689,11,2025-09-12,1250
SH715326,SO500690,11,2025-09-17,1000
SH715327,SO500691,11,2025-09-24,500
SH715328,SO500692,11,2025-10-17,1750
SH715329,SO500724,10,2025-10-09,1250
SH715330,SO500725,10,2025-10-24,750
SH715331,SO500726,8,2025-10-20,250
SH715332,SO500727,9,2025-10-27,1500
SH715333,SO500728,10,2025-11-07,250
SH715334,SO500693,9,2025-11-12,1000
SH715335,SO500729,9,2025-11-17,1500
SH715336,SO500730,10,2025-11-27,250
SH715337,SO500694,11,2025-12-12,250
SH715338,SO500732,7,2025-12-18,500
SH715339,SO500734,8,2025-12-29,250
SH715340,SO500735,6,2026-01-05,250
SH715341,SO500696,10,2026-01-22,250
SH715342,SO500697,10,2026-01-27,250
SH715343,SO500698,9,2026-02-06,500
SH715344,SO500699,9,2026-02-09,750
SH715345,SO500700,9,2026-02-16,500
SH715346,SO500701,11,2026-02-26,250
SH715347,SO500736,9,2026-03-10,500
SH715348,SO500737,7,2026-03-30,250
SH715349,SO500738,7,2026-03-17,250
SH715350,SO500739,10,2026-03-25,500
SH715351,SO500740,9,2026-04-02,500
SH715352,SO500741,11,2026-04-10,750
SH715353,SO500742,10,2026-04-14,250
SH715354,SO500743,10,2026-04-22,250
SH715355,SO500744,11,2026-04-29,1250
SH715356,SO500702,11,2026-05-04,1000
SH715357,SO500745,11,2026-05-15,750
SH715358,SO500703,11,2026-05-19,750
SH715359,SO500704,12,2026-05-25,1250
SH715360,SO500705,11,2026-06-03,750
SH715361,SO500706,11,2026-06-10,1250
SH715362,SO500707,11,2026-06-19,750
SH715363,SO500708,12,2026-06-26,750
SH715364,SO500601,13,2024-05-16,250
SH715365,SO500602,13,2024-05-07,250
SH715366,SO500603,13,2024-05-03,250
SH715367,SO500604,13,2024-04-25,250
SH715368,SO500605,13,2024-04-18,250
SH715369,SO500606,13,2024-04-10,250
SH715370,SO500607,13,2024-04-04,250
SH715371,SO500608,13,2024-03-25,250
SH715372,SO500609,10,2024-03-19,250
SH715373,SO500610,10,2024-03-13,250
SH715374,SO500611,8,2024-03-08,250
SH715375,SO500612,8,2024-03-01,250
SH715376,SO500613,3,2024-02-19,250
SH715377,SO500614,3,2024-02-13,250
SH715378,SO500615,3,2024-02-09,250
SH715379,SO500616,3,2024-01-30,250
SH715380,SO500617,3,2024-01-25,250
SH715381,SO500618,3,2024-01-19,250
SH715382,SO500619,3,2024-01-10,250
SH715383,SO500620,3,2024-01-04,250
SH715384,SO500621,10,2024-05-21,300
SH715385,SO500622,12,2024-05-27,400
SH715386,SO500623,13,2024-06-07,250
SH715387,SO500624,11,2024-06-13,450
SH715388,SO500626,11,2024-07-17,300
SH715389,SO500627,10,2024-07-02,400
SH715390,SO500628,10,2024-07-10,250
SH715391,SO500629,12,2024-07-17,350
SH715392,SO500631,13,2024-07-29,400
SH715393,SO500632,12,2024-08-09,350
SH715394,SO500633,12,2024-08-16,400
SH715395,SO500634,13,2024-08-21,500
SH715396,SO500635,12,2024-08-30,200
SH715397,SO500636,13,2024-09-04,250
SH715398,SO500637,12,2024-09-13,650
SH715399,SO500638,13,2024-09-16,300
SH715400,SO500639,12,2024-09-25,350
SH715401,SO500641,11,2024-10-09,250
SH715402,SO500642,12,2024-10-16,200
SH715403,SO500643,11,2024-10-23,650
SH715404,SO500644,12,2024-10-30,150
SH715405,SO500645,10,2024-11-14,450
SH715406,SO500717,11,2024-11-11,550
SH715407,SO500717,11,2024-11-26,400
SH715408,SO500646,12,2024-11-19,400
SH715409,SO500647,12,2024-11-25,550
SH715410,SO500648,12,2024-12-04,550
SH715411,SO500649,10,2024-12-09,100
SH715412,SO500650,12,2024-12-17,150
SH715413,SO500651,12,2024-12-24,700
SH715414,SO500652,13,2025-01-01,1250
SH715415,SO500653,11,2025-01-06,400
SH715416,SO500654,10,2025-01-13,200
SH715417,SO500655,12,2025-01-21,100
SH715418,SO500656,12,2025-01-28,200
SH715419,SO500656,12,2025-02-13,150
SH715420,SO500657,12,2025-02-07,500
SH715421,SO500718,7,2025-02-11,300
SH715422,SO500750,10,2025-04-01,250
SH715423,SO500663,13,2025-04-15,550
SH715424,SO500664,13,2025-04-25,500
SH715425,SO500665,12,2025-04-28,200
SH715426,SO500666,12,2025-05-07,400
SH715427,SO500721,11,2025-05-12,250
SH715428,SO500667,12,2025-05-23,400
SH715429,SO500722,12,2025-06-11,150
SH715430,SO500668,11,2025-06-06,450
SH715431,SO500669,13,2025-06-13,250
SH715432,SO500670,13,2025-06-20,700
SH715433,SO500671,13,2025-06-26,1150
SH715434,SO500672,12,2025-06-30,600
SH715435,SO500673,12,2025-07-11,350
SH715436,SO500673,12,2025-07-25,250
SH715437,SO500674,13,2025-07-16,100
SH715438,SO500675,12,2025-07-22,400
SH715439,SO500676,11,2025-07-30,350
SH715440,SO500677,12,2025-08-07,100
SH715441,SO500678,11,2025-08-13,500
SH715442,SO500682,11,2025-11-05,400
SH715443,SO500723,9,2025-09-19,800
SH715444,SO500683,12,2025-10-22,350
SH715445,SO500684,11,2025-10-01,600
SH715446,SO500685,12,2025-10-09,500
SH715447,SO500686,13,2025-10-15,1100
SH715448,SO500687,13,2026-01-06,650
SH715449,SO500688,12,2025-10-27,450
SH715450,SO500689,12,2025-11-07,400
SH715451,SO500690,12,2025-11-12,50
SH715452,SO500691,12,2025-11-19,500
SH715453,SO500694,12,2026-03-31,350
SH715454,SO500732,8,2026-02-09,300
SH715455,SO500699,10,2026-04-07,150
SH715456,SO500700,10,2026-04-15,300
SH715457,SO500701,12,2026-04-20,100
SH715458,SO500736,10,2026-04-27,350
SH715459,SO500744,12,2026-06-24,50
SH715460,SO500601,14,2024-04-16,40
SH715461,SO500602,14,2024-04-11,40
SH715462,SO500603,14,2024-04-05,40
SH715463,SO500604,14,2024-03-27,40
SH715464,SO500605,14,2024-03-22,40
SH715465,SO500606,14,2024-03-15,40
SH715466,SO500607,14,2024-03-04,40
SH715467,SO500608,14,2024-03-04,40
SH715468,SO500609,11,2024-02-27,40
SH715469,SO500610,11,2024-02-26,40
SH715470,SO500611,9,2024-02-09,40
SH715471,SO500612,9,2024-01-31,40
SH715472,SO500613,4,2024-01-24,40
SH715473,SO500614,4,2024-01-16,40
SH715474,SO500615,4,2024-01-09,40
SH715475,SO500616,4,2024-01-02,40
SH715476,SO500621,11,2024-04-23,80
SH715477,SO500622,13,2024-04-30,90
SH715478,SO500623,14,2024-05-10,40
SH715479,SO500624,12,2024-05-16,10
SH715480,SO500625,12,2024-05-20,40
SH715481,SO500625,12,2024-06-14,30
SH715482,SO500626,12,2024-05-31,40
SH715483,SO500627,11,2024-06-04,30
SH715484,SO500628,11,2024-06-11,20
SH715485,SO500629,13,2024-07-11,40
SH715486,SO500630,13,2024-06-25,40
SH715487,SO500631,14,2024-07-04,40
SH715488,SO500632,13,2024-07-08,80
SH715489,SO500633,13,2024-07-18,10
SH715490,SO500634,14,2024-07-23,110
SH715491,SO500635,13,2024-08-01,40
SH715492,SO500636,14,2024-08-06,50
SH715493,SO500637,13,2024-08-14,50
SH715494,SO500639,13,2024-09-17,90
SH715495,SO500640,12,2024-09-04,90
SH715496,SO500641,12,2024-09-10,100
SH715497,SO500642,13,2024-09-19,50
SH715498,SO500643,12,2024-09-25,40
SH715499,SO500644,13,2024-10-01,90
SH715500,SO500645,11,2024-10-16,130
SH715501,SO500717,12,2024-10-24,70
SH715502,SO500646,13,2024-10-23,90
SH715503,SO500647,13,2024-10-31,30
SH715504,SO500648,13,2024-11-08,30
SH715505,SO500650,13,2024-11-21,40
SH715506,SO500650,13,2024-12-10,30
SH715507,SO500651,13,2024-11-29,90
SH715508,SO500653,12,2024-12-10,120
SH715509,SO500654,11,2024-12-18,10
SH715510,SO500655,13,2024-12-24,90
SH715511,SO500656,13,2025-01-24,50
SH715512,SO500657,13,2025-01-09,10
SH715513,SO500718,8,2025-01-14,30
SH715514,SO500659,13,2025-01-29,20
SH715515,SO500720,8,2025-02-28,130
SH715516,SO500750,11,2025-03-05,90
SH715517,SO500662,11,2025-03-11,50
SH715518,SO500664,14,2025-03-27,130
SH715519,SO500665,13,2025-03-31,110
SH715520,SO500666,13,2025-04-08,50
SH715521,SO500721,12,2025-04-18,40
SH715522,SO500668,12,2025-05-06,30
SH715523,SO500669,14,2025-05-15,130
SH715524,SO500670,14,2025-05-23,20
SH715525,SO500671,14,2025-05-30,30
SH715526,SO500672,13,2025-06-02,90
SH715527,SO500673,13,2025-06-09,50
SH715528,SO500674,14,2025-06-17,120
SH715529,SO500675,13,2025-06-25,60
SH715530,SO500676,12,2025-07-01,70
SH715531,SO500677,13,2025-07-07,80
SH715532,SO500678,12,2025-07-15,80
SH715533,SO500679,13,2025-07-24,60
SH715534,SO500680,13,2025-07-29,30
SH715535,SO500681,13,2025-08-05,100
SH715536,SO500682,12,2025-08-15,100
SH715537,SO500723,10,2025-08-22,130
SH715538,SO500683,13,2025-08-25,50
SH715539,SO500684,12,2025-09-15,20
SH715540,SO500685,13,2025-09-08,20
SH715541,SO500686,14,2025-09-17,90
SH715542,SO500686,14,2025-10-08,60
SH715543,SO500687,14,2025-09-25,90
SH715544,SO500688,13,2025-10-03,50
SH715545,SO500689,13,2025-10-07,30
SH715546,SO500690,13,2025-10-16,60
SH715547,SO500691,13,2025-10-23,90
SH715548,SO500692,12,2025-11-13,10
SH715549,SO500692,12,2025-11-17,20
SH715550,SO500724,11,2025-11-05,30
SH715551,SO500727,10,2025-11-28,10
SH715552,SO500695,9,2026-02-11,50
SH715553,SO500696,11,2026-02-17,40
SH715554,SO500697,11,2026-02-24,20
SH715555,SO500698,10,2026-03-04,30
SH715556,SO500699,11,2026-03-12,10
SH715557,SO500700,11,2026-03-19,30
SH715558,SO500736,11,2026-03-31,60
SH715559,SO500738,8,2026-04-14,50
SH715560,SO500740,10,2026-04-30,10
SH715561,SO500740,10,2026-05-04,10
SH715562,SO500742,11,2026-05-12,70
SH715563,SO500743,12,2026-05-20,30
SH715564,SO500744,13,2026-05-26,20
SH715565,SO500702,13,2026-06-02,40
SH715566,SO500745,13,2026-06-10,10
SH715567,SO500703,13,2026-06-15,30
SH715568,SO500704,14,2026-06-25,40
SH715569,SO500601,15,2024-03-22,400
SH715570,SO500602,15,2024-03-14,400
SH715571,SO500603,15,2024-03-05,400
SH715572,SO500604,15,2024-03-01,400
SH715573,SO500605,15,2024-02-21,400
SH715574,SO500606,15,2024-02-15,400
SH715575,SO500607,15,2024-02-05,400
SH715576,SO500608,15,2024-02-01,400
SH715577,SO500609,12,2024-01-23,200
SH715578,SO500609,12,2024-02-07,200
SH715579,SO500610,12,2024-01-17,200
SH715580,SO500610,12,2024-01-31,200
SH715581,SO500611,10,2024-01-10,400
SH715582,SO500612,10,2024-01-01,400
SH715583,SO500621,12,2024-03-26,400
SH715584,SO500622,14,2024-04-02,750
SH715585,SO500623,15,2024-04-12,200
SH715586,SO500623,15,2024-04-26,150
SH715587,SO500624,13,2024-04-15,100
SH715588,SO500625,13,2024-04-26,400
SH715589,SO500626,13,2024-05-01,300
SH715590,SO500627,12,2024-05-17,750
SH715591,SO500628,12,2024-05-13,300
SH715592,SO500629,14,2024-05-22,450
SH715593,SO500630,14,2024-06-07,450
SH715594,SO500631,15,2024-06-07,300
SH715595,SO500632,14,2024-06-10,400
SH715596,SO500633,14,2024-06-27,550
SH715597,SO500634,15,2024-06-27,600
SH715598,SO500636,15,2024-07-11,50
SH715599,SO500636,15,2024-07-24,100
SH715600,SO500637,14,2024-07-16,400
SH715601,SO500637,14,2024-07-22,300
SH715602,SO500638,14,2024-07-23,400
SH715603,SO500639,14,2024-08-02,800
SH715604,SO500640,13,2024-08-09,1000
SH715605,SO500641,13,2024-08-16,550
SH715606,SO500642,14,2024-08-20,450
SH715607,SO500643,13,2024-08-29,900
SH715608,SO500644,14,2024-09-06,850
SH715609,SO500645,12,2024-09-12,100
SH715610,SO500717,13,2024-09-20,500
SH715611,SO500646,14,2024-09-24,550
SH715612,SO500648,14,2024-10-07,550
SH715613,SO500648,14,2024-11-01,400
SH715614,SO500649,11,2024-10-18,400
SH715615,SO500650,14,2024-10-22,550
SH715616,SO500651,14,2024-10-31,150
SH715617,SO500652,14,2024-11-05,900
SH715618,SO500653,13,2024-11-14,700
SH715619,SO500654,12,2024-11-22,50
SH715620,SO500655,14,2024-11-27,600
SH715621,SO500657,14,2024-12-09,100
SH715622,SO500718,9,2024-12-18,150
SH715623,SO500658,10,2024-12-26,400
SH715624,SO500659,14,2024-12-30,50
SH715625,SO500659,14,2025-01-06,50
SH715626,SO500660,11,2025-01-17,450
SH715627,SO500661,10,2025-01-20,150
SH715628,SO500720,9,2025-01-29,300
SH715629,SO500750,12,2025-02-07,300
SH715630,SO500662,12,2025-02-13,550
SH715631,SO500663,14,2025-02-20,100
SH715632,SO500664,15,2025-02-26,50
SH715633,SO500665,14,2025-03-06,550
SH715634,SO500666,14,2025-03-11,50
SH715635,SO500666,14,2025-03-18,50
SH715636,SO500721,13,2025-03-21,600
SH715637,SO500667,13,2025-03-26,750
SH715638,SO500722,13,2025-03-31,500
SH715639,SO500722,13,2025-04-11,350
SH715640,SO500668,13,2025-04-10,450
SH715641,SO500669,15,2025-04-15,400
SH715642,SO500670,15,2025-04-21,900
SH715643,SO500671,15,2025-04-29,300
SH715644,SO500672,14,2025-05-07,300
SH715645,SO500673,14,2025-05-13,450
SH715646,SO500674,15,2025-05-20,100
SH715647,SO500675,14,2025-05-26,200
SH715648,SO500676,13,2025-06-02,450
SH715649,SO500677,14,2025-06-12,850
SH715650,SO500678,13,2025-06-20,200
SH715651,SO500679,14,2025-06-30,600
SH715652,SO500680,14,2025-07-01,950
SH715653,SO500681,14,2025-07-07,200
SH715654,SO500682,13,2025-07-18,150
SH715655,SO500682,13,2025-07-22,100
SH715656,SO500723,11,2025-07-22,400
SH715657,SO500683,14,2025-07-29,300
SH715658,SO500684,13,2025-08-05,300
SH715659,SO500685,14,2025-08-11,1200
SH715660,SO500686,15,2025-08-19,300
SH715661,SO500687,15,2025-09-09,250
SH715662,SO500688,14,2025-09-01,400
SH715663,SO500689,14,2025-09-11,750
SH715664,SO500690,14,2025-09-16,700
SH715665,SO500691,14,2025-09-23,650
SH715666,SO500692,13,2025-09-30,500
SH715667,SO500726,9,2025-10-23,600
SH715668,SO500727,11,2025-11-13,900
SH715669,SO500728,11,2025-11-04,100
SH715670,SO500693,10,2025-11-10,100
SH715671,SO500730,11,2025-11-24,400
SH715672,SO500731,9,2025-12-02,50
SH715673,SO500694,13,2025-12-11,650
SH715674,SO500734,9,2026-01-01,350
SH715675,SO500735,7,2026-01-06,300
SH715676,SO500735,7,2026-01-21,200
SH715677,SO500695,10,2026-01-16,300
SH715678,SO500697,12,2026-01-26,400
SH715679,SO500698,11,2026-02-02,150
SH715680,SO500699,12,2026-02-11,350
SH715681,SO500701,13,2026-02-23,500
SH715682,SO500736,12,2026-03-03,200
SH715683,SO500736,12,2026-03-11,150
SH715684,SO500737,9,2026-03-11,400
SH715685,SO500738,9,2026-03-19,600
SH715686,SO500739,11,2026-03-23,800
SH715687,SO500740,11,2026-04-02,350
SH715688,SO500741,12,2026-04-09,600
SH715689,SO500742,12,2026-04-20,600
SH715690,SO500743,13,2026-04-22,200
SH715691,SO500744,14,2026-04-27,150
SH715692,SO500702,14,2026-05-04,1150
SH715693,SO500745,14,2026-05-13,400
SH715694,SO500703,14,2026-05-18,250
SH715695,SO500704,15,2026-05-25,650
SH715696,SO500705,14,2026-06-05,1100
SH715697,SO500706,14,2026-06-08,450
SH715698,SO500707,13,2026-06-19,600
SH715699,SO500708,15,2026-06-25,700
SH715700,SO500601,16,2024-03-06,1500
SH715701,SO500602,16,2024-02-27,1500
SH715702,SO500603,16,2024-02-21,1500
SH715703,SO500604,16,2024-02-12,1500
SH715704,SO500605,16,2024-02-09,1500
SH715705,SO500606,16,2024-02-02,1500
SH715706,SO500607,16,2024-01-26,500
SH715707,SO500607,16,2024-02-06,1000
SH715708,SO500608,16,2024-01-19,1500
SH715709,SO500609,13,2024-01-11,500
SH715710,SO500609,13,2024-01-30,1000
SH715711,SO500610,13,2024-01-03,1500
SH715712,SO500621,13,2024-03-22,5000
SH715713,SO500622,15,2024-03-19,1000
SH715714,SO500623,16,2024-03-25,1000
SH715715,SO500624,14,2024-04-05,500
SH715716,SO500625,14,2024-04-10,3500
SH715717,SO500626,14,2024-04-18,500
SH715718,SO500627,13,2024-04-24,500
SH715719,SO500627,13,2024-05-07,1000
SH715720,SO500628,13,2024-04-30,2000
SH715721,SO500630,15,2024-05-14,2000
SH715722,SO500631,16,2024-05-20,2000
SH715723,SO500632,15,2024-05-31,500
SH715724,SO500632,15,2024-06-04,1000
SH715725,SO500633,15,2024-06-06,1000
SH715726,SO500634,16,2024-06-12,3000
SH715727,SO500635,14,2024-06-20,2000
SH715728,SO500636,16,2024-06-25,4000
SH715729,SO500637,15,2024-07-01,2000
SH715730,SO500638,15,2024-07-11,2500
SH715731,SO500639,15,2024-07-22,2500
SH715732,SO500640,14,2024-07-25,3500
SH715733,SO500641,14,2024-08-02,2000
SH715734,SO500642,15,2024-08-08,1000
SH715735,SO500643,14,2024-08-15,3000
SH715736,SO500644,15,2024-08-19,500
SH715737,SO500645,13,2024-08-27,3500
SH715738,SO500717,14,2024-09-03,2500
SH715739,SO500646,15,2024-09-10,2500
SH715740,SO500647,14,2024-09-16,2500
SH715741,SO500648,15,2024-09-25,1000
SH715742,SO500649,12,2024-09-30,2500
SH715743,SO500650,15,2024-10-08,2000
SH715744,SO500651,15,2024-10-17,2000
SH715745,SO500653,14,2024-10-28,500
SH715746,SO500654,13,2024-11-05,1500
SH715747,SO500655,15,2024-11-13,500
SH715748,SO500656,14,2024-11-19,1500
SH715749,SO500657,15,2024-11-26,3000
SH715750,SO500658,11,2024-12-12,2000
SH715751,SO500659,15,2024-12-18,1000
SH715752,SO500719,8,2024-12-25,3500
SH715753,SO500660,12,2024-12-31,500
SH715754,SO500661,11,2025-01-06,500
SH715755,SO500720,10,2025-01-14,500
SH715756,SO500662,13,2025-01-30,1500
SH715757,SO500663,15,2025-02-04,1500
SH715758,SO500664,16,2025-02-11,2500
SH715759,SO500666,15,2025-02-24,2500
SH715760,SO500721,14,2025-03-06,2500
SH715761,SO500667,14,2025-03-14,1500
SH715762,SO500722,14,2025-03-21,2000
SH715763,SO500668,14,2025-03-26,1500
SH715764,SO500669,16,2025-04-03,500
SH715765,SO500670,16,2025-04-08,2500
SH715766,SO500671,16,2025-04-16,2000
SH715767,SO500673,15,2025-05-01,2500
SH715768,SO500674,16,2025-05-05,3000
SH715769,SO500675,15,2025-05-15,2500
SH715770,SO500676,14,2025-05-22,3000
SH715771,SO500677,15,2025-05-29,1500
SH715772,SO500678,14,2025-06-04,1500
SH715773,SO500679,15,2025-06-10,500
SH715774,SO500680,15,2025-06-19,3000
SH715775,SO500681,15,2025-06-24,2000
SH715776,SO500682,14,2025-07-01,1500
SH715777,SO500723,12,2025-07-07,500
SH715778,SO500683,15,2025-07-16,3000
SH715779,SO500684,14,2025-07-25,1500
SH715780,SO500685,15,2025-07-29,3500
SH715781,SO500686,16,2025-08-04,2000
SH715782,SO500687,16,2025-08-14,2000
SH715783,SO500689,15,2025-08-26,1000
SH715784,SO500690,15,2025-09-26,1500
SH715785,SO500690,15,2025-09-30,1500
SH715786,SO500691,15,2025-09-19,1500
SH715787,SO500692,14,2025-09-17,2500
SH715788,SO500725,11,2025-10-02,5500
SH715789,SO500726,10,2025-10-07,1500
SH715790,SO500727,12,2025-10-17,6500
SH715791,SO500728,12,2025-10-23,3500
SH715792,SO500693,11,2025-10-31,1000
SH715793,SO500729,10,2025-11-03,1000
SH715794,SO500730,12,2025-11-28,3000
SH715795,SO500731,10,2025-11-20,500
SH715796,SO500731,10,2025-12-11,500
SH715797,SO500694,14,2025-11-25,500
SH715798,SO500732,9,2025-12-02,1500
SH715799,SO500699,13,2026-01-27,3000
SH715800,SO500700,12,2026-02-06,4000
SH715801,SO500701,14,2026-02-10,3000
SH715802,SO500736,13,2026-02-19,1500
SH715803,SO500737,10,2026-02-24,3000
SH715804,SO500738,10,2026-03-05,1000
SH715805,SO500739,12,2026-03-09,2500
SH715806,SO500740,12,2026-03-18,2000
SH715807,SO500740,12,2026-04-03,1500
SH715808,SO500741,13,2026-03-26,1000
SH715809,SO500744,15,2026-04-16,1000
SH715810,SO500702,15,2026-04-24,500
SH715811,SO500745,15,2026-04-28,2500
SH715812,SO500703,15,2026-05-05,1000
SH715813,SO500704,16,2026-05-11,1000
SH715814,SO500705,15,2026-05-22,500
SH715815,SO500706,15,2026-05-29,4000
SH715816,SO500707,14,2026-06-01,1500
SH715817,SO500707,14,2026-06-25,1000
SH715818,SO500708,16,2026-06-12,1500
SH715819,SO500746,15,2026-06-18,2000
SH715820,SO500709,14,2026-06-26,2000
SH715821,SO500601,17,2024-03-22,500
SH715822,SO500602,17,2024-03-28,500
SH715823,SO500603,17,2024-03-07,500
SH715824,SO500604,17,2024-02-27,500
SH715825,SO500605,17,2024-02-20,500
SH715826,SO500606,17,2024-03-04,500
SH715827,SO500607,17,2024-02-07,500
SH715828,SO500608,17,2024-01-30,500
SH715829,SO500609,14,2024-01-23,500
SH715830,SO500610,14,2024-01-15,500
SH715831,SO500611,11,2024-01-10,500
SH715832,SO500612,11,2024-01-01,500
SH715833,SO500621,14,2024-03-28,1000
SH715834,SO500622,16,2024-04-04,250
SH715835,SO500623,17,2024-04-09,500
SH715836,SO500624,15,2024-04-19,500
SH715837,SO500625,15,2024-04-22,250
SH715838,SO500626,15,2024-05-01,500
SH715839,SO500627,14,2024-05-09,250
SH715840,SO500628,14,2024-05-15,500
SH715841,SO500629,15,2024-05-20,500
SH715842,SO500630,16,2024-05-30,750
SH715843,SO500631,17,2024-06-07,500
SH715844,SO500632,16,2024-06-13,750
SH715845,SO500633,16,2024-06-17,1000
SH715846,SO500634,17,2024-06-26,1250
SH715847,SO500635,15,2024-07-04,1000
SH715848,SO500636,17,2024-07-08,2000
SH715849,SO500637,16,2024-07-18,1000
SH715850,SO500638,16,2024-07-22,750
SH715851,SO500639,16,2024-07-29,1750
SH715852,SO500640,15,2024-08-05,500
SH715853,SO500641,15,2024-08-13,500
SH715854,SO500643,15,2024-08-28,500
SH715855,SO500644,16,2024-09-03,250
SH715856,SO500645,14,2024-09-10,500
SH715857,SO500717,15,2024-09-17,1000
SH715858,SO500646,16,2024-09-27,250
SH715859,SO500647,15,2024-10-04,250
SH715860,SO500647,15,2024-10-24,250
SH715861,SO500648,16,2024-10-08,1000
SH715862,SO500649,13,2024-10-16,500
SH715863,SO500650,16,2024-10-24,1250
SH715864,SO500652,15,2024-11-05,500
SH715865,SO500653,15,2024-11-15,250
SH715866,SO500654,14,2024-11-20,250
SH715867,SO500655,16,2024-11-25,1000
SH715868,SO500656,15,2024-12-05,250
SH715869,SO500657,16,2024-12-10,500
SH715870,SO500718,10,2024-12-17,250
SH715871,SO500658,12,2024-12-25,1000
SH715872,SO500659,16,2025-01-03,1000
SH715873,SO500719,9,2025-01-06,1250
SH715874,SO500660,13,2025-01-13,500
SH715875,SO500661,12,2025-01-21,500
SH715876,SO500720,11,2025-01-28,500
SH715877,SO500750,13,2025-02-03,250
SH715878,SO500662,14,2025-02-14,250
SH715879,SO500665,15,2025-03-21,250
SH715880,SO500666,16,2025-03-13,750
SH715881,SO500667,15,2025-03-24,250
SH715882,SO500722,15,2025-04-01,1000
SH715883,SO500668,15,2025-04-11,1000
SH715884,SO500669,17,2025-04-17,500
SH715885,SO500670,17,2025-04-21,750
SH715886,SO500671,17,2025-04-30,750
SH715887,SO500672,15,2025-05-05,500
SH715888,SO500673,16,2025-05-15,750
SH715889,SO500674,17,2025-05-21,500
SH715890,SO500675,16,2025-05-26,500
SH715891,SO500676,15,2025-06-06,1000
SH715892,SO500677,16,2025-06-12,750
SH715893,SO500678,15,2025-06-16,1750
SH715894,SO500679,16,2025-06-25,1000
SH715895,SO500680,16,2025-07-03,500
SH715896,SO500681,16,2025-07-10,500
SH715897,SO500682,15,2025-07-15,750
SH715898,SO500682,15,2025-07-25,750
SH715899,SO500723,13,2025-07-22,250
SH715900,SO500723,13,2025-08-13,500
SH715901,SO500683,16,2025-07-28,250
SH715902,SO500684,15,2025-08-05,750
SH715903,SO500687,17,2025-08-26,750
SH715904,SO500688,15,2025-09-01,750
SH715905,SO500689,16,2025-09-08,250
SH715906,SO500690,16,2025-10-09,2000
SH715907,SO500691,16,2025-09-23,1000
SH715908,SO500692,15,2025-09-30,1000
SH715909,SO500724,12,2025-10-06,250
SH715910,SO500725,12,2025-10-15,1000
SH715911,SO500726,11,2025-10-20,1750
SH715912,SO500727,13,2025-10-27,1500
SH715913,SO500728,13,2025-11-07,750
SH715914,SO500693,12,2025-11-12,250
SH715915,SO500730,13,2025-11-28,750
SH715916,SO500731,11,2025-12-05,1000
SH715917,SO500694,15,2025-12-08,750
SH715918,SO500732,10,2025-12-18,250
SH715919,SO500733,8,2025-12-26,250
SH715920,SO500734,10,2025-12-30,250
SH715921,SO500735,8,2026-01-07,250
SH715922,SO500695,11,2026-01-12,1000
SH715923,SO500697,13,2026-01-30,250
SH715924,SO500698,12,2026-02-04,250
SH715925,SO500700,13,2026-02-17,750
SH715926,SO500701,15,2026-02-24,500
SH715927,SO500736,14,2026-03-06,1500
SH715928,SO500737,11,2026-03-13,250
SH715929,SO500738,11,2026-03-24,1500
SH715930,SO500739,13,2026-03-23,1250
SH715931,SO500740,13,2026-03-31,750
SH715932,SO500741,14,2026-04-10,1000
SH715933,SO500742,13,2026-04-14,750
SH715934,SO500743,14,2026-04-23,1500
SH715935,SO500744,16,2026-05-01,250
SH715936,SO500702,16,2026-05-04,500
SH715937,SO500703,16,2026-05-19,250
SH715938,SO500703,16,2026-06-03,250
SH715939,SO500704,17,2026-05-25,500
SH715940,SO500705,16,2026-06-04,1000
SH715941,SO500706,16,2026-06-09,1250
SH715942,SO500707,15,2026-06-19,500
SH715943,SO500708,17,2026-06-24,750
SH715944,SO500601,18,2024-05-14,350
SH715945,SO500602,18,2024-05-10,350
SH715946,SO500603,18,2024-04-30,350
SH715947,SO500604,18,2024-04-26,350
SH715948,SO500605,18,2024-04-15,350
SH715949,SO500606,18,2024-04-09,200
SH715950,SO500606,18,2024-05-02,150
SH715951,SO500607,18,2024-04-01,350
SH715952,SO500608,18,2024-03-26,350
SH715953,SO500609,15,2024-03-21,350
SH715954,SO500610,15,2024-03-12,350
SH715955,SO500611,12,2024-03-08,350
SH715956,SO500612,12,2024-02-27,350
SH715957,SO500613,5,2024-02-20,350
SH715958,SO500614,5,2024-02-15,350
SH715959,SO500615,5,2024-02-07,350
SH715960,SO500616,5,2024-01-29,350
SH715961,SO500617,4,2024-01-22,350
SH715962,SO500618,4,2024-01-15,350
SH715963,SO500619,4,2024-01-12,350
SH715964,SO500620,4,2024-01-02,350
SH715965,SO500621,15,2024-05-24,100
SH715966,SO500622,17,2024-05-30,100
SH715967,SO500623,18,2024-06-04,400
SH715968,SO500627,15,2024-07-02,350
SH715969,SO500628,15,2024-07-11,400
SH715970,SO500629,16,2024-07-18,1200
SH715971,SO500630,17,2024-07-26,350
SH715972,SO500631,18,2024-08-01,50
SH715973,SO500632,17,2024-08-08,750
SH715974,SO500632,17,2024-08-19,500
SH715975,SO500633,17,2024-08-15,500
SH715976,SO500634,18,2024-08-22,750
SH715977,SO500635,16,2024-08-29,350
SH715978,SO500636,18,2024-09-03,650
SH715979,SO500637,17,2024-09-10,200
SH715980,SO500638,17,2024-09-16,600
SH715981,SO500639,17,2024-09-23,800
SH715982,SO500640,16,2024-10-02,150
SH715983,SO500641,16,2024-10-08,350
SH715984,SO500641,16,2024-10-23,300
SH715985,SO500642,16,2024-10-25,400
SH715986,SO500643,16,2024-10-21,1100
SH715987,SO500644,17,2024-10-28,250
SH715988,SO500645,15,2024-11-04,300
SH715989,SO500717,16,2024-11-13,100
SH715990,SO500646,17,2024-11-18,200
SH715991,SO500647,16,2024-12-19,750
SH715992,SO500648,17,2024-12-06,400
SH715993,SO500649,14,2024-12-09,400
SH715994,SO500650,17,2024-12-19,300
SH715995,SO500651,16,2025-01-17,500
SH715996,SO500651,16,2025-01-30,400
SH715997,SO500652,16,2025-01-03,150
SH715998,SO500652,16,2025-01-07,100
SH715999,SO500653,16,2025-01-06,700
SH716000,SO500654,15,2025-01-17,100
SH716001,SO500655,17,2025-01-23,500
SH716002,SO500656,16,2025-01-31,1400
SH716003,SO500657,17,2025-02-03,300
SH716004,SO500718,11,2025-02-13,50
SH716005,SO500659,17,2025-02-25,550
SH716006,SO500719,10,2025-03-03,450
SH716007,SO500660,14,2025-03-14,800
SH716008,SO500664,17,2025-04-22,200
SH716009,SO500665,16,2025-05-13,350
SH716010,SO500666,17,2025-05-05,500
SH716011,SO500721,15,2025-05-15,900
SH716012,SO500667,16,2025-05-23,200
SH716013,SO500668,16,2025-06-03,1000
SH716014,SO500669,18,2025-06-10,1150
SH716015,SO500670,18,2025-06-18,500
SH716016,SO500671,18,2025-06-23,700
SH716017,SO500672,16,2025-07-01,450
SH716018,SO500673,17,2025-07-11,300
SH716019,SO500674,18,2025-07-15,1400
SH716020,SO500675,17,2025-07-24,450
SH716021,SO500675,17,2025-08-08,300
SH716022,SO500677,17,2025-10-02,100
SH716023,SO500678,16,2025-10-31,550
SH716024,SO500679,17,2025-10-15,500
SH716025,SO500680,17,2025-11-13,450
SH716026,SO500681,17,2025-11-06,450
SH716027,SO500682,16,2025-09-11,50
SH716028,SO500723,14,2025-09-15,350
SH716029,SO500683,17,2025-09-24,450
SH716030,SO500684,16,2025-09-29,550
SH716031,SO500685,16,2025-11-13,900
SH716032,SO500686,17,2025-12-18,50
SH716033,SO500687,18,2025-10-20,500
SH716034,SO500687,18,2025-11-11,350
SH716035,SO500688,16,2025-12-12,600
SH716036,SO500689,17,2025-11-06,450
SH716037,SO500689,17,2025-11-14,350
SH716038,SO500690,17,2026-01-28,1000
SH716039,SO500691,17,2026-02-17,1300
SH716040,SO500725,13,2026-01-22,200
SH716041,SO500725,13,2026-02-13,200
SH716042,SO500699,14,2026-04-07,250
SH716043,SO500700,14,2026-04-15,150
SH716044,SO500701,16,2026-06-22,550
SH716045,SO500736,15,2026-05-01,100
SH716046,SO500737,12,2026-06-12,400
SH716047,SO500738,12,2026-05-15,200
SH716048,SO500740,14,2026-05-25,100
SH716049,SO500744,17,2026-06-26,50
SH716050,SO500601,19,2024-03-08,1500
SH716051,SO500601,19,2024-03-22,1000
SH716052,SO500602,19,2024-03-01,2500
SH716053,SO500603,19,2024-02-22,2500
SH716054,SO500604,19,2024-02-16,2500
SH716055,SO500605,19,2024-02-08,2500
SH716056,SO500606,19,2024-02-02,2500
SH716057,SO500607,19,2024-01-24,2500
SH716058,SO500608,19,2024-01-18,1500
SH716059,SO500608,19,2024-02-09,1000
SH716060,SO500609,16,2024-01-10,2500
SH716061,SO500610,16,2024-01-01,2500
SH716062,SO500621,16,2024-03-13,2500
SH716063,SO500622,18,2024-03-21,1000
SH716064,SO500623,19,2024-03-26,3500
SH716065,SO500624,16,2024-04-02,500
SH716066,SO500625,16,2024-04-10,1500
SH716067,SO500626,16,2024-04-17,1500
SH716068,SO500627,16,2024-04-25,2500
SH716069,SO500628,16,2024-05-01,3500
SH716070,SO500629,17,2024-05-08,3000
SH716071,SO500630,18,2024-05-21,2500
SH716072,SO500631,19,2024-05-22,4000
SH716073,SO500632,18,2024-05-27,5500
SH716074,SO500633,18,2024-06-06,3500
SH716075,SO500634,19,2024-06-10,1500
SH716076,SO500634,19,2024-07-03,1500
SH716077,SO500635,17,2024-06-18,1000
SH716078,SO500636,19,2024-06-25,3500
SH716079,SO500637,18,2024-07-04,2000
SH716080,SO500638,18,2024-07-10,5000
SH716081,SO500639,18,2024-07-18,3000
SH716082,SO500640,17,2024-07-23,1000
SH716083,SO500641,17,2024-08-19,3000
SH716084,SO500642,17,2024-08-06,3500
SH716085,SO500643,17,2024-08-14,6500
SH716086,SO500644,18,2024-08-19,1500
SH716087,SO500645,16,2024-08-30,4000
SH716088,SO500717,17,2024-09-05,2000
SH716089,SO500646,18,2024-09-13,4000
SH716090,SO500647,17,2024-09-19,2500
SH716091,SO500648,18,2024-09-24,1000
SH716092,SO500649,15,2024-09-30,500
SH716093,SO500650,18,2024-10-10,1000
SH716094,SO500651,17,2024-10-17,3000
SH716095,SO500652,17,2024-10-24,1500
SH716096,SO500653,17,2024-10-31,3500
SH716097,SO500654,16,2024-11-08,2500
SH716098,SO500655,18,2024-11-11,2000
SH716099,SO500656,17,2024-11-19,2500
SH716100,SO500657,18,2024-11-26,1500
SH716101,SO500718,12,2024-12-11,2000
SH716102,SO500658,13,2024-12-10,1000
SH716103,SO500659,18,2024-12-18,1500
SH716104,SO500719,11,2024-12-25,500
SH716105,SO500719,11,2025-01-15,500
SH716106,SO500660,15,2025-01-01,500
SH716107,SO500660,15,2025-01-06,500
SH716108,SO500661,13,2025-01-07,2000
SH716109,SO500720,12,2025-01-17,5000
SH716110,SO500750,14,2025-01-22,3000
SH716111,SO500662,15,2025-01-28,500
SH716112,SO500663,16,2025-02-05,1500
SH716113,SO500664,18,2025-02-10,3500
SH716114,SO500665,17,2025-02-21,3000
SH716115,SO500666,18,2025-02-26,1500
SH716116,SO500721,16,2025-03-03,2500
SH716117,SO500722,16,2025-03-19,3500
SH716118,SO500668,17,2025-03-27,3500
SH716119,SO500669,19,2025-04-03,1500
SH716120,SO500670,19,2025-04-10,1000
SH716121,SO500671,19,2025-04-18,1500
SH716122,SO500672,17,2025-04-25,1000
SH716123,SO500673,18,2025-04-30,1500
SH716124,SO500674,19,2025-05-09,3000
SH716125,SO500675,18,2025-05-14,2000
SH716126,SO500676,16,2025-05-21,2000
SH716127,SO500676,16,2025-06-05,2000
SH716128,SO500677,18,2025-05-28,6500
SH716129,SO500678,17,2025-06-05,4500
SH716130,SO500679,18,2025-06-12,4500
SH716131,SO500680,18,2025-06-16,2000
SH716132,SO500681,18,2025-06-27,4500
SH716133,SO500682,17,2025-07-03,1500
SH716134,SO500682,17,2025-07-23,1500
SH716135,SO500723,15,2025-07-09,2500
SH716136,SO500723,15,2025-07-14,2000
SH716137,SO500683,18,2025-07-14,1000
SH716138,SO500684,17,2025-07-25,1500
SH716139,SO500684,17,2025-07-29,1000
SH716140,SO500685,17,2025-07-29,1500
SH716141,SO500686,18,2025-08-07,1000
SH716142,SO500687,19,2025-08-14,7500
SH716143,SO500688,17,2025-08-20,2500
SH716144,SO500689,18,2025-08-28,2500
SH716145,SO500690,18,2025-09-05,1000
SH716146,SO500691,18,2025-09-09,3000
SH716147,SO500692,16,2025-09-18,1500
SH716148,SO500724,13,2025-09-22,2500
SH716149,SO500725,14,2025-09-30,3500
SH716150,SO500727,14,2025-10-16,500
SH716151,SO500728,14,2025-10-24,2500
SH716152,SO500693,13,2025-10-27,3000
SH716153,SO500729,11,2025-11-07,3500
SH716154,SO500730,14,2025-11-13,4000
SH716155,SO500731,12,2025-11-18,2000
SH716156,SO500694,16,2025-11-27,2500
SH716157,SO500732,11,2025-12-10,3500
SH716158,SO500733,9,2025-12-11,2000
SH716159,SO500734,11,2025-12-18,2000
SH716160,SO500735,9,2025-12-23,2500
SH716161,SO500697,14,2026-01-14,2000
SH716162,SO500698,13,2026-01-22,1000
SH716163,SO500699,15,2026-01-27,2500
SH716164,SO500700,15,2026-02-19,4500
SH716165,SO500701,17,2026-02-12,2500
SH716166,SO500736,16,2026-02-20,500
SH716167,SO500737,13,2026-02-23,3000
SH716168,SO500738,13,2026-03-03,1500
SH716169,SO500739,14,2026-03-11,4500
SH716170,SO500740,15,2026-03-26,2500
SH716171,SO500741,15,2026-03-24,1500
SH716172,SO500742,14,2026-04-02,2500
SH716173,SO500743,15,2026-04-08,1000
SH716174,SO500744,18,2026-04-16,3000
SH716175,SO500702,18,2026-04-21,4500
SH716176,SO500745,17,2026-04-28,3000
SH716177,SO500745,17,2026-05-14,2000
SH716178,SO500704,19,2026-05-14,1500
SH716179,SO500705,18,2026-05-21,3500
SH716180,SO500706,18,2026-05-28,2500
SH716181,SO500707,17,2026-06-04,3000
SH716182,SO500708,19,2026-06-08,4000
SH716183,SO500746,18,2026-06-16,500
SH716184,SO500709,17,2026-06-24,2500
SH716185,SO500601,20,2024-03-05,3000
SH716186,SO500602,20,2024-02-27,3000
SH716187,SO500603,20,2024-02-19,3000
SH716188,SO500604,20,2024-02-13,3000
SH716189,SO500605,20,2024-02-05,3000
SH716190,SO500606,20,2024-02-01,3000
SH716191,SO500607,20,2024-01-26,3000
SH716192,SO500608,20,2024-01-15,3000
SH716193,SO500609,17,2024-01-10,3000
SH716194,SO500610,17,2024-01-03,3000
SH716195,SO500623,20,2024-03-25,2000
SH716196,SO500624,17,2024-04-03,1000
SH716197,SO500625,17,2024-04-11,4000
SH716198,SO500626,17,2024-04-19,500
SH716199,SO500627,17,2024-04-24,3500
SH716200,SO500628,17,2024-05-03,2500
SH716201,SO500629,18,2024-05-13,9000
SH716202,SO500630,19,2024-05-13,3500
SH716203,SO500631,20,2024-05-20,1500
SH716204,SO500632,19,2024-05-30,3000
SH716205,SO500633,19,2024-06-06,1500
SH716206,SO500634,20,2024-06-10,1500
SH716207,SO500635,18,2024-06-21,1000
SH716208,SO500636,20,2024-06-27,4500
SH716209,SO500637,19,2024-07-02,4000
SH716210,SO500638,19,2024-07-10,3500
SH716211,SO500639,19,2024-07-15,1500
SH716212,SO500639,19,2024-07-31,1500
SH716213,SO500640,18,2024-07-25,3500
SH716214,SO500640,18,2024-08-08,3000
SH716215,SO500641,18,2024-08-07,6000
SH716216,SO500642,18,2024-08-07,5000
SH716217,SO500643,18,2024-08-15,5500
SH716218,SO500644,19,2024-08-19,5000
SH716219,SO500645,17,2024-08-27,1000
SH716220,SO500717,18,2024-09-02,2500
SH716221,SO500646,19,2024-09-11,1500
SH716222,SO500646,19,2024-09-17,1500
SH716223,SO500648,19,2024-09-23,500
SH716224,SO500649,16,2024-10-02,4000
SH716225,SO500650,19,2024-10-09,2000
SH716226,SO500652,18,2024-11-14,1500
SH716227,SO500653,18,2024-10-31,5000
SH716228,SO500654,17,2024-11-05,3000
SH716229,SO500655,19,2024-11-12,2000
SH716230,SO500655,19,2024-12-06,1500
SH716231,SO500656,18,2024-11-22,5500
SH716232,SO500657,19,2024-11-29,3500
SH716233,SO500718,13,2024-12-05,3500
SH716234,SO500658,14,2024-12-09,6000
SH716235,SO500659,19,2024-12-18,3500
SH716236,SO500719,12,2024-12-24,1000
SH716237,SO500660,16,2025-01-02,2500
SH716238,SO500661,14,2025-01-10,2500
SH716239,SO500720,13,2025-02-06,2000
SH716240,SO500720,13,2025-02-10,2000
SH716241,SO500750,15,2025-01-24,1000
SH716242,SO500662,16,2025-01-29,2500
SH716243,SO500663,17,2025-02-04,3500
SH716244,SO500664,19,2025-03-07,500
SH716245,SO500664,19,2025-03-24,500
SH716246,SO500665,18,2025-02-21,2000
SH716247,SO500721,17,2025-03-04,1500
SH716248,SO500667,17,2025-03-12,500
SH716249,SO500722,17,2025-03-20,3500
SH716250,SO500668,18,2025-03-25,2500
SH716251,SO500670,20,2025-04-09,2500
SH716252,SO500671,20,2025-04-17,1500
SH716253,SO500672,18,2025-04-23,6500
SH716254,SO500673,19,2025-04-30,6000
SH716255,SO500674,20,2025-05-05,500
SH716256,SO500675,19,2025-05-12,1000
SH716257,SO500676,17,2025-05-19,4000
SH716258,SO500677,19,2025-05-28,7000
SH716259,SO500678,18,2025-06-09,3000
SH716260,SO500679,19,2025-06-13,5500
SH716261,SO500680,19,2025-06-19,2500
SH716262,SO500682,18,2025-07-04,4500
SH716263,SO500723,16,2025-07-07,3000
SH716264,SO500683,19,2025-07-17,3500
SH716265,SO500685,18,2025-07-30,2000
SH716266,SO500685,18,2025-08-12,1500
SH716267,SO500686,19,2025-08-05,3000
SH716268,SO500687,20,2025-08-14,3000
SH716269,SO500688,18,2025-08-20,7000
SH716270,SO500689,19,2025-08-29,4000
SH716271,SO500690,19,2025-09-03,3500
SH716272,SO500691,19,2025-09-09,4000
SH716273,SO500692,17,2025-09-15,3000
SH716274,SO500724,14,2025-09-23,1000
SH716275,SO500725,15,2025-10-03,5000
SH716276,SO500726,12,2025-10-09,1500
SH716277,SO500728,15,2025-10-21,3000
SH716278,SO500728,15,2025-11-11,2000
SH716279,SO500693,14,2025-10-31,4000
SH716280,SO500729,12,2025-11-04,1500
SH716281,SO500730,15,2025-11-14,4500
SH716282,SO500731,13,2025-11-20,3000
SH716283,SO500694,17,2025-12-04,1500
SH716284,SO500732,12,2025-12-02,3000
SH716285,SO500733,10,2025-12-10,3000
SH716286,SO500734,12,2025-12-17,500
SH716287,SO500695,12,2025-12-30,1500
SH716288,SO500697,15,2026-01-13,1000
SH716289,SO500698,14,2026-01-20,2000
SH716290,SO500700,16,2026-02-03,3500
SH716291,SO500736,17,2026-02-17,2000
SH716292,SO500737,14,2026-02-23,3000
SH716293,SO500738,14,2026-03-03,4000
SH716294,SO500739,15,2026-03-11,3000
SH716295,SO500740,16,2026-03-17,500
SH716296,SO500741,16,2026-04-07,4000
SH716297,SO500742,15,2026-04-20,3500
SH716298,SO500743,16,2026-04-07,4000
SH716299,SO500744,19,2026-04-15,3500
SH716300,SO500702,19,2026-04-20,1000
SH716301,SO500745,18,2026-04-29,4500
SH716302,SO500703,18,2026-05-08,1500
SH716303,SO500704,20,2026-05-14,6000
SH716304,SO500705,19,2026-05-18,7000
SH716305,SO500706,19,2026-05-27,2000
SH716306,SO500707,18,2026-06-02,2500
SH716307,SO500708,20,2026-06-08,3500
SH716308,SO500746,19,2026-06-17,6500
SH716309,SO500709,18,2026-06-23,1000
SH716310,SO500601,21,2024-04-16,70
SH716311,SO500602,21,2024-04-10,70
SH716312,SO500603,21,2024-04-01,70
SH716313,SO500604,21,2024-03-27,70
SH716314,SO500605,21,2024-03-18,70
SH716315,SO500606,21,2024-03-13,70
SH716316,SO500607,21,2024-03-07,70
SH716317,SO500608,21,2024-02-28,70
SH716318,SO500609,18,2024-02-22,70
SH716319,SO500610,18,2024-02-12,70
SH716320,SO500611,13,2024-02-07,70
SH716321,SO500612,13,2024-02-02,70
SH716322,SO500613,6,2024-01-23,70
SH716323,SO500614,6,2024-01-17,70
SH716324,SO500615,6,2024-01-10,70
SH716325,SO500616,6,2024-01-02,70
SH716326,SO500621,17,2024-04-24,160
SH716327,SO500622,19,2024-05-01,30
SH716328,SO500623,21,2024-05-10,70
SH716329,SO500624,18,2024-05-31,80
SH716330,SO500626,18,2024-05-29,70
SH716331,SO500628,18,2024-06-14,70
SH716332,SO500629,19,2024-06-17,20
SH716333,SO500630,20,2024-06-24,140
SH716334,SO500631,21,2024-07-02,120
SH716335,SO500632,20,2024-07-11,170
SH716336,SO500633,20,2024-07-16,160
SH716337,SO500634,21,2024-07-23,110
SH716338,SO500635,19,2024-08-02,120
SH716339,SO500636,21,2024-08-07,80
SH716340,SO500637,20,2024-08-14,100
SH716341,SO500638,20,2024-08-19,80
SH716342,SO500639,20,2024-08-27,210
SH716343,SO500640,19,2024-09-02,60
SH716344,SO500641,19,2024-09-12,180
SH716345,SO500642,19,2024-09-16,130
SH716346,SO500643,19,2024-09-27,180
SH716347,SO500644,20,2024-10-02,140
SH716348,SO500645,18,2024-10-09,110
SH716349,SO500717,19,2024-10-18,120
SH716350,SO500647,18,2024-10-29,20
SH716351,SO500648,20,2024-11-05,30
SH716352,SO500649,17,2024-11-11,70
SH716353,SO500652,19,2024-12-06,100
SH716354,SO500653,19,2024-12-10,120
SH716355,SO500654,18,2024-12-18,30
SH716356,SO500655,20,2024-12-24,60
SH716357,SO500655,20,2025-01-16,50
SH716358,SO500656,19,2025-01-07,310
SH716359,SO500657,20,2025-01-09,130
SH716360,SO500718,14,2025-01-15,90
SH716361,SO500658,15,2025-01-22,120
SH716362,SO500659,20,2025-01-27,50
SH716363,SO500719,13,2025-02-04,30
SH716364,SO500660,17,2025-02-14,180
SH716365,SO500661,15,2025-02-20,130
SH716366,SO500663,18,2025-03-17,50
SH716367,SO500664,20,2025-03-26,160
SH716368,SO500665,19,2025-04-03,50
SH716369,SO500666,19,2025-04-07,80
SH716370,SO500667,18,2025-04-23,50
SH716371,SO500722,18,2025-05-01,30
SH716372,SO500668,19,2025-05-08,80
SH716373,SO500669,20,2025-05-13,30
SH716374,SO500671,21,2025-05-30,10
SH716375,SO500672,19,2025-06-04,30
SH716376,SO500673,20,2025-06-11,110
SH716377,SO500674,21,2025-06-19,130
SH716378,SO500675,20,2025-06-27,230
SH716379,SO500676,18,2025-07-16,180
SH716380,SO500677,20,2025-07-09,190
SH716381,SO500678,19,2025-07-16,130
SH716382,SO500679,20,2025-07-25,220
SH716383,SO500680,20,2025-08-01,200
SH716384,SO500681,19,2025-08-07,120
SH716385,SO500682,19,2025-08-14,200
SH716386,SO500723,17,2025-08-19,40
SH716387,SO500683,20,2025-08-27,90
SH716388,SO500684,18,2025-09-03,130
SH716389,SO500685,19,2025-09-10,90
SH716390,SO500686,20,2025-09-19,60
SH716391,SO500687,21,2025-09-23,90
SH716392,SO500688,19,2025-10-01,110
SH716393,SO500689,20,2025-10-06,90
SH716394,SO500690,20,2025-10-16,90
SH716395,SO500691,20,2025-10-20,90
SH716396,SO500692,18,2025-11-17,30
SH716397,SO500724,15,2025-11-05,60
SH716398,SO500725,16,2025-11-10,60
SH716399,SO500726,13,2025-11-17,20
SH716400,SO500727,15,2025-12-19,60
SH716401,SO500727,15,2025-12-22,50
SH716402,SO500735,10,2026-02-02,110
SH716403,SO500695,13,2026-02-09,70
SH716404,SO500696,12,2026-02-19,130
SH716405,SO500698,15,2026-03-03,30
SH716406,SO500699,16,2026-03-13,40
SH716407,SO500700,17,2026-03-17,60
SH716408,SO500701,18,2026-03-25,90
SH716409,SO500737,15,2026-04-09,40
SH716410,SO500737,15,2026-04-30,30
SH716411,SO500738,15,2026-04-23,10
SH716412,SO500739,16,2026-04-21,110
SH716413,SO500740,17,2026-05-01,70
SH716414,SO500744,20,2026-06-09,40
SH716415,SO500702,20,2026-06-02,20
SH716416,SO500745,19,2026-06-08,120
SH716417,SO500601,22,2024-04-30,40
SH716418,SO500602,22,2024-04-11,40
SH716419,SO500603,22,2024-04-03,40
SH716420,SO500604,22,2024-03-29,40
SH716421,SO500605,22,2024-03-20,40
SH716422,SO500606,22,2024-03-29,40
SH716423,SO500607,22,2024-03-04,40
SH716424,SO500608,22,2024-02-26,40
SH716425,SO500609,19,2024-02-20,40
SH716426,SO500610,19,2024-02-13,40
SH716427,SO500611,14,2024-02-07,40
SH716428,SO500612,14,2024-02-02,40
SH716429,SO500613,7,2024-01-23,40
SH716430,SO500614,7,2024-01-19,40
SH716431,SO500615,7,2024-01-08,40
SH716432,SO500616,7,2024-01-02,40
SH716433,SO500622,20,2024-05-03,20
SH716434,SO500623,22,2024-05-08,20
SH716435,SO500624,19,2024-05-17,20
SH716436,SO500625,18,2024-05-23,40
SH716437,SO500626,19,2024-05-31,20
SH716438,SO500627,18,2024-06-04,40
SH716439,SO500628,19,2024-06-12,60
SH716440,SO500629,20,2024-06-21,30
SH716441,SO500631,22,2024-07-18,70
SH716442,SO500632,21,2024-07-11,40
SH716443,SO500633,21,2024-07-16,30
SH716444,SO500634,22,2024-07-24,130
SH716445,SO500635,20,2024-07-31,60
SH716446,SO500636,22,2024-08-19,90
SH716447,SO500637,21,2024-08-13,30
SH716448,SO500638,21,2024-08-22,60
SH716449,SO500639,21,2024-08-28,30
SH716450,SO500640,20,2024-09-02,50
SH716451,SO500641,20,2024-09-11,60
SH716452,SO500643,20,2024-09-26,40
SH716453,SO500644,21,2024-09-30,10
SH716454,SO500645,19,2024-10-08,90
SH716455,SO500717,20,2024-10-15,70
SH716456,SO500646,20,2024-10-25,140
SH716457,SO500647,19,2024-11-01,50
SH716458,SO500648,21,2024-11-04,80
SH716459,SO500649,18,2024-11-15,100
SH716460,SO500653,20,2024-12-09,20
SH716461,SO500655,21,2024-12-26,10
SH716462,SO500656,20,2024-12-30,60
SH716463,SO500658,16,2025-01-23,30
SH716464,SO500659,21,2025-01-30,10
SH716465,SO500659,21,2025-02-10,20
SH716466,SO500719,14,2025-02-05,10
SH716467,SO500660,18,2025-02-11,30
SH716468,SO500661,16,2025-02-19,30
SH716469,SO500750,16,2025-03-03,50
SH716470,SO500662,17,2025-03-10,60
SH716471,SO500663,19,2025-03-18,10
SH716472,SO500664,21,2025-03-26,70
SH716473,SO500665,20,2025-03-31,60
SH716474,SO500666,20,2025-04-08,60
SH716475,SO500721,18,2025-04-16,30
SH716476,SO500667,19,2025-04-23,10
SH716477,SO500722,19,2025-04-29,40
SH716478,SO500668,20,2025-05-09,90
SH716479,SO500669,21,2025-05-14,50
SH716480,SO500669,21,2025-06-04,40
SH716481,SO500670,21,2025-05-21,30
SH716482,SO500671,22,2025-05-30,70
SH716483,SO500672,20,2025-06-04,70
SH716484,SO500673,21,2025-06-12,100
SH716485,SO500674,22,2025-07-01,100
SH716486,SO500675,21,2025-06-23,60
SH716487,SO500675,21,2025-07-07,50
SH716488,SO500676,19,2025-07-08,30
SH716489,SO500677,21,2025-07-09,80
SH716490,SO500678,20,2025-07-14,30
SH716491,SO500679,21,2025-07-21,70
SH716492,SO500680,21,2025-07-29,40
SH716493,SO500681,20,2025-08-05,50
SH716494,SO500682,20,2025-08-12,90
SH716495,SO500683,21,2025-08-26,110
SH716496,SO500684,19,2025-09-04,60
SH716497,SO500685,20,2025-09-12,90
SH716498,SO500686,21,2025-09-17,10
SH716499,SO500687,22,2025-09-26,30
SH716500,SO500688,20,2025-10-02,80
SH716501,SO500689,21,2025-10-08,30
SH716502,SO500690,21,2025-10-14,110
SH716503,SO500691,21,2025-10-22,50
SH716504,SO500726,14,2025-11-19,10
SH716505,SO500732,13,2026-02-02,20
SH716506,SO500733,11,2026-01-22,20
SH716507,SO500734,13,2026-01-29,50
SH716508,SO500695,14,2026-02-11,20
SH716509,SO500696,13,2026-02-17,10
SH716510,SO500697,16,2026-02-26,20
SH716511,SO500737,16,2026-04-06,10
SH716512,SO500739,17,2026-04-23,10
SH716513,SO500740,18,2026-04-27,30
SH716514,SO500741,17,2026-05-08,40
SH716515,SO500742,16,2026-05-11,40
SH716516,SO500743,17,2026-05-22,20
SH716517,SO500744,21,2026-05-28,80
SH716518,SO500745,20,2026-06-22,10
SH716519,SO500601,23,2024-03-22,1500
SH716520,SO500602,23,2024-03-14,750
SH716521,SO500602,23,2024-03-19,750
SH716522,SO500603,23,2024-03-05,1500
SH716523,SO500604,23,2024-02-26,1500
SH716524,SO500605,23,2024-02-29,1500
SH716525,SO500606,23,2024-02-13,1500
SH716526,SO500607,23,2024-02-09,1500
SH716527,SO500608,23,2024-02-19,1500
SH716528,SO500609,20,2024-01-26,1500
SH716529,SO500610,20,2024-01-16,1500
SH716530,SO500611,15,2024-01-10,1500
SH716531,SO500612,15,2024-01-04,1500
SH716532,SO500623,23,2024-04-12,250
SH716533,SO500624,20,2024-04-18,250
SH716534,SO500625,19,2024-04-25,750
SH716535,SO500626,20,2024-04-29,500
SH716536,SO500627,19,2024-05-14,1750
SH716537,SO500628,20,2024-05-15,500
SH716538,SO500629,21,2024-05-20,2250
SH716539,SO500630,21,2024-05-30,1000
SH716540,SO500631,23,2024-06-07,3500
SH716541,SO500632,22,2024-06-12,3750
SH716542,SO500633,22,2024-06-19,2750
SH716543,SO500634,23,2024-06-28,2500
SH716544,SO500635,21,2024-07-15,2500
SH716545,SO500636,23,2024-07-12,3250
SH716546,SO500637,22,2024-07-18,1750
SH716547,SO500638,22,2024-07-22,2750
SH716548,SO500639,22,2024-07-31,2500
SH716549,SO500640,21,2024-08-06,500
SH716550,SO500641,21,2024-08-14,2000
SH716551,SO500642,20,2024-08-19,3250
SH716552,SO500643,21,2024-08-26,4250
SH716553,SO500644,22,2024-09-06,2250
SH716554,SO500645,20,2024-09-10,1500
SH716555,SO500717,21,2024-09-17,1500
SH716556,SO500646,21,2024-09-23,2250
SH716557,SO500647,20,2024-10-02,1500
SH716558,SO500648,22,2024-10-07,2500
SH716559,SO500649,19,2024-10-15,2500
SH716560,SO500650,20,2024-10-25,250
SH716561,SO500650,20,2024-11-13,500
SH716562,SO500651,18,2024-11-01,3000
SH716563,SO500652,20,2024-11-05,1250
SH716564,SO500653,21,2024-11-12,500
SH716565,SO500655,22,2024-11-26,1750
SH716566,SO500659,22,2025-01-02,2000
SH716567,SO500719,15,2025-01-09,2500
SH716568,SO500660,19,2025-01-14,1250
SH716569,SO500661,17,2025-01-24,1250
SH716570,SO500661,17,2025-02-12,1000
SH716571,SO500720,14,2025-01-28,4750
SH716572,SO500750,17,2025-02-04,2250
SH716573,SO500662,18,2025-02-13,1000
SH716574,SO500663,20,2025-02-17,250
SH716575,SO500663,20,2025-02-24,250
SH716576,SO500664,22,2025-02-24,500
SH716577,SO500665,21,2025-03-05,500
SH716578,SO500666,21,2025-03-12,2250
SH716579,SO500721,19,2025-03-21,2500
SH716580,SO500668,21,2025-04-07,2000
SH716581,SO500669,22,2025-04-14,2000
SH716582,SO500670,22,2025-04-21,750
SH716583,SO500671,23,2025-05-02,3500
SH716584,SO500672,21,2025-05-05,500
SH716585,SO500673,22,2025-05-14,750
SH716586,SO500674,23,2025-05-21,2250
SH716587,SO500675,22,2025-05-27,2000
SH716588,SO500676,20,2025-06-06,2000
SH716589,SO500677,22,2025-06-10,1250
SH716590,SO500678,21,2025-06-16,3500
SH716591,SO500679,22,2025-06-26,500
SH716592,SO500680,22,2025-07-03,3250
SH716593,SO500681,21,2025-07-08,1250
SH716594,SO500682,21,2025-07-17,2500
SH716595,SO500723,18,2025-07-22,3500
SH716596,SO500683,22,2025-07-29,1500
SH716597,SO500684,20,2025-08-05,2750
SH716598,SO500685,21,2025-08-14,1250
SH716599,SO500686,22,2025-08-18,1500
SH716600,SO500686,22,2025-08-29,1250
SH716601,SO500687,23,2025-08-28,3250
SH716602,SO500688,21,2025-09-03,2500
SH716603,SO500689,22,2025-09-08,3750
SH716604,SO500690,22,2025-09-18,1000
SH716605,SO500691,22,2025-09-25,4500
SH716606,SO500692,19,2025-09-30,250
SH716607,SO500724,16,2025-10-10,2000
SH716608,SO500725,17,2025-10-30,1000
SH716609,SO500726,15,2025-10-22,750
SH716610,SO500727,16,2025-10-28,2500
SH716611,SO500728,16,2025-11-07,3750
SH716612,SO500693,15,2025-11-10,2000
SH716613,SO500729,13,2025-11-18,750
SH716614,SO500730,16,2025-11-26,2000
SH716615,SO500731,14,2025-12-02,1750
SH716616,SO500694,18,2025-12-12,2750
SH716617,SO500732,14,2025-12-30,250
SH716618,SO500735,11,2026-01-05,250
SH716619,SO500695,15,2026-01-15,1000
SH716620,SO500696,14,2026-01-22,500
SH716621,SO500697,17,2026-01-29,1250
SH716622,SO500698,16,2026-02-04,750
SH716623,SO500699,17,2026-02-13,2750
SH716624,SO500700,18,2026-02-20,3000
SH716625,SO500701,19,2026-02-26,1500
SH716626,SO500736,18,2026-03-03,750
SH716627,SO500737,17,2026-03-11,1750
SH716628,SO500738,16,2026-03-16,1250
SH716629,SO500739,18,2026-03-27,2000
SH716630,SO500740,19,2026-03-30,2250
SH716631,SO500741,18,2026-04-08,1750
SH716632,SO500742,17,2026-05-04,2000
SH716633,SO500743,18,2026-04-22,500
SH716634,SO500744,22,2026-04-28,5500
SH716635,SO500702,21,2026-05-06,1000
SH716636,SO500745,21,2026-05-14,1000
SH716637,SO500703,19,2026-05-20,750
SH716638,SO500704,21,2026-05-26,5750
SH716639,SO500705,21,2026-06-04,3500
SH716640,SO500706,22,2026-06-11,500
SH716641,SO500707,21,2026-06-19,4500
SH716642,SO500708,22,2026-06-25,1000
SH716643,SO500601,24,2024-03-21,150
SH716644,SO500601,24,2024-03-28,100
SH716645,SO500602,24,2024-03-13,250
SH716646,SO500603,24,2024-03-06,250
SH716647,SO500604,24,2024-02-29,250
SH716648,SO500605,24,2024-02-19,250
SH716649,SO500606,24,2024-03-04,150
SH716650,SO500606,24,2024-03-18,100
SH716651,SO500607,24,2024-02-05,250
SH716652,SO500608,24,2024-02-01,250
SH716653,SO500609,21,2024-01-25,250
SH716654,SO500610,21,2024-01-19,250
SH716655,SO500611,16,2024-01-10,250
SH716656,SO500612,16,2024-01-04,250
SH716657,SO500622,21,2024-04-03,150
SH716658,SO500624,21,2024-04-18,200
SH716659,SO500625,20,2024-04-25,350
SH716660,SO500626,21,2024-05-01,400
SH716661,SO500627,20,2024-05-08,300
SH716662,SO500628,21,2024-05-16,150
SH716663,SO500629,22,2024-06-13,400
SH716664,SO500630,22,2024-06-18,300
SH716665,SO500631,24,2024-06-05,350
SH716666,SO500632,23,2024-06-14,500
SH716667,SO500633,23,2024-06-17,100
SH716668,SO500634,24,2024-06-25,150
SH716669,SO500635,22,2024-07-03,150
SH716670,SO500635,22,2024-07-12,150
SH716671,SO500636,24,2024-07-08,200
SH716672,SO500637,23,2024-07-17,250
SH716673,SO500638,23,2024-07-25,300
SH716674,SO500638,23,2024-08-09,200
SH716675,SO500639,23,2024-07-30,600
SH716676,SO500640,22,2024-08-06,50
SH716677,SO500641,22,2024-08-16,200
SH716678,SO500642,21,2024-08-21,250
SH716679,SO500644,23,2024-09-04,600
SH716680,SO500645,21,2024-09-12,200
SH716681,SO500645,21,2024-10-01,200
SH716682,SO500647,21,2024-10-04,250
SH716683,SO500648,23,2024-10-10,250
SH716684,SO500648,23,2024-10-25,200
SH716685,SO500649,20,2024-10-14,650
SH716686,SO500650,21,2024-10-21,450
SH716687,SO500651,19,2024-10-28,50
SH716688,SO500652,21,2024-11-07,100
SH716689,SO500653,22,2024-11-12,300
SH716690,SO500654,19,2024-11-20,650
SH716691,SO500655,23,2024-11-28,700
SH716692,SO500656,21,2024-12-06,250
SH716693,SO500718,15,2024-12-18,150
SH716694,SO500658,17,2024-12-27,200
SH716695,SO500659,23,2024-12-30,250
SH716696,SO500719,16,2025-01-08,200
SH716697,SO500750,18,2025-02-04,50
SH716698,SO500662,19,2025-02-11,100
SH716699,SO500663,21,2025-02-21,250
SH716700,SO500665,22,2025-03-07,250
SH716701,SO500666,22,2025-03-12,200
SH716702,SO500721,20,2025-03-18,200
SH716703,SO500667,20,2025-03-24,600
SH716704,SO500722,20,2025-04-01,150
SH716705,SO500668,22,2025-04-09,200
SH716706,SO500669,23,2025-04-17,200
SH716707,SO500670,23,2025-04-30,300
SH716708,SO500671,24,2025-04-29,50
SH716709,SO500672,22,2025-05-06,300
SH716710,SO500673,23,2025-05-12,100
SH716711,SO500674,24,2025-05-23,300
SH716712,SO500675,23,2025-05-28,350
SH716713,SO500676,21,2025-06-02,150
SH716714,SO500677,23,2025-06-13,350
SH716715,SO500678,22,2025-06-17,350
SH716716,SO500679,23,2025-06-24,250
SH716717,SO500680,23,2025-06-30,250
SH716718,SO500681,22,2025-07-09,450
SH716719,SO500682,22,2025-07-14,450
SH716720,SO500723,19,2025-07-22,100
SH716721,SO500683,23,2025-08-01,450
SH716722,SO500684,21,2025-08-05,100
SH716723,SO500685,22,2025-08-15,250
SH716724,SO500686,23,2025-09-01,250
SH716725,SO500687,24,2025-08-26,500
SH716726,SO500688,22,2025-09-10,450
SH716727,SO500689,23,2025-09-10,50
SH716728,SO500689,23,2025-10-02,100
SH716729,SO500690,23,2025-09-15,300
SH716730,SO500691,23,2025-10-10,100
SH716731,SO500692,20,2025-09-30,200
SH716732,SO500692,20,2025-10-14,150
SH716733,SO500724,17,2025-10-06,550
SH716734,SO500725,18,2025-10-15,500
SH716735,SO500726,16,2025-10-20,450
SH716736,SO500727,17,2025-10-31,50
SH716737,SO500728,17,2025-11-05,50
SH716738,SO500693,16,2025-11-10,400
SH716739,SO500729,14,2025-11-20,250
SH716740,SO500730,17,2025-11-24,200
SH716741,SO500733,12,2025-12-24,150
SH716742,SO500734,14,2026-01-01,350
SH716743,SO500695,16,2026-01-13,100
SH716744,SO500696,15,2026-01-23,50
SH716745,SO500697,18,2026-01-30,250
SH716746,SO500698,17,2026-02-06,350
SH716747,SO500700,19,2026-02-17,400
SH716748,SO500701,20,2026-02-24,100
SH716749,SO500736,19,2026-03-02,350
SH716750,SO500737,18,2026-03-13,150
SH716751,SO500738,17,2026-03-16,200
SH716752,SO500739,19,2026-04-10,50
SH716753,SO500739,19,2026-04-15,100
SH716754,SO500740,20,2026-03-30,200
SH716755,SO500741,19,2026-04-08,150
SH716756,SO500743,19,2026-04-23,100
SH716757,SO500743,19,2026-05-11,100
SH716758,SO500744,23,2026-04-29,450
SH716759,SO500702,22,2026-05-05,300
SH716760,SO500745,22,2026-05-15,400
SH716761,SO500703,20,2026-05-19,200
SH716762,SO500704,22,2026-05-29,150
SH716763,SO500705,22,2026-06-01,200
SH716764,SO500706,23,2026-06-11,300
SH716765,SO500707,22,2026-06-17,150
SH716766,SO500708,23,2026-06-26,100
SH716767,SO500601,25,2024-05-14,350
SH716768,SO500602,25,2024-05-07,350
SH716769,SO500603,25,2024-05-01,350
SH716770,SO500604,25,2024-04-26,350
SH716771,SO500605,25,2024-04-16,350
SH716772,SO500606,25,2024-04-12,200
SH716773,SO500606,25,2024-04-26,150
SH716774,SO500607,25,2024-04-03,350
SH716775,SO500608,25,2024-03-28,200
SH716776,SO500608,25,2024-04-15,150
SH716777,SO500609,22,2024-03-22,350
SH716778,SO500610,22,2024-03-14,350
SH716779,SO500611,17,2024-03-05,350
SH716780,SO500612,17,2024-02-26,350
SH716781,SO500613,8,2024-02-20,350
SH716782,SO500614,8,2024-02-16,350
SH716783,SO500615,8,2024-02-06,350
SH716784,SO500616,8,2024-01-30,200
SH716785,SO500616,8,2024-02-05,150
SH716786,SO500617,5,2024-01-24,350
SH716787,SO500618,5,2024-02-08,350
SH716788,SO500619,5,2024-01-09,350
SH716789,SO500620,5,2024-01-05,350
SH716790,SO500621,18,2024-05-20,850
SH716791,SO500622,22,2024-05-28,200
SH716792,SO500623,24,2024-06-05,50
SH716793,SO500624,22,2024-06-11,350
SH716794,SO500625,21,2024-06-18,150
SH716795,SO500626,22,2024-06-27,500
SH716796,SO500627,21,2024-07-05,500
SH716797,SO500628,22,2024-07-08,900
SH716798,SO500629,23,2024-07-16,800
SH716799,SO500630,23,2024-07-25,750
SH716800,SO500631,25,2024-07-29,600
SH716801,SO500632,24,2024-08-05,300
SH716802,SO500633,24,2024-08-14,1000
SH716803,SO500634,25,2024-08-23,550
SH716804,SO500635,23,2024-08-29,250
SH716805,SO500636,25,2024-09-03,150
SH716806,SO500637,24,2024-09-12,250
SH716807,SO500638,24,2024-09-24,300
SH716808,SO500639,24,2024-09-27,700
SH716809,SO500640,23,2024-10-04,550
SH716810,SO500642,22,2024-10-16,1100
SH716811,SO500643,22,2024-10-21,650
SH716812,SO500644,24,2024-10-28,700
SH716813,SO500645,22,2024-11-04,150
SH716814,SO500717,22,2024-11-12,200
SH716815,SO500646,22,2024-11-21,200
SH716816,SO500647,22,2024-11-27,350
SH716817,SO500648,24,2024-12-04,450
SH716818,SO500650,22,2024-12-18,400
SH716819,SO500651,20,2025-01-17,50
SH716820,SO500652,22,2024-12-30,100
SH716821,SO500652,22,2025-01-06,100
SH716822,SO500653,23,2025-01-06,750
SH716823,SO500654,20,2025-01-15,450
SH716824,SO500655,24,2025-01-22,1100
SH716825,SO500656,22,2025-01-30,600
SH716826,SO500657,21,2025-02-03,950
SH716827,SO500718,16,2025-02-10,100
SH716828,SO500658,18,2025-02-19,350
SH716829,SO500659,24,2025-03-10,950
SH716830,SO500660,20,2025-03-11,800
SH716831,SO500662,20,2025-04-10,300
SH716832,SO500663,22,2025-04-14,200
SH716833,SO500664,23,2025-04-23,350
SH716834,SO500665,23,2025-05-01,500
SH716835,SO500666,23,2025-05-09,200
SH716836,SO500666,23,2025-05-21,150
SH716837,SO500721,21,2025-05-13,300
SH716838,SO500721,21,2025-06-03,200
SH716839,SO500667,21,2025-05-22,900
SH716840,SO500722,21,2025-06-12,250
SH716841,SO500668,23,2025-06-04,100
SH716842,SO500669,24,2025-06-09,1050
SH716843,SO500670,24,2025-06-20,200
SH716844,SO500671,25,2025-06-24,100
SH716845,SO500672,23,2025-07-04,250
SH716846,SO500673,24,2025-07-08,400
SH716847,SO500674,25,2025-07-16,800
SH716848,SO500675,24,2025-07-22,450
SH716849,SO500676,22,2025-07-29,900
SH716850,SO500677,24,2025-11-03,600
SH716851,SO500678,23,2025-09-23,850
SH716852,SO500679,24,2025-08-19,1450
SH716853,SO500680,24,2025-09-22,1150
SH716854,SO500681,23,2025-12-09,550
SH716855,SO500682,23,2025-09-12,550
SH716856,SO500723,20,2025-09-15,1500
SH716857,SO500683,24,2025-09-23,200
SH716858,SO500683,24,2025-09-29,200
SH716859,SO500684,22,2025-09-29,150
SH716860,SO500685,23,2026-01-23,900
SH716861,SO500686,24,2025-12-29,100
SH716862,SO500687,25,2025-11-17,1150
SH716863,SO500688,23,2025-10-31,750
SH716864,SO500689,24,2026-02-09,200
SH716865,SO500691,24,2025-12-31,1300
SH716866,SO500735,12,2026-05-22,500
SH716867,SO500695,17,2026-06-23,100
SH716868,SO500743,20,2026-06-19,250
SH716869,SO500744,24,2026-06-23,100
SH716870,SO500601,26,2024-03-08,2500
SH716871,SO500602,26,2024-02-27,2500
SH716872,SO500603,26,2024-02-22,2500
SH716873,SO500604,26,2024-02-13,2500
SH716874,SO500605,26,2024-02-29,2500
SH716875,SO500606,26,2024-01-31,2500
SH716876,SO500607,26,2024-01-23,2500
SH716877,SO500608,26,2024-01-19,2500
SH716878,SO500609,23,2024-01-11,2500
SH716879,SO500610,23,2024-01-03,2500
SH716880,SO500621,19,2024-03-13,1500
SH716881,SO500622,23,2024-03-21,2000
SH716882,SO500623,25,2024-03-26,3500
SH716883,SO500624,23,2024-04-18,3500
SH716884,SO500625,22,2024-04-09,2500
SH716885,SO500626,23,2024-04-18,1000
SH716886,SO500628,23,2024-04-30,3500
SH716887,SO500629,24,2024-05-09,5000
SH716888,SO500630,24,2024-05-16,1500
SH716889,SO500631,26,2024-05-20,3500
SH716890,SO500633,25,2024-06-05,3000
SH716891,SO500634,26,2024-06-11,4000
SH716892,SO500635,24,2024-06-20,4500
SH716893,SO500636,26,2024-06-28,4500
SH716894,SO500637,25,2024-07-05,1000
SH716895,SO500638,25,2024-07-11,5000
SH716896,SO500639,25,2024-07-18,2500
SH716897,SO500639,25,2024-07-24,2000
SH716898,SO500640,24,2024-07-24,4500
SH716899,SO500641,23,2024-07-30,4000
SH716900,SO500642,23,2024-08-09,2500
SH716901,SO500643,23,2024-08-13,4000
SH716902,SO500645,23,2024-09-10,2500
SH716903,SO500717,23,2024-09-02,1000
SH716904,SO500717,23,2024-09-17,1000
SH716905,SO500646,23,2024-09-12,500
SH716906,SO500647,23,2024-09-16,4500
SH716907,SO500648,25,2024-09-24,2000
SH716908,SO500649,21,2024-09-30,1500
SH716909,SO500650,23,2024-10-10,2500
SH716910,SO500651,21,2024-10-17,2500
SH716911,SO500652,23,2024-10-25,2500
SH716912,SO500653,24,2024-10-28,2500
SH716913,SO500654,21,2024-11-04,3000
SH716914,SO500655,25,2024-11-14,1000
SH716915,SO500656,23,2024-11-20,1500
SH716916,SO500656,23,2024-11-28,1000
SH716917,SO500657,22,2024-11-29,3000
SH716918,SO500718,17,2024-12-02,5000
SH716919,SO500658,19,2024-12-12,2000
SH716920,SO500659,25,2024-12-16,1000
SH716921,SO500719,17,2024-12-24,2500
SH716922,SO500660,21,2025-01-03,1000
SH716923,SO500661,18,2025-01-07,2500
SH716924,SO500750,19,2025-01-22,2000
SH716925,SO500663,23,2025-02-07,1000
SH716926,SO500664,24,2025-02-13,3000
SH716927,SO500666,24,2025-02-24,2000
SH716928,SO500721,22,2025-03-03,3000
SH716929,SO500667,22,2025-03-12,2000
SH716930,SO500722,22,2025-03-18,1500
SH716931,SO500722,22,2025-03-31,1000
SH716932,SO500668,24,2025-03-26,1000
SH716933,SO500669,25,2025-04-02,4000
SH716934,SO500670,25,2025-04-07,3000
SH716935,SO500671,26,2025-04-15,5000
SH716936,SO500672,24,2025-04-25,3500
SH716937,SO500673,25,2025-04-30,500
SH716938,SO500674,26,2025-05-05,3500
SH716939,SO500675,25,2025-05-13,1500
SH716940,SO500676,23,2025-05-21,2500
SH716941,SO500677,25,2025-05-30,1000
SH716942,SO500677,25,2025-06-05,1000
SH716943,SO500678,24,2025-06-03,4000
SH716944,SO500679,25,2025-06-11,1000
SH716945,SO500680,25,2025-06-17,3000
SH716946,SO500681,24,2025-06-26,2500
SH716947,SO500682,24,2025-06-30,1500
SH716948,SO500723,21,2025-07-08,6000
SH716949,SO500683,25,2025-07-18,5500
SH716950,SO500684,23,2025-07-25,2500
SH716951,SO500685,24,2025-07-30,1000
SH716952,SO500686,25,2025-08-22,4000
SH716953,SO500687,26,2025-08-12,1500
SH716954,SO500688,24,2025-08-18,4000
SH716955,SO500689,25,2025-08-29,2000
SH716956,SO500690,24,2025-09-05,500
SH716957,SO500691,25,2025-09-11,1000
SH716958,SO500692,21,2025-09-18,4000
SH716959,SO500724,18,2025-09-24,5000
SH716960,SO500725,19,2025-10-03,500
SH716961,SO500725,19,2025-10-08,500
SH716962,SO500726,17,2025-10-08,3000
SH716963,SO500727,18,2025-10-13,2500
SH716964,SO500728,18,2025-10-23,2000
SH716965,SO500728,18,2025-11-11,1500
SH716966,SO500693,17,2025-11-03,2500
SH716967,SO500729,15,2025-11-07,3500
SH716968,SO500694,19,2025-11-26,3000
SH716969,SO500732,15,2025-12-01,2000
SH716970,SO500733,13,2025-12-11,500
SH716971,SO500734,15,2025-12-17,1500
SH716972,SO500734,15,2025-12-29,1500
SH716973,SO500735,13,2025-12-26,2500
SH716974,SO500696,16,2026-01-06,1000
SH716975,SO500696,16,2026-01-13,1000
SH716976,SO500697,19,2026-01-14,2000
SH716977,SO500698,18,2026-01-23,3000
SH716978,SO500699,19,2026-01-29,3500
SH716979,SO500700,20,2026-02-06,2500
SH716980,SO500701,21,2026-02-13,500
SH716981,SO500736,20,2026-02-20,1500
SH716982,SO500736,20,2026-03-13,1500
SH716983,SO500737,19,2026-02-25,6500
SH716984,SO500738,18,2026-03-06,1000
SH716985,SO500738,18,2026-03-20,1000
SH716986,SO500739,20,2026-03-13,2000
SH716987,SO500740,22,2026-03-20,3000
SH716988,SO500742,18,2026-04-02,2500
SH716989,SO500743,21,2026-04-10,2500
SH716990,SO500744,25,2026-04-15,2500
SH716991,SO500702,24,2026-04-24,1000
SH716992,SO500745,23,2026-04-28,2000
SH716993,SO500703,22,2026-05-05,3500
SH716994,SO500704,23,2026-05-13,4000
SH716995,SO500705,24,2026-05-19,4500
SH716996,SO500706,25,2026-05-28,4000
SH716997,SO500707,24,2026-06-01,4500
SH716998,SO500708,25,2026-06-08,2000
SH716999,SO500746,25,2026-06-18,3500
SH717000,SO500709,22,2026-06-26,3000
SH717001,SO500601,27,2024-03-20,350
SH717002,SO500602,27,2024-03-18,350
SH717003,SO500603,27,2024-03-06,350
SH717004,SO500604,27,2024-03-01,350
SH717005,SO500605,27,2024-02-23,350
SH717006,SO500606,27,2024-02-16,350
SH717007,SO500607,27,2024-02-07,350
SH717008,SO500608,27,2024-02-07,350
SH717009,SO500609,24,2024-01-25,200
SH717010,SO500609,24,2024-01-30,150
SH717011,SO500610,24,2024-01-17,350
SH717012,SO500611,18,2024-01-09,350
SH717013,SO500612,18,2024-01-01,350
SH717014,SO500621,20,2024-04-12,100
SH717015,SO500622,24,2024-04-05,400
SH717016,SO500623,26,2024-04-26,150
SH717017,SO500624,24,2024-04-16,350
SH717018,SO500625,23,2024-04-22,350
SH717019,SO500626,24,2024-05-02,450
SH717020,SO500627,22,2024-05-07,300
SH717021,SO500627,22,2024-05-29,200
SH717022,SO500628,24,2024-05-15,450
SH717023,SO500629,25,2024-05-24,750
SH717024,SO500630,25,2024-05-30,500
SH717025,SO500631,27,2024-06-07,250
SH717026,SO500631,27,2024-06-25,200
SH717027,SO500632,25,2024-06-11,250
SH717028,SO500633,26,2024-06-18,550
SH717029,SO500634,27,2024-06-26,50
SH717030,SO500635,25,2024-07-02,100
SH717031,SO500636,27,2024-07-11,50
SH717032,SO500637,26,2024-07-15,350
SH717033,SO500637,26,2024-08-08,300
SH717034,SO500638,26,2024-07-23,600
SH717035,SO500639,26,2024-07-29,700
SH717036,SO500640,25,2024-08-06,600
SH717037,SO500641,24,2024-08-13,250
SH717038,SO500642,24,2024-08-21,650
SH717039,SO500643,24,2024-09-13,700
SH717040,SO500644,25,2024-09-25,850
SH717041,SO500717,24,2024-09-16,400
SH717042,SO500646,24,2024-10-03,550
SH717043,SO500647,24,2024-09-30,600
SH717044,SO500648,26,2024-10-09,150
SH717045,SO500649,22,2024-10-14,600
SH717046,SO500650,24,2024-10-25,250
SH717047,SO500651,22,2024-10-29,650
SH717048,SO500652,24,2024-11-05,450
SH717049,SO500653,25,2024-11-13,500
SH717050,SO500654,22,2024-11-18,450
SH717051,SO500655,26,2024-11-28,350
SH717052,SO500656,24,2024-12-02,400
SH717053,SO500657,23,2024-12-23,300
SH717054,SO500718,18,2024-12-19,150
SH717055,SO500659,26,2024-12-30,450
SH717056,SO500719,18,2025-01-09,50
SH717057,SO500661,19,2025-01-20,500
SH717058,SO500720,15,2025-01-29,650
SH717059,SO500750,20,2025-02-04,50
SH717060,SO500662,21,2025-02-11,400
SH717061,SO500663,24,2025-02-20,300
SH717062,SO500664,25,2025-02-27,50
SH717063,SO500665,24,2025-03-07,500
SH717064,SO500666,25,2025-03-13,450
SH717065,SO500667,23,2025-03-27,100
SH717066,SO500722,23,2025-04-03,400
SH717067,SO500668,25,2025-04-07,400
SH717068,SO500669,26,2025-04-17,550
SH717069,SO500670,26,2025-04-24,550
SH717070,SO500671,27,2025-04-30,100
SH717071,SO500672,25,2025-05-07,400
SH717072,SO500673,26,2025-05-15,750
SH717073,SO500674,27,2025-05-20,200
SH717074,SO500675,26,2025-05-30,400
SH717075,SO500676,24,2025-06-05,150
SH717076,SO500677,26,2025-06-10,750
SH717077,SO500678,25,2025-06-19,50
SH717078,SO500679,26,2025-06-25,350
SH717079,SO500680,26,2025-07-02,400
SH717080,SO500681,25,2025-07-11,100
SH717081,SO500682,25,2025-07-14,900
SH717082,SO500723,22,2025-07-25,300
SH717083,SO500683,26,2025-07-31,600
SH717084,SO500684,24,2025-08-04,300
SH717085,SO500685,25,2025-08-12,350
SH717086,SO500686,26,2025-08-18,400
SH717087,SO500687,27,2025-08-25,400
SH717088,SO500688,25,2025-09-05,400
SH717089,SO500689,26,2025-09-09,200
SH717090,SO500690,25,2025-09-15,500
SH717091,SO500691,26,2025-09-26,350
SH717092,SO500692,22,2025-09-29,400
SH717093,SO500724,19,2025-10-28,350
SH717094,SO500725,20,2025-10-16,450
SH717095,SO500726,18,2025-10-23,300
SH717096,SO500727,19,2025-11-07,200
SH717097,SO500728,19,2025-11-04,450
SH717098,SO500693,18,2025-11-11,50
SH717099,SO500730,18,2025-12-12,350
SH717100,SO500731,15,2025-12-04,150
SH717101,SO500694,20,2025-12-10,650
SH717102,SO500732,16,2025-12-16,50
SH717103,SO500733,14,2025-12-26,700
SH717104,SO500734,16,2025-12-31,300
SH717105,SO500735,14,2026-01-08,250
SH717106,SO500695,18,2026-01-16,450
SH717107,SO500697,20,2026-01-29,200
SH717108,SO500699,20,2026-02-09,50
SH717109,SO500736,21,2026-03-06,450
SH717110,SO500737,20,2026-03-09,50
SH717111,SO500738,19,2026-03-16,400
SH717112,SO500739,21,2026-03-26,450
SH717113,SO500740,23,2026-04-03,300
SH717114,SO500740,23,2026-04-10,250
SH717115,SO500741,20,2026-04-08,1100
SH717116,SO500742,19,2026-04-14,700
SH717117,SO500743,22,2026-04-20,200
SH717118,SO500744,26,2026-05-01,350
SH717119,SO500702,25,2026-05-05,600
SH717120,SO500745,24,2026-05-28,750
SH717121,SO500703,23,2026-05-21,750
SH717122,SO500705,25,2026-06-01,250
SH717123,SO500707,25,2026-06-18,550
SH717124,SO500708,26,2026-06-23,700
SH717125,SO500601,28,2024-02-23,3000
SH717126,SO500602,28,2024-02-12,3000
SH717127,SO500603,28,2024-02-08,3000
SH717128,SO500604,28,2024-01-30,3000
SH717129,SO500605,28,2024-01-26,3000
SH717130,SO500606,28,2024-01-16,3000
SH717131,SO500607,28,2024-02-02,3000
SH717132,SO500608,28,2024-01-01,3000
SH717133,SO500621,21,2024-02-28,7000
SH717134,SO500622,25,2024-03-07,1000
SH717135,SO500623,27,2024-03-15,5000
SH717136,SO500625,24,2024-03-26,1000
SH717137,SO500626,25,2024-04-02,4000
SH717138,SO500627,23,2024-04-12,3000
SH717139,SO500627,23,2024-04-23,2000
SH717140,SO500628,25,2024-04-19,3000
SH717141,SO500629,26,2024-04-24,4000
SH717142,SO500630,26,2024-04-29,5000
SH717143,SO500632,26,2024-05-14,5000
SH717144,SO500633,27,2024-05-20,1000
SH717145,SO500633,27,2024-05-30,2000
SH717146,SO500634,28,2024-05-31,3000
SH717147,SO500635,26,2024-06-05,3000
SH717148,SO500636,28,2024-06-12,6000
SH717149,SO500637,27,2024-06-17,1000
SH717150,SO500638,27,2024-06-24,5000
SH717151,SO500639,27,2024-07-04,7000
SH717152,SO500640,26,2024-07-08,8000
SH717153,SO500641,25,2024-07-19,5000
SH717154,SO500642,25,2024-07-26,2000
SH717155,SO500643,25,2024-08-13,2000
SH717156,SO500644,26,2024-08-07,4000
SH717157,SO500645,24,2024-08-15,5000
SH717158,SO500717,25,2024-08-28,3000
SH717159,SO500646,25,2024-08-27,2000
SH717160,SO500647,25,2024-09-05,3000
SH717161,SO500648,27,2024-09-09,3000
SH717162,SO500648,27,2024-09-17,3000
SH717163,SO500649,23,2024-09-19,2000
SH717164,SO500649,23,2024-10-03,2000
SH717165,SO500650,25,2024-09-25,9000
SH717166,SO500651,23,2024-09-30,1000
SH717167,SO500652,25,2024-10-07,3000
SH717168,SO500653,26,2024-10-14,2000
SH717169,SO500654,23,2024-10-23,2000
SH717170,SO500655,27,2024-10-30,1000
SH717171,SO500655,27,2024-11-08,1000
SH717172,SO500656,25,2024-11-07,3000
SH717173,SO500657,24,2024-11-15,3000
SH717174,SO500718,19,2024-11-18,5000
SH717175,SO500658,20,2024-11-25,2000
SH717176,SO500659,27,2024-12-06,3000
SH717177,SO500719,19,2025-01-02,5000
SH717178,SO500661,20,2024-12-27,2000
SH717179,SO500661,20,2024-12-31,2000
SH717180,SO500720,16,2025-01-01,5000
SH717181,SO500750,21,2025-01-06,1000
SH717182,SO500750,21,2025-01-31,1000
SH717183,SO500663,25,2025-01-20,1000
SH717184,SO500664,26,2025-01-29,4000
SH717185,SO500665,25,2025-02-07,2000
SH717186,SO500666,26,2025-02-13,7000
SH717187,SO500721,23,2025-02-21,1000
SH717188,SO500667,24,2025-02-25,3000
SH717189,SO500722,24,2025-03-06,3000
SH717190,SO500668,26,2025-03-12,9000
SH717191,SO500669,27,2025-03-19,3000
SH717192,SO500670,27,2025-03-24,5000
SH717193,SO500671,28,2025-04-04,2000
SH717194,SO500672,26,2025-04-11,2000
SH717195,SO500673,27,2025-04-14,4000
SH717196,SO500674,28,2025-04-22,1000
SH717197,SO500675,27,2025-05-08,3000
SH717198,SO500675,27,2025-05-21,2000
SH717199,SO500676,25,2025-05-05,2000
SH717200,SO500677,27,2025-05-14,4000
SH717201,SO500678,26,2025-05-22,1000
SH717202,SO500679,27,2025-05-26,7000
SH717203,SO500680,27,2025-06-05,4000
SH717204,SO500681,26,2025-06-13,2000
SH717205,SO500682,26,2025-06-19,7000
SH717206,SO500723,23,2025-06-24,4000
SH717207,SO500683,27,2025-07-01,3000
SH717208,SO500684,25,2025-07-08,3000
SH717209,SO500685,26,2025-07-16,6000
SH717210,SO500686,27,2025-07-25,5000
SH717211,SO500687,28,2025-07-30,2000
SH717212,SO500688,26,2025-08-05,12000
SH717213,SO500689,27,2025-08-13,1000
SH717214,SO500690,26,2025-08-18,2000
SH717215,SO500691,27,2025-08-29,3000
SH717216,SO500692,23,2025-09-02,2000
SH717217,SO500724,20,2025-09-08,1000
SH717218,SO500725,21,2025-09-15,1000
SH717219,SO500726,19,2025-09-22,5000
SH717220,SO500728,20,2025-10-06,5000
SH717221,SO500693,19,2025-10-13,4000
SH717222,SO500729,16,2025-11-10,6000
SH717223,SO500730,19,2025-10-30,4000
SH717224,SO500731,16,2025-11-04,3000
SH717225,SO500731,16,2025-11-21,2000
SH717226,SO500694,21,2025-11-11,2000
SH717227,SO500694,21,2025-11-19,2000
SH717228,SO500732,17,2025-11-19,5000
SH717229,SO500733,15,2025-11-26,1000
SH717230,SO500733,15,2025-12-05,1000
SH717231,SO500734,17,2025-12-03,1000
SH717232,SO500734,17,2025-12-18,2000
SH717233,SO500735,15,2025-12-15,3000
SH717234,SO500695,19,2025-12-18,2000
SH717235,SO500696,17,2025-12-25,5000
SH717236,SO500697,21,2025-12-30,2000
SH717237,SO500698,19,2026-01-06,1000
SH717238,SO500698,19,2026-01-27,1000
SH717239,SO500699,21,2026-01-16,4000
SH717240,SO500700,21,2026-01-21,3000
SH717241,SO500701,22,2026-01-28,1000
SH717242,SO500736,22,2026-02-02,1000
SH717243,SO500737,21,2026-02-09,1000
SH717244,SO500738,20,2026-02-20,3000
SH717245,SO500739,22,2026-02-27,4000
SH717246,SO500740,24,2026-03-04,2000
SH717247,SO500741,21,2026-03-12,1000
SH717248,SO500742,20,2026-03-19,2000
SH717249,SO500743,23,2026-03-27,5000
SH717250,SO500744,27,2026-03-30,6000
SH717251,SO500702,26,2026-04-06,3000
SH717252,SO500745,25,2026-04-13,1000
SH717253,SO500703,24,2026-04-22,1000
SH717254,SO500704,24,2026-05-01,8000
SH717255,SO500705,26,2026-05-08,4000
SH717256,SO500706,26,2026-05-13,6000
SH717257,SO500707,26,2026-05-18,2000
SH717258,SO500708,27,2026-05-29,3000
SH717259,SO500746,27,2026-06-05,3000
SH717260,SO500709,24,2026-06-10,6000
SH717261,SO500747,26,2026-06-16,8000
SH717262,SO500601,29,2024-05-17,300
SH717263,SO500602,29,2024-05-09,300
SH717264,SO500603,29,2024-05-03,300
SH717265,SO500604,29,2024-04-23,300
SH717266,SO500605,29,2024-04-18,300
SH717267,SO500606,29,2024-04-10,300
SH717268,SO500607,29,2024-04-04,300
SH717269,SO500608,29,2024-03-27,300
SH717270,SO500609,25,2024-03-21,300
SH717271,SO500610,25,2024-03-15,300
SH717272,SO500611,19,2024-03-06,300
SH717273,SO500612,19,2024-03-01,300
SH717274,SO500613,9,2024-02-22,300
SH717275,SO500614,9,2024-02-15,300
SH717276,SO500615,9,2024-02-06,300
SH717277,SO500616,9,2024-01-31,300
SH717278,SO500617,6,2024-01-22,300
SH717279,SO500618,6,2024-01-19,300
SH717280,SO500619,6,2024-01-08,300
SH717281,SO500620,6,2024-01-04,300
SH717282,SO500621,22,2024-05-21,450
SH717283,SO500622,26,2024-05-29,450
SH717284,SO500623,28,2024-06-06,50
SH717285,SO500624,25,2024-06-14,100
SH717286,SO500625,25,2024-06-19,650
SH717287,SO500626,26,2024-06-24,850
SH717288,SO500627,24,2024-07-03,400
SH717289,SO500628,26,2024-07-24,1250
SH717290,SO500629,27,2024-07-18,50
SH717291,SO500629,27,2024-08-09,100
SH717292,SO500630,27,2024-07-25,500
SH717293,SO500631,28,2024-08-01,400
SH717294,SO500632,27,2024-08-05,650
SH717295,SO500635,27,2024-08-28,100
SH717296,SO500635,27,2024-09-09,100
SH717297,SO500637,28,2024-09-11,350
SH717298,SO500638,28,2024-09-17,400
SH717299,SO500639,28,2024-09-30,400
SH717300,SO500640,27,2024-09-30,200
SH717301,SO500641,26,2024-10-07,350
SH717302,SO500642,26,2024-10-16,150
SH717303,SO500643,26,2024-10-21,400
SH717304,SO500644,27,2024-10-31,700
SH717305,SO500645,25,2024-11-06,150
SH717306,SO500717,26,2024-11-13,50
SH717307,SO500646,26,2024-11-19,350
SH717308,SO500647,26,2024-11-29,1000
SH717309,SO500648,28,2024-12-06,900
SH717310,SO500649,24,2024-12-13,750
SH717311,SO500650,26,2024-12-19,450
SH717312,SO500652,26,2025-01-02,400
SH717313,SO500653,27,2025-01-10,350
SH717314,SO500654,24,2025-01-17,1350
SH717315,SO500656,26,2025-01-31,200
SH717316,SO500718,20,2025-02-10,300
SH717317,SO500658,21,2025-02-21,850
SH717318,SO500719,20,2025-03-04,700
SH717319,SO500661,21,2025-03-21,100
SH717320,SO500720,17,2025-03-27,200
SH717321,SO500750,22,2025-04-03,550
SH717322,SO500664,27,2025-04-23,450
SH717323,SO500666,27,2025-05-09,350
SH717324,SO500721,24,2025-05-16,450
SH717325,SO500667,25,2025-05-22,50
SH717326,SO500722,25,2025-05-26,450
SH717327,SO500668,27,2025-06-20,600
SH717328,SO500669,28,2025-06-09,550
SH717329,SO500670,28,2025-06-18,550
SH717330,SO500671,29,2025-06-24,950
SH717331,SO500672,27,2025-06-30,100
SH717332,SO500673,28,2025-07-07,500
SH717333,SO500674,29,2025-07-18,850
SH717334,SO500675,28,2025-07-25,350
SH717335,SO500676,26,2025-07-30,200
SH717336,SO500677,28,2025-08-07,600
SH717337,SO500678,27,2025-09-26,500
SH717338,SO500679,28,2025-11-10,250
SH717339,SO500680,28,2025-10-22,950
SH717340,SO500681,27,2025-11-27,150
SH717341,SO500682,27,2025-09-10,500
SH717342,SO500723,24,2025-10-22,550
SH717343,SO500683,28,2026-01-02,600
SH717344,SO500683,28,2026-01-12,400
SH717345,SO500684,26,2025-10-02,50
SH717346,SO500687,29,2025-11-19,200
SH717347,SO500687,29,2025-11-28,150
SH717348,SO500688,27,2025-12-19,1350
SH717349,SO500689,28,2025-11-05,450
SH717350,SO500690,27,2026-01-15,950
SH717351,SO500691,28,2026-02-27,550
SH717352,SO500724,21,2025-12-05,350
SH717353,SO500725,22,2026-02-10,50
SH717354,SO500699,22,2026-06-03,250
SH717355,SO500740,25,2026-05-29,200
SH717356,SO500741,22,2026-06-04,100
SH717357,SO500743,24,2026-06-17,550
SH717358,SO500744,28,2026-06-25,100
SH717359,SO500751,1,2024-03-20,50
SH717360,SO500752,1,2024-03-12,50
SH717361,SO500753,1,2024-03-08,50
SH717362,SO500754,1,2024-02-26,50
SH717363,SO500755,1,2024-02-20,50
SH717364,SO500756,1,2024-02-23,50
SH717365,SO500757,1,2024-02-09,50
SH717366,SO500758,1,2024-01-29,50
SH717367,SO500759,1,2024-01-25,50
SH717368,SO500760,1,2024-01-19,50
SH717369,SO500761,1,2024-01-09,50
SH717370,SO500762,1,2024-01-01,50
SH717371,SO500763,1,2024-03-29,250
SH717372,SO500764,1,2024-04-10,50
SH717373,SO500765,1,2024-04-18,50
SH717374,SO500766,1,2024-04-29,100
SH717375,SO500767,1,2024-05-10,50
SH717376,SO500768,1,2024-05-13,50
SH717377,SO500769,1,2024-05-21,50
SH717378,SO500770,1,2024-05-28,50
SH717379,SO500771,1,2024-06-04,50
SH717380,SO500772,1,2024-06-11,100
SH717381,SO500773,1,2024-06-19,50
SH717382,SO500774,1,2024-06-27,50
SH717383,SO500775,1,2024-07-05,100
SH717384,SO500776,1,2024-07-08,200
SH717385,SO500777,1,2024-07-19,100
SH717386,SO500778,1,2024-07-25,100
SH717387,SO500779,1,2024-07-29,50
SH717388,SO500780,1,2024-08-07,50
SH717389,SO500781,1,2024-08-16,100
SH717390,SO500782,1,2024-08-22,150
SH717391,SO500783,1,2024-08-30,100
SH717392,SO500784,1,2024-09-05,150
SH717393,SO500785,1,2024-09-09,50
SH717394,SO500786,1,2024-09-16,50
SH717395,SO500786,1,2024-09-30,50
SH717396,SO500787,1,2024-09-27,100
SH717397,SO500788,1,2024-10-04,50
SH717398,SO500789,1,2024-10-08,50
SH717399,SO500790,1,2024-10-14,50
SH717400,SO500791,1,2024-11-25,50
SH717401,SO500792,1,2024-11-12,50
SH717402,SO500793,1,2024-11-25,150
SH717403,SO500794,1,2024-12-06,100
SH717404,SO500795,1,2024-12-26,100
SH717405,SO500796,1,2024-12-17,100
SH717406,SO500797,1,2025-01-15,100
SH717407,SO500798,1,2025-01-09,50
SH717408,SO500799,1,2025-01-15,50
SH717409,SO500800,1,2025-01-20,50
SH717410,SO500801,1,2025-01-30,50
SH717411,SO500802,1,2025-02-11,50
SH717412,SO500803,1,2025-03-24,200
SH717413,SO500804,1,2025-03-11,50
SH717414,SO500805,1,2025-03-18,50
SH717415,SO500806,1,2025-04-04,50
SH717416,SO500807,1,2025-04-11,100
SH717417,SO500808,1,2025-05-09,100
SH717418,SO500809,1,2025-04-24,50
SH717419,SO500809,1,2025-05-08,50
SH717420,SO500810,1,2025-04-28,50
SH717421,SO500811,1,2025-05-05,50
SH717422,SO500812,1,2025-05-13,50
SH717423,SO500813,1,2025-05-20,100
SH717424,SO500814,1,2025-05-30,150
SH717425,SO500815,1,2025-06-06,50
SH717426,SO500816,1,2025-06-12,50
SH717427,SO500817,1,2025-06-20,50
SH717428,SO500818,1,2025-06-30,50
SH717429,SO500818,1,2025-07-16,50
SH717430,SO500819,1,2025-07-07,100
SH717431,SO500820,1,2025-07-24,50
SH717432,SO500821,1,2025-08-01,100
SH717433,SO500822,1,2025-08-05,50
SH717434,SO500823,1,2025-08-11,100
SH717435,SO500824,1,2025-08-22,50
SH717436,SO500825,1,2025-08-29,50
SH717437,SO500826,1,2025-09-03,50
SH717438,SO500827,1,2025-09-08,150
SH717439,SO500828,1,2025-09-15,100
SH717440,SO500829,1,2025-09-25,50
SH717441,SO500829,1,2025-10-15,100
SH717442,SO500830,1,2025-10-03,100
SH717443,SO500831,1,2025-10-06,50
SH717444,SO500832,1,2025-10-16,100
SH717445,SO500833,1,2025-10-23,50
SH717446,SO500833,1,2025-11-04,50
SH717447,SO500834,1,2025-10-29,100
SH717448,SO500835,1,2025-11-03,50
SH717449,SO500836,1,2025-11-14,50
SH717450,SO500837,1,2025-12-08,100
SH717451,SO500838,1,2025-12-05,50
SH717452,SO500839,1,2025-12-09,150
SH717453,SO500840,1,2025-12-25,50
SH717454,SO500841,1,2026-01-01,50
SH717455,SO500842,1,2026-01-06,100
SH717456,SO500843,1,2026-01-16,100
SH717457,SO500844,1,2026-01-28,50
SH717458,SO500844,1,2026-02-02,50
SH717459,SO500845,1,2026-03-12,100
SH717460,SO500846,1,2026-03-20,100
SH717461,SO500847,1,2026-04-03,50
SH717462,SO500848,1,2026-04-09,100
SH717463,SO500849,1,2026-04-14,100
SH717464,SO500850,1,2026-04-20,50
SH717465,SO500851,1,2026-05-21,100
SH717466,SO500852,1,2026-05-28,50
SH717467,SO500853,1,2026-06-02,50
SH717468,SO500854,1,2026-06-12,100
SH717469,SO500855,1,2026-06-19,50
SH717470,SO500856,1,2026-06-25,50
SH717471,SO500751,2,2024-04-19,30
SH717472,SO500752,2,2024-04-10,30
SH717473,SO500753,2,2024-04-02,30
SH717474,SO500754,2,2024-03-28,30
SH717475,SO500755,2,2024-03-21,30
SH717476,SO500756,2,2024-03-13,30
SH717477,SO500757,2,2024-03-05,30
SH717478,SO500758,2,2024-02-28,30
SH717479,SO500759,2,2024-02-20,30
SH717480,SO500760,2,2024-02-12,10
SH717481,SO500760,2,2024-02-27,20
SH717482,SO500761,2,2024-02-09,30
SH717483,SO500762,2,2024-02-01,30
SH717484,SO500869,1,2024-01-23,30
SH717485,SO500870,1,2024-01-19,30
SH717486,SO500871,1,2024-01-10,30
SH717487,SO500872,1,2024-01-05,10
SH717488,SO500872,1,2024-01-19,20
SH717489,SO500763,2,2024-04-22,30
SH717490,SO500873,1,2024-05-01,40
SH717491,SO500764,2,2024-05-09,20
SH717492,SO500874,1,2024-05-21,40
SH717493,SO500766,2,2024-05-30,20
SH717494,SO500767,2,2024-06-04,40
SH717495,SO500768,2,2024-06-18,70
SH717496,SO500769,2,2024-07-02,50
SH717497,SO500770,2,2024-06-27,20
SH717498,SO500771,2,2024-07-01,30
SH717499,SO500772,2,2024-07-12,50
SH717500,SO500773,2,2024-07-18,30
SH717501,SO500774,2,2024-07-23,20
SH717502,SO500775,2,2024-07-30,60
SH717503,SO500776,2,2024-08-06,10
SH717504,SO500777,2,2024-08-12,60
SH717505,SO500778,2,2024-08-20,60
SH717506,SO500779,2,2024-08-28,80
SH717507,SO500780,2,2024-09-04,50
SH717508,SO500781,2,2024-09-11,80
SH717509,SO500782,2,2024-09-19,90
SH717510,SO500783,2,2024-09-26,30
SH717511,SO500784,2,2024-09-30,30
SH717512,SO500785,2,2024-10-11,60
SH717513,SO500786,2,2024-10-21,30
SH717514,SO500787,2,2024-10-23,60
SH717515,SO500788,2,2024-11-05,50
SH717516,SO500789,2,2024-11-07,10
SH717517,SO500790,2,2024-11-15,20
SH717518,SO500875,1,2024-11-20,30
SH717519,SO500876,1,2024-11-28,40
SH717520,SO500791,2,2024-12-05,50
SH717521,SO500792,2,2024-12-11,20
SH717522,SO500877,1,2024-12-19,10
SH717523,SO500793,2,2024-12-25,50
SH717524,SO500794,2,2025-01-08,50
SH717525,SO500795,2,2025-01-07,10
SH717526,SO500796,2,2025-01-17,50
SH717527,SO500878,1,2025-01-23,30
SH717528,SO500799,2,2025-02-13,60
SH717529,SO500800,2,2025-02-20,20
SH717530,SO500801,2,2025-02-28,50
SH717531,SO500879,1,2025-03-05,20
SH717532,SO500880,1,2025-03-17,30
SH717533,SO500880,1,2025-04-01,20
SH717534,SO500881,1,2025-03-27,40
SH717535,SO500803,2,2025-04-03,120
SH717536,SO500804,2,2025-04-08,30
SH717537,SO500805,2,2025-04-14,10
SH717538,SO500806,2,2025-04-30,60
SH717539,SO500807,2,2025-05-08,70
SH717540,SO500808,2,2025-05-14,70
SH717541,SO500809,2,2025-05-23,50
SH717542,SO500811,2,2025-06-06,10
SH717543,SO500812,2,2025-06-11,40
SH717544,SO500813,2,2025-06-20,90
SH717545,SO500814,2,2025-06-25,50
SH717546,SO500816,2,2025-07-08,20
SH717547,SO500817,2,2025-07-18,50
SH717548,SO500882,1,2025-07-23,50
SH717549,SO500818,2,2025-07-31,70
SH717550,SO500819,2,2025-08-05,80
SH717551,SO500883,1,2025-08-13,50
SH717552,SO500820,2,2025-08-22,70
SH717553,SO500821,2,2025-08-29,110
SH717554,SO500822,2,2025-09-03,30
SH717555,SO500823,2,2025-09-11,80
SH717556,SO500824,2,2025-09-18,20
SH717557,SO500825,2,2025-09-23,60
SH717558,SO500826,2,2025-10-02,10
SH717559,SO500827,2,2025-10-09,10
SH717560,SO500827,2,2025-10-27,20
SH717561,SO500828,2,2025-10-14,60
SH717562,SO500829,2,2025-10-22,30
SH717563,SO500830,2,2025-10-28,10
SH717564,SO500832,2,2025-11-13,10
SH717565,SO500834,2,2025-11-24,10
SH717566,SO500835,2,2025-12-02,30
SH717567,SO500839,2,2026-01-09,10
SH717568,SO500884,1,2026-01-16,10
SH717569,SO500840,2,2026-01-21,10
SH717570,SO500841,2,2026-01-29,20
SH717571,SO500842,2,2026-02-06,10
SH717572,SO500885,1,2026-03-06,20
SH717573,SO500886,1,2026-03-10,20
SH717574,SO500887,1,2026-04-03,20
SH717575,SO500845,2,2026-04-08,30
SH717576,SO500846,2,2026-04-14,10
SH717577,SO500888,1,2026-04-20,10
SH717578,SO500847,2,2026-05-01,20
SH717579,SO500848,2,2026-05-07,10
SH717580,SO500849,2,2026-05-15,50
SH717581,SO500850,2,2026-05-19,40
SH717582,SO500850,2,2026-05-28,30
SH717583,SO500889,1,2026-05-26,10
SH717584,SO500890,1,2026-06-05,10
SH717585,SO500891,1,2026-06-09,40
SH717586,SO500851,2,2026-06-19,40
SH717587,SO500852,2,2026-06-25,40
SH717588,SO500751,3,2024-05-02,30
SH717589,SO500752,3,2024-04-11,30
SH717590,SO500753,3,2024-04-05,30
SH717591,SO500754,3,2024-03-26,30
SH717592,SO500755,3,2024-03-19,30
SH717593,SO500756,3,2024-04-05,30
SH717594,SO500757,3,2024-03-05,30
SH717595,SO500758,3,2024-02-28,30
SH717596,SO500759,3,2024-02-19,30
SH717597,SO500760,3,2024-02-14,30
SH717598,SO500761,3,2024-02-06,30
SH717599,SO500762,3,2024-01-29,30
SH717600,SO500869,2,2024-01-23,30
SH717601,SO500870,2,2024-01-18,30
SH717602,SO500871,2,2024-01-11,30
SH717603,SO500872,2,2024-01-01,30
SH717604,SO500763,3,2024-05-03,70
SH717605,SO500873,2,2024-05-03,60
SH717606,SO500764,3,2024-05-09,20
SH717607,SO500764,3,2024-05-14,20
SH717608,SO500874,2,2024-05-21,20
SH717609,SO500766,3,2024-05-30,20
SH717610,SO500767,3,2024-06-06,40
SH717611,SO500768,3,2024-06-11,30
SH717612,SO500768,3,2024-06-26,20
SH717613,SO500769,3,2024-06-20,40
SH717614,SO500770,3,2024-06-25,40
SH717615,SO500771,3,2024-07-01,90
SH717616,SO500772,3,2024-07-11,80
SH717617,SO500773,3,2024-07-16,30
SH717618,SO500774,3,2024-07-24,40
SH717619,SO500775,3,2024-07-31,80
SH717620,SO500776,3,2024-08-08,30
SH717621,SO500777,3,2024-08-15,40
SH717622,SO500778,3,2024-08-22,10
SH717623,SO500778,3,2024-09-10,10
SH717624,SO500780,3,2024-09-25,10
SH717625,SO500781,3,2024-09-12,100
SH717626,SO500782,3,2024-09-18,30
SH717627,SO500782,3,2024-09-26,30
SH717628,SO500784,3,2024-10-01,10
SH717629,SO500785,3,2024-10-07,40
SH717630,SO500786,3,2024-10-18,50
SH717631,SO500787,3,2024-10-21,50
SH717632,SO500790,3,2024-11-12,10
SH717633,SO500790,3,2024-12-04,10
SH717634,SO500875,2,2024-11-21,90
SH717635,SO500876,2,2024-11-29,50
SH717636,SO500791,3,2024-12-20,60
SH717637,SO500792,3,2024-12-11,20
SH717638,SO500877,2,2024-12-16,30
SH717639,SO500793,3,2024-12-24,60
SH717640,SO500794,3,2025-01-02,20
SH717641,SO500795,3,2025-01-09,70
SH717642,SO500797,2,2025-01-30,10
SH717643,SO500798,2,2025-02-03,30
SH717644,SO500799,3,2025-02-11,30
SH717645,SO500799,3,2025-02-17,20
SH717646,SO500801,3,2025-02-26,50
SH717647,SO500879,2,2025-03-07,10
SH717648,SO500879,2,2025-03-21,20
SH717649,SO500802,2,2025-03-11,70
SH717650,SO500880,2,2025-03-19,40
SH717651,SO500881,2,2025-03-25,40
SH717652,SO500803,3,2025-04-02,40
SH717653,SO500804,3,2025-04-08,60
SH717654,SO500805,3,2025-04-15,30
SH717655,SO500892,1,2025-04-23,40
SH717656,SO500892,1,2025-05-16,30
SH717657,SO500806,3,2025-04-28,100
SH717658,SO500807,3,2025-05-07,50
SH717659,SO500808,3,2025-05-14,30
SH717660,SO500809,3,2025-05-22,50
SH717661,SO500810,2,2025-05-27,70
SH717662,SO500811,3,2025-06-06,40
SH717663,SO500812,3,2025-06-09,90
SH717664,SO500814,3,2025-06-24,40
SH717665,SO500815,2,2025-07-04,50
SH717666,SO500816,3,2025-07-09,70
SH717667,SO500817,3,2025-07-16,50
SH717668,SO500817,3,2025-08-07,40
SH717669,SO500882,2,2025-07-24,30
SH717670,SO500818,3,2025-08-14,50
SH717671,SO500819,3,2025-08-08,10
SH717672,SO500819,3,2025-08-18,20
SH717673,SO500883,2,2025-08-12,70
SH717674,SO500820,3,2025-08-22,40
SH717675,SO500821,3,2025-08-27,50
SH717676,SO500822,3,2025-09-02,50
SH717677,SO500823,3,2025-09-12,30
SH717678,SO500824,3,2025-09-16,10
SH717679,SO500825,3,2025-09-25,90
SH717680,SO500826,3,2025-09-29,40
SH717681,SO500827,3,2025-10-15,80
SH717682,SO500828,3,2025-10-30,40
SH717683,SO500829,3,2025-10-22,60
SH717684,SO500832,3,2025-11-12,10
SH717685,SO500834,3,2025-11-26,20
SH717686,SO500839,3,2026-01-08,20
SH717687,SO500893,1,2026-02-16,20
SH717688,SO500844,2,2026-03-03,20
SH717689,SO500885,2,2026-03-06,90
SH717690,SO500894,1,2026-03-17,30
SH717691,SO500895,1,2026-03-27,40
SH717692,SO500887,2,2026-03-31,20
SH717693,SO500845,3,2026-04-07,20
SH717694,SO500849,3,2026-05-12,10
SH717695,SO500849,3,2026-05-26,20
SH717696,SO500850,3,2026-05-18,40
SH717697,SO500889,2,2026-05-27,90
SH717698,SO500890,2,2026-06-03,20
SH717699,SO500891,2,2026-06-08,50
SH717700,SO500851,3,2026-06-15,30
SH717701,SO500852,3,2026-06-24,40
SH717702,SO500751,4,2024-03-20,350
SH717703,SO500752,4,2024-03-13,350
SH717704,SO500753,4,2024-03-06,350
SH717705,SO500754,4,2024-02-28,350
SH717706,SO500755,4,2024-02-22,350
SH717707,SO500756,4,2024-02-16,350
SH717708,SO500757,4,2024-02-09,350
SH717709,SO500758,4,2024-01-31,350
SH717710,SO500759,4,2024-02-05,350
SH717711,SO500760,4,2024-01-19,350
SH717712,SO500761,4,2024-01-24,350
SH717713,SO500762,4,2024-01-01,350
SH717714,SO500763,4,2024-03-26,150
SH717715,SO500873,3,2024-04-01,150
SH717716,SO500764,4,2024-04-11,200
SH717717,SO500764,4,2024-04-15,200
SH717718,SO500765,2,2024-04-18,200
SH717719,SO500874,3,2024-04-24,500
SH717720,SO500766,4,2024-05-02,400
SH717721,SO500767,4,2024-05-08,350
SH717722,SO500768,4,2024-05-14,350
SH717723,SO500769,4,2024-05-20,300
SH717724,SO500770,4,2024-05-27,450
SH717725,SO500771,4,2024-06-04,300
SH717726,SO500772,4,2024-06-11,650
SH717727,SO500773,4,2024-06-17,350
SH717728,SO500774,4,2024-06-26,200
SH717729,SO500775,4,2024-07-04,550
SH717730,SO500776,4,2024-07-08,350
SH717731,SO500777,4,2024-07-19,850
SH717732,SO500778,4,2024-07-22,600
SH717733,SO500779,3,2024-07-31,750
SH717734,SO500780,4,2024-08-05,300
SH717735,SO500781,4,2024-08-12,550
SH717736,SO500782,4,2024-08-21,300
SH717737,SO500782,4,2024-09-09,250
SH717738,SO500783,3,2024-08-26,150
SH717739,SO500784,4,2024-09-04,650
SH717740,SO500785,4,2024-09-13,50
SH717741,SO500786,4,2024-09-27,200
SH717742,SO500788,3,2024-10-09,550
SH717743,SO500789,3,2024-10-10,100
SH717744,SO500789,3,2024-10-25,100
SH717745,SO500790,4,2024-10-14,250
SH717746,SO500875,3,2024-10-24,350
SH717747,SO500876,3,2024-10-30,100
SH717748,SO500791,4,2024-11-08,300
SH717749,SO500792,4,2024-11-13,200
SH717750,SO500877,3,2024-11-18,650
SH717751,SO500794,4,2024-12-02,500
SH717752,SO500795,4,2024-12-11,350
SH717753,SO500796,3,2024-12-19,50
SH717754,SO500878,2,2024-12-26,450
SH717755,SO500797,3,2024-12-31,350
SH717756,SO500798,3,2025-01-06,400
SH717757,SO500799,4,2025-01-17,300
SH717758,SO500800,3,2025-01-23,200
SH717759,SO500801,4,2025-01-28,400
SH717760,SO500879,3,2025-02-06,150
SH717761,SO500802,3,2025-02-12,500
SH717762,SO500802,3,2025-02-17,350
SH717763,SO500881,3,2025-03-07,100
SH717764,SO500803,4,2025-03-05,300
SH717765,SO500804,4,2025-03-10,250
SH717766,SO500805,4,2025-04-03,400
SH717767,SO500892,2,2025-03-24,150
SH717768,SO500806,4,2025-04-01,550
SH717769,SO500808,4,2025-04-17,300
SH717770,SO500809,4,2025-04-23,750
SH717771,SO500810,3,2025-05-02,550
SH717772,SO500811,4,2025-05-28,550
SH717773,SO500812,4,2025-05-15,150
SH717774,SO500813,3,2025-06-03,200
SH717775,SO500814,4,2025-05-28,350
SH717776,SO500815,3,2025-06-03,850
SH717777,SO500816,4,2025-06-30,850
SH717778,SO500817,4,2025-06-20,150
SH717779,SO500882,3,2025-07-15,100
SH717780,SO500818,4,2025-07-16,50
SH717781,SO500819,4,2025-07-07,500
SH717782,SO500883,3,2025-07-18,1200
SH717783,SO500820,4,2025-07-25,150
SH717784,SO500821,4,2025-07-30,150
SH717785,SO500823,4,2025-08-13,500
SH717786,SO500824,4,2025-08-20,50
SH717787,SO500824,4,2025-08-28,100
SH717788,SO500825,4,2025-08-26,350
SH717789,SO500826,4,2025-09-04,200
SH717790,SO500829,4,2025-09-26,350
SH717791,SO500830,3,2025-09-30,800
SH717792,SO500831,2,2025-10-07,250
SH717793,SO500832,4,2025-10-16,400
SH717794,SO500833,2,2025-11-07,550
SH717795,SO500834,4,2025-10-28,700
SH717796,SO500835,3,2025-11-05,250
SH717797,SO500836,2,2025-11-18,250
SH717798,SO500896,1,2025-12-02,150
SH717799,SO500838,2,2025-12-01,250
SH717800,SO500839,4,2025-12-12,200
SH717801,SO500839,4,2025-12-18,200
SH717802,SO500884,2,2025-12-15,100
SH717803,SO500840,3,2025-12-23,200
SH717804,SO500841,3,2026-01-02,350
SH717805,SO500842,3,2026-01-09,100
SH717806,SO500843,2,2026-01-12,450
SH717807,SO500893,2,2026-01-23,150
SH717808,SO500844,3,2026-01-26,200
SH717809,SO500885,3,2026-02-03,350
SH717810,SO500886,2,2026-02-12,350
SH717811,SO500894,2,2026-02-19,100
SH717812,SO500895,2,2026-03-13,550
SH717813,SO500887,3,2026-03-02,650
SH717814,SO500888,2,2026-03-23,350
SH717815,SO500847,3,2026-04-01,50
SH717816,SO500847,3,2026-04-07,100
SH717817,SO500848,3,2026-04-10,450
SH717818,SO500849,4,2026-04-17,400
SH717819,SO500849,4,2026-04-20,300
SH717820,SO500850,4,2026-04-24,300
SH717821,SO500850,4,2026-05-12,200
SH717822,SO500889,3,2026-04-29,350
SH717823,SO500889,3,2026-05-19,250
SH717824,SO500890,3,2026-05-05,350
SH717825,SO500891,3,2026-05-14,950
SH717826,SO500851,4,2026-05-21,150
SH717827,SO500853,4,2026-06-02,50
SH717828,SO500854,3,2026-06-09,250
SH717829,SO500855,3,2026-06-17,250
SH717830,SO500856,3,2026-06-25,50
SH717831,SO500751,5,2024-03-08,1000
SH717832,SO500752,5,2024-02-29,1000
SH717833,SO500753,5,2024-02-22,1000
SH717834,SO500754,5,2024-02-14,1000
SH717835,SO500755,5,2024-02-09,500
SH717836,SO500755,5,2024-02-27,500
SH717837,SO500756,5,2024-02-02,1000
SH717838,SO500757,5,2024-01-23,1000
SH717839,SO500758,5,2024-01-18,1000
SH717840,SO500759,5,2024-01-11,1000
SH717841,SO500760,5,2024-01-02,1000
SH717842,SO500764,5,2024-03-29,500
SH717843,SO500765,3,2024-04-04,500
SH717844,SO500874,4,2024-04-09,500
SH717845,SO500766,5,2024-04-15,500
SH717846,SO500768,5,2024-05-02,500
SH717847,SO500769,5,2024-05-06,1000
SH717848,SO500770,5,2024-05-14,500
SH717849,SO500770,5,2024-05-31,500
SH717850,SO500772,5,2024-05-31,500
SH717851,SO500773,5,2024-06-07,1000
SH717852,SO500774,5,2024-06-13,1500
SH717853,SO500775,5,2024-06-18,2000
SH717854,SO500776,5,2024-06-28,1500
SH717855,SO500777,5,2024-07-02,1000
SH717856,SO500778,5,2024-07-08,1000
SH717857,SO500779,4,2024-07-15,500
SH717858,SO500780,5,2024-07-24,2000
SH717859,SO500781,5,2024-08-02,1000
SH717860,SO500781,5,2024-08-16,1000
SH717861,SO500782,5,2024-08-06,1000
SH717862,SO500784,5,2024-08-20,1000
SH717863,SO500785,5,2024-08-27,1500
SH717864,SO500786,5,2024-09-05,1500
SH717865,SO500787,4,2024-09-11,1500
SH717866,SO500790,5,2024-10-04,1000
SH717867,SO500875,4,2024-10-09,1000
SH717868,SO500876,4,2024-10-15,500
SH717869,SO500792,5,2024-10-30,1000
SH717870,SO500877,4,2024-11-05,500
SH717871,SO500793,4,2024-11-11,1000
SH717872,SO500794,5,2024-11-19,1500
SH717873,SO500795,5,2024-11-27,1000
SH717874,SO500796,4,2024-12-02,1000
SH717875,SO500878,3,2024-12-09,1000
SH717876,SO500797,4,2024-12-16,500
SH717877,SO500799,5,2024-12-31,1000
SH717878,SO500800,4,2025-01-09,1000
SH717879,SO500801,5,2025-01-13,500
SH717880,SO500802,4,2025-01-29,1000
SH717881,SO500880,3,2025-02-04,500
SH717882,SO500803,5,2025-02-18,1000
SH717883,SO500892,3,2025-03-12,500
SH717884,SO500806,5,2025-03-18,500
SH717885,SO500806,5,2025-03-27,500
SH717886,SO500807,4,2025-03-27,500
SH717887,SO500809,5,2025-04-08,2000
SH717888,SO500810,4,2025-04-17,1000
SH717889,SO500811,5,2025-04-24,1500
SH717890,SO500812,5,2025-05-01,1000
SH717891,SO500813,4,2025-05-08,3500
SH717892,SO500814,5,2025-05-12,500
SH717893,SO500815,4,2025-05-20,1000
SH717894,SO500816,5,2025-05-27,1500
SH717895,SO500817,5,2025-06-05,500
SH717896,SO500882,4,2025-06-12,500
SH717897,SO500882,4,2025-06-27,1000
SH717898,SO500818,5,2025-06-20,500
SH717899,SO500819,5,2025-06-23,1500
SH717900,SO500820,5,2025-07-10,1000
SH717901,SO500821,5,2025-07-15,1500
SH717902,SO500822,4,2025-08-13,1500
SH717903,SO500823,5,2025-07-29,1500
SH717904,SO500824,5,2025-08-07,500
SH717905,SO500825,5,2025-08-15,1500
SH717906,SO500828,4,2025-09-01,1500
SH717907,SO500829,5,2025-09-09,500
SH717908,SO500830,4,2025-09-17,500
SH717909,SO500831,3,2025-09-23,1000
SH717910,SO500832,5,2025-10-02,1000
SH717911,SO500833,3,2025-10-07,500
SH717912,SO500834,5,2025-10-17,1500
SH717913,SO500835,4,2025-10-20,1000
SH717914,SO500836,3,2025-10-27,1000
SH717915,SO500896,2,2025-11-06,500
SH717916,SO500837,2,2025-11-14,500
SH717917,SO500838,3,2025-11-17,500
SH717918,SO500839,5,2025-11-27,1500
SH717919,SO500884,3,2025-12-23,500
SH717920,SO500840,4,2025-12-10,500
SH717921,SO500841,4,2025-12-16,500
SH717922,SO500843,3,2026-01-12,1000
SH717923,SO500893,3,2026-01-09,500
SH717924,SO500844,4,2026-01-12,1000
SH717925,SO500886,3,2026-01-26,1000
SH717926,SO500894,3,2026-02-03,500
SH717927,SO500895,3,2026-02-09,1000
SH717928,SO500887,4,2026-02-18,500
SH717929,SO500846,3,2026-03-06,1000
SH717930,SO500888,3,2026-03-13,1000
SH717931,SO500847,4,2026-03-16,500
SH717932,SO500849,5,2026-03-31,1000
SH717933,SO500850,5,2026-04-10,1000
SH717934,SO500889,4,2026-04-27,1500
SH717935,SO500890,4,2026-04-22,1500
SH717936,SO500891,4,2026-04-28,1000
SH717937,SO500851,5,2026-05-04,1500
SH717938,SO500852,4,2026-05-14,1000
SH717939,SO500853,5,2026-05-18,2500
SH717940,SO500854,4,2026-05-25,1500
SH717941,SO500855,4,2026-06-01,1000
SH717942,SO500856,4,2026-06-10,500
SH717943,SO500857,4,2026-06-19,1000
SH717944,SO500751,6,2024-02-19,2000
SH717945,SO500752,6,2024-02-12,2000
SH717946,SO500753,6,2024-02-07,2000
SH717947,SO500754,6,2024-01-31,2000
SH717948,SO500755,6,2024-01-26,2000
SH717949,SO500756,6,2024-01-15,2000
SH717950,SO500757,6,2024-01-12,2000
SH717951,SO500758,6,2024-01-02,2000
SH717952,SO500763,5,2024-02-29,6000
SH717953,SO500873,4,2024-03-05,2000
SH717954,SO500764,6,2024-03-15,2000
SH717955,SO500765,4,2024-03-21,2000
SH717956,SO500874,5,2024-03-29,1000
SH717957,SO500766,6,2024-04-02,3000
SH717958,SO500768,6,2024-04-17,1000
SH717959,SO500769,6,2024-04-26,3000
SH717960,SO500770,6,2024-04-29,2000
SH717961,SO500771,5,2024-05-06,2000
SH717962,SO500772,6,2024-05-16,2000
SH717963,SO500773,6,2024-06-13,2000
SH717964,SO500774,6,2024-05-29,4000
SH717965,SO500775,6,2024-06-10,3000
SH717966,SO500776,6,2024-06-10,3000
SH717967,SO500777,6,2024-06-19,1000
SH717968,SO500778,6,2024-06-25,3000
SH717969,SO500779,5,2024-07-02,1000
SH717970,SO500780,6,2024-07-10,4000
SH717971,SO500781,6,2024-07-16,5000
SH717972,SO500782,6,2024-07-24,2000
SH717973,SO500783,4,2024-07-31,4000
SH717974,SO500784,6,2024-08-08,3000
SH717975,SO500785,6,2024-08-14,3000
SH717976,SO500786,6,2024-08-22,4000
SH717977,SO500787,5,2024-08-30,3000
SH717978,SO500788,4,2024-09-02,1000
SH717979,SO500790,6,2024-09-16,1000
SH717980,SO500875,5,2024-09-25,2000
SH717981,SO500876,5,2024-10-04,1000
SH717982,SO500791,5,2024-10-15,3000
SH717983,SO500792,6,2024-10-16,2000
SH717984,SO500877,5,2024-10-24,2000
SH717985,SO500793,5,2024-10-29,3000
SH717986,SO500794,6,2024-11-05,3000
SH717987,SO500795,6,2024-12-05,5000
SH717988,SO500878,4,2024-11-28,5000
SH717989,SO500797,5,2024-12-04,2000
SH717990,SO500798,4,2024-12-10,1000
SH717991,SO500799,6,2024-12-19,2000
SH717992,SO500800,5,2024-12-27,1000
SH717993,SO500800,5,2025-01-10,1000
SH717994,SO500801,6,2025-01-03,4000
SH717995,SO500879,4,2025-01-08,1000
SH717996,SO500802,5,2025-01-15,2000
SH717997,SO500880,4,2025-01-24,1000
SH717998,SO500881,4,2025-01-27,3000
SH717999,SO500803,6,2025-02-07,5000
SH718000,SO500804,5,2025-02-14,1000
SH718001,SO500805,5,2025-02-19,3000
SH718002,SO500805,5,2025-03-04,2000
SH718003,SO500892,4,2025-02-28,1000
SH718004,SO500807,5,2025-03-13,6000
SH718005,SO500808,5,2025-03-17,2000
SH718006,SO500809,6,2025-03-26,2000
SH718007,SO500811,6,2025-04-09,5000
SH718008,SO500812,6,2025-04-14,1000
SH718009,SO500813,5,2025-05-01,2000
SH718010,SO500814,6,2025-05-02,3000
SH718011,SO500815,5,2025-05-07,1000
SH718012,SO500816,6,2025-05-13,3000
SH718013,SO500882,5,2025-05-27,2000
SH718014,SO500818,6,2025-06-03,3000
SH718015,SO500818,6,2025-06-24,2000
SH718016,SO500819,6,2025-06-13,3000
SH718017,SO500883,4,2025-06-19,4000
SH718018,SO500820,6,2025-06-25,2000
SH718019,SO500821,6,2025-07-02,6000
SH718020,SO500822,5,2025-07-07,4000
SH718021,SO500823,6,2025-07-15,4000
SH718022,SO500824,6,2025-07-21,3000
SH718023,SO500826,5,2025-08-06,1000
SH718024,SO500826,5,2025-08-27,1000
SH718025,SO500827,4,2025-08-14,3000
SH718026,SO500828,5,2025-08-20,3000
SH718027,SO500830,5,2025-09-04,1000
SH718028,SO500831,4,2025-09-08,5000
SH718029,SO500832,6,2025-09-19,1000
SH718030,SO500832,6,2025-10-03,2000
SH718031,SO500833,4,2025-09-22,4000
SH718032,SO500834,6,2025-09-30,3000
SH718033,SO500835,5,2025-10-08,1000
SH718034,SO500835,5,2025-10-15,1000
SH718035,SO500836,4,2025-10-15,2000
SH718036,SO500896,3,2025-10-23,5000
SH718037,SO500837,3,2025-10-31,3000
SH718038,SO500838,4,2025-11-03,1000
SH718039,SO500839,6,2025-11-11,2000
SH718040,SO500840,5,2025-11-28,4000
SH718041,SO500841,5,2025-12-03,3000
SH718042,SO500842,4,2025-12-12,4000
SH718043,SO500843,4,2025-12-18,1000
SH718044,SO500893,4,2025-12-22,3000
SH718045,SO500885,4,2026-01-08,3000
SH718046,SO500886,4,2026-01-14,2000
SH718047,SO500886,4,2026-01-20,2000
SH718048,SO500894,4,2026-01-22,2000
SH718049,SO500845,4,2026-02-11,1000
SH718050,SO500846,4,2026-02-18,2000
SH718051,SO500888,4,2026-02-25,2000
SH718052,SO500847,5,2026-03-03,2000
SH718053,SO500848,4,2026-03-13,2000
SH718054,SO500850,6,2026-03-27,3000
SH718055,SO500889,5,2026-04-03,3000
SH718056,SO500890,5,2026-04-06,1000
SH718057,SO500891,5,2026-04-17,1000
SH718058,SO500851,6,2026-04-24,6000
SH718059,SO500852,5,2026-04-30,5000
SH718060,SO500853,6,2026-05-07,4000
SH718061,SO500854,5,2026-05-13,3000
SH718062,SO500855,5,2026-05-20,3000
SH718063,SO500856,5,2026-05-25,2000
SH718064,SO500857,5,2026-06-04,4000
SH718065,SO500858,4,2026-06-12,4000
SH718066,SO500859,5,2026-06-17,2000
SH718067,SO500860,5,2026-06-26,2000
SH718068,SO500751,7,2024-05-15,350
SH718069,SO500752,7,2024-05-08,350
SH718070,SO500753,7,2024-04-29,350
SH718071,SO500754,7,2024-04-25,350
SH718072,SO500755,7,2024-04-15,350
SH718073,SO500756,7,2024-04-11,350
SH718074,SO500757,7,2024-04-01,350
SH718075,SO500758,7,2024-03-29,350
SH718076,SO500759,6,2024-03-19,350
SH718077,SO500760,6,2024-03-28,350
SH718078,SO500761,5,2024-03-06,350
SH718079,SO500762,5,2024-03-20,350
SH718080,SO500869,3,2024-02-20,350
SH718081,SO500870,3,2024-02-16,350
SH718082,SO500871,3,2024-02-08,350
SH718083,SO500872,3,2024-01-30,350
SH718084,SO500897,1,2024-01-22,350
SH718085,SO500898,1,2024-01-18,350
SH718086,SO500899,1,2024-01-12,350
SH718087,SO500900,1,2024-01-03,350
SH718088,SO500873,5,2024-05-29,50
SH718089,SO500873,5,2024-06-10,100
SH718090,SO500764,7,2024-06-05,650
SH718091,SO500765,5,2024-06-12,250
SH718092,SO500874,6,2024-06-21,600
SH718093,SO500766,7,2024-06-28,50
SH718094,SO500767,5,2024-07-04,350
SH718095,SO500768,7,2024-07-11,400
SH718096,SO500769,7,2024-07-19,400
SH718097,SO500770,7,2024-07-24,150
SH718098,SO500771,6,2024-07-29,300
SH718099,SO500772,7,2024-08-07,500
SH718100,SO500773,7,2024-08-16,350
SH718101,SO500774,7,2024-08-20,1550
SH718102,SO500775,7,2024-08-29,400
SH718103,SO500776,7,2024-09-05,150
SH718104,SO500777,7,2024-09-11,400
SH718105,SO500778,7,2024-10-07,550
SH718106,SO500779,6,2024-09-24,50
SH718107,SO500780,7,2024-10-01,500
SH718108,SO500781,7,2024-11-01,850
SH718109,SO500782,7,2024-10-15,300
SH718110,SO500783,5,2024-10-24,550
SH718111,SO500784,7,2024-10-30,850
SH718112,SO500785,7,2024-11-07,900
SH718113,SO500786,7,2024-11-15,1450
SH718114,SO500787,6,2024-11-19,700
SH718115,SO500788,5,2024-11-26,150
SH718116,SO500875,6,2024-12-17,300
SH718117,SO500876,6,2024-12-26,450
SH718118,SO500791,6,2025-01-02,150
SH718119,SO500793,6,2025-02-03,400
SH718120,SO500794,7,2025-01-31,250
SH718121,SO500795,7,2025-02-05,1300
SH718122,SO500798,5,2025-03-04,750
SH718123,SO500799,7,2025-03-13,200
SH718124,SO500799,7,2025-03-19,150
SH718125,SO500801,7,2025-03-24,500
SH718126,SO500801,7,2025-04-04,400
SH718127,SO500880,5,2025-04-14,150
SH718128,SO500881,5,2025-04-21,750
SH718129,SO500881,5,2025-04-30,550
SH718130,SO500804,6,2025-05-13,100
SH718131,SO500804,6,2025-05-19,100
SH718132,SO500805,6,2025-05-13,600
SH718133,SO500892,5,2025-05-20,50
SH718134,SO500806,6,2025-05-26,1000
SH718135,SO500807,6,2025-06-03,300
SH718136,SO500808,6,2025-06-10,300
SH718137,SO500810,5,2025-06-25,250
SH718138,SO500811,7,2025-07-04,700
SH718139,SO500812,7,2025-07-07,450
SH718140,SO500813,6,2025-07-17,750
SH718141,SO500813,6,2025-08-07,550
SH718142,SO500814,7,2025-07-23,900
SH718143,SO500815,6,2025-07-28,650
SH718144,SO500816,7,2025-11-07,550
SH718145,SO500817,6,2025-08-12,1150
SH718146,SO500882,6,2025-12-05,750
SH718147,SO500818,7,2025-10-02,650
SH718148,SO500819,7,2025-11-19,700
SH718149,SO500820,7,2025-12-29,150
SH718150,SO500821,7,2026-01-08,400
SH718151,SO500822,6,2025-11-27,650
SH718152,SO500823,7,2025-10-22,550
SH718153,SO500824,7,2025-10-14,700
SH718154,SO500826,6,2025-12-19,850
SH718155,SO500827,5,2026-02-06,1100
SH718156,SO500828,6,2025-11-11,100
SH718157,SO500829,6,2025-11-20,300
SH718158,SO500829,6,2025-11-27,200
SH718159,SO500830,6,2025-11-28,100
SH718160,SO500885,5,2026-03-30,100
SH718161,SO500894,5,2026-06-24,150
SH718162,SO500887,5,2026-04-29,400
SH718163,SO500888,5,2026-06-25,450
SH718164,SO500848,5,2026-06-05,200
SH718165,SO500849,6,2026-06-09,500
SH718166,SO500751,8,2024-03-22,250
SH718167,SO500752,8,2024-03-19,250
SH718168,SO500753,8,2024-03-06,250
SH718169,SO500754,8,2024-02-28,250
SH718170,SO500755,8,2024-02-21,250
SH718171,SO500756,8,2024-02-13,250
SH718172,SO500757,8,2024-02-07,250
SH718173,SO500758,8,2024-01-30,250
SH718174,SO500759,7,2024-01-26,250
SH718175,SO500760,7,2024-01-16,250
SH718176,SO500761,6,2024-01-12,250
SH718177,SO500762,6,2024-01-01,250
SH718178,SO500763,6,2024-04-09,500
SH718179,SO500873,6,2024-04-01,250
SH718180,SO500764,8,2024-04-11,250
SH718181,SO500765,6,2024-04-17,500
SH718182,SO500874,7,2024-04-22,250
SH718183,SO500766,8,2024-05-03,250
SH718184,SO500767,6,2024-05-06,500
SH718185,SO500769,8,2024-05-23,750
SH718186,SO500770,8,2024-05-31,500
SH718187,SO500771,7,2024-06-06,500
SH718188,SO500772,8,2024-06-13,250
SH718189,SO500773,8,2024-06-21,250
SH718190,SO500774,8,2024-06-24,500
SH718191,SO500775,8,2024-07-01,250
SH718192,SO500776,8,2024-07-12,250
SH718193,SO500776,8,2024-07-19,250
SH718194,SO500777,8,2024-07-18,250
SH718195,SO500778,8,2024-07-24,250
SH718196,SO500779,7,2024-08-08,500
SH718197,SO500780,8,2024-08-09,500
SH718198,SO500781,8,2024-08-13,500
SH718199,SO500782,8,2024-08-23,500
SH718200,SO500783,6,2024-08-27,750
SH718201,SO500784,8,2024-09-04,500
SH718202,SO500785,8,2024-09-10,500
SH718203,SO500786,8,2024-09-16,500
SH718204,SO500787,7,2024-09-24,750
SH718205,SO500788,6,2024-10-04,250
SH718206,SO500789,4,2024-10-07,500
SH718207,SO500790,7,2024-10-15,750
SH718208,SO500875,7,2024-10-22,250
SH718209,SO500876,7,2024-11-01,500
SH718210,SO500791,7,2024-11-04,250
SH718211,SO500877,6,2024-11-20,250
SH718212,SO500794,8,2024-12-05,250
SH718213,SO500796,5,2024-12-20,250
SH718214,SO500797,6,2025-01-03,250
SH718215,SO500797,6,2025-01-09,250
SH718216,SO500798,6,2025-01-08,250
SH718217,SO500799,8,2025-01-16,250
SH718218,SO500800,6,2025-01-21,500
SH718219,SO500801,8,2025-01-31,500
SH718220,SO500879,5,2025-02-07,250
SH718221,SO500880,6,2025-02-17,750
SH718222,SO500881,6,2025-02-24,250
SH718223,SO500803,7,2025-03-07,500
SH718224,SO500892,6,2025-03-25,500
SH718225,SO500807,7,2025-04-08,500
SH718226,SO500808,7,2025-04-14,250
SH718227,SO500809,7,2025-04-23,250
SH718228,SO500810,6,2025-05-01,500
SH718229,SO500811,8,2025-05-08,500
SH718230,SO500812,8,2025-05-12,250
SH718231,SO500814,8,2025-05-29,750
SH718232,SO500816,8,2025-06-12,500
SH718233,SO500882,7,2025-06-23,750
SH718234,SO500818,8,2025-07-02,250
SH718235,SO500819,8,2025-07-09,250
SH718236,SO500883,5,2025-07-14,1000
SH718237,SO500820,8,2025-07-24,500
SH718238,SO500821,8,2025-08-01,750
SH718239,SO500822,7,2025-08-07,250
SH718240,SO500823,8,2025-08-11,500
SH718241,SO500824,8,2025-08-18,250
SH718242,SO500825,6,2025-08-26,250
SH718243,SO500825,6,2025-09-09,250
SH718244,SO500826,7,2025-09-04,250
SH718245,SO500827,6,2025-09-11,500
SH718246,SO500828,7,2025-09-26,750
SH718247,SO500829,7,2025-10-08,250
SH718248,SO500830,7,2025-10-02,250
SH718249,SO500830,7,2025-10-09,250
SH718250,SO500831,5,2025-10-08,250
SH718251,SO500832,7,2025-10-13,250
SH718252,SO500833,5,2025-10-27,750
SH718253,SO500834,7,2025-10-31,750
SH718254,SO500835,6,2025-11-03,250
SH718255,SO500835,6,2025-11-24,250
SH718256,SO500896,4,2025-11-17,250
SH718257,SO500837,4,2025-11-28,1000
SH718258,SO500838,5,2025-12-03,500
SH718259,SO500839,7,2025-12-10,750
SH718260,SO500840,6,2025-12-25,250
SH718261,SO500841,6,2026-01-01,250
SH718262,SO500842,5,2026-01-06,500
SH718263,SO500843,5,2026-01-16,750
SH718264,SO500886,5,2026-02-13,750
SH718265,SO500888,6,2026-03-26,250
SH718266,SO500847,7,2026-04-03,750
SH718267,SO500849,7,2026-04-15,500
SH718268,SO500850,7,2026-04-21,750
SH718269,SO500889,6,2026-04-29,750
SH718270,SO500890,6,2026-05-20,500
SH718271,SO500891,7,2026-05-11,750
SH718272,SO500851,8,2026-05-20,250
SH718273,SO500852,6,2026-05-28,500
SH718274,SO500853,8,2026-06-01,250
SH718275,SO500854,6,2026-06-11,500
SH718276,SO500856,7,2026-06-22,500
SH718277,SO500751,9,2024-03-22,500
SH718278,SO500752,9,2024-03-14,500
SH718279,SO500753,9,2024-03-05,500
SH718280,SO500754,9,2024-03-01,500
SH718281,SO500755,9,2024-02-23,500
SH718282,SO500756,9,2024-02-15,500
SH718283,SO500757,9,2024-02-07,500
SH718284,SO500758,9,2024-01-29,500
SH718285,SO500759,8,2024-01-26,500
SH718286,SO500760,8,2024-01-16,500
SH718287,SO500761,7,2024-01-09,500
SH718288,SO500762,7,2024-01-03,500
SH718289,SO500874,8,2024-05-17,250
SH718290,SO500766,9,2024-05-03,250
SH718291,SO500767,7,2024-05-06,500
SH718292,SO500768,8,2024-05-17,750
SH718293,SO500769,9,2024-05-23,500
SH718294,SO500770,9,2024-05-30,250
SH718295,SO500771,8,2024-06-06,250
SH718296,SO500772,9,2024-06-10,750
SH718297,SO500773,9,2024-06-20,500
SH718298,SO500774,9,2024-06-26,500
SH718299,SO500775,9,2024-07-02,250
SH718300,SO500776,9,2024-07-11,250
SH718301,SO500777,9,2024-07-19,500
SH718302,SO500778,9,2024-07-23,750
SH718303,SO500780,9,2024-08-07,250
SH718304,SO500781,9,2024-08-15,250
SH718305,SO500782,9,2024-08-23,1000
SH718306,SO500783,7,2024-08-27,250
SH718307,SO500784,9,2024-09-04,500
SH718308,SO500785,9,2024-09-13,500
SH718309,SO500786,9,2024-09-19,500
SH718310,SO500787,8,2024-09-26,250
SH718311,SO500788,7,2024-10-02,500
SH718312,SO500789,5,2024-10-10,250
SH718313,SO500790,8,2024-10-14,250
SH718314,SO500875,8,2024-10-22,250
SH718315,SO500876,8,2024-10-29,750
SH718316,SO500791,8,2024-11-04,500
SH718317,SO500792,7,2024-11-11,500
SH718318,SO500877,7,2024-11-22,250
SH718319,SO500877,7,2024-12-05,500
SH718320,SO500793,7,2024-11-28,500
SH718321,SO500794,9,2024-12-03,250
SH718322,SO500795,8,2024-12-13,250
SH718323,SO500796,6,2024-12-19,500
SH718324,SO500797,7,2025-01-03,250
SH718325,SO500799,9,2025-01-16,250
SH718326,SO500800,7,2025-01-24,250
SH718327,SO500801,9,2025-01-31,500
SH718328,SO500879,6,2025-02-06,250
SH718329,SO500802,6,2025-02-13,250
SH718330,SO500880,7,2025-02-17,750
SH718331,SO500881,7,2025-02-24,1000
SH718332,SO500803,8,2025-03-05,1250
SH718333,SO500804,7,2025-03-14,250
SH718334,SO500805,7,2025-03-20,250
SH718335,SO500806,7,2025-04-02,750
SH718336,SO500807,8,2025-04-10,500
SH718337,SO500808,8,2025-04-15,250
SH718338,SO500811,9,2025-05-05,250
SH718339,SO500812,9,2025-05-16,750
SH718340,SO500813,7,2025-05-19,1250
SH718341,SO500814,9,2025-05-26,750
SH718342,SO500815,7,2025-06-03,750
SH718343,SO500816,9,2025-06-09,250
SH718344,SO500817,7,2025-06-18,750
SH718345,SO500882,8,2025-06-27,750
SH718346,SO500818,9,2025-07-03,1250
SH718347,SO500819,9,2025-07-11,750
SH718348,SO500820,9,2025-07-22,750
SH718349,SO500821,9,2025-07-29,250
SH718350,SO500822,8,2025-08-22,1000
SH718351,SO500823,9,2025-08-14,750
SH718352,SO500824,9,2025-08-18,250
SH718353,SO500824,9,2025-09-02,250
SH718354,SO500827,7,2025-09-08,250
SH718355,SO500827,7,2025-09-29,250
SH718356,SO500828,8,2025-09-18,500
SH718357,SO500829,8,2025-09-25,500
SH718358,SO500831,6,2025-10-08,500
SH718359,SO500833,6,2025-10-24,500
SH718360,SO500834,8,2025-10-27,750
SH718361,SO500835,7,2025-11-07,250
SH718362,SO500836,5,2025-11-13,250
SH718363,SO500896,5,2025-11-17,1000
SH718364,SO500837,5,2025-11-27,250
SH718365,SO500838,6,2025-12-04,500
SH718366,SO500839,8,2025-12-08,500
SH718367,SO500884,4,2025-12-17,250
SH718368,SO500840,7,2025-12-23,250
SH718369,SO500841,7,2026-01-01,500
SH718370,SO500842,6,2026-01-07,250
SH718371,SO500843,6,2026-01-16,250
SH718372,SO500893,5,2026-01-21,1000
SH718373,SO500885,6,2026-02-02,500
SH718374,SO500886,6,2026-02-11,1000
SH718375,SO500895,5,2026-02-25,250
SH718376,SO500887,6,2026-03-05,250
SH718377,SO500845,6,2026-03-12,750
SH718378,SO500846,5,2026-03-17,250
SH718379,SO500888,7,2026-03-27,250
SH718380,SO500847,8,2026-04-01,500
SH718381,SO500848,6,2026-04-06,250
SH718382,SO500849,8,2026-04-16,750
SH718383,SO500850,8,2026-05-12,1000
SH718384,SO500889,7,2026-05-06,750
SH718385,SO500891,8,2026-05-13,750
SH718386,SO500851,9,2026-05-22,500
SH718387,SO500855,8,2026-06-17,250
SH718388,SO500751,10,2024-03-06,1500
SH718389,SO500752,10,2024-03-01,1500
SH718390,SO500753,10,2024-02-19,1500
SH718391,SO500754,10,2024-02-14,500
SH718392,SO500754,10,2024-02-21,1000
SH718393,SO500755,10,2024-02-09,1500
SH718394,SO500756,10,2024-02-01,1500
SH718395,SO500757,10,2024-01-22,1500
SH718396,SO500758,10,2024-01-15,1500
SH718397,SO500759,9,2024-01-11,1500
SH718398,SO500760,9,2024-01-04,1500
SH718399,SO500763,7,2024-03-11,6000
SH718400,SO500873,7,2024-03-19,2000
SH718401,SO500764,9,2024-03-26,500
SH718402,SO500765,7,2024-04-05,500
SH718403,SO500874,9,2024-04-08,1500
SH718404,SO500766,10,2024-04-16,1500
SH718405,SO500767,8,2024-04-22,500
SH718406,SO500768,9,2024-05-01,3000
SH718407,SO500770,10,2024-05-14,1000
SH718408,SO500771,9,2024-05-22,4500
SH718409,SO500772,10,2024-05-28,2500
SH718410,SO500773,10,2024-06-04,4500
SH718411,SO500774,10,2024-06-10,2500
SH718412,SO500775,10,2024-06-17,2000
SH718413,SO500776,10,2024-07-05,1000
SH718414,SO500777,10,2024-07-02,2000
SH718415,SO500778,10,2024-07-12,1000
SH718416,SO500783,8,2024-08-16,2500
SH718417,SO500784,10,2024-08-22,1500
SH718418,SO500785,10,2024-08-26,4500
SH718419,SO500786,10,2024-09-05,2500
SH718420,SO500787,9,2024-09-13,4500
SH718421,SO500788,8,2024-09-19,2500
SH718422,SO500789,6,2024-09-26,2500
SH718423,SO500790,9,2024-10-03,4000
SH718424,SO500875,9,2024-10-09,3500
SH718425,SO500876,9,2024-10-18,1500
SH718426,SO500792,8,2024-11-01,1000
SH718427,SO500877,8,2024-11-04,1500
SH718428,SO500793,8,2024-11-12,2000
SH718429,SO500794,10,2024-11-22,2000
SH718430,SO500796,7,2024-12-04,1000
SH718431,SO500878,5,2024-12-12,1000
SH718432,SO500797,8,2024-12-20,2000
SH718433,SO500798,7,2024-12-23,2500
SH718434,SO500800,8,2025-01-06,1000
SH718435,SO500801,10,2025-01-17,2000
SH718436,SO500879,7,2025-01-24,2000
SH718437,SO500880,8,2025-02-03,2000
SH718438,SO500881,8,2025-02-14,1500
SH718439,SO500804,8,2025-02-27,1000
SH718440,SO500805,8,2025-03-04,500
SH718441,SO500805,8,2025-03-21,500
SH718442,SO500892,7,2025-03-10,1000
SH718443,SO500806,8,2025-03-21,2000
SH718444,SO500807,9,2025-03-27,2500
SH718445,SO500808,9,2025-04-03,3500
SH718446,SO500809,8,2025-04-07,500
SH718447,SO500810,7,2025-04-16,1500
SH718448,SO500811,10,2025-04-25,2000
SH718449,SO500812,10,2025-05-02,3000
SH718450,SO500813,8,2025-05-09,1500
SH718451,SO500814,10,2025-05-15,1500
SH718452,SO500814,10,2025-06-02,1000
SH718453,SO500815,8,2025-06-09,1500
SH718454,SO500816,10,2025-05-30,1500
SH718455,SO500817,8,2025-06-05,1000
SH718456,SO500817,8,2025-06-24,1000
SH718457,SO500882,9,2025-06-13,2500
SH718458,SO500818,10,2025-06-18,1500
SH718459,SO500818,10,2025-07-11,1000
SH718460,SO500819,10,2025-06-26,2500
SH718461,SO500883,6,2025-07-04,2000
SH718462,SO500820,10,2025-07-10,3500
SH718463,SO500821,10,2025-07-18,2000
SH718464,SO500822,9,2025-07-21,500
SH718465,SO500823,10,2025-07-28,2000
SH718466,SO500824,10,2025-08-07,1500
SH718467,SO500825,7,2025-08-14,500
SH718468,SO500826,8,2025-08-19,4000
SH718469,SO500827,8,2025-08-29,3500
SH718470,SO500828,9,2025-09-02,500
SH718471,SO500829,9,2025-09-08,2000
SH718472,SO500830,8,2025-09-17,2500
SH718473,SO500831,7,2025-09-22,2500
SH718474,SO500832,8,2025-09-30,500
SH718475,SO500832,8,2025-10-07,1000
SH718476,SO500833,7,2025-10-07,3000
SH718477,SO500836,6,2025-10-28,1500
SH718478,SO500896,6,2025-11-03,2500
SH718479,SO500837,6,2025-11-14,1000
SH718480,SO500838,7,2025-11-17,1000
SH718481,SO500839,9,2025-11-27,1000
SH718482,SO500884,5,2025-12-04,2000
SH718483,SO500840,8,2025-12-08,3000
SH718484,SO500841,8,2025-12-17,1000
SH718485,SO500842,7,2025-12-24,3000
SH718486,SO500843,7,2025-12-30,1500
SH718487,SO500893,6,2026-01-09,1000
SH718488,SO500844,5,2026-01-12,2000
SH718489,SO500885,7,2026-01-22,1000
SH718490,SO500886,7,2026-01-29,500
SH718491,SO500895,6,2026-02-13,500
SH718492,SO500887,7,2026-02-19,500
SH718493,SO500846,6,2026-03-05,2500
SH718494,SO500888,8,2026-03-11,2000
SH718495,SO500847,9,2026-03-17,3000
SH718496,SO500848,7,2026-03-26,1000
SH718497,SO500849,9,2026-04-01,3500
SH718498,SO500850,9,2026-04-22,2000
SH718499,SO500889,8,2026-04-17,1500
SH718500,SO500890,7,2026-04-22,2000
SH718501,SO500891,9,2026-04-28,3000
SH718502,SO500851,10,2026-05-07,1000
SH718503,SO500852,7,2026-05-27,500
SH718504,SO500852,7,2026-06-04,1000
SH718505,SO500853,9,2026-05-22,2500
SH718506,SO500855,9,2026-06-02,1000
SH718507,SO500856,9,2026-06-12,3500
SH718508,SO500857,9,2026-06-18,2000
SH718509,SO500858,7,2026-06-22,1000
SH718510,SO500751,11,2024-03-22,200
SH718511,SO500751,11,2024-03-28,150
SH718512,SO500752,11,2024-03-13,350
SH718513,SO500753,11,2024-03-06,350
SH718514,SO500754,11,2024-02-27,350
SH718515,SO500755,11,2024-02-23,350
SH718516,SO500756,11,2024-02-16,350
SH718517,SO500757,11,2024-02-05,350
SH718518,SO500758,11,2024-01-29,350
SH718519,SO500759,10,2024-01-25,350
SH718520,SO500760,10,2024-01-15,350
SH718521,SO500761,8,2024-01-10,350
SH718522,SO500762,8,2024-01-02,350
SH718523,SO500763,8,2024-03-25,100
SH718524,SO500873,8,2024-04-02,100
SH718525,SO500873,8,2024-04-24,100
SH718526,SO500764,10,2024-04-10,150
SH718527,SO500764,10,2024-04-19,150
SH718528,SO500765,8,2024-04-17,350
SH718529,SO500874,10,2024-04-23,350
SH718530,SO500766,11,2024-05-01,150
SH718531,SO500767,9,2024-05-08,300
SH718532,SO500768,10,2024-05-16,150
SH718533,SO500769,10,2024-05-22,400
SH718534,SO500770,11,2024-05-27,600
SH718535,SO500771,10,2024-06-05,500
SH718536,SO500772,11,2024-06-13,800
SH718537,SO500773,11,2024-06-17,300
SH718538,SO500774,11,2024-06-26,800
SH718539,SO500775,11,2024-07-03,900
SH718540,SO500776,11,2024-07-12,1150
SH718541,SO500777,11,2024-07-18,700
SH718542,SO500778,11,2024-07-22,100
SH718543,SO500779,8,2024-07-30,150
SH718544,SO500781,10,2024-08-16,500
SH718545,SO500782,10,2024-08-22,750
SH718546,SO500783,9,2024-08-27,50
SH718547,SO500785,11,2024-09-11,350
SH718548,SO500786,11,2024-09-18,500
SH718549,SO500787,10,2024-09-23,800
SH718550,SO500788,9,2024-10-04,400
SH718551,SO500789,7,2024-10-09,600
SH718552,SO500790,10,2024-10-18,50
SH718553,SO500875,10,2024-10-23,300
SH718554,SO500876,10,2024-11-01,200
SH718555,SO500791,9,2024-11-06,100
SH718556,SO500792,9,2024-11-11,200
SH718557,SO500877,9,2024-11-22,200
SH718558,SO500793,9,2024-11-27,550
SH718559,SO500794,11,2024-12-09,250
SH718560,SO500795,9,2024-12-10,250
SH718561,SO500796,8,2024-12-17,300
SH718562,SO500878,6,2024-12-23,600
SH718563,SO500797,9,2024-12-31,150
SH718564,SO500798,8,2025-01-07,450
SH718565,SO500801,11,2025-01-30,200
SH718566,SO500879,8,2025-02-07,50
SH718567,SO500802,7,2025-02-13,300
SH718568,SO500880,9,2025-02-18,300
SH718569,SO500881,9,2025-02-25,200
SH718570,SO500803,9,2025-03-04,350
SH718571,SO500804,9,2025-03-13,200
SH718572,SO500805,9,2025-03-18,500
SH718573,SO500892,8,2025-03-24,200
SH718574,SO500806,9,2025-03-31,300
SH718575,SO500807,10,2025-04-09,250
SH718576,SO500808,10,2025-04-15,50
SH718577,SO500809,9,2025-04-23,550
SH718578,SO500810,8,2025-05-01,350
SH718579,SO500811,11,2025-05-05,750
SH718580,SO500813,9,2025-05-23,600
SH718581,SO500814,11,2025-05-28,250
SH718582,SO500815,9,2025-06-05,450
SH718583,SO500816,11,2025-06-12,1100
SH718584,SO500882,10,2025-06-25,400
SH718585,SO500818,11,2025-07-02,50
SH718586,SO500819,11,2025-07-10,550
SH718587,SO500883,7,2025-07-16,100
SH718588,SO500820,11,2025-07-24,150
SH718589,SO500821,11,2025-07-31,550
SH718590,SO500823,11,2025-08-15,400
SH718591,SO500824,11,2025-08-18,700
SH718592,SO500825,8,2025-08-26,650
SH718593,SO500826,9,2025-09-04,450
SH718594,SO500827,9,2025-10-03,650
SH718595,SO500828,10,2025-09-15,800
SH718596,SO500829,10,2025-09-26,250
SH718597,SO500830,9,2025-10-03,250
SH718598,SO500830,9,2025-10-07,200
SH718599,SO500831,8,2025-10-10,550
SH718600,SO500832,9,2025-11-05,50
SH718601,SO500833,8,2025-10-24,100
SH718602,SO500834,9,2025-10-28,150
SH718603,SO500835,8,2025-11-03,50
SH718604,SO500836,7,2025-11-11,200
SH718605,SO500896,7,2025-11-19,400
SH718606,SO500837,7,2025-11-25,350
SH718607,SO500838,8,2025-12-02,300
SH718608,SO500839,10,2025-12-10,500
SH718609,SO500884,6,2025-12-18,200
SH718610,SO500840,9,2025-12-24,550
SH718611,SO500841,9,2026-01-02,550
SH718612,SO500842,8,2026-01-07,50
SH718613,SO500844,6,2026-01-29,300
SH718614,SO500886,8,2026-02-12,200
SH718615,SO500894,6,2026-02-16,200
SH718616,SO500895,7,2026-02-24,500
SH718617,SO500887,8,2026-03-02,700
SH718618,SO500845,7,2026-03-11,350
SH718619,SO500846,7,2026-03-18,300
SH718620,SO500888,9,2026-03-27,450
SH718621,SO500847,10,2026-04-01,800
SH718622,SO500848,8,2026-04-08,400
SH718623,SO500849,10,2026-04-15,50
SH718624,SO500850,10,2026-04-21,100
SH718625,SO500889,9,2026-04-29,50
SH718626,SO500890,8,2026-05-05,200
SH718627,SO500891,10,2026-05-28,500
SH718628,SO500851,11,2026-05-22,50
SH718629,SO500852,8,2026-05-29,750
SH718630,SO500853,10,2026-06-05,150
SH718631,SO500854,7,2026-06-10,200
SH718632,SO500855,10,2026-06-16,450
SH718633,SO500856,10,2026-06-22,800
SH718634,SO500751,12,2024-04-18,20
SH718635,SO500752,12,2024-04-08,20
SH718636,SO500753,12,2024-04-05,20
SH718637,SO500754,12,2024-03-26,20
SH718638,SO500755,12,2024-03-21,20
SH718639,SO500756,12,2024-03-12,20
SH718640,SO500757,12,2024-03-07,20
SH718641,SO500758,12,2024-02-26,20
SH718642,SO500759,11,2024-02-23,20
SH718643,SO500760,11,2024-02-16,20
SH718644,SO500761,9,2024-02-08,20
SH718645,SO500762,9,2024-02-01,20
SH718646,SO500869,4,2024-01-26,20
SH718647,SO500870,4,2024-01-17,20
SH718648,SO500871,4,2024-01-10,20
SH718649,SO500872,4,2024-01-04,10
SH718650,SO500872,4,2024-01-17,10
SH718651,SO500763,9,2024-04-24,70
SH718652,SO500764,11,2024-05-07,30
SH718653,SO500765,9,2024-05-14,40
SH718654,SO500874,11,2024-05-23,20
SH718655,SO500766,12,2024-05-27,40
SH718656,SO500767,10,2024-06-04,60
SH718657,SO500768,11,2024-06-14,30
SH718658,SO500769,11,2024-06-20,30
SH718659,SO500770,12,2024-07-02,60
SH718660,SO500771,11,2024-07-02,20
SH718661,SO500773,12,2024-08-06,10
SH718662,SO500773,12,2024-08-20,20
SH718663,SO500774,12,2024-07-26,20
SH718664,SO500778,12,2024-08-21,20
SH718665,SO500779,9,2024-08-26,20
SH718666,SO500780,10,2024-09-05,50
SH718667,SO500781,11,2024-09-12,60
SH718668,SO500782,11,2024-09-17,50
SH718669,SO500783,10,2024-09-24,30
SH718670,SO500784,11,2024-10-02,90
SH718671,SO500785,12,2024-10-07,40
SH718672,SO500786,12,2024-10-16,30
SH718673,SO500787,11,2024-10-24,40
SH718674,SO500788,10,2024-10-29,40
SH718675,SO500790,11,2024-11-14,50
SH718676,SO500875,11,2024-11-20,10
SH718677,SO500791,10,2024-12-04,30
SH718678,SO500792,10,2024-12-13,40
SH718679,SO500792,10,2024-12-19,40
SH718680,SO500877,10,2024-12-19,60
SH718681,SO500793,10,2024-12-25,20
SH718682,SO500794,12,2025-01-01,20
SH718683,SO500796,9,2025-01-14,50
SH718684,SO500878,7,2025-01-23,20
SH718685,SO500878,7,2025-02-06,20
SH718686,SO500797,10,2025-01-27,10
SH718687,SO500800,9,2025-02-18,20
SH718688,SO500801,12,2025-02-28,40
SH718689,SO500879,9,2025-03-05,20
SH718690,SO500802,8,2025-03-13,20
SH718691,SO500881,10,2025-03-24,10
SH718692,SO500881,10,2025-04-08,20
SH718693,SO500803,10,2025-04-04,10
SH718694,SO500803,10,2025-04-15,20
SH718695,SO500804,10,2025-04-11,10
SH718696,SO500804,10,2025-04-22,10
SH718697,SO500892,9,2025-04-24,30
SH718698,SO500806,10,2025-04-29,60
SH718699,SO500807,11,2025-05-08,30
SH718700,SO500808,11,2025-05-14,30
SH718701,SO500808,11,2025-05-27,20
SH718702,SO500809,10,2025-05-29,10
SH718703,SO500810,9,2025-05-27,50
SH718704,SO500811,12,2025-06-02,10
SH718705,SO500812,11,2025-06-13,50
SH718706,SO500813,10,2025-06-16,60
SH718707,SO500814,12,2025-06-25,30
SH718708,SO500815,10,2025-06-30,20
SH718709,SO500816,12,2025-07-08,20
SH718710,SO500817,9,2025-07-14,60
SH718711,SO500882,11,2025-07-25,10
SH718712,SO500818,12,2025-07-29,10
SH718713,SO500819,12,2025-08-05,30
SH718714,SO500883,8,2025-08-14,10
SH718715,SO500820,12,2025-08-22,50
SH718716,SO500821,12,2025-09-19,60
SH718717,SO500822,10,2025-09-02,60
SH718718,SO500823,12,2025-09-11,20
SH718719,SO500824,12,2025-09-18,50
SH718720,SO500825,9,2025-09-22,90
SH718721,SO500826,10,2025-09-29,70
SH718722,SO500827,10,2025-10-09,20
SH718723,SO500828,11,2025-10-15,40
SH718724,SO500829,11,2025-10-22,30
SH718725,SO500884,7,2026-01-14,10
SH718726,SO500840,10,2026-01-19,10
SH718727,SO500841,10,2026-02-20,20
SH718728,SO500842,9,2026-02-16,10
SH718729,SO500895,8,2026-03-27,10
SH718730,SO500887,9,2026-04-01,10
SH718731,SO500846,8,2026-04-13,10
SH718732,SO500846,8,2026-04-23,20
SH718733,SO500888,10,2026-04-22,40
SH718734,SO500848,9,2026-05-06,20
SH718735,SO500849,11,2026-05-11,30
SH718736,SO500850,11,2026-05-20,10
SH718737,SO500889,10,2026-05-27,20
SH718738,SO500890,9,2026-06-04,30
SH718739,SO500852,9,2026-06-24,50
SH718740,SO500751,13,2024-05-14,150
SH718741,SO500752,13,2024-05-09,150
SH718742,SO500753,13,2024-05-02,150
SH718743,SO500754,13,2024-04-23,150
SH718744,SO500755,13,2024-04-18,150
SH718745,SO500756,13,2024-04-10,150
SH718746,SO500757,13,2024-04-01,150
SH718747,SO500758,13,2024-04-11,150
SH718748,SO500759,12,2024-03-19,50
SH718749,SO500759,12,2024-04-09,100
SH718750,SO500760,12,2024-03-11,50
SH718751,SO500760,12,2024-03-29,100
SH718752,SO500761,10,2024-03-04,150
SH718753,SO500762,10,2024-03-01,150
SH718754,SO500869,5,2024-02-23,150
SH718755,SO500870,5,2024-02-12,150
SH718756,SO500871,5,2024-02-09,150
SH718757,SO500872,5,2024-02-02,150
SH718758,SO500897,2,2024-01-22,150
SH718759,SO500898,2,2024-01-18,150
SH718760,SO500899,2,2024-01-31,150
SH718761,SO500900,2,2024-01-09,150
SH718762,SO500763,10,2024-05-24,50
SH718763,SO500873,9,2024-05-29,300
SH718764,SO500764,12,2024-06-05,150
SH718765,SO500765,10,2024-06-13,50
SH718766,SO500874,12,2024-06-18,100
SH718767,SO500766,13,2024-06-27,50
SH718768,SO500766,13,2024-07-12,50
SH718769,SO500767,11,2024-07-02,300
SH718770,SO500768,12,2024-07-09,250
SH718771,SO500769,12,2024-07-19,250
SH718772,SO500769,12,2024-08-09,200
SH718773,SO500770,13,2024-08-05,50
SH718774,SO500771,12,2024-07-29,300
SH718775,SO500772,12,2024-08-06,450
SH718776,SO500773,13,2024-08-14,300
SH718777,SO500774,13,2024-08-23,150
SH718778,SO500775,12,2024-08-30,50
SH718779,SO500775,12,2024-09-20,50
SH718780,SO500776,12,2024-09-02,200
SH718781,SO500777,12,2024-09-13,50
SH718782,SO500778,13,2024-09-17,100
SH718783,SO500780,11,2024-10-03,150
SH718784,SO500782,12,2024-10-16,200
SH718785,SO500783,11,2024-11-07,150
SH718786,SO500784,12,2024-10-31,50
SH718787,SO500785,13,2024-11-04,50
SH718788,SO500786,13,2024-11-11,350
SH718789,SO500787,12,2024-11-21,300
SH718790,SO500789,8,2024-12-02,150
SH718791,SO500790,12,2024-12-13,200
SH718792,SO500875,12,2024-12-16,250
SH718793,SO500876,11,2024-12-25,350
SH718794,SO500791,11,2025-01-13,50
SH718795,SO500792,11,2025-01-10,150
SH718796,SO500877,11,2025-01-17,250
SH718797,SO500793,11,2025-01-22,200
SH718798,SO500794,13,2025-01-31,250
SH718799,SO500795,10,2025-02-06,50
SH718800,SO500878,8,2025-02-17,250
SH718801,SO500797,11,2025-02-28,200
SH718802,SO500800,10,2025-03-20,150
SH718803,SO500801,13,2025-03-24,50
SH718804,SO500879,10,2025-04-02,100
SH718805,SO500802,9,2025-04-11,400
SH718806,SO500804,11,2025-05-27,150
SH718807,SO500805,10,2025-05-15,50
SH718808,SO500892,10,2025-05-22,200
SH718809,SO500806,11,2025-05-26,200
SH718810,SO500807,12,2025-06-09,50
SH718811,SO500807,12,2025-07-02,100
SH718812,SO500808,12,2025-06-10,350
SH718813,SO500809,11,2025-06-20,350
SH718814,SO500810,10,2025-06-27,350
SH718815,SO500811,13,2025-07-03,400
SH718816,SO500812,12,2025-07-11,250
SH718817,SO500813,11,2025-07-17,500
SH718818,SO500814,13,2025-07-22,150
SH718819,SO500815,11,2025-08-01,100
SH718820,SO500816,13,2025-11-14,100
SH718821,SO500817,10,2025-11-04,100
SH718822,SO500882,12,2025-11-18,100
SH718823,SO500818,13,2025-09-30,50
SH718824,SO500819,13,2025-09-02,250
SH718825,SO500883,9,2025-09-19,50
SH718826,SO500820,13,2025-12-24,250
SH718827,SO500821,13,2025-12-09,200
SH718828,SO500822,11,2025-10-01,550
SH718829,SO500823,13,2025-10-07,550
SH718830,SO500824,13,2025-11-13,300
SH718831,SO500824,13,2025-11-18,200
SH718832,SO500825,10,2025-10-22,400
SH718833,SO500826,11,2026-01-15,500
SH718834,SO500827,11,2025-11-03,300
SH718835,SO500828,12,2026-01-20,100
SH718836,SO500829,12,2025-11-17,200
SH718837,SO500884,8,2026-04-29,50
SH718838,SO500843,8,2026-06-08,50
SH718839,SO500893,7,2026-03-19,250
SH718840,SO500844,7,2026-06-25,150
SH718841,SO500894,7,2026-04-13,50
SH718842,SO500887,10,2026-04-28,150
SH718843,SO500845,8,2026-06-23,150
SH718844,SO500751,14,2024-04-16,60
SH718845,SO500752,14,2024-04-12,60
SH718846,SO500753,14,2024-04-02,60
SH718847,SO500754,14,2024-03-29,60
SH718848,SO500755,14,2024-04-11,60
SH718849,SO500756,14,2024-03-12,30
SH718850,SO500756,14,2024-04-05,30
SH718851,SO500757,14,2024-03-07,60
SH718852,SO500758,14,2024-02-27,60
SH718853,SO500759,13,2024-02-21,60
SH718854,SO500760,13,2024-02-12,60
SH718855,SO500761,11,2024-02-28,60
SH718856,SO500762,11,2024-02-02,60
SH718857,SO500869,6,2024-01-25,60
SH718858,SO500870,6,2024-01-18,60
SH718859,SO500871,6,2024-01-09,60
SH718860,SO500872,6,2024-01-04,60
SH718861,SO500873,10,2024-05-03,70
SH718862,SO500764,13,2024-05-06,10
SH718863,SO500765,11,2024-05-15,10
SH718864,SO500874,13,2024-05-21,140
SH718865,SO500766,14,2024-05-28,30
SH718866,SO500767,12,2024-06-04,60
SH718867,SO500768,13,2024-06-14,20
SH718868,SO500769,13,2024-06-18,60
SH718869,SO500769,13,2024-06-28,40
SH718870,SO500770,14,2024-06-24,140
SH718871,SO500771,13,2024-07-02,120
SH718872,SO500772,13,2024-07-10,90
SH718873,SO500774,14,2024-07-22,100
SH718874,SO500775,13,2024-08-02,80
SH718875,SO500776,13,2024-08-06,130
SH718876,SO500777,13,2024-08-14,70
SH718877,SO500777,13,2024-08-26,50
SH718878,SO500779,10,2024-08-29,60
SH718879,SO500779,10,2024-09-05,40
SH718880,SO500780,12,2024-09-06,40
SH718881,SO500781,12,2024-09-12,100
SH718882,SO500782,13,2024-09-18,60
SH718883,SO500783,12,2024-09-27,80
SH718884,SO500784,13,2024-10-11,90
SH718885,SO500785,14,2024-10-08,120
SH718886,SO500786,14,2024-10-14,50
SH718887,SO500786,14,2024-11-08,40
SH718888,SO500787,13,2024-10-30,70
SH718889,SO500788,11,2024-11-01,140
SH718890,SO500790,13,2024-11-11,100
SH718891,SO500875,13,2024-11-19,190
SH718892,SO500876,12,2024-11-27,90
SH718893,SO500792,12,2024-12-09,50
SH718894,SO500877,12,2024-12-30,30
SH718895,SO500793,12,2024-12-26,40
SH718896,SO500793,12,2025-01-01,40
SH718897,SO500794,14,2025-01-01,120
SH718898,SO500878,9,2025-01-22,50
SH718899,SO500797,12,2025-01-27,60
SH718900,SO500798,9,2025-02-07,40
SH718901,SO500798,9,2025-02-10,40
SH718902,SO500799,10,2025-02-13,40
SH718903,SO500800,11,2025-02-20,110
SH718904,SO500879,11,2025-03-04,90
SH718905,SO500802,10,2025-03-13,40
SH718906,SO500880,10,2025-03-19,20
SH718907,SO500881,11,2025-03-28,70
SH718908,SO500803,11,2025-04-02,10
SH718909,SO500804,12,2025-04-11,70
SH718910,SO500892,11,2025-04-21,80
SH718911,SO500806,12,2025-05-06,80
SH718912,SO500806,12,2025-05-23,60
SH718913,SO500807,13,2025-05-07,60
SH718914,SO500807,13,2025-05-21,40
SH718915,SO500808,13,2025-05-15,40
SH718916,SO500809,12,2025-05-20,60
SH718917,SO500810,11,2025-05-26,120
SH718918,SO500811,14,2025-06-04,70
SH718919,SO500812,13,2025-06-09,100
SH718920,SO500813,12,2025-06-16,160
SH718921,SO500815,12,2025-06-30,70
SH718922,SO500816,14,2025-07-08,60
SH718923,SO500817,11,2025-07-21,120
SH718924,SO500882,13,2025-07-23,60
SH718925,SO500818,14,2025-08-12,160
SH718926,SO500819,14,2025-08-07,230
SH718927,SO500883,10,2025-08-29,50
SH718928,SO500820,14,2025-08-20,230
SH718929,SO500821,14,2025-08-28,120
SH718930,SO500822,12,2025-09-03,180
SH718931,SO500823,14,2025-09-08,40
SH718932,SO500824,14,2025-09-18,120
SH718933,SO500824,14,2025-10-03,80
SH718934,SO500825,11,2025-09-22,100
SH718935,SO500827,12,2025-10-09,10
SH718936,SO500828,13,2025-10-13,10
SH718937,SO500829,13,2025-10-23,20
SH718938,SO500831,9,2025-11-04,20
SH718939,SO500831,9,2025-11-28,20
SH718940,SO500896,8,2025-12-16,90
SH718941,SO500884,9,2026-01-12,40
SH718942,SO500840,11,2026-01-20,20
SH718943,SO500844,8,2026-02-24,30
SH718944,SO500885,9,2026-03-02,50
SH718945,SO500894,8,2026-03-18,40
SH718946,SO500895,9,2026-03-26,40
SH718947,SO500887,11,2026-03-31,70
SH718948,SO500846,9,2026-04-16,40
SH718949,SO500888,11,2026-04-20,50
SH718950,SO500847,11,2026-04-30,10
SH718951,SO500848,10,2026-05-04,30
SH718952,SO500849,12,2026-05-13,30
SH718953,SO500849,12,2026-06-01,20
SH718954,SO500890,10,2026-06-03,40
SH718955,SO500891,12,2026-06-09,10
SH718956,SO500851,13,2026-06-17,40
SH718957,SO500852,11,2026-06-22,100
SH718958,SO500751,15,2024-05-17,400
SH718959,SO500752,15,2024-05-08,400
SH718960,SO500753,15,2024-04-29,400
SH718961,SO500754,15,2024-04-22,400
SH718962,SO500755,15,2024-04-19,400
SH718963,SO500756,15,2024-04-08,400
SH718964,SO500757,15,2024-04-05,400
SH718965,SO500758,15,2024-03-26,400
SH718966,SO500759,14,2024-03-20,400
SH718967,SO500760,14,2024-03-12,400
SH718968,SO500761,12,2024-03-04,400
SH718969,SO500762,12,2024-02-26,400
SH718970,SO500869,7,2024-02-23,400
SH718971,SO500870,7,2024-02-16,400
SH718972,SO500871,7,2024-02-07,400
SH718973,SO500872,7,2024-01-30,400
SH718974,SO500897,3,2024-01-25,400
SH718975,SO500898,3,2024-01-18,400
SH718976,SO500899,3,2024-01-09,400
SH718977,SO500900,3,2024-01-04,400
SH718978,SO500763,11,2024-05-23,600
SH718979,SO500765,12,2024-06-13,100
SH718980,SO500874,14,2024-06-20,300
SH718981,SO500766,15,2024-06-27,300
SH718982,SO500767,13,2024-07-04,400
SH718983,SO500768,14,2024-07-11,150
SH718984,SO500769,14,2024-07-16,1000
SH718985,SO500770,15,2024-07-22,950
SH718986,SO500771,14,2024-08-01,1500
SH718987,SO500772,14,2024-08-06,300
SH718988,SO500773,14,2024-08-12,500
SH718989,SO500774,15,2024-08-23,950
SH718990,SO500775,14,2024-08-29,150
SH718991,SO500776,14,2024-09-02,1300
SH718992,SO500777,14,2024-09-11,250
SH718993,SO500778,14,2024-09-20,700
SH718994,SO500779,11,2024-09-24,500
SH718995,SO500780,13,2024-10-03,750
SH718996,SO500781,13,2024-10-07,550
SH718997,SO500782,14,2024-10-17,150
SH718998,SO500782,14,2024-10-22,150
SH718999,SO500783,13,2024-10-24,800
SH719000,SO500785,15,2024-11-14,550
SH719001,SO500786,15,2024-11-11,450
SH719002,SO500787,14,2024-11-19,100
SH719003,SO500788,12,2024-11-25,600
SH719004,SO500789,9,2024-12-03,950
SH719005,SO500790,14,2024-12-12,750
SH719006,SO500875,14,2024-12-18,750
SH719007,SO500876,13,2024-12-24,700
SH719008,SO500791,12,2024-12-31,550
SH719009,SO500792,13,2025-01-08,1350
SH719010,SO500877,13,2025-01-17,900
SH719011,SO500793,13,2025-01-21,50
SH719012,SO500793,13,2025-01-30,100
SH719013,SO500794,15,2025-01-31,600
SH719014,SO500795,11,2025-02-06,500
SH719015,SO500796,10,2025-02-10,250
SH719016,SO500878,10,2025-02-21,400
SH719017,SO500878,10,2025-03-05,300
SH719018,SO500797,13,2025-02-28,500
SH719019,SO500800,12,2025-03-18,100
SH719020,SO500801,14,2025-03-26,200
SH719021,SO500801,14,2025-04-17,150
SH719022,SO500879,12,2025-03-31,400
SH719023,SO500802,11,2025-04-08,300
SH719024,SO500880,11,2025-04-14,150
SH719025,SO500881,12,2025-04-24,150
SH719026,SO500803,12,2025-04-30,50
SH719027,SO500804,13,2025-05-08,1000
SH719028,SO500805,11,2025-05-14,700
SH719029,SO500806,13,2025-05-29,400
SH719030,SO500807,14,2025-06-06,700
SH719031,SO500808,14,2025-06-17,750
SH719032,SO500809,13,2025-06-19,1100
SH719033,SO500810,12,2025-06-23,750
SH719034,SO500811,15,2025-07-03,350
SH719035,SO500812,14,2025-07-09,150
SH719036,SO500813,13,2025-07-15,900
SH719037,SO500814,14,2025-07-24,850
SH719038,SO500815,13,2025-07-30,600
SH719039,SO500816,15,2025-08-08,400
SH719040,SO500817,12,2025-09-08,500
SH719041,SO500882,14,2025-08-20,450
SH719042,SO500818,15,2025-12-04,500
SH719043,SO500819,15,2025-10-21,1400
SH719044,SO500883,11,2025-12-10,300
SH719045,SO500820,15,2025-09-17,250
SH719046,SO500821,15,2025-09-23,800
SH719047,SO500822,13,2025-11-24,1000
SH719048,SO500823,15,2025-11-24,300
SH719049,SO500824,15,2025-11-21,1200
SH719050,SO500825,12,2025-12-16,900
SH719051,SO500826,12,2026-01-14,1000
SH719052,SO500827,13,2026-01-05,850
SH719053,SO500827,13,2026-01-21,600
SH719054,SO500828,14,2026-02-25,750
SH719055,SO500829,14,2025-12-12,1100
SH719056,SO500831,10,2026-03-10,50
SH719057,SO500831,10,2026-03-16,100
SH719058,SO500850,12,2026-06-17,450
SH719059,SO500751,16,2024-03-22,500
SH719060,SO500752,16,2024-03-11,500
SH719061,SO500753,16,2024-03-07,500
SH719062,SO500754,16,2024-02-28,500
SH719063,SO500755,16,2024-02-19,500
SH719064,SO500756,16,2024-02-16,500
SH719065,SO500757,16,2024-02-29,500
SH719066,SO500758,16,2024-01-31,500
SH719067,SO500759,15,2024-01-25,500
SH719068,SO500760,15,2024-01-17,500
SH719069,SO500761,13,2024-01-10,500
SH719070,SO500762,13,2024-01-04,500
SH719071,SO500763,12,2024-03-28,750
SH719072,SO500873,11,2024-04-04,250
SH719073,SO500764,14,2024-04-12,250
SH719074,SO500765,13,2024-04-17,250
SH719075,SO500874,15,2024-04-23,250
SH719076,SO500766,16,2024-05-21,500
SH719077,SO500767,14,2024-05-08,250
SH719078,SO500767,14,2024-05-28,500
SH719079,SO500769,15,2024-05-23,1000
SH719080,SO500770,16,2024-05-29,250
SH719081,SO500771,15,2024-06-07,1000
SH719082,SO500772,15,2024-06-13,750
SH719083,SO500773,15,2024-06-20,1250
SH719084,SO500774,16,2024-06-26,500
SH719085,SO500775,15,2024-07-02,750
SH719086,SO500776,15,2024-07-19,1000
SH719087,SO500777,15,2024-08-05,500
SH719088,SO500778,15,2024-07-24,1500
SH719089,SO500779,12,2024-07-31,750
SH719090,SO500780,14,2024-08-09,1750
SH719091,SO500782,15,2024-08-19,1250
SH719092,SO500783,14,2024-08-30,750
SH719093,SO500784,14,2024-09-06,750
SH719094,SO500785,16,2024-09-09,250
SH719095,SO500786,16,2024-09-20,500
SH719096,SO500787,15,2024-09-25,500
SH719097,SO500789,10,2024-10-10,250
SH719098,SO500789,10,2024-10-24,250
SH719099,SO500790,15,2024-10-16,500
SH719100,SO500875,15,2024-10-23,1000
SH719101,SO500876,14,2024-10-28,500
SH719102,SO500791,13,2024-11-05,500
SH719103,SO500792,14,2024-11-13,250
SH719104,SO500792,14,2024-12-02,250
SH719105,SO500877,14,2024-11-19,250
SH719106,SO500793,14,2024-11-28,250
SH719107,SO500794,16,2024-12-11,750
SH719108,SO500795,12,2024-12-09,250
SH719109,SO500796,11,2024-12-19,250
SH719110,SO500878,11,2024-12-30,500
SH719111,SO500797,14,2025-01-01,500
SH719112,SO500798,10,2025-01-28,750
SH719113,SO500799,11,2025-01-17,500
SH719114,SO500800,13,2025-01-23,500
SH719115,SO500801,15,2025-01-27,250
SH719116,SO500879,13,2025-02-06,500
SH719117,SO500802,12,2025-02-14,500
SH719118,SO500880,12,2025-02-21,250
SH719119,SO500880,12,2025-02-28,250
SH719120,SO500881,13,2025-02-27,750
SH719121,SO500804,14,2025-03-14,750
SH719122,SO500805,12,2025-03-20,750
SH719123,SO500892,12,2025-03-27,750
SH719124,SO500806,14,2025-03-31,750
SH719125,SO500807,15,2025-04-11,250
SH719126,SO500808,15,2025-04-16,500
SH719127,SO500809,14,2025-04-23,500
SH719128,SO500810,13,2025-04-29,750
SH719129,SO500811,16,2025-05-05,500
SH719130,SO500812,15,2025-05-12,500
SH719131,SO500813,14,2025-05-22,1000
SH719132,SO500814,15,2025-05-29,750
SH719133,SO500815,14,2025-06-06,250
SH719134,SO500816,16,2025-06-11,1500
SH719135,SO500817,13,2025-06-18,750
SH719136,SO500882,15,2025-06-25,500
SH719137,SO500818,16,2025-06-30,750
SH719138,SO500819,16,2025-07-08,750
SH719139,SO500883,12,2025-07-16,1000
SH719140,SO500820,16,2025-07-25,500
SH719141,SO500821,16,2025-07-29,1000
SH719142,SO500822,14,2025-08-04,250
SH719143,SO500823,16,2025-08-13,250
SH719144,SO500824,16,2025-08-20,750
SH719145,SO500825,13,2025-08-25,1000
SH719146,SO500826,13,2025-09-03,1000
SH719147,SO500827,14,2025-09-12,500
SH719148,SO500828,15,2025-09-18,750
SH719149,SO500829,15,2025-09-22,250
SH719150,SO500830,10,2025-10-03,1000
SH719151,SO500831,11,2025-10-06,750
SH719152,SO500832,10,2025-10-13,250
SH719153,SO500834,10,2025-10-27,500
SH719154,SO500836,8,2025-11-11,750
SH719155,SO500896,9,2025-11-18,1750
SH719156,SO500837,8,2025-11-27,250
SH719157,SO500838,9,2025-12-05,750
SH719158,SO500839,11,2025-12-10,750
SH719159,SO500884,10,2025-12-18,1000
SH719160,SO500840,12,2025-12-23,250
SH719161,SO500841,11,2026-01-02,500
SH719162,SO500842,10,2026-01-07,500
SH719163,SO500893,8,2026-01-23,250
SH719164,SO500893,8,2026-02-10,250
SH719165,SO500844,9,2026-01-29,250
SH719166,SO500885,10,2026-02-06,500
SH719167,SO500894,9,2026-02-16,250
SH719168,SO500895,10,2026-02-24,750
SH719169,SO500887,13,2026-03-04,500
SH719170,SO500845,9,2026-03-09,500
SH719171,SO500846,11,2026-03-18,1250
SH719172,SO500888,13,2026-03-25,1000
SH719173,SO500847,12,2026-04-01,500
SH719174,SO500848,11,2026-04-08,1500
SH719175,SO500849,14,2026-05-05,1750
SH719176,SO500850,13,2026-04-22,1000
SH719177,SO500889,11,2026-05-01,500
SH719178,SO500890,11,2026-05-14,1000
SH719179,SO500891,13,2026-05-13,500
SH719180,SO500852,13,2026-05-28,250
SH719181,SO500853,14,2026-06-03,500
SH719182,SO500854,11,2026-06-11,250
SH719183,SO500855,14,2026-06-17,1000
SH719184,SO500856,14,2026-06-22,1000
SH719185,SO500751,17,2024-06-05,100
SH719186,SO500751,17,2024-06-28,100
SH719187,SO500752,17,2024-05-09,200
SH719188,SO500753,17,2024-05-02,200
SH719189,SO500754,17,2024-04-25,200
SH719190,SO500755,17,2024-04-19,200
SH719191,SO500756,17,2024-04-12,200
SH719192,SO500757,17,2024-04-04,200
SH719193,SO500758,17,2024-03-26,200
SH719194,SO500759,16,2024-03-18,200
SH719195,SO500760,16,2024-03-14,200
SH719196,SO500761,14,2024-03-04,200
SH719197,SO500762,14,2024-02-27,200
SH719198,SO500869,8,2024-02-22,200
SH719199,SO500870,8,2024-02-15,200
SH719200,SO500871,8,2024-02-07,200
SH719201,SO500872,8,2024-02-01,200
SH719202,SO500897,4,2024-01-23,200
SH719203,SO500898,4,2024-01-18,200
SH719204,SO500899,4,2024-01-09,100
SH719205,SO500899,4,2024-01-29,100
SH719206,SO500900,4,2024-01-04,200
SH719207,SO500763,13,2024-05-23,200
SH719208,SO500873,12,2024-05-27,150
SH719209,SO500764,15,2024-06-05,150
SH719210,SO500766,17,2024-07-08,200
SH719211,SO500767,15,2024-07-05,500
SH719212,SO500768,15,2024-07-12,700
SH719213,SO500769,16,2024-07-16,250
SH719214,SO500770,17,2024-07-26,150
SH719215,SO500771,16,2024-08-02,150
SH719216,SO500772,16,2024-08-07,800
SH719217,SO500773,16,2024-08-14,300
SH719218,SO500774,17,2024-08-19,250
SH719219,SO500775,16,2024-08-30,250
SH719220,SO500777,16,2024-09-11,550
SH719221,SO500778,16,2024-09-16,200
SH719222,SO500779,13,2024-09-26,300
SH719223,SO500781,14,2024-11-01,350
SH719224,SO500782,16,2024-10-17,500
SH719225,SO500784,15,2024-10-30,50
SH719226,SO500784,15,2024-11-20,50
SH719227,SO500785,17,2024-11-06,150
SH719228,SO500786,17,2024-11-15,600
SH719229,SO500787,16,2024-11-20,250
SH719230,SO500788,13,2024-11-26,350
SH719231,SO500789,11,2024-12-05,300
SH719232,SO500790,16,2024-12-09,200
SH719233,SO500875,16,2024-12-18,800
SH719234,SO500876,15,2024-12-26,250
SH719235,SO500791,14,2025-01-02,300
SH719236,SO500877,15,2025-01-16,50
SH719237,SO500793,15,2025-01-22,350
SH719238,SO500794,17,2025-01-30,400
SH719239,SO500797,15,2025-02-27,200
SH719240,SO500798,11,2025-03-05,200
SH719241,SO500799,12,2025-03-20,300
SH719242,SO500800,14,2025-03-17,150
SH719243,SO500801,16,2025-03-26,200
SH719244,SO500879,14,2025-04-01,400
SH719245,SO500802,13,2025-04-09,300
SH719246,SO500880,13,2025-04-14,400
SH719247,SO500803,13,2025-04-28,300
SH719248,SO500804,15,2025-05-09,300
SH719249,SO500805,13,2025-05-16,200
SH719250,SO500807,16,2025-06-03,350
SH719251,SO500808,16,2025-06-09,100
SH719252,SO500809,15,2025-06-18,50
SH719253,SO500810,14,2025-06-26,200
SH719254,SO500811,17,2025-06-30,350
SH719255,SO500812,16,2025-07-07,200
SH719256,SO500813,15,2025-07-17,800
SH719257,SO500814,16,2025-07-21,350
SH719258,SO500815,15,2025-07-30,200
SH719259,SO500816,17,2025-11-03,600
SH719260,SO500817,14,2025-08-13,650
SH719261,SO500882,16,2025-08-19,550
SH719262,SO500818,17,2025-11-20,650
SH719263,SO500819,17,2025-09-10,550
SH719264,SO500820,17,2025-09-17,350
SH719265,SO500821,17,2025-10-09,400
SH719266,SO500822,15,2025-10-01,500
SH719267,SO500823,17,2026-01-19,400
SH719268,SO500824,17,2025-11-27,300
SH719269,SO500825,14,2025-10-21,100
SH719270,SO500825,14,2025-10-29,100
SH719271,SO500826,14,2025-12-01,300
SH719272,SO500827,15,2025-11-03,450
SH719273,SO500828,16,2026-02-25,600
SH719274,SO500829,16,2025-11-17,100
SH719275,SO500888,14,2026-06-17,100
SH719276,SO500889,12,2026-06-26,150
SH719277,SO500751,18,2024-02-19,1000
SH719278,SO500752,18,2024-02-21,1000
SH719279,SO500753,18,2024-02-08,1000
SH719280,SO500754,18,2024-01-30,1000
SH719281,SO500755,18,2024-01-26,1000
SH719282,SO500756,18,2024-01-16,1000
SH719283,SO500757,18,2024-01-08,1000
SH719284,SO500758,18,2024-01-01,1000
SH719285,SO500873,13,2024-03-04,2000
SH719286,SO500764,16,2024-03-14,1000
SH719287,SO500766,18,2024-04-03,2000
SH719288,SO500768,16,2024-04-17,1000
SH719289,SO500769,17,2024-04-22,1000
SH719290,SO500771,17,2024-05-06,1000
SH719291,SO500772,17,2024-05-16,2000
SH719292,SO500773,17,2024-05-20,1000
SH719293,SO500775,17,2024-06-06,1000
SH719294,SO500776,16,2024-06-10,1000
SH719295,SO500777,17,2024-06-17,1000
SH719296,SO500778,17,2024-06-26,1000
SH719297,SO500779,14,2024-07-03,2000
SH719298,SO500780,15,2024-07-09,1000
SH719299,SO500781,15,2024-07-15,2000
SH719300,SO500782,17,2024-07-23,1000
SH719301,SO500783,15,2024-07-30,1000
SH719302,SO500784,16,2024-08-08,2000
SH719303,SO500786,18,2024-09-02,1000
SH719304,SO500787,17,2024-08-26,1000
SH719305,SO500788,14,2024-09-06,1000
SH719306,SO500789,12,2024-09-13,1000
SH719307,SO500875,17,2024-09-25,2000
SH719308,SO500876,16,2024-10-01,1000
SH719309,SO500791,15,2024-10-08,1000
SH719310,SO500792,15,2024-10-18,1000
SH719311,SO500877,16,2024-10-24,1000
SH719312,SO500794,18,2024-11-07,1000
SH719313,SO500795,13,2024-11-13,2000
SH719314,SO500798,12,2024-12-10,1000
SH719315,SO500800,15,2024-12-25,1000
SH719316,SO500801,17,2025-01-01,1000
SH719317,SO500802,14,2025-01-15,1000
SH719318,SO500880,14,2025-01-22,1000
SH719319,SO500881,14,2025-01-30,1000
SH719320,SO500803,14,2025-02-05,1000
SH719321,SO500805,14,2025-02-18,1000
SH719322,SO500892,13,2025-02-26,1000
SH719323,SO500806,15,2025-03-04,2000
SH719324,SO500808,17,2025-03-19,2000
SH719325,SO500809,16,2025-03-26,2000
SH719326,SO500810,15,2025-04-01,2000
SH719327,SO500811,18,2025-04-10,2000
SH719328,SO500812,17,2025-04-15,1000
SH719329,SO500813,16,2025-04-21,1000
SH719330,SO500814,17,2025-05-02,1000
SH719331,SO500815,16,2025-05-07,2000
SH719332,SO500818,18,2025-06-05,1000
SH719333,SO500819,18,2025-06-11,1000
SH719334,SO500883,13,2025-06-19,1000
SH719335,SO500820,18,2025-06-27,1000
SH719336,SO500822,16,2025-07-08,2000
SH719337,SO500823,18,2025-07-15,1000
SH719338,SO500825,15,2025-07-30,1000
SH719339,SO500826,15,2025-08-07,1000
SH719340,SO500827,16,2025-08-11,1000
SH719341,SO500828,17,2025-08-21,2000
SH719342,SO500829,17,2025-08-29,2000
SH719343,SO500831,12,2025-09-10,2000
SH719344,SO500832,11,2025-09-17,2000
SH719345,SO500833,9,2025-09-23,2000
SH719346,SO500834,11,2025-10-01,1000
SH719347,SO500836,9,2025-10-17,1000
SH719348,SO500837,9,2025-10-28,2000
SH719349,SO500884,11,2025-11-20,2000
SH719350,SO500841,12,2025-12-04,2000
SH719351,SO500893,9,2025-12-23,1000
SH719352,SO500844,10,2025-12-30,1000
SH719353,SO500885,11,2026-01-09,1000
SH719354,SO500894,10,2026-01-22,2000
SH719355,SO500887,14,2026-02-23,1000
SH719356,SO500887,14,2026-03-17,1000
SH719357,SO500846,13,2026-02-19,1000
SH719358,SO500888,15,2026-02-25,1000
SH719359,SO500847,13,2026-03-05,1000
SH719360,SO500848,13,2026-03-10,1000
SH719361,SO500850,14,2026-03-27,1000
SH719362,SO500889,13,2026-04-03,1000
SH719363,SO500890,13,2026-04-10,1000
SH719364,SO500891,15,2026-04-15,2000
SH719365,SO500852,15,2026-04-30,1000
SH719366,SO500854,13,2026-05-15,2000
SH719367,SO500855,16,2026-05-20,1000
SH719368,SO500856,16,2026-05-26,2000
SH719369,SO500857,15,2026-06-05,1000
SH719370,SO500858,15,2026-06-09,1000
SH719371,SO500859,16,2026-06-19,3000
SH719372,SO500860,14,2026-06-24,1000
SH719373,SO500751,19,2024-02-23,2000
SH719374,SO500752,19,2024-02-13,2000
SH719375,SO500753,19,2024-02-09,2000
SH719376,SO500754,19,2024-02-14,2000
SH719377,SO500755,19,2024-01-23,2000
SH719378,SO500756,19,2024-01-18,2000
SH719379,SO500757,19,2024-01-12,2000
SH719380,SO500758,19,2024-01-02,2000
SH719381,SO500763,14,2024-02-26,2000
SH719382,SO500873,14,2024-03-06,1000
SH719383,SO500764,17,2024-03-11,2000
SH719384,SO500765,14,2024-03-18,1000
SH719385,SO500874,16,2024-03-27,1000
SH719386,SO500766,19,2024-04-04,2000
SH719387,SO500767,16,2024-04-10,4000
SH719388,SO500768,17,2024-04-16,2000
SH719389,SO500769,18,2024-04-23,1000
SH719390,SO500770,18,2024-05-02,3000
SH719391,SO500771,18,2024-05-09,3000
SH719392,SO500772,18,2024-05-14,3000
SH719393,SO500773,18,2024-05-24,3000
SH719394,SO500774,18,2024-05-31,7000
SH719395,SO500775,18,2024-06-06,4000
SH719396,SO500776,17,2024-06-13,2000
SH719397,SO500777,18,2024-06-18,4000
SH719398,SO500778,18,2024-06-26,2000
SH719399,SO500779,15,2024-07-03,2000
SH719400,SO500780,16,2024-07-11,4000
SH719401,SO500781,16,2024-07-15,3000
SH719402,SO500783,16,2024-07-31,1000
SH719403,SO500784,17,2024-08-05,4000
SH719404,SO500785,18,2024-08-12,1000
SH719405,SO500786,19,2024-09-13,3000
SH719406,SO500787,18,2024-08-28,1000
SH719407,SO500788,15,2024-09-05,2000
SH719408,SO500789,13,2024-09-13,1000
SH719409,SO500790,17,2024-09-18,3000
SH719410,SO500875,18,2024-09-25,2000
SH719411,SO500876,17,2024-09-30,2000
SH719412,SO500791,16,2024-10-08,3000
SH719413,SO500792,16,2024-10-18,1000
SH719414,SO500877,17,2024-10-23,3000
SH719415,SO500794,19,2024-11-04,2000
SH719416,SO500795,14,2024-11-13,1000
SH719417,SO500796,12,2024-11-20,4000
SH719418,SO500878,12,2024-11-28,1000
SH719419,SO500797,16,2024-12-06,1000
SH719420,SO500798,13,2024-12-09,1000
SH719421,SO500800,16,2024-12-23,4000
SH719422,SO500801,18,2025-01-02,3000
SH719423,SO500802,15,2025-01-17,1000
SH719424,SO500881,15,2025-01-27,2000
SH719425,SO500803,15,2025-02-05,1000
SH719426,SO500804,16,2025-02-14,2000
SH719427,SO500805,15,2025-02-20,2000
SH719428,SO500892,14,2025-02-24,2000
SH719429,SO500806,16,2025-03-05,2000
SH719430,SO500808,18,2025-03-19,4000
SH719431,SO500809,17,2025-03-26,2000
SH719432,SO500810,16,2025-04-01,2000
SH719433,SO500811,19,2025-04-07,3000
SH719434,SO500812,18,2025-04-14,2000
SH719435,SO500814,18,2025-04-29,3000
SH719436,SO500815,17,2025-05-05,4000
SH719437,SO500817,15,2025-05-20,4000
SH719438,SO500882,17,2025-05-27,1000
SH719439,SO500882,17,2025-06-02,2000
SH719440,SO500818,19,2025-06-02,2000
SH719441,SO500819,19,2025-06-13,2000
SH719442,SO500883,14,2025-06-19,3000
SH719443,SO500820,19,2025-06-26,2000
SH719444,SO500821,18,2025-07-04,4000
SH719445,SO500822,17,2025-07-11,3000
SH719446,SO500823,19,2025-07-14,1000
SH719447,SO500824,18,2025-07-22,2000
SH719448,SO500825,16,2025-07-29,2000
SH719449,SO500826,16,2025-08-04,3000
SH719450,SO500827,17,2025-08-14,3000
SH719451,SO500828,18,2025-08-18,2000
SH719452,SO500829,18,2025-08-28,2000
SH719453,SO500830,11,2025-09-03,1000
SH719454,SO500831,13,2025-10-02,3000
SH719455,SO500832,12,2025-09-18,5000
SH719456,SO500833,10,2025-09-26,1000
SH719457,SO500833,10,2025-10-09,1000
SH719458,SO500834,12,2025-10-01,2000
SH719459,SO500835,9,2025-10-10,2000
SH719460,SO500836,10,2025-10-14,3000
SH719461,SO500896,10,2025-10-23,1000
SH719462,SO500837,10,2025-10-30,2000
SH719463,SO500838,10,2025-11-04,1000
SH719464,SO500840,13,2025-11-26,1000
SH719465,SO500841,13,2025-12-03,2000
SH719466,SO500842,11,2025-12-09,2000
SH719467,SO500843,9,2025-12-18,2000
SH719468,SO500893,10,2025-12-24,3000
SH719469,SO500844,11,2026-01-01,2000
SH719470,SO500885,12,2026-01-05,1000
SH719471,SO500886,9,2026-01-14,3000
SH719472,SO500894,11,2026-01-19,1000
SH719473,SO500895,11,2026-01-27,3000
SH719474,SO500845,11,2026-02-12,1000
SH719475,SO500888,16,2026-02-23,2000
SH719476,SO500847,14,2026-03-02,2000
SH719477,SO500848,14,2026-03-10,1000
SH719478,SO500849,15,2026-04-08,3000
SH719479,SO500850,15,2026-03-25,2000
SH719480,SO500889,14,2026-04-02,3000
SH719481,SO500890,14,2026-04-10,4000
SH719482,SO500891,16,2026-04-13,3000
SH719483,SO500851,16,2026-04-24,3000
SH719484,SO500852,16,2026-05-01,2000
SH719485,SO500853,15,2026-05-06,3000
SH719486,SO500854,14,2026-05-22,1000
SH719487,SO500855,17,2026-05-18,2000
SH719488,SO500856,17,2026-05-27,2000
SH719489,SO500857,16,2026-06-03,1000
SH719490,SO500858,16,2026-06-08,1000
SH719491,SO500859,17,2026-06-16,3000
SH719492,SO500860,15,2026-06-23,4000
SH719493,SO500751,20,2024-03-08,1500
SH719494,SO500752,20,2024-02-29,1500
SH719495,SO500753,20,2024-02-23,1500
SH719496,SO500754,20,2024-02-14,1500
SH719497,SO500755,20,2024-02-07,1500
SH719498,SO500756,20,2024-01-31,1500
SH719499,SO500757,20,2024-01-23,500
SH719500,SO500757,20,2024-01-30,1000
SH719501,SO500758,20,2024-01-19,1500
SH719502,SO500759,17,2024-01-09,1500
SH719503,SO500760,17,2024-01-05,1500
SH719504,SO500873,15,2024-03-18,2000
SH719505,SO500764,18,2024-03-28,1000
SH719506,SO500765,15,2024-04-02,500
SH719507,SO500874,17,2024-04-10,1000
SH719508,SO500766,20,2024-04-16,500
SH719509,SO500767,17,2024-04-26,2000
SH719510,SO500768,18,2024-05-02,2000
SH719511,SO500769,19,2024-05-06,500
SH719512,SO500770,19,2024-05-14,500
SH719513,SO500771,19,2024-05-20,2000
SH719514,SO500772,19,2024-05-31,2000
SH719515,SO500773,19,2024-06-18,2000
SH719516,SO500774,19,2024-06-12,2500
SH719517,SO500775,19,2024-06-17,2500
SH719518,SO500776,18,2024-06-28,500
SH719519,SO500777,19,2024-07-04,1500
SH719520,SO500778,19,2024-07-08,2000
SH719521,SO500779,16,2024-07-17,500
SH719522,SO500780,17,2024-07-26,2500
SH719523,SO500781,17,2024-07-31,1000
SH719524,SO500782,18,2024-08-08,3000
SH719525,SO500784,18,2024-08-19,1500
SH719526,SO500785,19,2024-08-30,3000
SH719527,SO500786,20,2024-09-02,1000
SH719528,SO500787,19,2024-09-12,2000
SH719529,SO500788,16,2024-09-16,1000
SH719530,SO500789,14,2024-09-26,4000
SH719531,SO500875,19,2024-10-08,2000
SH719532,SO500876,18,2024-10-17,2500
SH719533,SO500791,17,2024-10-22,2000
SH719534,SO500792,17,2024-10-29,2500
SH719535,SO500877,18,2024-11-05,1000
SH719536,SO500794,20,2024-11-21,1500
SH719537,SO500795,15,2024-11-25,1000
SH719538,SO500796,13,2024-12-03,1000
SH719539,SO500798,14,2024-12-24,1500
SH719540,SO500799,13,2025-01-02,1000
SH719541,SO500800,17,2025-01-06,3000
SH719542,SO500879,15,2025-01-23,500
SH719543,SO500802,16,2025-02-14,1500
SH719544,SO500880,15,2025-02-04,1500
SH719545,SO500881,16,2025-02-14,500
SH719546,SO500803,16,2025-02-21,2000
SH719547,SO500804,17,2025-02-26,2500
SH719548,SO500805,16,2025-03-07,500
SH719549,SO500892,15,2025-03-28,2000
SH719550,SO500806,17,2025-03-19,1500
SH719551,SO500807,17,2025-04-09,1500
SH719552,SO500808,19,2025-04-04,1500
SH719553,SO500809,18,2025-04-07,1500
SH719554,SO500811,20,2025-04-21,1500
SH719555,SO500812,19,2025-04-29,2000
SH719556,SO500813,17,2025-05-06,1000
SH719557,SO500814,19,2025-05-14,1500
SH719558,SO500815,18,2025-05-21,1000
SH719559,SO500816,18,2025-05-28,2500
SH719560,SO500817,16,2025-06-02,1000
SH719561,SO500817,16,2025-06-13,1000
SH719562,SO500882,18,2025-06-11,1500
SH719563,SO500818,20,2025-06-17,500
SH719564,SO500819,20,2025-06-23,2000
SH719565,SO500883,15,2025-07-04,2000
SH719566,SO500820,20,2025-07-08,1500
SH719567,SO500821,19,2025-07-17,2000
SH719568,SO500822,18,2025-07-24,2500
SH719569,SO500823,20,2025-07-31,2000
SH719570,SO500824,19,2025-08-07,3000
SH719571,SO500825,17,2025-08-12,1500
SH719572,SO500826,17,2025-08-22,1000
SH719573,SO500827,18,2025-08-28,1500
SH719574,SO500828,19,2025-09-05,4500
SH719575,SO500829,19,2025-09-08,1500
SH719576,SO500831,14,2025-09-26,1500
SH719577,SO500832,13,2025-09-29,1000
SH719578,SO500833,11,2025-10-10,3000
SH719579,SO500834,13,2025-10-15,1000
SH719580,SO500835,10,2025-10-24,2500
SH719581,SO500896,11,2025-11-06,1500
SH719582,SO500837,11,2025-11-12,2000
SH719583,SO500838,11,2025-11-19,1000
SH719584,SO500840,14,2025-12-12,1000
SH719585,SO500842,12,2025-12-22,1000
SH719586,SO500893,11,2026-01-05,1000
SH719587,SO500844,12,2026-01-13,500
SH719588,SO500844,12,2026-01-29,500
SH719589,SO500885,13,2026-01-23,1500
SH719590,SO500886,10,2026-01-26,500
SH719591,SO500894,12,2026-02-04,500
SH719592,SO500895,12,2026-02-12,2000
SH719593,SO500887,15,2026-02-16,2000
SH719594,SO500845,12,2026-02-26,2000
SH719595,SO500846,14,2026-03-20,500
SH719596,SO500888,17,2026-03-12,500
SH719597,SO500888,17,2026-03-26,500
SH719598,SO500847,15,2026-03-19,1000
SH719599,SO500848,15,2026-03-26,1000
SH719600,SO500849,16,2026-04-03,1500
SH719601,SO500850,16,2026-04-07,500
SH719602,SO500889,15,2026-04-16,2500
SH719603,SO500890,15,2026-04-22,1000
SH719604,SO500891,17,2026-04-28,2000
SH719605,SO500891,17,2026-05-13,1500
SH719606,SO500851,17,2026-05-08,1500
SH719607,SO500852,17,2026-05-12,3000
SH719608,SO500853,16,2026-05-21,1500
SH719609,SO500854,15,2026-05-25,3000
SH719610,SO500855,18,2026-06-05,2000
SH719611,SO500856,18,2026-06-09,500
SH719612,SO500857,17,2026-06-17,2500
SH719613,SO500858,17,2026-06-26,1000
SH719614,SO500751,21,2024-03-20,150
SH719615,SO500752,21,2024-03-14,50
SH719616,SO500752,21,2024-03-20,100
SH719617,SO500753,21,2024-03-08,50
SH719618,SO500753,21,2024-03-21,100
SH719619,SO500754,21,2024-02-28,150
SH719620,SO500755,21,2024-02-19,150
SH719621,SO500756,21,2024-02-13,50
SH719622,SO500756,21,2024-02-20,100
SH719623,SO500757,21,2024-02-12,150
SH719624,SO500758,21,2024-02-02,150
SH719625,SO500759,18,2024-01-25,150
SH719626,SO500760,18,2024-01-18,150
SH719627,SO500761,15,2024-01-12,150
SH719628,SO500762,15,2024-01-04,150
SH719629,SO500873,16,2024-04-04,50
SH719630,SO500764,19,2024-04-11,100
SH719631,SO500765,16,2024-04-18,250
SH719632,SO500874,18,2024-04-23,100
SH719633,SO500766,21,2024-05-02,100
SH719634,SO500767,18,2024-05-09,200
SH719635,SO500768,19,2024-05-17,100
SH719636,SO500769,20,2024-05-21,400
SH719637,SO500770,20,2024-05-27,200
SH719638,SO500771,20,2024-06-07,300
SH719639,SO500772,20,2024-06-13,100
SH719640,SO500773,20,2024-06-20,300
SH719641,SO500774,20,2024-06-25,250
SH719642,SO500776,19,2024-07-10,150
SH719643,SO500777,20,2024-07-18,150
SH719644,SO500778,20,2024-07-24,50
SH719645,SO500778,20,2024-07-29,50
SH719646,SO500779,17,2024-07-29,300
SH719647,SO500781,18,2024-08-12,100
SH719648,SO500782,19,2024-08-20,150
SH719649,SO500783,17,2024-08-27,250
SH719650,SO500784,19,2024-09-04,300
SH719651,SO500785,20,2024-09-17,300
SH719652,SO500786,21,2024-09-20,150
SH719653,SO500788,17,2024-09-30,200
SH719654,SO500789,15,2024-10-09,250
SH719655,SO500790,18,2024-10-18,50
SH719656,SO500875,20,2024-10-25,350
SH719657,SO500791,18,2024-11-07,50
SH719658,SO500792,18,2024-11-12,200
SH719659,SO500877,19,2024-11-22,250
SH719660,SO500793,16,2024-11-27,50
SH719661,SO500794,21,2024-12-03,150
SH719662,SO500878,13,2024-12-26,100
SH719663,SO500797,17,2024-12-31,100
SH719664,SO500798,15,2025-01-08,300
SH719665,SO500800,18,2025-01-22,150
SH719666,SO500879,16,2025-02-06,350
SH719667,SO500802,17,2025-02-14,150
SH719668,SO500880,16,2025-02-19,100
SH719669,SO500881,17,2025-02-27,150
SH719670,SO500804,18,2025-03-12,150
SH719671,SO500805,17,2025-03-18,50
SH719672,SO500892,16,2025-03-28,250
SH719673,SO500808,20,2025-04-14,100
SH719674,SO500810,17,2025-04-30,50
SH719675,SO500811,21,2025-05-05,250
SH719676,SO500812,20,2025-05-14,150
SH719677,SO500813,18,2025-05-23,250
SH719678,SO500814,20,2025-05-28,150
SH719679,SO500814,20,2025-06-06,100
SH719680,SO500815,19,2025-06-02,300
SH719681,SO500816,19,2025-06-10,100
SH719682,SO500817,17,2025-06-16,300
SH719683,SO500882,19,2025-06-24,150
SH719684,SO500818,21,2025-06-30,150
SH719685,SO500819,21,2025-08-01,400
SH719686,SO500883,16,2025-07-18,50
SH719687,SO500820,21,2025-07-25,200
SH719688,SO500821,20,2025-07-31,50
SH719689,SO500822,19,2025-08-07,300
SH719690,SO500823,21,2025-08-11,100
SH719691,SO500824,20,2025-08-18,500
SH719692,SO500825,18,2025-08-27,150
SH719693,SO500827,19,2025-09-10,50
SH719694,SO500828,20,2025-09-17,250
SH719695,SO500829,20,2025-09-24,150
SH719696,SO500830,12,2025-10-01,150
SH719697,SO500830,12,2025-10-10,100
SH719698,SO500831,15,2025-10-10,200
SH719699,SO500834,14,2025-10-29,250
SH719700,SO500835,11,2025-11-04,50
SH719701,SO500836,11,2025-11-12,150
SH719702,SO500896,12,2025-11-21,100
SH719703,SO500838,12,2025-12-04,100
SH719704,SO500839,12,2025-12-11,150
SH719705,SO500884,12,2025-12-15,50
SH719706,SO500841,14,2025-12-29,50
SH719707,SO500842,13,2026-01-08,50
SH719708,SO500843,10,2026-01-12,250
SH719709,SO500844,13,2026-01-26,100
SH719710,SO500894,13,2026-02-18,350
SH719711,SO500895,13,2026-02-26,100
SH719712,SO500887,16,2026-03-06,100
SH719713,SO500845,13,2026-03-13,150
SH719714,SO500846,15,2026-03-18,350
SH719715,SO500888,18,2026-04-06,100
SH719716,SO500847,16,2026-04-02,150
SH719717,SO500848,16,2026-04-06,200
SH719718,SO500850,17,2026-04-22,50
SH719719,SO500850,17,2026-05-12,100
SH719720,SO500889,16,2026-04-30,150
SH719721,SO500890,16,2026-05-04,50
SH719722,SO500851,18,2026-05-21,150
SH719723,SO500851,18,2026-05-29,150
SH719724,SO500852,18,2026-05-26,200
SH719725,SO500853,17,2026-06-02,100
SH719726,SO500854,16,2026-06-12,50
SH719727,SO500855,19,2026-06-17,200
SH719728,SO500856,19,2026-06-25,150
SH719729,SO500751,22,2024-03-08,1500
SH719730,SO500752,22,2024-02-27,1500
SH719731,SO500753,22,2024-02-23,1500
SH719732,SO500754,22,2024-02-12,1500
SH719733,SO500755,22,2024-03-01,1500
SH719734,SO500756,22,2024-02-02,1500
SH719735,SO500757,22,2024-01-25,1500
SH719736,SO500758,22,2024-01-18,1500
SH719737,SO500759,19,2024-01-08,1500
SH719738,SO500760,19,2024-01-02,1500
SH719739,SO500763,15,2024-03-12,1000
SH719740,SO500873,17,2024-03-20,2000
SH719741,SO500764,20,2024-03-28,1000
SH719742,SO500765,17,2024-04-01,3000
SH719743,SO500874,19,2024-04-08,500
SH719744,SO500766,22,2024-04-22,2000
SH719745,SO500767,19,2024-04-25,500
SH719746,SO500767,19,2024-05-17,1000
SH719747,SO500768,20,2024-05-02,1000
SH719748,SO500769,21,2024-05-06,2500
SH719749,SO500770,21,2024-05-13,1000
SH719750,SO500771,21,2024-06-06,2500
SH719751,SO500773,21,2024-06-03,1500
SH719752,SO500774,21,2024-06-11,1500
SH719753,SO500775,20,2024-06-17,1500
SH719754,SO500776,20,2024-06-28,2500
SH719755,SO500777,21,2024-07-05,2000
SH719756,SO500778,21,2024-07-18,2000
SH719757,SO500779,18,2024-07-19,1500
SH719758,SO500780,18,2024-07-24,2000
SH719759,SO500781,19,2024-07-31,3500
SH719760,SO500782,20,2024-08-09,2500
SH719761,SO500783,18,2024-08-14,3000
SH719762,SO500784,20,2024-08-23,1000
SH719763,SO500785,21,2024-08-30,1000
SH719764,SO500786,22,2024-09-05,1000
SH719765,SO500787,20,2024-09-12,2500
SH719766,SO500788,18,2024-09-16,2000
SH719767,SO500788,18,2024-10-11,1500
SH719768,SO500789,16,2024-10-07,1000
SH719769,SO500790,19,2024-10-01,500
SH719770,SO500875,21,2024-10-09,1000
SH719771,SO500876,19,2024-10-14,500
SH719772,SO500876,19,2024-11-06,500
SH719773,SO500791,19,2024-10-25,500
SH719774,SO500792,19,2024-11-14,500
SH719775,SO500877,20,2024-11-04,1000
SH719776,SO500793,17,2024-11-11,500
SH719777,SO500794,22,2024-11-21,2000
SH719778,SO500795,16,2024-11-29,3000
SH719779,SO500796,14,2024-12-03,2000
SH719780,SO500878,14,2024-12-10,1000
SH719781,SO500797,18,2024-12-17,2000
SH719782,SO500798,16,2024-12-27,3000
SH719783,SO500799,14,2025-01-02,500
SH719784,SO500800,19,2025-01-06,1000
SH719785,SO500801,19,2025-01-13,500
SH719786,SO500879,17,2025-01-24,1000
SH719787,SO500880,17,2025-02-04,1500
SH719788,SO500881,18,2025-02-10,500
SH719789,SO500803,17,2025-02-18,1000
SH719790,SO500804,19,2025-02-24,1000
SH719791,SO500805,18,2025-03-07,1500
SH719792,SO500806,18,2025-03-19,500
SH719793,SO500807,18,2025-03-28,3000
SH719794,SO500808,21,2025-04-04,500
SH719795,SO500809,19,2025-04-10,3000
SH719796,SO500810,18,2025-04-18,500
SH719797,SO500810,18,2025-04-22,500
SH719798,SO500811,22,2025-04-25,2500
SH719799,SO500813,19,2025-05-08,3000
SH719800,SO500814,21,2025-05-12,2500
SH719801,SO500815,20,2025-05-22,2000
SH719802,SO500816,20,2025-05-26,1500
SH719803,SO500817,18,2025-06-02,2000
SH719804,SO500882,20,2025-06-09,1500
SH719805,SO500818,22,2025-06-18,1000
SH719806,SO500818,22,2025-07-10,1000
SH719807,SO500819,22,2025-06-25,2000
SH719808,SO500819,22,2025-07-14,2000
SH719809,SO500883,17,2025-06-30,2000
SH719810,SO500820,22,2025-07-09,1000
SH719811,SO500821,21,2025-07-15,2500
SH719812,SO500822,20,2025-07-21,2500
SH719813,SO500823,22,2025-07-29,2500
SH719814,SO500824,21,2025-08-04,1000
SH719815,SO500825,19,2025-08-11,1000
SH719816,SO500826,18,2025-08-21,500
SH719817,SO500827,20,2025-08-25,500
SH719818,SO500828,21,2025-09-01,1500
SH719819,SO500829,21,2025-09-11,1500
SH719820,SO500830,13,2025-09-19,2500
SH719821,SO500831,16,2025-09-26,1000
SH719822,SO500832,14,2025-10-03,3000
SH719823,SO500833,12,2025-10-07,2500
SH719824,SO500834,15,2025-10-13,1500
SH719825,SO500835,12,2025-10-21,1500
SH719826,SO500836,12,2025-10-27,1000
SH719827,SO500896,13,2025-11-07,1000
SH719828,SO500838,13,2025-11-19,1500
SH719829,SO500839,13,2025-11-24,1500
SH719830,SO500884,13,2025-12-01,500
SH719831,SO500840,15,2025-12-10,3000
SH719832,SO500841,15,2025-12-15,1000
SH719833,SO500842,14,2025-12-24,2500
SH719834,SO500843,11,2025-12-29,500
SH719835,SO500893,12,2026-01-07,1000
SH719836,SO500844,14,2026-01-14,1500
SH719837,SO500885,14,2026-01-20,500
SH719838,SO500886,11,2026-01-27,2000
SH719839,SO500894,14,2026-02-04,500
SH719840,SO500895,14,2026-02-11,3000
SH719841,SO500887,17,2026-02-19,2000
SH719842,SO500845,14,2026-02-24,1500
SH719843,SO500846,16,2026-03-03,2500
SH719844,SO500888,19,2026-03-10,500
SH719845,SO500847,17,2026-03-16,1500
SH719846,SO500848,17,2026-03-26,1000
SH719847,SO500849,17,2026-04-03,2000
SH719848,SO500850,18,2026-04-10,1000
SH719849,SO500890,17,2026-04-22,2000
SH719850,SO500891,18,2026-04-27,2500
SH719851,SO500851,19,2026-05-04,2500
SH719852,SO500852,19,2026-05-11,2500
SH719853,SO500853,18,2026-05-22,2500
SH719854,SO500856,20,2026-06-11,4000
SH719855,SO500858,19,2026-06-22,1500
SH719856,SO500751,23,2024-04-15,80
SH719857,SO500752,23,2024-04-11,80
SH719858,SO500753,23,2024-04-03,40
SH719859,SO500753,23,2024-04-23,40
SH719860,SO500754,23,2024-03-28,80
SH719861,SO500755,23,2024-03-19,40
SH719862,SO500755,23,2024-04-10,40
SH719863,SO500756,23,2024-03-15,80
SH719864,SO500757,23,2024-03-06,40
SH719865,SO500757,23,2024-03-18,40
SH719866,SO500758,23,2024-02-28,80
SH719867,SO500759,20,2024-02-20,80
SH719868,SO500760,20,2024-02-15,80
SH719869,SO500761,16,2024-02-08,80
SH719870,SO500762,16,2024-02-02,80
SH719871,SO500869,9,2024-01-25,80
SH719872,SO500870,9,2024-01-16,80
SH719873,SO500871,9,2024-01-10,80
SH719874,SO500872,9,2024-01-03,80
SH719875,SO500764,21,2024-05-31,10
SH719876,SO500874,20,2024-05-21,30
SH719877,SO500874,20,2024-06-13,20
SH719878,SO500766,23,2024-05-27,80
SH719879,SO500767,20,2024-06-03,10
SH719880,SO500768,21,2024-06-10,40
SH719881,SO500769,22,2024-06-19,160
SH719882,SO500770,22,2024-06-28,160
SH719883,SO500771,22,2024-07-03,130
SH719884,SO500772,21,2024-07-09,150
SH719885,SO500773,22,2024-07-18,60
SH719886,SO500773,22,2024-08-08,50
SH719887,SO500774,22,2024-07-23,190
SH719888,SO500775,21,2024-07-29,260
SH719889,SO500776,21,2024-08-07,240
SH719890,SO500777,22,2024-08-13,130
SH719891,SO500778,22,2024-08-20,70
SH719892,SO500779,19,2024-08-30,90
SH719893,SO500780,19,2024-09-02,60
SH719894,SO500781,20,2024-10-03,80
SH719895,SO500782,21,2024-09-17,40
SH719896,SO500783,19,2024-09-25,40
SH719897,SO500784,21,2024-10-01,80
SH719898,SO500785,22,2024-10-10,190
SH719899,SO500786,23,2024-10-16,130
SH719900,SO500786,23,2024-10-25,90
SH719901,SO500787,21,2024-10-24,80
SH719902,SO500788,19,2024-10-30,150
SH719903,SO500789,17,2024-11-05,200
SH719904,SO500790,20,2024-11-11,120
SH719905,SO500875,22,2024-11-18,20
SH719906,SO500876,20,2024-11-26,110
SH719907,SO500793,18,2024-12-27,70
SH719908,SO500794,23,2025-01-02,30
SH719909,SO500795,17,2025-01-08,40
SH719910,SO500796,15,2025-01-13,280
SH719911,SO500797,19,2025-01-27,40
SH719912,SO500798,17,2025-02-26,110
SH719913,SO500799,15,2025-02-12,30
SH719914,SO500800,20,2025-02-19,40
SH719915,SO500879,18,2025-03-06,110
SH719916,SO500880,18,2025-03-20,100
SH719917,SO500881,19,2025-03-25,170
SH719918,SO500803,18,2025-04-01,100
SH719919,SO500804,20,2025-04-09,50
SH719920,SO500805,19,2025-04-16,80
SH719921,SO500892,17,2025-04-22,200
SH719922,SO500806,19,2025-05-01,20
SH719923,SO500807,19,2025-05-06,100
SH719924,SO500808,22,2025-05-13,50
SH719925,SO500810,19,2025-05-30,110
SH719926,SO500811,23,2025-06-05,240
SH719927,SO500812,21,2025-06-09,90
SH719928,SO500813,20,2025-06-27,100
SH719929,SO500813,20,2025-07-07,70
SH719930,SO500814,22,2025-06-27,150
SH719931,SO500815,21,2025-07-01,90
SH719932,SO500816,21,2025-07-08,100
SH719933,SO500817,19,2025-07-17,100
SH719934,SO500817,19,2025-08-01,70
SH719935,SO500882,21,2025-07-23,130
SH719936,SO500818,23,2025-07-30,50
SH719937,SO500819,23,2025-08-08,100
SH719938,SO500820,23,2025-08-19,70
SH719939,SO500821,22,2025-08-25,150
SH719940,SO500822,21,2025-09-04,280
SH719941,SO500823,23,2025-09-11,70
SH719942,SO500823,23,2025-10-01,60
SH719943,SO500824,22,2025-09-19,200
SH719944,SO500825,20,2025-09-26,110
SH719945,SO500826,19,2025-10-03,110
SH719946,SO500827,21,2025-10-21,50
SH719947,SO500828,22,2025-10-16,120
SH719948,SO500829,22,2025-10-24,190
SH719949,SO500884,14,2026-01-15,70
SH719950,SO500840,16,2026-01-21,30
SH719951,SO500843,12,2026-02-13,60
SH719952,SO500844,15,2026-02-27,60
SH719953,SO500885,15,2026-03-05,70
SH719954,SO500886,12,2026-03-13,40
SH719955,SO500894,15,2026-03-19,60
SH719956,SO500895,15,2026-03-27,30
SH719957,SO500887,18,2026-04-01,40
SH719958,SO500846,17,2026-04-15,20
SH719959,SO500888,20,2026-04-22,160
SH719960,SO500847,18,2026-04-30,30
SH719961,SO500848,18,2026-05-06,40
SH719962,SO500849,18,2026-05-13,10
SH719963,SO500850,19,2026-05-19,40
SH719964,SO500889,17,2026-06-01,30
SH719965,SO500890,18,2026-06-01,100
SH719966,SO500891,19,2026-06-11,60
SH719967,SO500751,24,2024-02-21,2000
SH719968,SO500752,24,2024-02-14,2000
SH719969,SO500753,24,2024-02-06,2000
SH719970,SO500754,24,2024-01-30,2000
SH719971,SO500755,24,2024-01-25,2000
SH719972,SO500756,24,2024-01-16,1000
SH719973,SO500756,24,2024-02-08,1000
SH719974,SO500757,24,2024-01-12,2000
SH719975,SO500758,24,2024-01-02,2000
SH719976,SO500763,16,2024-02-28,6000
SH719977,SO500873,18,2024-03-06,2000
SH719978,SO500764,22,2024-03-11,1000
SH719979,SO500765,18,2024-03-22,1000
SH719980,SO500874,21,2024-03-25,3000
SH719981,SO500766,24,2024-04-04,3000
SH719982,SO500767,21,2024-04-10,1000
SH719983,SO500768,22,2024-04-19,3000
SH719984,SO500769,23,2024-04-26,1000
SH719985,SO500770,23,2024-04-29,3000
SH719986,SO500771,23,2024-05-07,4000
SH719987,SO500772,22,2024-05-14,5000
SH719988,SO500773,23,2024-05-24,4000
SH719989,SO500774,23,2024-05-29,1000
SH719990,SO500774,23,2024-06-14,1000
SH719991,SO500775,22,2024-06-05,4000
SH719992,SO500776,22,2024-06-10,3000
SH719993,SO500777,23,2024-06-20,7000
SH719994,SO500778,23,2024-06-27,3000
SH719995,SO500779,20,2024-07-03,2000
SH719996,SO500780,20,2024-07-12,1000
SH719997,SO500782,22,2024-07-22,4000
SH719998,SO500783,20,2024-08-05,2000
SH719999,SO500784,22,2024-08-05,3000
SH720000,SO500785,23,2024-08-12,1000
SH720001,SO500786,24,2024-08-22,2000
SH720002,SO500786,24,2024-09-13,2000
SH720003,SO500787,22,2024-08-29,2000
SH720004,SO500788,20,2024-09-04,2000
SH720005,SO500789,18,2024-09-12,5000
SH720006,SO500790,21,2024-09-16,2000
SH720007,SO500875,23,2024-09-26,3000
SH720008,SO500791,20,2024-10-08,2000
SH720009,SO500877,21,2024-10-25,2000
SH720010,SO500793,19,2024-11-01,3000
SH720011,SO500794,24,2024-11-04,1000
SH720012,SO500795,18,2024-11-14,1000
SH720013,SO500795,18,2024-12-02,1000
SH720014,SO500796,16,2024-11-19,2000
SH720015,SO500878,15,2024-11-26,2000
SH720016,SO500798,18,2024-12-12,2000
SH720017,SO500799,16,2024-12-20,2000
SH720018,SO500800,21,2024-12-23,2000
SH720019,SO500801,20,2024-12-31,3000
SH720020,SO500879,19,2025-01-06,2000
SH720021,SO500802,18,2025-01-13,4000
SH720022,SO500880,19,2025-01-21,2000
SH720023,SO500881,20,2025-01-27,6000
SH720024,SO500803,19,2025-02-04,2000
SH720025,SO500804,21,2025-02-10,3000
SH720026,SO500805,20,2025-02-20,2000
SH720027,SO500806,20,2025-03-07,3000
SH720028,SO500807,20,2025-03-25,1000
SH720029,SO500808,23,2025-03-17,2000
SH720030,SO500809,20,2025-03-24,1000
SH720031,SO500810,20,2025-04-03,3000
SH720032,SO500811,24,2025-04-10,1000
SH720033,SO500812,22,2025-05-02,1000
SH720034,SO500813,21,2025-04-25,5000
SH720035,SO500815,22,2025-05-09,1000
SH720036,SO500816,22,2025-05-14,3000
SH720037,SO500817,20,2025-05-20,1000
SH720038,SO500882,22,2025-05-29,2000
SH720039,SO500818,24,2025-06-06,1000
SH720040,SO500818,24,2025-06-26,1000
SH720041,SO500819,24,2025-06-09,6000
SH720042,SO500883,18,2025-06-19,4000
SH720043,SO500820,24,2025-07-18,5000
SH720044,SO500821,23,2025-07-01,1000
SH720045,SO500821,23,2025-07-25,1000
SH720046,SO500822,22,2025-07-08,4000
SH720047,SO500823,24,2025-07-16,3000
SH720048,SO500824,23,2025-08-13,2000
SH720049,SO500825,21,2025-07-30,2000
SH720050,SO500827,22,2025-08-11,3000
SH720051,SO500828,23,2025-08-22,1000
SH720052,SO500829,23,2025-08-29,3000
SH720053,SO500830,14,2025-09-05,2000
SH720054,SO500831,17,2025-09-09,4000
SH720055,SO500832,15,2025-09-15,1000
SH720056,SO500832,15,2025-09-30,2000
SH720057,SO500833,13,2025-09-23,4000
SH720058,SO500834,16,2025-09-30,1000
SH720059,SO500835,13,2025-10-29,3000
SH720060,SO500836,13,2025-10-17,3000
SH720061,SO500896,14,2025-10-21,3000
SH720062,SO500837,12,2025-10-28,1000
SH720063,SO500838,14,2025-11-05,3000
SH720064,SO500839,14,2025-11-13,3000
SH720065,SO500884,15,2025-11-18,5000
SH720066,SO500840,17,2025-11-25,4000
SH720067,SO500842,15,2025-12-09,3000
SH720068,SO500843,13,2025-12-16,5000
SH720069,SO500893,13,2025-12-25,1000
SH720070,SO500844,16,2026-01-02,3000
SH720071,SO500885,16,2026-01-05,2000
SH720072,SO500894,16,2026-01-19,1000
SH720073,SO500895,16,2026-01-28,2000
SH720074,SO500845,15,2026-02-10,1000
SH720075,SO500846,18,2026-02-17,1000
SH720076,SO500888,21,2026-02-23,1000
SH720077,SO500847,19,2026-03-27,1000
SH720078,SO500848,19,2026-03-13,2000
SH720079,SO500849,19,2026-03-18,2000
SH720080,SO500850,20,2026-03-26,5000
SH720081,SO500889,18,2026-04-02,4000
SH720082,SO500890,19,2026-04-06,2000
SH720083,SO500891,20,2026-04-14,5000
SH720084,SO500851,20,2026-04-20,3000
SH720085,SO500852,20,2026-05-18,3000
SH720086,SO500853,19,2026-05-04,3000
SH720087,SO500854,18,2026-05-13,2000
SH720088,SO500855,21,2026-06-01,2000
SH720089,SO500856,22,2026-05-29,3000
SH720090,SO500857,21,2026-06-02,2000
SH720091,SO500859,21,2026-06-15,3000
SH720092,SO500751,25,2024-03-07,1000
SH720093,SO500752,25,2024-02-27,1000
SH720094,SO500753,25,2024-02-23,500
SH720095,SO500753,25,2024-03-11,500
SH720096,SO500754,25,2024-02-14,1000
SH720097,SO500755,25,2024-02-07,500
SH720098,SO500755,25,2024-02-13,500
SH720099,SO500756,25,2024-02-02,1000
SH720100,SO500757,25,2024-02-15,1000
SH720101,SO500758,25,2024-01-19,1000
SH720102,SO500759,21,2024-02-02,1000
SH720103,SO500760,21,2024-01-02,1000
SH720104,SO500763,17,2024-03-13,1000
SH720105,SO500873,19,2024-03-19,500
SH720106,SO500764,23,2024-03-26,1000
SH720107,SO500874,22,2024-04-12,2000
SH720108,SO500766,25,2024-04-16,1000
SH720109,SO500767,22,2024-04-22,1000
SH720110,SO500768,23,2024-05-02,1000
SH720111,SO500769,24,2024-05-15,1500
SH720112,SO500770,24,2024-05-17,1000
SH720113,SO500771,24,2024-05-22,500
SH720114,SO500772,23,2024-05-28,1000
SH720115,SO500773,24,2024-06-04,1000
SH720116,SO500774,24,2024-06-14,1000
SH720117,SO500775,23,2024-06-19,500
SH720118,SO500776,23,2024-06-26,1000
SH720119,SO500777,24,2024-07-02,2500
SH720120,SO500778,24,2024-07-09,1000
SH720121,SO500779,21,2024-07-15,1000
SH720122,SO500780,21,2024-07-22,1000
SH720123,SO500781,21,2024-08-01,500
SH720124,SO500782,23,2024-08-09,1500
SH720125,SO500783,21,2024-08-15,1500
SH720126,SO500784,23,2024-08-22,1500
SH720127,SO500785,24,2024-08-26,500
SH720128,SO500786,25,2024-09-02,500
SH720129,SO500787,23,2024-09-10,1000
SH720130,SO500788,21,2024-09-17,1500
SH720131,SO500789,19,2024-09-23,500
SH720132,SO500790,22,2024-10-03,2000
SH720133,SO500875,24,2024-10-10,1500
SH720134,SO500876,21,2024-10-14,1500
SH720135,SO500791,21,2024-10-22,1000
SH720136,SO500792,20,2024-10-29,1000
SH720137,SO500877,22,2024-11-08,1000
SH720138,SO500793,20,2024-11-13,500
SH720139,SO500793,20,2024-12-05,500
SH720140,SO500794,25,2024-12-10,1000
SH720141,SO500878,16,2024-12-12,500
SH720142,SO500797,20,2024-12-18,1000
SH720143,SO500798,19,2024-12-27,1000
SH720144,SO500799,17,2024-12-31,1000
SH720145,SO500800,22,2025-01-10,1000
SH720146,SO500801,21,2025-01-16,2000
SH720147,SO500879,20,2025-01-21,1500
SH720148,SO500802,19,2025-01-31,3000
SH720149,SO500803,20,2025-02-17,1000
SH720150,SO500804,22,2025-02-27,1000
SH720151,SO500805,21,2025-03-03,1000
SH720152,SO500808,24,2025-04-01,1500
SH720153,SO500809,21,2025-04-07,1000
SH720154,SO500811,25,2025-04-21,2000
SH720155,SO500812,23,2025-04-30,1500
SH720156,SO500813,22,2025-05-06,1500
SH720157,SO500814,23,2025-05-13,500
SH720158,SO500815,23,2025-05-21,1500
SH720159,SO500816,23,2025-05-26,1500
SH720160,SO500817,21,2025-06-05,1000
SH720161,SO500882,23,2025-06-12,1500
SH720162,SO500818,25,2025-06-18,500
SH720163,SO500819,25,2025-06-24,1500
SH720164,SO500883,19,2025-07-02,1500
SH720165,SO500820,25,2025-07-08,1000
SH720166,SO500821,24,2025-07-16,1000
SH720167,SO500822,23,2025-07-23,2000
SH720168,SO500823,25,2025-07-28,2000
SH720169,SO500824,24,2025-08-06,1000
SH720170,SO500825,22,2025-08-11,1500
SH720171,SO500826,20,2025-08-22,2000
SH720172,SO500827,23,2025-08-27,1500
SH720173,SO500828,24,2025-09-03,1000
SH720174,SO500829,24,2025-09-10,1000
SH720175,SO500830,15,2025-09-17,500
SH720176,SO500832,16,2025-10-03,1500
SH720177,SO500833,14,2025-10-06,1500
SH720178,SO500836,14,2025-11-05,2000
SH720179,SO500896,15,2025-11-06,500
SH720180,SO500837,13,2025-11-11,500
SH720181,SO500838,15,2025-11-17,1000
SH720182,SO500839,15,2025-11-25,500
SH720183,SO500840,18,2025-12-08,500
SH720184,SO500841,16,2025-12-18,500
SH720185,SO500843,14,2025-12-31,500
SH720186,SO500893,14,2026-01-06,500
SH720187,SO500885,17,2026-01-21,1000
SH720188,SO500886,13,2026-01-29,500
SH720189,SO500894,17,2026-02-06,500
SH720190,SO500895,17,2026-02-11,1000
SH720191,SO500887,19,2026-02-20,1000
SH720192,SO500845,16,2026-02-26,500
SH720193,SO500845,16,2026-03-05,1000
SH720194,SO500846,19,2026-03-02,2000
SH720195,SO500888,22,2026-03-12,1000
SH720196,SO500848,20,2026-03-26,2000
SH720197,SO500849,20,2026-04-23,500
SH720198,SO500850,21,2026-04-09,1500
SH720199,SO500889,19,2026-04-16,500
SH720200,SO500890,20,2026-04-24,500
SH720201,SO500890,20,2026-04-29,500
SH720202,SO500891,21,2026-04-28,500
SH720203,SO500851,21,2026-05-07,1000
SH720204,SO500852,21,2026-05-14,500
SH720205,SO500852,21,2026-05-18,500
SH720206,SO500853,20,2026-05-20,500
SH720207,SO500854,19,2026-05-29,1000
SH720208,SO500855,22,2026-06-01,1000
SH720209,SO500856,23,2026-06-10,1500
SH720210,SO500856,23,2026-06-25,1500
SH720211,SO500857,22,2026-06-16,1000
SH720212,SO500858,21,2026-06-22,2500
SH720213,SO500751,26,2024-03-18,500
SH720214,SO500752,26,2024-03-15,500
SH720215,SO500753,26,2024-03-04,500
SH720216,SO500754,26,2024-02-26,500
SH720217,SO500755,26,2024-02-20,500
SH720218,SO500756,26,2024-02-12,500
SH720219,SO500757,26,2024-02-08,500
SH720220,SO500758,26,2024-02-02,500
SH720221,SO500759,22,2024-01-22,500
SH720222,SO500760,22,2024-01-15,500
SH720223,SO500761,17,2024-01-08,500
SH720224,SO500762,17,2024-01-01,500
SH720225,SO500763,18,2024-03-25,750
SH720226,SO500873,20,2024-04-05,750
SH720227,SO500764,24,2024-04-08,250
SH720228,SO500874,23,2024-04-25,250
SH720229,SO500766,26,2024-05-01,500
SH720230,SO500767,23,2024-05-08,500
SH720231,SO500768,24,2024-05-16,750
SH720232,SO500769,25,2024-05-22,500
SH720233,SO500770,25,2024-05-29,500
SH720234,SO500771,25,2024-06-05,1000
SH720235,SO500772,24,2024-06-11,1000
SH720236,SO500773,25,2024-06-19,750
SH720237,SO500774,25,2024-06-26,1750
SH720238,SO500775,24,2024-07-15,500
SH720239,SO500776,24,2024-07-08,750
SH720240,SO500777,25,2024-07-19,1250
SH720241,SO500778,25,2024-07-25,1000
SH720242,SO500779,22,2024-08-02,500
SH720243,SO500780,22,2024-08-06,250
SH720244,SO500781,22,2024-08-13,250
SH720245,SO500782,24,2024-08-19,250
SH720246,SO500783,22,2024-08-28,500
SH720247,SO500784,24,2024-09-06,250
SH720248,SO500785,25,2024-09-12,500
SH720249,SO500787,24,2024-09-24,1250
SH720250,SO500788,22,2024-10-02,750
SH720251,SO500789,20,2024-10-10,750
SH720252,SO500790,23,2024-10-16,500
SH720253,SO500875,25,2024-10-25,500
SH720254,SO500876,22,2024-10-28,1000
SH720255,SO500792,21,2024-11-11,250
SH720256,SO500877,23,2024-11-18,500
SH720257,SO500793,21,2024-11-25,1000
SH720258,SO500794,26,2024-12-05,500
SH720259,SO500795,19,2024-12-13,750
SH720260,SO500796,17,2024-12-18,750
SH720261,SO500878,17,2024-12-26,1000
SH720262,SO500797,21,2024-12-30,1000
SH720263,SO500798,20,2025-01-06,250
SH720264,SO500799,18,2025-01-15,250
SH720265,SO500801,22,2025-01-28,500
SH720266,SO500879,21,2025-02-14,750
SH720267,SO500802,20,2025-02-14,250
SH720268,SO500881,21,2025-02-28,500
SH720269,SO500803,21,2025-03-07,1000
SH720270,SO500804,23,2025-03-10,1250
SH720271,SO500805,22,2025-03-21,750
SH720272,SO500892,18,2025-03-24,250
SH720273,SO500806,21,2025-04-02,250
SH720274,SO500807,21,2025-04-11,1250
SH720275,SO500808,25,2025-04-18,750
SH720276,SO500809,22,2025-04-25,500
SH720277,SO500810,21,2025-04-28,250
SH720278,SO500811,26,2025-05-23,500
SH720279,SO500812,24,2025-05-15,250
SH720280,SO500812,24,2025-06-04,250
SH720281,SO500813,23,2025-05-22,1250
SH720282,SO500814,24,2025-05-26,1250
SH720283,SO500816,24,2025-06-09,1500
SH720284,SO500817,22,2025-06-16,750
SH720285,SO500882,24,2025-06-23,750
SH720286,SO500818,26,2025-07-04,250
SH720287,SO500818,26,2025-07-22,500
SH720288,SO500819,26,2025-07-08,1250
SH720289,SO500883,20,2025-07-14,250
SH720290,SO500820,26,2025-07-23,1000
SH720291,SO500821,25,2025-08-01,1250
SH720292,SO500822,24,2025-08-25,250
SH720293,SO500822,24,2025-09-17,250
SH720294,SO500823,26,2025-08-12,500
SH720295,SO500824,25,2025-08-20,1000
SH720296,SO500826,21,2025-09-03,500
SH720297,SO500827,24,2025-09-09,750
SH720298,SO500828,25,2025-09-19,750
SH720299,SO500829,25,2025-09-25,750
SH720300,SO500831,18,2025-10-07,1000
SH720301,SO500832,17,2025-10-13,500
SH720302,SO500833,15,2025-10-21,1000
SH720303,SO500834,17,2025-10-31,1250
SH720304,SO500835,14,2025-11-05,250
SH720305,SO500835,14,2025-11-28,250
SH720306,SO500836,15,2025-11-12,250
SH720307,SO500896,16,2025-11-21,750
SH720308,SO500837,14,2025-11-28,750
SH720309,SO500839,16,2025-12-12,1250
SH720310,SO500884,16,2025-12-18,500
SH720311,SO500840,19,2025-12-25,500
SH720312,SO500841,17,2025-12-30,250
SH720313,SO500842,16,2026-01-09,250
SH720314,SO500843,15,2026-01-15,250
SH720315,SO500893,15,2026-01-21,500
SH720316,SO500844,17,2026-01-29,1250
SH720317,SO500886,14,2026-02-12,750
SH720318,SO500895,18,2026-02-24,500
SH720319,SO500887,20,2026-03-02,750
SH720320,SO500845,17,2026-03-11,250
SH720321,SO500846,20,2026-03-18,1250
SH720322,SO500888,23,2026-03-25,250
SH720323,SO500847,20,2026-04-02,250
SH720324,SO500848,21,2026-04-10,250
SH720325,SO500849,21,2026-04-14,500
SH720326,SO500850,22,2026-04-23,1000
SH720327,SO500889,20,2026-04-30,250
SH720328,SO500889,20,2026-05-07,250
SH720329,SO500890,21,2026-05-05,1000
SH720330,SO500891,22,2026-05-11,250
SH720331,SO500851,22,2026-05-18,1000
SH720332,SO500852,22,2026-05-25,1000
SH720333,SO500853,21,2026-06-03,1500
SH720334,SO500854,20,2026-06-08,2000
SH720335,SO500855,23,2026-06-16,500
SH720336,SO500856,24,2026-06-25,1250
SH720337,SO500751,27,2024-03-18,200
SH720338,SO500752,27,2024-03-15,100
SH720339,SO500752,27,2024-03-28,100
SH720340,SO500753,27,2024-03-05,200
SH720341,SO500754,27,2024-02-29,200
SH720342,SO500755,27,2024-02-19,200
SH720343,SO500756,27,2024-02-13,200
SH720344,SO500757,27,2024-02-05,100
SH720345,SO500757,27,2024-02-26,100
SH720346,SO500758,27,2024-02-02,200
SH720347,SO500759,23,2024-01-25,200
SH720348,SO500760,23,2024-01-18,200
SH720349,SO500761,18,2024-01-11,100
SH720350,SO500761,18,2024-01-24,100
SH720351,SO500762,18,2024-01-05,200
SH720352,SO500873,21,2024-04-05,150
SH720353,SO500764,25,2024-04-10,50
SH720354,SO500765,19,2024-04-16,50
SH720355,SO500765,19,2024-05-09,50
SH720356,SO500874,24,2024-04-22,300
SH720357,SO500766,27,2024-05-03,250
SH720358,SO500767,24,2024-05-06,150
SH720359,SO500768,25,2024-05-13,500
SH720360,SO500769,26,2024-05-20,200
SH720361,SO500770,26,2024-05-30,200
SH720362,SO500771,26,2024-06-05,300
SH720363,SO500772,25,2024-06-12,200
SH720364,SO500773,26,2024-06-19,200
SH720365,SO500774,26,2024-06-28,100
SH720366,SO500775,25,2024-07-05,300
SH720367,SO500776,25,2024-07-12,100
SH720368,SO500777,26,2024-07-17,50
SH720369,SO500778,26,2024-07-26,100
SH720370,SO500779,23,2024-08-01,200
SH720371,SO500780,23,2024-08-06,500
SH720372,SO500781,23,2024-08-14,400
SH720373,SO500783,23,2024-08-30,150
SH720374,SO500784,25,2024-09-05,150
SH720375,SO500785,26,2024-09-13,250
SH720376,SO500786,26,2024-09-18,300
SH720377,SO500787,25,2024-09-24,150
SH720378,SO500790,24,2024-10-15,350
SH720379,SO500875,26,2024-10-23,100
SH720380,SO500876,23,2024-11-01,150
SH720381,SO500791,22,2024-11-05,350
SH720382,SO500792,22,2024-11-14,200
SH720383,SO500877,24,2024-11-27,300
SH720384,SO500793,22,2024-11-26,250
SH720385,SO500794,27,2024-12-23,300
SH720386,SO500795,20,2024-12-10,200
SH720387,SO500796,18,2024-12-17,300
SH720388,SO500878,18,2024-12-26,150
SH720389,SO500797,22,2025-01-02,250
SH720390,SO500798,21,2025-01-07,150
SH720391,SO500800,23,2025-01-21,100
SH720392,SO500879,22,2025-02-06,100
SH720393,SO500803,22,2025-03-05,100
SH720394,SO500804,24,2025-03-10,300
SH720395,SO500805,23,2025-04-04,100
SH720396,SO500892,19,2025-03-24,200
SH720397,SO500806,22,2025-03-31,350
SH720398,SO500807,22,2025-04-11,150
SH720399,SO500808,26,2025-04-14,200
SH720400,SO500809,23,2025-04-24,200
SH720401,SO500810,22,2025-04-29,300
SH720402,SO500811,27,2025-05-26,300
SH720403,SO500812,25,2025-05-15,200
SH720404,SO500813,24,2025-05-21,250
SH720405,SO500814,25,2025-05-26,100
SH720406,SO500815,24,2025-06-20,500
SH720407,SO500816,25,2025-06-09,350
SH720408,SO500817,23,2025-06-18,100
SH720409,SO500882,25,2025-06-24,50
SH720410,SO500818,27,2025-07-03,150
SH720411,SO500819,27,2025-07-11,100
SH720412,SO500883,21,2025-07-14,200
SH720413,SO500820,27,2025-07-21,150
SH720414,SO500821,26,2025-07-28,150
SH720415,SO500822,25,2025-08-04,50
SH720416,SO500823,27,2025-08-11,150
SH720417,SO500823,27,2025-09-02,150
SH720418,SO500824,26,2025-08-21,400
SH720419,SO500825,23,2025-08-28,200
SH720420,SO500826,22,2025-09-04,300
SH720421,SO500827,25,2025-09-10,100
SH720422,SO500828,26,2025-09-19,200
SH720423,SO500829,26,2025-09-25,50
SH720424,SO500830,16,2025-10-02,250
SH720425,SO500831,19,2025-10-07,500
SH720426,SO500832,18,2025-10-17,150
SH720427,SO500833,16,2025-10-24,200
SH720428,SO500834,18,2025-10-28,100
SH720429,SO500835,15,2025-11-03,200
SH720430,SO500836,16,2025-11-24,150
SH720431,SO500896,17,2025-11-17,250
SH720432,SO500837,15,2025-11-25,200
SH720433,SO500884,17,2025-12-19,150
SH720434,SO500840,20,2025-12-23,250
SH720435,SO500841,18,2025-12-29,300
SH720436,SO500842,17,2026-01-06,100
SH720437,SO500885,18,2026-02-02,100
SH720438,SO500887,21,2026-03-06,550
SH720439,SO500845,18,2026-03-18,450
SH720440,SO500846,21,2026-03-19,200
SH720441,SO500888,24,2026-03-24,450
SH720442,SO500847,21,2026-04-01,150
SH720443,SO500848,22,2026-04-10,150
SH720444,SO500849,22,2026-04-16,300
SH720445,SO500850,23,2026-04-21,100
SH720446,SO500851,23,2026-05-21,50
SH720447,SO500852,23,2026-05-27,100
SH720448,SO500853,22,2026-06-02,300
SH720449,SO500854,21,2026-06-09,50
SH720450,SO500855,24,2026-06-19,200
SH720451,SO500856,25,2026-06-25,400
SH720452,SO500751,28,2024-03-05,1000
SH720453,SO500752,28,2024-02-27,1000
SH720454,SO500753,28,2024-02-22,1000
SH720455,SO500754,28,2024-02-12,1000
SH720456,SO500755,28,2024-02-09,1000
SH720457,SO500756,28,2024-02-14,500
SH720458,SO500756,28,2024-02-27,500
SH720459,SO500757,28,2024-02-13,1000
SH720460,SO500758,28,2024-01-15,1000
SH720461,SO500759,24,2024-01-08,1000
SH720462,SO500760,24,2024-01-02,1000
SH720463,SO500763,19,2024-03-14,3000
SH720464,SO500873,22,2024-03-18,500
SH720465,SO500764,26,2024-03-26,1500
SH720466,SO500874,25,2024-04-10,1500
SH720467,SO500766,28,2024-04-16,2000
SH720468,SO500767,25,2024-04-26,1000
SH720469,SO500768,26,2024-05-02,1500
SH720470,SO500769,27,2024-05-07,500
SH720471,SO500770,27,2024-05-13,1500
SH720472,SO500770,27,2024-06-04,1500
SH720473,SO500772,26,2024-05-31,2500
SH720474,SO500773,27,2024-06-07,3000
SH720475,SO500774,27,2024-06-11,500
SH720476,SO500775,26,2024-06-20,500
SH720477,SO500775,26,2024-07-08,500
SH720478,SO500776,26,2024-06-25,1000
SH720479,SO500777,27,2024-07-04,1500
SH720480,SO500777,27,2024-07-18,1500
SH720481,SO500779,24,2024-07-17,2000
SH720482,SO500780,24,2024-07-23,1000
SH720483,SO500781,24,2024-07-30,1500
SH720484,SO500782,25,2024-08-06,1000
SH720485,SO500783,24,2024-08-16,2000
SH720486,SO500784,26,2024-08-23,1500
SH720487,SO500785,27,2024-08-27,1500
SH720488,SO500786,27,2024-09-02,3000
SH720489,SO500787,26,2024-09-11,1000
SH720490,SO500788,23,2024-09-16,3500
SH720491,SO500789,21,2024-09-27,1500
SH720492,SO500790,25,2024-09-30,1000
SH720493,SO500875,27,2024-10-07,500
SH720494,SO500876,24,2024-10-18,1500
SH720495,SO500791,23,2024-10-25,500
SH720496,SO500792,23,2024-11-14,500
SH720497,SO500877,25,2024-11-04,2500
SH720498,SO500795,21,2024-11-28,1000
SH720499,SO500796,19,2024-12-02,500
SH720500,SO500878,19,2024-12-11,1000
SH720501,SO500800,24,2025-01-14,500
SH720502,SO500801,23,2025-01-16,1500
SH720503,SO500879,23,2025-01-22,1500
SH720504,SO500802,21,2025-01-31,1000
SH720505,SO500880,20,2025-02-07,500
SH720506,SO500880,20,2025-02-25,1000
SH720507,SO500881,22,2025-02-12,1500
SH720508,SO500803,23,2025-02-17,1000
SH720509,SO500804,25,2025-02-24,1000
SH720510,SO500805,24,2025-03-05,2000
SH720511,SO500892,20,2025-03-13,500
SH720512,SO500806,23,2025-03-17,1000
SH720513,SO500807,23,2025-03-26,1500
SH720514,SO500808,27,2025-04-01,500
SH720515,SO500809,24,2025-04-08,1500
SH720516,SO500810,23,2025-04-17,2000
SH720517,SO500811,28,2025-04-22,500
SH720518,SO500811,28,2025-05-01,1000
SH720519,SO500813,25,2025-05-07,1500
SH720520,SO500815,25,2025-05-22,2000
SH720521,SO500816,26,2025-05-30,1500
SH720522,SO500817,24,2025-06-04,1500
SH720523,SO500882,26,2025-06-10,1500
SH720524,SO500818,28,2025-06-17,1500
SH720525,SO500819,28,2025-06-26,3000
SH720526,SO500883,22,2025-07-04,1000
SH720527,SO500820,28,2025-07-11,2000
SH720528,SO500821,27,2025-07-15,1000
SH720529,SO500822,26,2025-07-22,2000
SH720530,SO500823,28,2025-07-29,1500
SH720531,SO500824,27,2025-08-07,500
SH720532,SO500825,24,2025-08-11,500
SH720533,SO500827,26,2025-08-29,1500
SH720534,SO500828,27,2025-09-02,2000
SH720535,SO500829,27,2025-09-11,500
SH720536,SO500830,17,2025-09-15,1000
SH720537,SO500831,20,2025-09-26,1500
SH720538,SO500831,20,2025-10-08,1000
SH720539,SO500832,19,2025-09-30,2500
SH720540,SO500833,17,2025-10-06,2000
SH720541,SO500834,19,2025-10-15,1000
SH720542,SO500835,16,2025-10-22,2500
SH720543,SO500836,17,2025-10-31,2000
SH720544,SO500896,18,2025-11-05,1000
SH720545,SO500884,18,2025-12-05,500
SH720546,SO500840,21,2025-12-09,2000
SH720547,SO500841,19,2025-12-18,500
SH720548,SO500843,16,2025-12-31,2500
SH720549,SO500893,16,2026-01-09,1500
SH720550,SO500844,18,2026-01-15,2000
SH720551,SO500885,19,2026-01-21,500
SH720552,SO500886,15,2026-01-27,2000
SH720553,SO500895,19,2026-02-09,500
SH720554,SO500846,22,2026-03-05,500
SH720555,SO500888,25,2026-03-27,1000
SH720556,SO500847,22,2026-03-17,1000
SH720557,SO500849,23,2026-03-30,1000
SH720558,SO500850,24,2026-04-08,1000
SH720559,SO500889,21,2026-04-13,1500
SH720560,SO500890,22,2026-04-21,3500
SH720561,SO500891,23,2026-04-29,1500
SH720562,SO500851,24,2026-05-04,1500
SH720563,SO500852,24,2026-05-14,1500
SH720564,SO500853,23,2026-05-22,2000
SH720565,SO500854,22,2026-05-27,1500
SH720566,SO500855,25,2026-06-04,500
SH720567,SO500856,26,2026-06-12,1000
SH720568,SO500857,25,2026-06-18,1000
SH720569,SO500858,24,2026-06-26,1500
SH720570,SO500751,29,2024-03-21,500
SH720571,SO500752,29,2024-03-13,500
SH720572,SO500753,29,2024-03-04,500
SH720573,SO500754,29,2024-02-27,500
SH720574,SO500755,29,2024-02-20,500
SH720575,SO500756,29,2024-02-12,500
SH720576,SO500757,29,2024-02-08,500
SH720577,SO500758,29,2024-01-30,500
SH720578,SO500759,25,2024-01-22,250
SH720579,SO500759,25,2024-02-01,250
SH720580,SO500760,25,2024-01-18,500
SH720581,SO500761,19,2024-01-08,500
SH720582,SO500762,19,2024-01-01,500
SH720583,SO500763,20,2024-03-26,500
SH720584,SO500873,23,2024-04-05,250
SH720585,SO500873,23,2024-04-22,250
SH720586,SO500764,27,2024-04-11,250
SH720587,SO500765,20,2024-04-16,250
SH720588,SO500874,26,2024-04-26,250
SH720589,SO500766,29,2024-05-01,250
SH720590,SO500767,26,2024-05-10,250
SH720591,SO500768,27,2024-05-15,500
SH720592,SO500769,28,2024-05-22,500
SH720593,SO500770,28,2024-05-28,500
SH720594,SO500771,27,2024-06-04,250
SH720595,SO500772,27,2024-06-11,750
SH720596,SO500772,27,2024-06-24,500
SH720597,SO500773,28,2024-06-18,750
SH720598,SO500774,28,2024-06-26,500
SH720599,SO500775,27,2024-07-04,750
SH720600,SO500776,27,2024-07-10,500
SH720601,SO500777,28,2024-07-16,1000
SH720602,SO500778,27,2024-07-22,500
SH720603,SO500779,25,2024-08-01,750
SH720604,SO500780,25,2024-08-06,250
SH720605,SO500781,25,2024-08-13,750
SH720606,SO500782,26,2024-08-19,500
SH720607,SO500783,25,2024-08-29,500
SH720608,SO500784,27,2024-09-04,1000
SH720609,SO500785,28,2024-09-13,750
SH720610,SO500786,28,2024-09-18,250
SH720611,SO500787,27,2024-09-23,750
SH720612,SO500788,24,2024-10-04,750
SH720613,SO500789,22,2024-10-11,1000
SH720614,SO500790,26,2024-10-15,1000
SH720615,SO500875,28,2024-10-24,250
SH720616,SO500876,25,2024-10-29,500
SH720617,SO500791,24,2024-11-06,250
SH720618,SO500792,24,2024-11-12,500
SH720619,SO500877,26,2024-11-20,500
SH720620,SO500797,23,2024-12-30,500
SH720621,SO500798,22,2025-01-09,750
SH720622,SO500799,19,2025-01-17,250
SH720623,SO500800,25,2025-01-21,500
SH720624,SO500879,24,2025-02-06,1000
SH720625,SO500802,22,2025-02-14,250
SH720626,SO500880,21,2025-02-21,1000
SH720627,SO500881,23,2025-02-26,250
SH720628,SO500804,26,2025-03-13,750
SH720629,SO500805,25,2025-03-17,500
SH720630,SO500892,21,2025-03-28,2250
SH720631,SO500806,24,2025-04-03,250
SH720632,SO500807,24,2025-04-10,250
SH720633,SO500808,28,2025-04-15,500
SH720634,SO500810,24,2025-04-30,750
SH720635,SO500810,24,2025-05-15,500
SH720636,SO500811,29,2025-05-08,1250
SH720637,SO500812,26,2025-05-16,500
SH720638,SO500814,26,2025-05-29,750
SH720639,SO500815,26,2025-06-02,1000
SH720640,SO500816,27,2025-06-10,500
SH720641,SO500817,25,2025-06-19,1000
SH720642,SO500882,27,2025-06-25,500
SH720643,SO500818,29,2025-07-01,1250
SH720644,SO500819,29,2025-07-09,750
SH720645,SO500883,23,2025-07-17,750
SH720646,SO500820,29,2025-07-21,750
SH720647,SO500821,28,2025-07-28,750
SH720648,SO500822,27,2025-08-05,1000
SH720649,SO500823,29,2025-08-14,500
SH720650,SO500824,28,2025-08-21,250
SH720651,SO500825,25,2025-08-29,500
SH720652,SO500826,23,2025-09-02,500
SH720653,SO500827,27,2025-09-10,750
SH720654,SO500828,28,2025-09-15,750
SH720655,SO500829,28,2025-09-22,750
SH720656,SO500830,18,2025-10-02,250
SH720657,SO500830,18,2025-10-09,500
SH720658,SO500831,21,2025-10-08,1250
SH720659,SO500832,20,2025-10-13,1250
SH720660,SO500833,18,2025-10-20,250
SH720661,SO500834,20,2025-10-27,1250
SH720662,SO500835,17,2025-11-04,250
SH720663,SO500836,18,2025-11-11,750
SH720664,SO500896,19,2025-11-19,1000
SH720665,SO500837,16,2025-11-25,500
SH720666,SO500838,16,2025-12-23,500
SH720667,SO500839,17,2025-12-09,250
SH720668,SO500884,19,2025-12-16,500
SH720669,SO500840,22,2025-12-23,250
SH720670,SO500841,20,2026-01-02,500
SH720671,SO500842,18,2026-01-06,250
SH720672,SO500842,18,2026-01-23,250
SH720673,SO500893,17,2026-01-20,500
SH720674,SO500844,19,2026-01-27,500
SH720675,SO500885,20,2026-02-05,500
SH720676,SO500886,16,2026-02-11,1000
SH720677,SO500894,18,2026-02-16,250
SH720678,SO500894,18,2026-02-27,250
SH720679,SO500895,20,2026-02-24,1000
SH720680,SO500887,22,2026-03-02,250
SH720681,SO500887,22,2026-03-11,250
SH720682,SO500846,23,2026-03-18,500
SH720683,SO500888,26,2026-03-24,250
SH720684,SO500847,23,2026-03-31,1000
SH720685,SO500889,22,2026-04-27,250
SH720686,SO500890,23,2026-05-08,500
SH720687,SO500891,24,2026-05-11,750
SH720688,SO500851,25,2026-05-18,1500
SH720689,SO500852,25,2026-05-29,250
SH720690,SO500853,24,2026-06-03,1750
SH720691,SO500854,23,2026-06-09,1250
SH720692,SO500855,26,2026-06-25,1500
